max_hold,fast_share,share_willing,provider,plz,schedule_size,cost,schedule_days
1,0.0,1.0,Amazon,30159,6,11687.758591886499,Mo-Di-Mi-Do-Fr-Sa
1,0.0,1.0,Amazon,30161,6,6198.076199381901,Mo-Di-Mi-Do-Fr-Sa
1,0.0,1.0,Amazon,30163,6,5887.274416922319,Mo-Di-Mi-Do-Fr-Sa
1,0.0,1.0,Amazon,30165,6,4696.3632925800775,Mo-Di-Mi-Do-Fr-Sa
1,0.0,1.0,Amazon,30167,6,7124.980941103149,Mo-Di-Mi-Do-Fr-Sa
1,0.0,1.0,Amazon,30173,6,5184.403263125373,Mo-Di-Mi-Do-Fr-Sa
1,0.0,1.0,Amazon,30177,6,4295.3755099319715,Mo-Di-Mi-Do-Fr-Sa
1,0.0,1.0,Amazon,30179,6,4357.442561887894,Mo-Di-Mi-Do-Fr-Sa
1,0.0,1.0,Amazon,30419,6,8685.332684443236,Mo-Di-Mi-Do-Fr-Sa
1,0.0,1.0,Amazon,30449,6,6930.958642387422,Mo-Di-Mi-Do-Fr-Sa
1,0.0,1.0,Amazon,30453,6,4953.369950665476,Mo-Di-Mi-Do-Fr-Sa
1,0.0,1.0,Amazon,30455,6,4733.969914501729,Mo-Di-Mi-Do-Fr-Sa
1,0.0,1.0,Amazon,30457,6,4861.272760888753,Mo-Di-Mi-Do-Fr-Sa
1,0.0,1.0,Amazon,30459,6,4721.113690320388,Mo-Di-Mi-Do-Fr-Sa
1,0.0,1.0,Amazon,30519,6,7989.408733574742,Mo-Di-Mi-Do-Fr-Sa
1,0.0,1.0,Amazon,30539,6,5232.56483537078,Mo-Di-Mi-Do-Fr-Sa
1,0.0,1.0,Amazon,30559,6,7936.80103693811,Mo-Di-Mi-Do-Fr-Sa
1,0.0,1.0,Amazon,30625,6,4833.5787808117675,Mo-Di-Mi-Do-Fr-Sa
1,0.0,1.0,Amazon,30627,6,3579.2895236259706,Mo-Di-Mi-Do-Fr-Sa
1,0.0,1.0,Amazon,30629,6,4483.669440977608,Mo-Di-Mi-Do-Fr-Sa
1,0.0,1.0,Amazon,30655,6,5134.034576870573,Mo-Di-Mi-Do-Fr-Sa
1,0.0,1.0,Amazon,30657,6,5211.641795669652,Mo-Di-Mi-Do-Fr-Sa
1,0.0,1.0,Amazon,30659,6,4808.930135185106,Mo-Di-Mi-Do-Fr-Sa
1,0.0,1.0,Amazon,30823,6,5492.8333908221575,Mo-Di-Mi-Do-Fr-Sa
1,0.0,1.0,Amazon,30826,6,5309.400426435489,Mo-Di-Mi-Do-Fr-Sa
1,0.0,1.0,Amazon,30827,6,4406.282253025094,Mo-Di-Mi-Do-Fr-Sa
1,0.0,1.0,Amazon,30851,6,4461.2266132019995,Mo-Di-Mi-Do-Fr-Sa
1,0.0,1.0,Amazon,30853,6,4295.473522234693,Mo-Di-Mi-Do-Fr-Sa
1,0.0,1.0,Amazon,30855,6,16425.713131956443,Mo-Di-Mi-Do-Fr-Sa
1,0.0,1.0,Amazon,30880,6,10836.49486333059,Mo-Di-Mi-Do-Fr-Sa
1,0.0,1.0,Amazon,30890,6,9949.99293278101,Mo-Di-Mi-Do-Fr-Sa
1,0.0,1.0,Amazon,30900,6,11733.296749095527,Mo-Di-Mi-Do-Fr-Sa
1,0.0,1.0,Amazon,30916,6,9943.63733060065,Mo-Di-Mi-Do-Fr-Sa
1,0.0,1.0,Amazon,30926,6,8780.42111083368,Mo-Di-Mi-Do-Fr-Sa
1,0.0,1.0,Amazon,30938,6,8932.3523870359,Mo-Di-Mi-Do-Fr-Sa
1,0.0,1.0,Amazon,30952,6,6792.522249966714,Mo-Di-Mi-Do-Fr-Sa
1,0.0,1.0,Amazon,30966,6,6753.487289755222,Mo-Di-Mi-Do-Fr-Sa
1,0.0,1.0,Amazon,30974,6,5185.498167842292,Mo-Di-Mi-Do-Fr-Sa
1,0.0,1.0,Amazon,30982,6,5545.048582884666,Mo-Di-Mi-Do-Fr-Sa
1,0.0,1.0,Amazon,30989,6,5239.8327189564525,Mo-Di-Mi-Do-Fr-Sa
1,0.0,1.0,Amazon,31275,6,14011.694458512184,Mo-Di-Mi-Do-Fr-Sa
1,0.0,1.0,Amazon,31303,6,10292.592352807045,Mo-Di-Mi-Do-Fr-Sa
1,0.0,1.0,Amazon,31311,6,8647.386430120578,Mo-Di-Mi-Do-Fr-Sa
1,0.0,1.0,Amazon,31319,6,9006.598190484336,Mo-Di-Mi-Do-Fr-Sa
1,0.0,1.0,Amazon,31515,6,12109.355310297444,Mo-Di-Mi-Do-Fr-Sa
1,0.0,1.0,Amazon,31535,6,14649.713985934406,Mo-Di-Mi-Do-Fr-Sa
1,0.0,1.0,Amazon,31832,6,10630.27600706838,Mo-Di-Mi-Do-Fr-Sa
1,0.0,1.0,DHL,30159,6,21425.132453693925,Mo-Di-Mi-Do-Fr-Sa
1,0.0,1.0,DHL,30161,6,10896.842490106472,Mo-Di-Mi-Do-Fr-Sa
1,0.0,1.0,DHL,30163,6,9949.803363797471,Mo-Di-Mi-Do-Fr-Sa
1,0.0,1.0,DHL,30165,6,8802.876567972335,Mo-Di-Mi-Do-Fr-Sa
1,0.0,1.0,DHL,30167,6,13153.912834635783,Mo-Di-Mi-Do-Fr-Sa
1,0.0,1.0,DHL,30169,6,5443.510365830029,Mo-Di-Mi-Do-Fr-Sa
1,0.0,1.0,DHL,30173,6,9027.275959686367,Mo-Di-Mi-Do-Fr-Sa
1,0.0,1.0,DHL,30177,6,6801.611388745387,Mo-Di-Mi-Do-Fr-Sa
1,0.0,1.0,DHL,30179,6,7025.737693154014,Mo-Di-Mi-Do-Fr-Sa
1,0.0,1.0,DHL,30419,6,15488.762582133773,Mo-Di-Mi-Do-Fr-Sa
1,0.0,1.0,DHL,30449,6,7469.2241491514915,Mo-Di-Mi-Do-Fr-Sa
1,0.0,1.0,DHL,30453,6,8951.952033907073,Mo-Di-Mi-Do-Fr-Sa
1,0.0,1.0,DHL,30455,6,7533.4371442876145,Mo-Di-Mi-Do-Fr-Sa
1,0.0,1.0,DHL,30457,6,7270.894456096109,Mo-Di-Mi-Do-Fr-Sa
1,0.0,1.0,DHL,30459,6,6651.002162382179,Mo-Di-Mi-Do-Fr-Sa
1,0.0,1.0,DHL,30519,6,13272.168787294228,Mo-Di-Mi-Do-Fr-Sa
1,0.0,1.0,DHL,30539,6,9349.501232628127,Mo-Di-Mi-Do-Fr-Sa
1,0.0,1.0,DHL,30559,6,12373.65925832722,Mo-Di-Mi-Do-Fr-Sa
1,0.0,1.0,DHL,30625,6,8096.802842174482,Mo-Di-Mi-Do-Fr-Sa
1,0.0,1.0,DHL,30627,6,5606.363090833329,Mo-Di-Mi-Do-Fr-Sa
1,0.0,1.0,DHL,30629,6,6766.974846046077,Mo-Di-Mi-Do-Fr-Sa
1,0.0,1.0,DHL,30655,6,8869.786833512764,Mo-Di-Mi-Do-Fr-Sa
1,0.0,1.0,DHL,30657,6,9992.167827012736,Mo-Di-Mi-Do-Fr-Sa
1,0.0,1.0,DHL,30659,6,7898.329610710899,Mo-Di-Mi-Do-Fr-Sa
1,0.0,1.0,DHL,30823,6,10208.877886178407,Mo-Di-Mi-Do-Fr-Sa
1,0.0,1.0,DHL,30826,6,9412.56972551855,Mo-Di-Mi-Do-Fr-Sa
1,0.0,1.0,DHL,30827,6,8625.617953447312,Mo-Di-Mi-Do-Fr-Sa
1,0.0,1.0,DHL,30851,6,7140.564548697186,Mo-Di-Mi-Do-Fr-Sa
1,0.0,1.0,DHL,30853,6,7954.150022203881,Mo-Di-Mi-Do-Fr-Sa
1,0.0,1.0,DHL,30855,6,32552.34432866005,Mo-Di-Mi-Do-Fr-Sa
1,0.0,1.0,DHL,30880,6,18007.36898635567,Mo-Di-Mi-Do-Fr-Sa
1,0.0,1.0,DHL,30890,6,15947.754646399117,Mo-Di-Mi-Do-Fr-Sa
1,0.0,1.0,DHL,30900,6,18229.388928763692,Mo-Di-Mi-Do-Fr-Sa
1,0.0,1.0,DHL,30916,6,17734.269551035948,Mo-Di-Mi-Do-Fr-Sa
1,0.0,1.0,DHL,30926,6,14434.82758928225,Mo-Di-Mi-Do-Fr-Sa
1,0.0,1.0,DHL,30938,6,14554.779241554967,Mo-Di-Mi-Do-Fr-Sa
1,0.0,1.0,DHL,30952,6,11365.430112451975,Mo-Di-Mi-Do-Fr-Sa
1,0.0,1.0,DHL,30966,6,10624.352717702506,Mo-Di-Mi-Do-Fr-Sa
1,0.0,1.0,DHL,30974,6,7703.025014293544,Mo-Di-Mi-Do-Fr-Sa
1,0.0,1.0,DHL,30982,6,8234.46117714012,Mo-Di-Mi-Do-Fr-Sa
1,0.0,1.0,DHL,30989,6,8649.900505408892,Mo-Di-Mi-Do-Fr-Sa
1,0.0,1.0,DHL,31275,6,20741.197757085225,Mo-Di-Mi-Do-Fr-Sa
1,0.0,1.0,DHL,31303,6,13739.115623819012,Mo-Di-Mi-Do-Fr-Sa
1,0.0,1.0,DHL,31311,6,10648.959166588764,Mo-Di-Mi-Do-Fr-Sa
1,0.0,1.0,DHL,31319,6,12210.553941257438,Mo-Di-Mi-Do-Fr-Sa
1,0.0,1.0,DHL,31515,6,20814.204304395767,Mo-Di-Mi-Do-Fr-Sa
1,0.0,1.0,DHL,31535,6,21637.256139647427,Mo-Di-Mi-Do-Fr-Sa
1,0.0,1.0,DHL,31832,6,14443.460212265947,Mo-Di-Mi-Do-Fr-Sa
1,0.0,1.0,DPD,30159,6,6745.43642982665,Mo-Di-Mi-Do-Fr-Sa
1,0.0,1.0,DPD,30161,6,3572.3066172774998,Mo-Di-Mi-Do-Fr-Sa
1,0.0,1.0,DPD,30163,6,3334.016654677259,Mo-Di-Mi-Do-Fr-Sa
1,0.0,1.0,DPD,30165,6,3220.920457383544,Mo-Di-Mi-Do-Fr-Sa
1,0.0,1.0,DPD,30167,6,4575.293145375498,Mo-Di-Mi-Do-Fr-Sa
1,0.0,1.0,DPD,30173,6,3028.2905288174024,Mo-Di-Mi-Do-Fr-Sa
1,0.0,1.0,DPD,30177,6,2209.9404705919,Mo-Di-Mi-Do-Fr-Sa
1,0.0,1.0,DPD,30179,6,2456.3548464568607,Mo-Di-Mi-Do-Fr-Sa
1,0.0,1.0,DPD,30419,6,5265.1161318874765,Mo-Di-Mi-Do-Fr-Sa
1,0.0,1.0,DPD,30449,6,4228.42693330016,Mo-Di-Mi-Do-Fr-Sa
1,0.0,1.0,DPD,30453,6,3642.2344276936155,Mo-Di-Mi-Do-Fr-Sa
1,0.0,1.0,DPD,30455,6,3096.4884420991384,Mo-Di-Mi-Do-Fr-Sa
1,0.0,1.0,DPD,30457,6,3033.5474025044095,Mo-Di-Mi-Do-Fr-Sa
1,0.0,1.0,DPD,30459,6,2600.91439635438,Mo-Di-Mi-Do-Fr-Sa
1,0.0,1.0,DPD,30519,6,4320.607386569162,Mo-Di-Mi-Do-Fr-Sa
1,0.0,1.0,DPD,30539,6,3413.7063659864443,Mo-Di-Mi-Do-Fr-Sa
1,0.0,1.0,DPD,30559,6,3962.3984605122114,Mo-Di-Mi-Do-Fr-Sa
1,0.0,1.0,DPD,30625,6,2850.320934681696,Mo-Di-Mi-Do-Fr-Sa
1,0.0,1.0,DPD,30627,6,1702.8075328692416,Mo-Di-Mi-Do-Fr-Sa
1,0.0,1.0,DPD,30629,6,2022.2450338148715,Mo-Di-Mi-Do-Fr-Sa
1,0.0,1.0,DPD,30655,6,2962.2877870695056,Mo-Di-Mi-Do-Fr-Sa
1,0.0,1.0,DPD,30657,6,3491.1799180397643,Mo-Di-Mi-Do-Fr-Sa
1,0.0,1.0,DPD,30659,6,2618.465789423123,Mo-Di-Mi-Do-Fr-Sa
1,0.0,1.0,DPD,30823,6,3865.0840833133775,Mo-Di-Mi-Do-Fr-Sa
1,0.0,1.0,DPD,30826,6,4450.281781439314,Mo-Di-Mi-Do-Fr-Sa
1,0.0,1.0,DPD,30827,6,3608.8593533036596,Mo-Di-Mi-Do-Fr-Sa
1,0.0,1.0,DPD,30851,6,2478.115916251141,Mo-Di-Mi-Do-Fr-Sa
1,0.0,1.0,DPD,30853,6,3139.9824024159293,Mo-Di-Mi-Do-Fr-Sa
1,0.0,1.0,DPD,30855,6,9902.157549572998,Mo-Di-Mi-Do-Fr-Sa
1,0.0,1.0,DPD,30880,6,5724.1369426636065,Mo-Di-Mi-Do-Fr-Sa
1,0.0,1.0,DPD,30890,6,7366.859287260241,Mo-Di-Mi-Do-Fr-Sa
1,0.0,1.0,DPD,30900,6,7907.913020603282,Mo-Di-Mi-Do-Fr-Sa
1,0.0,1.0,DPD,30916,6,5461.8560724360295,Mo-Di-Mi-Do-Fr-Sa
1,0.0,1.0,DPD,30926,6,6554.51545291052,Mo-Di-Mi-Do-Fr-Sa
1,0.0,1.0,DPD,30938,6,5375.687534132779,Mo-Di-Mi-Do-Fr-Sa
1,0.0,1.0,DPD,30952,6,4561.479157316165,Mo-Di-Mi-Do-Fr-Sa
1,0.0,1.0,DPD,30966,6,4113.820061245529,Mo-Di-Mi-Do-Fr-Sa
1,0.0,1.0,DPD,30974,6,3896.9038698685263,Mo-Di-Mi-Do-Fr-Sa
1,0.0,1.0,DPD,30982,6,3830.721528900909,Mo-Di-Mi-Do-Fr-Sa
1,0.0,1.0,DPD,30989,6,3946.0731716166256,Mo-Di-Mi-Do-Fr-Sa
1,0.0,1.0,DPD,31275,6,6769.754123240408,Mo-Di-Mi-Do-Fr-Sa
1,0.0,1.0,DPD,31303,6,5382.263541335347,Mo-Di-Mi-Do-Fr-Sa
1,0.0,1.0,DPD,31311,6,5057.5443785598,Mo-Di-Mi-Do-Fr-Sa
1,0.0,1.0,DPD,31319,6,4322.920564726374,Mo-Di-Mi-Do-Fr-Sa
1,0.0,1.0,DPD,31515,6,8514.010022868573,Mo-Di-Mi-Do-Fr-Sa
1,0.0,1.0,DPD,31535,6,10445.230487214772,Mo-Di-Mi-Do-Fr-Sa
1,0.0,1.0,DPD,31832,6,6946.620478408022,Mo-Di-Mi-Do-Fr-Sa
1,0.0,1.0,FedEx,30159,6,12718.231786828019,Mo-Di-Mi-Do-Fr-Sa
1,0.0,1.0,FedEx,30161,6,5117.62082484508,Mo-Di-Mi-Do-Fr-Sa
1,0.0,1.0,FedEx,30163,6,7975.018302233126,Mo-Di-Mi-Do-Fr-Sa
1,0.0,1.0,FedEx,30167,6,5034.453120713282,Mo-Di-Mi-Do-Fr-Sa
1,0.0,1.0,FedEx,30419,6,3180.1259661691156,Mo-Di-Mi-Do-Fr-Sa
1,0.0,1.0,FedEx,30449,6,5070.480072832069,Mo-Di-Mi-Do-Fr-Sa
1,0.0,1.0,FedEx,30453,6,3293.4750889307907,Mo-Di-Mi-Do-Fr-Sa
1,0.0,1.0,FedEx,30455,6,1946.7438791667537,Mo-Di-Mi-Do-Fr-Sa
1,0.0,1.0,FedEx,30457,6,2044.72202905335,Mo-Di-Mi-Do-Fr-Sa
1,0.0,1.0,FedEx,30519,6,4212.967113206203,Mo-Di-Mi-Do-Fr-Sa
1,0.0,1.0,FedEx,30539,6,4152.305372826759,Mo-Di-Mi-Do-Fr-Sa
1,0.0,1.0,FedEx,30559,6,5277.723812006553,Mo-Di-Mi-Do-Fr-Sa
1,0.0,1.0,FedEx,30625,6,3793.496546922467,Mo-Di-Mi-Do-Fr-Sa
1,0.0,1.0,FedEx,30655,6,3433.7185775447538,Mo-Di-Mi-Do-Fr-Sa
1,0.0,1.0,FedEx,30657,6,4470.593996761694,Mo-Di-Mi-Do-Fr-Sa
1,0.0,1.0,FedEx,30823,6,1961.9849632795315,Mo-Di-Mi-Do-Fr-Sa
1,0.0,1.0,FedEx,30827,6,4096.161855811475,Mo-Di-Mi-Do-Fr-Sa
1,0.0,1.0,FedEx,30853,6,4453.819539562914,Mo-Di-Mi-Do-Fr-Sa
1,0.0,1.0,FedEx,30855,6,11312.376813579114,Mo-Di-Mi-Do-Fr-Sa
1,0.0,1.0,FedEx,30880,6,5741.552839090982,Mo-Di-Mi-Do-Fr-Sa
1,0.0,1.0,FedEx,30890,6,3997.7414623067557,Mo-Di-Mi-Do-Fr-Sa
1,0.0,1.0,FedEx,30900,6,4635.623792045639,Mo-Di-Mi-Do-Fr-Sa
1,0.0,1.0,FedEx,30916,6,5240.3696223713005,Mo-Di-Mi-Do-Fr-Sa
1,0.0,1.0,FedEx,30926,6,3401.7660373946965,Mo-Di-Mi-Do-Fr-Sa
1,0.0,1.0,FedEx,30938,6,5545.461756733482,Mo-Di-Mi-Do-Fr-Sa
1,0.0,1.0,FedEx,30952,6,2775.4512231381723,Mo-Di-Mi-Do-Fr-Sa
1,0.0,1.0,FedEx,30966,6,2488.5376856129433,Mo-Di-Mi-Do-Fr-Sa
1,0.0,1.0,FedEx,30974,6,2391.637007376545,Mo-Di-Mi-Do-Fr-Sa
1,0.0,1.0,FedEx,30982,6,2379.2604748942445,Mo-Di-Mi-Do-Fr-Sa
1,0.0,1.0,FedEx,30989,6,2431.4853535221046,Mo-Di-Mi-Do-Fr-Sa
1,0.0,1.0,FedEx,31275,6,5124.1511973038305,Mo-Di-Mi-Do-Fr-Sa
1,0.0,1.0,FedEx,31303,6,4123.924879749779,Mo-Di-Mi-Do-Fr-Sa
1,0.0,1.0,FedEx,31311,6,2818.577694291381,Mo-Di-Mi-Do-Fr-Sa
1,0.0,1.0,FedEx,31319,6,2899.0915841222704,Mo-Di-Mi-Do-Fr-Sa
1,0.0,1.0,FedEx,31515,6,5042.452261301043,Mo-Di-Mi-Do-Fr-Sa
1,0.0,1.0,FedEx,31535,6,6096.402065541078,Mo-Di-Mi-Do-Fr-Sa
1,0.0,1.0,FedEx,31832,6,4579.1852282655655,Mo-Di-Mi-Do-Fr-Sa
1,0.0,1.0,GLS,30159,6,4642.731630176733,Mo-Di-Mi-Do-Fr-Sa
1,0.0,1.0,GLS,30161,6,2986.081313787293,Mo-Di-Mi-Do-Fr-Sa
1,0.0,1.0,GLS,30163,6,4573.00549257944,Mo-Di-Mi-Do-Fr-Sa
1,0.0,1.0,GLS,30165,6,2405.2247120162715,Mo-Di-Mi-Do-Fr-Sa
1,0.0,1.0,GLS,30167,6,3599.9610348639785,Mo-Di-Mi-Do-Fr-Sa
1,0.0,1.0,GLS,30173,6,2467.3206708480106,Mo-Di-Mi-Do-Fr-Sa
1,0.0,1.0,GLS,30179,6,2030.2594095239801,Mo-Di-Mi-Do-Fr-Sa
1,0.0,1.0,GLS,30419,6,4965.41823609136,Mo-Di-Mi-Do-Fr-Sa
1,0.0,1.0,GLS,30449,6,3622.3194063359115,Mo-Di-Mi-Do-Fr-Sa
1,0.0,1.0,GLS,30453,6,3220.8486215837556,Mo-Di-Mi-Do-Fr-Sa
1,0.0,1.0,GLS,30455,6,2710.1642671316163,Mo-Di-Mi-Do-Fr-Sa
1,0.0,1.0,GLS,30457,6,2439.5045011125458,Mo-Di-Mi-Do-Fr-Sa
1,0.0,1.0,GLS,30459,6,1876.236727895414,Mo-Di-Mi-Do-Fr-Sa
1,0.0,1.0,GLS,30519,6,3552.9135868219814,Mo-Di-Mi-Do-Fr-Sa
1,0.0,1.0,GLS,30539,6,2447.219634346096,Mo-Di-Mi-Do-Fr-Sa
1,0.0,1.0,GLS,30559,6,3755.0680366461006,Mo-Di-Mi-Do-Fr-Sa
1,0.0,1.0,GLS,30625,6,2210.8683733501316,Mo-Di-Mi-Do-Fr-Sa
1,0.0,1.0,GLS,30627,6,1794.681684046207,Mo-Di-Mi-Do-Fr-Sa
1,0.0,1.0,GLS,30629,6,2094.2697610443015,Mo-Di-Mi-Do-Fr-Sa
1,0.0,1.0,GLS,30655,6,3084.925174317692,Mo-Di-Mi-Do-Fr-Sa
1,0.0,1.0,GLS,30657,6,2844.2755580556222,Mo-Di-Mi-Do-Fr-Sa
1,0.0,1.0,GLS,30659,6,2165.5626302364476,Mo-Di-Mi-Do-Fr-Sa
1,0.0,1.0,GLS,30823,6,3924.3738476586004,Mo-Di-Mi-Do-Fr-Sa
1,0.0,1.0,GLS,30826,6,4450.709602332494,Mo-Di-Mi-Do-Fr-Sa
1,0.0,1.0,GLS,30827,6,3074.664687517894,Mo-Di-Mi-Do-Fr-Sa
1,0.0,1.0,GLS,30851,6,2097.4205946859483,Mo-Di-Mi-Do-Fr-Sa
1,0.0,1.0,GLS,30853,6,2190.0844891648285,Mo-Di-Mi-Do-Fr-Sa
1,0.0,1.0,GLS,30855,6,7965.715090235543,Mo-Di-Mi-Do-Fr-Sa
1,0.0,1.0,GLS,30880,6,4410.166219280911,Mo-Di-Mi-Do-Fr-Sa
1,0.0,1.0,GLS,30890,6,6973.735884763185,Mo-Di-Mi-Do-Fr-Sa
1,0.0,1.0,GLS,30900,6,7362.540240615051,Mo-Di-Mi-Do-Fr-Sa
1,0.0,1.0,GLS,30916,6,4763.202136413941,Mo-Di-Mi-Do-Fr-Sa
1,0.0,1.0,GLS,30926,6,5231.578416246413,Mo-Di-Mi-Do-Fr-Sa
1,0.0,1.0,GLS,30938,6,5971.2996390760245,Mo-Di-Mi-Do-Fr-Sa
1,0.0,1.0,GLS,30952,6,4042.14874679477,Mo-Di-Mi-Do-Fr-Sa
1,0.0,1.0,GLS,30966,6,3507.0096481155524,Mo-Di-Mi-Do-Fr-Sa
1,0.0,1.0,GLS,30974,6,2912.392838204481,Mo-Di-Mi-Do-Fr-Sa
1,0.0,1.0,GLS,30982,6,2738.200143049824,Mo-Di-Mi-Do-Fr-Sa
1,0.0,1.0,GLS,30989,6,2798.376100761728,Mo-Di-Mi-Do-Fr-Sa
1,0.0,1.0,GLS,31275,6,6976.065105573762,Mo-Di-Mi-Do-Fr-Sa
1,0.0,1.0,GLS,31303,6,5973.506921190097,Mo-Di-Mi-Do-Fr-Sa
1,0.0,1.0,GLS,31311,6,4948.797517087573,Mo-Di-Mi-Do-Fr-Sa
1,0.0,1.0,GLS,31319,6,4180.379543747179,Mo-Di-Mi-Do-Fr-Sa
1,0.0,1.0,GLS,31515,6,8256.921895152971,Mo-Di-Mi-Do-Fr-Sa
1,0.0,1.0,GLS,31535,6,10499.401507100236,Mo-Di-Mi-Do-Fr-Sa
1,0.0,1.0,GLS,31832,6,5063.723709467103,Mo-Di-Mi-Do-Fr-Sa
1,0.0,1.0,Hermes,30159,6,5733.224620250021,Mo-Di-Mi-Do-Fr-Sa
1,0.0,1.0,Hermes,30161,6,3199.481172195214,Mo-Di-Mi-Do-Fr-Sa
1,0.0,1.0,Hermes,30163,6,3149.747408424128,Mo-Di-Mi-Do-Fr-Sa
1,0.0,1.0,Hermes,30165,6,3068.6506500487,Mo-Di-Mi-Do-Fr-Sa
1,0.0,1.0,Hermes,30167,6,4191.407588044548,Mo-Di-Mi-Do-Fr-Sa
1,0.0,1.0,Hermes,30173,6,3381.0704854709033,Mo-Di-Mi-Do-Fr-Sa
1,0.0,1.0,Hermes,30177,6,2890.100281124943,Mo-Di-Mi-Do-Fr-Sa
1,0.0,1.0,Hermes,30179,6,2910.160615852085,Mo-Di-Mi-Do-Fr-Sa
1,0.0,1.0,Hermes,30419,6,5349.858727332469,Mo-Di-Mi-Do-Fr-Sa
1,0.0,1.0,Hermes,30449,6,4242.570999862953,Mo-Di-Mi-Do-Fr-Sa
1,0.0,1.0,Hermes,30453,6,3492.5973865174465,Mo-Di-Mi-Do-Fr-Sa
1,0.0,1.0,Hermes,30455,6,3483.007050591635,Mo-Di-Mi-Do-Fr-Sa
1,0.0,1.0,Hermes,30457,6,3569.233546071827,Mo-Di-Mi-Do-Fr-Sa
1,0.0,1.0,Hermes,30459,6,3465.6139132677736,Mo-Di-Mi-Do-Fr-Sa
1,0.0,1.0,Hermes,30519,6,5059.54869015822,Mo-Di-Mi-Do-Fr-Sa
1,0.0,1.0,Hermes,30539,6,3645.27178816927,Mo-Di-Mi-Do-Fr-Sa
1,0.0,1.0,Hermes,30559,6,5354.545180144074,Mo-Di-Mi-Do-Fr-Sa
1,0.0,1.0,Hermes,30625,6,3273.024738869934,Mo-Di-Mi-Do-Fr-Sa
1,0.0,1.0,Hermes,30627,6,1800.235438802243,Mo-Di-Mi-Do-Fr-Sa
1,0.0,1.0,Hermes,30629,6,3350.386872776183,Mo-Di-Mi-Do-Fr-Sa
1,0.0,1.0,Hermes,30655,6,3431.0171455734962,Mo-Di-Mi-Do-Fr-Sa
1,0.0,1.0,Hermes,30657,6,3111.094528158594,Mo-Di-Mi-Do-Fr-Sa
1,0.0,1.0,Hermes,30659,6,3309.038695730729,Mo-Di-Mi-Do-Fr-Sa
1,0.0,1.0,Hermes,30823,6,3990.3024874652046,Mo-Di-Mi-Do-Fr-Sa
1,0.0,1.0,Hermes,30826,6,4128.411311124519,Mo-Di-Mi-Do-Fr-Sa
1,0.0,1.0,Hermes,30827,6,3094.2868268624684,Mo-Di-Mi-Do-Fr-Sa
1,0.0,1.0,Hermes,30851,6,2771.6415924617286,Mo-Di-Mi-Do-Fr-Sa
1,0.0,1.0,Hermes,30853,6,2517.942276990752,Mo-Di-Mi-Do-Fr-Sa
1,0.0,1.0,Hermes,30855,6,8779.652974651703,Mo-Di-Mi-Do-Fr-Sa
1,0.0,1.0,Hermes,30880,6,6557.610295895224,Mo-Di-Mi-Do-Fr-Sa
1,0.0,1.0,Hermes,30890,6,7809.555367111947,Mo-Di-Mi-Do-Fr-Sa
1,0.0,1.0,Hermes,30900,6,7214.925875920487,Mo-Di-Mi-Do-Fr-Sa
1,0.0,1.0,Hermes,30916,6,5828.192709584215,Mo-Di-Mi-Do-Fr-Sa
1,0.0,1.0,Hermes,30926,6,6011.173799751178,Mo-Di-Mi-Do-Fr-Sa
1,0.0,1.0,Hermes,30938,6,5828.804691204429,Mo-Di-Mi-Do-Fr-Sa
1,0.0,1.0,Hermes,30952,6,4970.456535421607,Mo-Di-Mi-Do-Fr-Sa
1,0.0,1.0,Hermes,30966,6,4366.584680259732,Mo-Di-Mi-Do-Fr-Sa
1,0.0,1.0,Hermes,30974,6,4410.144825608362,Mo-Di-Mi-Do-Fr-Sa
1,0.0,1.0,Hermes,30982,6,4427.074150417707,Mo-Di-Mi-Do-Fr-Sa
1,0.0,1.0,Hermes,30989,6,4157.952995024617,Mo-Di-Mi-Do-Fr-Sa
1,0.0,1.0,Hermes,31275,6,9028.68038608271,Mo-Di-Mi-Do-Fr-Sa
1,0.0,1.0,Hermes,31303,6,7250.99937144573,Mo-Di-Mi-Do-Fr-Sa
1,0.0,1.0,Hermes,31311,6,6890.503183739214,Mo-Di-Mi-Do-Fr-Sa
1,0.0,1.0,Hermes,31319,6,7188.758708235467,Mo-Di-Mi-Do-Fr-Sa
1,0.0,1.0,Hermes,31515,6,8767.215399032415,Mo-Di-Mi-Do-Fr-Sa
1,0.0,1.0,Hermes,31535,6,10757.266852596395,Mo-Di-Mi-Do-Fr-Sa
1,0.0,1.0,Hermes,31832,6,8382.154012315681,Mo-Di-Mi-Do-Fr-Sa
1,0.0,1.0,UPS,30159,6,14317.480235229965,Mo-Di-Mi-Do-Fr-Sa
1,0.0,1.0,UPS,30161,6,5890.635111592997,Mo-Di-Mi-Do-Fr-Sa
1,0.0,1.0,UPS,30163,6,6349.944745490952,Mo-Di-Mi-Do-Fr-Sa
1,0.0,1.0,UPS,30165,6,3734.612092283068,Mo-Di-Mi-Do-Fr-Sa
1,0.0,1.0,UPS,30167,6,5814.4595762356885,Mo-Di-Mi-Do-Fr-Sa
1,0.0,1.0,UPS,30419,6,3394.8772470909635,Mo-Di-Mi-Do-Fr-Sa
1,0.0,1.0,UPS,30449,6,6674.182899507537,Mo-Di-Mi-Do-Fr-Sa
1,0.0,1.0,UPS,30453,6,3351.1237228460413,Mo-Di-Mi-Do-Fr-Sa
1,0.0,1.0,UPS,30455,6,1996.1301130016752,Mo-Di-Mi-Do-Fr-Sa
1,0.0,1.0,UPS,30457,6,2082.9256820867663,Mo-Di-Mi-Do-Fr-Sa
1,0.0,1.0,UPS,30519,6,4973.9315352734,Mo-Di-Mi-Do-Fr-Sa
1,0.0,1.0,UPS,30539,6,4485.850061676111,Mo-Di-Mi-Do-Fr-Sa
1,0.0,1.0,UPS,30559,6,4939.1329806155645,Mo-Di-Mi-Do-Fr-Sa
1,0.0,1.0,UPS,30625,6,4339.667231631438,Mo-Di-Mi-Do-Fr-Sa
1,0.0,1.0,UPS,30655,6,2094.0257327831955,Mo-Di-Mi-Do-Fr-Sa
1,0.0,1.0,UPS,30657,6,4716.19795217861,Mo-Di-Mi-Do-Fr-Sa
1,0.0,1.0,UPS,30659,6,3619.59971665554,Mo-Di-Mi-Do-Fr-Sa
1,0.0,1.0,UPS,30823,6,3052.1704739423803,Mo-Di-Mi-Do-Fr-Sa
1,0.0,1.0,UPS,30826,6,2042.7216152816727,Mo-Di-Mi-Do-Fr-Sa
1,0.0,1.0,UPS,30827,6,3318.772929682461,Mo-Di-Mi-Do-Fr-Sa
1,0.0,1.0,UPS,30853,6,4528.522142755246,Mo-Di-Mi-Do-Fr-Sa
1,0.0,1.0,UPS,30855,6,12308.304707064348,Mo-Di-Mi-Do-Fr-Sa
1,0.0,1.0,UPS,30880,6,6984.527492927398,Mo-Di-Mi-Do-Fr-Sa
1,0.0,1.0,UPS,30890,6,4599.930410969343,Mo-Di-Mi-Do-Fr-Sa
1,0.0,1.0,UPS,30900,6,5015.522672116011,Mo-Di-Mi-Do-Fr-Sa
1,0.0,1.0,UPS,30916,6,5894.597782277826,Mo-Di-Mi-Do-Fr-Sa
1,0.0,1.0,UPS,30926,6,3979.540646149894,Mo-Di-Mi-Do-Fr-Sa
1,0.0,1.0,UPS,30938,6,5900.509623828604,Mo-Di-Mi-Do-Fr-Sa
1,0.0,1.0,UPS,30952,6,3623.86551862089,Mo-Di-Mi-Do-Fr-Sa
1,0.0,1.0,UPS,30966,6,3458.283671063921,Mo-Di-Mi-Do-Fr-Sa
1,0.0,1.0,UPS,30974,6,2944.0941408457325,Mo-Di-Mi-Do-Fr-Sa
1,0.0,1.0,UPS,30982,6,3021.3027147961793,Mo-Di-Mi-Do-Fr-Sa
1,0.0,1.0,UPS,30989,6,3076.746244653496,Mo-Di-Mi-Do-Fr-Sa
1,0.0,1.0,UPS,31275,6,6655.257075966285,Mo-Di-Mi-Do-Fr-Sa
1,0.0,1.0,UPS,31303,6,4510.316706152553,Mo-Di-Mi-Do-Fr-Sa
1,0.0,1.0,UPS,31311,6,4373.121879073002,Mo-Di-Mi-Do-Fr-Sa
1,0.0,1.0,UPS,31319,6,3620.0013358882434,Mo-Di-Mi-Do-Fr-Sa
1,0.0,1.0,UPS,31515,6,6735.40640345356,Mo-Di-Mi-Do-Fr-Sa
1,0.0,1.0,UPS,31535,6,7613.836771350983,Mo-Di-Mi-Do-Fr-Sa
1,0.0,1.0,UPS,31832,6,5105.054625543156,Mo-Di-Mi-Do-Fr-Sa
1,0.1,0.9,Amazon,30159,6,11687.758591886499,Mo-Di-Mi-Do-Fr-Sa
1,0.1,0.9,Amazon,30161,6,6198.076199381901,Mo-Di-Mi-Do-Fr-Sa
1,0.1,0.9,Amazon,30163,6,5887.274416922319,Mo-Di-Mi-Do-Fr-Sa
1,0.1,0.9,Amazon,30165,6,4696.3632925800775,Mo-Di-Mi-Do-Fr-Sa
1,0.1,0.9,Amazon,30167,6,7124.980941103149,Mo-Di-Mi-Do-Fr-Sa
1,0.1,0.9,Amazon,30173,6,5184.403263125373,Mo-Di-Mi-Do-Fr-Sa
1,0.1,0.9,Amazon,30177,6,4295.3755099319715,Mo-Di-Mi-Do-Fr-Sa
1,0.1,0.9,Amazon,30179,6,4357.442561887894,Mo-Di-Mi-Do-Fr-Sa
1,0.1,0.9,Amazon,30419,6,8685.332684443236,Mo-Di-Mi-Do-Fr-Sa
1,0.1,0.9,Amazon,30449,6,6930.958642387422,Mo-Di-Mi-Do-Fr-Sa
1,0.1,0.9,Amazon,30453,6,4953.369950665476,Mo-Di-Mi-Do-Fr-Sa
1,0.1,0.9,Amazon,30455,6,4733.969914501729,Mo-Di-Mi-Do-Fr-Sa
1,0.1,0.9,Amazon,30457,6,4861.272760888753,Mo-Di-Mi-Do-Fr-Sa
1,0.1,0.9,Amazon,30459,6,4721.113690320388,Mo-Di-Mi-Do-Fr-Sa
1,0.1,0.9,Amazon,30519,6,7989.408733574742,Mo-Di-Mi-Do-Fr-Sa
1,0.1,0.9,Amazon,30539,6,5232.56483537078,Mo-Di-Mi-Do-Fr-Sa
1,0.1,0.9,Amazon,30559,6,7936.80103693811,Mo-Di-Mi-Do-Fr-Sa
1,0.1,0.9,Amazon,30625,6,4833.5787808117675,Mo-Di-Mi-Do-Fr-Sa
1,0.1,0.9,Amazon,30627,6,3579.2895236259706,Mo-Di-Mi-Do-Fr-Sa
1,0.1,0.9,Amazon,30629,6,4483.669440977608,Mo-Di-Mi-Do-Fr-Sa
1,0.1,0.9,Amazon,30655,6,5134.034576870573,Mo-Di-Mi-Do-Fr-Sa
1,0.1,0.9,Amazon,30657,6,5211.641795669652,Mo-Di-Mi-Do-Fr-Sa
1,0.1,0.9,Amazon,30659,6,4808.930135185106,Mo-Di-Mi-Do-Fr-Sa
1,0.1,0.9,Amazon,30823,6,5492.8333908221575,Mo-Di-Mi-Do-Fr-Sa
1,0.1,0.9,Amazon,30826,6,5309.400426435489,Mo-Di-Mi-Do-Fr-Sa
1,0.1,0.9,Amazon,30827,6,4406.282253025094,Mo-Di-Mi-Do-Fr-Sa
1,0.1,0.9,Amazon,30851,6,4461.2266132019995,Mo-Di-Mi-Do-Fr-Sa
1,0.1,0.9,Amazon,30853,6,4295.473522234693,Mo-Di-Mi-Do-Fr-Sa
1,0.1,0.9,Amazon,30855,6,16425.713131956443,Mo-Di-Mi-Do-Fr-Sa
1,0.1,0.9,Amazon,30880,6,10836.49486333059,Mo-Di-Mi-Do-Fr-Sa
1,0.1,0.9,Amazon,30890,6,9949.99293278101,Mo-Di-Mi-Do-Fr-Sa
1,0.1,0.9,Amazon,30900,6,11733.296749095527,Mo-Di-Mi-Do-Fr-Sa
1,0.1,0.9,Amazon,30916,6,9943.63733060065,Mo-Di-Mi-Do-Fr-Sa
1,0.1,0.9,Amazon,30926,6,8780.42111083368,Mo-Di-Mi-Do-Fr-Sa
1,0.1,0.9,Amazon,30938,6,8932.3523870359,Mo-Di-Mi-Do-Fr-Sa
1,0.1,0.9,Amazon,30952,6,6792.522249966714,Mo-Di-Mi-Do-Fr-Sa
1,0.1,0.9,Amazon,30966,6,6753.487289755222,Mo-Di-Mi-Do-Fr-Sa
1,0.1,0.9,Amazon,30974,6,5185.498167842292,Mo-Di-Mi-Do-Fr-Sa
1,0.1,0.9,Amazon,30982,6,5545.048582884666,Mo-Di-Mi-Do-Fr-Sa
1,0.1,0.9,Amazon,30989,6,5239.8327189564525,Mo-Di-Mi-Do-Fr-Sa
1,0.1,0.9,Amazon,31275,6,14011.694458512184,Mo-Di-Mi-Do-Fr-Sa
1,0.1,0.9,Amazon,31303,6,10292.592352807045,Mo-Di-Mi-Do-Fr-Sa
1,0.1,0.9,Amazon,31311,6,8647.386430120578,Mo-Di-Mi-Do-Fr-Sa
1,0.1,0.9,Amazon,31319,6,9006.598190484336,Mo-Di-Mi-Do-Fr-Sa
1,0.1,0.9,Amazon,31515,6,12109.355310297444,Mo-Di-Mi-Do-Fr-Sa
1,0.1,0.9,Amazon,31535,6,14649.713985934406,Mo-Di-Mi-Do-Fr-Sa
1,0.1,0.9,Amazon,31832,6,10630.27600706838,Mo-Di-Mi-Do-Fr-Sa
1,0.1,0.9,DHL,30159,6,21425.132453693925,Mo-Di-Mi-Do-Fr-Sa
1,0.1,0.9,DHL,30161,6,10896.842490106472,Mo-Di-Mi-Do-Fr-Sa
1,0.1,0.9,DHL,30163,6,9949.803363797471,Mo-Di-Mi-Do-Fr-Sa
1,0.1,0.9,DHL,30165,6,8802.876567972335,Mo-Di-Mi-Do-Fr-Sa
1,0.1,0.9,DHL,30167,6,13153.912834635783,Mo-Di-Mi-Do-Fr-Sa
1,0.1,0.9,DHL,30169,6,5443.510365830029,Mo-Di-Mi-Do-Fr-Sa
1,0.1,0.9,DHL,30173,6,9027.275959686367,Mo-Di-Mi-Do-Fr-Sa
1,0.1,0.9,DHL,30177,6,6801.611388745387,Mo-Di-Mi-Do-Fr-Sa
1,0.1,0.9,DHL,30179,6,7025.737693154014,Mo-Di-Mi-Do-Fr-Sa
1,0.1,0.9,DHL,30419,6,15488.762582133773,Mo-Di-Mi-Do-Fr-Sa
1,0.1,0.9,DHL,30449,6,7469.2241491514915,Mo-Di-Mi-Do-Fr-Sa
1,0.1,0.9,DHL,30453,6,8951.952033907073,Mo-Di-Mi-Do-Fr-Sa
1,0.1,0.9,DHL,30455,6,7533.4371442876145,Mo-Di-Mi-Do-Fr-Sa
1,0.1,0.9,DHL,30457,6,7270.894456096109,Mo-Di-Mi-Do-Fr-Sa
1,0.1,0.9,DHL,30459,6,6651.002162382179,Mo-Di-Mi-Do-Fr-Sa
1,0.1,0.9,DHL,30519,6,13272.168787294228,Mo-Di-Mi-Do-Fr-Sa
1,0.1,0.9,DHL,30539,6,9349.501232628127,Mo-Di-Mi-Do-Fr-Sa
1,0.1,0.9,DHL,30559,6,12373.65925832722,Mo-Di-Mi-Do-Fr-Sa
1,0.1,0.9,DHL,30625,6,8096.802842174482,Mo-Di-Mi-Do-Fr-Sa
1,0.1,0.9,DHL,30627,6,5606.363090833329,Mo-Di-Mi-Do-Fr-Sa
1,0.1,0.9,DHL,30629,6,6766.974846046077,Mo-Di-Mi-Do-Fr-Sa
1,0.1,0.9,DHL,30655,6,8869.786833512764,Mo-Di-Mi-Do-Fr-Sa
1,0.1,0.9,DHL,30657,6,9992.167827012736,Mo-Di-Mi-Do-Fr-Sa
1,0.1,0.9,DHL,30659,6,7898.329610710899,Mo-Di-Mi-Do-Fr-Sa
1,0.1,0.9,DHL,30823,6,10208.877886178407,Mo-Di-Mi-Do-Fr-Sa
1,0.1,0.9,DHL,30826,6,9412.56972551855,Mo-Di-Mi-Do-Fr-Sa
1,0.1,0.9,DHL,30827,6,8625.617953447312,Mo-Di-Mi-Do-Fr-Sa
1,0.1,0.9,DHL,30851,6,7140.564548697186,Mo-Di-Mi-Do-Fr-Sa
1,0.1,0.9,DHL,30853,6,7954.150022203881,Mo-Di-Mi-Do-Fr-Sa
1,0.1,0.9,DHL,30855,6,32552.34432866005,Mo-Di-Mi-Do-Fr-Sa
1,0.1,0.9,DHL,30880,6,18007.36898635567,Mo-Di-Mi-Do-Fr-Sa
1,0.1,0.9,DHL,30890,6,15947.754646399117,Mo-Di-Mi-Do-Fr-Sa
1,0.1,0.9,DHL,30900,6,18229.388928763692,Mo-Di-Mi-Do-Fr-Sa
1,0.1,0.9,DHL,30916,6,17734.269551035948,Mo-Di-Mi-Do-Fr-Sa
1,0.1,0.9,DHL,30926,6,14434.82758928225,Mo-Di-Mi-Do-Fr-Sa
1,0.1,0.9,DHL,30938,6,14554.779241554967,Mo-Di-Mi-Do-Fr-Sa
1,0.1,0.9,DHL,30952,6,11365.430112451975,Mo-Di-Mi-Do-Fr-Sa
1,0.1,0.9,DHL,30966,6,10624.352717702506,Mo-Di-Mi-Do-Fr-Sa
1,0.1,0.9,DHL,30974,6,7703.025014293544,Mo-Di-Mi-Do-Fr-Sa
1,0.1,0.9,DHL,30982,6,8234.46117714012,Mo-Di-Mi-Do-Fr-Sa
1,0.1,0.9,DHL,30989,6,8649.900505408892,Mo-Di-Mi-Do-Fr-Sa
1,0.1,0.9,DHL,31275,6,20741.197757085225,Mo-Di-Mi-Do-Fr-Sa
1,0.1,0.9,DHL,31303,6,13739.115623819012,Mo-Di-Mi-Do-Fr-Sa
1,0.1,0.9,DHL,31311,6,10648.959166588764,Mo-Di-Mi-Do-Fr-Sa
1,0.1,0.9,DHL,31319,6,12210.553941257438,Mo-Di-Mi-Do-Fr-Sa
1,0.1,0.9,DHL,31515,6,20814.204304395767,Mo-Di-Mi-Do-Fr-Sa
1,0.1,0.9,DHL,31535,6,21637.256139647427,Mo-Di-Mi-Do-Fr-Sa
1,0.1,0.9,DHL,31832,6,14443.460212265947,Mo-Di-Mi-Do-Fr-Sa
1,0.1,0.9,DPD,30159,6,6745.43642982665,Mo-Di-Mi-Do-Fr-Sa
1,0.1,0.9,DPD,30161,6,3572.3066172774998,Mo-Di-Mi-Do-Fr-Sa
1,0.1,0.9,DPD,30163,6,3334.016654677259,Mo-Di-Mi-Do-Fr-Sa
1,0.1,0.9,DPD,30165,6,3220.920457383544,Mo-Di-Mi-Do-Fr-Sa
1,0.1,0.9,DPD,30167,6,4575.293145375498,Mo-Di-Mi-Do-Fr-Sa
1,0.1,0.9,DPD,30173,6,3028.2905288174024,Mo-Di-Mi-Do-Fr-Sa
1,0.1,0.9,DPD,30177,6,2209.9404705919,Mo-Di-Mi-Do-Fr-Sa
1,0.1,0.9,DPD,30179,6,2456.3548464568607,Mo-Di-Mi-Do-Fr-Sa
1,0.1,0.9,DPD,30419,6,5265.1161318874765,Mo-Di-Mi-Do-Fr-Sa
1,0.1,0.9,DPD,30449,6,4228.42693330016,Mo-Di-Mi-Do-Fr-Sa
1,0.1,0.9,DPD,30453,6,3642.2344276936155,Mo-Di-Mi-Do-Fr-Sa
1,0.1,0.9,DPD,30455,6,3096.4884420991384,Mo-Di-Mi-Do-Fr-Sa
1,0.1,0.9,DPD,30457,6,3033.5474025044095,Mo-Di-Mi-Do-Fr-Sa
1,0.1,0.9,DPD,30459,6,2600.91439635438,Mo-Di-Mi-Do-Fr-Sa
1,0.1,0.9,DPD,30519,6,4320.607386569162,Mo-Di-Mi-Do-Fr-Sa
1,0.1,0.9,DPD,30539,6,3413.7063659864443,Mo-Di-Mi-Do-Fr-Sa
1,0.1,0.9,DPD,30559,6,3962.3984605122114,Mo-Di-Mi-Do-Fr-Sa
1,0.1,0.9,DPD,30625,6,2850.320934681696,Mo-Di-Mi-Do-Fr-Sa
1,0.1,0.9,DPD,30627,6,1702.8075328692416,Mo-Di-Mi-Do-Fr-Sa
1,0.1,0.9,DPD,30629,6,2022.2450338148715,Mo-Di-Mi-Do-Fr-Sa
1,0.1,0.9,DPD,30655,6,2962.2877870695056,Mo-Di-Mi-Do-Fr-Sa
1,0.1,0.9,DPD,30657,6,3491.1799180397643,Mo-Di-Mi-Do-Fr-Sa
1,0.1,0.9,DPD,30659,6,2618.465789423123,Mo-Di-Mi-Do-Fr-Sa
1,0.1,0.9,DPD,30823,6,3865.0840833133775,Mo-Di-Mi-Do-Fr-Sa
1,0.1,0.9,DPD,30826,6,4450.281781439314,Mo-Di-Mi-Do-Fr-Sa
1,0.1,0.9,DPD,30827,6,3608.8593533036596,Mo-Di-Mi-Do-Fr-Sa
1,0.1,0.9,DPD,30851,6,2478.115916251141,Mo-Di-Mi-Do-Fr-Sa
1,0.1,0.9,DPD,30853,6,3139.9824024159293,Mo-Di-Mi-Do-Fr-Sa
1,0.1,0.9,DPD,30855,6,9902.157549572998,Mo-Di-Mi-Do-Fr-Sa
1,0.1,0.9,DPD,30880,6,5724.1369426636065,Mo-Di-Mi-Do-Fr-Sa
1,0.1,0.9,DPD,30890,6,7366.859287260241,Mo-Di-Mi-Do-Fr-Sa
1,0.1,0.9,DPD,30900,6,7907.913020603282,Mo-Di-Mi-Do-Fr-Sa
1,0.1,0.9,DPD,30916,6,5461.8560724360295,Mo-Di-Mi-Do-Fr-Sa
1,0.1,0.9,DPD,30926,6,6554.51545291052,Mo-Di-Mi-Do-Fr-Sa
1,0.1,0.9,DPD,30938,6,5375.687534132779,Mo-Di-Mi-Do-Fr-Sa
1,0.1,0.9,DPD,30952,6,4561.479157316165,Mo-Di-Mi-Do-Fr-Sa
1,0.1,0.9,DPD,30966,6,4113.820061245529,Mo-Di-Mi-Do-Fr-Sa
1,0.1,0.9,DPD,30974,6,3896.9038698685263,Mo-Di-Mi-Do-Fr-Sa
1,0.1,0.9,DPD,30982,6,3830.721528900909,Mo-Di-Mi-Do-Fr-Sa
1,0.1,0.9,DPD,30989,6,3946.0731716166256,Mo-Di-Mi-Do-Fr-Sa
1,0.1,0.9,DPD,31275,6,6769.754123240408,Mo-Di-Mi-Do-Fr-Sa
1,0.1,0.9,DPD,31303,6,5382.263541335347,Mo-Di-Mi-Do-Fr-Sa
1,0.1,0.9,DPD,31311,6,5057.5443785598,Mo-Di-Mi-Do-Fr-Sa
1,0.1,0.9,DPD,31319,6,4322.920564726374,Mo-Di-Mi-Do-Fr-Sa
1,0.1,0.9,DPD,31515,6,8514.010022868573,Mo-Di-Mi-Do-Fr-Sa
1,0.1,0.9,DPD,31535,6,10445.230487214772,Mo-Di-Mi-Do-Fr-Sa
1,0.1,0.9,DPD,31832,6,6946.620478408022,Mo-Di-Mi-Do-Fr-Sa
1,0.1,0.9,FedEx,30159,6,12718.231786828019,Mo-Di-Mi-Do-Fr-Sa
1,0.1,0.9,FedEx,30161,6,5117.62082484508,Mo-Di-Mi-Do-Fr-Sa
1,0.1,0.9,FedEx,30163,6,7975.018302233126,Mo-Di-Mi-Do-Fr-Sa
1,0.1,0.9,FedEx,30167,6,5034.453120713282,Mo-Di-Mi-Do-Fr-Sa
1,0.1,0.9,FedEx,30419,6,3180.1259661691156,Mo-Di-Mi-Do-Fr-Sa
1,0.1,0.9,FedEx,30449,6,5070.480072832069,Mo-Di-Mi-Do-Fr-Sa
1,0.1,0.9,FedEx,30453,6,3293.4750889307907,Mo-Di-Mi-Do-Fr-Sa
1,0.1,0.9,FedEx,30455,6,1946.7438791667537,Mo-Di-Mi-Do-Fr-Sa
1,0.1,0.9,FedEx,30457,6,2044.72202905335,Mo-Di-Mi-Do-Fr-Sa
1,0.1,0.9,FedEx,30519,6,4212.967113206203,Mo-Di-Mi-Do-Fr-Sa
1,0.1,0.9,FedEx,30539,6,4152.305372826759,Mo-Di-Mi-Do-Fr-Sa
1,0.1,0.9,FedEx,30559,6,5277.723812006553,Mo-Di-Mi-Do-Fr-Sa
1,0.1,0.9,FedEx,30625,6,3793.496546922467,Mo-Di-Mi-Do-Fr-Sa
1,0.1,0.9,FedEx,30655,6,3433.7185775447538,Mo-Di-Mi-Do-Fr-Sa
1,0.1,0.9,FedEx,30657,6,4470.593996761694,Mo-Di-Mi-Do-Fr-Sa
1,0.1,0.9,FedEx,30823,6,1961.9849632795315,Mo-Di-Mi-Do-Fr-Sa
1,0.1,0.9,FedEx,30827,6,4096.161855811475,Mo-Di-Mi-Do-Fr-Sa
1,0.1,0.9,FedEx,30853,6,4453.819539562914,Mo-Di-Mi-Do-Fr-Sa
1,0.1,0.9,FedEx,30855,6,11312.376813579114,Mo-Di-Mi-Do-Fr-Sa
1,0.1,0.9,FedEx,30880,6,5741.552839090982,Mo-Di-Mi-Do-Fr-Sa
1,0.1,0.9,FedEx,30890,6,3997.7414623067557,Mo-Di-Mi-Do-Fr-Sa
1,0.1,0.9,FedEx,30900,6,4635.623792045639,Mo-Di-Mi-Do-Fr-Sa
1,0.1,0.9,FedEx,30916,6,5240.3696223713005,Mo-Di-Mi-Do-Fr-Sa
1,0.1,0.9,FedEx,30926,6,3401.7660373946965,Mo-Di-Mi-Do-Fr-Sa
1,0.1,0.9,FedEx,30938,6,5545.461756733482,Mo-Di-Mi-Do-Fr-Sa
1,0.1,0.9,FedEx,30952,6,2775.4512231381723,Mo-Di-Mi-Do-Fr-Sa
1,0.1,0.9,FedEx,30966,6,2488.5376856129433,Mo-Di-Mi-Do-Fr-Sa
1,0.1,0.9,FedEx,30974,6,2391.637007376545,Mo-Di-Mi-Do-Fr-Sa
1,0.1,0.9,FedEx,30982,6,2379.2604748942445,Mo-Di-Mi-Do-Fr-Sa
1,0.1,0.9,FedEx,30989,6,2431.4853535221046,Mo-Di-Mi-Do-Fr-Sa
1,0.1,0.9,FedEx,31275,6,5124.1511973038305,Mo-Di-Mi-Do-Fr-Sa
1,0.1,0.9,FedEx,31303,6,4123.924879749779,Mo-Di-Mi-Do-Fr-Sa
1,0.1,0.9,FedEx,31311,6,2818.577694291381,Mo-Di-Mi-Do-Fr-Sa
1,0.1,0.9,FedEx,31319,6,2899.0915841222704,Mo-Di-Mi-Do-Fr-Sa
1,0.1,0.9,FedEx,31515,6,5042.452261301043,Mo-Di-Mi-Do-Fr-Sa
1,0.1,0.9,FedEx,31535,6,6096.402065541078,Mo-Di-Mi-Do-Fr-Sa
1,0.1,0.9,FedEx,31832,6,4579.1852282655655,Mo-Di-Mi-Do-Fr-Sa
1,0.1,0.9,GLS,30159,6,4642.731630176733,Mo-Di-Mi-Do-Fr-Sa
1,0.1,0.9,GLS,30161,6,2986.081313787293,Mo-Di-Mi-Do-Fr-Sa
1,0.1,0.9,GLS,30163,6,4573.00549257944,Mo-Di-Mi-Do-Fr-Sa
1,0.1,0.9,GLS,30165,6,2405.2247120162715,Mo-Di-Mi-Do-Fr-Sa
1,0.1,0.9,GLS,30167,6,3599.9610348639785,Mo-Di-Mi-Do-Fr-Sa
1,0.1,0.9,GLS,30173,6,2467.3206708480106,Mo-Di-Mi-Do-Fr-Sa
1,0.1,0.9,GLS,30179,6,2030.2594095239801,Mo-Di-Mi-Do-Fr-Sa
1,0.1,0.9,GLS,30419,6,4965.41823609136,Mo-Di-Mi-Do-Fr-Sa
1,0.1,0.9,GLS,30449,6,3622.3194063359115,Mo-Di-Mi-Do-Fr-Sa
1,0.1,0.9,GLS,30453,6,3220.8486215837556,Mo-Di-Mi-Do-Fr-Sa
1,0.1,0.9,GLS,30455,6,2710.1642671316163,Mo-Di-Mi-Do-Fr-Sa
1,0.1,0.9,GLS,30457,6,2439.5045011125458,Mo-Di-Mi-Do-Fr-Sa
1,0.1,0.9,GLS,30459,6,1876.236727895414,Mo-Di-Mi-Do-Fr-Sa
1,0.1,0.9,GLS,30519,6,3552.9135868219814,Mo-Di-Mi-Do-Fr-Sa
1,0.1,0.9,GLS,30539,6,2447.219634346096,Mo-Di-Mi-Do-Fr-Sa
1,0.1,0.9,GLS,30559,6,3755.0680366461006,Mo-Di-Mi-Do-Fr-Sa
1,0.1,0.9,GLS,30625,6,2210.8683733501316,Mo-Di-Mi-Do-Fr-Sa
1,0.1,0.9,GLS,30627,6,1794.681684046207,Mo-Di-Mi-Do-Fr-Sa
1,0.1,0.9,GLS,30629,6,2094.2697610443015,Mo-Di-Mi-Do-Fr-Sa
1,0.1,0.9,GLS,30655,6,3084.925174317692,Mo-Di-Mi-Do-Fr-Sa
1,0.1,0.9,GLS,30657,6,2844.2755580556222,Mo-Di-Mi-Do-Fr-Sa
1,0.1,0.9,GLS,30659,6,2165.5626302364476,Mo-Di-Mi-Do-Fr-Sa
1,0.1,0.9,GLS,30823,6,3924.3738476586004,Mo-Di-Mi-Do-Fr-Sa
1,0.1,0.9,GLS,30826,6,4450.709602332494,Mo-Di-Mi-Do-Fr-Sa
1,0.1,0.9,GLS,30827,6,3074.664687517894,Mo-Di-Mi-Do-Fr-Sa
1,0.1,0.9,GLS,30851,6,2097.4205946859483,Mo-Di-Mi-Do-Fr-Sa
1,0.1,0.9,GLS,30853,6,2190.0844891648285,Mo-Di-Mi-Do-Fr-Sa
1,0.1,0.9,GLS,30855,6,7965.715090235543,Mo-Di-Mi-Do-Fr-Sa
1,0.1,0.9,GLS,30880,6,4410.166219280911,Mo-Di-Mi-Do-Fr-Sa
1,0.1,0.9,GLS,30890,6,6973.735884763185,Mo-Di-Mi-Do-Fr-Sa
1,0.1,0.9,GLS,30900,6,7362.540240615051,Mo-Di-Mi-Do-Fr-Sa
1,0.1,0.9,GLS,30916,6,4763.202136413941,Mo-Di-Mi-Do-Fr-Sa
1,0.1,0.9,GLS,30926,6,5231.578416246413,Mo-Di-Mi-Do-Fr-Sa
1,0.1,0.9,GLS,30938,6,5971.2996390760245,Mo-Di-Mi-Do-Fr-Sa
1,0.1,0.9,GLS,30952,6,4042.14874679477,Mo-Di-Mi-Do-Fr-Sa
1,0.1,0.9,GLS,30966,6,3507.0096481155524,Mo-Di-Mi-Do-Fr-Sa
1,0.1,0.9,GLS,30974,6,2912.392838204481,Mo-Di-Mi-Do-Fr-Sa
1,0.1,0.9,GLS,30982,6,2738.200143049824,Mo-Di-Mi-Do-Fr-Sa
1,0.1,0.9,GLS,30989,6,2798.376100761728,Mo-Di-Mi-Do-Fr-Sa
1,0.1,0.9,GLS,31275,6,6976.065105573762,Mo-Di-Mi-Do-Fr-Sa
1,0.1,0.9,GLS,31303,6,5973.506921190097,Mo-Di-Mi-Do-Fr-Sa
1,0.1,0.9,GLS,31311,6,4948.797517087573,Mo-Di-Mi-Do-Fr-Sa
1,0.1,0.9,GLS,31319,6,4180.379543747179,Mo-Di-Mi-Do-Fr-Sa
1,0.1,0.9,GLS,31515,6,8256.921895152971,Mo-Di-Mi-Do-Fr-Sa
1,0.1,0.9,GLS,31535,6,10499.401507100236,Mo-Di-Mi-Do-Fr-Sa
1,0.1,0.9,GLS,31832,6,5063.723709467103,Mo-Di-Mi-Do-Fr-Sa
1,0.1,0.9,Hermes,30159,6,5733.224620250021,Mo-Di-Mi-Do-Fr-Sa
1,0.1,0.9,Hermes,30161,6,3199.481172195214,Mo-Di-Mi-Do-Fr-Sa
1,0.1,0.9,Hermes,30163,6,3149.747408424128,Mo-Di-Mi-Do-Fr-Sa
1,0.1,0.9,Hermes,30165,6,3068.6506500487,Mo-Di-Mi-Do-Fr-Sa
1,0.1,0.9,Hermes,30167,6,4191.407588044548,Mo-Di-Mi-Do-Fr-Sa
1,0.1,0.9,Hermes,30173,6,3381.0704854709033,Mo-Di-Mi-Do-Fr-Sa
1,0.1,0.9,Hermes,30177,6,2890.100281124943,Mo-Di-Mi-Do-Fr-Sa
1,0.1,0.9,Hermes,30179,6,2910.160615852085,Mo-Di-Mi-Do-Fr-Sa
1,0.1,0.9,Hermes,30419,6,5349.858727332469,Mo-Di-Mi-Do-Fr-Sa
1,0.1,0.9,Hermes,30449,6,4242.570999862953,Mo-Di-Mi-Do-Fr-Sa
1,0.1,0.9,Hermes,30453,6,3492.5973865174465,Mo-Di-Mi-Do-Fr-Sa
1,0.1,0.9,Hermes,30455,6,3483.007050591635,Mo-Di-Mi-Do-Fr-Sa
1,0.1,0.9,Hermes,30457,6,3569.233546071827,Mo-Di-Mi-Do-Fr-Sa
1,0.1,0.9,Hermes,30459,6,3465.6139132677736,Mo-Di-Mi-Do-Fr-Sa
1,0.1,0.9,Hermes,30519,6,5059.54869015822,Mo-Di-Mi-Do-Fr-Sa
1,0.1,0.9,Hermes,30539,6,3645.27178816927,Mo-Di-Mi-Do-Fr-Sa
1,0.1,0.9,Hermes,30559,6,5354.545180144074,Mo-Di-Mi-Do-Fr-Sa
1,0.1,0.9,Hermes,30625,6,3273.024738869934,Mo-Di-Mi-Do-Fr-Sa
1,0.1,0.9,Hermes,30627,6,1800.235438802243,Mo-Di-Mi-Do-Fr-Sa
1,0.1,0.9,Hermes,30629,6,3350.386872776183,Mo-Di-Mi-Do-Fr-Sa
1,0.1,0.9,Hermes,30655,6,3431.0171455734962,Mo-Di-Mi-Do-Fr-Sa
1,0.1,0.9,Hermes,30657,6,3111.094528158594,Mo-Di-Mi-Do-Fr-Sa
1,0.1,0.9,Hermes,30659,6,3309.038695730729,Mo-Di-Mi-Do-Fr-Sa
1,0.1,0.9,Hermes,30823,6,3990.3024874652046,Mo-Di-Mi-Do-Fr-Sa
1,0.1,0.9,Hermes,30826,6,4128.411311124519,Mo-Di-Mi-Do-Fr-Sa
1,0.1,0.9,Hermes,30827,6,3094.2868268624684,Mo-Di-Mi-Do-Fr-Sa
1,0.1,0.9,Hermes,30851,6,2771.6415924617286,Mo-Di-Mi-Do-Fr-Sa
1,0.1,0.9,Hermes,30853,6,2517.942276990752,Mo-Di-Mi-Do-Fr-Sa
1,0.1,0.9,Hermes,30855,6,8779.652974651703,Mo-Di-Mi-Do-Fr-Sa
1,0.1,0.9,Hermes,30880,6,6557.610295895224,Mo-Di-Mi-Do-Fr-Sa
1,0.1,0.9,Hermes,30890,6,7809.555367111947,Mo-Di-Mi-Do-Fr-Sa
1,0.1,0.9,Hermes,30900,6,7214.925875920487,Mo-Di-Mi-Do-Fr-Sa
1,0.1,0.9,Hermes,30916,6,5828.192709584215,Mo-Di-Mi-Do-Fr-Sa
1,0.1,0.9,Hermes,30926,6,6011.173799751178,Mo-Di-Mi-Do-Fr-Sa
1,0.1,0.9,Hermes,30938,6,5828.804691204429,Mo-Di-Mi-Do-Fr-Sa
1,0.1,0.9,Hermes,30952,6,4970.456535421607,Mo-Di-Mi-Do-Fr-Sa
1,0.1,0.9,Hermes,30966,6,4366.584680259732,Mo-Di-Mi-Do-Fr-Sa
1,0.1,0.9,Hermes,30974,6,4410.144825608362,Mo-Di-Mi-Do-Fr-Sa
1,0.1,0.9,Hermes,30982,6,4427.074150417707,Mo-Di-Mi-Do-Fr-Sa
1,0.1,0.9,Hermes,30989,6,4157.952995024617,Mo-Di-Mi-Do-Fr-Sa
1,0.1,0.9,Hermes,31275,6,9028.68038608271,Mo-Di-Mi-Do-Fr-Sa
1,0.1,0.9,Hermes,31303,6,7250.99937144573,Mo-Di-Mi-Do-Fr-Sa
1,0.1,0.9,Hermes,31311,6,6890.503183739214,Mo-Di-Mi-Do-Fr-Sa
1,0.1,0.9,Hermes,31319,6,7188.758708235467,Mo-Di-Mi-Do-Fr-Sa
1,0.1,0.9,Hermes,31515,6,8767.215399032415,Mo-Di-Mi-Do-Fr-Sa
1,0.1,0.9,Hermes,31535,6,10757.266852596395,Mo-Di-Mi-Do-Fr-Sa
1,0.1,0.9,Hermes,31832,6,8382.154012315681,Mo-Di-Mi-Do-Fr-Sa
1,0.1,0.9,UPS,30159,6,14317.480235229965,Mo-Di-Mi-Do-Fr-Sa
1,0.1,0.9,UPS,30161,6,5890.635111592997,Mo-Di-Mi-Do-Fr-Sa
1,0.1,0.9,UPS,30163,6,6349.944745490952,Mo-Di-Mi-Do-Fr-Sa
1,0.1,0.9,UPS,30165,6,3734.612092283068,Mo-Di-Mi-Do-Fr-Sa
1,0.1,0.9,UPS,30167,6,5814.4595762356885,Mo-Di-Mi-Do-Fr-Sa
1,0.1,0.9,UPS,30419,6,3394.8772470909635,Mo-Di-Mi-Do-Fr-Sa
1,0.1,0.9,UPS,30449,6,6674.182899507537,Mo-Di-Mi-Do-Fr-Sa
1,0.1,0.9,UPS,30453,6,3351.1237228460413,Mo-Di-Mi-Do-Fr-Sa
1,0.1,0.9,UPS,30455,6,1996.1301130016752,Mo-Di-Mi-Do-Fr-Sa
1,0.1,0.9,UPS,30457,6,2082.9256820867663,Mo-Di-Mi-Do-Fr-Sa
1,0.1,0.9,UPS,30519,6,4973.9315352734,Mo-Di-Mi-Do-Fr-Sa
1,0.1,0.9,UPS,30539,6,4485.850061676111,Mo-Di-Mi-Do-Fr-Sa
1,0.1,0.9,UPS,30559,6,4939.1329806155645,Mo-Di-Mi-Do-Fr-Sa
1,0.1,0.9,UPS,30625,6,4339.667231631438,Mo-Di-Mi-Do-Fr-Sa
1,0.1,0.9,UPS,30655,6,2094.0257327831955,Mo-Di-Mi-Do-Fr-Sa
1,0.1,0.9,UPS,30657,6,4716.19795217861,Mo-Di-Mi-Do-Fr-Sa
1,0.1,0.9,UPS,30659,6,3619.59971665554,Mo-Di-Mi-Do-Fr-Sa
1,0.1,0.9,UPS,30823,6,3052.1704739423803,Mo-Di-Mi-Do-Fr-Sa
1,0.1,0.9,UPS,30826,6,2042.7216152816727,Mo-Di-Mi-Do-Fr-Sa
1,0.1,0.9,UPS,30827,6,3318.772929682461,Mo-Di-Mi-Do-Fr-Sa
1,0.1,0.9,UPS,30853,6,4528.522142755246,Mo-Di-Mi-Do-Fr-Sa
1,0.1,0.9,UPS,30855,6,12308.304707064348,Mo-Di-Mi-Do-Fr-Sa
1,0.1,0.9,UPS,30880,6,6984.527492927398,Mo-Di-Mi-Do-Fr-Sa
1,0.1,0.9,UPS,30890,6,4599.930410969343,Mo-Di-Mi-Do-Fr-Sa
1,0.1,0.9,UPS,30900,6,5015.522672116011,Mo-Di-Mi-Do-Fr-Sa
1,0.1,0.9,UPS,30916,6,5894.597782277826,Mo-Di-Mi-Do-Fr-Sa
1,0.1,0.9,UPS,30926,6,3979.540646149894,Mo-Di-Mi-Do-Fr-Sa
1,0.1,0.9,UPS,30938,6,5900.509623828604,Mo-Di-Mi-Do-Fr-Sa
1,0.1,0.9,UPS,30952,6,3623.86551862089,Mo-Di-Mi-Do-Fr-Sa
1,0.1,0.9,UPS,30966,6,3458.283671063921,Mo-Di-Mi-Do-Fr-Sa
1,0.1,0.9,UPS,30974,6,2944.0941408457325,Mo-Di-Mi-Do-Fr-Sa
1,0.1,0.9,UPS,30982,6,3021.3027147961793,Mo-Di-Mi-Do-Fr-Sa
1,0.1,0.9,UPS,30989,6,3076.746244653496,Mo-Di-Mi-Do-Fr-Sa
1,0.1,0.9,UPS,31275,6,6655.257075966285,Mo-Di-Mi-Do-Fr-Sa
1,0.1,0.9,UPS,31303,6,4510.316706152553,Mo-Di-Mi-Do-Fr-Sa
1,0.1,0.9,UPS,31311,6,4373.121879073002,Mo-Di-Mi-Do-Fr-Sa
1,0.1,0.9,UPS,31319,6,3620.0013358882434,Mo-Di-Mi-Do-Fr-Sa
1,0.1,0.9,UPS,31515,6,6735.40640345356,Mo-Di-Mi-Do-Fr-Sa
1,0.1,0.9,UPS,31535,6,7613.836771350983,Mo-Di-Mi-Do-Fr-Sa
1,0.1,0.9,UPS,31832,6,5105.054625543156,Mo-Di-Mi-Do-Fr-Sa
1,0.2,0.8,Amazon,30159,6,11687.758591886499,Mo-Di-Mi-Do-Fr-Sa
1,0.2,0.8,Amazon,30161,6,6198.076199381901,Mo-Di-Mi-Do-Fr-Sa
1,0.2,0.8,Amazon,30163,6,5887.274416922319,Mo-Di-Mi-Do-Fr-Sa
1,0.2,0.8,Amazon,30165,6,4696.3632925800775,Mo-Di-Mi-Do-Fr-Sa
1,0.2,0.8,Amazon,30167,6,7124.980941103149,Mo-Di-Mi-Do-Fr-Sa
1,0.2,0.8,Amazon,30173,6,5184.403263125373,Mo-Di-Mi-Do-Fr-Sa
1,0.2,0.8,Amazon,30177,6,4295.3755099319715,Mo-Di-Mi-Do-Fr-Sa
1,0.2,0.8,Amazon,30179,6,4357.442561887894,Mo-Di-Mi-Do-Fr-Sa
1,0.2,0.8,Amazon,30419,6,8685.332684443236,Mo-Di-Mi-Do-Fr-Sa
1,0.2,0.8,Amazon,30449,6,6930.958642387422,Mo-Di-Mi-Do-Fr-Sa
1,0.2,0.8,Amazon,30453,6,4953.369950665476,Mo-Di-Mi-Do-Fr-Sa
1,0.2,0.8,Amazon,30455,6,4733.969914501729,Mo-Di-Mi-Do-Fr-Sa
1,0.2,0.8,Amazon,30457,6,4861.272760888753,Mo-Di-Mi-Do-Fr-Sa
1,0.2,0.8,Amazon,30459,6,4721.113690320388,Mo-Di-Mi-Do-Fr-Sa
1,0.2,0.8,Amazon,30519,6,7989.408733574742,Mo-Di-Mi-Do-Fr-Sa
1,0.2,0.8,Amazon,30539,6,5232.56483537078,Mo-Di-Mi-Do-Fr-Sa
1,0.2,0.8,Amazon,30559,6,7936.80103693811,Mo-Di-Mi-Do-Fr-Sa
1,0.2,0.8,Amazon,30625,6,4833.5787808117675,Mo-Di-Mi-Do-Fr-Sa
1,0.2,0.8,Amazon,30627,6,3579.2895236259706,Mo-Di-Mi-Do-Fr-Sa
1,0.2,0.8,Amazon,30629,6,4483.669440977608,Mo-Di-Mi-Do-Fr-Sa
1,0.2,0.8,Amazon,30655,6,5134.034576870573,Mo-Di-Mi-Do-Fr-Sa
1,0.2,0.8,Amazon,30657,6,5211.641795669652,Mo-Di-Mi-Do-Fr-Sa
1,0.2,0.8,Amazon,30659,6,4808.930135185106,Mo-Di-Mi-Do-Fr-Sa
1,0.2,0.8,Amazon,30823,6,5492.8333908221575,Mo-Di-Mi-Do-Fr-Sa
1,0.2,0.8,Amazon,30826,6,5309.400426435489,Mo-Di-Mi-Do-Fr-Sa
1,0.2,0.8,Amazon,30827,6,4406.282253025094,Mo-Di-Mi-Do-Fr-Sa
1,0.2,0.8,Amazon,30851,6,4461.2266132019995,Mo-Di-Mi-Do-Fr-Sa
1,0.2,0.8,Amazon,30853,6,4295.473522234693,Mo-Di-Mi-Do-Fr-Sa
1,0.2,0.8,Amazon,30855,6,16425.713131956443,Mo-Di-Mi-Do-Fr-Sa
1,0.2,0.8,Amazon,30880,6,10836.49486333059,Mo-Di-Mi-Do-Fr-Sa
1,0.2,0.8,Amazon,30890,6,9949.99293278101,Mo-Di-Mi-Do-Fr-Sa
1,0.2,0.8,Amazon,30900,6,11733.296749095527,Mo-Di-Mi-Do-Fr-Sa
1,0.2,0.8,Amazon,30916,6,9943.63733060065,Mo-Di-Mi-Do-Fr-Sa
1,0.2,0.8,Amazon,30926,6,8780.42111083368,Mo-Di-Mi-Do-Fr-Sa
1,0.2,0.8,Amazon,30938,6,8932.3523870359,Mo-Di-Mi-Do-Fr-Sa
1,0.2,0.8,Amazon,30952,6,6792.522249966714,Mo-Di-Mi-Do-Fr-Sa
1,0.2,0.8,Amazon,30966,6,6753.487289755222,Mo-Di-Mi-Do-Fr-Sa
1,0.2,0.8,Amazon,30974,6,5185.498167842292,Mo-Di-Mi-Do-Fr-Sa
1,0.2,0.8,Amazon,30982,6,5545.048582884666,Mo-Di-Mi-Do-Fr-Sa
1,0.2,0.8,Amazon,30989,6,5239.8327189564525,Mo-Di-Mi-Do-Fr-Sa
1,0.2,0.8,Amazon,31275,6,14011.694458512184,Mo-Di-Mi-Do-Fr-Sa
1,0.2,0.8,Amazon,31303,6,10292.592352807045,Mo-Di-Mi-Do-Fr-Sa
1,0.2,0.8,Amazon,31311,6,8647.386430120578,Mo-Di-Mi-Do-Fr-Sa
1,0.2,0.8,Amazon,31319,6,9006.598190484336,Mo-Di-Mi-Do-Fr-Sa
1,0.2,0.8,Amazon,31515,6,12109.355310297444,Mo-Di-Mi-Do-Fr-Sa
1,0.2,0.8,Amazon,31535,6,14649.713985934406,Mo-Di-Mi-Do-Fr-Sa
1,0.2,0.8,Amazon,31832,6,10630.27600706838,Mo-Di-Mi-Do-Fr-Sa
1,0.2,0.8,DHL,30159,6,21425.132453693925,Mo-Di-Mi-Do-Fr-Sa
1,0.2,0.8,DHL,30161,6,10896.842490106472,Mo-Di-Mi-Do-Fr-Sa
1,0.2,0.8,DHL,30163,6,9949.803363797471,Mo-Di-Mi-Do-Fr-Sa
1,0.2,0.8,DHL,30165,6,8802.876567972335,Mo-Di-Mi-Do-Fr-Sa
1,0.2,0.8,DHL,30167,6,13153.912834635783,Mo-Di-Mi-Do-Fr-Sa
1,0.2,0.8,DHL,30169,6,5443.510365830029,Mo-Di-Mi-Do-Fr-Sa
1,0.2,0.8,DHL,30173,6,9027.275959686367,Mo-Di-Mi-Do-Fr-Sa
1,0.2,0.8,DHL,30177,6,6801.611388745387,Mo-Di-Mi-Do-Fr-Sa
1,0.2,0.8,DHL,30179,6,7025.737693154014,Mo-Di-Mi-Do-Fr-Sa
1,0.2,0.8,DHL,30419,6,15488.762582133773,Mo-Di-Mi-Do-Fr-Sa
1,0.2,0.8,DHL,30449,6,7469.2241491514915,Mo-Di-Mi-Do-Fr-Sa
1,0.2,0.8,DHL,30453,6,8951.952033907073,Mo-Di-Mi-Do-Fr-Sa
1,0.2,0.8,DHL,30455,6,7533.4371442876145,Mo-Di-Mi-Do-Fr-Sa
1,0.2,0.8,DHL,30457,6,7270.894456096109,Mo-Di-Mi-Do-Fr-Sa
1,0.2,0.8,DHL,30459,6,6651.002162382179,Mo-Di-Mi-Do-Fr-Sa
1,0.2,0.8,DHL,30519,6,13272.168787294228,Mo-Di-Mi-Do-Fr-Sa
1,0.2,0.8,DHL,30539,6,9349.501232628127,Mo-Di-Mi-Do-Fr-Sa
1,0.2,0.8,DHL,30559,6,12373.65925832722,Mo-Di-Mi-Do-Fr-Sa
1,0.2,0.8,DHL,30625,6,8096.802842174482,Mo-Di-Mi-Do-Fr-Sa
1,0.2,0.8,DHL,30627,6,5606.363090833329,Mo-Di-Mi-Do-Fr-Sa
1,0.2,0.8,DHL,30629,6,6766.974846046077,Mo-Di-Mi-Do-Fr-Sa
1,0.2,0.8,DHL,30655,6,8869.786833512764,Mo-Di-Mi-Do-Fr-Sa
1,0.2,0.8,DHL,30657,6,9992.167827012736,Mo-Di-Mi-Do-Fr-Sa
1,0.2,0.8,DHL,30659,6,7898.329610710899,Mo-Di-Mi-Do-Fr-Sa
1,0.2,0.8,DHL,30823,6,10208.877886178407,Mo-Di-Mi-Do-Fr-Sa
1,0.2,0.8,DHL,30826,6,9412.56972551855,Mo-Di-Mi-Do-Fr-Sa
1,0.2,0.8,DHL,30827,6,8625.617953447312,Mo-Di-Mi-Do-Fr-Sa
1,0.2,0.8,DHL,30851,6,7140.564548697186,Mo-Di-Mi-Do-Fr-Sa
1,0.2,0.8,DHL,30853,6,7954.150022203881,Mo-Di-Mi-Do-Fr-Sa
1,0.2,0.8,DHL,30855,6,32552.34432866005,Mo-Di-Mi-Do-Fr-Sa
1,0.2,0.8,DHL,30880,6,18007.36898635567,Mo-Di-Mi-Do-Fr-Sa
1,0.2,0.8,DHL,30890,6,15947.754646399117,Mo-Di-Mi-Do-Fr-Sa
1,0.2,0.8,DHL,30900,6,18229.388928763692,Mo-Di-Mi-Do-Fr-Sa
1,0.2,0.8,DHL,30916,6,17734.269551035948,Mo-Di-Mi-Do-Fr-Sa
1,0.2,0.8,DHL,30926,6,14434.82758928225,Mo-Di-Mi-Do-Fr-Sa
1,0.2,0.8,DHL,30938,6,14554.779241554967,Mo-Di-Mi-Do-Fr-Sa
1,0.2,0.8,DHL,30952,6,11365.430112451975,Mo-Di-Mi-Do-Fr-Sa
1,0.2,0.8,DHL,30966,6,10624.352717702506,Mo-Di-Mi-Do-Fr-Sa
1,0.2,0.8,DHL,30974,6,7703.025014293544,Mo-Di-Mi-Do-Fr-Sa
1,0.2,0.8,DHL,30982,6,8234.46117714012,Mo-Di-Mi-Do-Fr-Sa
1,0.2,0.8,DHL,30989,6,8649.900505408892,Mo-Di-Mi-Do-Fr-Sa
1,0.2,0.8,DHL,31275,6,20741.197757085225,Mo-Di-Mi-Do-Fr-Sa
1,0.2,0.8,DHL,31303,6,13739.115623819012,Mo-Di-Mi-Do-Fr-Sa
1,0.2,0.8,DHL,31311,6,10648.959166588764,Mo-Di-Mi-Do-Fr-Sa
1,0.2,0.8,DHL,31319,6,12210.553941257438,Mo-Di-Mi-Do-Fr-Sa
1,0.2,0.8,DHL,31515,6,20814.204304395767,Mo-Di-Mi-Do-Fr-Sa
1,0.2,0.8,DHL,31535,6,21637.256139647427,Mo-Di-Mi-Do-Fr-Sa
1,0.2,0.8,DHL,31832,6,14443.460212265947,Mo-Di-Mi-Do-Fr-Sa
1,0.2,0.8,DPD,30159,6,6745.43642982665,Mo-Di-Mi-Do-Fr-Sa
1,0.2,0.8,DPD,30161,6,3572.3066172774998,Mo-Di-Mi-Do-Fr-Sa
1,0.2,0.8,DPD,30163,6,3334.016654677259,Mo-Di-Mi-Do-Fr-Sa
1,0.2,0.8,DPD,30165,6,3220.920457383544,Mo-Di-Mi-Do-Fr-Sa
1,0.2,0.8,DPD,30167,6,4575.293145375498,Mo-Di-Mi-Do-Fr-Sa
1,0.2,0.8,DPD,30173,6,3028.2905288174024,Mo-Di-Mi-Do-Fr-Sa
1,0.2,0.8,DPD,30177,6,2209.9404705919,Mo-Di-Mi-Do-Fr-Sa
1,0.2,0.8,DPD,30179,6,2456.3548464568607,Mo-Di-Mi-Do-Fr-Sa
1,0.2,0.8,DPD,30419,6,5265.1161318874765,Mo-Di-Mi-Do-Fr-Sa
1,0.2,0.8,DPD,30449,6,4228.42693330016,Mo-Di-Mi-Do-Fr-Sa
1,0.2,0.8,DPD,30453,6,3642.2344276936155,Mo-Di-Mi-Do-Fr-Sa
1,0.2,0.8,DPD,30455,6,3096.4884420991384,Mo-Di-Mi-Do-Fr-Sa
1,0.2,0.8,DPD,30457,6,3033.5474025044095,Mo-Di-Mi-Do-Fr-Sa
1,0.2,0.8,DPD,30459,6,2600.91439635438,Mo-Di-Mi-Do-Fr-Sa
1,0.2,0.8,DPD,30519,6,4320.607386569162,Mo-Di-Mi-Do-Fr-Sa
1,0.2,0.8,DPD,30539,6,3413.7063659864443,Mo-Di-Mi-Do-Fr-Sa
1,0.2,0.8,DPD,30559,6,3962.3984605122114,Mo-Di-Mi-Do-Fr-Sa
1,0.2,0.8,DPD,30625,6,2850.320934681696,Mo-Di-Mi-Do-Fr-Sa
1,0.2,0.8,DPD,30627,6,1702.8075328692416,Mo-Di-Mi-Do-Fr-Sa
1,0.2,0.8,DPD,30629,6,2022.2450338148715,Mo-Di-Mi-Do-Fr-Sa
1,0.2,0.8,DPD,30655,6,2962.2877870695056,Mo-Di-Mi-Do-Fr-Sa
1,0.2,0.8,DPD,30657,6,3491.1799180397643,Mo-Di-Mi-Do-Fr-Sa
1,0.2,0.8,DPD,30659,6,2618.465789423123,Mo-Di-Mi-Do-Fr-Sa
1,0.2,0.8,DPD,30823,6,3865.0840833133775,Mo-Di-Mi-Do-Fr-Sa
1,0.2,0.8,DPD,30826,6,4450.281781439314,Mo-Di-Mi-Do-Fr-Sa
1,0.2,0.8,DPD,30827,6,3608.8593533036596,Mo-Di-Mi-Do-Fr-Sa
1,0.2,0.8,DPD,30851,6,2478.115916251141,Mo-Di-Mi-Do-Fr-Sa
1,0.2,0.8,DPD,30853,6,3139.9824024159293,Mo-Di-Mi-Do-Fr-Sa
1,0.2,0.8,DPD,30855,6,9902.157549572998,Mo-Di-Mi-Do-Fr-Sa
1,0.2,0.8,DPD,30880,6,5724.1369426636065,Mo-Di-Mi-Do-Fr-Sa
1,0.2,0.8,DPD,30890,6,7366.859287260241,Mo-Di-Mi-Do-Fr-Sa
1,0.2,0.8,DPD,30900,6,7907.913020603282,Mo-Di-Mi-Do-Fr-Sa
1,0.2,0.8,DPD,30916,6,5461.8560724360295,Mo-Di-Mi-Do-Fr-Sa
1,0.2,0.8,DPD,30926,6,6554.51545291052,Mo-Di-Mi-Do-Fr-Sa
1,0.2,0.8,DPD,30938,6,5375.687534132779,Mo-Di-Mi-Do-Fr-Sa
1,0.2,0.8,DPD,30952,6,4561.479157316165,Mo-Di-Mi-Do-Fr-Sa
1,0.2,0.8,DPD,30966,6,4113.820061245529,Mo-Di-Mi-Do-Fr-Sa
1,0.2,0.8,DPD,30974,6,3896.9038698685263,Mo-Di-Mi-Do-Fr-Sa
1,0.2,0.8,DPD,30982,6,3830.721528900909,Mo-Di-Mi-Do-Fr-Sa
1,0.2,0.8,DPD,30989,6,3946.0731716166256,Mo-Di-Mi-Do-Fr-Sa
1,0.2,0.8,DPD,31275,6,6769.754123240408,Mo-Di-Mi-Do-Fr-Sa
1,0.2,0.8,DPD,31303,6,5382.263541335347,Mo-Di-Mi-Do-Fr-Sa
1,0.2,0.8,DPD,31311,6,5057.5443785598,Mo-Di-Mi-Do-Fr-Sa
1,0.2,0.8,DPD,31319,6,4322.920564726374,Mo-Di-Mi-Do-Fr-Sa
1,0.2,0.8,DPD,31515,6,8514.010022868573,Mo-Di-Mi-Do-Fr-Sa
1,0.2,0.8,DPD,31535,6,10445.230487214772,Mo-Di-Mi-Do-Fr-Sa
1,0.2,0.8,DPD,31832,6,6946.620478408022,Mo-Di-Mi-Do-Fr-Sa
1,0.2,0.8,FedEx,30159,6,12718.231786828019,Mo-Di-Mi-Do-Fr-Sa
1,0.2,0.8,FedEx,30161,6,5117.62082484508,Mo-Di-Mi-Do-Fr-Sa
1,0.2,0.8,FedEx,30163,6,7975.018302233126,Mo-Di-Mi-Do-Fr-Sa
1,0.2,0.8,FedEx,30167,6,5034.453120713282,Mo-Di-Mi-Do-Fr-Sa
1,0.2,0.8,FedEx,30419,6,3180.1259661691156,Mo-Di-Mi-Do-Fr-Sa
1,0.2,0.8,FedEx,30449,6,5070.480072832069,Mo-Di-Mi-Do-Fr-Sa
1,0.2,0.8,FedEx,30453,6,3293.4750889307907,Mo-Di-Mi-Do-Fr-Sa
1,0.2,0.8,FedEx,30455,6,1946.7438791667537,Mo-Di-Mi-Do-Fr-Sa
1,0.2,0.8,FedEx,30457,6,2044.72202905335,Mo-Di-Mi-Do-Fr-Sa
1,0.2,0.8,FedEx,30519,6,4212.967113206203,Mo-Di-Mi-Do-Fr-Sa
1,0.2,0.8,FedEx,30539,6,4152.305372826759,Mo-Di-Mi-Do-Fr-Sa
1,0.2,0.8,FedEx,30559,6,5277.723812006553,Mo-Di-Mi-Do-Fr-Sa
1,0.2,0.8,FedEx,30625,6,3793.496546922467,Mo-Di-Mi-Do-Fr-Sa
1,0.2,0.8,FedEx,30655,6,3433.7185775447538,Mo-Di-Mi-Do-Fr-Sa
1,0.2,0.8,FedEx,30657,6,4470.593996761694,Mo-Di-Mi-Do-Fr-Sa
1,0.2,0.8,FedEx,30823,6,1961.9849632795315,Mo-Di-Mi-Do-Fr-Sa
1,0.2,0.8,FedEx,30827,6,4096.161855811475,Mo-Di-Mi-Do-Fr-Sa
1,0.2,0.8,FedEx,30853,6,4453.819539562914,Mo-Di-Mi-Do-Fr-Sa
1,0.2,0.8,FedEx,30855,6,11312.376813579114,Mo-Di-Mi-Do-Fr-Sa
1,0.2,0.8,FedEx,30880,6,5741.552839090982,Mo-Di-Mi-Do-Fr-Sa
1,0.2,0.8,FedEx,30890,6,3997.7414623067557,Mo-Di-Mi-Do-Fr-Sa
1,0.2,0.8,FedEx,30900,6,4635.623792045639,Mo-Di-Mi-Do-Fr-Sa
1,0.2,0.8,FedEx,30916,6,5240.3696223713005,Mo-Di-Mi-Do-Fr-Sa
1,0.2,0.8,FedEx,30926,6,3401.7660373946965,Mo-Di-Mi-Do-Fr-Sa
1,0.2,0.8,FedEx,30938,6,5545.461756733482,Mo-Di-Mi-Do-Fr-Sa
1,0.2,0.8,FedEx,30952,6,2775.4512231381723,Mo-Di-Mi-Do-Fr-Sa
1,0.2,0.8,FedEx,30966,6,2488.5376856129433,Mo-Di-Mi-Do-Fr-Sa
1,0.2,0.8,FedEx,30974,6,2391.637007376545,Mo-Di-Mi-Do-Fr-Sa
1,0.2,0.8,FedEx,30982,6,2379.2604748942445,Mo-Di-Mi-Do-Fr-Sa
1,0.2,0.8,FedEx,30989,6,2431.4853535221046,Mo-Di-Mi-Do-Fr-Sa
1,0.2,0.8,FedEx,31275,6,5124.1511973038305,Mo-Di-Mi-Do-Fr-Sa
1,0.2,0.8,FedEx,31303,6,4123.924879749779,Mo-Di-Mi-Do-Fr-Sa
1,0.2,0.8,FedEx,31311,6,2818.577694291381,Mo-Di-Mi-Do-Fr-Sa
1,0.2,0.8,FedEx,31319,6,2899.0915841222704,Mo-Di-Mi-Do-Fr-Sa
1,0.2,0.8,FedEx,31515,6,5042.452261301043,Mo-Di-Mi-Do-Fr-Sa
1,0.2,0.8,FedEx,31535,6,6096.402065541078,Mo-Di-Mi-Do-Fr-Sa
1,0.2,0.8,FedEx,31832,6,4579.1852282655655,Mo-Di-Mi-Do-Fr-Sa
1,0.2,0.8,GLS,30159,6,4642.731630176733,Mo-Di-Mi-Do-Fr-Sa
1,0.2,0.8,GLS,30161,6,2986.081313787293,Mo-Di-Mi-Do-Fr-Sa
1,0.2,0.8,GLS,30163,6,4573.00549257944,Mo-Di-Mi-Do-Fr-Sa
1,0.2,0.8,GLS,30165,6,2405.2247120162715,Mo-Di-Mi-Do-Fr-Sa
1,0.2,0.8,GLS,30167,6,3599.9610348639785,Mo-Di-Mi-Do-Fr-Sa
1,0.2,0.8,GLS,30173,6,2467.3206708480106,Mo-Di-Mi-Do-Fr-Sa
1,0.2,0.8,GLS,30179,6,2030.2594095239801,Mo-Di-Mi-Do-Fr-Sa
1,0.2,0.8,GLS,30419,6,4965.41823609136,Mo-Di-Mi-Do-Fr-Sa
1,0.2,0.8,GLS,30449,6,3622.3194063359115,Mo-Di-Mi-Do-Fr-Sa
1,0.2,0.8,GLS,30453,6,3220.8486215837556,Mo-Di-Mi-Do-Fr-Sa
1,0.2,0.8,GLS,30455,6,2710.1642671316163,Mo-Di-Mi-Do-Fr-Sa
1,0.2,0.8,GLS,30457,6,2439.5045011125458,Mo-Di-Mi-Do-Fr-Sa
1,0.2,0.8,GLS,30459,6,1876.236727895414,Mo-Di-Mi-Do-Fr-Sa
1,0.2,0.8,GLS,30519,6,3552.9135868219814,Mo-Di-Mi-Do-Fr-Sa
1,0.2,0.8,GLS,30539,6,2447.219634346096,Mo-Di-Mi-Do-Fr-Sa
1,0.2,0.8,GLS,30559,6,3755.0680366461006,Mo-Di-Mi-Do-Fr-Sa
1,0.2,0.8,GLS,30625,6,2210.8683733501316,Mo-Di-Mi-Do-Fr-Sa
1,0.2,0.8,GLS,30627,6,1794.681684046207,Mo-Di-Mi-Do-Fr-Sa
1,0.2,0.8,GLS,30629,6,2094.2697610443015,Mo-Di-Mi-Do-Fr-Sa
1,0.2,0.8,GLS,30655,6,3084.925174317692,Mo-Di-Mi-Do-Fr-Sa
1,0.2,0.8,GLS,30657,6,2844.2755580556222,Mo-Di-Mi-Do-Fr-Sa
1,0.2,0.8,GLS,30659,6,2165.5626302364476,Mo-Di-Mi-Do-Fr-Sa
1,0.2,0.8,GLS,30823,6,3924.3738476586004,Mo-Di-Mi-Do-Fr-Sa
1,0.2,0.8,GLS,30826,6,4450.709602332494,Mo-Di-Mi-Do-Fr-Sa
1,0.2,0.8,GLS,30827,6,3074.664687517894,Mo-Di-Mi-Do-Fr-Sa
1,0.2,0.8,GLS,30851,6,2097.4205946859483,Mo-Di-Mi-Do-Fr-Sa
1,0.2,0.8,GLS,30853,6,2190.0844891648285,Mo-Di-Mi-Do-Fr-Sa
1,0.2,0.8,GLS,30855,6,7965.715090235543,Mo-Di-Mi-Do-Fr-Sa
1,0.2,0.8,GLS,30880,6,4410.166219280911,Mo-Di-Mi-Do-Fr-Sa
1,0.2,0.8,GLS,30890,6,6973.735884763185,Mo-Di-Mi-Do-Fr-Sa
1,0.2,0.8,GLS,30900,6,7362.540240615051,Mo-Di-Mi-Do-Fr-Sa
1,0.2,0.8,GLS,30916,6,4763.202136413941,Mo-Di-Mi-Do-Fr-Sa
1,0.2,0.8,GLS,30926,6,5231.578416246413,Mo-Di-Mi-Do-Fr-Sa
1,0.2,0.8,GLS,30938,6,5971.2996390760245,Mo-Di-Mi-Do-Fr-Sa
1,0.2,0.8,GLS,30952,6,4042.14874679477,Mo-Di-Mi-Do-Fr-Sa
1,0.2,0.8,GLS,30966,6,3507.0096481155524,Mo-Di-Mi-Do-Fr-Sa
1,0.2,0.8,GLS,30974,6,2912.392838204481,Mo-Di-Mi-Do-Fr-Sa
1,0.2,0.8,GLS,30982,6,2738.200143049824,Mo-Di-Mi-Do-Fr-Sa
1,0.2,0.8,GLS,30989,6,2798.376100761728,Mo-Di-Mi-Do-Fr-Sa
1,0.2,0.8,GLS,31275,6,6976.065105573762,Mo-Di-Mi-Do-Fr-Sa
1,0.2,0.8,GLS,31303,6,5973.506921190097,Mo-Di-Mi-Do-Fr-Sa
1,0.2,0.8,GLS,31311,6,4948.797517087573,Mo-Di-Mi-Do-Fr-Sa
1,0.2,0.8,GLS,31319,6,4180.379543747179,Mo-Di-Mi-Do-Fr-Sa
1,0.2,0.8,GLS,31515,6,8256.921895152971,Mo-Di-Mi-Do-Fr-Sa
1,0.2,0.8,GLS,31535,6,10499.401507100236,Mo-Di-Mi-Do-Fr-Sa
1,0.2,0.8,GLS,31832,6,5063.723709467103,Mo-Di-Mi-Do-Fr-Sa
1,0.2,0.8,Hermes,30159,6,5733.224620250021,Mo-Di-Mi-Do-Fr-Sa
1,0.2,0.8,Hermes,30161,6,3199.481172195214,Mo-Di-Mi-Do-Fr-Sa
1,0.2,0.8,Hermes,30163,6,3149.747408424128,Mo-Di-Mi-Do-Fr-Sa
1,0.2,0.8,Hermes,30165,6,3068.6506500487,Mo-Di-Mi-Do-Fr-Sa
1,0.2,0.8,Hermes,30167,6,4191.407588044548,Mo-Di-Mi-Do-Fr-Sa
1,0.2,0.8,Hermes,30173,6,3381.0704854709033,Mo-Di-Mi-Do-Fr-Sa
1,0.2,0.8,Hermes,30177,6,2890.100281124943,Mo-Di-Mi-Do-Fr-Sa
1,0.2,0.8,Hermes,30179,6,2910.160615852085,Mo-Di-Mi-Do-Fr-Sa
1,0.2,0.8,Hermes,30419,6,5349.858727332469,Mo-Di-Mi-Do-Fr-Sa
1,0.2,0.8,Hermes,30449,6,4242.570999862953,Mo-Di-Mi-Do-Fr-Sa
1,0.2,0.8,Hermes,30453,6,3492.5973865174465,Mo-Di-Mi-Do-Fr-Sa
1,0.2,0.8,Hermes,30455,6,3483.007050591635,Mo-Di-Mi-Do-Fr-Sa
1,0.2,0.8,Hermes,30457,6,3569.233546071827,Mo-Di-Mi-Do-Fr-Sa
1,0.2,0.8,Hermes,30459,6,3465.6139132677736,Mo-Di-Mi-Do-Fr-Sa
1,0.2,0.8,Hermes,30519,6,5059.54869015822,Mo-Di-Mi-Do-Fr-Sa
1,0.2,0.8,Hermes,30539,6,3645.27178816927,Mo-Di-Mi-Do-Fr-Sa
1,0.2,0.8,Hermes,30559,6,5354.545180144074,Mo-Di-Mi-Do-Fr-Sa
1,0.2,0.8,Hermes,30625,6,3273.024738869934,Mo-Di-Mi-Do-Fr-Sa
1,0.2,0.8,Hermes,30627,6,1800.235438802243,Mo-Di-Mi-Do-Fr-Sa
1,0.2,0.8,Hermes,30629,6,3350.386872776183,Mo-Di-Mi-Do-Fr-Sa
1,0.2,0.8,Hermes,30655,6,3431.0171455734962,Mo-Di-Mi-Do-Fr-Sa
1,0.2,0.8,Hermes,30657,6,3111.094528158594,Mo-Di-Mi-Do-Fr-Sa
1,0.2,0.8,Hermes,30659,6,3309.038695730729,Mo-Di-Mi-Do-Fr-Sa
1,0.2,0.8,Hermes,30823,6,3990.3024874652046,Mo-Di-Mi-Do-Fr-Sa
1,0.2,0.8,Hermes,30826,6,4128.411311124519,Mo-Di-Mi-Do-Fr-Sa
1,0.2,0.8,Hermes,30827,6,3094.2868268624684,Mo-Di-Mi-Do-Fr-Sa
1,0.2,0.8,Hermes,30851,6,2771.6415924617286,Mo-Di-Mi-Do-Fr-Sa
1,0.2,0.8,Hermes,30853,6,2517.942276990752,Mo-Di-Mi-Do-Fr-Sa
1,0.2,0.8,Hermes,30855,6,8779.652974651703,Mo-Di-Mi-Do-Fr-Sa
1,0.2,0.8,Hermes,30880,6,6557.610295895224,Mo-Di-Mi-Do-Fr-Sa
1,0.2,0.8,Hermes,30890,6,7809.555367111947,Mo-Di-Mi-Do-Fr-Sa
1,0.2,0.8,Hermes,30900,6,7214.925875920487,Mo-Di-Mi-Do-Fr-Sa
1,0.2,0.8,Hermes,30916,6,5828.192709584215,Mo-Di-Mi-Do-Fr-Sa
1,0.2,0.8,Hermes,30926,6,6011.173799751178,Mo-Di-Mi-Do-Fr-Sa
1,0.2,0.8,Hermes,30938,6,5828.804691204429,Mo-Di-Mi-Do-Fr-Sa
1,0.2,0.8,Hermes,30952,6,4970.456535421607,Mo-Di-Mi-Do-Fr-Sa
1,0.2,0.8,Hermes,30966,6,4366.584680259732,Mo-Di-Mi-Do-Fr-Sa
1,0.2,0.8,Hermes,30974,6,4410.144825608362,Mo-Di-Mi-Do-Fr-Sa
1,0.2,0.8,Hermes,30982,6,4427.074150417707,Mo-Di-Mi-Do-Fr-Sa
1,0.2,0.8,Hermes,30989,6,4157.952995024617,Mo-Di-Mi-Do-Fr-Sa
1,0.2,0.8,Hermes,31275,6,9028.68038608271,Mo-Di-Mi-Do-Fr-Sa
1,0.2,0.8,Hermes,31303,6,7250.99937144573,Mo-Di-Mi-Do-Fr-Sa
1,0.2,0.8,Hermes,31311,6,6890.503183739214,Mo-Di-Mi-Do-Fr-Sa
1,0.2,0.8,Hermes,31319,6,7188.758708235467,Mo-Di-Mi-Do-Fr-Sa
1,0.2,0.8,Hermes,31515,6,8767.215399032415,Mo-Di-Mi-Do-Fr-Sa
1,0.2,0.8,Hermes,31535,6,10757.266852596395,Mo-Di-Mi-Do-Fr-Sa
1,0.2,0.8,Hermes,31832,6,8382.154012315681,Mo-Di-Mi-Do-Fr-Sa
1,0.2,0.8,UPS,30159,6,14317.480235229965,Mo-Di-Mi-Do-Fr-Sa
1,0.2,0.8,UPS,30161,6,5890.635111592997,Mo-Di-Mi-Do-Fr-Sa
1,0.2,0.8,UPS,30163,6,6349.944745490952,Mo-Di-Mi-Do-Fr-Sa
1,0.2,0.8,UPS,30165,6,3734.612092283068,Mo-Di-Mi-Do-Fr-Sa
1,0.2,0.8,UPS,30167,6,5814.4595762356885,Mo-Di-Mi-Do-Fr-Sa
1,0.2,0.8,UPS,30419,6,3394.8772470909635,Mo-Di-Mi-Do-Fr-Sa
1,0.2,0.8,UPS,30449,6,6674.182899507537,Mo-Di-Mi-Do-Fr-Sa
1,0.2,0.8,UPS,30453,6,3351.1237228460413,Mo-Di-Mi-Do-Fr-Sa
1,0.2,0.8,UPS,30455,6,1996.1301130016752,Mo-Di-Mi-Do-Fr-Sa
1,0.2,0.8,UPS,30457,6,2082.9256820867663,Mo-Di-Mi-Do-Fr-Sa
1,0.2,0.8,UPS,30519,6,4973.9315352734,Mo-Di-Mi-Do-Fr-Sa
1,0.2,0.8,UPS,30539,6,4485.850061676111,Mo-Di-Mi-Do-Fr-Sa
1,0.2,0.8,UPS,30559,6,4939.1329806155645,Mo-Di-Mi-Do-Fr-Sa
1,0.2,0.8,UPS,30625,6,4339.667231631438,Mo-Di-Mi-Do-Fr-Sa
1,0.2,0.8,UPS,30655,6,2094.0257327831955,Mo-Di-Mi-Do-Fr-Sa
1,0.2,0.8,UPS,30657,6,4716.19795217861,Mo-Di-Mi-Do-Fr-Sa
1,0.2,0.8,UPS,30659,6,3619.59971665554,Mo-Di-Mi-Do-Fr-Sa
1,0.2,0.8,UPS,30823,6,3052.1704739423803,Mo-Di-Mi-Do-Fr-Sa
1,0.2,0.8,UPS,30826,6,2042.7216152816727,Mo-Di-Mi-Do-Fr-Sa
1,0.2,0.8,UPS,30827,6,3318.772929682461,Mo-Di-Mi-Do-Fr-Sa
1,0.2,0.8,UPS,30853,6,4528.522142755246,Mo-Di-Mi-Do-Fr-Sa
1,0.2,0.8,UPS,30855,6,12308.304707064348,Mo-Di-Mi-Do-Fr-Sa
1,0.2,0.8,UPS,30880,6,6984.527492927398,Mo-Di-Mi-Do-Fr-Sa
1,0.2,0.8,UPS,30890,6,4599.930410969343,Mo-Di-Mi-Do-Fr-Sa
1,0.2,0.8,UPS,30900,6,5015.522672116011,Mo-Di-Mi-Do-Fr-Sa
1,0.2,0.8,UPS,30916,6,5894.597782277826,Mo-Di-Mi-Do-Fr-Sa
1,0.2,0.8,UPS,30926,6,3979.540646149894,Mo-Di-Mi-Do-Fr-Sa
1,0.2,0.8,UPS,30938,6,5900.509623828604,Mo-Di-Mi-Do-Fr-Sa
1,0.2,0.8,UPS,30952,6,3623.86551862089,Mo-Di-Mi-Do-Fr-Sa
1,0.2,0.8,UPS,30966,6,3458.283671063921,Mo-Di-Mi-Do-Fr-Sa
1,0.2,0.8,UPS,30974,6,2944.0941408457325,Mo-Di-Mi-Do-Fr-Sa
1,0.2,0.8,UPS,30982,6,3021.3027147961793,Mo-Di-Mi-Do-Fr-Sa
1,0.2,0.8,UPS,30989,6,3076.746244653496,Mo-Di-Mi-Do-Fr-Sa
1,0.2,0.8,UPS,31275,6,6655.257075966285,Mo-Di-Mi-Do-Fr-Sa
1,0.2,0.8,UPS,31303,6,4510.316706152553,Mo-Di-Mi-Do-Fr-Sa
1,0.2,0.8,UPS,31311,6,4373.121879073002,Mo-Di-Mi-Do-Fr-Sa
1,0.2,0.8,UPS,31319,6,3620.0013358882434,Mo-Di-Mi-Do-Fr-Sa
1,0.2,0.8,UPS,31515,6,6735.40640345356,Mo-Di-Mi-Do-Fr-Sa
1,0.2,0.8,UPS,31535,6,7613.836771350983,Mo-Di-Mi-Do-Fr-Sa
1,0.2,0.8,UPS,31832,6,5105.054625543156,Mo-Di-Mi-Do-Fr-Sa
1,0.30000000000000004,0.7,Amazon,30159,6,11687.758591886499,Mo-Di-Mi-Do-Fr-Sa
1,0.30000000000000004,0.7,Amazon,30161,6,6198.076199381901,Mo-Di-Mi-Do-Fr-Sa
1,0.30000000000000004,0.7,Amazon,30163,6,5887.274416922319,Mo-Di-Mi-Do-Fr-Sa
1,0.30000000000000004,0.7,Amazon,30165,6,4696.3632925800775,Mo-Di-Mi-Do-Fr-Sa
1,0.30000000000000004,0.7,Amazon,30167,6,7124.980941103149,Mo-Di-Mi-Do-Fr-Sa
1,0.30000000000000004,0.7,Amazon,30173,6,5184.403263125373,Mo-Di-Mi-Do-Fr-Sa
1,0.30000000000000004,0.7,Amazon,30177,6,4295.3755099319715,Mo-Di-Mi-Do-Fr-Sa
1,0.30000000000000004,0.7,Amazon,30179,6,4357.442561887894,Mo-Di-Mi-Do-Fr-Sa
1,0.30000000000000004,0.7,Amazon,30419,6,8685.332684443236,Mo-Di-Mi-Do-Fr-Sa
1,0.30000000000000004,0.7,Amazon,30449,6,6930.958642387422,Mo-Di-Mi-Do-Fr-Sa
1,0.30000000000000004,0.7,Amazon,30453,6,4953.369950665476,Mo-Di-Mi-Do-Fr-Sa
1,0.30000000000000004,0.7,Amazon,30455,6,4733.969914501729,Mo-Di-Mi-Do-Fr-Sa
1,0.30000000000000004,0.7,Amazon,30457,6,4861.272760888753,Mo-Di-Mi-Do-Fr-Sa
1,0.30000000000000004,0.7,Amazon,30459,6,4721.113690320388,Mo-Di-Mi-Do-Fr-Sa
1,0.30000000000000004,0.7,Amazon,30519,6,7989.408733574742,Mo-Di-Mi-Do-Fr-Sa
1,0.30000000000000004,0.7,Amazon,30539,6,5232.56483537078,Mo-Di-Mi-Do-Fr-Sa
1,0.30000000000000004,0.7,Amazon,30559,6,7936.80103693811,Mo-Di-Mi-Do-Fr-Sa
1,0.30000000000000004,0.7,Amazon,30625,6,4833.5787808117675,Mo-Di-Mi-Do-Fr-Sa
1,0.30000000000000004,0.7,Amazon,30627,6,3579.2895236259706,Mo-Di-Mi-Do-Fr-Sa
1,0.30000000000000004,0.7,Amazon,30629,6,4483.669440977608,Mo-Di-Mi-Do-Fr-Sa
1,0.30000000000000004,0.7,Amazon,30655,6,5134.034576870573,Mo-Di-Mi-Do-Fr-Sa
1,0.30000000000000004,0.7,Amazon,30657,6,5211.641795669652,Mo-Di-Mi-Do-Fr-Sa
1,0.30000000000000004,0.7,Amazon,30659,6,4808.930135185106,Mo-Di-Mi-Do-Fr-Sa
1,0.30000000000000004,0.7,Amazon,30823,6,5492.8333908221575,Mo-Di-Mi-Do-Fr-Sa
1,0.30000000000000004,0.7,Amazon,30826,6,5309.400426435489,Mo-Di-Mi-Do-Fr-Sa
1,0.30000000000000004,0.7,Amazon,30827,6,4406.282253025094,Mo-Di-Mi-Do-Fr-Sa
1,0.30000000000000004,0.7,Amazon,30851,6,4461.2266132019995,Mo-Di-Mi-Do-Fr-Sa
1,0.30000000000000004,0.7,Amazon,30853,6,4295.473522234693,Mo-Di-Mi-Do-Fr-Sa
1,0.30000000000000004,0.7,Amazon,30855,6,16425.713131956443,Mo-Di-Mi-Do-Fr-Sa
1,0.30000000000000004,0.7,Amazon,30880,6,10836.49486333059,Mo-Di-Mi-Do-Fr-Sa
1,0.30000000000000004,0.7,Amazon,30890,6,9949.99293278101,Mo-Di-Mi-Do-Fr-Sa
1,0.30000000000000004,0.7,Amazon,30900,6,11733.296749095527,Mo-Di-Mi-Do-Fr-Sa
1,0.30000000000000004,0.7,Amazon,30916,6,9943.63733060065,Mo-Di-Mi-Do-Fr-Sa
1,0.30000000000000004,0.7,Amazon,30926,6,8780.42111083368,Mo-Di-Mi-Do-Fr-Sa
1,0.30000000000000004,0.7,Amazon,30938,6,8932.3523870359,Mo-Di-Mi-Do-Fr-Sa
1,0.30000000000000004,0.7,Amazon,30952,6,6792.522249966714,Mo-Di-Mi-Do-Fr-Sa
1,0.30000000000000004,0.7,Amazon,30966,6,6753.487289755222,Mo-Di-Mi-Do-Fr-Sa
1,0.30000000000000004,0.7,Amazon,30974,6,5185.498167842292,Mo-Di-Mi-Do-Fr-Sa
1,0.30000000000000004,0.7,Amazon,30982,6,5545.048582884666,Mo-Di-Mi-Do-Fr-Sa
1,0.30000000000000004,0.7,Amazon,30989,6,5239.8327189564525,Mo-Di-Mi-Do-Fr-Sa
1,0.30000000000000004,0.7,Amazon,31275,6,14011.694458512184,Mo-Di-Mi-Do-Fr-Sa
1,0.30000000000000004,0.7,Amazon,31303,6,10292.592352807045,Mo-Di-Mi-Do-Fr-Sa
1,0.30000000000000004,0.7,Amazon,31311,6,8647.386430120578,Mo-Di-Mi-Do-Fr-Sa
1,0.30000000000000004,0.7,Amazon,31319,6,9006.598190484336,Mo-Di-Mi-Do-Fr-Sa
1,0.30000000000000004,0.7,Amazon,31515,6,12109.355310297444,Mo-Di-Mi-Do-Fr-Sa
1,0.30000000000000004,0.7,Amazon,31535,6,14649.713985934406,Mo-Di-Mi-Do-Fr-Sa
1,0.30000000000000004,0.7,Amazon,31832,6,10630.27600706838,Mo-Di-Mi-Do-Fr-Sa
1,0.30000000000000004,0.7,DHL,30159,6,21425.132453693925,Mo-Di-Mi-Do-Fr-Sa
1,0.30000000000000004,0.7,DHL,30161,6,10896.842490106472,Mo-Di-Mi-Do-Fr-Sa
1,0.30000000000000004,0.7,DHL,30163,6,9949.803363797471,Mo-Di-Mi-Do-Fr-Sa
1,0.30000000000000004,0.7,DHL,30165,6,8802.876567972335,Mo-Di-Mi-Do-Fr-Sa
1,0.30000000000000004,0.7,DHL,30167,6,13153.912834635783,Mo-Di-Mi-Do-Fr-Sa
1,0.30000000000000004,0.7,DHL,30169,6,5443.510365830029,Mo-Di-Mi-Do-Fr-Sa
1,0.30000000000000004,0.7,DHL,30173,6,9027.275959686367,Mo-Di-Mi-Do-Fr-Sa
1,0.30000000000000004,0.7,DHL,30177,6,6801.611388745387,Mo-Di-Mi-Do-Fr-Sa
1,0.30000000000000004,0.7,DHL,30179,6,7025.737693154014,Mo-Di-Mi-Do-Fr-Sa
1,0.30000000000000004,0.7,DHL,30419,6,15488.762582133773,Mo-Di-Mi-Do-Fr-Sa
1,0.30000000000000004,0.7,DHL,30449,6,7469.2241491514915,Mo-Di-Mi-Do-Fr-Sa
1,0.30000000000000004,0.7,DHL,30453,6,8951.952033907073,Mo-Di-Mi-Do-Fr-Sa
1,0.30000000000000004,0.7,DHL,30455,6,7533.4371442876145,Mo-Di-Mi-Do-Fr-Sa
1,0.30000000000000004,0.7,DHL,30457,6,7270.894456096109,Mo-Di-Mi-Do-Fr-Sa
1,0.30000000000000004,0.7,DHL,30459,6,6651.002162382179,Mo-Di-Mi-Do-Fr-Sa
1,0.30000000000000004,0.7,DHL,30519,6,13272.168787294228,Mo-Di-Mi-Do-Fr-Sa
1,0.30000000000000004,0.7,DHL,30539,6,9349.501232628127,Mo-Di-Mi-Do-Fr-Sa
1,0.30000000000000004,0.7,DHL,30559,6,12373.65925832722,Mo-Di-Mi-Do-Fr-Sa
1,0.30000000000000004,0.7,DHL,30625,6,8096.802842174482,Mo-Di-Mi-Do-Fr-Sa
1,0.30000000000000004,0.7,DHL,30627,6,5606.363090833329,Mo-Di-Mi-Do-Fr-Sa
1,0.30000000000000004,0.7,DHL,30629,6,6766.974846046077,Mo-Di-Mi-Do-Fr-Sa
1,0.30000000000000004,0.7,DHL,30655,6,8869.786833512764,Mo-Di-Mi-Do-Fr-Sa
1,0.30000000000000004,0.7,DHL,30657,6,9992.167827012736,Mo-Di-Mi-Do-Fr-Sa
1,0.30000000000000004,0.7,DHL,30659,6,7898.329610710899,Mo-Di-Mi-Do-Fr-Sa
1,0.30000000000000004,0.7,DHL,30823,6,10208.877886178407,Mo-Di-Mi-Do-Fr-Sa
1,0.30000000000000004,0.7,DHL,30826,6,9412.56972551855,Mo-Di-Mi-Do-Fr-Sa
1,0.30000000000000004,0.7,DHL,30827,6,8625.617953447312,Mo-Di-Mi-Do-Fr-Sa
1,0.30000000000000004,0.7,DHL,30851,6,7140.564548697186,Mo-Di-Mi-Do-Fr-Sa
1,0.30000000000000004,0.7,DHL,30853,6,7954.150022203881,Mo-Di-Mi-Do-Fr-Sa
1,0.30000000000000004,0.7,DHL,30855,6,32552.34432866005,Mo-Di-Mi-Do-Fr-Sa
1,0.30000000000000004,0.7,DHL,30880,6,18007.36898635567,Mo-Di-Mi-Do-Fr-Sa
1,0.30000000000000004,0.7,DHL,30890,6,15947.754646399117,Mo-Di-Mi-Do-Fr-Sa
1,0.30000000000000004,0.7,DHL,30900,6,18229.388928763692,Mo-Di-Mi-Do-Fr-Sa
1,0.30000000000000004,0.7,DHL,30916,6,17734.269551035948,Mo-Di-Mi-Do-Fr-Sa
1,0.30000000000000004,0.7,DHL,30926,6,14434.82758928225,Mo-Di-Mi-Do-Fr-Sa
1,0.30000000000000004,0.7,DHL,30938,6,14554.779241554967,Mo-Di-Mi-Do-Fr-Sa
1,0.30000000000000004,0.7,DHL,30952,6,11365.430112451975,Mo-Di-Mi-Do-Fr-Sa
1,0.30000000000000004,0.7,DHL,30966,6,10624.352717702506,Mo-Di-Mi-Do-Fr-Sa
1,0.30000000000000004,0.7,DHL,30974,6,7703.025014293544,Mo-Di-Mi-Do-Fr-Sa
1,0.30000000000000004,0.7,DHL,30982,6,8234.46117714012,Mo-Di-Mi-Do-Fr-Sa
1,0.30000000000000004,0.7,DHL,30989,6,8649.900505408892,Mo-Di-Mi-Do-Fr-Sa
1,0.30000000000000004,0.7,DHL,31275,6,20741.197757085225,Mo-Di-Mi-Do-Fr-Sa
1,0.30000000000000004,0.7,DHL,31303,6,13739.115623819012,Mo-Di-Mi-Do-Fr-Sa
1,0.30000000000000004,0.7,DHL,31311,6,10648.959166588764,Mo-Di-Mi-Do-Fr-Sa
1,0.30000000000000004,0.7,DHL,31319,6,12210.553941257438,Mo-Di-Mi-Do-Fr-Sa
1,0.30000000000000004,0.7,DHL,31515,6,20814.204304395767,Mo-Di-Mi-Do-Fr-Sa
1,0.30000000000000004,0.7,DHL,31535,6,21637.256139647427,Mo-Di-Mi-Do-Fr-Sa
1,0.30000000000000004,0.7,DHL,31832,6,14443.460212265947,Mo-Di-Mi-Do-Fr-Sa
1,0.30000000000000004,0.7,DPD,30159,6,6745.43642982665,Mo-Di-Mi-Do-Fr-Sa
1,0.30000000000000004,0.7,DPD,30161,6,3572.3066172774998,Mo-Di-Mi-Do-Fr-Sa
1,0.30000000000000004,0.7,DPD,30163,6,3334.016654677259,Mo-Di-Mi-Do-Fr-Sa
1,0.30000000000000004,0.7,DPD,30165,6,3220.920457383544,Mo-Di-Mi-Do-Fr-Sa
1,0.30000000000000004,0.7,DPD,30167,6,4575.293145375498,Mo-Di-Mi-Do-Fr-Sa
1,0.30000000000000004,0.7,DPD,30173,6,3028.2905288174024,Mo-Di-Mi-Do-Fr-Sa
1,0.30000000000000004,0.7,DPD,30177,6,2209.9404705919,Mo-Di-Mi-Do-Fr-Sa
1,0.30000000000000004,0.7,DPD,30179,6,2456.3548464568607,Mo-Di-Mi-Do-Fr-Sa
1,0.30000000000000004,0.7,DPD,30419,6,5265.1161318874765,Mo-Di-Mi-Do-Fr-Sa
1,0.30000000000000004,0.7,DPD,30449,6,4228.42693330016,Mo-Di-Mi-Do-Fr-Sa
1,0.30000000000000004,0.7,DPD,30453,6,3642.2344276936155,Mo-Di-Mi-Do-Fr-Sa
1,0.30000000000000004,0.7,DPD,30455,6,3096.4884420991384,Mo-Di-Mi-Do-Fr-Sa
1,0.30000000000000004,0.7,DPD,30457,6,3033.5474025044095,Mo-Di-Mi-Do-Fr-Sa
1,0.30000000000000004,0.7,DPD,30459,6,2600.91439635438,Mo-Di-Mi-Do-Fr-Sa
1,0.30000000000000004,0.7,DPD,30519,6,4320.607386569162,Mo-Di-Mi-Do-Fr-Sa
1,0.30000000000000004,0.7,DPD,30539,6,3413.7063659864443,Mo-Di-Mi-Do-Fr-Sa
1,0.30000000000000004,0.7,DPD,30559,6,3962.3984605122114,Mo-Di-Mi-Do-Fr-Sa
1,0.30000000000000004,0.7,DPD,30625,6,2850.320934681696,Mo-Di-Mi-Do-Fr-Sa
1,0.30000000000000004,0.7,DPD,30627,6,1702.8075328692416,Mo-Di-Mi-Do-Fr-Sa
1,0.30000000000000004,0.7,DPD,30629,6,2022.2450338148715,Mo-Di-Mi-Do-Fr-Sa
1,0.30000000000000004,0.7,DPD,30655,6,2962.2877870695056,Mo-Di-Mi-Do-Fr-Sa
1,0.30000000000000004,0.7,DPD,30657,6,3491.1799180397643,Mo-Di-Mi-Do-Fr-Sa
1,0.30000000000000004,0.7,DPD,30659,6,2618.465789423123,Mo-Di-Mi-Do-Fr-Sa
1,0.30000000000000004,0.7,DPD,30823,6,3865.0840833133775,Mo-Di-Mi-Do-Fr-Sa
1,0.30000000000000004,0.7,DPD,30826,6,4450.281781439314,Mo-Di-Mi-Do-Fr-Sa
1,0.30000000000000004,0.7,DPD,30827,6,3608.8593533036596,Mo-Di-Mi-Do-Fr-Sa
1,0.30000000000000004,0.7,DPD,30851,6,2478.115916251141,Mo-Di-Mi-Do-Fr-Sa
1,0.30000000000000004,0.7,DPD,30853,6,3139.9824024159293,Mo-Di-Mi-Do-Fr-Sa
1,0.30000000000000004,0.7,DPD,30855,6,9902.157549572998,Mo-Di-Mi-Do-Fr-Sa
1,0.30000000000000004,0.7,DPD,30880,6,5724.1369426636065,Mo-Di-Mi-Do-Fr-Sa
1,0.30000000000000004,0.7,DPD,30890,6,7366.859287260241,Mo-Di-Mi-Do-Fr-Sa
1,0.30000000000000004,0.7,DPD,30900,6,7907.913020603282,Mo-Di-Mi-Do-Fr-Sa
1,0.30000000000000004,0.7,DPD,30916,6,5461.8560724360295,Mo-Di-Mi-Do-Fr-Sa
1,0.30000000000000004,0.7,DPD,30926,6,6554.51545291052,Mo-Di-Mi-Do-Fr-Sa
1,0.30000000000000004,0.7,DPD,30938,6,5375.687534132779,Mo-Di-Mi-Do-Fr-Sa
1,0.30000000000000004,0.7,DPD,30952,6,4561.479157316165,Mo-Di-Mi-Do-Fr-Sa
1,0.30000000000000004,0.7,DPD,30966,6,4113.820061245529,Mo-Di-Mi-Do-Fr-Sa
1,0.30000000000000004,0.7,DPD,30974,6,3896.9038698685263,Mo-Di-Mi-Do-Fr-Sa
1,0.30000000000000004,0.7,DPD,30982,6,3830.721528900909,Mo-Di-Mi-Do-Fr-Sa
1,0.30000000000000004,0.7,DPD,30989,6,3946.0731716166256,Mo-Di-Mi-Do-Fr-Sa
1,0.30000000000000004,0.7,DPD,31275,6,6769.754123240408,Mo-Di-Mi-Do-Fr-Sa
1,0.30000000000000004,0.7,DPD,31303,6,5382.263541335347,Mo-Di-Mi-Do-Fr-Sa
1,0.30000000000000004,0.7,DPD,31311,6,5057.5443785598,Mo-Di-Mi-Do-Fr-Sa
1,0.30000000000000004,0.7,DPD,31319,6,4322.920564726374,Mo-Di-Mi-Do-Fr-Sa
1,0.30000000000000004,0.7,DPD,31515,6,8514.010022868573,Mo-Di-Mi-Do-Fr-Sa
1,0.30000000000000004,0.7,DPD,31535,6,10445.230487214772,Mo-Di-Mi-Do-Fr-Sa
1,0.30000000000000004,0.7,DPD,31832,6,6946.620478408022,Mo-Di-Mi-Do-Fr-Sa
1,0.30000000000000004,0.7,FedEx,30159,6,12718.231786828019,Mo-Di-Mi-Do-Fr-Sa
1,0.30000000000000004,0.7,FedEx,30161,6,5117.62082484508,Mo-Di-Mi-Do-Fr-Sa
1,0.30000000000000004,0.7,FedEx,30163,6,7975.018302233126,Mo-Di-Mi-Do-Fr-Sa
1,0.30000000000000004,0.7,FedEx,30167,6,5034.453120713282,Mo-Di-Mi-Do-Fr-Sa
1,0.30000000000000004,0.7,FedEx,30419,6,3180.1259661691156,Mo-Di-Mi-Do-Fr-Sa
1,0.30000000000000004,0.7,FedEx,30449,6,5070.480072832069,Mo-Di-Mi-Do-Fr-Sa
1,0.30000000000000004,0.7,FedEx,30453,6,3293.4750889307907,Mo-Di-Mi-Do-Fr-Sa
1,0.30000000000000004,0.7,FedEx,30455,6,1946.7438791667537,Mo-Di-Mi-Do-Fr-Sa
1,0.30000000000000004,0.7,FedEx,30457,6,2044.72202905335,Mo-Di-Mi-Do-Fr-Sa
1,0.30000000000000004,0.7,FedEx,30519,6,4212.967113206203,Mo-Di-Mi-Do-Fr-Sa
1,0.30000000000000004,0.7,FedEx,30539,6,4152.305372826759,Mo-Di-Mi-Do-Fr-Sa
1,0.30000000000000004,0.7,FedEx,30559,6,5277.723812006553,Mo-Di-Mi-Do-Fr-Sa
1,0.30000000000000004,0.7,FedEx,30625,6,3793.496546922467,Mo-Di-Mi-Do-Fr-Sa
1,0.30000000000000004,0.7,FedEx,30655,6,3433.7185775447538,Mo-Di-Mi-Do-Fr-Sa
1,0.30000000000000004,0.7,FedEx,30657,6,4470.593996761694,Mo-Di-Mi-Do-Fr-Sa
1,0.30000000000000004,0.7,FedEx,30823,6,1961.9849632795315,Mo-Di-Mi-Do-Fr-Sa
1,0.30000000000000004,0.7,FedEx,30827,6,4096.161855811475,Mo-Di-Mi-Do-Fr-Sa
1,0.30000000000000004,0.7,FedEx,30853,6,4453.819539562914,Mo-Di-Mi-Do-Fr-Sa
1,0.30000000000000004,0.7,FedEx,30855,6,11312.376813579114,Mo-Di-Mi-Do-Fr-Sa
1,0.30000000000000004,0.7,FedEx,30880,6,5741.552839090982,Mo-Di-Mi-Do-Fr-Sa
1,0.30000000000000004,0.7,FedEx,30890,6,3997.7414623067557,Mo-Di-Mi-Do-Fr-Sa
1,0.30000000000000004,0.7,FedEx,30900,6,4635.623792045639,Mo-Di-Mi-Do-Fr-Sa
1,0.30000000000000004,0.7,FedEx,30916,6,5240.3696223713005,Mo-Di-Mi-Do-Fr-Sa
1,0.30000000000000004,0.7,FedEx,30926,6,3401.7660373946965,Mo-Di-Mi-Do-Fr-Sa
1,0.30000000000000004,0.7,FedEx,30938,6,5545.461756733482,Mo-Di-Mi-Do-Fr-Sa
1,0.30000000000000004,0.7,FedEx,30952,6,2775.4512231381723,Mo-Di-Mi-Do-Fr-Sa
1,0.30000000000000004,0.7,FedEx,30966,6,2488.5376856129433,Mo-Di-Mi-Do-Fr-Sa
1,0.30000000000000004,0.7,FedEx,30974,6,2391.637007376545,Mo-Di-Mi-Do-Fr-Sa
1,0.30000000000000004,0.7,FedEx,30982,6,2379.2604748942445,Mo-Di-Mi-Do-Fr-Sa
1,0.30000000000000004,0.7,FedEx,30989,6,2431.4853535221046,Mo-Di-Mi-Do-Fr-Sa
1,0.30000000000000004,0.7,FedEx,31275,6,5124.1511973038305,Mo-Di-Mi-Do-Fr-Sa
1,0.30000000000000004,0.7,FedEx,31303,6,4123.924879749779,Mo-Di-Mi-Do-Fr-Sa
1,0.30000000000000004,0.7,FedEx,31311,6,2818.577694291381,Mo-Di-Mi-Do-Fr-Sa
1,0.30000000000000004,0.7,FedEx,31319,6,2899.0915841222704,Mo-Di-Mi-Do-Fr-Sa
1,0.30000000000000004,0.7,FedEx,31515,6,5042.452261301043,Mo-Di-Mi-Do-Fr-Sa
1,0.30000000000000004,0.7,FedEx,31535,6,6096.402065541078,Mo-Di-Mi-Do-Fr-Sa
1,0.30000000000000004,0.7,FedEx,31832,6,4579.1852282655655,Mo-Di-Mi-Do-Fr-Sa
1,0.30000000000000004,0.7,GLS,30159,6,4642.731630176733,Mo-Di-Mi-Do-Fr-Sa
1,0.30000000000000004,0.7,GLS,30161,6,2986.081313787293,Mo-Di-Mi-Do-Fr-Sa
1,0.30000000000000004,0.7,GLS,30163,6,4573.00549257944,Mo-Di-Mi-Do-Fr-Sa
1,0.30000000000000004,0.7,GLS,30165,6,2405.2247120162715,Mo-Di-Mi-Do-Fr-Sa
1,0.30000000000000004,0.7,GLS,30167,6,3599.9610348639785,Mo-Di-Mi-Do-Fr-Sa
1,0.30000000000000004,0.7,GLS,30173,6,2467.3206708480106,Mo-Di-Mi-Do-Fr-Sa
1,0.30000000000000004,0.7,GLS,30179,6,2030.2594095239801,Mo-Di-Mi-Do-Fr-Sa
1,0.30000000000000004,0.7,GLS,30419,6,4965.41823609136,Mo-Di-Mi-Do-Fr-Sa
1,0.30000000000000004,0.7,GLS,30449,6,3622.3194063359115,Mo-Di-Mi-Do-Fr-Sa
1,0.30000000000000004,0.7,GLS,30453,6,3220.8486215837556,Mo-Di-Mi-Do-Fr-Sa
1,0.30000000000000004,0.7,GLS,30455,6,2710.1642671316163,Mo-Di-Mi-Do-Fr-Sa
1,0.30000000000000004,0.7,GLS,30457,6,2439.5045011125458,Mo-Di-Mi-Do-Fr-Sa
1,0.30000000000000004,0.7,GLS,30459,6,1876.236727895414,Mo-Di-Mi-Do-Fr-Sa
1,0.30000000000000004,0.7,GLS,30519,6,3552.9135868219814,Mo-Di-Mi-Do-Fr-Sa
1,0.30000000000000004,0.7,GLS,30539,6,2447.219634346096,Mo-Di-Mi-Do-Fr-Sa
1,0.30000000000000004,0.7,GLS,30559,6,3755.0680366461006,Mo-Di-Mi-Do-Fr-Sa
1,0.30000000000000004,0.7,GLS,30625,6,2210.8683733501316,Mo-Di-Mi-Do-Fr-Sa
1,0.30000000000000004,0.7,GLS,30627,6,1794.681684046207,Mo-Di-Mi-Do-Fr-Sa
1,0.30000000000000004,0.7,GLS,30629,6,2094.2697610443015,Mo-Di-Mi-Do-Fr-Sa
1,0.30000000000000004,0.7,GLS,30655,6,3084.925174317692,Mo-Di-Mi-Do-Fr-Sa
1,0.30000000000000004,0.7,GLS,30657,6,2844.2755580556222,Mo-Di-Mi-Do-Fr-Sa
1,0.30000000000000004,0.7,GLS,30659,6,2165.5626302364476,Mo-Di-Mi-Do-Fr-Sa
1,0.30000000000000004,0.7,GLS,30823,6,3924.3738476586004,Mo-Di-Mi-Do-Fr-Sa
1,0.30000000000000004,0.7,GLS,30826,6,4450.709602332494,Mo-Di-Mi-Do-Fr-Sa
1,0.30000000000000004,0.7,GLS,30827,6,3074.664687517894,Mo-Di-Mi-Do-Fr-Sa
1,0.30000000000000004,0.7,GLS,30851,6,2097.4205946859483,Mo-Di-Mi-Do-Fr-Sa
1,0.30000000000000004,0.7,GLS,30853,6,2190.0844891648285,Mo-Di-Mi-Do-Fr-Sa
1,0.30000000000000004,0.7,GLS,30855,6,7965.715090235543,Mo-Di-Mi-Do-Fr-Sa
1,0.30000000000000004,0.7,GLS,30880,6,4410.166219280911,Mo-Di-Mi-Do-Fr-Sa
1,0.30000000000000004,0.7,GLS,30890,6,6973.735884763185,Mo-Di-Mi-Do-Fr-Sa
1,0.30000000000000004,0.7,GLS,30900,6,7362.540240615051,Mo-Di-Mi-Do-Fr-Sa
1,0.30000000000000004,0.7,GLS,30916,6,4763.202136413941,Mo-Di-Mi-Do-Fr-Sa
1,0.30000000000000004,0.7,GLS,30926,6,5231.578416246413,Mo-Di-Mi-Do-Fr-Sa
1,0.30000000000000004,0.7,GLS,30938,6,5971.2996390760245,Mo-Di-Mi-Do-Fr-Sa
1,0.30000000000000004,0.7,GLS,30952,6,4042.14874679477,Mo-Di-Mi-Do-Fr-Sa
1,0.30000000000000004,0.7,GLS,30966,6,3507.0096481155524,Mo-Di-Mi-Do-Fr-Sa
1,0.30000000000000004,0.7,GLS,30974,6,2912.392838204481,Mo-Di-Mi-Do-Fr-Sa
1,0.30000000000000004,0.7,GLS,30982,6,2738.200143049824,Mo-Di-Mi-Do-Fr-Sa
1,0.30000000000000004,0.7,GLS,30989,6,2798.376100761728,Mo-Di-Mi-Do-Fr-Sa
1,0.30000000000000004,0.7,GLS,31275,6,6976.065105573762,Mo-Di-Mi-Do-Fr-Sa
1,0.30000000000000004,0.7,GLS,31303,6,5973.506921190097,Mo-Di-Mi-Do-Fr-Sa
1,0.30000000000000004,0.7,GLS,31311,6,4948.797517087573,Mo-Di-Mi-Do-Fr-Sa
1,0.30000000000000004,0.7,GLS,31319,6,4180.379543747179,Mo-Di-Mi-Do-Fr-Sa
1,0.30000000000000004,0.7,GLS,31515,6,8256.921895152971,Mo-Di-Mi-Do-Fr-Sa
1,0.30000000000000004,0.7,GLS,31535,6,10499.401507100236,Mo-Di-Mi-Do-Fr-Sa
1,0.30000000000000004,0.7,GLS,31832,6,5063.723709467103,Mo-Di-Mi-Do-Fr-Sa
1,0.30000000000000004,0.7,Hermes,30159,6,5733.224620250021,Mo-Di-Mi-Do-Fr-Sa
1,0.30000000000000004,0.7,Hermes,30161,6,3199.481172195214,Mo-Di-Mi-Do-Fr-Sa
1,0.30000000000000004,0.7,Hermes,30163,6,3149.747408424128,Mo-Di-Mi-Do-Fr-Sa
1,0.30000000000000004,0.7,Hermes,30165,6,3068.6506500487,Mo-Di-Mi-Do-Fr-Sa
1,0.30000000000000004,0.7,Hermes,30167,6,4191.407588044548,Mo-Di-Mi-Do-Fr-Sa
1,0.30000000000000004,0.7,Hermes,30173,6,3381.0704854709033,Mo-Di-Mi-Do-Fr-Sa
1,0.30000000000000004,0.7,Hermes,30177,6,2890.100281124943,Mo-Di-Mi-Do-Fr-Sa
1,0.30000000000000004,0.7,Hermes,30179,6,2910.160615852085,Mo-Di-Mi-Do-Fr-Sa
1,0.30000000000000004,0.7,Hermes,30419,6,5349.858727332469,Mo-Di-Mi-Do-Fr-Sa
1,0.30000000000000004,0.7,Hermes,30449,6,4242.570999862953,Mo-Di-Mi-Do-Fr-Sa
1,0.30000000000000004,0.7,Hermes,30453,6,3492.5973865174465,Mo-Di-Mi-Do-Fr-Sa
1,0.30000000000000004,0.7,Hermes,30455,6,3483.007050591635,Mo-Di-Mi-Do-Fr-Sa
1,0.30000000000000004,0.7,Hermes,30457,6,3569.233546071827,Mo-Di-Mi-Do-Fr-Sa
1,0.30000000000000004,0.7,Hermes,30459,6,3465.6139132677736,Mo-Di-Mi-Do-Fr-Sa
1,0.30000000000000004,0.7,Hermes,30519,6,5059.54869015822,Mo-Di-Mi-Do-Fr-Sa
1,0.30000000000000004,0.7,Hermes,30539,6,3645.27178816927,Mo-Di-Mi-Do-Fr-Sa
1,0.30000000000000004,0.7,Hermes,30559,6,5354.545180144074,Mo-Di-Mi-Do-Fr-Sa
1,0.30000000000000004,0.7,Hermes,30625,6,3273.024738869934,Mo-Di-Mi-Do-Fr-Sa
1,0.30000000000000004,0.7,Hermes,30627,6,1800.235438802243,Mo-Di-Mi-Do-Fr-Sa
1,0.30000000000000004,0.7,Hermes,30629,6,3350.386872776183,Mo-Di-Mi-Do-Fr-Sa
1,0.30000000000000004,0.7,Hermes,30655,6,3431.0171455734962,Mo-Di-Mi-Do-Fr-Sa
1,0.30000000000000004,0.7,Hermes,30657,6,3111.094528158594,Mo-Di-Mi-Do-Fr-Sa
1,0.30000000000000004,0.7,Hermes,30659,6,3309.038695730729,Mo-Di-Mi-Do-Fr-Sa
1,0.30000000000000004,0.7,Hermes,30823,6,3990.3024874652046,Mo-Di-Mi-Do-Fr-Sa
1,0.30000000000000004,0.7,Hermes,30826,6,4128.411311124519,Mo-Di-Mi-Do-Fr-Sa
1,0.30000000000000004,0.7,Hermes,30827,6,3094.2868268624684,Mo-Di-Mi-Do-Fr-Sa
1,0.30000000000000004,0.7,Hermes,30851,6,2771.6415924617286,Mo-Di-Mi-Do-Fr-Sa
1,0.30000000000000004,0.7,Hermes,30853,6,2517.942276990752,Mo-Di-Mi-Do-Fr-Sa
1,0.30000000000000004,0.7,Hermes,30855,6,8779.652974651703,Mo-Di-Mi-Do-Fr-Sa
1,0.30000000000000004,0.7,Hermes,30880,6,6557.610295895224,Mo-Di-Mi-Do-Fr-Sa
1,0.30000000000000004,0.7,Hermes,30890,6,7809.555367111947,Mo-Di-Mi-Do-Fr-Sa
1,0.30000000000000004,0.7,Hermes,30900,6,7214.925875920487,Mo-Di-Mi-Do-Fr-Sa
1,0.30000000000000004,0.7,Hermes,30916,6,5828.192709584215,Mo-Di-Mi-Do-Fr-Sa
1,0.30000000000000004,0.7,Hermes,30926,6,6011.173799751178,Mo-Di-Mi-Do-Fr-Sa
1,0.30000000000000004,0.7,Hermes,30938,6,5828.804691204429,Mo-Di-Mi-Do-Fr-Sa
1,0.30000000000000004,0.7,Hermes,30952,6,4970.456535421607,Mo-Di-Mi-Do-Fr-Sa
1,0.30000000000000004,0.7,Hermes,30966,6,4366.584680259732,Mo-Di-Mi-Do-Fr-Sa
1,0.30000000000000004,0.7,Hermes,30974,6,4410.144825608362,Mo-Di-Mi-Do-Fr-Sa
1,0.30000000000000004,0.7,Hermes,30982,6,4427.074150417707,Mo-Di-Mi-Do-Fr-Sa
1,0.30000000000000004,0.7,Hermes,30989,6,4157.952995024617,Mo-Di-Mi-Do-Fr-Sa
1,0.30000000000000004,0.7,Hermes,31275,6,9028.68038608271,Mo-Di-Mi-Do-Fr-Sa
1,0.30000000000000004,0.7,Hermes,31303,6,7250.99937144573,Mo-Di-Mi-Do-Fr-Sa
1,0.30000000000000004,0.7,Hermes,31311,6,6890.503183739214,Mo-Di-Mi-Do-Fr-Sa
1,0.30000000000000004,0.7,Hermes,31319,6,7188.758708235467,Mo-Di-Mi-Do-Fr-Sa
1,0.30000000000000004,0.7,Hermes,31515,6,8767.215399032415,Mo-Di-Mi-Do-Fr-Sa
1,0.30000000000000004,0.7,Hermes,31535,6,10757.266852596395,Mo-Di-Mi-Do-Fr-Sa
1,0.30000000000000004,0.7,Hermes,31832,6,8382.154012315681,Mo-Di-Mi-Do-Fr-Sa
1,0.30000000000000004,0.7,UPS,30159,6,14317.480235229965,Mo-Di-Mi-Do-Fr-Sa
1,0.30000000000000004,0.7,UPS,30161,6,5890.635111592997,Mo-Di-Mi-Do-Fr-Sa
1,0.30000000000000004,0.7,UPS,30163,6,6349.944745490952,Mo-Di-Mi-Do-Fr-Sa
1,0.30000000000000004,0.7,UPS,30165,6,3734.612092283068,Mo-Di-Mi-Do-Fr-Sa
1,0.30000000000000004,0.7,UPS,30167,6,5814.4595762356885,Mo-Di-Mi-Do-Fr-Sa
1,0.30000000000000004,0.7,UPS,30419,6,3394.8772470909635,Mo-Di-Mi-Do-Fr-Sa
1,0.30000000000000004,0.7,UPS,30449,6,6674.182899507537,Mo-Di-Mi-Do-Fr-Sa
1,0.30000000000000004,0.7,UPS,30453,6,3351.1237228460413,Mo-Di-Mi-Do-Fr-Sa
1,0.30000000000000004,0.7,UPS,30455,6,1996.1301130016752,Mo-Di-Mi-Do-Fr-Sa
1,0.30000000000000004,0.7,UPS,30457,6,2082.9256820867663,Mo-Di-Mi-Do-Fr-Sa
1,0.30000000000000004,0.7,UPS,30519,6,4973.9315352734,Mo-Di-Mi-Do-Fr-Sa
1,0.30000000000000004,0.7,UPS,30539,6,4485.850061676111,Mo-Di-Mi-Do-Fr-Sa
1,0.30000000000000004,0.7,UPS,30559,6,4939.1329806155645,Mo-Di-Mi-Do-Fr-Sa
1,0.30000000000000004,0.7,UPS,30625,6,4339.667231631438,Mo-Di-Mi-Do-Fr-Sa
1,0.30000000000000004,0.7,UPS,30655,6,2094.0257327831955,Mo-Di-Mi-Do-Fr-Sa
1,0.30000000000000004,0.7,UPS,30657,6,4716.19795217861,Mo-Di-Mi-Do-Fr-Sa
1,0.30000000000000004,0.7,UPS,30659,6,3619.59971665554,Mo-Di-Mi-Do-Fr-Sa
1,0.30000000000000004,0.7,UPS,30823,6,3052.1704739423803,Mo-Di-Mi-Do-Fr-Sa
1,0.30000000000000004,0.7,UPS,30826,6,2042.7216152816727,Mo-Di-Mi-Do-Fr-Sa
1,0.30000000000000004,0.7,UPS,30827,6,3318.772929682461,Mo-Di-Mi-Do-Fr-Sa
1,0.30000000000000004,0.7,UPS,30853,6,4528.522142755246,Mo-Di-Mi-Do-Fr-Sa
1,0.30000000000000004,0.7,UPS,30855,6,12308.304707064348,Mo-Di-Mi-Do-Fr-Sa
1,0.30000000000000004,0.7,UPS,30880,6,6984.527492927398,Mo-Di-Mi-Do-Fr-Sa
1,0.30000000000000004,0.7,UPS,30890,6,4599.930410969343,Mo-Di-Mi-Do-Fr-Sa
1,0.30000000000000004,0.7,UPS,30900,6,5015.522672116011,Mo-Di-Mi-Do-Fr-Sa
1,0.30000000000000004,0.7,UPS,30916,6,5894.597782277826,Mo-Di-Mi-Do-Fr-Sa
1,0.30000000000000004,0.7,UPS,30926,6,3979.540646149894,Mo-Di-Mi-Do-Fr-Sa
1,0.30000000000000004,0.7,UPS,30938,6,5900.509623828604,Mo-Di-Mi-Do-Fr-Sa
1,0.30000000000000004,0.7,UPS,30952,6,3623.86551862089,Mo-Di-Mi-Do-Fr-Sa
1,0.30000000000000004,0.7,UPS,30966,6,3458.283671063921,Mo-Di-Mi-Do-Fr-Sa
1,0.30000000000000004,0.7,UPS,30974,6,2944.0941408457325,Mo-Di-Mi-Do-Fr-Sa
1,0.30000000000000004,0.7,UPS,30982,6,3021.3027147961793,Mo-Di-Mi-Do-Fr-Sa
1,0.30000000000000004,0.7,UPS,30989,6,3076.746244653496,Mo-Di-Mi-Do-Fr-Sa
1,0.30000000000000004,0.7,UPS,31275,6,6655.257075966285,Mo-Di-Mi-Do-Fr-Sa
1,0.30000000000000004,0.7,UPS,31303,6,4510.316706152553,Mo-Di-Mi-Do-Fr-Sa
1,0.30000000000000004,0.7,UPS,31311,6,4373.121879073002,Mo-Di-Mi-Do-Fr-Sa
1,0.30000000000000004,0.7,UPS,31319,6,3620.0013358882434,Mo-Di-Mi-Do-Fr-Sa
1,0.30000000000000004,0.7,UPS,31515,6,6735.40640345356,Mo-Di-Mi-Do-Fr-Sa
1,0.30000000000000004,0.7,UPS,31535,6,7613.836771350983,Mo-Di-Mi-Do-Fr-Sa
1,0.30000000000000004,0.7,UPS,31832,6,5105.054625543156,Mo-Di-Mi-Do-Fr-Sa
1,0.4,0.6,Amazon,30159,6,11687.758591886499,Mo-Di-Mi-Do-Fr-Sa
1,0.4,0.6,Amazon,30161,6,6198.076199381901,Mo-Di-Mi-Do-Fr-Sa
1,0.4,0.6,Amazon,30163,6,5887.274416922319,Mo-Di-Mi-Do-Fr-Sa
1,0.4,0.6,Amazon,30165,6,4696.3632925800775,Mo-Di-Mi-Do-Fr-Sa
1,0.4,0.6,Amazon,30167,6,7124.980941103149,Mo-Di-Mi-Do-Fr-Sa
1,0.4,0.6,Amazon,30173,6,5184.403263125373,Mo-Di-Mi-Do-Fr-Sa
1,0.4,0.6,Amazon,30177,6,4295.3755099319715,Mo-Di-Mi-Do-Fr-Sa
1,0.4,0.6,Amazon,30179,6,4357.442561887894,Mo-Di-Mi-Do-Fr-Sa
1,0.4,0.6,Amazon,30419,6,8685.332684443236,Mo-Di-Mi-Do-Fr-Sa
1,0.4,0.6,Amazon,30449,6,6930.958642387422,Mo-Di-Mi-Do-Fr-Sa
1,0.4,0.6,Amazon,30453,6,4953.369950665476,Mo-Di-Mi-Do-Fr-Sa
1,0.4,0.6,Amazon,30455,6,4733.969914501729,Mo-Di-Mi-Do-Fr-Sa
1,0.4,0.6,Amazon,30457,6,4861.272760888753,Mo-Di-Mi-Do-Fr-Sa
1,0.4,0.6,Amazon,30459,6,4721.113690320388,Mo-Di-Mi-Do-Fr-Sa
1,0.4,0.6,Amazon,30519,6,7989.408733574742,Mo-Di-Mi-Do-Fr-Sa
1,0.4,0.6,Amazon,30539,6,5232.56483537078,Mo-Di-Mi-Do-Fr-Sa
1,0.4,0.6,Amazon,30559,6,7936.80103693811,Mo-Di-Mi-Do-Fr-Sa
1,0.4,0.6,Amazon,30625,6,4833.5787808117675,Mo-Di-Mi-Do-Fr-Sa
1,0.4,0.6,Amazon,30627,6,3579.2895236259706,Mo-Di-Mi-Do-Fr-Sa
1,0.4,0.6,Amazon,30629,6,4483.669440977608,Mo-Di-Mi-Do-Fr-Sa
1,0.4,0.6,Amazon,30655,6,5134.034576870573,Mo-Di-Mi-Do-Fr-Sa
1,0.4,0.6,Amazon,30657,6,5211.641795669652,Mo-Di-Mi-Do-Fr-Sa
1,0.4,0.6,Amazon,30659,6,4808.930135185106,Mo-Di-Mi-Do-Fr-Sa
1,0.4,0.6,Amazon,30823,6,5492.8333908221575,Mo-Di-Mi-Do-Fr-Sa
1,0.4,0.6,Amazon,30826,6,5309.400426435489,Mo-Di-Mi-Do-Fr-Sa
1,0.4,0.6,Amazon,30827,6,4406.282253025094,Mo-Di-Mi-Do-Fr-Sa
1,0.4,0.6,Amazon,30851,6,4461.2266132019995,Mo-Di-Mi-Do-Fr-Sa
1,0.4,0.6,Amazon,30853,6,4295.473522234693,Mo-Di-Mi-Do-Fr-Sa
1,0.4,0.6,Amazon,30855,6,16425.713131956443,Mo-Di-Mi-Do-Fr-Sa
1,0.4,0.6,Amazon,30880,6,10836.49486333059,Mo-Di-Mi-Do-Fr-Sa
1,0.4,0.6,Amazon,30890,6,9949.99293278101,Mo-Di-Mi-Do-Fr-Sa
1,0.4,0.6,Amazon,30900,6,11733.296749095527,Mo-Di-Mi-Do-Fr-Sa
1,0.4,0.6,Amazon,30916,6,9943.63733060065,Mo-Di-Mi-Do-Fr-Sa
1,0.4,0.6,Amazon,30926,6,8780.42111083368,Mo-Di-Mi-Do-Fr-Sa
1,0.4,0.6,Amazon,30938,6,8932.3523870359,Mo-Di-Mi-Do-Fr-Sa
1,0.4,0.6,Amazon,30952,6,6792.522249966714,Mo-Di-Mi-Do-Fr-Sa
1,0.4,0.6,Amazon,30966,6,6753.487289755222,Mo-Di-Mi-Do-Fr-Sa
1,0.4,0.6,Amazon,30974,6,5185.498167842292,Mo-Di-Mi-Do-Fr-Sa
1,0.4,0.6,Amazon,30982,6,5545.048582884666,Mo-Di-Mi-Do-Fr-Sa
1,0.4,0.6,Amazon,30989,6,5239.8327189564525,Mo-Di-Mi-Do-Fr-Sa
1,0.4,0.6,Amazon,31275,6,14011.694458512184,Mo-Di-Mi-Do-Fr-Sa
1,0.4,0.6,Amazon,31303,6,10292.592352807045,Mo-Di-Mi-Do-Fr-Sa
1,0.4,0.6,Amazon,31311,6,8647.386430120578,Mo-Di-Mi-Do-Fr-Sa
1,0.4,0.6,Amazon,31319,6,9006.598190484336,Mo-Di-Mi-Do-Fr-Sa
1,0.4,0.6,Amazon,31515,6,12109.355310297444,Mo-Di-Mi-Do-Fr-Sa
1,0.4,0.6,Amazon,31535,6,14649.713985934406,Mo-Di-Mi-Do-Fr-Sa
1,0.4,0.6,Amazon,31832,6,10630.27600706838,Mo-Di-Mi-Do-Fr-Sa
1,0.4,0.6,DHL,30159,6,21425.132453693925,Mo-Di-Mi-Do-Fr-Sa
1,0.4,0.6,DHL,30161,6,10896.842490106472,Mo-Di-Mi-Do-Fr-Sa
1,0.4,0.6,DHL,30163,6,9949.803363797471,Mo-Di-Mi-Do-Fr-Sa
1,0.4,0.6,DHL,30165,6,8802.876567972335,Mo-Di-Mi-Do-Fr-Sa
1,0.4,0.6,DHL,30167,6,13153.912834635783,Mo-Di-Mi-Do-Fr-Sa
1,0.4,0.6,DHL,30169,6,5443.510365830029,Mo-Di-Mi-Do-Fr-Sa
1,0.4,0.6,DHL,30173,6,9027.275959686367,Mo-Di-Mi-Do-Fr-Sa
1,0.4,0.6,DHL,30177,6,6801.611388745387,Mo-Di-Mi-Do-Fr-Sa
1,0.4,0.6,DHL,30179,6,7025.737693154014,Mo-Di-Mi-Do-Fr-Sa
1,0.4,0.6,DHL,30419,6,15488.762582133773,Mo-Di-Mi-Do-Fr-Sa
1,0.4,0.6,DHL,30449,6,7469.2241491514915,Mo-Di-Mi-Do-Fr-Sa
1,0.4,0.6,DHL,30453,6,8951.952033907073,Mo-Di-Mi-Do-Fr-Sa
1,0.4,0.6,DHL,30455,6,7533.4371442876145,Mo-Di-Mi-Do-Fr-Sa
1,0.4,0.6,DHL,30457,6,7270.894456096109,Mo-Di-Mi-Do-Fr-Sa
1,0.4,0.6,DHL,30459,6,6651.002162382179,Mo-Di-Mi-Do-Fr-Sa
1,0.4,0.6,DHL,30519,6,13272.168787294228,Mo-Di-Mi-Do-Fr-Sa
1,0.4,0.6,DHL,30539,6,9349.501232628127,Mo-Di-Mi-Do-Fr-Sa
1,0.4,0.6,DHL,30559,6,12373.65925832722,Mo-Di-Mi-Do-Fr-Sa
1,0.4,0.6,DHL,30625,6,8096.802842174482,Mo-Di-Mi-Do-Fr-Sa
1,0.4,0.6,DHL,30627,6,5606.363090833329,Mo-Di-Mi-Do-Fr-Sa
1,0.4,0.6,DHL,30629,6,6766.974846046077,Mo-Di-Mi-Do-Fr-Sa
1,0.4,0.6,DHL,30655,6,8869.786833512764,Mo-Di-Mi-Do-Fr-Sa
1,0.4,0.6,DHL,30657,6,9992.167827012736,Mo-Di-Mi-Do-Fr-Sa
1,0.4,0.6,DHL,30659,6,7898.329610710899,Mo-Di-Mi-Do-Fr-Sa
1,0.4,0.6,DHL,30823,6,10208.877886178407,Mo-Di-Mi-Do-Fr-Sa
1,0.4,0.6,DHL,30826,6,9412.56972551855,Mo-Di-Mi-Do-Fr-Sa
1,0.4,0.6,DHL,30827,6,8625.617953447312,Mo-Di-Mi-Do-Fr-Sa
1,0.4,0.6,DHL,30851,6,7140.564548697186,Mo-Di-Mi-Do-Fr-Sa
1,0.4,0.6,DHL,30853,6,7954.150022203881,Mo-Di-Mi-Do-Fr-Sa
1,0.4,0.6,DHL,30855,6,32552.34432866005,Mo-Di-Mi-Do-Fr-Sa
1,0.4,0.6,DHL,30880,6,18007.36898635567,Mo-Di-Mi-Do-Fr-Sa
1,0.4,0.6,DHL,30890,6,15947.754646399117,Mo-Di-Mi-Do-Fr-Sa
1,0.4,0.6,DHL,30900,6,18229.388928763692,Mo-Di-Mi-Do-Fr-Sa
1,0.4,0.6,DHL,30916,6,17734.269551035948,Mo-Di-Mi-Do-Fr-Sa
1,0.4,0.6,DHL,30926,6,14434.82758928225,Mo-Di-Mi-Do-Fr-Sa
1,0.4,0.6,DHL,30938,6,14554.779241554967,Mo-Di-Mi-Do-Fr-Sa
1,0.4,0.6,DHL,30952,6,11365.430112451975,Mo-Di-Mi-Do-Fr-Sa
1,0.4,0.6,DHL,30966,6,10624.352717702506,Mo-Di-Mi-Do-Fr-Sa
1,0.4,0.6,DHL,30974,6,7703.025014293544,Mo-Di-Mi-Do-Fr-Sa
1,0.4,0.6,DHL,30982,6,8234.46117714012,Mo-Di-Mi-Do-Fr-Sa
1,0.4,0.6,DHL,30989,6,8649.900505408892,Mo-Di-Mi-Do-Fr-Sa
1,0.4,0.6,DHL,31275,6,20741.197757085225,Mo-Di-Mi-Do-Fr-Sa
1,0.4,0.6,DHL,31303,6,13739.115623819012,Mo-Di-Mi-Do-Fr-Sa
1,0.4,0.6,DHL,31311,6,10648.959166588764,Mo-Di-Mi-Do-Fr-Sa
1,0.4,0.6,DHL,31319,6,12210.553941257438,Mo-Di-Mi-Do-Fr-Sa
1,0.4,0.6,DHL,31515,6,20814.204304395767,Mo-Di-Mi-Do-Fr-Sa
1,0.4,0.6,DHL,31535,6,21637.256139647427,Mo-Di-Mi-Do-Fr-Sa
1,0.4,0.6,DHL,31832,6,14443.460212265947,Mo-Di-Mi-Do-Fr-Sa
1,0.4,0.6,DPD,30159,6,6745.43642982665,Mo-Di-Mi-Do-Fr-Sa
1,0.4,0.6,DPD,30161,6,3572.3066172774998,Mo-Di-Mi-Do-Fr-Sa
1,0.4,0.6,DPD,30163,6,3334.016654677259,Mo-Di-Mi-Do-Fr-Sa
1,0.4,0.6,DPD,30165,6,3220.920457383544,Mo-Di-Mi-Do-Fr-Sa
1,0.4,0.6,DPD,30167,6,4575.293145375498,Mo-Di-Mi-Do-Fr-Sa
1,0.4,0.6,DPD,30173,6,3028.2905288174024,Mo-Di-Mi-Do-Fr-Sa
1,0.4,0.6,DPD,30177,6,2209.9404705919,Mo-Di-Mi-Do-Fr-Sa
1,0.4,0.6,DPD,30179,6,2456.3548464568607,Mo-Di-Mi-Do-Fr-Sa
1,0.4,0.6,DPD,30419,6,5265.1161318874765,Mo-Di-Mi-Do-Fr-Sa
1,0.4,0.6,DPD,30449,6,4228.42693330016,Mo-Di-Mi-Do-Fr-Sa
1,0.4,0.6,DPD,30453,6,3642.2344276936155,Mo-Di-Mi-Do-Fr-Sa
1,0.4,0.6,DPD,30455,6,3096.4884420991384,Mo-Di-Mi-Do-Fr-Sa
1,0.4,0.6,DPD,30457,6,3033.5474025044095,Mo-Di-Mi-Do-Fr-Sa
1,0.4,0.6,DPD,30459,6,2600.91439635438,Mo-Di-Mi-Do-Fr-Sa
1,0.4,0.6,DPD,30519,6,4320.607386569162,Mo-Di-Mi-Do-Fr-Sa
1,0.4,0.6,DPD,30539,6,3413.7063659864443,Mo-Di-Mi-Do-Fr-Sa
1,0.4,0.6,DPD,30559,6,3962.3984605122114,Mo-Di-Mi-Do-Fr-Sa
1,0.4,0.6,DPD,30625,6,2850.320934681696,Mo-Di-Mi-Do-Fr-Sa
1,0.4,0.6,DPD,30627,6,1702.8075328692416,Mo-Di-Mi-Do-Fr-Sa
1,0.4,0.6,DPD,30629,6,2022.2450338148715,Mo-Di-Mi-Do-Fr-Sa
1,0.4,0.6,DPD,30655,6,2962.2877870695056,Mo-Di-Mi-Do-Fr-Sa
1,0.4,0.6,DPD,30657,6,3491.1799180397643,Mo-Di-Mi-Do-Fr-Sa
1,0.4,0.6,DPD,30659,6,2618.465789423123,Mo-Di-Mi-Do-Fr-Sa
1,0.4,0.6,DPD,30823,6,3865.0840833133775,Mo-Di-Mi-Do-Fr-Sa
1,0.4,0.6,DPD,30826,6,4450.281781439314,Mo-Di-Mi-Do-Fr-Sa
1,0.4,0.6,DPD,30827,6,3608.8593533036596,Mo-Di-Mi-Do-Fr-Sa
1,0.4,0.6,DPD,30851,6,2478.115916251141,Mo-Di-Mi-Do-Fr-Sa
1,0.4,0.6,DPD,30853,6,3139.9824024159293,Mo-Di-Mi-Do-Fr-Sa
1,0.4,0.6,DPD,30855,6,9902.157549572998,Mo-Di-Mi-Do-Fr-Sa
1,0.4,0.6,DPD,30880,6,5724.1369426636065,Mo-Di-Mi-Do-Fr-Sa
1,0.4,0.6,DPD,30890,6,7366.859287260241,Mo-Di-Mi-Do-Fr-Sa
1,0.4,0.6,DPD,30900,6,7907.913020603282,Mo-Di-Mi-Do-Fr-Sa
1,0.4,0.6,DPD,30916,6,5461.8560724360295,Mo-Di-Mi-Do-Fr-Sa
1,0.4,0.6,DPD,30926,6,6554.51545291052,Mo-Di-Mi-Do-Fr-Sa
1,0.4,0.6,DPD,30938,6,5375.687534132779,Mo-Di-Mi-Do-Fr-Sa
1,0.4,0.6,DPD,30952,6,4561.479157316165,Mo-Di-Mi-Do-Fr-Sa
1,0.4,0.6,DPD,30966,6,4113.820061245529,Mo-Di-Mi-Do-Fr-Sa
1,0.4,0.6,DPD,30974,6,3896.9038698685263,Mo-Di-Mi-Do-Fr-Sa
1,0.4,0.6,DPD,30982,6,3830.721528900909,Mo-Di-Mi-Do-Fr-Sa
1,0.4,0.6,DPD,30989,6,3946.0731716166256,Mo-Di-Mi-Do-Fr-Sa
1,0.4,0.6,DPD,31275,6,6769.754123240408,Mo-Di-Mi-Do-Fr-Sa
1,0.4,0.6,DPD,31303,6,5382.263541335347,Mo-Di-Mi-Do-Fr-Sa
1,0.4,0.6,DPD,31311,6,5057.5443785598,Mo-Di-Mi-Do-Fr-Sa
1,0.4,0.6,DPD,31319,6,4322.920564726374,Mo-Di-Mi-Do-Fr-Sa
1,0.4,0.6,DPD,31515,6,8514.010022868573,Mo-Di-Mi-Do-Fr-Sa
1,0.4,0.6,DPD,31535,6,10445.230487214772,Mo-Di-Mi-Do-Fr-Sa
1,0.4,0.6,DPD,31832,6,6946.620478408022,Mo-Di-Mi-Do-Fr-Sa
1,0.4,0.6,FedEx,30159,6,12718.231786828019,Mo-Di-Mi-Do-Fr-Sa
1,0.4,0.6,FedEx,30161,6,5117.62082484508,Mo-Di-Mi-Do-Fr-Sa
1,0.4,0.6,FedEx,30163,6,7975.018302233126,Mo-Di-Mi-Do-Fr-Sa
1,0.4,0.6,FedEx,30167,6,5034.453120713282,Mo-Di-Mi-Do-Fr-Sa
1,0.4,0.6,FedEx,30419,6,3180.1259661691156,Mo-Di-Mi-Do-Fr-Sa
1,0.4,0.6,FedEx,30449,6,5070.480072832069,Mo-Di-Mi-Do-Fr-Sa
1,0.4,0.6,FedEx,30453,6,3293.4750889307907,Mo-Di-Mi-Do-Fr-Sa
1,0.4,0.6,FedEx,30455,6,1946.7438791667537,Mo-Di-Mi-Do-Fr-Sa
1,0.4,0.6,FedEx,30457,6,2044.72202905335,Mo-Di-Mi-Do-Fr-Sa
1,0.4,0.6,FedEx,30519,6,4212.967113206203,Mo-Di-Mi-Do-Fr-Sa
1,0.4,0.6,FedEx,30539,6,4152.305372826759,Mo-Di-Mi-Do-Fr-Sa
1,0.4,0.6,FedEx,30559,6,5277.723812006553,Mo-Di-Mi-Do-Fr-Sa
1,0.4,0.6,FedEx,30625,6,3793.496546922467,Mo-Di-Mi-Do-Fr-Sa
1,0.4,0.6,FedEx,30655,6,3433.7185775447538,Mo-Di-Mi-Do-Fr-Sa
1,0.4,0.6,FedEx,30657,6,4470.593996761694,Mo-Di-Mi-Do-Fr-Sa
1,0.4,0.6,FedEx,30823,6,1961.9849632795315,Mo-Di-Mi-Do-Fr-Sa
1,0.4,0.6,FedEx,30827,6,4096.161855811475,Mo-Di-Mi-Do-Fr-Sa
1,0.4,0.6,FedEx,30853,6,4453.819539562914,Mo-Di-Mi-Do-Fr-Sa
1,0.4,0.6,FedEx,30855,6,11312.376813579114,Mo-Di-Mi-Do-Fr-Sa
1,0.4,0.6,FedEx,30880,6,5741.552839090982,Mo-Di-Mi-Do-Fr-Sa
1,0.4,0.6,FedEx,30890,6,3997.7414623067557,Mo-Di-Mi-Do-Fr-Sa
1,0.4,0.6,FedEx,30900,6,4635.623792045639,Mo-Di-Mi-Do-Fr-Sa
1,0.4,0.6,FedEx,30916,6,5240.3696223713005,Mo-Di-Mi-Do-Fr-Sa
1,0.4,0.6,FedEx,30926,6,3401.7660373946965,Mo-Di-Mi-Do-Fr-Sa
1,0.4,0.6,FedEx,30938,6,5545.461756733482,Mo-Di-Mi-Do-Fr-Sa
1,0.4,0.6,FedEx,30952,6,2775.4512231381723,Mo-Di-Mi-Do-Fr-Sa
1,0.4,0.6,FedEx,30966,6,2488.5376856129433,Mo-Di-Mi-Do-Fr-Sa
1,0.4,0.6,FedEx,30974,6,2391.637007376545,Mo-Di-Mi-Do-Fr-Sa
1,0.4,0.6,FedEx,30982,6,2379.2604748942445,Mo-Di-Mi-Do-Fr-Sa
1,0.4,0.6,FedEx,30989,6,2431.4853535221046,Mo-Di-Mi-Do-Fr-Sa
1,0.4,0.6,FedEx,31275,6,5124.1511973038305,Mo-Di-Mi-Do-Fr-Sa
1,0.4,0.6,FedEx,31303,6,4123.924879749779,Mo-Di-Mi-Do-Fr-Sa
1,0.4,0.6,FedEx,31311,6,2818.577694291381,Mo-Di-Mi-Do-Fr-Sa
1,0.4,0.6,FedEx,31319,6,2899.0915841222704,Mo-Di-Mi-Do-Fr-Sa
1,0.4,0.6,FedEx,31515,6,5042.452261301043,Mo-Di-Mi-Do-Fr-Sa
1,0.4,0.6,FedEx,31535,6,6096.402065541078,Mo-Di-Mi-Do-Fr-Sa
1,0.4,0.6,FedEx,31832,6,4579.1852282655655,Mo-Di-Mi-Do-Fr-Sa
1,0.4,0.6,GLS,30159,6,4642.731630176733,Mo-Di-Mi-Do-Fr-Sa
1,0.4,0.6,GLS,30161,6,2986.081313787293,Mo-Di-Mi-Do-Fr-Sa
1,0.4,0.6,GLS,30163,6,4573.00549257944,Mo-Di-Mi-Do-Fr-Sa
1,0.4,0.6,GLS,30165,6,2405.2247120162715,Mo-Di-Mi-Do-Fr-Sa
1,0.4,0.6,GLS,30167,6,3599.9610348639785,Mo-Di-Mi-Do-Fr-Sa
1,0.4,0.6,GLS,30173,6,2467.3206708480106,Mo-Di-Mi-Do-Fr-Sa
1,0.4,0.6,GLS,30179,6,2030.2594095239801,Mo-Di-Mi-Do-Fr-Sa
1,0.4,0.6,GLS,30419,6,4965.41823609136,Mo-Di-Mi-Do-Fr-Sa
1,0.4,0.6,GLS,30449,6,3622.3194063359115,Mo-Di-Mi-Do-Fr-Sa
1,0.4,0.6,GLS,30453,6,3220.8486215837556,Mo-Di-Mi-Do-Fr-Sa
1,0.4,0.6,GLS,30455,6,2710.1642671316163,Mo-Di-Mi-Do-Fr-Sa
1,0.4,0.6,GLS,30457,6,2439.5045011125458,Mo-Di-Mi-Do-Fr-Sa
1,0.4,0.6,GLS,30459,6,1876.236727895414,Mo-Di-Mi-Do-Fr-Sa
1,0.4,0.6,GLS,30519,6,3552.9135868219814,Mo-Di-Mi-Do-Fr-Sa
1,0.4,0.6,GLS,30539,6,2447.219634346096,Mo-Di-Mi-Do-Fr-Sa
1,0.4,0.6,GLS,30559,6,3755.0680366461006,Mo-Di-Mi-Do-Fr-Sa
1,0.4,0.6,GLS,30625,6,2210.8683733501316,Mo-Di-Mi-Do-Fr-Sa
1,0.4,0.6,GLS,30627,6,1794.681684046207,Mo-Di-Mi-Do-Fr-Sa
1,0.4,0.6,GLS,30629,6,2094.2697610443015,Mo-Di-Mi-Do-Fr-Sa
1,0.4,0.6,GLS,30655,6,3084.925174317692,Mo-Di-Mi-Do-Fr-Sa
1,0.4,0.6,GLS,30657,6,2844.2755580556222,Mo-Di-Mi-Do-Fr-Sa
1,0.4,0.6,GLS,30659,6,2165.5626302364476,Mo-Di-Mi-Do-Fr-Sa
1,0.4,0.6,GLS,30823,6,3924.3738476586004,Mo-Di-Mi-Do-Fr-Sa
1,0.4,0.6,GLS,30826,6,4450.709602332494,Mo-Di-Mi-Do-Fr-Sa
1,0.4,0.6,GLS,30827,6,3074.664687517894,Mo-Di-Mi-Do-Fr-Sa
1,0.4,0.6,GLS,30851,6,2097.4205946859483,Mo-Di-Mi-Do-Fr-Sa
1,0.4,0.6,GLS,30853,6,2190.0844891648285,Mo-Di-Mi-Do-Fr-Sa
1,0.4,0.6,GLS,30855,6,7965.715090235543,Mo-Di-Mi-Do-Fr-Sa
1,0.4,0.6,GLS,30880,6,4410.166219280911,Mo-Di-Mi-Do-Fr-Sa
1,0.4,0.6,GLS,30890,6,6973.735884763185,Mo-Di-Mi-Do-Fr-Sa
1,0.4,0.6,GLS,30900,6,7362.540240615051,Mo-Di-Mi-Do-Fr-Sa
1,0.4,0.6,GLS,30916,6,4763.202136413941,Mo-Di-Mi-Do-Fr-Sa
1,0.4,0.6,GLS,30926,6,5231.578416246413,Mo-Di-Mi-Do-Fr-Sa
1,0.4,0.6,GLS,30938,6,5971.2996390760245,Mo-Di-Mi-Do-Fr-Sa
1,0.4,0.6,GLS,30952,6,4042.14874679477,Mo-Di-Mi-Do-Fr-Sa
1,0.4,0.6,GLS,30966,6,3507.0096481155524,Mo-Di-Mi-Do-Fr-Sa
1,0.4,0.6,GLS,30974,6,2912.392838204481,Mo-Di-Mi-Do-Fr-Sa
1,0.4,0.6,GLS,30982,6,2738.200143049824,Mo-Di-Mi-Do-Fr-Sa
1,0.4,0.6,GLS,30989,6,2798.376100761728,Mo-Di-Mi-Do-Fr-Sa
1,0.4,0.6,GLS,31275,6,6976.065105573762,Mo-Di-Mi-Do-Fr-Sa
1,0.4,0.6,GLS,31303,6,5973.506921190097,Mo-Di-Mi-Do-Fr-Sa
1,0.4,0.6,GLS,31311,6,4948.797517087573,Mo-Di-Mi-Do-Fr-Sa
1,0.4,0.6,GLS,31319,6,4180.379543747179,Mo-Di-Mi-Do-Fr-Sa
1,0.4,0.6,GLS,31515,6,8256.921895152971,Mo-Di-Mi-Do-Fr-Sa
1,0.4,0.6,GLS,31535,6,10499.401507100236,Mo-Di-Mi-Do-Fr-Sa
1,0.4,0.6,GLS,31832,6,5063.723709467103,Mo-Di-Mi-Do-Fr-Sa
1,0.4,0.6,Hermes,30159,6,5733.224620250021,Mo-Di-Mi-Do-Fr-Sa
1,0.4,0.6,Hermes,30161,6,3199.481172195214,Mo-Di-Mi-Do-Fr-Sa
1,0.4,0.6,Hermes,30163,6,3149.747408424128,Mo-Di-Mi-Do-Fr-Sa
1,0.4,0.6,Hermes,30165,6,3068.6506500487,Mo-Di-Mi-Do-Fr-Sa
1,0.4,0.6,Hermes,30167,6,4191.407588044548,Mo-Di-Mi-Do-Fr-Sa
1,0.4,0.6,Hermes,30173,6,3381.0704854709033,Mo-Di-Mi-Do-Fr-Sa
1,0.4,0.6,Hermes,30177,6,2890.100281124943,Mo-Di-Mi-Do-Fr-Sa
1,0.4,0.6,Hermes,30179,6,2910.160615852085,Mo-Di-Mi-Do-Fr-Sa
1,0.4,0.6,Hermes,30419,6,5349.858727332469,Mo-Di-Mi-Do-Fr-Sa
1,0.4,0.6,Hermes,30449,6,4242.570999862953,Mo-Di-Mi-Do-Fr-Sa
1,0.4,0.6,Hermes,30453,6,3492.5973865174465,Mo-Di-Mi-Do-Fr-Sa
1,0.4,0.6,Hermes,30455,6,3483.007050591635,Mo-Di-Mi-Do-Fr-Sa
1,0.4,0.6,Hermes,30457,6,3569.233546071827,Mo-Di-Mi-Do-Fr-Sa
1,0.4,0.6,Hermes,30459,6,3465.6139132677736,Mo-Di-Mi-Do-Fr-Sa
1,0.4,0.6,Hermes,30519,6,5059.54869015822,Mo-Di-Mi-Do-Fr-Sa
1,0.4,0.6,Hermes,30539,6,3645.27178816927,Mo-Di-Mi-Do-Fr-Sa
1,0.4,0.6,Hermes,30559,6,5354.545180144074,Mo-Di-Mi-Do-Fr-Sa
1,0.4,0.6,Hermes,30625,6,3273.024738869934,Mo-Di-Mi-Do-Fr-Sa
1,0.4,0.6,Hermes,30627,6,1800.235438802243,Mo-Di-Mi-Do-Fr-Sa
1,0.4,0.6,Hermes,30629,6,3350.386872776183,Mo-Di-Mi-Do-Fr-Sa
1,0.4,0.6,Hermes,30655,6,3431.0171455734962,Mo-Di-Mi-Do-Fr-Sa
1,0.4,0.6,Hermes,30657,6,3111.094528158594,Mo-Di-Mi-Do-Fr-Sa
1,0.4,0.6,Hermes,30659,6,3309.038695730729,Mo-Di-Mi-Do-Fr-Sa
1,0.4,0.6,Hermes,30823,6,3990.3024874652046,Mo-Di-Mi-Do-Fr-Sa
1,0.4,0.6,Hermes,30826,6,4128.411311124519,Mo-Di-Mi-Do-Fr-Sa
1,0.4,0.6,Hermes,30827,6,3094.2868268624684,Mo-Di-Mi-Do-Fr-Sa
1,0.4,0.6,Hermes,30851,6,2771.6415924617286,Mo-Di-Mi-Do-Fr-Sa
1,0.4,0.6,Hermes,30853,6,2517.942276990752,Mo-Di-Mi-Do-Fr-Sa
1,0.4,0.6,Hermes,30855,6,8779.652974651703,Mo-Di-Mi-Do-Fr-Sa
1,0.4,0.6,Hermes,30880,6,6557.610295895224,Mo-Di-Mi-Do-Fr-Sa
1,0.4,0.6,Hermes,30890,6,7809.555367111947,Mo-Di-Mi-Do-Fr-Sa
1,0.4,0.6,Hermes,30900,6,7214.925875920487,Mo-Di-Mi-Do-Fr-Sa
1,0.4,0.6,Hermes,30916,6,5828.192709584215,Mo-Di-Mi-Do-Fr-Sa
1,0.4,0.6,Hermes,30926,6,6011.173799751178,Mo-Di-Mi-Do-Fr-Sa
1,0.4,0.6,Hermes,30938,6,5828.804691204429,Mo-Di-Mi-Do-Fr-Sa
1,0.4,0.6,Hermes,30952,6,4970.456535421607,Mo-Di-Mi-Do-Fr-Sa
1,0.4,0.6,Hermes,30966,6,4366.584680259732,Mo-Di-Mi-Do-Fr-Sa
1,0.4,0.6,Hermes,30974,6,4410.144825608362,Mo-Di-Mi-Do-Fr-Sa
1,0.4,0.6,Hermes,30982,6,4427.074150417707,Mo-Di-Mi-Do-Fr-Sa
1,0.4,0.6,Hermes,30989,6,4157.952995024617,Mo-Di-Mi-Do-Fr-Sa
1,0.4,0.6,Hermes,31275,6,9028.68038608271,Mo-Di-Mi-Do-Fr-Sa
1,0.4,0.6,Hermes,31303,6,7250.99937144573,Mo-Di-Mi-Do-Fr-Sa
1,0.4,0.6,Hermes,31311,6,6890.503183739214,Mo-Di-Mi-Do-Fr-Sa
1,0.4,0.6,Hermes,31319,6,7188.758708235467,Mo-Di-Mi-Do-Fr-Sa
1,0.4,0.6,Hermes,31515,6,8767.215399032415,Mo-Di-Mi-Do-Fr-Sa
1,0.4,0.6,Hermes,31535,6,10757.266852596395,Mo-Di-Mi-Do-Fr-Sa
1,0.4,0.6,Hermes,31832,6,8382.154012315681,Mo-Di-Mi-Do-Fr-Sa
1,0.4,0.6,UPS,30159,6,14317.480235229965,Mo-Di-Mi-Do-Fr-Sa
1,0.4,0.6,UPS,30161,6,5890.635111592997,Mo-Di-Mi-Do-Fr-Sa
1,0.4,0.6,UPS,30163,6,6349.944745490952,Mo-Di-Mi-Do-Fr-Sa
1,0.4,0.6,UPS,30165,6,3734.612092283068,Mo-Di-Mi-Do-Fr-Sa
1,0.4,0.6,UPS,30167,6,5814.4595762356885,Mo-Di-Mi-Do-Fr-Sa
1,0.4,0.6,UPS,30419,6,3394.8772470909635,Mo-Di-Mi-Do-Fr-Sa
1,0.4,0.6,UPS,30449,6,6674.182899507537,Mo-Di-Mi-Do-Fr-Sa
1,0.4,0.6,UPS,30453,6,3351.1237228460413,Mo-Di-Mi-Do-Fr-Sa
1,0.4,0.6,UPS,30455,6,1996.1301130016752,Mo-Di-Mi-Do-Fr-Sa
1,0.4,0.6,UPS,30457,6,2082.9256820867663,Mo-Di-Mi-Do-Fr-Sa
1,0.4,0.6,UPS,30519,6,4973.9315352734,Mo-Di-Mi-Do-Fr-Sa
1,0.4,0.6,UPS,30539,6,4485.850061676111,Mo-Di-Mi-Do-Fr-Sa
1,0.4,0.6,UPS,30559,6,4939.1329806155645,Mo-Di-Mi-Do-Fr-Sa
1,0.4,0.6,UPS,30625,6,4339.667231631438,Mo-Di-Mi-Do-Fr-Sa
1,0.4,0.6,UPS,30655,6,2094.0257327831955,Mo-Di-Mi-Do-Fr-Sa
1,0.4,0.6,UPS,30657,6,4716.19795217861,Mo-Di-Mi-Do-Fr-Sa
1,0.4,0.6,UPS,30659,6,3619.59971665554,Mo-Di-Mi-Do-Fr-Sa
1,0.4,0.6,UPS,30823,6,3052.1704739423803,Mo-Di-Mi-Do-Fr-Sa
1,0.4,0.6,UPS,30826,6,2042.7216152816727,Mo-Di-Mi-Do-Fr-Sa
1,0.4,0.6,UPS,30827,6,3318.772929682461,Mo-Di-Mi-Do-Fr-Sa
1,0.4,0.6,UPS,30853,6,4528.522142755246,Mo-Di-Mi-Do-Fr-Sa
1,0.4,0.6,UPS,30855,6,12308.304707064348,Mo-Di-Mi-Do-Fr-Sa
1,0.4,0.6,UPS,30880,6,6984.527492927398,Mo-Di-Mi-Do-Fr-Sa
1,0.4,0.6,UPS,30890,6,4599.930410969343,Mo-Di-Mi-Do-Fr-Sa
1,0.4,0.6,UPS,30900,6,5015.522672116011,Mo-Di-Mi-Do-Fr-Sa
1,0.4,0.6,UPS,30916,6,5894.597782277826,Mo-Di-Mi-Do-Fr-Sa
1,0.4,0.6,UPS,30926,6,3979.540646149894,Mo-Di-Mi-Do-Fr-Sa
1,0.4,0.6,UPS,30938,6,5900.509623828604,Mo-Di-Mi-Do-Fr-Sa
1,0.4,0.6,UPS,30952,6,3623.86551862089,Mo-Di-Mi-Do-Fr-Sa
1,0.4,0.6,UPS,30966,6,3458.283671063921,Mo-Di-Mi-Do-Fr-Sa
1,0.4,0.6,UPS,30974,6,2944.0941408457325,Mo-Di-Mi-Do-Fr-Sa
1,0.4,0.6,UPS,30982,6,3021.3027147961793,Mo-Di-Mi-Do-Fr-Sa
1,0.4,0.6,UPS,30989,6,3076.746244653496,Mo-Di-Mi-Do-Fr-Sa
1,0.4,0.6,UPS,31275,6,6655.257075966285,Mo-Di-Mi-Do-Fr-Sa
1,0.4,0.6,UPS,31303,6,4510.316706152553,Mo-Di-Mi-Do-Fr-Sa
1,0.4,0.6,UPS,31311,6,4373.121879073002,Mo-Di-Mi-Do-Fr-Sa
1,0.4,0.6,UPS,31319,6,3620.0013358882434,Mo-Di-Mi-Do-Fr-Sa
1,0.4,0.6,UPS,31515,6,6735.40640345356,Mo-Di-Mi-Do-Fr-Sa
1,0.4,0.6,UPS,31535,6,7613.836771350983,Mo-Di-Mi-Do-Fr-Sa
1,0.4,0.6,UPS,31832,6,5105.054625543156,Mo-Di-Mi-Do-Fr-Sa
1,0.5,0.5,Amazon,30159,6,11687.758591886499,Mo-Di-Mi-Do-Fr-Sa
1,0.5,0.5,Amazon,30161,6,6198.076199381901,Mo-Di-Mi-Do-Fr-Sa
1,0.5,0.5,Amazon,30163,6,5887.274416922319,Mo-Di-Mi-Do-Fr-Sa
1,0.5,0.5,Amazon,30165,6,4696.3632925800775,Mo-Di-Mi-Do-Fr-Sa
1,0.5,0.5,Amazon,30167,6,7124.980941103149,Mo-Di-Mi-Do-Fr-Sa
1,0.5,0.5,Amazon,30173,6,5184.403263125373,Mo-Di-Mi-Do-Fr-Sa
1,0.5,0.5,Amazon,30177,6,4295.3755099319715,Mo-Di-Mi-Do-Fr-Sa
1,0.5,0.5,Amazon,30179,6,4357.442561887894,Mo-Di-Mi-Do-Fr-Sa
1,0.5,0.5,Amazon,30419,6,8685.332684443236,Mo-Di-Mi-Do-Fr-Sa
1,0.5,0.5,Amazon,30449,6,6930.958642387422,Mo-Di-Mi-Do-Fr-Sa
1,0.5,0.5,Amazon,30453,6,4953.369950665476,Mo-Di-Mi-Do-Fr-Sa
1,0.5,0.5,Amazon,30455,6,4733.969914501729,Mo-Di-Mi-Do-Fr-Sa
1,0.5,0.5,Amazon,30457,6,4861.272760888753,Mo-Di-Mi-Do-Fr-Sa
1,0.5,0.5,Amazon,30459,6,4721.113690320388,Mo-Di-Mi-Do-Fr-Sa
1,0.5,0.5,Amazon,30519,6,7989.408733574742,Mo-Di-Mi-Do-Fr-Sa
1,0.5,0.5,Amazon,30539,6,5232.56483537078,Mo-Di-Mi-Do-Fr-Sa
1,0.5,0.5,Amazon,30559,6,7936.80103693811,Mo-Di-Mi-Do-Fr-Sa
1,0.5,0.5,Amazon,30625,6,4833.5787808117675,Mo-Di-Mi-Do-Fr-Sa
1,0.5,0.5,Amazon,30627,6,3579.2895236259706,Mo-Di-Mi-Do-Fr-Sa
1,0.5,0.5,Amazon,30629,6,4483.669440977608,Mo-Di-Mi-Do-Fr-Sa
1,0.5,0.5,Amazon,30655,6,5134.034576870573,Mo-Di-Mi-Do-Fr-Sa
1,0.5,0.5,Amazon,30657,6,5211.641795669652,Mo-Di-Mi-Do-Fr-Sa
1,0.5,0.5,Amazon,30659,6,4808.930135185106,Mo-Di-Mi-Do-Fr-Sa
1,0.5,0.5,Amazon,30823,6,5492.8333908221575,Mo-Di-Mi-Do-Fr-Sa
1,0.5,0.5,Amazon,30826,6,5309.400426435489,Mo-Di-Mi-Do-Fr-Sa
1,0.5,0.5,Amazon,30827,6,4406.282253025094,Mo-Di-Mi-Do-Fr-Sa
1,0.5,0.5,Amazon,30851,6,4461.2266132019995,Mo-Di-Mi-Do-Fr-Sa
1,0.5,0.5,Amazon,30853,6,4295.473522234693,Mo-Di-Mi-Do-Fr-Sa
1,0.5,0.5,Amazon,30855,6,16425.713131956443,Mo-Di-Mi-Do-Fr-Sa
1,0.5,0.5,Amazon,30880,6,10836.49486333059,Mo-Di-Mi-Do-Fr-Sa
1,0.5,0.5,Amazon,30890,6,9949.99293278101,Mo-Di-Mi-Do-Fr-Sa
1,0.5,0.5,Amazon,30900,6,11733.296749095527,Mo-Di-Mi-Do-Fr-Sa
1,0.5,0.5,Amazon,30916,6,9943.63733060065,Mo-Di-Mi-Do-Fr-Sa
1,0.5,0.5,Amazon,30926,6,8780.42111083368,Mo-Di-Mi-Do-Fr-Sa
1,0.5,0.5,Amazon,30938,6,8932.3523870359,Mo-Di-Mi-Do-Fr-Sa
1,0.5,0.5,Amazon,30952,6,6792.522249966714,Mo-Di-Mi-Do-Fr-Sa
1,0.5,0.5,Amazon,30966,6,6753.487289755222,Mo-Di-Mi-Do-Fr-Sa
1,0.5,0.5,Amazon,30974,6,5185.498167842292,Mo-Di-Mi-Do-Fr-Sa
1,0.5,0.5,Amazon,30982,6,5545.048582884666,Mo-Di-Mi-Do-Fr-Sa
1,0.5,0.5,Amazon,30989,6,5239.8327189564525,Mo-Di-Mi-Do-Fr-Sa
1,0.5,0.5,Amazon,31275,6,14011.694458512184,Mo-Di-Mi-Do-Fr-Sa
1,0.5,0.5,Amazon,31303,6,10292.592352807045,Mo-Di-Mi-Do-Fr-Sa
1,0.5,0.5,Amazon,31311,6,8647.386430120578,Mo-Di-Mi-Do-Fr-Sa
1,0.5,0.5,Amazon,31319,6,9006.598190484336,Mo-Di-Mi-Do-Fr-Sa
1,0.5,0.5,Amazon,31515,6,12109.355310297444,Mo-Di-Mi-Do-Fr-Sa
1,0.5,0.5,Amazon,31535,6,14649.713985934406,Mo-Di-Mi-Do-Fr-Sa
1,0.5,0.5,Amazon,31832,6,10630.27600706838,Mo-Di-Mi-Do-Fr-Sa
1,0.5,0.5,DHL,30159,6,21425.132453693925,Mo-Di-Mi-Do-Fr-Sa
1,0.5,0.5,DHL,30161,6,10896.842490106472,Mo-Di-Mi-Do-Fr-Sa
1,0.5,0.5,DHL,30163,6,9949.803363797471,Mo-Di-Mi-Do-Fr-Sa
1,0.5,0.5,DHL,30165,6,8802.876567972335,Mo-Di-Mi-Do-Fr-Sa
1,0.5,0.5,DHL,30167,6,13153.912834635783,Mo-Di-Mi-Do-Fr-Sa
1,0.5,0.5,DHL,30169,6,5443.510365830029,Mo-Di-Mi-Do-Fr-Sa
1,0.5,0.5,DHL,30173,6,9027.275959686367,Mo-Di-Mi-Do-Fr-Sa
1,0.5,0.5,DHL,30177,6,6801.611388745387,Mo-Di-Mi-Do-Fr-Sa
1,0.5,0.5,DHL,30179,6,7025.737693154014,Mo-Di-Mi-Do-Fr-Sa
1,0.5,0.5,DHL,30419,6,15488.762582133773,Mo-Di-Mi-Do-Fr-Sa
1,0.5,0.5,DHL,30449,6,7469.2241491514915,Mo-Di-Mi-Do-Fr-Sa
1,0.5,0.5,DHL,30453,6,8951.952033907073,Mo-Di-Mi-Do-Fr-Sa
1,0.5,0.5,DHL,30455,6,7533.4371442876145,Mo-Di-Mi-Do-Fr-Sa
1,0.5,0.5,DHL,30457,6,7270.894456096109,Mo-Di-Mi-Do-Fr-Sa
1,0.5,0.5,DHL,30459,6,6651.002162382179,Mo-Di-Mi-Do-Fr-Sa
1,0.5,0.5,DHL,30519,6,13272.168787294228,Mo-Di-Mi-Do-Fr-Sa
1,0.5,0.5,DHL,30539,6,9349.501232628127,Mo-Di-Mi-Do-Fr-Sa
1,0.5,0.5,DHL,30559,6,12373.65925832722,Mo-Di-Mi-Do-Fr-Sa
1,0.5,0.5,DHL,30625,6,8096.802842174482,Mo-Di-Mi-Do-Fr-Sa
1,0.5,0.5,DHL,30627,6,5606.363090833329,Mo-Di-Mi-Do-Fr-Sa
1,0.5,0.5,DHL,30629,6,6766.974846046077,Mo-Di-Mi-Do-Fr-Sa
1,0.5,0.5,DHL,30655,6,8869.786833512764,Mo-Di-Mi-Do-Fr-Sa
1,0.5,0.5,DHL,30657,6,9992.167827012736,Mo-Di-Mi-Do-Fr-Sa
1,0.5,0.5,DHL,30659,6,7898.329610710899,Mo-Di-Mi-Do-Fr-Sa
1,0.5,0.5,DHL,30823,6,10208.877886178407,Mo-Di-Mi-Do-Fr-Sa
1,0.5,0.5,DHL,30826,6,9412.56972551855,Mo-Di-Mi-Do-Fr-Sa
1,0.5,0.5,DHL,30827,6,8625.617953447312,Mo-Di-Mi-Do-Fr-Sa
1,0.5,0.5,DHL,30851,6,7140.564548697186,Mo-Di-Mi-Do-Fr-Sa
1,0.5,0.5,DHL,30853,6,7954.150022203881,Mo-Di-Mi-Do-Fr-Sa
1,0.5,0.5,DHL,30855,6,32552.34432866005,Mo-Di-Mi-Do-Fr-Sa
1,0.5,0.5,DHL,30880,6,18007.36898635567,Mo-Di-Mi-Do-Fr-Sa
1,0.5,0.5,DHL,30890,6,15947.754646399117,Mo-Di-Mi-Do-Fr-Sa
1,0.5,0.5,DHL,30900,6,18229.388928763692,Mo-Di-Mi-Do-Fr-Sa
1,0.5,0.5,DHL,30916,6,17734.269551035948,Mo-Di-Mi-Do-Fr-Sa
1,0.5,0.5,DHL,30926,6,14434.82758928225,Mo-Di-Mi-Do-Fr-Sa
1,0.5,0.5,DHL,30938,6,14554.779241554967,Mo-Di-Mi-Do-Fr-Sa
1,0.5,0.5,DHL,30952,6,11365.430112451975,Mo-Di-Mi-Do-Fr-Sa
1,0.5,0.5,DHL,30966,6,10624.352717702506,Mo-Di-Mi-Do-Fr-Sa
1,0.5,0.5,DHL,30974,6,7703.025014293544,Mo-Di-Mi-Do-Fr-Sa
1,0.5,0.5,DHL,30982,6,8234.46117714012,Mo-Di-Mi-Do-Fr-Sa
1,0.5,0.5,DHL,30989,6,8649.900505408892,Mo-Di-Mi-Do-Fr-Sa
1,0.5,0.5,DHL,31275,6,20741.197757085225,Mo-Di-Mi-Do-Fr-Sa
1,0.5,0.5,DHL,31303,6,13739.115623819012,Mo-Di-Mi-Do-Fr-Sa
1,0.5,0.5,DHL,31311,6,10648.959166588764,Mo-Di-Mi-Do-Fr-Sa
1,0.5,0.5,DHL,31319,6,12210.553941257438,Mo-Di-Mi-Do-Fr-Sa
1,0.5,0.5,DHL,31515,6,20814.204304395767,Mo-Di-Mi-Do-Fr-Sa
1,0.5,0.5,DHL,31535,6,21637.256139647427,Mo-Di-Mi-Do-Fr-Sa
1,0.5,0.5,DHL,31832,6,14443.460212265947,Mo-Di-Mi-Do-Fr-Sa
1,0.5,0.5,DPD,30159,6,6745.43642982665,Mo-Di-Mi-Do-Fr-Sa
1,0.5,0.5,DPD,30161,6,3572.3066172774998,Mo-Di-Mi-Do-Fr-Sa
1,0.5,0.5,DPD,30163,6,3334.016654677259,Mo-Di-Mi-Do-Fr-Sa
1,0.5,0.5,DPD,30165,6,3220.920457383544,Mo-Di-Mi-Do-Fr-Sa
1,0.5,0.5,DPD,30167,6,4575.293145375498,Mo-Di-Mi-Do-Fr-Sa
1,0.5,0.5,DPD,30173,6,3028.2905288174024,Mo-Di-Mi-Do-Fr-Sa
1,0.5,0.5,DPD,30177,6,2209.9404705919,Mo-Di-Mi-Do-Fr-Sa
1,0.5,0.5,DPD,30179,6,2456.3548464568607,Mo-Di-Mi-Do-Fr-Sa
1,0.5,0.5,DPD,30419,6,5265.1161318874765,Mo-Di-Mi-Do-Fr-Sa
1,0.5,0.5,DPD,30449,6,4228.42693330016,Mo-Di-Mi-Do-Fr-Sa
1,0.5,0.5,DPD,30453,6,3642.2344276936155,Mo-Di-Mi-Do-Fr-Sa
1,0.5,0.5,DPD,30455,6,3096.4884420991384,Mo-Di-Mi-Do-Fr-Sa
1,0.5,0.5,DPD,30457,6,3033.5474025044095,Mo-Di-Mi-Do-Fr-Sa
1,0.5,0.5,DPD,30459,6,2600.91439635438,Mo-Di-Mi-Do-Fr-Sa
1,0.5,0.5,DPD,30519,6,4320.607386569162,Mo-Di-Mi-Do-Fr-Sa
1,0.5,0.5,DPD,30539,6,3413.7063659864443,Mo-Di-Mi-Do-Fr-Sa
1,0.5,0.5,DPD,30559,6,3962.3984605122114,Mo-Di-Mi-Do-Fr-Sa
1,0.5,0.5,DPD,30625,6,2850.320934681696,Mo-Di-Mi-Do-Fr-Sa
1,0.5,0.5,DPD,30627,6,1702.8075328692416,Mo-Di-Mi-Do-Fr-Sa
1,0.5,0.5,DPD,30629,6,2022.2450338148715,Mo-Di-Mi-Do-Fr-Sa
1,0.5,0.5,DPD,30655,6,2962.2877870695056,Mo-Di-Mi-Do-Fr-Sa
1,0.5,0.5,DPD,30657,6,3491.1799180397643,Mo-Di-Mi-Do-Fr-Sa
1,0.5,0.5,DPD,30659,6,2618.465789423123,Mo-Di-Mi-Do-Fr-Sa
1,0.5,0.5,DPD,30823,6,3865.0840833133775,Mo-Di-Mi-Do-Fr-Sa
1,0.5,0.5,DPD,30826,6,4450.281781439314,Mo-Di-Mi-Do-Fr-Sa
1,0.5,0.5,DPD,30827,6,3608.8593533036596,Mo-Di-Mi-Do-Fr-Sa
1,0.5,0.5,DPD,30851,6,2478.115916251141,Mo-Di-Mi-Do-Fr-Sa
1,0.5,0.5,DPD,30853,6,3139.9824024159293,Mo-Di-Mi-Do-Fr-Sa
1,0.5,0.5,DPD,30855,6,9902.157549572998,Mo-Di-Mi-Do-Fr-Sa
1,0.5,0.5,DPD,30880,6,5724.1369426636065,Mo-Di-Mi-Do-Fr-Sa
1,0.5,0.5,DPD,30890,6,7366.859287260241,Mo-Di-Mi-Do-Fr-Sa
1,0.5,0.5,DPD,30900,6,7907.913020603282,Mo-Di-Mi-Do-Fr-Sa
1,0.5,0.5,DPD,30916,6,5461.8560724360295,Mo-Di-Mi-Do-Fr-Sa
1,0.5,0.5,DPD,30926,6,6554.51545291052,Mo-Di-Mi-Do-Fr-Sa
1,0.5,0.5,DPD,30938,6,5375.687534132779,Mo-Di-Mi-Do-Fr-Sa
1,0.5,0.5,DPD,30952,6,4561.479157316165,Mo-Di-Mi-Do-Fr-Sa
1,0.5,0.5,DPD,30966,6,4113.820061245529,Mo-Di-Mi-Do-Fr-Sa
1,0.5,0.5,DPD,30974,6,3896.9038698685263,Mo-Di-Mi-Do-Fr-Sa
1,0.5,0.5,DPD,30982,6,3830.721528900909,Mo-Di-Mi-Do-Fr-Sa
1,0.5,0.5,DPD,30989,6,3946.0731716166256,Mo-Di-Mi-Do-Fr-Sa
1,0.5,0.5,DPD,31275,6,6769.754123240408,Mo-Di-Mi-Do-Fr-Sa
1,0.5,0.5,DPD,31303,6,5382.263541335347,Mo-Di-Mi-Do-Fr-Sa
1,0.5,0.5,DPD,31311,6,5057.5443785598,Mo-Di-Mi-Do-Fr-Sa
1,0.5,0.5,DPD,31319,6,4322.920564726374,Mo-Di-Mi-Do-Fr-Sa
1,0.5,0.5,DPD,31515,6,8514.010022868573,Mo-Di-Mi-Do-Fr-Sa
1,0.5,0.5,DPD,31535,6,10445.230487214772,Mo-Di-Mi-Do-Fr-Sa
1,0.5,0.5,DPD,31832,6,6946.620478408022,Mo-Di-Mi-Do-Fr-Sa
1,0.5,0.5,FedEx,30159,6,12718.231786828019,Mo-Di-Mi-Do-Fr-Sa
1,0.5,0.5,FedEx,30161,6,5117.62082484508,Mo-Di-Mi-Do-Fr-Sa
1,0.5,0.5,FedEx,30163,6,7975.018302233126,Mo-Di-Mi-Do-Fr-Sa
1,0.5,0.5,FedEx,30167,6,5034.453120713282,Mo-Di-Mi-Do-Fr-Sa
1,0.5,0.5,FedEx,30419,6,3180.1259661691156,Mo-Di-Mi-Do-Fr-Sa
1,0.5,0.5,FedEx,30449,6,5070.480072832069,Mo-Di-Mi-Do-Fr-Sa
1,0.5,0.5,FedEx,30453,6,3293.4750889307907,Mo-Di-Mi-Do-Fr-Sa
1,0.5,0.5,FedEx,30455,6,1946.7438791667537,Mo-Di-Mi-Do-Fr-Sa
1,0.5,0.5,FedEx,30457,6,2044.72202905335,Mo-Di-Mi-Do-Fr-Sa
1,0.5,0.5,FedEx,30519,6,4212.967113206203,Mo-Di-Mi-Do-Fr-Sa
1,0.5,0.5,FedEx,30539,6,4152.305372826759,Mo-Di-Mi-Do-Fr-Sa
1,0.5,0.5,FedEx,30559,6,5277.723812006553,Mo-Di-Mi-Do-Fr-Sa
1,0.5,0.5,FedEx,30625,6,3793.496546922467,Mo-Di-Mi-Do-Fr-Sa
1,0.5,0.5,FedEx,30655,6,3433.7185775447538,Mo-Di-Mi-Do-Fr-Sa
1,0.5,0.5,FedEx,30657,6,4470.593996761694,Mo-Di-Mi-Do-Fr-Sa
1,0.5,0.5,FedEx,30823,6,1961.9849632795315,Mo-Di-Mi-Do-Fr-Sa
1,0.5,0.5,FedEx,30827,6,4096.161855811475,Mo-Di-Mi-Do-Fr-Sa
1,0.5,0.5,FedEx,30853,6,4453.819539562914,Mo-Di-Mi-Do-Fr-Sa
1,0.5,0.5,FedEx,30855,6,11312.376813579114,Mo-Di-Mi-Do-Fr-Sa
1,0.5,0.5,FedEx,30880,6,5741.552839090982,Mo-Di-Mi-Do-Fr-Sa
1,0.5,0.5,FedEx,30890,6,3997.7414623067557,Mo-Di-Mi-Do-Fr-Sa
1,0.5,0.5,FedEx,30900,6,4635.623792045639,Mo-Di-Mi-Do-Fr-Sa
1,0.5,0.5,FedEx,30916,6,5240.3696223713005,Mo-Di-Mi-Do-Fr-Sa
1,0.5,0.5,FedEx,30926,6,3401.7660373946965,Mo-Di-Mi-Do-Fr-Sa
1,0.5,0.5,FedEx,30938,6,5545.461756733482,Mo-Di-Mi-Do-Fr-Sa
1,0.5,0.5,FedEx,30952,6,2775.4512231381723,Mo-Di-Mi-Do-Fr-Sa
1,0.5,0.5,FedEx,30966,6,2488.5376856129433,Mo-Di-Mi-Do-Fr-Sa
1,0.5,0.5,FedEx,30974,6,2391.637007376545,Mo-Di-Mi-Do-Fr-Sa
1,0.5,0.5,FedEx,30982,6,2379.2604748942445,Mo-Di-Mi-Do-Fr-Sa
1,0.5,0.5,FedEx,30989,6,2431.4853535221046,Mo-Di-Mi-Do-Fr-Sa
1,0.5,0.5,FedEx,31275,6,5124.1511973038305,Mo-Di-Mi-Do-Fr-Sa
1,0.5,0.5,FedEx,31303,6,4123.924879749779,Mo-Di-Mi-Do-Fr-Sa
1,0.5,0.5,FedEx,31311,6,2818.577694291381,Mo-Di-Mi-Do-Fr-Sa
1,0.5,0.5,FedEx,31319,6,2899.0915841222704,Mo-Di-Mi-Do-Fr-Sa
1,0.5,0.5,FedEx,31515,6,5042.452261301043,Mo-Di-Mi-Do-Fr-Sa
1,0.5,0.5,FedEx,31535,6,6096.402065541078,Mo-Di-Mi-Do-Fr-Sa
1,0.5,0.5,FedEx,31832,6,4579.1852282655655,Mo-Di-Mi-Do-Fr-Sa
1,0.5,0.5,GLS,30159,6,4642.731630176733,Mo-Di-Mi-Do-Fr-Sa
1,0.5,0.5,GLS,30161,6,2986.081313787293,Mo-Di-Mi-Do-Fr-Sa
1,0.5,0.5,GLS,30163,6,4573.00549257944,Mo-Di-Mi-Do-Fr-Sa
1,0.5,0.5,GLS,30165,6,2405.2247120162715,Mo-Di-Mi-Do-Fr-Sa
1,0.5,0.5,GLS,30167,6,3599.9610348639785,Mo-Di-Mi-Do-Fr-Sa
1,0.5,0.5,GLS,30173,6,2467.3206708480106,Mo-Di-Mi-Do-Fr-Sa
1,0.5,0.5,GLS,30179,6,2030.2594095239801,Mo-Di-Mi-Do-Fr-Sa
1,0.5,0.5,GLS,30419,6,4965.41823609136,Mo-Di-Mi-Do-Fr-Sa
1,0.5,0.5,GLS,30449,6,3622.3194063359115,Mo-Di-Mi-Do-Fr-Sa
1,0.5,0.5,GLS,30453,6,3220.8486215837556,Mo-Di-Mi-Do-Fr-Sa
1,0.5,0.5,GLS,30455,6,2710.1642671316163,Mo-Di-Mi-Do-Fr-Sa
1,0.5,0.5,GLS,30457,6,2439.5045011125458,Mo-Di-Mi-Do-Fr-Sa
1,0.5,0.5,GLS,30459,6,1876.236727895414,Mo-Di-Mi-Do-Fr-Sa
1,0.5,0.5,GLS,30519,6,3552.9135868219814,Mo-Di-Mi-Do-Fr-Sa
1,0.5,0.5,GLS,30539,6,2447.219634346096,Mo-Di-Mi-Do-Fr-Sa
1,0.5,0.5,GLS,30559,6,3755.0680366461006,Mo-Di-Mi-Do-Fr-Sa
1,0.5,0.5,GLS,30625,6,2210.8683733501316,Mo-Di-Mi-Do-Fr-Sa
1,0.5,0.5,GLS,30627,6,1794.681684046207,Mo-Di-Mi-Do-Fr-Sa
1,0.5,0.5,GLS,30629,6,2094.2697610443015,Mo-Di-Mi-Do-Fr-Sa
1,0.5,0.5,GLS,30655,6,3084.925174317692,Mo-Di-Mi-Do-Fr-Sa
1,0.5,0.5,GLS,30657,6,2844.2755580556222,Mo-Di-Mi-Do-Fr-Sa
1,0.5,0.5,GLS,30659,6,2165.5626302364476,Mo-Di-Mi-Do-Fr-Sa
1,0.5,0.5,GLS,30823,6,3924.3738476586004,Mo-Di-Mi-Do-Fr-Sa
1,0.5,0.5,GLS,30826,6,4450.709602332494,Mo-Di-Mi-Do-Fr-Sa
1,0.5,0.5,GLS,30827,6,3074.664687517894,Mo-Di-Mi-Do-Fr-Sa
1,0.5,0.5,GLS,30851,6,2097.4205946859483,Mo-Di-Mi-Do-Fr-Sa
1,0.5,0.5,GLS,30853,6,2190.0844891648285,Mo-Di-Mi-Do-Fr-Sa
1,0.5,0.5,GLS,30855,6,7965.715090235543,Mo-Di-Mi-Do-Fr-Sa
1,0.5,0.5,GLS,30880,6,4410.166219280911,Mo-Di-Mi-Do-Fr-Sa
1,0.5,0.5,GLS,30890,6,6973.735884763185,Mo-Di-Mi-Do-Fr-Sa
1,0.5,0.5,GLS,30900,6,7362.540240615051,Mo-Di-Mi-Do-Fr-Sa
1,0.5,0.5,GLS,30916,6,4763.202136413941,Mo-Di-Mi-Do-Fr-Sa
1,0.5,0.5,GLS,30926,6,5231.578416246413,Mo-Di-Mi-Do-Fr-Sa
1,0.5,0.5,GLS,30938,6,5971.2996390760245,Mo-Di-Mi-Do-Fr-Sa
1,0.5,0.5,GLS,30952,6,4042.14874679477,Mo-Di-Mi-Do-Fr-Sa
1,0.5,0.5,GLS,30966,6,3507.0096481155524,Mo-Di-Mi-Do-Fr-Sa
1,0.5,0.5,GLS,30974,6,2912.392838204481,Mo-Di-Mi-Do-Fr-Sa
1,0.5,0.5,GLS,30982,6,2738.200143049824,Mo-Di-Mi-Do-Fr-Sa
1,0.5,0.5,GLS,30989,6,2798.376100761728,Mo-Di-Mi-Do-Fr-Sa
1,0.5,0.5,GLS,31275,6,6976.065105573762,Mo-Di-Mi-Do-Fr-Sa
1,0.5,0.5,GLS,31303,6,5973.506921190097,Mo-Di-Mi-Do-Fr-Sa
1,0.5,0.5,GLS,31311,6,4948.797517087573,Mo-Di-Mi-Do-Fr-Sa
1,0.5,0.5,GLS,31319,6,4180.379543747179,Mo-Di-Mi-Do-Fr-Sa
1,0.5,0.5,GLS,31515,6,8256.921895152971,Mo-Di-Mi-Do-Fr-Sa
1,0.5,0.5,GLS,31535,6,10499.401507100236,Mo-Di-Mi-Do-Fr-Sa
1,0.5,0.5,GLS,31832,6,5063.723709467103,Mo-Di-Mi-Do-Fr-Sa
1,0.5,0.5,Hermes,30159,6,5733.224620250021,Mo-Di-Mi-Do-Fr-Sa
1,0.5,0.5,Hermes,30161,6,3199.481172195214,Mo-Di-Mi-Do-Fr-Sa
1,0.5,0.5,Hermes,30163,6,3149.747408424128,Mo-Di-Mi-Do-Fr-Sa
1,0.5,0.5,Hermes,30165,6,3068.6506500487,Mo-Di-Mi-Do-Fr-Sa
1,0.5,0.5,Hermes,30167,6,4191.407588044548,Mo-Di-Mi-Do-Fr-Sa
1,0.5,0.5,Hermes,30173,6,3381.0704854709033,Mo-Di-Mi-Do-Fr-Sa
1,0.5,0.5,Hermes,30177,6,2890.100281124943,Mo-Di-Mi-Do-Fr-Sa
1,0.5,0.5,Hermes,30179,6,2910.160615852085,Mo-Di-Mi-Do-Fr-Sa
1,0.5,0.5,Hermes,30419,6,5349.858727332469,Mo-Di-Mi-Do-Fr-Sa
1,0.5,0.5,Hermes,30449,6,4242.570999862953,Mo-Di-Mi-Do-Fr-Sa
1,0.5,0.5,Hermes,30453,6,3492.5973865174465,Mo-Di-Mi-Do-Fr-Sa
1,0.5,0.5,Hermes,30455,6,3483.007050591635,Mo-Di-Mi-Do-Fr-Sa
1,0.5,0.5,Hermes,30457,6,3569.233546071827,Mo-Di-Mi-Do-Fr-Sa
1,0.5,0.5,Hermes,30459,6,3465.6139132677736,Mo-Di-Mi-Do-Fr-Sa
1,0.5,0.5,Hermes,30519,6,5059.54869015822,Mo-Di-Mi-Do-Fr-Sa
1,0.5,0.5,Hermes,30539,6,3645.27178816927,Mo-Di-Mi-Do-Fr-Sa
1,0.5,0.5,Hermes,30559,6,5354.545180144074,Mo-Di-Mi-Do-Fr-Sa
1,0.5,0.5,Hermes,30625,6,3273.024738869934,Mo-Di-Mi-Do-Fr-Sa
1,0.5,0.5,Hermes,30627,6,1800.235438802243,Mo-Di-Mi-Do-Fr-Sa
1,0.5,0.5,Hermes,30629,6,3350.386872776183,Mo-Di-Mi-Do-Fr-Sa
1,0.5,0.5,Hermes,30655,6,3431.0171455734962,Mo-Di-Mi-Do-Fr-Sa
1,0.5,0.5,Hermes,30657,6,3111.094528158594,Mo-Di-Mi-Do-Fr-Sa
1,0.5,0.5,Hermes,30659,6,3309.038695730729,Mo-Di-Mi-Do-Fr-Sa
1,0.5,0.5,Hermes,30823,6,3990.3024874652046,Mo-Di-Mi-Do-Fr-Sa
1,0.5,0.5,Hermes,30826,6,4128.411311124519,Mo-Di-Mi-Do-Fr-Sa
1,0.5,0.5,Hermes,30827,6,3094.2868268624684,Mo-Di-Mi-Do-Fr-Sa
1,0.5,0.5,Hermes,30851,6,2771.6415924617286,Mo-Di-Mi-Do-Fr-Sa
1,0.5,0.5,Hermes,30853,6,2517.942276990752,Mo-Di-Mi-Do-Fr-Sa
1,0.5,0.5,Hermes,30855,6,8779.652974651703,Mo-Di-Mi-Do-Fr-Sa
1,0.5,0.5,Hermes,30880,6,6557.610295895224,Mo-Di-Mi-Do-Fr-Sa
1,0.5,0.5,Hermes,30890,6,7809.555367111947,Mo-Di-Mi-Do-Fr-Sa
1,0.5,0.5,Hermes,30900,6,7214.925875920487,Mo-Di-Mi-Do-Fr-Sa
1,0.5,0.5,Hermes,30916,6,5828.192709584215,Mo-Di-Mi-Do-Fr-Sa
1,0.5,0.5,Hermes,30926,6,6011.173799751178,Mo-Di-Mi-Do-Fr-Sa
1,0.5,0.5,Hermes,30938,6,5828.804691204429,Mo-Di-Mi-Do-Fr-Sa
1,0.5,0.5,Hermes,30952,6,4970.456535421607,Mo-Di-Mi-Do-Fr-Sa
1,0.5,0.5,Hermes,30966,6,4366.584680259732,Mo-Di-Mi-Do-Fr-Sa
1,0.5,0.5,Hermes,30974,6,4410.144825608362,Mo-Di-Mi-Do-Fr-Sa
1,0.5,0.5,Hermes,30982,6,4427.074150417707,Mo-Di-Mi-Do-Fr-Sa
1,0.5,0.5,Hermes,30989,6,4157.952995024617,Mo-Di-Mi-Do-Fr-Sa
1,0.5,0.5,Hermes,31275,6,9028.68038608271,Mo-Di-Mi-Do-Fr-Sa
1,0.5,0.5,Hermes,31303,6,7250.99937144573,Mo-Di-Mi-Do-Fr-Sa
1,0.5,0.5,Hermes,31311,6,6890.503183739214,Mo-Di-Mi-Do-Fr-Sa
1,0.5,0.5,Hermes,31319,6,7188.758708235467,Mo-Di-Mi-Do-Fr-Sa
1,0.5,0.5,Hermes,31515,6,8767.215399032415,Mo-Di-Mi-Do-Fr-Sa
1,0.5,0.5,Hermes,31535,6,10757.266852596395,Mo-Di-Mi-Do-Fr-Sa
1,0.5,0.5,Hermes,31832,6,8382.154012315681,Mo-Di-Mi-Do-Fr-Sa
1,0.5,0.5,UPS,30159,6,14317.480235229965,Mo-Di-Mi-Do-Fr-Sa
1,0.5,0.5,UPS,30161,6,5890.635111592997,Mo-Di-Mi-Do-Fr-Sa
1,0.5,0.5,UPS,30163,6,6349.944745490952,Mo-Di-Mi-Do-Fr-Sa
1,0.5,0.5,UPS,30165,6,3734.612092283068,Mo-Di-Mi-Do-Fr-Sa
1,0.5,0.5,UPS,30167,6,5814.4595762356885,Mo-Di-Mi-Do-Fr-Sa
1,0.5,0.5,UPS,30419,6,3394.8772470909635,Mo-Di-Mi-Do-Fr-Sa
1,0.5,0.5,UPS,30449,6,6674.182899507537,Mo-Di-Mi-Do-Fr-Sa
1,0.5,0.5,UPS,30453,6,3351.1237228460413,Mo-Di-Mi-Do-Fr-Sa
1,0.5,0.5,UPS,30455,6,1996.1301130016752,Mo-Di-Mi-Do-Fr-Sa
1,0.5,0.5,UPS,30457,6,2082.9256820867663,Mo-Di-Mi-Do-Fr-Sa
1,0.5,0.5,UPS,30519,6,4973.9315352734,Mo-Di-Mi-Do-Fr-Sa
1,0.5,0.5,UPS,30539,6,4485.850061676111,Mo-Di-Mi-Do-Fr-Sa
1,0.5,0.5,UPS,30559,6,4939.1329806155645,Mo-Di-Mi-Do-Fr-Sa
1,0.5,0.5,UPS,30625,6,4339.667231631438,Mo-Di-Mi-Do-Fr-Sa
1,0.5,0.5,UPS,30655,6,2094.0257327831955,Mo-Di-Mi-Do-Fr-Sa
1,0.5,0.5,UPS,30657,6,4716.19795217861,Mo-Di-Mi-Do-Fr-Sa
1,0.5,0.5,UPS,30659,6,3619.59971665554,Mo-Di-Mi-Do-Fr-Sa
1,0.5,0.5,UPS,30823,6,3052.1704739423803,Mo-Di-Mi-Do-Fr-Sa
1,0.5,0.5,UPS,30826,6,2042.7216152816727,Mo-Di-Mi-Do-Fr-Sa
1,0.5,0.5,UPS,30827,6,3318.772929682461,Mo-Di-Mi-Do-Fr-Sa
1,0.5,0.5,UPS,30853,6,4528.522142755246,Mo-Di-Mi-Do-Fr-Sa
1,0.5,0.5,UPS,30855,6,12308.304707064348,Mo-Di-Mi-Do-Fr-Sa
1,0.5,0.5,UPS,30880,6,6984.527492927398,Mo-Di-Mi-Do-Fr-Sa
1,0.5,0.5,UPS,30890,6,4599.930410969343,Mo-Di-Mi-Do-Fr-Sa
1,0.5,0.5,UPS,30900,6,5015.522672116011,Mo-Di-Mi-Do-Fr-Sa
1,0.5,0.5,UPS,30916,6,5894.597782277826,Mo-Di-Mi-Do-Fr-Sa
1,0.5,0.5,UPS,30926,6,3979.540646149894,Mo-Di-Mi-Do-Fr-Sa
1,0.5,0.5,UPS,30938,6,5900.509623828604,Mo-Di-Mi-Do-Fr-Sa
1,0.5,0.5,UPS,30952,6,3623.86551862089,Mo-Di-Mi-Do-Fr-Sa
1,0.5,0.5,UPS,30966,6,3458.283671063921,Mo-Di-Mi-Do-Fr-Sa
1,0.5,0.5,UPS,30974,6,2944.0941408457325,Mo-Di-Mi-Do-Fr-Sa
1,0.5,0.5,UPS,30982,6,3021.3027147961793,Mo-Di-Mi-Do-Fr-Sa
1,0.5,0.5,UPS,30989,6,3076.746244653496,Mo-Di-Mi-Do-Fr-Sa
1,0.5,0.5,UPS,31275,6,6655.257075966285,Mo-Di-Mi-Do-Fr-Sa
1,0.5,0.5,UPS,31303,6,4510.316706152553,Mo-Di-Mi-Do-Fr-Sa
1,0.5,0.5,UPS,31311,6,4373.121879073002,Mo-Di-Mi-Do-Fr-Sa
1,0.5,0.5,UPS,31319,6,3620.0013358882434,Mo-Di-Mi-Do-Fr-Sa
1,0.5,0.5,UPS,31515,6,6735.40640345356,Mo-Di-Mi-Do-Fr-Sa
1,0.5,0.5,UPS,31535,6,7613.836771350983,Mo-Di-Mi-Do-Fr-Sa
1,0.5,0.5,UPS,31832,6,5105.054625543156,Mo-Di-Mi-Do-Fr-Sa
1,0.6000000000000001,0.3999999999999999,Amazon,30159,6,11687.758591886499,Mo-Di-Mi-Do-Fr-Sa
1,0.6000000000000001,0.3999999999999999,Amazon,30161,6,6198.076199381901,Mo-Di-Mi-Do-Fr-Sa
1,0.6000000000000001,0.3999999999999999,Amazon,30163,6,5887.274416922319,Mo-Di-Mi-Do-Fr-Sa
1,0.6000000000000001,0.3999999999999999,Amazon,30165,6,4696.3632925800775,Mo-Di-Mi-Do-Fr-Sa
1,0.6000000000000001,0.3999999999999999,Amazon,30167,6,7124.980941103149,Mo-Di-Mi-Do-Fr-Sa
1,0.6000000000000001,0.3999999999999999,Amazon,30173,6,5184.403263125373,Mo-Di-Mi-Do-Fr-Sa
1,0.6000000000000001,0.3999999999999999,Amazon,30177,6,4295.3755099319715,Mo-Di-Mi-Do-Fr-Sa
1,0.6000000000000001,0.3999999999999999,Amazon,30179,6,4357.442561887894,Mo-Di-Mi-Do-Fr-Sa
1,0.6000000000000001,0.3999999999999999,Amazon,30419,6,8685.332684443236,Mo-Di-Mi-Do-Fr-Sa
1,0.6000000000000001,0.3999999999999999,Amazon,30449,6,6930.958642387422,Mo-Di-Mi-Do-Fr-Sa
1,0.6000000000000001,0.3999999999999999,Amazon,30453,6,4953.369950665476,Mo-Di-Mi-Do-Fr-Sa
1,0.6000000000000001,0.3999999999999999,Amazon,30455,6,4733.969914501729,Mo-Di-Mi-Do-Fr-Sa
1,0.6000000000000001,0.3999999999999999,Amazon,30457,6,4861.272760888753,Mo-Di-Mi-Do-Fr-Sa
1,0.6000000000000001,0.3999999999999999,Amazon,30459,6,4721.113690320388,Mo-Di-Mi-Do-Fr-Sa
1,0.6000000000000001,0.3999999999999999,Amazon,30519,6,7989.408733574742,Mo-Di-Mi-Do-Fr-Sa
1,0.6000000000000001,0.3999999999999999,Amazon,30539,6,5232.56483537078,Mo-Di-Mi-Do-Fr-Sa
1,0.6000000000000001,0.3999999999999999,Amazon,30559,6,7936.80103693811,Mo-Di-Mi-Do-Fr-Sa
1,0.6000000000000001,0.3999999999999999,Amazon,30625,6,4833.5787808117675,Mo-Di-Mi-Do-Fr-Sa
1,0.6000000000000001,0.3999999999999999,Amazon,30627,6,3579.2895236259706,Mo-Di-Mi-Do-Fr-Sa
1,0.6000000000000001,0.3999999999999999,Amazon,30629,6,4483.669440977608,Mo-Di-Mi-Do-Fr-Sa
1,0.6000000000000001,0.3999999999999999,Amazon,30655,6,5134.034576870573,Mo-Di-Mi-Do-Fr-Sa
1,0.6000000000000001,0.3999999999999999,Amazon,30657,6,5211.641795669652,Mo-Di-Mi-Do-Fr-Sa
1,0.6000000000000001,0.3999999999999999,Amazon,30659,6,4808.930135185106,Mo-Di-Mi-Do-Fr-Sa
1,0.6000000000000001,0.3999999999999999,Amazon,30823,6,5492.8333908221575,Mo-Di-Mi-Do-Fr-Sa
1,0.6000000000000001,0.3999999999999999,Amazon,30826,6,5309.400426435489,Mo-Di-Mi-Do-Fr-Sa
1,0.6000000000000001,0.3999999999999999,Amazon,30827,6,4406.282253025094,Mo-Di-Mi-Do-Fr-Sa
1,0.6000000000000001,0.3999999999999999,Amazon,30851,6,4461.2266132019995,Mo-Di-Mi-Do-Fr-Sa
1,0.6000000000000001,0.3999999999999999,Amazon,30853,6,4295.473522234693,Mo-Di-Mi-Do-Fr-Sa
1,0.6000000000000001,0.3999999999999999,Amazon,30855,6,16425.713131956443,Mo-Di-Mi-Do-Fr-Sa
1,0.6000000000000001,0.3999999999999999,Amazon,30880,6,10836.49486333059,Mo-Di-Mi-Do-Fr-Sa
1,0.6000000000000001,0.3999999999999999,Amazon,30890,6,9949.99293278101,Mo-Di-Mi-Do-Fr-Sa
1,0.6000000000000001,0.3999999999999999,Amazon,30900,6,11733.296749095527,Mo-Di-Mi-Do-Fr-Sa
1,0.6000000000000001,0.3999999999999999,Amazon,30916,6,9943.63733060065,Mo-Di-Mi-Do-Fr-Sa
1,0.6000000000000001,0.3999999999999999,Amazon,30926,6,8780.42111083368,Mo-Di-Mi-Do-Fr-Sa
1,0.6000000000000001,0.3999999999999999,Amazon,30938,6,8932.3523870359,Mo-Di-Mi-Do-Fr-Sa
1,0.6000000000000001,0.3999999999999999,Amazon,30952,6,6792.522249966714,Mo-Di-Mi-Do-Fr-Sa
1,0.6000000000000001,0.3999999999999999,Amazon,30966,6,6753.487289755222,Mo-Di-Mi-Do-Fr-Sa
1,0.6000000000000001,0.3999999999999999,Amazon,30974,6,5185.498167842292,Mo-Di-Mi-Do-Fr-Sa
1,0.6000000000000001,0.3999999999999999,Amazon,30982,6,5545.048582884666,Mo-Di-Mi-Do-Fr-Sa
1,0.6000000000000001,0.3999999999999999,Amazon,30989,6,5239.8327189564525,Mo-Di-Mi-Do-Fr-Sa
1,0.6000000000000001,0.3999999999999999,Amazon,31275,6,14011.694458512184,Mo-Di-Mi-Do-Fr-Sa
1,0.6000000000000001,0.3999999999999999,Amazon,31303,6,10292.592352807045,Mo-Di-Mi-Do-Fr-Sa
1,0.6000000000000001,0.3999999999999999,Amazon,31311,6,8647.386430120578,Mo-Di-Mi-Do-Fr-Sa
1,0.6000000000000001,0.3999999999999999,Amazon,31319,6,9006.598190484336,Mo-Di-Mi-Do-Fr-Sa
1,0.6000000000000001,0.3999999999999999,Amazon,31515,6,12109.355310297444,Mo-Di-Mi-Do-Fr-Sa
1,0.6000000000000001,0.3999999999999999,Amazon,31535,6,14649.713985934406,Mo-Di-Mi-Do-Fr-Sa
1,0.6000000000000001,0.3999999999999999,Amazon,31832,6,10630.27600706838,Mo-Di-Mi-Do-Fr-Sa
1,0.6000000000000001,0.3999999999999999,DHL,30159,6,21425.132453693925,Mo-Di-Mi-Do-Fr-Sa
1,0.6000000000000001,0.3999999999999999,DHL,30161,6,10896.842490106472,Mo-Di-Mi-Do-Fr-Sa
1,0.6000000000000001,0.3999999999999999,DHL,30163,6,9949.803363797471,Mo-Di-Mi-Do-Fr-Sa
1,0.6000000000000001,0.3999999999999999,DHL,30165,6,8802.876567972335,Mo-Di-Mi-Do-Fr-Sa
1,0.6000000000000001,0.3999999999999999,DHL,30167,6,13153.912834635783,Mo-Di-Mi-Do-Fr-Sa
1,0.6000000000000001,0.3999999999999999,DHL,30169,6,5443.510365830029,Mo-Di-Mi-Do-Fr-Sa
1,0.6000000000000001,0.3999999999999999,DHL,30173,6,9027.275959686367,Mo-Di-Mi-Do-Fr-Sa
1,0.6000000000000001,0.3999999999999999,DHL,30177,6,6801.611388745387,Mo-Di-Mi-Do-Fr-Sa
1,0.6000000000000001,0.3999999999999999,DHL,30179,6,7025.737693154014,Mo-Di-Mi-Do-Fr-Sa
1,0.6000000000000001,0.3999999999999999,DHL,30419,6,15488.762582133773,Mo-Di-Mi-Do-Fr-Sa
1,0.6000000000000001,0.3999999999999999,DHL,30449,6,7469.2241491514915,Mo-Di-Mi-Do-Fr-Sa
1,0.6000000000000001,0.3999999999999999,DHL,30453,6,8951.952033907073,Mo-Di-Mi-Do-Fr-Sa
1,0.6000000000000001,0.3999999999999999,DHL,30455,6,7533.4371442876145,Mo-Di-Mi-Do-Fr-Sa
1,0.6000000000000001,0.3999999999999999,DHL,30457,6,7270.894456096109,Mo-Di-Mi-Do-Fr-Sa
1,0.6000000000000001,0.3999999999999999,DHL,30459,6,6651.002162382179,Mo-Di-Mi-Do-Fr-Sa
1,0.6000000000000001,0.3999999999999999,DHL,30519,6,13272.168787294228,Mo-Di-Mi-Do-Fr-Sa
1,0.6000000000000001,0.3999999999999999,DHL,30539,6,9349.501232628127,Mo-Di-Mi-Do-Fr-Sa
1,0.6000000000000001,0.3999999999999999,DHL,30559,6,12373.65925832722,Mo-Di-Mi-Do-Fr-Sa
1,0.6000000000000001,0.3999999999999999,DHL,30625,6,8096.802842174482,Mo-Di-Mi-Do-Fr-Sa
1,0.6000000000000001,0.3999999999999999,DHL,30627,6,5606.363090833329,Mo-Di-Mi-Do-Fr-Sa
1,0.6000000000000001,0.3999999999999999,DHL,30629,6,6766.974846046077,Mo-Di-Mi-Do-Fr-Sa
1,0.6000000000000001,0.3999999999999999,DHL,30655,6,8869.786833512764,Mo-Di-Mi-Do-Fr-Sa
1,0.6000000000000001,0.3999999999999999,DHL,30657,6,9992.167827012736,Mo-Di-Mi-Do-Fr-Sa
1,0.6000000000000001,0.3999999999999999,DHL,30659,6,7898.329610710899,Mo-Di-Mi-Do-Fr-Sa
1,0.6000000000000001,0.3999999999999999,DHL,30823,6,10208.877886178407,Mo-Di-Mi-Do-Fr-Sa
1,0.6000000000000001,0.3999999999999999,DHL,30826,6,9412.56972551855,Mo-Di-Mi-Do-Fr-Sa
1,0.6000000000000001,0.3999999999999999,DHL,30827,6,8625.617953447312,Mo-Di-Mi-Do-Fr-Sa
1,0.6000000000000001,0.3999999999999999,DHL,30851,6,7140.564548697186,Mo-Di-Mi-Do-Fr-Sa
1,0.6000000000000001,0.3999999999999999,DHL,30853,6,7954.150022203881,Mo-Di-Mi-Do-Fr-Sa
1,0.6000000000000001,0.3999999999999999,DHL,30855,6,32552.34432866005,Mo-Di-Mi-Do-Fr-Sa
1,0.6000000000000001,0.3999999999999999,DHL,30880,6,18007.36898635567,Mo-Di-Mi-Do-Fr-Sa
1,0.6000000000000001,0.3999999999999999,DHL,30890,6,15947.754646399117,Mo-Di-Mi-Do-Fr-Sa
1,0.6000000000000001,0.3999999999999999,DHL,30900,6,18229.388928763692,Mo-Di-Mi-Do-Fr-Sa
1,0.6000000000000001,0.3999999999999999,DHL,30916,6,17734.269551035948,Mo-Di-Mi-Do-Fr-Sa
1,0.6000000000000001,0.3999999999999999,DHL,30926,6,14434.82758928225,Mo-Di-Mi-Do-Fr-Sa
1,0.6000000000000001,0.3999999999999999,DHL,30938,6,14554.779241554967,Mo-Di-Mi-Do-Fr-Sa
1,0.6000000000000001,0.3999999999999999,DHL,30952,6,11365.430112451975,Mo-Di-Mi-Do-Fr-Sa
1,0.6000000000000001,0.3999999999999999,DHL,30966,6,10624.352717702506,Mo-Di-Mi-Do-Fr-Sa
1,0.6000000000000001,0.3999999999999999,DHL,30974,6,7703.025014293544,Mo-Di-Mi-Do-Fr-Sa
1,0.6000000000000001,0.3999999999999999,DHL,30982,6,8234.46117714012,Mo-Di-Mi-Do-Fr-Sa
1,0.6000000000000001,0.3999999999999999,DHL,30989,6,8649.900505408892,Mo-Di-Mi-Do-Fr-Sa
1,0.6000000000000001,0.3999999999999999,DHL,31275,6,20741.197757085225,Mo-Di-Mi-Do-Fr-Sa
1,0.6000000000000001,0.3999999999999999,DHL,31303,6,13739.115623819012,Mo-Di-Mi-Do-Fr-Sa
1,0.6000000000000001,0.3999999999999999,DHL,31311,6,10648.959166588764,Mo-Di-Mi-Do-Fr-Sa
1,0.6000000000000001,0.3999999999999999,DHL,31319,6,12210.553941257438,Mo-Di-Mi-Do-Fr-Sa
1,0.6000000000000001,0.3999999999999999,DHL,31515,6,20814.204304395767,Mo-Di-Mi-Do-Fr-Sa
1,0.6000000000000001,0.3999999999999999,DHL,31535,6,21637.256139647427,Mo-Di-Mi-Do-Fr-Sa
1,0.6000000000000001,0.3999999999999999,DHL,31832,6,14443.460212265947,Mo-Di-Mi-Do-Fr-Sa
1,0.6000000000000001,0.3999999999999999,DPD,30159,6,6745.43642982665,Mo-Di-Mi-Do-Fr-Sa
1,0.6000000000000001,0.3999999999999999,DPD,30161,6,3572.3066172774998,Mo-Di-Mi-Do-Fr-Sa
1,0.6000000000000001,0.3999999999999999,DPD,30163,6,3334.016654677259,Mo-Di-Mi-Do-Fr-Sa
1,0.6000000000000001,0.3999999999999999,DPD,30165,6,3220.920457383544,Mo-Di-Mi-Do-Fr-Sa
1,0.6000000000000001,0.3999999999999999,DPD,30167,6,4575.293145375498,Mo-Di-Mi-Do-Fr-Sa
1,0.6000000000000001,0.3999999999999999,DPD,30173,6,3028.2905288174024,Mo-Di-Mi-Do-Fr-Sa
1,0.6000000000000001,0.3999999999999999,DPD,30177,6,2209.9404705919,Mo-Di-Mi-Do-Fr-Sa
1,0.6000000000000001,0.3999999999999999,DPD,30179,6,2456.3548464568607,Mo-Di-Mi-Do-Fr-Sa
1,0.6000000000000001,0.3999999999999999,DPD,30419,6,5265.1161318874765,Mo-Di-Mi-Do-Fr-Sa
1,0.6000000000000001,0.3999999999999999,DPD,30449,6,4228.42693330016,Mo-Di-Mi-Do-Fr-Sa
1,0.6000000000000001,0.3999999999999999,DPD,30453,6,3642.2344276936155,Mo-Di-Mi-Do-Fr-Sa
1,0.6000000000000001,0.3999999999999999,DPD,30455,6,3096.4884420991384,Mo-Di-Mi-Do-Fr-Sa
1,0.6000000000000001,0.3999999999999999,DPD,30457,6,3033.5474025044095,Mo-Di-Mi-Do-Fr-Sa
1,0.6000000000000001,0.3999999999999999,DPD,30459,6,2600.91439635438,Mo-Di-Mi-Do-Fr-Sa
1,0.6000000000000001,0.3999999999999999,DPD,30519,6,4320.607386569162,Mo-Di-Mi-Do-Fr-Sa
1,0.6000000000000001,0.3999999999999999,DPD,30539,6,3413.7063659864443,Mo-Di-Mi-Do-Fr-Sa
1,0.6000000000000001,0.3999999999999999,DPD,30559,6,3962.3984605122114,Mo-Di-Mi-Do-Fr-Sa
1,0.6000000000000001,0.3999999999999999,DPD,30625,6,2850.320934681696,Mo-Di-Mi-Do-Fr-Sa
1,0.6000000000000001,0.3999999999999999,DPD,30627,6,1702.8075328692416,Mo-Di-Mi-Do-Fr-Sa
1,0.6000000000000001,0.3999999999999999,DPD,30629,6,2022.2450338148715,Mo-Di-Mi-Do-Fr-Sa
1,0.6000000000000001,0.3999999999999999,DPD,30655,6,2962.2877870695056,Mo-Di-Mi-Do-Fr-Sa
1,0.6000000000000001,0.3999999999999999,DPD,30657,6,3491.1799180397643,Mo-Di-Mi-Do-Fr-Sa
1,0.6000000000000001,0.3999999999999999,DPD,30659,6,2618.465789423123,Mo-Di-Mi-Do-Fr-Sa
1,0.6000000000000001,0.3999999999999999,DPD,30823,6,3865.0840833133775,Mo-Di-Mi-Do-Fr-Sa
1,0.6000000000000001,0.3999999999999999,DPD,30826,6,4450.281781439314,Mo-Di-Mi-Do-Fr-Sa
1,0.6000000000000001,0.3999999999999999,DPD,30827,6,3608.8593533036596,Mo-Di-Mi-Do-Fr-Sa
1,0.6000000000000001,0.3999999999999999,DPD,30851,6,2478.115916251141,Mo-Di-Mi-Do-Fr-Sa
1,0.6000000000000001,0.3999999999999999,DPD,30853,6,3139.9824024159293,Mo-Di-Mi-Do-Fr-Sa
1,0.6000000000000001,0.3999999999999999,DPD,30855,6,9902.157549572998,Mo-Di-Mi-Do-Fr-Sa
1,0.6000000000000001,0.3999999999999999,DPD,30880,6,5724.1369426636065,Mo-Di-Mi-Do-Fr-Sa
1,0.6000000000000001,0.3999999999999999,DPD,30890,6,7366.859287260241,Mo-Di-Mi-Do-Fr-Sa
1,0.6000000000000001,0.3999999999999999,DPD,30900,6,7907.913020603282,Mo-Di-Mi-Do-Fr-Sa
1,0.6000000000000001,0.3999999999999999,DPD,30916,6,5461.8560724360295,Mo-Di-Mi-Do-Fr-Sa
1,0.6000000000000001,0.3999999999999999,DPD,30926,6,6554.51545291052,Mo-Di-Mi-Do-Fr-Sa
1,0.6000000000000001,0.3999999999999999,DPD,30938,6,5375.687534132779,Mo-Di-Mi-Do-Fr-Sa
1,0.6000000000000001,0.3999999999999999,DPD,30952,6,4561.479157316165,Mo-Di-Mi-Do-Fr-Sa
1,0.6000000000000001,0.3999999999999999,DPD,30966,6,4113.820061245529,Mo-Di-Mi-Do-Fr-Sa
1,0.6000000000000001,0.3999999999999999,DPD,30974,6,3896.9038698685263,Mo-Di-Mi-Do-Fr-Sa
1,0.6000000000000001,0.3999999999999999,DPD,30982,6,3830.721528900909,Mo-Di-Mi-Do-Fr-Sa
1,0.6000000000000001,0.3999999999999999,DPD,30989,6,3946.0731716166256,Mo-Di-Mi-Do-Fr-Sa
1,0.6000000000000001,0.3999999999999999,DPD,31275,6,6769.754123240408,Mo-Di-Mi-Do-Fr-Sa
1,0.6000000000000001,0.3999999999999999,DPD,31303,6,5382.263541335347,Mo-Di-Mi-Do-Fr-Sa
1,0.6000000000000001,0.3999999999999999,DPD,31311,6,5057.5443785598,Mo-Di-Mi-Do-Fr-Sa
1,0.6000000000000001,0.3999999999999999,DPD,31319,6,4322.920564726374,Mo-Di-Mi-Do-Fr-Sa
1,0.6000000000000001,0.3999999999999999,DPD,31515,6,8514.010022868573,Mo-Di-Mi-Do-Fr-Sa
1,0.6000000000000001,0.3999999999999999,DPD,31535,6,10445.230487214772,Mo-Di-Mi-Do-Fr-Sa
1,0.6000000000000001,0.3999999999999999,DPD,31832,6,6946.620478408022,Mo-Di-Mi-Do-Fr-Sa
1,0.6000000000000001,0.3999999999999999,FedEx,30159,6,12718.231786828019,Mo-Di-Mi-Do-Fr-Sa
1,0.6000000000000001,0.3999999999999999,FedEx,30161,6,5117.62082484508,Mo-Di-Mi-Do-Fr-Sa
1,0.6000000000000001,0.3999999999999999,FedEx,30163,6,7975.018302233126,Mo-Di-Mi-Do-Fr-Sa
1,0.6000000000000001,0.3999999999999999,FedEx,30167,6,5034.453120713282,Mo-Di-Mi-Do-Fr-Sa
1,0.6000000000000001,0.3999999999999999,FedEx,30419,6,3180.1259661691156,Mo-Di-Mi-Do-Fr-Sa
1,0.6000000000000001,0.3999999999999999,FedEx,30449,6,5070.480072832069,Mo-Di-Mi-Do-Fr-Sa
1,0.6000000000000001,0.3999999999999999,FedEx,30453,6,3293.4750889307907,Mo-Di-Mi-Do-Fr-Sa
1,0.6000000000000001,0.3999999999999999,FedEx,30455,6,1946.7438791667537,Mo-Di-Mi-Do-Fr-Sa
1,0.6000000000000001,0.3999999999999999,FedEx,30457,6,2044.72202905335,Mo-Di-Mi-Do-Fr-Sa
1,0.6000000000000001,0.3999999999999999,FedEx,30519,6,4212.967113206203,Mo-Di-Mi-Do-Fr-Sa
1,0.6000000000000001,0.3999999999999999,FedEx,30539,6,4152.305372826759,Mo-Di-Mi-Do-Fr-Sa
1,0.6000000000000001,0.3999999999999999,FedEx,30559,6,5277.723812006553,Mo-Di-Mi-Do-Fr-Sa
1,0.6000000000000001,0.3999999999999999,FedEx,30625,6,3793.496546922467,Mo-Di-Mi-Do-Fr-Sa
1,0.6000000000000001,0.3999999999999999,FedEx,30655,6,3433.7185775447538,Mo-Di-Mi-Do-Fr-Sa
1,0.6000000000000001,0.3999999999999999,FedEx,30657,6,4470.593996761694,Mo-Di-Mi-Do-Fr-Sa
1,0.6000000000000001,0.3999999999999999,FedEx,30823,6,1961.9849632795315,Mo-Di-Mi-Do-Fr-Sa
1,0.6000000000000001,0.3999999999999999,FedEx,30827,6,4096.161855811475,Mo-Di-Mi-Do-Fr-Sa
1,0.6000000000000001,0.3999999999999999,FedEx,30853,6,4453.819539562914,Mo-Di-Mi-Do-Fr-Sa
1,0.6000000000000001,0.3999999999999999,FedEx,30855,6,11312.376813579114,Mo-Di-Mi-Do-Fr-Sa
1,0.6000000000000001,0.3999999999999999,FedEx,30880,6,5741.552839090982,Mo-Di-Mi-Do-Fr-Sa
1,0.6000000000000001,0.3999999999999999,FedEx,30890,6,3997.7414623067557,Mo-Di-Mi-Do-Fr-Sa
1,0.6000000000000001,0.3999999999999999,FedEx,30900,6,4635.623792045639,Mo-Di-Mi-Do-Fr-Sa
1,0.6000000000000001,0.3999999999999999,FedEx,30916,6,5240.3696223713005,Mo-Di-Mi-Do-Fr-Sa
1,0.6000000000000001,0.3999999999999999,FedEx,30926,6,3401.7660373946965,Mo-Di-Mi-Do-Fr-Sa
1,0.6000000000000001,0.3999999999999999,FedEx,30938,6,5545.461756733482,Mo-Di-Mi-Do-Fr-Sa
1,0.6000000000000001,0.3999999999999999,FedEx,30952,6,2775.4512231381723,Mo-Di-Mi-Do-Fr-Sa
1,0.6000000000000001,0.3999999999999999,FedEx,30966,6,2488.5376856129433,Mo-Di-Mi-Do-Fr-Sa
1,0.6000000000000001,0.3999999999999999,FedEx,30974,6,2391.637007376545,Mo-Di-Mi-Do-Fr-Sa
1,0.6000000000000001,0.3999999999999999,FedEx,30982,6,2379.2604748942445,Mo-Di-Mi-Do-Fr-Sa
1,0.6000000000000001,0.3999999999999999,FedEx,30989,6,2431.4853535221046,Mo-Di-Mi-Do-Fr-Sa
1,0.6000000000000001,0.3999999999999999,FedEx,31275,6,5124.1511973038305,Mo-Di-Mi-Do-Fr-Sa
1,0.6000000000000001,0.3999999999999999,FedEx,31303,6,4123.924879749779,Mo-Di-Mi-Do-Fr-Sa
1,0.6000000000000001,0.3999999999999999,FedEx,31311,6,2818.577694291381,Mo-Di-Mi-Do-Fr-Sa
1,0.6000000000000001,0.3999999999999999,FedEx,31319,6,2899.0915841222704,Mo-Di-Mi-Do-Fr-Sa
1,0.6000000000000001,0.3999999999999999,FedEx,31515,6,5042.452261301043,Mo-Di-Mi-Do-Fr-Sa
1,0.6000000000000001,0.3999999999999999,FedEx,31535,6,6096.402065541078,Mo-Di-Mi-Do-Fr-Sa
1,0.6000000000000001,0.3999999999999999,FedEx,31832,6,4579.1852282655655,Mo-Di-Mi-Do-Fr-Sa
1,0.6000000000000001,0.3999999999999999,GLS,30159,6,4642.731630176733,Mo-Di-Mi-Do-Fr-Sa
1,0.6000000000000001,0.3999999999999999,GLS,30161,6,2986.081313787293,Mo-Di-Mi-Do-Fr-Sa
1,0.6000000000000001,0.3999999999999999,GLS,30163,6,4573.00549257944,Mo-Di-Mi-Do-Fr-Sa
1,0.6000000000000001,0.3999999999999999,GLS,30165,6,2405.2247120162715,Mo-Di-Mi-Do-Fr-Sa
1,0.6000000000000001,0.3999999999999999,GLS,30167,6,3599.9610348639785,Mo-Di-Mi-Do-Fr-Sa
1,0.6000000000000001,0.3999999999999999,GLS,30173,6,2467.3206708480106,Mo-Di-Mi-Do-Fr-Sa
1,0.6000000000000001,0.3999999999999999,GLS,30179,6,2030.2594095239801,Mo-Di-Mi-Do-Fr-Sa
1,0.6000000000000001,0.3999999999999999,GLS,30419,6,4965.41823609136,Mo-Di-Mi-Do-Fr-Sa
1,0.6000000000000001,0.3999999999999999,GLS,30449,6,3622.3194063359115,Mo-Di-Mi-Do-Fr-Sa
1,0.6000000000000001,0.3999999999999999,GLS,30453,6,3220.8486215837556,Mo-Di-Mi-Do-Fr-Sa
1,0.6000000000000001,0.3999999999999999,GLS,30455,6,2710.1642671316163,Mo-Di-Mi-Do-Fr-Sa
1,0.6000000000000001,0.3999999999999999,GLS,30457,6,2439.5045011125458,Mo-Di-Mi-Do-Fr-Sa
1,0.6000000000000001,0.3999999999999999,GLS,30459,6,1876.236727895414,Mo-Di-Mi-Do-Fr-Sa
1,0.6000000000000001,0.3999999999999999,GLS,30519,6,3552.9135868219814,Mo-Di-Mi-Do-Fr-Sa
1,0.6000000000000001,0.3999999999999999,GLS,30539,6,2447.219634346096,Mo-Di-Mi-Do-Fr-Sa
1,0.6000000000000001,0.3999999999999999,GLS,30559,6,3755.0680366461006,Mo-Di-Mi-Do-Fr-Sa
1,0.6000000000000001,0.3999999999999999,GLS,30625,6,2210.8683733501316,Mo-Di-Mi-Do-Fr-Sa
1,0.6000000000000001,0.3999999999999999,GLS,30627,6,1794.681684046207,Mo-Di-Mi-Do-Fr-Sa
1,0.6000000000000001,0.3999999999999999,GLS,30629,6,2094.2697610443015,Mo-Di-Mi-Do-Fr-Sa
1,0.6000000000000001,0.3999999999999999,GLS,30655,6,3084.925174317692,Mo-Di-Mi-Do-Fr-Sa
1,0.6000000000000001,0.3999999999999999,GLS,30657,6,2844.2755580556222,Mo-Di-Mi-Do-Fr-Sa
1,0.6000000000000001,0.3999999999999999,GLS,30659,6,2165.5626302364476,Mo-Di-Mi-Do-Fr-Sa
1,0.6000000000000001,0.3999999999999999,GLS,30823,6,3924.3738476586004,Mo-Di-Mi-Do-Fr-Sa
1,0.6000000000000001,0.3999999999999999,GLS,30826,6,4450.709602332494,Mo-Di-Mi-Do-Fr-Sa
1,0.6000000000000001,0.3999999999999999,GLS,30827,6,3074.664687517894,Mo-Di-Mi-Do-Fr-Sa
1,0.6000000000000001,0.3999999999999999,GLS,30851,6,2097.4205946859483,Mo-Di-Mi-Do-Fr-Sa
1,0.6000000000000001,0.3999999999999999,GLS,30853,6,2190.0844891648285,Mo-Di-Mi-Do-Fr-Sa
1,0.6000000000000001,0.3999999999999999,GLS,30855,6,7965.715090235543,Mo-Di-Mi-Do-Fr-Sa
1,0.6000000000000001,0.3999999999999999,GLS,30880,6,4410.166219280911,Mo-Di-Mi-Do-Fr-Sa
1,0.6000000000000001,0.3999999999999999,GLS,30890,6,6973.735884763185,Mo-Di-Mi-Do-Fr-Sa
1,0.6000000000000001,0.3999999999999999,GLS,30900,6,7362.540240615051,Mo-Di-Mi-Do-Fr-Sa
1,0.6000000000000001,0.3999999999999999,GLS,30916,6,4763.202136413941,Mo-Di-Mi-Do-Fr-Sa
1,0.6000000000000001,0.3999999999999999,GLS,30926,6,5231.578416246413,Mo-Di-Mi-Do-Fr-Sa
1,0.6000000000000001,0.3999999999999999,GLS,30938,6,5971.2996390760245,Mo-Di-Mi-Do-Fr-Sa
1,0.6000000000000001,0.3999999999999999,GLS,30952,6,4042.14874679477,Mo-Di-Mi-Do-Fr-Sa
1,0.6000000000000001,0.3999999999999999,GLS,30966,6,3507.0096481155524,Mo-Di-Mi-Do-Fr-Sa
1,0.6000000000000001,0.3999999999999999,GLS,30974,6,2912.392838204481,Mo-Di-Mi-Do-Fr-Sa
1,0.6000000000000001,0.3999999999999999,GLS,30982,6,2738.200143049824,Mo-Di-Mi-Do-Fr-Sa
1,0.6000000000000001,0.3999999999999999,GLS,30989,6,2798.376100761728,Mo-Di-Mi-Do-Fr-Sa
1,0.6000000000000001,0.3999999999999999,GLS,31275,6,6976.065105573762,Mo-Di-Mi-Do-Fr-Sa
1,0.6000000000000001,0.3999999999999999,GLS,31303,6,5973.506921190097,Mo-Di-Mi-Do-Fr-Sa
1,0.6000000000000001,0.3999999999999999,GLS,31311,6,4948.797517087573,Mo-Di-Mi-Do-Fr-Sa
1,0.6000000000000001,0.3999999999999999,GLS,31319,6,4180.379543747179,Mo-Di-Mi-Do-Fr-Sa
1,0.6000000000000001,0.3999999999999999,GLS,31515,6,8256.921895152971,Mo-Di-Mi-Do-Fr-Sa
1,0.6000000000000001,0.3999999999999999,GLS,31535,6,10499.401507100236,Mo-Di-Mi-Do-Fr-Sa
1,0.6000000000000001,0.3999999999999999,GLS,31832,6,5063.723709467103,Mo-Di-Mi-Do-Fr-Sa
1,0.6000000000000001,0.3999999999999999,Hermes,30159,6,5733.224620250021,Mo-Di-Mi-Do-Fr-Sa
1,0.6000000000000001,0.3999999999999999,Hermes,30161,6,3199.481172195214,Mo-Di-Mi-Do-Fr-Sa
1,0.6000000000000001,0.3999999999999999,Hermes,30163,6,3149.747408424128,Mo-Di-Mi-Do-Fr-Sa
1,0.6000000000000001,0.3999999999999999,Hermes,30165,6,3068.6506500487,Mo-Di-Mi-Do-Fr-Sa
1,0.6000000000000001,0.3999999999999999,Hermes,30167,6,4191.407588044548,Mo-Di-Mi-Do-Fr-Sa
1,0.6000000000000001,0.3999999999999999,Hermes,30173,6,3381.0704854709033,Mo-Di-Mi-Do-Fr-Sa
1,0.6000000000000001,0.3999999999999999,Hermes,30177,6,2890.100281124943,Mo-Di-Mi-Do-Fr-Sa
1,0.6000000000000001,0.3999999999999999,Hermes,30179,6,2910.160615852085,Mo-Di-Mi-Do-Fr-Sa
1,0.6000000000000001,0.3999999999999999,Hermes,30419,6,5349.858727332469,Mo-Di-Mi-Do-Fr-Sa
1,0.6000000000000001,0.3999999999999999,Hermes,30449,6,4242.570999862953,Mo-Di-Mi-Do-Fr-Sa
1,0.6000000000000001,0.3999999999999999,Hermes,30453,6,3492.5973865174465,Mo-Di-Mi-Do-Fr-Sa
1,0.6000000000000001,0.3999999999999999,Hermes,30455,6,3483.007050591635,Mo-Di-Mi-Do-Fr-Sa
1,0.6000000000000001,0.3999999999999999,Hermes,30457,6,3569.233546071827,Mo-Di-Mi-Do-Fr-Sa
1,0.6000000000000001,0.3999999999999999,Hermes,30459,6,3465.6139132677736,Mo-Di-Mi-Do-Fr-Sa
1,0.6000000000000001,0.3999999999999999,Hermes,30519,6,5059.54869015822,Mo-Di-Mi-Do-Fr-Sa
1,0.6000000000000001,0.3999999999999999,Hermes,30539,6,3645.27178816927,Mo-Di-Mi-Do-Fr-Sa
1,0.6000000000000001,0.3999999999999999,Hermes,30559,6,5354.545180144074,Mo-Di-Mi-Do-Fr-Sa
1,0.6000000000000001,0.3999999999999999,Hermes,30625,6,3273.024738869934,Mo-Di-Mi-Do-Fr-Sa
1,0.6000000000000001,0.3999999999999999,Hermes,30627,6,1800.235438802243,Mo-Di-Mi-Do-Fr-Sa
1,0.6000000000000001,0.3999999999999999,Hermes,30629,6,3350.386872776183,Mo-Di-Mi-Do-Fr-Sa
1,0.6000000000000001,0.3999999999999999,Hermes,30655,6,3431.0171455734962,Mo-Di-Mi-Do-Fr-Sa
1,0.6000000000000001,0.3999999999999999,Hermes,30657,6,3111.094528158594,Mo-Di-Mi-Do-Fr-Sa
1,0.6000000000000001,0.3999999999999999,Hermes,30659,6,3309.038695730729,Mo-Di-Mi-Do-Fr-Sa
1,0.6000000000000001,0.3999999999999999,Hermes,30823,6,3990.3024874652046,Mo-Di-Mi-Do-Fr-Sa
1,0.6000000000000001,0.3999999999999999,Hermes,30826,6,4128.411311124519,Mo-Di-Mi-Do-Fr-Sa
1,0.6000000000000001,0.3999999999999999,Hermes,30827,6,3094.2868268624684,Mo-Di-Mi-Do-Fr-Sa
1,0.6000000000000001,0.3999999999999999,Hermes,30851,6,2771.6415924617286,Mo-Di-Mi-Do-Fr-Sa
1,0.6000000000000001,0.3999999999999999,Hermes,30853,6,2517.942276990752,Mo-Di-Mi-Do-Fr-Sa
1,0.6000000000000001,0.3999999999999999,Hermes,30855,6,8779.652974651703,Mo-Di-Mi-Do-Fr-Sa
1,0.6000000000000001,0.3999999999999999,Hermes,30880,6,6557.610295895224,Mo-Di-Mi-Do-Fr-Sa
1,0.6000000000000001,0.3999999999999999,Hermes,30890,6,7809.555367111947,Mo-Di-Mi-Do-Fr-Sa
1,0.6000000000000001,0.3999999999999999,Hermes,30900,6,7214.925875920487,Mo-Di-Mi-Do-Fr-Sa
1,0.6000000000000001,0.3999999999999999,Hermes,30916,6,5828.192709584215,Mo-Di-Mi-Do-Fr-Sa
1,0.6000000000000001,0.3999999999999999,Hermes,30926,6,6011.173799751178,Mo-Di-Mi-Do-Fr-Sa
1,0.6000000000000001,0.3999999999999999,Hermes,30938,6,5828.804691204429,Mo-Di-Mi-Do-Fr-Sa
1,0.6000000000000001,0.3999999999999999,Hermes,30952,6,4970.456535421607,Mo-Di-Mi-Do-Fr-Sa
1,0.6000000000000001,0.3999999999999999,Hermes,30966,6,4366.584680259732,Mo-Di-Mi-Do-Fr-Sa
1,0.6000000000000001,0.3999999999999999,Hermes,30974,6,4410.144825608362,Mo-Di-Mi-Do-Fr-Sa
1,0.6000000000000001,0.3999999999999999,Hermes,30982,6,4427.074150417707,Mo-Di-Mi-Do-Fr-Sa
1,0.6000000000000001,0.3999999999999999,Hermes,30989,6,4157.952995024617,Mo-Di-Mi-Do-Fr-Sa
1,0.6000000000000001,0.3999999999999999,Hermes,31275,6,9028.68038608271,Mo-Di-Mi-Do-Fr-Sa
1,0.6000000000000001,0.3999999999999999,Hermes,31303,6,7250.99937144573,Mo-Di-Mi-Do-Fr-Sa
1,0.6000000000000001,0.3999999999999999,Hermes,31311,6,6890.503183739214,Mo-Di-Mi-Do-Fr-Sa
1,0.6000000000000001,0.3999999999999999,Hermes,31319,6,7188.758708235467,Mo-Di-Mi-Do-Fr-Sa
1,0.6000000000000001,0.3999999999999999,Hermes,31515,6,8767.215399032415,Mo-Di-Mi-Do-Fr-Sa
1,0.6000000000000001,0.3999999999999999,Hermes,31535,6,10757.266852596395,Mo-Di-Mi-Do-Fr-Sa
1,0.6000000000000001,0.3999999999999999,Hermes,31832,6,8382.154012315681,Mo-Di-Mi-Do-Fr-Sa
1,0.6000000000000001,0.3999999999999999,UPS,30159,6,14317.480235229965,Mo-Di-Mi-Do-Fr-Sa
1,0.6000000000000001,0.3999999999999999,UPS,30161,6,5890.635111592997,Mo-Di-Mi-Do-Fr-Sa
1,0.6000000000000001,0.3999999999999999,UPS,30163,6,6349.944745490952,Mo-Di-Mi-Do-Fr-Sa
1,0.6000000000000001,0.3999999999999999,UPS,30165,6,3734.612092283068,Mo-Di-Mi-Do-Fr-Sa
1,0.6000000000000001,0.3999999999999999,UPS,30167,6,5814.4595762356885,Mo-Di-Mi-Do-Fr-Sa
1,0.6000000000000001,0.3999999999999999,UPS,30419,6,3394.8772470909635,Mo-Di-Mi-Do-Fr-Sa
1,0.6000000000000001,0.3999999999999999,UPS,30449,6,6674.182899507537,Mo-Di-Mi-Do-Fr-Sa
1,0.6000000000000001,0.3999999999999999,UPS,30453,6,3351.1237228460413,Mo-Di-Mi-Do-Fr-Sa
1,0.6000000000000001,0.3999999999999999,UPS,30455,6,1996.1301130016752,Mo-Di-Mi-Do-Fr-Sa
1,0.6000000000000001,0.3999999999999999,UPS,30457,6,2082.9256820867663,Mo-Di-Mi-Do-Fr-Sa
1,0.6000000000000001,0.3999999999999999,UPS,30519,6,4973.9315352734,Mo-Di-Mi-Do-Fr-Sa
1,0.6000000000000001,0.3999999999999999,UPS,30539,6,4485.850061676111,Mo-Di-Mi-Do-Fr-Sa
1,0.6000000000000001,0.3999999999999999,UPS,30559,6,4939.1329806155645,Mo-Di-Mi-Do-Fr-Sa
1,0.6000000000000001,0.3999999999999999,UPS,30625,6,4339.667231631438,Mo-Di-Mi-Do-Fr-Sa
1,0.6000000000000001,0.3999999999999999,UPS,30655,6,2094.0257327831955,Mo-Di-Mi-Do-Fr-Sa
1,0.6000000000000001,0.3999999999999999,UPS,30657,6,4716.19795217861,Mo-Di-Mi-Do-Fr-Sa
1,0.6000000000000001,0.3999999999999999,UPS,30659,6,3619.59971665554,Mo-Di-Mi-Do-Fr-Sa
1,0.6000000000000001,0.3999999999999999,UPS,30823,6,3052.1704739423803,Mo-Di-Mi-Do-Fr-Sa
1,0.6000000000000001,0.3999999999999999,UPS,30826,6,2042.7216152816727,Mo-Di-Mi-Do-Fr-Sa
1,0.6000000000000001,0.3999999999999999,UPS,30827,6,3318.772929682461,Mo-Di-Mi-Do-Fr-Sa
1,0.6000000000000001,0.3999999999999999,UPS,30853,6,4528.522142755246,Mo-Di-Mi-Do-Fr-Sa
1,0.6000000000000001,0.3999999999999999,UPS,30855,6,12308.304707064348,Mo-Di-Mi-Do-Fr-Sa
1,0.6000000000000001,0.3999999999999999,UPS,30880,6,6984.527492927398,Mo-Di-Mi-Do-Fr-Sa
1,0.6000000000000001,0.3999999999999999,UPS,30890,6,4599.930410969343,Mo-Di-Mi-Do-Fr-Sa
1,0.6000000000000001,0.3999999999999999,UPS,30900,6,5015.522672116011,Mo-Di-Mi-Do-Fr-Sa
1,0.6000000000000001,0.3999999999999999,UPS,30916,6,5894.597782277826,Mo-Di-Mi-Do-Fr-Sa
1,0.6000000000000001,0.3999999999999999,UPS,30926,6,3979.540646149894,Mo-Di-Mi-Do-Fr-Sa
1,0.6000000000000001,0.3999999999999999,UPS,30938,6,5900.509623828604,Mo-Di-Mi-Do-Fr-Sa
1,0.6000000000000001,0.3999999999999999,UPS,30952,6,3623.86551862089,Mo-Di-Mi-Do-Fr-Sa
1,0.6000000000000001,0.3999999999999999,UPS,30966,6,3458.283671063921,Mo-Di-Mi-Do-Fr-Sa
1,0.6000000000000001,0.3999999999999999,UPS,30974,6,2944.0941408457325,Mo-Di-Mi-Do-Fr-Sa
1,0.6000000000000001,0.3999999999999999,UPS,30982,6,3021.3027147961793,Mo-Di-Mi-Do-Fr-Sa
1,0.6000000000000001,0.3999999999999999,UPS,30989,6,3076.746244653496,Mo-Di-Mi-Do-Fr-Sa
1,0.6000000000000001,0.3999999999999999,UPS,31275,6,6655.257075966285,Mo-Di-Mi-Do-Fr-Sa
1,0.6000000000000001,0.3999999999999999,UPS,31303,6,4510.316706152553,Mo-Di-Mi-Do-Fr-Sa
1,0.6000000000000001,0.3999999999999999,UPS,31311,6,4373.121879073002,Mo-Di-Mi-Do-Fr-Sa
1,0.6000000000000001,0.3999999999999999,UPS,31319,6,3620.0013358882434,Mo-Di-Mi-Do-Fr-Sa
1,0.6000000000000001,0.3999999999999999,UPS,31515,6,6735.40640345356,Mo-Di-Mi-Do-Fr-Sa
1,0.6000000000000001,0.3999999999999999,UPS,31535,6,7613.836771350983,Mo-Di-Mi-Do-Fr-Sa
1,0.6000000000000001,0.3999999999999999,UPS,31832,6,5105.054625543156,Mo-Di-Mi-Do-Fr-Sa
1,0.7000000000000001,0.29999999999999993,Amazon,30159,6,11687.758591886499,Mo-Di-Mi-Do-Fr-Sa
1,0.7000000000000001,0.29999999999999993,Amazon,30161,6,6198.076199381901,Mo-Di-Mi-Do-Fr-Sa
1,0.7000000000000001,0.29999999999999993,Amazon,30163,6,5887.274416922319,Mo-Di-Mi-Do-Fr-Sa
1,0.7000000000000001,0.29999999999999993,Amazon,30165,6,4696.3632925800775,Mo-Di-Mi-Do-Fr-Sa
1,0.7000000000000001,0.29999999999999993,Amazon,30167,6,7124.980941103149,Mo-Di-Mi-Do-Fr-Sa
1,0.7000000000000001,0.29999999999999993,Amazon,30173,6,5184.403263125373,Mo-Di-Mi-Do-Fr-Sa
1,0.7000000000000001,0.29999999999999993,Amazon,30177,6,4295.3755099319715,Mo-Di-Mi-Do-Fr-Sa
1,0.7000000000000001,0.29999999999999993,Amazon,30179,6,4357.442561887894,Mo-Di-Mi-Do-Fr-Sa
1,0.7000000000000001,0.29999999999999993,Amazon,30419,6,8685.332684443236,Mo-Di-Mi-Do-Fr-Sa
1,0.7000000000000001,0.29999999999999993,Amazon,30449,6,6930.958642387422,Mo-Di-Mi-Do-Fr-Sa
1,0.7000000000000001,0.29999999999999993,Amazon,30453,6,4953.369950665476,Mo-Di-Mi-Do-Fr-Sa
1,0.7000000000000001,0.29999999999999993,Amazon,30455,6,4733.969914501729,Mo-Di-Mi-Do-Fr-Sa
1,0.7000000000000001,0.29999999999999993,Amazon,30457,6,4861.272760888753,Mo-Di-Mi-Do-Fr-Sa
1,0.7000000000000001,0.29999999999999993,Amazon,30459,6,4721.113690320388,Mo-Di-Mi-Do-Fr-Sa
1,0.7000000000000001,0.29999999999999993,Amazon,30519,6,7989.408733574742,Mo-Di-Mi-Do-Fr-Sa
1,0.7000000000000001,0.29999999999999993,Amazon,30539,6,5232.56483537078,Mo-Di-Mi-Do-Fr-Sa
1,0.7000000000000001,0.29999999999999993,Amazon,30559,6,7936.80103693811,Mo-Di-Mi-Do-Fr-Sa
1,0.7000000000000001,0.29999999999999993,Amazon,30625,6,4833.5787808117675,Mo-Di-Mi-Do-Fr-Sa
1,0.7000000000000001,0.29999999999999993,Amazon,30627,6,3579.2895236259706,Mo-Di-Mi-Do-Fr-Sa
1,0.7000000000000001,0.29999999999999993,Amazon,30629,6,4483.669440977608,Mo-Di-Mi-Do-Fr-Sa
1,0.7000000000000001,0.29999999999999993,Amazon,30655,6,5134.034576870573,Mo-Di-Mi-Do-Fr-Sa
1,0.7000000000000001,0.29999999999999993,Amazon,30657,6,5211.641795669652,Mo-Di-Mi-Do-Fr-Sa
1,0.7000000000000001,0.29999999999999993,Amazon,30659,6,4808.930135185106,Mo-Di-Mi-Do-Fr-Sa
1,0.7000000000000001,0.29999999999999993,Amazon,30823,6,5492.8333908221575,Mo-Di-Mi-Do-Fr-Sa
1,0.7000000000000001,0.29999999999999993,Amazon,30826,6,5309.400426435489,Mo-Di-Mi-Do-Fr-Sa
1,0.7000000000000001,0.29999999999999993,Amazon,30827,6,4406.282253025094,Mo-Di-Mi-Do-Fr-Sa
1,0.7000000000000001,0.29999999999999993,Amazon,30851,6,4461.2266132019995,Mo-Di-Mi-Do-Fr-Sa
1,0.7000000000000001,0.29999999999999993,Amazon,30853,6,4295.473522234693,Mo-Di-Mi-Do-Fr-Sa
1,0.7000000000000001,0.29999999999999993,Amazon,30855,6,16425.713131956443,Mo-Di-Mi-Do-Fr-Sa
1,0.7000000000000001,0.29999999999999993,Amazon,30880,6,10836.49486333059,Mo-Di-Mi-Do-Fr-Sa
1,0.7000000000000001,0.29999999999999993,Amazon,30890,6,9949.99293278101,Mo-Di-Mi-Do-Fr-Sa
1,0.7000000000000001,0.29999999999999993,Amazon,30900,6,11733.296749095527,Mo-Di-Mi-Do-Fr-Sa
1,0.7000000000000001,0.29999999999999993,Amazon,30916,6,9943.63733060065,Mo-Di-Mi-Do-Fr-Sa
1,0.7000000000000001,0.29999999999999993,Amazon,30926,6,8780.42111083368,Mo-Di-Mi-Do-Fr-Sa
1,0.7000000000000001,0.29999999999999993,Amazon,30938,6,8932.3523870359,Mo-Di-Mi-Do-Fr-Sa
1,0.7000000000000001,0.29999999999999993,Amazon,30952,6,6792.522249966714,Mo-Di-Mi-Do-Fr-Sa
1,0.7000000000000001,0.29999999999999993,Amazon,30966,6,6753.487289755222,Mo-Di-Mi-Do-Fr-Sa
1,0.7000000000000001,0.29999999999999993,Amazon,30974,6,5185.498167842292,Mo-Di-Mi-Do-Fr-Sa
1,0.7000000000000001,0.29999999999999993,Amazon,30982,6,5545.048582884666,Mo-Di-Mi-Do-Fr-Sa
1,0.7000000000000001,0.29999999999999993,Amazon,30989,6,5239.8327189564525,Mo-Di-Mi-Do-Fr-Sa
1,0.7000000000000001,0.29999999999999993,Amazon,31275,6,14011.694458512184,Mo-Di-Mi-Do-Fr-Sa
1,0.7000000000000001,0.29999999999999993,Amazon,31303,6,10292.592352807045,Mo-Di-Mi-Do-Fr-Sa
1,0.7000000000000001,0.29999999999999993,Amazon,31311,6,8647.386430120578,Mo-Di-Mi-Do-Fr-Sa
1,0.7000000000000001,0.29999999999999993,Amazon,31319,6,9006.598190484336,Mo-Di-Mi-Do-Fr-Sa
1,0.7000000000000001,0.29999999999999993,Amazon,31515,6,12109.355310297444,Mo-Di-Mi-Do-Fr-Sa
1,0.7000000000000001,0.29999999999999993,Amazon,31535,6,14649.713985934406,Mo-Di-Mi-Do-Fr-Sa
1,0.7000000000000001,0.29999999999999993,Amazon,31832,6,10630.27600706838,Mo-Di-Mi-Do-Fr-Sa
1,0.7000000000000001,0.29999999999999993,DHL,30159,6,21425.132453693925,Mo-Di-Mi-Do-Fr-Sa
1,0.7000000000000001,0.29999999999999993,DHL,30161,6,10896.842490106472,Mo-Di-Mi-Do-Fr-Sa
1,0.7000000000000001,0.29999999999999993,DHL,30163,6,9949.803363797471,Mo-Di-Mi-Do-Fr-Sa
1,0.7000000000000001,0.29999999999999993,DHL,30165,6,8802.876567972335,Mo-Di-Mi-Do-Fr-Sa
1,0.7000000000000001,0.29999999999999993,DHL,30167,6,13153.912834635783,Mo-Di-Mi-Do-Fr-Sa
1,0.7000000000000001,0.29999999999999993,DHL,30169,6,5443.510365830029,Mo-Di-Mi-Do-Fr-Sa
1,0.7000000000000001,0.29999999999999993,DHL,30173,6,9027.275959686367,Mo-Di-Mi-Do-Fr-Sa
1,0.7000000000000001,0.29999999999999993,DHL,30177,6,6801.611388745387,Mo-Di-Mi-Do-Fr-Sa
1,0.7000000000000001,0.29999999999999993,DHL,30179,6,7025.737693154014,Mo-Di-Mi-Do-Fr-Sa
1,0.7000000000000001,0.29999999999999993,DHL,30419,6,15488.762582133773,Mo-Di-Mi-Do-Fr-Sa
1,0.7000000000000001,0.29999999999999993,DHL,30449,6,7469.2241491514915,Mo-Di-Mi-Do-Fr-Sa
1,0.7000000000000001,0.29999999999999993,DHL,30453,6,8951.952033907073,Mo-Di-Mi-Do-Fr-Sa
1,0.7000000000000001,0.29999999999999993,DHL,30455,6,7533.4371442876145,Mo-Di-Mi-Do-Fr-Sa
1,0.7000000000000001,0.29999999999999993,DHL,30457,6,7270.894456096109,Mo-Di-Mi-Do-Fr-Sa
1,0.7000000000000001,0.29999999999999993,DHL,30459,6,6651.002162382179,Mo-Di-Mi-Do-Fr-Sa
1,0.7000000000000001,0.29999999999999993,DHL,30519,6,13272.168787294228,Mo-Di-Mi-Do-Fr-Sa
1,0.7000000000000001,0.29999999999999993,DHL,30539,6,9349.501232628127,Mo-Di-Mi-Do-Fr-Sa
1,0.7000000000000001,0.29999999999999993,DHL,30559,6,12373.65925832722,Mo-Di-Mi-Do-Fr-Sa
1,0.7000000000000001,0.29999999999999993,DHL,30625,6,8096.802842174482,Mo-Di-Mi-Do-Fr-Sa
1,0.7000000000000001,0.29999999999999993,DHL,30627,6,5606.363090833329,Mo-Di-Mi-Do-Fr-Sa
1,0.7000000000000001,0.29999999999999993,DHL,30629,6,6766.974846046077,Mo-Di-Mi-Do-Fr-Sa
1,0.7000000000000001,0.29999999999999993,DHL,30655,6,8869.786833512764,Mo-Di-Mi-Do-Fr-Sa
1,0.7000000000000001,0.29999999999999993,DHL,30657,6,9992.167827012736,Mo-Di-Mi-Do-Fr-Sa
1,0.7000000000000001,0.29999999999999993,DHL,30659,6,7898.329610710899,Mo-Di-Mi-Do-Fr-Sa
1,0.7000000000000001,0.29999999999999993,DHL,30823,6,10208.877886178407,Mo-Di-Mi-Do-Fr-Sa
1,0.7000000000000001,0.29999999999999993,DHL,30826,6,9412.56972551855,Mo-Di-Mi-Do-Fr-Sa
1,0.7000000000000001,0.29999999999999993,DHL,30827,6,8625.617953447312,Mo-Di-Mi-Do-Fr-Sa
1,0.7000000000000001,0.29999999999999993,DHL,30851,6,7140.564548697186,Mo-Di-Mi-Do-Fr-Sa
1,0.7000000000000001,0.29999999999999993,DHL,30853,6,7954.150022203881,Mo-Di-Mi-Do-Fr-Sa
1,0.7000000000000001,0.29999999999999993,DHL,30855,6,32552.34432866005,Mo-Di-Mi-Do-Fr-Sa
1,0.7000000000000001,0.29999999999999993,DHL,30880,6,18007.36898635567,Mo-Di-Mi-Do-Fr-Sa
1,0.7000000000000001,0.29999999999999993,DHL,30890,6,15947.754646399117,Mo-Di-Mi-Do-Fr-Sa
1,0.7000000000000001,0.29999999999999993,DHL,30900,6,18229.388928763692,Mo-Di-Mi-Do-Fr-Sa
1,0.7000000000000001,0.29999999999999993,DHL,30916,6,17734.269551035948,Mo-Di-Mi-Do-Fr-Sa
1,0.7000000000000001,0.29999999999999993,DHL,30926,6,14434.82758928225,Mo-Di-Mi-Do-Fr-Sa
1,0.7000000000000001,0.29999999999999993,DHL,30938,6,14554.779241554967,Mo-Di-Mi-Do-Fr-Sa
1,0.7000000000000001,0.29999999999999993,DHL,30952,6,11365.430112451975,Mo-Di-Mi-Do-Fr-Sa
1,0.7000000000000001,0.29999999999999993,DHL,30966,6,10624.352717702506,Mo-Di-Mi-Do-Fr-Sa
1,0.7000000000000001,0.29999999999999993,DHL,30974,6,7703.025014293544,Mo-Di-Mi-Do-Fr-Sa
1,0.7000000000000001,0.29999999999999993,DHL,30982,6,8234.46117714012,Mo-Di-Mi-Do-Fr-Sa
1,0.7000000000000001,0.29999999999999993,DHL,30989,6,8649.900505408892,Mo-Di-Mi-Do-Fr-Sa
1,0.7000000000000001,0.29999999999999993,DHL,31275,6,20741.197757085225,Mo-Di-Mi-Do-Fr-Sa
1,0.7000000000000001,0.29999999999999993,DHL,31303,6,13739.115623819012,Mo-Di-Mi-Do-Fr-Sa
1,0.7000000000000001,0.29999999999999993,DHL,31311,6,10648.959166588764,Mo-Di-Mi-Do-Fr-Sa
1,0.7000000000000001,0.29999999999999993,DHL,31319,6,12210.553941257438,Mo-Di-Mi-Do-Fr-Sa
1,0.7000000000000001,0.29999999999999993,DHL,31515,6,20814.204304395767,Mo-Di-Mi-Do-Fr-Sa
1,0.7000000000000001,0.29999999999999993,DHL,31535,6,21637.256139647427,Mo-Di-Mi-Do-Fr-Sa
1,0.7000000000000001,0.29999999999999993,DHL,31832,6,14443.460212265947,Mo-Di-Mi-Do-Fr-Sa
1,0.7000000000000001,0.29999999999999993,DPD,30159,6,6745.43642982665,Mo-Di-Mi-Do-Fr-Sa
1,0.7000000000000001,0.29999999999999993,DPD,30161,6,3572.3066172774998,Mo-Di-Mi-Do-Fr-Sa
1,0.7000000000000001,0.29999999999999993,DPD,30163,6,3334.016654677259,Mo-Di-Mi-Do-Fr-Sa
1,0.7000000000000001,0.29999999999999993,DPD,30165,6,3220.920457383544,Mo-Di-Mi-Do-Fr-Sa
1,0.7000000000000001,0.29999999999999993,DPD,30167,6,4575.293145375498,Mo-Di-Mi-Do-Fr-Sa
1,0.7000000000000001,0.29999999999999993,DPD,30173,6,3028.2905288174024,Mo-Di-Mi-Do-Fr-Sa
1,0.7000000000000001,0.29999999999999993,DPD,30177,6,2209.9404705919,Mo-Di-Mi-Do-Fr-Sa
1,0.7000000000000001,0.29999999999999993,DPD,30179,6,2456.3548464568607,Mo-Di-Mi-Do-Fr-Sa
1,0.7000000000000001,0.29999999999999993,DPD,30419,6,5265.1161318874765,Mo-Di-Mi-Do-Fr-Sa
1,0.7000000000000001,0.29999999999999993,DPD,30449,6,4228.42693330016,Mo-Di-Mi-Do-Fr-Sa
1,0.7000000000000001,0.29999999999999993,DPD,30453,6,3642.2344276936155,Mo-Di-Mi-Do-Fr-Sa
1,0.7000000000000001,0.29999999999999993,DPD,30455,6,3096.4884420991384,Mo-Di-Mi-Do-Fr-Sa
1,0.7000000000000001,0.29999999999999993,DPD,30457,6,3033.5474025044095,Mo-Di-Mi-Do-Fr-Sa
1,0.7000000000000001,0.29999999999999993,DPD,30459,6,2600.91439635438,Mo-Di-Mi-Do-Fr-Sa
1,0.7000000000000001,0.29999999999999993,DPD,30519,6,4320.607386569162,Mo-Di-Mi-Do-Fr-Sa
1,0.7000000000000001,0.29999999999999993,DPD,30539,6,3413.7063659864443,Mo-Di-Mi-Do-Fr-Sa
1,0.7000000000000001,0.29999999999999993,DPD,30559,6,3962.3984605122114,Mo-Di-Mi-Do-Fr-Sa
1,0.7000000000000001,0.29999999999999993,DPD,30625,6,2850.320934681696,Mo-Di-Mi-Do-Fr-Sa
1,0.7000000000000001,0.29999999999999993,DPD,30627,6,1702.8075328692416,Mo-Di-Mi-Do-Fr-Sa
1,0.7000000000000001,0.29999999999999993,DPD,30629,6,2022.2450338148715,Mo-Di-Mi-Do-Fr-Sa
1,0.7000000000000001,0.29999999999999993,DPD,30655,6,2962.2877870695056,Mo-Di-Mi-Do-Fr-Sa
1,0.7000000000000001,0.29999999999999993,DPD,30657,6,3491.1799180397643,Mo-Di-Mi-Do-Fr-Sa
1,0.7000000000000001,0.29999999999999993,DPD,30659,6,2618.465789423123,Mo-Di-Mi-Do-Fr-Sa
1,0.7000000000000001,0.29999999999999993,DPD,30823,6,3865.0840833133775,Mo-Di-Mi-Do-Fr-Sa
1,0.7000000000000001,0.29999999999999993,DPD,30826,6,4450.281781439314,Mo-Di-Mi-Do-Fr-Sa
1,0.7000000000000001,0.29999999999999993,DPD,30827,6,3608.8593533036596,Mo-Di-Mi-Do-Fr-Sa
1,0.7000000000000001,0.29999999999999993,DPD,30851,6,2478.115916251141,Mo-Di-Mi-Do-Fr-Sa
1,0.7000000000000001,0.29999999999999993,DPD,30853,6,3139.9824024159293,Mo-Di-Mi-Do-Fr-Sa
1,0.7000000000000001,0.29999999999999993,DPD,30855,6,9902.157549572998,Mo-Di-Mi-Do-Fr-Sa
1,0.7000000000000001,0.29999999999999993,DPD,30880,6,5724.1369426636065,Mo-Di-Mi-Do-Fr-Sa
1,0.7000000000000001,0.29999999999999993,DPD,30890,6,7366.859287260241,Mo-Di-Mi-Do-Fr-Sa
1,0.7000000000000001,0.29999999999999993,DPD,30900,6,7907.913020603282,Mo-Di-Mi-Do-Fr-Sa
1,0.7000000000000001,0.29999999999999993,DPD,30916,6,5461.8560724360295,Mo-Di-Mi-Do-Fr-Sa
1,0.7000000000000001,0.29999999999999993,DPD,30926,6,6554.51545291052,Mo-Di-Mi-Do-Fr-Sa
1,0.7000000000000001,0.29999999999999993,DPD,30938,6,5375.687534132779,Mo-Di-Mi-Do-Fr-Sa
1,0.7000000000000001,0.29999999999999993,DPD,30952,6,4561.479157316165,Mo-Di-Mi-Do-Fr-Sa
1,0.7000000000000001,0.29999999999999993,DPD,30966,6,4113.820061245529,Mo-Di-Mi-Do-Fr-Sa
1,0.7000000000000001,0.29999999999999993,DPD,30974,6,3896.9038698685263,Mo-Di-Mi-Do-Fr-Sa
1,0.7000000000000001,0.29999999999999993,DPD,30982,6,3830.721528900909,Mo-Di-Mi-Do-Fr-Sa
1,0.7000000000000001,0.29999999999999993,DPD,30989,6,3946.0731716166256,Mo-Di-Mi-Do-Fr-Sa
1,0.7000000000000001,0.29999999999999993,DPD,31275,6,6769.754123240408,Mo-Di-Mi-Do-Fr-Sa
1,0.7000000000000001,0.29999999999999993,DPD,31303,6,5382.263541335347,Mo-Di-Mi-Do-Fr-Sa
1,0.7000000000000001,0.29999999999999993,DPD,31311,6,5057.5443785598,Mo-Di-Mi-Do-Fr-Sa
1,0.7000000000000001,0.29999999999999993,DPD,31319,6,4322.920564726374,Mo-Di-Mi-Do-Fr-Sa
1,0.7000000000000001,0.29999999999999993,DPD,31515,6,8514.010022868573,Mo-Di-Mi-Do-Fr-Sa
1,0.7000000000000001,0.29999999999999993,DPD,31535,6,10445.230487214772,Mo-Di-Mi-Do-Fr-Sa
1,0.7000000000000001,0.29999999999999993,DPD,31832,6,6946.620478408022,Mo-Di-Mi-Do-Fr-Sa
1,0.7000000000000001,0.29999999999999993,FedEx,30159,6,12718.231786828019,Mo-Di-Mi-Do-Fr-Sa
1,0.7000000000000001,0.29999999999999993,FedEx,30161,6,5117.62082484508,Mo-Di-Mi-Do-Fr-Sa
1,0.7000000000000001,0.29999999999999993,FedEx,30163,6,7975.018302233126,Mo-Di-Mi-Do-Fr-Sa
1,0.7000000000000001,0.29999999999999993,FedEx,30167,6,5034.453120713282,Mo-Di-Mi-Do-Fr-Sa
1,0.7000000000000001,0.29999999999999993,FedEx,30419,6,3180.1259661691156,Mo-Di-Mi-Do-Fr-Sa
1,0.7000000000000001,0.29999999999999993,FedEx,30449,6,5070.480072832069,Mo-Di-Mi-Do-Fr-Sa
1,0.7000000000000001,0.29999999999999993,FedEx,30453,6,3293.4750889307907,Mo-Di-Mi-Do-Fr-Sa
1,0.7000000000000001,0.29999999999999993,FedEx,30455,6,1946.7438791667537,Mo-Di-Mi-Do-Fr-Sa
1,0.7000000000000001,0.29999999999999993,FedEx,30457,6,2044.72202905335,Mo-Di-Mi-Do-Fr-Sa
1,0.7000000000000001,0.29999999999999993,FedEx,30519,6,4212.967113206203,Mo-Di-Mi-Do-Fr-Sa
1,0.7000000000000001,0.29999999999999993,FedEx,30539,6,4152.305372826759,Mo-Di-Mi-Do-Fr-Sa
1,0.7000000000000001,0.29999999999999993,FedEx,30559,6,5277.723812006553,Mo-Di-Mi-Do-Fr-Sa
1,0.7000000000000001,0.29999999999999993,FedEx,30625,6,3793.496546922467,Mo-Di-Mi-Do-Fr-Sa
1,0.7000000000000001,0.29999999999999993,FedEx,30655,6,3433.7185775447538,Mo-Di-Mi-Do-Fr-Sa
1,0.7000000000000001,0.29999999999999993,FedEx,30657,6,4470.593996761694,Mo-Di-Mi-Do-Fr-Sa
1,0.7000000000000001,0.29999999999999993,FedEx,30823,6,1961.9849632795315,Mo-Di-Mi-Do-Fr-Sa
1,0.7000000000000001,0.29999999999999993,FedEx,30827,6,4096.161855811475,Mo-Di-Mi-Do-Fr-Sa
1,0.7000000000000001,0.29999999999999993,FedEx,30853,6,4453.819539562914,Mo-Di-Mi-Do-Fr-Sa
1,0.7000000000000001,0.29999999999999993,FedEx,30855,6,11312.376813579114,Mo-Di-Mi-Do-Fr-Sa
1,0.7000000000000001,0.29999999999999993,FedEx,30880,6,5741.552839090982,Mo-Di-Mi-Do-Fr-Sa
1,0.7000000000000001,0.29999999999999993,FedEx,30890,6,3997.7414623067557,Mo-Di-Mi-Do-Fr-Sa
1,0.7000000000000001,0.29999999999999993,FedEx,30900,6,4635.623792045639,Mo-Di-Mi-Do-Fr-Sa
1,0.7000000000000001,0.29999999999999993,FedEx,30916,6,5240.3696223713005,Mo-Di-Mi-Do-Fr-Sa
1,0.7000000000000001,0.29999999999999993,FedEx,30926,6,3401.7660373946965,Mo-Di-Mi-Do-Fr-Sa
1,0.7000000000000001,0.29999999999999993,FedEx,30938,6,5545.461756733482,Mo-Di-Mi-Do-Fr-Sa
1,0.7000000000000001,0.29999999999999993,FedEx,30952,6,2775.4512231381723,Mo-Di-Mi-Do-Fr-Sa
1,0.7000000000000001,0.29999999999999993,FedEx,30966,6,2488.5376856129433,Mo-Di-Mi-Do-Fr-Sa
1,0.7000000000000001,0.29999999999999993,FedEx,30974,6,2391.637007376545,Mo-Di-Mi-Do-Fr-Sa
1,0.7000000000000001,0.29999999999999993,FedEx,30982,6,2379.2604748942445,Mo-Di-Mi-Do-Fr-Sa
1,0.7000000000000001,0.29999999999999993,FedEx,30989,6,2431.4853535221046,Mo-Di-Mi-Do-Fr-Sa
1,0.7000000000000001,0.29999999999999993,FedEx,31275,6,5124.1511973038305,Mo-Di-Mi-Do-Fr-Sa
1,0.7000000000000001,0.29999999999999993,FedEx,31303,6,4123.924879749779,Mo-Di-Mi-Do-Fr-Sa
1,0.7000000000000001,0.29999999999999993,FedEx,31311,6,2818.577694291381,Mo-Di-Mi-Do-Fr-Sa
1,0.7000000000000001,0.29999999999999993,FedEx,31319,6,2899.0915841222704,Mo-Di-Mi-Do-Fr-Sa
1,0.7000000000000001,0.29999999999999993,FedEx,31515,6,5042.452261301043,Mo-Di-Mi-Do-Fr-Sa
1,0.7000000000000001,0.29999999999999993,FedEx,31535,6,6096.402065541078,Mo-Di-Mi-Do-Fr-Sa
1,0.7000000000000001,0.29999999999999993,FedEx,31832,6,4579.1852282655655,Mo-Di-Mi-Do-Fr-Sa
1,0.7000000000000001,0.29999999999999993,GLS,30159,6,4642.731630176733,Mo-Di-Mi-Do-Fr-Sa
1,0.7000000000000001,0.29999999999999993,GLS,30161,6,2986.081313787293,Mo-Di-Mi-Do-Fr-Sa
1,0.7000000000000001,0.29999999999999993,GLS,30163,6,4573.00549257944,Mo-Di-Mi-Do-Fr-Sa
1,0.7000000000000001,0.29999999999999993,GLS,30165,6,2405.2247120162715,Mo-Di-Mi-Do-Fr-Sa
1,0.7000000000000001,0.29999999999999993,GLS,30167,6,3599.9610348639785,Mo-Di-Mi-Do-Fr-Sa
1,0.7000000000000001,0.29999999999999993,GLS,30173,6,2467.3206708480106,Mo-Di-Mi-Do-Fr-Sa
1,0.7000000000000001,0.29999999999999993,GLS,30179,6,2030.2594095239801,Mo-Di-Mi-Do-Fr-Sa
1,0.7000000000000001,0.29999999999999993,GLS,30419,6,4965.41823609136,Mo-Di-Mi-Do-Fr-Sa
1,0.7000000000000001,0.29999999999999993,GLS,30449,6,3622.3194063359115,Mo-Di-Mi-Do-Fr-Sa
1,0.7000000000000001,0.29999999999999993,GLS,30453,6,3220.8486215837556,Mo-Di-Mi-Do-Fr-Sa
1,0.7000000000000001,0.29999999999999993,GLS,30455,6,2710.1642671316163,Mo-Di-Mi-Do-Fr-Sa
1,0.7000000000000001,0.29999999999999993,GLS,30457,6,2439.5045011125458,Mo-Di-Mi-Do-Fr-Sa
1,0.7000000000000001,0.29999999999999993,GLS,30459,6,1876.236727895414,Mo-Di-Mi-Do-Fr-Sa
1,0.7000000000000001,0.29999999999999993,GLS,30519,6,3552.9135868219814,Mo-Di-Mi-Do-Fr-Sa
1,0.7000000000000001,0.29999999999999993,GLS,30539,6,2447.219634346096,Mo-Di-Mi-Do-Fr-Sa
1,0.7000000000000001,0.29999999999999993,GLS,30559,6,3755.0680366461006,Mo-Di-Mi-Do-Fr-Sa
1,0.7000000000000001,0.29999999999999993,GLS,30625,6,2210.8683733501316,Mo-Di-Mi-Do-Fr-Sa
1,0.7000000000000001,0.29999999999999993,GLS,30627,6,1794.681684046207,Mo-Di-Mi-Do-Fr-Sa
1,0.7000000000000001,0.29999999999999993,GLS,30629,6,2094.2697610443015,Mo-Di-Mi-Do-Fr-Sa
1,0.7000000000000001,0.29999999999999993,GLS,30655,6,3084.925174317692,Mo-Di-Mi-Do-Fr-Sa
1,0.7000000000000001,0.29999999999999993,GLS,30657,6,2844.2755580556222,Mo-Di-Mi-Do-Fr-Sa
1,0.7000000000000001,0.29999999999999993,GLS,30659,6,2165.5626302364476,Mo-Di-Mi-Do-Fr-Sa
1,0.7000000000000001,0.29999999999999993,GLS,30823,6,3924.3738476586004,Mo-Di-Mi-Do-Fr-Sa
1,0.7000000000000001,0.29999999999999993,GLS,30826,6,4450.709602332494,Mo-Di-Mi-Do-Fr-Sa
1,0.7000000000000001,0.29999999999999993,GLS,30827,6,3074.664687517894,Mo-Di-Mi-Do-Fr-Sa
1,0.7000000000000001,0.29999999999999993,GLS,30851,6,2097.4205946859483,Mo-Di-Mi-Do-Fr-Sa
1,0.7000000000000001,0.29999999999999993,GLS,30853,6,2190.0844891648285,Mo-Di-Mi-Do-Fr-Sa
1,0.7000000000000001,0.29999999999999993,GLS,30855,6,7965.715090235543,Mo-Di-Mi-Do-Fr-Sa
1,0.7000000000000001,0.29999999999999993,GLS,30880,6,4410.166219280911,Mo-Di-Mi-Do-Fr-Sa
1,0.7000000000000001,0.29999999999999993,GLS,30890,6,6973.735884763185,Mo-Di-Mi-Do-Fr-Sa
1,0.7000000000000001,0.29999999999999993,GLS,30900,6,7362.540240615051,Mo-Di-Mi-Do-Fr-Sa
1,0.7000000000000001,0.29999999999999993,GLS,30916,6,4763.202136413941,Mo-Di-Mi-Do-Fr-Sa
1,0.7000000000000001,0.29999999999999993,GLS,30926,6,5231.578416246413,Mo-Di-Mi-Do-Fr-Sa
1,0.7000000000000001,0.29999999999999993,GLS,30938,6,5971.2996390760245,Mo-Di-Mi-Do-Fr-Sa
1,0.7000000000000001,0.29999999999999993,GLS,30952,6,4042.14874679477,Mo-Di-Mi-Do-Fr-Sa
1,0.7000000000000001,0.29999999999999993,GLS,30966,6,3507.0096481155524,Mo-Di-Mi-Do-Fr-Sa
1,0.7000000000000001,0.29999999999999993,GLS,30974,6,2912.392838204481,Mo-Di-Mi-Do-Fr-Sa
1,0.7000000000000001,0.29999999999999993,GLS,30982,6,2738.200143049824,Mo-Di-Mi-Do-Fr-Sa
1,0.7000000000000001,0.29999999999999993,GLS,30989,6,2798.376100761728,Mo-Di-Mi-Do-Fr-Sa
1,0.7000000000000001,0.29999999999999993,GLS,31275,6,6976.065105573762,Mo-Di-Mi-Do-Fr-Sa
1,0.7000000000000001,0.29999999999999993,GLS,31303,6,5973.506921190097,Mo-Di-Mi-Do-Fr-Sa
1,0.7000000000000001,0.29999999999999993,GLS,31311,6,4948.797517087573,Mo-Di-Mi-Do-Fr-Sa
1,0.7000000000000001,0.29999999999999993,GLS,31319,6,4180.379543747179,Mo-Di-Mi-Do-Fr-Sa
1,0.7000000000000001,0.29999999999999993,GLS,31515,6,8256.921895152971,Mo-Di-Mi-Do-Fr-Sa
1,0.7000000000000001,0.29999999999999993,GLS,31535,6,10499.401507100236,Mo-Di-Mi-Do-Fr-Sa
1,0.7000000000000001,0.29999999999999993,GLS,31832,6,5063.723709467103,Mo-Di-Mi-Do-Fr-Sa
1,0.7000000000000001,0.29999999999999993,Hermes,30159,6,5733.224620250021,Mo-Di-Mi-Do-Fr-Sa
1,0.7000000000000001,0.29999999999999993,Hermes,30161,6,3199.481172195214,Mo-Di-Mi-Do-Fr-Sa
1,0.7000000000000001,0.29999999999999993,Hermes,30163,6,3149.747408424128,Mo-Di-Mi-Do-Fr-Sa
1,0.7000000000000001,0.29999999999999993,Hermes,30165,6,3068.6506500487,Mo-Di-Mi-Do-Fr-Sa
1,0.7000000000000001,0.29999999999999993,Hermes,30167,6,4191.407588044548,Mo-Di-Mi-Do-Fr-Sa
1,0.7000000000000001,0.29999999999999993,Hermes,30173,6,3381.0704854709033,Mo-Di-Mi-Do-Fr-Sa
1,0.7000000000000001,0.29999999999999993,Hermes,30177,6,2890.100281124943,Mo-Di-Mi-Do-Fr-Sa
1,0.7000000000000001,0.29999999999999993,Hermes,30179,6,2910.160615852085,Mo-Di-Mi-Do-Fr-Sa
1,0.7000000000000001,0.29999999999999993,Hermes,30419,6,5349.858727332469,Mo-Di-Mi-Do-Fr-Sa
1,0.7000000000000001,0.29999999999999993,Hermes,30449,6,4242.570999862953,Mo-Di-Mi-Do-Fr-Sa
1,0.7000000000000001,0.29999999999999993,Hermes,30453,6,3492.5973865174465,Mo-Di-Mi-Do-Fr-Sa
1,0.7000000000000001,0.29999999999999993,Hermes,30455,6,3483.007050591635,Mo-Di-Mi-Do-Fr-Sa
1,0.7000000000000001,0.29999999999999993,Hermes,30457,6,3569.233546071827,Mo-Di-Mi-Do-Fr-Sa
1,0.7000000000000001,0.29999999999999993,Hermes,30459,6,3465.6139132677736,Mo-Di-Mi-Do-Fr-Sa
1,0.7000000000000001,0.29999999999999993,Hermes,30519,6,5059.54869015822,Mo-Di-Mi-Do-Fr-Sa
1,0.7000000000000001,0.29999999999999993,Hermes,30539,6,3645.27178816927,Mo-Di-Mi-Do-Fr-Sa
1,0.7000000000000001,0.29999999999999993,Hermes,30559,6,5354.545180144074,Mo-Di-Mi-Do-Fr-Sa
1,0.7000000000000001,0.29999999999999993,Hermes,30625,6,3273.024738869934,Mo-Di-Mi-Do-Fr-Sa
1,0.7000000000000001,0.29999999999999993,Hermes,30627,6,1800.235438802243,Mo-Di-Mi-Do-Fr-Sa
1,0.7000000000000001,0.29999999999999993,Hermes,30629,6,3350.386872776183,Mo-Di-Mi-Do-Fr-Sa
1,0.7000000000000001,0.29999999999999993,Hermes,30655,6,3431.0171455734962,Mo-Di-Mi-Do-Fr-Sa
1,0.7000000000000001,0.29999999999999993,Hermes,30657,6,3111.094528158594,Mo-Di-Mi-Do-Fr-Sa
1,0.7000000000000001,0.29999999999999993,Hermes,30659,6,3309.038695730729,Mo-Di-Mi-Do-Fr-Sa
1,0.7000000000000001,0.29999999999999993,Hermes,30823,6,3990.3024874652046,Mo-Di-Mi-Do-Fr-Sa
1,0.7000000000000001,0.29999999999999993,Hermes,30826,6,4128.411311124519,Mo-Di-Mi-Do-Fr-Sa
1,0.7000000000000001,0.29999999999999993,Hermes,30827,6,3094.2868268624684,Mo-Di-Mi-Do-Fr-Sa
1,0.7000000000000001,0.29999999999999993,Hermes,30851,6,2771.6415924617286,Mo-Di-Mi-Do-Fr-Sa
1,0.7000000000000001,0.29999999999999993,Hermes,30853,6,2517.942276990752,Mo-Di-Mi-Do-Fr-Sa
1,0.7000000000000001,0.29999999999999993,Hermes,30855,6,8779.652974651703,Mo-Di-Mi-Do-Fr-Sa
1,0.7000000000000001,0.29999999999999993,Hermes,30880,6,6557.610295895224,Mo-Di-Mi-Do-Fr-Sa
1,0.7000000000000001,0.29999999999999993,Hermes,30890,6,7809.555367111947,Mo-Di-Mi-Do-Fr-Sa
1,0.7000000000000001,0.29999999999999993,Hermes,30900,6,7214.925875920487,Mo-Di-Mi-Do-Fr-Sa
1,0.7000000000000001,0.29999999999999993,Hermes,30916,6,5828.192709584215,Mo-Di-Mi-Do-Fr-Sa
1,0.7000000000000001,0.29999999999999993,Hermes,30926,6,6011.173799751178,Mo-Di-Mi-Do-Fr-Sa
1,0.7000000000000001,0.29999999999999993,Hermes,30938,6,5828.804691204429,Mo-Di-Mi-Do-Fr-Sa
1,0.7000000000000001,0.29999999999999993,Hermes,30952,6,4970.456535421607,Mo-Di-Mi-Do-Fr-Sa
1,0.7000000000000001,0.29999999999999993,Hermes,30966,6,4366.584680259732,Mo-Di-Mi-Do-Fr-Sa
1,0.7000000000000001,0.29999999999999993,Hermes,30974,6,4410.144825608362,Mo-Di-Mi-Do-Fr-Sa
1,0.7000000000000001,0.29999999999999993,Hermes,30982,6,4427.074150417707,Mo-Di-Mi-Do-Fr-Sa
1,0.7000000000000001,0.29999999999999993,Hermes,30989,6,4157.952995024617,Mo-Di-Mi-Do-Fr-Sa
1,0.7000000000000001,0.29999999999999993,Hermes,31275,6,9028.68038608271,Mo-Di-Mi-Do-Fr-Sa
1,0.7000000000000001,0.29999999999999993,Hermes,31303,6,7250.99937144573,Mo-Di-Mi-Do-Fr-Sa
1,0.7000000000000001,0.29999999999999993,Hermes,31311,6,6890.503183739214,Mo-Di-Mi-Do-Fr-Sa
1,0.7000000000000001,0.29999999999999993,Hermes,31319,6,7188.758708235467,Mo-Di-Mi-Do-Fr-Sa
1,0.7000000000000001,0.29999999999999993,Hermes,31515,6,8767.215399032415,Mo-Di-Mi-Do-Fr-Sa
1,0.7000000000000001,0.29999999999999993,Hermes,31535,6,10757.266852596395,Mo-Di-Mi-Do-Fr-Sa
1,0.7000000000000001,0.29999999999999993,Hermes,31832,6,8382.154012315681,Mo-Di-Mi-Do-Fr-Sa
1,0.7000000000000001,0.29999999999999993,UPS,30159,6,14317.480235229965,Mo-Di-Mi-Do-Fr-Sa
1,0.7000000000000001,0.29999999999999993,UPS,30161,6,5890.635111592997,Mo-Di-Mi-Do-Fr-Sa
1,0.7000000000000001,0.29999999999999993,UPS,30163,6,6349.944745490952,Mo-Di-Mi-Do-Fr-Sa
1,0.7000000000000001,0.29999999999999993,UPS,30165,6,3734.612092283068,Mo-Di-Mi-Do-Fr-Sa
1,0.7000000000000001,0.29999999999999993,UPS,30167,6,5814.4595762356885,Mo-Di-Mi-Do-Fr-Sa
1,0.7000000000000001,0.29999999999999993,UPS,30419,6,3394.8772470909635,Mo-Di-Mi-Do-Fr-Sa
1,0.7000000000000001,0.29999999999999993,UPS,30449,6,6674.182899507537,Mo-Di-Mi-Do-Fr-Sa
1,0.7000000000000001,0.29999999999999993,UPS,30453,6,3351.1237228460413,Mo-Di-Mi-Do-Fr-Sa
1,0.7000000000000001,0.29999999999999993,UPS,30455,6,1996.1301130016752,Mo-Di-Mi-Do-Fr-Sa
1,0.7000000000000001,0.29999999999999993,UPS,30457,6,2082.9256820867663,Mo-Di-Mi-Do-Fr-Sa
1,0.7000000000000001,0.29999999999999993,UPS,30519,6,4973.9315352734,Mo-Di-Mi-Do-Fr-Sa
1,0.7000000000000001,0.29999999999999993,UPS,30539,6,4485.850061676111,Mo-Di-Mi-Do-Fr-Sa
1,0.7000000000000001,0.29999999999999993,UPS,30559,6,4939.1329806155645,Mo-Di-Mi-Do-Fr-Sa
1,0.7000000000000001,0.29999999999999993,UPS,30625,6,4339.667231631438,Mo-Di-Mi-Do-Fr-Sa
1,0.7000000000000001,0.29999999999999993,UPS,30655,6,2094.0257327831955,Mo-Di-Mi-Do-Fr-Sa
1,0.7000000000000001,0.29999999999999993,UPS,30657,6,4716.19795217861,Mo-Di-Mi-Do-Fr-Sa
1,0.7000000000000001,0.29999999999999993,UPS,30659,6,3619.59971665554,Mo-Di-Mi-Do-Fr-Sa
1,0.7000000000000001,0.29999999999999993,UPS,30823,6,3052.1704739423803,Mo-Di-Mi-Do-Fr-Sa
1,0.7000000000000001,0.29999999999999993,UPS,30826,6,2042.7216152816727,Mo-Di-Mi-Do-Fr-Sa
1,0.7000000000000001,0.29999999999999993,UPS,30827,6,3318.772929682461,Mo-Di-Mi-Do-Fr-Sa
1,0.7000000000000001,0.29999999999999993,UPS,30853,6,4528.522142755246,Mo-Di-Mi-Do-Fr-Sa
1,0.7000000000000001,0.29999999999999993,UPS,30855,6,12308.304707064348,Mo-Di-Mi-Do-Fr-Sa
1,0.7000000000000001,0.29999999999999993,UPS,30880,6,6984.527492927398,Mo-Di-Mi-Do-Fr-Sa
1,0.7000000000000001,0.29999999999999993,UPS,30890,6,4599.930410969343,Mo-Di-Mi-Do-Fr-Sa
1,0.7000000000000001,0.29999999999999993,UPS,30900,6,5015.522672116011,Mo-Di-Mi-Do-Fr-Sa
1,0.7000000000000001,0.29999999999999993,UPS,30916,6,5894.597782277826,Mo-Di-Mi-Do-Fr-Sa
1,0.7000000000000001,0.29999999999999993,UPS,30926,6,3979.540646149894,Mo-Di-Mi-Do-Fr-Sa
1,0.7000000000000001,0.29999999999999993,UPS,30938,6,5900.509623828604,Mo-Di-Mi-Do-Fr-Sa
1,0.7000000000000001,0.29999999999999993,UPS,30952,6,3623.86551862089,Mo-Di-Mi-Do-Fr-Sa
1,0.7000000000000001,0.29999999999999993,UPS,30966,6,3458.283671063921,Mo-Di-Mi-Do-Fr-Sa
1,0.7000000000000001,0.29999999999999993,UPS,30974,6,2944.0941408457325,Mo-Di-Mi-Do-Fr-Sa
1,0.7000000000000001,0.29999999999999993,UPS,30982,6,3021.3027147961793,Mo-Di-Mi-Do-Fr-Sa
1,0.7000000000000001,0.29999999999999993,UPS,30989,6,3076.746244653496,Mo-Di-Mi-Do-Fr-Sa
1,0.7000000000000001,0.29999999999999993,UPS,31275,6,6655.257075966285,Mo-Di-Mi-Do-Fr-Sa
1,0.7000000000000001,0.29999999999999993,UPS,31303,6,4510.316706152553,Mo-Di-Mi-Do-Fr-Sa
1,0.7000000000000001,0.29999999999999993,UPS,31311,6,4373.121879073002,Mo-Di-Mi-Do-Fr-Sa
1,0.7000000000000001,0.29999999999999993,UPS,31319,6,3620.0013358882434,Mo-Di-Mi-Do-Fr-Sa
1,0.7000000000000001,0.29999999999999993,UPS,31515,6,6735.40640345356,Mo-Di-Mi-Do-Fr-Sa
1,0.7000000000000001,0.29999999999999993,UPS,31535,6,7613.836771350983,Mo-Di-Mi-Do-Fr-Sa
1,0.7000000000000001,0.29999999999999993,UPS,31832,6,5105.054625543156,Mo-Di-Mi-Do-Fr-Sa
1,0.8,0.19999999999999996,Amazon,30159,6,11687.758591886499,Mo-Di-Mi-Do-Fr-Sa
1,0.8,0.19999999999999996,Amazon,30161,6,6198.076199381901,Mo-Di-Mi-Do-Fr-Sa
1,0.8,0.19999999999999996,Amazon,30163,6,5887.274416922319,Mo-Di-Mi-Do-Fr-Sa
1,0.8,0.19999999999999996,Amazon,30165,6,4696.3632925800775,Mo-Di-Mi-Do-Fr-Sa
1,0.8,0.19999999999999996,Amazon,30167,6,7124.980941103149,Mo-Di-Mi-Do-Fr-Sa
1,0.8,0.19999999999999996,Amazon,30173,6,5184.403263125373,Mo-Di-Mi-Do-Fr-Sa
1,0.8,0.19999999999999996,Amazon,30177,6,4295.3755099319715,Mo-Di-Mi-Do-Fr-Sa
1,0.8,0.19999999999999996,Amazon,30179,6,4357.442561887894,Mo-Di-Mi-Do-Fr-Sa
1,0.8,0.19999999999999996,Amazon,30419,6,8685.332684443236,Mo-Di-Mi-Do-Fr-Sa
1,0.8,0.19999999999999996,Amazon,30449,6,6930.958642387422,Mo-Di-Mi-Do-Fr-Sa
1,0.8,0.19999999999999996,Amazon,30453,6,4953.369950665476,Mo-Di-Mi-Do-Fr-Sa
1,0.8,0.19999999999999996,Amazon,30455,6,4733.969914501729,Mo-Di-Mi-Do-Fr-Sa
1,0.8,0.19999999999999996,Amazon,30457,6,4861.272760888753,Mo-Di-Mi-Do-Fr-Sa
1,0.8,0.19999999999999996,Amazon,30459,6,4721.113690320388,Mo-Di-Mi-Do-Fr-Sa
1,0.8,0.19999999999999996,Amazon,30519,6,7989.408733574742,Mo-Di-Mi-Do-Fr-Sa
1,0.8,0.19999999999999996,Amazon,30539,6,5232.56483537078,Mo-Di-Mi-Do-Fr-Sa
1,0.8,0.19999999999999996,Amazon,30559,6,7936.80103693811,Mo-Di-Mi-Do-Fr-Sa
1,0.8,0.19999999999999996,Amazon,30625,6,4833.5787808117675,Mo-Di-Mi-Do-Fr-Sa
1,0.8,0.19999999999999996,Amazon,30627,6,3579.2895236259706,Mo-Di-Mi-Do-Fr-Sa
1,0.8,0.19999999999999996,Amazon,30629,6,4483.669440977608,Mo-Di-Mi-Do-Fr-Sa
1,0.8,0.19999999999999996,Amazon,30655,6,5134.034576870573,Mo-Di-Mi-Do-Fr-Sa
1,0.8,0.19999999999999996,Amazon,30657,6,5211.641795669652,Mo-Di-Mi-Do-Fr-Sa
1,0.8,0.19999999999999996,Amazon,30659,6,4808.930135185106,Mo-Di-Mi-Do-Fr-Sa
1,0.8,0.19999999999999996,Amazon,30823,6,5492.8333908221575,Mo-Di-Mi-Do-Fr-Sa
1,0.8,0.19999999999999996,Amazon,30826,6,5309.400426435489,Mo-Di-Mi-Do-Fr-Sa
1,0.8,0.19999999999999996,Amazon,30827,6,4406.282253025094,Mo-Di-Mi-Do-Fr-Sa
1,0.8,0.19999999999999996,Amazon,30851,6,4461.2266132019995,Mo-Di-Mi-Do-Fr-Sa
1,0.8,0.19999999999999996,Amazon,30853,6,4295.473522234693,Mo-Di-Mi-Do-Fr-Sa
1,0.8,0.19999999999999996,Amazon,30855,6,16425.713131956443,Mo-Di-Mi-Do-Fr-Sa
1,0.8,0.19999999999999996,Amazon,30880,6,10836.49486333059,Mo-Di-Mi-Do-Fr-Sa
1,0.8,0.19999999999999996,Amazon,30890,6,9949.99293278101,Mo-Di-Mi-Do-Fr-Sa
1,0.8,0.19999999999999996,Amazon,30900,6,11733.296749095527,Mo-Di-Mi-Do-Fr-Sa
1,0.8,0.19999999999999996,Amazon,30916,6,9943.63733060065,Mo-Di-Mi-Do-Fr-Sa
1,0.8,0.19999999999999996,Amazon,30926,6,8780.42111083368,Mo-Di-Mi-Do-Fr-Sa
1,0.8,0.19999999999999996,Amazon,30938,6,8932.3523870359,Mo-Di-Mi-Do-Fr-Sa
1,0.8,0.19999999999999996,Amazon,30952,6,6792.522249966714,Mo-Di-Mi-Do-Fr-Sa
1,0.8,0.19999999999999996,Amazon,30966,6,6753.487289755222,Mo-Di-Mi-Do-Fr-Sa
1,0.8,0.19999999999999996,Amazon,30974,6,5185.498167842292,Mo-Di-Mi-Do-Fr-Sa
1,0.8,0.19999999999999996,Amazon,30982,6,5545.048582884666,Mo-Di-Mi-Do-Fr-Sa
1,0.8,0.19999999999999996,Amazon,30989,6,5239.8327189564525,Mo-Di-Mi-Do-Fr-Sa
1,0.8,0.19999999999999996,Amazon,31275,6,14011.694458512184,Mo-Di-Mi-Do-Fr-Sa
1,0.8,0.19999999999999996,Amazon,31303,6,10292.592352807045,Mo-Di-Mi-Do-Fr-Sa
1,0.8,0.19999999999999996,Amazon,31311,6,8647.386430120578,Mo-Di-Mi-Do-Fr-Sa
1,0.8,0.19999999999999996,Amazon,31319,6,9006.598190484336,Mo-Di-Mi-Do-Fr-Sa
1,0.8,0.19999999999999996,Amazon,31515,6,12109.355310297444,Mo-Di-Mi-Do-Fr-Sa
1,0.8,0.19999999999999996,Amazon,31535,6,14649.713985934406,Mo-Di-Mi-Do-Fr-Sa
1,0.8,0.19999999999999996,Amazon,31832,6,10630.27600706838,Mo-Di-Mi-Do-Fr-Sa
1,0.8,0.19999999999999996,DHL,30159,6,21425.132453693925,Mo-Di-Mi-Do-Fr-Sa
1,0.8,0.19999999999999996,DHL,30161,6,10896.842490106472,Mo-Di-Mi-Do-Fr-Sa
1,0.8,0.19999999999999996,DHL,30163,6,9949.803363797471,Mo-Di-Mi-Do-Fr-Sa
1,0.8,0.19999999999999996,DHL,30165,6,8802.876567972335,Mo-Di-Mi-Do-Fr-Sa
1,0.8,0.19999999999999996,DHL,30167,6,13153.912834635783,Mo-Di-Mi-Do-Fr-Sa
1,0.8,0.19999999999999996,DHL,30169,6,5443.510365830029,Mo-Di-Mi-Do-Fr-Sa
1,0.8,0.19999999999999996,DHL,30173,6,9027.275959686367,Mo-Di-Mi-Do-Fr-Sa
1,0.8,0.19999999999999996,DHL,30177,6,6801.611388745387,Mo-Di-Mi-Do-Fr-Sa
1,0.8,0.19999999999999996,DHL,30179,6,7025.737693154014,Mo-Di-Mi-Do-Fr-Sa
1,0.8,0.19999999999999996,DHL,30419,6,15488.762582133773,Mo-Di-Mi-Do-Fr-Sa
1,0.8,0.19999999999999996,DHL,30449,6,7469.2241491514915,Mo-Di-Mi-Do-Fr-Sa
1,0.8,0.19999999999999996,DHL,30453,6,8951.952033907073,Mo-Di-Mi-Do-Fr-Sa
1,0.8,0.19999999999999996,DHL,30455,6,7533.4371442876145,Mo-Di-Mi-Do-Fr-Sa
1,0.8,0.19999999999999996,DHL,30457,6,7270.894456096109,Mo-Di-Mi-Do-Fr-Sa
1,0.8,0.19999999999999996,DHL,30459,6,6651.002162382179,Mo-Di-Mi-Do-Fr-Sa
1,0.8,0.19999999999999996,DHL,30519,6,13272.168787294228,Mo-Di-Mi-Do-Fr-Sa
1,0.8,0.19999999999999996,DHL,30539,6,9349.501232628127,Mo-Di-Mi-Do-Fr-Sa
1,0.8,0.19999999999999996,DHL,30559,6,12373.65925832722,Mo-Di-Mi-Do-Fr-Sa
1,0.8,0.19999999999999996,DHL,30625,6,8096.802842174482,Mo-Di-Mi-Do-Fr-Sa
1,0.8,0.19999999999999996,DHL,30627,6,5606.363090833329,Mo-Di-Mi-Do-Fr-Sa
1,0.8,0.19999999999999996,DHL,30629,6,6766.974846046077,Mo-Di-Mi-Do-Fr-Sa
1,0.8,0.19999999999999996,DHL,30655,6,8869.786833512764,Mo-Di-Mi-Do-Fr-Sa
1,0.8,0.19999999999999996,DHL,30657,6,9992.167827012736,Mo-Di-Mi-Do-Fr-Sa
1,0.8,0.19999999999999996,DHL,30659,6,7898.329610710899,Mo-Di-Mi-Do-Fr-Sa
1,0.8,0.19999999999999996,DHL,30823,6,10208.877886178407,Mo-Di-Mi-Do-Fr-Sa
1,0.8,0.19999999999999996,DHL,30826,6,9412.56972551855,Mo-Di-Mi-Do-Fr-Sa
1,0.8,0.19999999999999996,DHL,30827,6,8625.617953447312,Mo-Di-Mi-Do-Fr-Sa
1,0.8,0.19999999999999996,DHL,30851,6,7140.564548697186,Mo-Di-Mi-Do-Fr-Sa
1,0.8,0.19999999999999996,DHL,30853,6,7954.150022203881,Mo-Di-Mi-Do-Fr-Sa
1,0.8,0.19999999999999996,DHL,30855,6,32552.34432866005,Mo-Di-Mi-Do-Fr-Sa
1,0.8,0.19999999999999996,DHL,30880,6,18007.36898635567,Mo-Di-Mi-Do-Fr-Sa
1,0.8,0.19999999999999996,DHL,30890,6,15947.754646399117,Mo-Di-Mi-Do-Fr-Sa
1,0.8,0.19999999999999996,DHL,30900,6,18229.388928763692,Mo-Di-Mi-Do-Fr-Sa
1,0.8,0.19999999999999996,DHL,30916,6,17734.269551035948,Mo-Di-Mi-Do-Fr-Sa
1,0.8,0.19999999999999996,DHL,30926,6,14434.82758928225,Mo-Di-Mi-Do-Fr-Sa
1,0.8,0.19999999999999996,DHL,30938,6,14554.779241554967,Mo-Di-Mi-Do-Fr-Sa
1,0.8,0.19999999999999996,DHL,30952,6,11365.430112451975,Mo-Di-Mi-Do-Fr-Sa
1,0.8,0.19999999999999996,DHL,30966,6,10624.352717702506,Mo-Di-Mi-Do-Fr-Sa
1,0.8,0.19999999999999996,DHL,30974,6,7703.025014293544,Mo-Di-Mi-Do-Fr-Sa
1,0.8,0.19999999999999996,DHL,30982,6,8234.46117714012,Mo-Di-Mi-Do-Fr-Sa
1,0.8,0.19999999999999996,DHL,30989,6,8649.900505408892,Mo-Di-Mi-Do-Fr-Sa
1,0.8,0.19999999999999996,DHL,31275,6,20741.197757085225,Mo-Di-Mi-Do-Fr-Sa
1,0.8,0.19999999999999996,DHL,31303,6,13739.115623819012,Mo-Di-Mi-Do-Fr-Sa
1,0.8,0.19999999999999996,DHL,31311,6,10648.959166588764,Mo-Di-Mi-Do-Fr-Sa
1,0.8,0.19999999999999996,DHL,31319,6,12210.553941257438,Mo-Di-Mi-Do-Fr-Sa
1,0.8,0.19999999999999996,DHL,31515,6,20814.204304395767,Mo-Di-Mi-Do-Fr-Sa
1,0.8,0.19999999999999996,DHL,31535,6,21637.256139647427,Mo-Di-Mi-Do-Fr-Sa
1,0.8,0.19999999999999996,DHL,31832,6,14443.460212265947,Mo-Di-Mi-Do-Fr-Sa
1,0.8,0.19999999999999996,DPD,30159,6,6745.43642982665,Mo-Di-Mi-Do-Fr-Sa
1,0.8,0.19999999999999996,DPD,30161,6,3572.3066172774998,Mo-Di-Mi-Do-Fr-Sa
1,0.8,0.19999999999999996,DPD,30163,6,3334.016654677259,Mo-Di-Mi-Do-Fr-Sa
1,0.8,0.19999999999999996,DPD,30165,6,3220.920457383544,Mo-Di-Mi-Do-Fr-Sa
1,0.8,0.19999999999999996,DPD,30167,6,4575.293145375498,Mo-Di-Mi-Do-Fr-Sa
1,0.8,0.19999999999999996,DPD,30173,6,3028.2905288174024,Mo-Di-Mi-Do-Fr-Sa
1,0.8,0.19999999999999996,DPD,30177,6,2209.9404705919,Mo-Di-Mi-Do-Fr-Sa
1,0.8,0.19999999999999996,DPD,30179,6,2456.3548464568607,Mo-Di-Mi-Do-Fr-Sa
1,0.8,0.19999999999999996,DPD,30419,6,5265.1161318874765,Mo-Di-Mi-Do-Fr-Sa
1,0.8,0.19999999999999996,DPD,30449,6,4228.42693330016,Mo-Di-Mi-Do-Fr-Sa
1,0.8,0.19999999999999996,DPD,30453,6,3642.2344276936155,Mo-Di-Mi-Do-Fr-Sa
1,0.8,0.19999999999999996,DPD,30455,6,3096.4884420991384,Mo-Di-Mi-Do-Fr-Sa
1,0.8,0.19999999999999996,DPD,30457,6,3033.5474025044095,Mo-Di-Mi-Do-Fr-Sa
1,0.8,0.19999999999999996,DPD,30459,6,2600.91439635438,Mo-Di-Mi-Do-Fr-Sa
1,0.8,0.19999999999999996,DPD,30519,6,4320.607386569162,Mo-Di-Mi-Do-Fr-Sa
1,0.8,0.19999999999999996,DPD,30539,6,3413.7063659864443,Mo-Di-Mi-Do-Fr-Sa
1,0.8,0.19999999999999996,DPD,30559,6,3962.3984605122114,Mo-Di-Mi-Do-Fr-Sa
1,0.8,0.19999999999999996,DPD,30625,6,2850.320934681696,Mo-Di-Mi-Do-Fr-Sa
1,0.8,0.19999999999999996,DPD,30627,6,1702.8075328692416,Mo-Di-Mi-Do-Fr-Sa
1,0.8,0.19999999999999996,DPD,30629,6,2022.2450338148715,Mo-Di-Mi-Do-Fr-Sa
1,0.8,0.19999999999999996,DPD,30655,6,2962.2877870695056,Mo-Di-Mi-Do-Fr-Sa
1,0.8,0.19999999999999996,DPD,30657,6,3491.1799180397643,Mo-Di-Mi-Do-Fr-Sa
1,0.8,0.19999999999999996,DPD,30659,6,2618.465789423123,Mo-Di-Mi-Do-Fr-Sa
1,0.8,0.19999999999999996,DPD,30823,6,3865.0840833133775,Mo-Di-Mi-Do-Fr-Sa
1,0.8,0.19999999999999996,DPD,30826,6,4450.281781439314,Mo-Di-Mi-Do-Fr-Sa
1,0.8,0.19999999999999996,DPD,30827,6,3608.8593533036596,Mo-Di-Mi-Do-Fr-Sa
1,0.8,0.19999999999999996,DPD,30851,6,2478.115916251141,Mo-Di-Mi-Do-Fr-Sa
1,0.8,0.19999999999999996,DPD,30853,6,3139.9824024159293,Mo-Di-Mi-Do-Fr-Sa
1,0.8,0.19999999999999996,DPD,30855,6,9902.157549572998,Mo-Di-Mi-Do-Fr-Sa
1,0.8,0.19999999999999996,DPD,30880,6,5724.1369426636065,Mo-Di-Mi-Do-Fr-Sa
1,0.8,0.19999999999999996,DPD,30890,6,7366.859287260241,Mo-Di-Mi-Do-Fr-Sa
1,0.8,0.19999999999999996,DPD,30900,6,7907.913020603282,Mo-Di-Mi-Do-Fr-Sa
1,0.8,0.19999999999999996,DPD,30916,6,5461.8560724360295,Mo-Di-Mi-Do-Fr-Sa
1,0.8,0.19999999999999996,DPD,30926,6,6554.51545291052,Mo-Di-Mi-Do-Fr-Sa
1,0.8,0.19999999999999996,DPD,30938,6,5375.687534132779,Mo-Di-Mi-Do-Fr-Sa
1,0.8,0.19999999999999996,DPD,30952,6,4561.479157316165,Mo-Di-Mi-Do-Fr-Sa
1,0.8,0.19999999999999996,DPD,30966,6,4113.820061245529,Mo-Di-Mi-Do-Fr-Sa
1,0.8,0.19999999999999996,DPD,30974,6,3896.9038698685263,Mo-Di-Mi-Do-Fr-Sa
1,0.8,0.19999999999999996,DPD,30982,6,3830.721528900909,Mo-Di-Mi-Do-Fr-Sa
1,0.8,0.19999999999999996,DPD,30989,6,3946.0731716166256,Mo-Di-Mi-Do-Fr-Sa
1,0.8,0.19999999999999996,DPD,31275,6,6769.754123240408,Mo-Di-Mi-Do-Fr-Sa
1,0.8,0.19999999999999996,DPD,31303,6,5382.263541335347,Mo-Di-Mi-Do-Fr-Sa
1,0.8,0.19999999999999996,DPD,31311,6,5057.5443785598,Mo-Di-Mi-Do-Fr-Sa
1,0.8,0.19999999999999996,DPD,31319,6,4322.920564726374,Mo-Di-Mi-Do-Fr-Sa
1,0.8,0.19999999999999996,DPD,31515,6,8514.010022868573,Mo-Di-Mi-Do-Fr-Sa
1,0.8,0.19999999999999996,DPD,31535,6,10445.230487214772,Mo-Di-Mi-Do-Fr-Sa
1,0.8,0.19999999999999996,DPD,31832,6,6946.620478408022,Mo-Di-Mi-Do-Fr-Sa
1,0.8,0.19999999999999996,FedEx,30159,6,12718.231786828019,Mo-Di-Mi-Do-Fr-Sa
1,0.8,0.19999999999999996,FedEx,30161,6,5117.62082484508,Mo-Di-Mi-Do-Fr-Sa
1,0.8,0.19999999999999996,FedEx,30163,6,7975.018302233126,Mo-Di-Mi-Do-Fr-Sa
1,0.8,0.19999999999999996,FedEx,30167,6,5034.453120713282,Mo-Di-Mi-Do-Fr-Sa
1,0.8,0.19999999999999996,FedEx,30419,6,3180.1259661691156,Mo-Di-Mi-Do-Fr-Sa
1,0.8,0.19999999999999996,FedEx,30449,6,5070.480072832069,Mo-Di-Mi-Do-Fr-Sa
1,0.8,0.19999999999999996,FedEx,30453,6,3293.4750889307907,Mo-Di-Mi-Do-Fr-Sa
1,0.8,0.19999999999999996,FedEx,30455,6,1946.7438791667537,Mo-Di-Mi-Do-Fr-Sa
1,0.8,0.19999999999999996,FedEx,30457,6,2044.72202905335,Mo-Di-Mi-Do-Fr-Sa
1,0.8,0.19999999999999996,FedEx,30519,6,4212.967113206203,Mo-Di-Mi-Do-Fr-Sa
1,0.8,0.19999999999999996,FedEx,30539,6,4152.305372826759,Mo-Di-Mi-Do-Fr-Sa
1,0.8,0.19999999999999996,FedEx,30559,6,5277.723812006553,Mo-Di-Mi-Do-Fr-Sa
1,0.8,0.19999999999999996,FedEx,30625,6,3793.496546922467,Mo-Di-Mi-Do-Fr-Sa
1,0.8,0.19999999999999996,FedEx,30655,6,3433.7185775447538,Mo-Di-Mi-Do-Fr-Sa
1,0.8,0.19999999999999996,FedEx,30657,6,4470.593996761694,Mo-Di-Mi-Do-Fr-Sa
1,0.8,0.19999999999999996,FedEx,30823,6,1961.9849632795315,Mo-Di-Mi-Do-Fr-Sa
1,0.8,0.19999999999999996,FedEx,30827,6,4096.161855811475,Mo-Di-Mi-Do-Fr-Sa
1,0.8,0.19999999999999996,FedEx,30853,6,4453.819539562914,Mo-Di-Mi-Do-Fr-Sa
1,0.8,0.19999999999999996,FedEx,30855,6,11312.376813579114,Mo-Di-Mi-Do-Fr-Sa
1,0.8,0.19999999999999996,FedEx,30880,6,5741.552839090982,Mo-Di-Mi-Do-Fr-Sa
1,0.8,0.19999999999999996,FedEx,30890,6,3997.7414623067557,Mo-Di-Mi-Do-Fr-Sa
1,0.8,0.19999999999999996,FedEx,30900,6,4635.623792045639,Mo-Di-Mi-Do-Fr-Sa
1,0.8,0.19999999999999996,FedEx,30916,6,5240.3696223713005,Mo-Di-Mi-Do-Fr-Sa
1,0.8,0.19999999999999996,FedEx,30926,6,3401.7660373946965,Mo-Di-Mi-Do-Fr-Sa
1,0.8,0.19999999999999996,FedEx,30938,6,5545.461756733482,Mo-Di-Mi-Do-Fr-Sa
1,0.8,0.19999999999999996,FedEx,30952,6,2775.4512231381723,Mo-Di-Mi-Do-Fr-Sa
1,0.8,0.19999999999999996,FedEx,30966,6,2488.5376856129433,Mo-Di-Mi-Do-Fr-Sa
1,0.8,0.19999999999999996,FedEx,30974,6,2391.637007376545,Mo-Di-Mi-Do-Fr-Sa
1,0.8,0.19999999999999996,FedEx,30982,6,2379.2604748942445,Mo-Di-Mi-Do-Fr-Sa
1,0.8,0.19999999999999996,FedEx,30989,6,2431.4853535221046,Mo-Di-Mi-Do-Fr-Sa
1,0.8,0.19999999999999996,FedEx,31275,6,5124.1511973038305,Mo-Di-Mi-Do-Fr-Sa
1,0.8,0.19999999999999996,FedEx,31303,6,4123.924879749779,Mo-Di-Mi-Do-Fr-Sa
1,0.8,0.19999999999999996,FedEx,31311,6,2818.577694291381,Mo-Di-Mi-Do-Fr-Sa
1,0.8,0.19999999999999996,FedEx,31319,6,2899.0915841222704,Mo-Di-Mi-Do-Fr-Sa
1,0.8,0.19999999999999996,FedEx,31515,6,5042.452261301043,Mo-Di-Mi-Do-Fr-Sa
1,0.8,0.19999999999999996,FedEx,31535,6,6096.402065541078,Mo-Di-Mi-Do-Fr-Sa
1,0.8,0.19999999999999996,FedEx,31832,6,4579.1852282655655,Mo-Di-Mi-Do-Fr-Sa
1,0.8,0.19999999999999996,GLS,30159,6,4642.731630176733,Mo-Di-Mi-Do-Fr-Sa
1,0.8,0.19999999999999996,GLS,30161,6,2986.081313787293,Mo-Di-Mi-Do-Fr-Sa
1,0.8,0.19999999999999996,GLS,30163,6,4573.00549257944,Mo-Di-Mi-Do-Fr-Sa
1,0.8,0.19999999999999996,GLS,30165,6,2405.2247120162715,Mo-Di-Mi-Do-Fr-Sa
1,0.8,0.19999999999999996,GLS,30167,6,3599.9610348639785,Mo-Di-Mi-Do-Fr-Sa
1,0.8,0.19999999999999996,GLS,30173,6,2467.3206708480106,Mo-Di-Mi-Do-Fr-Sa
1,0.8,0.19999999999999996,GLS,30179,6,2030.2594095239801,Mo-Di-Mi-Do-Fr-Sa
1,0.8,0.19999999999999996,GLS,30419,6,4965.41823609136,Mo-Di-Mi-Do-Fr-Sa
1,0.8,0.19999999999999996,GLS,30449,6,3622.3194063359115,Mo-Di-Mi-Do-Fr-Sa
1,0.8,0.19999999999999996,GLS,30453,6,3220.8486215837556,Mo-Di-Mi-Do-Fr-Sa
1,0.8,0.19999999999999996,GLS,30455,6,2710.1642671316163,Mo-Di-Mi-Do-Fr-Sa
1,0.8,0.19999999999999996,GLS,30457,6,2439.5045011125458,Mo-Di-Mi-Do-Fr-Sa
1,0.8,0.19999999999999996,GLS,30459,6,1876.236727895414,Mo-Di-Mi-Do-Fr-Sa
1,0.8,0.19999999999999996,GLS,30519,6,3552.9135868219814,Mo-Di-Mi-Do-Fr-Sa
1,0.8,0.19999999999999996,GLS,30539,6,2447.219634346096,Mo-Di-Mi-Do-Fr-Sa
1,0.8,0.19999999999999996,GLS,30559,6,3755.0680366461006,Mo-Di-Mi-Do-Fr-Sa
1,0.8,0.19999999999999996,GLS,30625,6,2210.8683733501316,Mo-Di-Mi-Do-Fr-Sa
1,0.8,0.19999999999999996,GLS,30627,6,1794.681684046207,Mo-Di-Mi-Do-Fr-Sa
1,0.8,0.19999999999999996,GLS,30629,6,2094.2697610443015,Mo-Di-Mi-Do-Fr-Sa
1,0.8,0.19999999999999996,GLS,30655,6,3084.925174317692,Mo-Di-Mi-Do-Fr-Sa
1,0.8,0.19999999999999996,GLS,30657,6,2844.2755580556222,Mo-Di-Mi-Do-Fr-Sa
1,0.8,0.19999999999999996,GLS,30659,6,2165.5626302364476,Mo-Di-Mi-Do-Fr-Sa
1,0.8,0.19999999999999996,GLS,30823,6,3924.3738476586004,Mo-Di-Mi-Do-Fr-Sa
1,0.8,0.19999999999999996,GLS,30826,6,4450.709602332494,Mo-Di-Mi-Do-Fr-Sa
1,0.8,0.19999999999999996,GLS,30827,6,3074.664687517894,Mo-Di-Mi-Do-Fr-Sa
1,0.8,0.19999999999999996,GLS,30851,6,2097.4205946859483,Mo-Di-Mi-Do-Fr-Sa
1,0.8,0.19999999999999996,GLS,30853,6,2190.0844891648285,Mo-Di-Mi-Do-Fr-Sa
1,0.8,0.19999999999999996,GLS,30855,6,7965.715090235543,Mo-Di-Mi-Do-Fr-Sa
1,0.8,0.19999999999999996,GLS,30880,6,4410.166219280911,Mo-Di-Mi-Do-Fr-Sa
1,0.8,0.19999999999999996,GLS,30890,6,6973.735884763185,Mo-Di-Mi-Do-Fr-Sa
1,0.8,0.19999999999999996,GLS,30900,6,7362.540240615051,Mo-Di-Mi-Do-Fr-Sa
1,0.8,0.19999999999999996,GLS,30916,6,4763.202136413941,Mo-Di-Mi-Do-Fr-Sa
1,0.8,0.19999999999999996,GLS,30926,6,5231.578416246413,Mo-Di-Mi-Do-Fr-Sa
1,0.8,0.19999999999999996,GLS,30938,6,5971.2996390760245,Mo-Di-Mi-Do-Fr-Sa
1,0.8,0.19999999999999996,GLS,30952,6,4042.14874679477,Mo-Di-Mi-Do-Fr-Sa
1,0.8,0.19999999999999996,GLS,30966,6,3507.0096481155524,Mo-Di-Mi-Do-Fr-Sa
1,0.8,0.19999999999999996,GLS,30974,6,2912.392838204481,Mo-Di-Mi-Do-Fr-Sa
1,0.8,0.19999999999999996,GLS,30982,6,2738.200143049824,Mo-Di-Mi-Do-Fr-Sa
1,0.8,0.19999999999999996,GLS,30989,6,2798.376100761728,Mo-Di-Mi-Do-Fr-Sa
1,0.8,0.19999999999999996,GLS,31275,6,6976.065105573762,Mo-Di-Mi-Do-Fr-Sa
1,0.8,0.19999999999999996,GLS,31303,6,5973.506921190097,Mo-Di-Mi-Do-Fr-Sa
1,0.8,0.19999999999999996,GLS,31311,6,4948.797517087573,Mo-Di-Mi-Do-Fr-Sa
1,0.8,0.19999999999999996,GLS,31319,6,4180.379543747179,Mo-Di-Mi-Do-Fr-Sa
1,0.8,0.19999999999999996,GLS,31515,6,8256.921895152971,Mo-Di-Mi-Do-Fr-Sa
1,0.8,0.19999999999999996,GLS,31535,6,10499.401507100236,Mo-Di-Mi-Do-Fr-Sa
1,0.8,0.19999999999999996,GLS,31832,6,5063.723709467103,Mo-Di-Mi-Do-Fr-Sa
1,0.8,0.19999999999999996,Hermes,30159,6,5733.224620250021,Mo-Di-Mi-Do-Fr-Sa
1,0.8,0.19999999999999996,Hermes,30161,6,3199.481172195214,Mo-Di-Mi-Do-Fr-Sa
1,0.8,0.19999999999999996,Hermes,30163,6,3149.747408424128,Mo-Di-Mi-Do-Fr-Sa
1,0.8,0.19999999999999996,Hermes,30165,6,3068.6506500487,Mo-Di-Mi-Do-Fr-Sa
1,0.8,0.19999999999999996,Hermes,30167,6,4191.407588044548,Mo-Di-Mi-Do-Fr-Sa
1,0.8,0.19999999999999996,Hermes,30173,6,3381.0704854709033,Mo-Di-Mi-Do-Fr-Sa
1,0.8,0.19999999999999996,Hermes,30177,6,2890.100281124943,Mo-Di-Mi-Do-Fr-Sa
1,0.8,0.19999999999999996,Hermes,30179,6,2910.160615852085,Mo-Di-Mi-Do-Fr-Sa
1,0.8,0.19999999999999996,Hermes,30419,6,5349.858727332469,Mo-Di-Mi-Do-Fr-Sa
1,0.8,0.19999999999999996,Hermes,30449,6,4242.570999862953,Mo-Di-Mi-Do-Fr-Sa
1,0.8,0.19999999999999996,Hermes,30453,6,3492.5973865174465,Mo-Di-Mi-Do-Fr-Sa
1,0.8,0.19999999999999996,Hermes,30455,6,3483.007050591635,Mo-Di-Mi-Do-Fr-Sa
1,0.8,0.19999999999999996,Hermes,30457,6,3569.233546071827,Mo-Di-Mi-Do-Fr-Sa
1,0.8,0.19999999999999996,Hermes,30459,6,3465.6139132677736,Mo-Di-Mi-Do-Fr-Sa
1,0.8,0.19999999999999996,Hermes,30519,6,5059.54869015822,Mo-Di-Mi-Do-Fr-Sa
1,0.8,0.19999999999999996,Hermes,30539,6,3645.27178816927,Mo-Di-Mi-Do-Fr-Sa
1,0.8,0.19999999999999996,Hermes,30559,6,5354.545180144074,Mo-Di-Mi-Do-Fr-Sa
1,0.8,0.19999999999999996,Hermes,30625,6,3273.024738869934,Mo-Di-Mi-Do-Fr-Sa
1,0.8,0.19999999999999996,Hermes,30627,6,1800.235438802243,Mo-Di-Mi-Do-Fr-Sa
1,0.8,0.19999999999999996,Hermes,30629,6,3350.386872776183,Mo-Di-Mi-Do-Fr-Sa
1,0.8,0.19999999999999996,Hermes,30655,6,3431.0171455734962,Mo-Di-Mi-Do-Fr-Sa
1,0.8,0.19999999999999996,Hermes,30657,6,3111.094528158594,Mo-Di-Mi-Do-Fr-Sa
1,0.8,0.19999999999999996,Hermes,30659,6,3309.038695730729,Mo-Di-Mi-Do-Fr-Sa
1,0.8,0.19999999999999996,Hermes,30823,6,3990.3024874652046,Mo-Di-Mi-Do-Fr-Sa
1,0.8,0.19999999999999996,Hermes,30826,6,4128.411311124519,Mo-Di-Mi-Do-Fr-Sa
1,0.8,0.19999999999999996,Hermes,30827,6,3094.2868268624684,Mo-Di-Mi-Do-Fr-Sa
1,0.8,0.19999999999999996,Hermes,30851,6,2771.6415924617286,Mo-Di-Mi-Do-Fr-Sa
1,0.8,0.19999999999999996,Hermes,30853,6,2517.942276990752,Mo-Di-Mi-Do-Fr-Sa
1,0.8,0.19999999999999996,Hermes,30855,6,8779.652974651703,Mo-Di-Mi-Do-Fr-Sa
1,0.8,0.19999999999999996,Hermes,30880,6,6557.610295895224,Mo-Di-Mi-Do-Fr-Sa
1,0.8,0.19999999999999996,Hermes,30890,6,7809.555367111947,Mo-Di-Mi-Do-Fr-Sa
1,0.8,0.19999999999999996,Hermes,30900,6,7214.925875920487,Mo-Di-Mi-Do-Fr-Sa
1,0.8,0.19999999999999996,Hermes,30916,6,5828.192709584215,Mo-Di-Mi-Do-Fr-Sa
1,0.8,0.19999999999999996,Hermes,30926,6,6011.173799751178,Mo-Di-Mi-Do-Fr-Sa
1,0.8,0.19999999999999996,Hermes,30938,6,5828.804691204429,Mo-Di-Mi-Do-Fr-Sa
1,0.8,0.19999999999999996,Hermes,30952,6,4970.456535421607,Mo-Di-Mi-Do-Fr-Sa
1,0.8,0.19999999999999996,Hermes,30966,6,4366.584680259732,Mo-Di-Mi-Do-Fr-Sa
1,0.8,0.19999999999999996,Hermes,30974,6,4410.144825608362,Mo-Di-Mi-Do-Fr-Sa
1,0.8,0.19999999999999996,Hermes,30982,6,4427.074150417707,Mo-Di-Mi-Do-Fr-Sa
1,0.8,0.19999999999999996,Hermes,30989,6,4157.952995024617,Mo-Di-Mi-Do-Fr-Sa
1,0.8,0.19999999999999996,Hermes,31275,6,9028.68038608271,Mo-Di-Mi-Do-Fr-Sa
1,0.8,0.19999999999999996,Hermes,31303,6,7250.99937144573,Mo-Di-Mi-Do-Fr-Sa
1,0.8,0.19999999999999996,Hermes,31311,6,6890.503183739214,Mo-Di-Mi-Do-Fr-Sa
1,0.8,0.19999999999999996,Hermes,31319,6,7188.758708235467,Mo-Di-Mi-Do-Fr-Sa
1,0.8,0.19999999999999996,Hermes,31515,6,8767.215399032415,Mo-Di-Mi-Do-Fr-Sa
1,0.8,0.19999999999999996,Hermes,31535,6,10757.266852596395,Mo-Di-Mi-Do-Fr-Sa
1,0.8,0.19999999999999996,Hermes,31832,6,8382.154012315681,Mo-Di-Mi-Do-Fr-Sa
1,0.8,0.19999999999999996,UPS,30159,6,14317.480235229965,Mo-Di-Mi-Do-Fr-Sa
1,0.8,0.19999999999999996,UPS,30161,6,5890.635111592997,Mo-Di-Mi-Do-Fr-Sa
1,0.8,0.19999999999999996,UPS,30163,6,6349.944745490952,Mo-Di-Mi-Do-Fr-Sa
1,0.8,0.19999999999999996,UPS,30165,6,3734.612092283068,Mo-Di-Mi-Do-Fr-Sa
1,0.8,0.19999999999999996,UPS,30167,6,5814.4595762356885,Mo-Di-Mi-Do-Fr-Sa
1,0.8,0.19999999999999996,UPS,30419,6,3394.8772470909635,Mo-Di-Mi-Do-Fr-Sa
1,0.8,0.19999999999999996,UPS,30449,6,6674.182899507537,Mo-Di-Mi-Do-Fr-Sa
1,0.8,0.19999999999999996,UPS,30453,6,3351.1237228460413,Mo-Di-Mi-Do-Fr-Sa
1,0.8,0.19999999999999996,UPS,30455,6,1996.1301130016752,Mo-Di-Mi-Do-Fr-Sa
1,0.8,0.19999999999999996,UPS,30457,6,2082.9256820867663,Mo-Di-Mi-Do-Fr-Sa
1,0.8,0.19999999999999996,UPS,30519,6,4973.9315352734,Mo-Di-Mi-Do-Fr-Sa
1,0.8,0.19999999999999996,UPS,30539,6,4485.850061676111,Mo-Di-Mi-Do-Fr-Sa
1,0.8,0.19999999999999996,UPS,30559,6,4939.1329806155645,Mo-Di-Mi-Do-Fr-Sa
1,0.8,0.19999999999999996,UPS,30625,6,4339.667231631438,Mo-Di-Mi-Do-Fr-Sa
1,0.8,0.19999999999999996,UPS,30655,6,2094.0257327831955,Mo-Di-Mi-Do-Fr-Sa
1,0.8,0.19999999999999996,UPS,30657,6,4716.19795217861,Mo-Di-Mi-Do-Fr-Sa
1,0.8,0.19999999999999996,UPS,30659,6,3619.59971665554,Mo-Di-Mi-Do-Fr-Sa
1,0.8,0.19999999999999996,UPS,30823,6,3052.1704739423803,Mo-Di-Mi-Do-Fr-Sa
1,0.8,0.19999999999999996,UPS,30826,6,2042.7216152816727,Mo-Di-Mi-Do-Fr-Sa
1,0.8,0.19999999999999996,UPS,30827,6,3318.772929682461,Mo-Di-Mi-Do-Fr-Sa
1,0.8,0.19999999999999996,UPS,30853,6,4528.522142755246,Mo-Di-Mi-Do-Fr-Sa
1,0.8,0.19999999999999996,UPS,30855,6,12308.304707064348,Mo-Di-Mi-Do-Fr-Sa
1,0.8,0.19999999999999996,UPS,30880,6,6984.527492927398,Mo-Di-Mi-Do-Fr-Sa
1,0.8,0.19999999999999996,UPS,30890,6,4599.930410969343,Mo-Di-Mi-Do-Fr-Sa
1,0.8,0.19999999999999996,UPS,30900,6,5015.522672116011,Mo-Di-Mi-Do-Fr-Sa
1,0.8,0.19999999999999996,UPS,30916,6,5894.597782277826,Mo-Di-Mi-Do-Fr-Sa
1,0.8,0.19999999999999996,UPS,30926,6,3979.540646149894,Mo-Di-Mi-Do-Fr-Sa
1,0.8,0.19999999999999996,UPS,30938,6,5900.509623828604,Mo-Di-Mi-Do-Fr-Sa
1,0.8,0.19999999999999996,UPS,30952,6,3623.86551862089,Mo-Di-Mi-Do-Fr-Sa
1,0.8,0.19999999999999996,UPS,30966,6,3458.283671063921,Mo-Di-Mi-Do-Fr-Sa
1,0.8,0.19999999999999996,UPS,30974,6,2944.0941408457325,Mo-Di-Mi-Do-Fr-Sa
1,0.8,0.19999999999999996,UPS,30982,6,3021.3027147961793,Mo-Di-Mi-Do-Fr-Sa
1,0.8,0.19999999999999996,UPS,30989,6,3076.746244653496,Mo-Di-Mi-Do-Fr-Sa
1,0.8,0.19999999999999996,UPS,31275,6,6655.257075966285,Mo-Di-Mi-Do-Fr-Sa
1,0.8,0.19999999999999996,UPS,31303,6,4510.316706152553,Mo-Di-Mi-Do-Fr-Sa
1,0.8,0.19999999999999996,UPS,31311,6,4373.121879073002,Mo-Di-Mi-Do-Fr-Sa
1,0.8,0.19999999999999996,UPS,31319,6,3620.0013358882434,Mo-Di-Mi-Do-Fr-Sa
1,0.8,0.19999999999999996,UPS,31515,6,6735.40640345356,Mo-Di-Mi-Do-Fr-Sa
1,0.8,0.19999999999999996,UPS,31535,6,7613.836771350983,Mo-Di-Mi-Do-Fr-Sa
1,0.8,0.19999999999999996,UPS,31832,6,5105.054625543156,Mo-Di-Mi-Do-Fr-Sa
1,0.9,0.09999999999999998,Amazon,30159,6,11687.758591886499,Mo-Di-Mi-Do-Fr-Sa
1,0.9,0.09999999999999998,Amazon,30161,6,6198.076199381901,Mo-Di-Mi-Do-Fr-Sa
1,0.9,0.09999999999999998,Amazon,30163,6,5887.274416922319,Mo-Di-Mi-Do-Fr-Sa
1,0.9,0.09999999999999998,Amazon,30165,6,4696.3632925800775,Mo-Di-Mi-Do-Fr-Sa
1,0.9,0.09999999999999998,Amazon,30167,6,7124.980941103149,Mo-Di-Mi-Do-Fr-Sa
1,0.9,0.09999999999999998,Amazon,30173,6,5184.403263125373,Mo-Di-Mi-Do-Fr-Sa
1,0.9,0.09999999999999998,Amazon,30177,6,4295.3755099319715,Mo-Di-Mi-Do-Fr-Sa
1,0.9,0.09999999999999998,Amazon,30179,6,4357.442561887894,Mo-Di-Mi-Do-Fr-Sa
1,0.9,0.09999999999999998,Amazon,30419,6,8685.332684443236,Mo-Di-Mi-Do-Fr-Sa
1,0.9,0.09999999999999998,Amazon,30449,6,6930.958642387422,Mo-Di-Mi-Do-Fr-Sa
1,0.9,0.09999999999999998,Amazon,30453,6,4953.369950665476,Mo-Di-Mi-Do-Fr-Sa
1,0.9,0.09999999999999998,Amazon,30455,6,4733.969914501729,Mo-Di-Mi-Do-Fr-Sa
1,0.9,0.09999999999999998,Amazon,30457,6,4861.272760888753,Mo-Di-Mi-Do-Fr-Sa
1,0.9,0.09999999999999998,Amazon,30459,6,4721.113690320388,Mo-Di-Mi-Do-Fr-Sa
1,0.9,0.09999999999999998,Amazon,30519,6,7989.408733574742,Mo-Di-Mi-Do-Fr-Sa
1,0.9,0.09999999999999998,Amazon,30539,6,5232.56483537078,Mo-Di-Mi-Do-Fr-Sa
1,0.9,0.09999999999999998,Amazon,30559,6,7936.80103693811,Mo-Di-Mi-Do-Fr-Sa
1,0.9,0.09999999999999998,Amazon,30625,6,4833.5787808117675,Mo-Di-Mi-Do-Fr-Sa
1,0.9,0.09999999999999998,Amazon,30627,6,3579.2895236259706,Mo-Di-Mi-Do-Fr-Sa
1,0.9,0.09999999999999998,Amazon,30629,6,4483.669440977608,Mo-Di-Mi-Do-Fr-Sa
1,0.9,0.09999999999999998,Amazon,30655,6,5134.034576870573,Mo-Di-Mi-Do-Fr-Sa
1,0.9,0.09999999999999998,Amazon,30657,6,5211.641795669652,Mo-Di-Mi-Do-Fr-Sa
1,0.9,0.09999999999999998,Amazon,30659,6,4808.930135185106,Mo-Di-Mi-Do-Fr-Sa
1,0.9,0.09999999999999998,Amazon,30823,6,5492.8333908221575,Mo-Di-Mi-Do-Fr-Sa
1,0.9,0.09999999999999998,Amazon,30826,6,5309.400426435489,Mo-Di-Mi-Do-Fr-Sa
1,0.9,0.09999999999999998,Amazon,30827,6,4406.282253025094,Mo-Di-Mi-Do-Fr-Sa
1,0.9,0.09999999999999998,Amazon,30851,6,4461.2266132019995,Mo-Di-Mi-Do-Fr-Sa
1,0.9,0.09999999999999998,Amazon,30853,6,4295.473522234693,Mo-Di-Mi-Do-Fr-Sa
1,0.9,0.09999999999999998,Amazon,30855,6,16425.713131956443,Mo-Di-Mi-Do-Fr-Sa
1,0.9,0.09999999999999998,Amazon,30880,6,10836.49486333059,Mo-Di-Mi-Do-Fr-Sa
1,0.9,0.09999999999999998,Amazon,30890,6,9949.99293278101,Mo-Di-Mi-Do-Fr-Sa
1,0.9,0.09999999999999998,Amazon,30900,6,11733.296749095527,Mo-Di-Mi-Do-Fr-Sa
1,0.9,0.09999999999999998,Amazon,30916,6,9943.63733060065,Mo-Di-Mi-Do-Fr-Sa
1,0.9,0.09999999999999998,Amazon,30926,6,8780.42111083368,Mo-Di-Mi-Do-Fr-Sa
1,0.9,0.09999999999999998,Amazon,30938,6,8932.3523870359,Mo-Di-Mi-Do-Fr-Sa
1,0.9,0.09999999999999998,Amazon,30952,6,6792.522249966714,Mo-Di-Mi-Do-Fr-Sa
1,0.9,0.09999999999999998,Amazon,30966,6,6753.487289755222,Mo-Di-Mi-Do-Fr-Sa
1,0.9,0.09999999999999998,Amazon,30974,6,5185.498167842292,Mo-Di-Mi-Do-Fr-Sa
1,0.9,0.09999999999999998,Amazon,30982,6,5545.048582884666,Mo-Di-Mi-Do-Fr-Sa
1,0.9,0.09999999999999998,Amazon,30989,6,5239.8327189564525,Mo-Di-Mi-Do-Fr-Sa
1,0.9,0.09999999999999998,Amazon,31275,6,14011.694458512184,Mo-Di-Mi-Do-Fr-Sa
1,0.9,0.09999999999999998,Amazon,31303,6,10292.592352807045,Mo-Di-Mi-Do-Fr-Sa
1,0.9,0.09999999999999998,Amazon,31311,6,8647.386430120578,Mo-Di-Mi-Do-Fr-Sa
1,0.9,0.09999999999999998,Amazon,31319,6,9006.598190484336,Mo-Di-Mi-Do-Fr-Sa
1,0.9,0.09999999999999998,Amazon,31515,6,12109.355310297444,Mo-Di-Mi-Do-Fr-Sa
1,0.9,0.09999999999999998,Amazon,31535,6,14649.713985934406,Mo-Di-Mi-Do-Fr-Sa
1,0.9,0.09999999999999998,Amazon,31832,6,10630.27600706838,Mo-Di-Mi-Do-Fr-Sa
1,0.9,0.09999999999999998,DHL,30159,6,21425.132453693925,Mo-Di-Mi-Do-Fr-Sa
1,0.9,0.09999999999999998,DHL,30161,6,10896.842490106472,Mo-Di-Mi-Do-Fr-Sa
1,0.9,0.09999999999999998,DHL,30163,6,9949.803363797471,Mo-Di-Mi-Do-Fr-Sa
1,0.9,0.09999999999999998,DHL,30165,6,8802.876567972335,Mo-Di-Mi-Do-Fr-Sa
1,0.9,0.09999999999999998,DHL,30167,6,13153.912834635783,Mo-Di-Mi-Do-Fr-Sa
1,0.9,0.09999999999999998,DHL,30169,6,5443.510365830029,Mo-Di-Mi-Do-Fr-Sa
1,0.9,0.09999999999999998,DHL,30173,6,9027.275959686367,Mo-Di-Mi-Do-Fr-Sa
1,0.9,0.09999999999999998,DHL,30177,6,6801.611388745387,Mo-Di-Mi-Do-Fr-Sa
1,0.9,0.09999999999999998,DHL,30179,6,7025.737693154014,Mo-Di-Mi-Do-Fr-Sa
1,0.9,0.09999999999999998,DHL,30419,6,15488.762582133773,Mo-Di-Mi-Do-Fr-Sa
1,0.9,0.09999999999999998,DHL,30449,6,7469.2241491514915,Mo-Di-Mi-Do-Fr-Sa
1,0.9,0.09999999999999998,DHL,30453,6,8951.952033907073,Mo-Di-Mi-Do-Fr-Sa
1,0.9,0.09999999999999998,DHL,30455,6,7533.4371442876145,Mo-Di-Mi-Do-Fr-Sa
1,0.9,0.09999999999999998,DHL,30457,6,7270.894456096109,Mo-Di-Mi-Do-Fr-Sa
1,0.9,0.09999999999999998,DHL,30459,6,6651.002162382179,Mo-Di-Mi-Do-Fr-Sa
1,0.9,0.09999999999999998,DHL,30519,6,13272.168787294228,Mo-Di-Mi-Do-Fr-Sa
1,0.9,0.09999999999999998,DHL,30539,6,9349.501232628127,Mo-Di-Mi-Do-Fr-Sa
1,0.9,0.09999999999999998,DHL,30559,6,12373.65925832722,Mo-Di-Mi-Do-Fr-Sa
1,0.9,0.09999999999999998,DHL,30625,6,8096.802842174482,Mo-Di-Mi-Do-Fr-Sa
1,0.9,0.09999999999999998,DHL,30627,6,5606.363090833329,Mo-Di-Mi-Do-Fr-Sa
1,0.9,0.09999999999999998,DHL,30629,6,6766.974846046077,Mo-Di-Mi-Do-Fr-Sa
1,0.9,0.09999999999999998,DHL,30655,6,8869.786833512764,Mo-Di-Mi-Do-Fr-Sa
1,0.9,0.09999999999999998,DHL,30657,6,9992.167827012736,Mo-Di-Mi-Do-Fr-Sa
1,0.9,0.09999999999999998,DHL,30659,6,7898.329610710899,Mo-Di-Mi-Do-Fr-Sa
1,0.9,0.09999999999999998,DHL,30823,6,10208.877886178407,Mo-Di-Mi-Do-Fr-Sa
1,0.9,0.09999999999999998,DHL,30826,6,9412.56972551855,Mo-Di-Mi-Do-Fr-Sa
1,0.9,0.09999999999999998,DHL,30827,6,8625.617953447312,Mo-Di-Mi-Do-Fr-Sa
1,0.9,0.09999999999999998,DHL,30851,6,7140.564548697186,Mo-Di-Mi-Do-Fr-Sa
1,0.9,0.09999999999999998,DHL,30853,6,7954.150022203881,Mo-Di-Mi-Do-Fr-Sa
1,0.9,0.09999999999999998,DHL,30855,6,32552.34432866005,Mo-Di-Mi-Do-Fr-Sa
1,0.9,0.09999999999999998,DHL,30880,6,18007.36898635567,Mo-Di-Mi-Do-Fr-Sa
1,0.9,0.09999999999999998,DHL,30890,6,15947.754646399117,Mo-Di-Mi-Do-Fr-Sa
1,0.9,0.09999999999999998,DHL,30900,6,18229.388928763692,Mo-Di-Mi-Do-Fr-Sa
1,0.9,0.09999999999999998,DHL,30916,6,17734.269551035948,Mo-Di-Mi-Do-Fr-Sa
1,0.9,0.09999999999999998,DHL,30926,6,14434.82758928225,Mo-Di-Mi-Do-Fr-Sa
1,0.9,0.09999999999999998,DHL,30938,6,14554.779241554967,Mo-Di-Mi-Do-Fr-Sa
1,0.9,0.09999999999999998,DHL,30952,6,11365.430112451975,Mo-Di-Mi-Do-Fr-Sa
1,0.9,0.09999999999999998,DHL,30966,6,10624.352717702506,Mo-Di-Mi-Do-Fr-Sa
1,0.9,0.09999999999999998,DHL,30974,6,7703.025014293544,Mo-Di-Mi-Do-Fr-Sa
1,0.9,0.09999999999999998,DHL,30982,6,8234.46117714012,Mo-Di-Mi-Do-Fr-Sa
1,0.9,0.09999999999999998,DHL,30989,6,8649.900505408892,Mo-Di-Mi-Do-Fr-Sa
1,0.9,0.09999999999999998,DHL,31275,6,20741.197757085225,Mo-Di-Mi-Do-Fr-Sa
1,0.9,0.09999999999999998,DHL,31303,6,13739.115623819012,Mo-Di-Mi-Do-Fr-Sa
1,0.9,0.09999999999999998,DHL,31311,6,10648.959166588764,Mo-Di-Mi-Do-Fr-Sa
1,0.9,0.09999999999999998,DHL,31319,6,12210.553941257438,Mo-Di-Mi-Do-Fr-Sa
1,0.9,0.09999999999999998,DHL,31515,6,20814.204304395767,Mo-Di-Mi-Do-Fr-Sa
1,0.9,0.09999999999999998,DHL,31535,6,21637.256139647427,Mo-Di-Mi-Do-Fr-Sa
1,0.9,0.09999999999999998,DHL,31832,6,14443.460212265947,Mo-Di-Mi-Do-Fr-Sa
1,0.9,0.09999999999999998,DPD,30159,6,6745.43642982665,Mo-Di-Mi-Do-Fr-Sa
1,0.9,0.09999999999999998,DPD,30161,6,3572.3066172774998,Mo-Di-Mi-Do-Fr-Sa
1,0.9,0.09999999999999998,DPD,30163,6,3334.016654677259,Mo-Di-Mi-Do-Fr-Sa
1,0.9,0.09999999999999998,DPD,30165,6,3220.920457383544,Mo-Di-Mi-Do-Fr-Sa
1,0.9,0.09999999999999998,DPD,30167,6,4575.293145375498,Mo-Di-Mi-Do-Fr-Sa
1,0.9,0.09999999999999998,DPD,30173,6,3028.2905288174024,Mo-Di-Mi-Do-Fr-Sa
1,0.9,0.09999999999999998,DPD,30177,6,2209.9404705919,Mo-Di-Mi-Do-Fr-Sa
1,0.9,0.09999999999999998,DPD,30179,6,2456.3548464568607,Mo-Di-Mi-Do-Fr-Sa
1,0.9,0.09999999999999998,DPD,30419,6,5265.1161318874765,Mo-Di-Mi-Do-Fr-Sa
1,0.9,0.09999999999999998,DPD,30449,6,4228.42693330016,Mo-Di-Mi-Do-Fr-Sa
1,0.9,0.09999999999999998,DPD,30453,6,3642.2344276936155,Mo-Di-Mi-Do-Fr-Sa
1,0.9,0.09999999999999998,DPD,30455,6,3096.4884420991384,Mo-Di-Mi-Do-Fr-Sa
1,0.9,0.09999999999999998,DPD,30457,6,3033.5474025044095,Mo-Di-Mi-Do-Fr-Sa
1,0.9,0.09999999999999998,DPD,30459,6,2600.91439635438,Mo-Di-Mi-Do-Fr-Sa
1,0.9,0.09999999999999998,DPD,30519,6,4320.607386569162,Mo-Di-Mi-Do-Fr-Sa
1,0.9,0.09999999999999998,DPD,30539,6,3413.7063659864443,Mo-Di-Mi-Do-Fr-Sa
1,0.9,0.09999999999999998,DPD,30559,6,3962.3984605122114,Mo-Di-Mi-Do-Fr-Sa
1,0.9,0.09999999999999998,DPD,30625,6,2850.320934681696,Mo-Di-Mi-Do-Fr-Sa
1,0.9,0.09999999999999998,DPD,30627,6,1702.8075328692416,Mo-Di-Mi-Do-Fr-Sa
1,0.9,0.09999999999999998,DPD,30629,6,2022.2450338148715,Mo-Di-Mi-Do-Fr-Sa
1,0.9,0.09999999999999998,DPD,30655,6,2962.2877870695056,Mo-Di-Mi-Do-Fr-Sa
1,0.9,0.09999999999999998,DPD,30657,6,3491.1799180397643,Mo-Di-Mi-Do-Fr-Sa
1,0.9,0.09999999999999998,DPD,30659,6,2618.465789423123,Mo-Di-Mi-Do-Fr-Sa
1,0.9,0.09999999999999998,DPD,30823,6,3865.0840833133775,Mo-Di-Mi-Do-Fr-Sa
1,0.9,0.09999999999999998,DPD,30826,6,4450.281781439314,Mo-Di-Mi-Do-Fr-Sa
1,0.9,0.09999999999999998,DPD,30827,6,3608.8593533036596,Mo-Di-Mi-Do-Fr-Sa
1,0.9,0.09999999999999998,DPD,30851,6,2478.115916251141,Mo-Di-Mi-Do-Fr-Sa
1,0.9,0.09999999999999998,DPD,30853,6,3139.9824024159293,Mo-Di-Mi-Do-Fr-Sa
1,0.9,0.09999999999999998,DPD,30855,6,9902.157549572998,Mo-Di-Mi-Do-Fr-Sa
1,0.9,0.09999999999999998,DPD,30880,6,5724.1369426636065,Mo-Di-Mi-Do-Fr-Sa
1,0.9,0.09999999999999998,DPD,30890,6,7366.859287260241,Mo-Di-Mi-Do-Fr-Sa
1,0.9,0.09999999999999998,DPD,30900,6,7907.913020603282,Mo-Di-Mi-Do-Fr-Sa
1,0.9,0.09999999999999998,DPD,30916,6,5461.8560724360295,Mo-Di-Mi-Do-Fr-Sa
1,0.9,0.09999999999999998,DPD,30926,6,6554.51545291052,Mo-Di-Mi-Do-Fr-Sa
1,0.9,0.09999999999999998,DPD,30938,6,5375.687534132779,Mo-Di-Mi-Do-Fr-Sa
1,0.9,0.09999999999999998,DPD,30952,6,4561.479157316165,Mo-Di-Mi-Do-Fr-Sa
1,0.9,0.09999999999999998,DPD,30966,6,4113.820061245529,Mo-Di-Mi-Do-Fr-Sa
1,0.9,0.09999999999999998,DPD,30974,6,3896.9038698685263,Mo-Di-Mi-Do-Fr-Sa
1,0.9,0.09999999999999998,DPD,30982,6,3830.721528900909,Mo-Di-Mi-Do-Fr-Sa
1,0.9,0.09999999999999998,DPD,30989,6,3946.0731716166256,Mo-Di-Mi-Do-Fr-Sa
1,0.9,0.09999999999999998,DPD,31275,6,6769.754123240408,Mo-Di-Mi-Do-Fr-Sa
1,0.9,0.09999999999999998,DPD,31303,6,5382.263541335347,Mo-Di-Mi-Do-Fr-Sa
1,0.9,0.09999999999999998,DPD,31311,6,5057.5443785598,Mo-Di-Mi-Do-Fr-Sa
1,0.9,0.09999999999999998,DPD,31319,6,4322.920564726374,Mo-Di-Mi-Do-Fr-Sa
1,0.9,0.09999999999999998,DPD,31515,6,8514.010022868573,Mo-Di-Mi-Do-Fr-Sa
1,0.9,0.09999999999999998,DPD,31535,6,10445.230487214772,Mo-Di-Mi-Do-Fr-Sa
1,0.9,0.09999999999999998,DPD,31832,6,6946.620478408022,Mo-Di-Mi-Do-Fr-Sa
1,0.9,0.09999999999999998,FedEx,30159,6,12718.231786828019,Mo-Di-Mi-Do-Fr-Sa
1,0.9,0.09999999999999998,FedEx,30161,6,5117.62082484508,Mo-Di-Mi-Do-Fr-Sa
1,0.9,0.09999999999999998,FedEx,30163,6,7975.018302233126,Mo-Di-Mi-Do-Fr-Sa
1,0.9,0.09999999999999998,FedEx,30167,6,5034.453120713282,Mo-Di-Mi-Do-Fr-Sa
1,0.9,0.09999999999999998,FedEx,30419,6,3180.1259661691156,Mo-Di-Mi-Do-Fr-Sa
1,0.9,0.09999999999999998,FedEx,30449,6,5070.480072832069,Mo-Di-Mi-Do-Fr-Sa
1,0.9,0.09999999999999998,FedEx,30453,6,3293.4750889307907,Mo-Di-Mi-Do-Fr-Sa
1,0.9,0.09999999999999998,FedEx,30455,6,1946.7438791667537,Mo-Di-Mi-Do-Fr-Sa
1,0.9,0.09999999999999998,FedEx,30457,6,2044.72202905335,Mo-Di-Mi-Do-Fr-Sa
1,0.9,0.09999999999999998,FedEx,30519,6,4212.967113206203,Mo-Di-Mi-Do-Fr-Sa
1,0.9,0.09999999999999998,FedEx,30539,6,4152.305372826759,Mo-Di-Mi-Do-Fr-Sa
1,0.9,0.09999999999999998,FedEx,30559,6,5277.723812006553,Mo-Di-Mi-Do-Fr-Sa
1,0.9,0.09999999999999998,FedEx,30625,6,3793.496546922467,Mo-Di-Mi-Do-Fr-Sa
1,0.9,0.09999999999999998,FedEx,30655,6,3433.7185775447538,Mo-Di-Mi-Do-Fr-Sa
1,0.9,0.09999999999999998,FedEx,30657,6,4470.593996761694,Mo-Di-Mi-Do-Fr-Sa
1,0.9,0.09999999999999998,FedEx,30823,6,1961.9849632795315,Mo-Di-Mi-Do-Fr-Sa
1,0.9,0.09999999999999998,FedEx,30827,6,4096.161855811475,Mo-Di-Mi-Do-Fr-Sa
1,0.9,0.09999999999999998,FedEx,30853,6,4453.819539562914,Mo-Di-Mi-Do-Fr-Sa
1,0.9,0.09999999999999998,FedEx,30855,6,11312.376813579114,Mo-Di-Mi-Do-Fr-Sa
1,0.9,0.09999999999999998,FedEx,30880,6,5741.552839090982,Mo-Di-Mi-Do-Fr-Sa
1,0.9,0.09999999999999998,FedEx,30890,6,3997.7414623067557,Mo-Di-Mi-Do-Fr-Sa
1,0.9,0.09999999999999998,FedEx,30900,6,4635.623792045639,Mo-Di-Mi-Do-Fr-Sa
1,0.9,0.09999999999999998,FedEx,30916,6,5240.3696223713005,Mo-Di-Mi-Do-Fr-Sa
1,0.9,0.09999999999999998,FedEx,30926,6,3401.7660373946965,Mo-Di-Mi-Do-Fr-Sa
1,0.9,0.09999999999999998,FedEx,30938,6,5545.461756733482,Mo-Di-Mi-Do-Fr-Sa
1,0.9,0.09999999999999998,FedEx,30952,6,2775.4512231381723,Mo-Di-Mi-Do-Fr-Sa
1,0.9,0.09999999999999998,FedEx,30966,6,2488.5376856129433,Mo-Di-Mi-Do-Fr-Sa
1,0.9,0.09999999999999998,FedEx,30974,6,2391.637007376545,Mo-Di-Mi-Do-Fr-Sa
1,0.9,0.09999999999999998,FedEx,30982,6,2379.2604748942445,Mo-Di-Mi-Do-Fr-Sa
1,0.9,0.09999999999999998,FedEx,30989,6,2431.4853535221046,Mo-Di-Mi-Do-Fr-Sa
1,0.9,0.09999999999999998,FedEx,31275,6,5124.1511973038305,Mo-Di-Mi-Do-Fr-Sa
1,0.9,0.09999999999999998,FedEx,31303,6,4123.924879749779,Mo-Di-Mi-Do-Fr-Sa
1,0.9,0.09999999999999998,FedEx,31311,6,2818.577694291381,Mo-Di-Mi-Do-Fr-Sa
1,0.9,0.09999999999999998,FedEx,31319,6,2899.0915841222704,Mo-Di-Mi-Do-Fr-Sa
1,0.9,0.09999999999999998,FedEx,31515,6,5042.452261301043,Mo-Di-Mi-Do-Fr-Sa
1,0.9,0.09999999999999998,FedEx,31535,6,6096.402065541078,Mo-Di-Mi-Do-Fr-Sa
1,0.9,0.09999999999999998,FedEx,31832,6,4579.1852282655655,Mo-Di-Mi-Do-Fr-Sa
1,0.9,0.09999999999999998,GLS,30159,6,4642.731630176733,Mo-Di-Mi-Do-Fr-Sa
1,0.9,0.09999999999999998,GLS,30161,6,2986.081313787293,Mo-Di-Mi-Do-Fr-Sa
1,0.9,0.09999999999999998,GLS,30163,6,4573.00549257944,Mo-Di-Mi-Do-Fr-Sa
1,0.9,0.09999999999999998,GLS,30165,6,2405.2247120162715,Mo-Di-Mi-Do-Fr-Sa
1,0.9,0.09999999999999998,GLS,30167,6,3599.9610348639785,Mo-Di-Mi-Do-Fr-Sa
1,0.9,0.09999999999999998,GLS,30173,6,2467.3206708480106,Mo-Di-Mi-Do-Fr-Sa
1,0.9,0.09999999999999998,GLS,30179,6,2030.2594095239801,Mo-Di-Mi-Do-Fr-Sa
1,0.9,0.09999999999999998,GLS,30419,6,4965.41823609136,Mo-Di-Mi-Do-Fr-Sa
1,0.9,0.09999999999999998,GLS,30449,6,3622.3194063359115,Mo-Di-Mi-Do-Fr-Sa
1,0.9,0.09999999999999998,GLS,30453,6,3220.8486215837556,Mo-Di-Mi-Do-Fr-Sa
1,0.9,0.09999999999999998,GLS,30455,6,2710.1642671316163,Mo-Di-Mi-Do-Fr-Sa
1,0.9,0.09999999999999998,GLS,30457,6,2439.5045011125458,Mo-Di-Mi-Do-Fr-Sa
1,0.9,0.09999999999999998,GLS,30459,6,1876.236727895414,Mo-Di-Mi-Do-Fr-Sa
1,0.9,0.09999999999999998,GLS,30519,6,3552.9135868219814,Mo-Di-Mi-Do-Fr-Sa
1,0.9,0.09999999999999998,GLS,30539,6,2447.219634346096,Mo-Di-Mi-Do-Fr-Sa
1,0.9,0.09999999999999998,GLS,30559,6,3755.0680366461006,Mo-Di-Mi-Do-Fr-Sa
1,0.9,0.09999999999999998,GLS,30625,6,2210.8683733501316,Mo-Di-Mi-Do-Fr-Sa
1,0.9,0.09999999999999998,GLS,30627,6,1794.681684046207,Mo-Di-Mi-Do-Fr-Sa
1,0.9,0.09999999999999998,GLS,30629,6,2094.2697610443015,Mo-Di-Mi-Do-Fr-Sa
1,0.9,0.09999999999999998,GLS,30655,6,3084.925174317692,Mo-Di-Mi-Do-Fr-Sa
1,0.9,0.09999999999999998,GLS,30657,6,2844.2755580556222,Mo-Di-Mi-Do-Fr-Sa
1,0.9,0.09999999999999998,GLS,30659,6,2165.5626302364476,Mo-Di-Mi-Do-Fr-Sa
1,0.9,0.09999999999999998,GLS,30823,6,3924.3738476586004,Mo-Di-Mi-Do-Fr-Sa
1,0.9,0.09999999999999998,GLS,30826,6,4450.709602332494,Mo-Di-Mi-Do-Fr-Sa
1,0.9,0.09999999999999998,GLS,30827,6,3074.664687517894,Mo-Di-Mi-Do-Fr-Sa
1,0.9,0.09999999999999998,GLS,30851,6,2097.4205946859483,Mo-Di-Mi-Do-Fr-Sa
1,0.9,0.09999999999999998,GLS,30853,6,2190.0844891648285,Mo-Di-Mi-Do-Fr-Sa
1,0.9,0.09999999999999998,GLS,30855,6,7965.715090235543,Mo-Di-Mi-Do-Fr-Sa
1,0.9,0.09999999999999998,GLS,30880,6,4410.166219280911,Mo-Di-Mi-Do-Fr-Sa
1,0.9,0.09999999999999998,GLS,30890,6,6973.735884763185,Mo-Di-Mi-Do-Fr-Sa
1,0.9,0.09999999999999998,GLS,30900,6,7362.540240615051,Mo-Di-Mi-Do-Fr-Sa
1,0.9,0.09999999999999998,GLS,30916,6,4763.202136413941,Mo-Di-Mi-Do-Fr-Sa
1,0.9,0.09999999999999998,GLS,30926,6,5231.578416246413,Mo-Di-Mi-Do-Fr-Sa
1,0.9,0.09999999999999998,GLS,30938,6,5971.2996390760245,Mo-Di-Mi-Do-Fr-Sa
1,0.9,0.09999999999999998,GLS,30952,6,4042.14874679477,Mo-Di-Mi-Do-Fr-Sa
1,0.9,0.09999999999999998,GLS,30966,6,3507.0096481155524,Mo-Di-Mi-Do-Fr-Sa
1,0.9,0.09999999999999998,GLS,30974,6,2912.392838204481,Mo-Di-Mi-Do-Fr-Sa
1,0.9,0.09999999999999998,GLS,30982,6,2738.200143049824,Mo-Di-Mi-Do-Fr-Sa
1,0.9,0.09999999999999998,GLS,30989,6,2798.376100761728,Mo-Di-Mi-Do-Fr-Sa
1,0.9,0.09999999999999998,GLS,31275,6,6976.065105573762,Mo-Di-Mi-Do-Fr-Sa
1,0.9,0.09999999999999998,GLS,31303,6,5973.506921190097,Mo-Di-Mi-Do-Fr-Sa
1,0.9,0.09999999999999998,GLS,31311,6,4948.797517087573,Mo-Di-Mi-Do-Fr-Sa
1,0.9,0.09999999999999998,GLS,31319,6,4180.379543747179,Mo-Di-Mi-Do-Fr-Sa
1,0.9,0.09999999999999998,GLS,31515,6,8256.921895152971,Mo-Di-Mi-Do-Fr-Sa
1,0.9,0.09999999999999998,GLS,31535,6,10499.401507100236,Mo-Di-Mi-Do-Fr-Sa
1,0.9,0.09999999999999998,GLS,31832,6,5063.723709467103,Mo-Di-Mi-Do-Fr-Sa
1,0.9,0.09999999999999998,Hermes,30159,6,5733.224620250021,Mo-Di-Mi-Do-Fr-Sa
1,0.9,0.09999999999999998,Hermes,30161,6,3199.481172195214,Mo-Di-Mi-Do-Fr-Sa
1,0.9,0.09999999999999998,Hermes,30163,6,3149.747408424128,Mo-Di-Mi-Do-Fr-Sa
1,0.9,0.09999999999999998,Hermes,30165,6,3068.6506500487,Mo-Di-Mi-Do-Fr-Sa
1,0.9,0.09999999999999998,Hermes,30167,6,4191.407588044548,Mo-Di-Mi-Do-Fr-Sa
1,0.9,0.09999999999999998,Hermes,30173,6,3381.0704854709033,Mo-Di-Mi-Do-Fr-Sa
1,0.9,0.09999999999999998,Hermes,30177,6,2890.100281124943,Mo-Di-Mi-Do-Fr-Sa
1,0.9,0.09999999999999998,Hermes,30179,6,2910.160615852085,Mo-Di-Mi-Do-Fr-Sa
1,0.9,0.09999999999999998,Hermes,30419,6,5349.858727332469,Mo-Di-Mi-Do-Fr-Sa
1,0.9,0.09999999999999998,Hermes,30449,6,4242.570999862953,Mo-Di-Mi-Do-Fr-Sa
1,0.9,0.09999999999999998,Hermes,30453,6,3492.5973865174465,Mo-Di-Mi-Do-Fr-Sa
1,0.9,0.09999999999999998,Hermes,30455,6,3483.007050591635,Mo-Di-Mi-Do-Fr-Sa
1,0.9,0.09999999999999998,Hermes,30457,6,3569.233546071827,Mo-Di-Mi-Do-Fr-Sa
1,0.9,0.09999999999999998,Hermes,30459,6,3465.6139132677736,Mo-Di-Mi-Do-Fr-Sa
1,0.9,0.09999999999999998,Hermes,30519,6,5059.54869015822,Mo-Di-Mi-Do-Fr-Sa
1,0.9,0.09999999999999998,Hermes,30539,6,3645.27178816927,Mo-Di-Mi-Do-Fr-Sa
1,0.9,0.09999999999999998,Hermes,30559,6,5354.545180144074,Mo-Di-Mi-Do-Fr-Sa
1,0.9,0.09999999999999998,Hermes,30625,6,3273.024738869934,Mo-Di-Mi-Do-Fr-Sa
1,0.9,0.09999999999999998,Hermes,30627,6,1800.235438802243,Mo-Di-Mi-Do-Fr-Sa
1,0.9,0.09999999999999998,Hermes,30629,6,3350.386872776183,Mo-Di-Mi-Do-Fr-Sa
1,0.9,0.09999999999999998,Hermes,30655,6,3431.0171455734962,Mo-Di-Mi-Do-Fr-Sa
1,0.9,0.09999999999999998,Hermes,30657,6,3111.094528158594,Mo-Di-Mi-Do-Fr-Sa
1,0.9,0.09999999999999998,Hermes,30659,6,3309.038695730729,Mo-Di-Mi-Do-Fr-Sa
1,0.9,0.09999999999999998,Hermes,30823,6,3990.3024874652046,Mo-Di-Mi-Do-Fr-Sa
1,0.9,0.09999999999999998,Hermes,30826,6,4128.411311124519,Mo-Di-Mi-Do-Fr-Sa
1,0.9,0.09999999999999998,Hermes,30827,6,3094.2868268624684,Mo-Di-Mi-Do-Fr-Sa
1,0.9,0.09999999999999998,Hermes,30851,6,2771.6415924617286,Mo-Di-Mi-Do-Fr-Sa
1,0.9,0.09999999999999998,Hermes,30853,6,2517.942276990752,Mo-Di-Mi-Do-Fr-Sa
1,0.9,0.09999999999999998,Hermes,30855,6,8779.652974651703,Mo-Di-Mi-Do-Fr-Sa
1,0.9,0.09999999999999998,Hermes,30880,6,6557.610295895224,Mo-Di-Mi-Do-Fr-Sa
1,0.9,0.09999999999999998,Hermes,30890,6,7809.555367111947,Mo-Di-Mi-Do-Fr-Sa
1,0.9,0.09999999999999998,Hermes,30900,6,7214.925875920487,Mo-Di-Mi-Do-Fr-Sa
1,0.9,0.09999999999999998,Hermes,30916,6,5828.192709584215,Mo-Di-Mi-Do-Fr-Sa
1,0.9,0.09999999999999998,Hermes,30926,6,6011.173799751178,Mo-Di-Mi-Do-Fr-Sa
1,0.9,0.09999999999999998,Hermes,30938,6,5828.804691204429,Mo-Di-Mi-Do-Fr-Sa
1,0.9,0.09999999999999998,Hermes,30952,6,4970.456535421607,Mo-Di-Mi-Do-Fr-Sa
1,0.9,0.09999999999999998,Hermes,30966,6,4366.584680259732,Mo-Di-Mi-Do-Fr-Sa
1,0.9,0.09999999999999998,Hermes,30974,6,4410.144825608362,Mo-Di-Mi-Do-Fr-Sa
1,0.9,0.09999999999999998,Hermes,30982,6,4427.074150417707,Mo-Di-Mi-Do-Fr-Sa
1,0.9,0.09999999999999998,Hermes,30989,6,4157.952995024617,Mo-Di-Mi-Do-Fr-Sa
1,0.9,0.09999999999999998,Hermes,31275,6,9028.68038608271,Mo-Di-Mi-Do-Fr-Sa
1,0.9,0.09999999999999998,Hermes,31303,6,7250.99937144573,Mo-Di-Mi-Do-Fr-Sa
1,0.9,0.09999999999999998,Hermes,31311,6,6890.503183739214,Mo-Di-Mi-Do-Fr-Sa
1,0.9,0.09999999999999998,Hermes,31319,6,7188.758708235467,Mo-Di-Mi-Do-Fr-Sa
1,0.9,0.09999999999999998,Hermes,31515,6,8767.215399032415,Mo-Di-Mi-Do-Fr-Sa
1,0.9,0.09999999999999998,Hermes,31535,6,10757.266852596395,Mo-Di-Mi-Do-Fr-Sa
1,0.9,0.09999999999999998,Hermes,31832,6,8382.154012315681,Mo-Di-Mi-Do-Fr-Sa
1,0.9,0.09999999999999998,UPS,30159,6,14317.480235229965,Mo-Di-Mi-Do-Fr-Sa
1,0.9,0.09999999999999998,UPS,30161,6,5890.635111592997,Mo-Di-Mi-Do-Fr-Sa
1,0.9,0.09999999999999998,UPS,30163,6,6349.944745490952,Mo-Di-Mi-Do-Fr-Sa
1,0.9,0.09999999999999998,UPS,30165,6,3734.612092283068,Mo-Di-Mi-Do-Fr-Sa
1,0.9,0.09999999999999998,UPS,30167,6,5814.4595762356885,Mo-Di-Mi-Do-Fr-Sa
1,0.9,0.09999999999999998,UPS,30419,6,3394.8772470909635,Mo-Di-Mi-Do-Fr-Sa
1,0.9,0.09999999999999998,UPS,30449,6,6674.182899507537,Mo-Di-Mi-Do-Fr-Sa
1,0.9,0.09999999999999998,UPS,30453,6,3351.1237228460413,Mo-Di-Mi-Do-Fr-Sa
1,0.9,0.09999999999999998,UPS,30455,6,1996.1301130016752,Mo-Di-Mi-Do-Fr-Sa
1,0.9,0.09999999999999998,UPS,30457,6,2082.9256820867663,Mo-Di-Mi-Do-Fr-Sa
1,0.9,0.09999999999999998,UPS,30519,6,4973.9315352734,Mo-Di-Mi-Do-Fr-Sa
1,0.9,0.09999999999999998,UPS,30539,6,4485.850061676111,Mo-Di-Mi-Do-Fr-Sa
1,0.9,0.09999999999999998,UPS,30559,6,4939.1329806155645,Mo-Di-Mi-Do-Fr-Sa
1,0.9,0.09999999999999998,UPS,30625,6,4339.667231631438,Mo-Di-Mi-Do-Fr-Sa
1,0.9,0.09999999999999998,UPS,30655,6,2094.0257327831955,Mo-Di-Mi-Do-Fr-Sa
1,0.9,0.09999999999999998,UPS,30657,6,4716.19795217861,Mo-Di-Mi-Do-Fr-Sa
1,0.9,0.09999999999999998,UPS,30659,6,3619.59971665554,Mo-Di-Mi-Do-Fr-Sa
1,0.9,0.09999999999999998,UPS,30823,6,3052.1704739423803,Mo-Di-Mi-Do-Fr-Sa
1,0.9,0.09999999999999998,UPS,30826,6,2042.7216152816727,Mo-Di-Mi-Do-Fr-Sa
1,0.9,0.09999999999999998,UPS,30827,6,3318.772929682461,Mo-Di-Mi-Do-Fr-Sa
1,0.9,0.09999999999999998,UPS,30853,6,4528.522142755246,Mo-Di-Mi-Do-Fr-Sa
1,0.9,0.09999999999999998,UPS,30855,6,12308.304707064348,Mo-Di-Mi-Do-Fr-Sa
1,0.9,0.09999999999999998,UPS,30880,6,6984.527492927398,Mo-Di-Mi-Do-Fr-Sa
1,0.9,0.09999999999999998,UPS,30890,6,4599.930410969343,Mo-Di-Mi-Do-Fr-Sa
1,0.9,0.09999999999999998,UPS,30900,6,5015.522672116011,Mo-Di-Mi-Do-Fr-Sa
1,0.9,0.09999999999999998,UPS,30916,6,5894.597782277826,Mo-Di-Mi-Do-Fr-Sa
1,0.9,0.09999999999999998,UPS,30926,6,3979.540646149894,Mo-Di-Mi-Do-Fr-Sa
1,0.9,0.09999999999999998,UPS,30938,6,5900.509623828604,Mo-Di-Mi-Do-Fr-Sa
1,0.9,0.09999999999999998,UPS,30952,6,3623.86551862089,Mo-Di-Mi-Do-Fr-Sa
1,0.9,0.09999999999999998,UPS,30966,6,3458.283671063921,Mo-Di-Mi-Do-Fr-Sa
1,0.9,0.09999999999999998,UPS,30974,6,2944.0941408457325,Mo-Di-Mi-Do-Fr-Sa
1,0.9,0.09999999999999998,UPS,30982,6,3021.3027147961793,Mo-Di-Mi-Do-Fr-Sa
1,0.9,0.09999999999999998,UPS,30989,6,3076.746244653496,Mo-Di-Mi-Do-Fr-Sa
1,0.9,0.09999999999999998,UPS,31275,6,6655.257075966285,Mo-Di-Mi-Do-Fr-Sa
1,0.9,0.09999999999999998,UPS,31303,6,4510.316706152553,Mo-Di-Mi-Do-Fr-Sa
1,0.9,0.09999999999999998,UPS,31311,6,4373.121879073002,Mo-Di-Mi-Do-Fr-Sa
1,0.9,0.09999999999999998,UPS,31319,6,3620.0013358882434,Mo-Di-Mi-Do-Fr-Sa
1,0.9,0.09999999999999998,UPS,31515,6,6735.40640345356,Mo-Di-Mi-Do-Fr-Sa
1,0.9,0.09999999999999998,UPS,31535,6,7613.836771350983,Mo-Di-Mi-Do-Fr-Sa
1,0.9,0.09999999999999998,UPS,31832,6,5105.054625543156,Mo-Di-Mi-Do-Fr-Sa
1,1.0,0.0,Amazon,30159,6,11687.758591886499,Mo-Di-Mi-Do-Fr-Sa
1,1.0,0.0,Amazon,30161,6,6198.076199381901,Mo-Di-Mi-Do-Fr-Sa
1,1.0,0.0,Amazon,30163,6,5887.274416922319,Mo-Di-Mi-Do-Fr-Sa
1,1.0,0.0,Amazon,30165,6,4696.3632925800775,Mo-Di-Mi-Do-Fr-Sa
1,1.0,0.0,Amazon,30167,6,7124.980941103149,Mo-Di-Mi-Do-Fr-Sa
1,1.0,0.0,Amazon,30173,6,5184.403263125373,Mo-Di-Mi-Do-Fr-Sa
1,1.0,0.0,Amazon,30177,6,4295.3755099319715,Mo-Di-Mi-Do-Fr-Sa
1,1.0,0.0,Amazon,30179,6,4357.442561887894,Mo-Di-Mi-Do-Fr-Sa
1,1.0,0.0,Amazon,30419,6,8685.332684443236,Mo-Di-Mi-Do-Fr-Sa
1,1.0,0.0,Amazon,30449,6,6930.958642387422,Mo-Di-Mi-Do-Fr-Sa
1,1.0,0.0,Amazon,30453,6,4953.369950665476,Mo-Di-Mi-Do-Fr-Sa
1,1.0,0.0,Amazon,30455,6,4733.969914501729,Mo-Di-Mi-Do-Fr-Sa
1,1.0,0.0,Amazon,30457,6,4861.272760888753,Mo-Di-Mi-Do-Fr-Sa
1,1.0,0.0,Amazon,30459,6,4721.113690320388,Mo-Di-Mi-Do-Fr-Sa
1,1.0,0.0,Amazon,30519,6,7989.408733574742,Mo-Di-Mi-Do-Fr-Sa
1,1.0,0.0,Amazon,30539,6,5232.56483537078,Mo-Di-Mi-Do-Fr-Sa
1,1.0,0.0,Amazon,30559,6,7936.80103693811,Mo-Di-Mi-Do-Fr-Sa
1,1.0,0.0,Amazon,30625,6,4833.5787808117675,Mo-Di-Mi-Do-Fr-Sa
1,1.0,0.0,Amazon,30627,6,3579.2895236259706,Mo-Di-Mi-Do-Fr-Sa
1,1.0,0.0,Amazon,30629,6,4483.669440977608,Mo-Di-Mi-Do-Fr-Sa
1,1.0,0.0,Amazon,30655,6,5134.034576870573,Mo-Di-Mi-Do-Fr-Sa
1,1.0,0.0,Amazon,30657,6,5211.641795669652,Mo-Di-Mi-Do-Fr-Sa
1,1.0,0.0,Amazon,30659,6,4808.930135185106,Mo-Di-Mi-Do-Fr-Sa
1,1.0,0.0,Amazon,30823,6,5492.8333908221575,Mo-Di-Mi-Do-Fr-Sa
1,1.0,0.0,Amazon,30826,6,5309.400426435489,Mo-Di-Mi-Do-Fr-Sa
1,1.0,0.0,Amazon,30827,6,4406.282253025094,Mo-Di-Mi-Do-Fr-Sa
1,1.0,0.0,Amazon,30851,6,4461.2266132019995,Mo-Di-Mi-Do-Fr-Sa
1,1.0,0.0,Amazon,30853,6,4295.473522234693,Mo-Di-Mi-Do-Fr-Sa
1,1.0,0.0,Amazon,30855,6,16425.713131956443,Mo-Di-Mi-Do-Fr-Sa
1,1.0,0.0,Amazon,30880,6,10836.49486333059,Mo-Di-Mi-Do-Fr-Sa
1,1.0,0.0,Amazon,30890,6,9949.99293278101,Mo-Di-Mi-Do-Fr-Sa
1,1.0,0.0,Amazon,30900,6,11733.296749095527,Mo-Di-Mi-Do-Fr-Sa
1,1.0,0.0,Amazon,30916,6,9943.63733060065,Mo-Di-Mi-Do-Fr-Sa
1,1.0,0.0,Amazon,30926,6,8780.42111083368,Mo-Di-Mi-Do-Fr-Sa
1,1.0,0.0,Amazon,30938,6,8932.3523870359,Mo-Di-Mi-Do-Fr-Sa
1,1.0,0.0,Amazon,30952,6,6792.522249966714,Mo-Di-Mi-Do-Fr-Sa
1,1.0,0.0,Amazon,30966,6,6753.487289755222,Mo-Di-Mi-Do-Fr-Sa
1,1.0,0.0,Amazon,30974,6,5185.498167842292,Mo-Di-Mi-Do-Fr-Sa
1,1.0,0.0,Amazon,30982,6,5545.048582884666,Mo-Di-Mi-Do-Fr-Sa
1,1.0,0.0,Amazon,30989,6,5239.8327189564525,Mo-Di-Mi-Do-Fr-Sa
1,1.0,0.0,Amazon,31275,6,14011.694458512184,Mo-Di-Mi-Do-Fr-Sa
1,1.0,0.0,Amazon,31303,6,10292.592352807045,Mo-Di-Mi-Do-Fr-Sa
1,1.0,0.0,Amazon,31311,6,8647.386430120578,Mo-Di-Mi-Do-Fr-Sa
1,1.0,0.0,Amazon,31319,6,9006.598190484336,Mo-Di-Mi-Do-Fr-Sa
1,1.0,0.0,Amazon,31515,6,12109.355310297444,Mo-Di-Mi-Do-Fr-Sa
1,1.0,0.0,Amazon,31535,6,14649.713985934406,Mo-Di-Mi-Do-Fr-Sa
1,1.0,0.0,Amazon,31832,6,10630.27600706838,Mo-Di-Mi-Do-Fr-Sa
1,1.0,0.0,DHL,30159,6,21425.132453693925,Mo-Di-Mi-Do-Fr-Sa
1,1.0,0.0,DHL,30161,6,10896.842490106472,Mo-Di-Mi-Do-Fr-Sa
1,1.0,0.0,DHL,30163,6,9949.803363797471,Mo-Di-Mi-Do-Fr-Sa
1,1.0,0.0,DHL,30165,6,8802.876567972335,Mo-Di-Mi-Do-Fr-Sa
1,1.0,0.0,DHL,30167,6,13153.912834635783,Mo-Di-Mi-Do-Fr-Sa
1,1.0,0.0,DHL,30169,6,5443.510365830029,Mo-Di-Mi-Do-Fr-Sa
1,1.0,0.0,DHL,30173,6,9027.275959686367,Mo-Di-Mi-Do-Fr-Sa
1,1.0,0.0,DHL,30177,6,6801.611388745387,Mo-Di-Mi-Do-Fr-Sa
1,1.0,0.0,DHL,30179,6,7025.737693154014,Mo-Di-Mi-Do-Fr-Sa
1,1.0,0.0,DHL,30419,6,15488.762582133773,Mo-Di-Mi-Do-Fr-Sa
1,1.0,0.0,DHL,30449,6,7469.2241491514915,Mo-Di-Mi-Do-Fr-Sa
1,1.0,0.0,DHL,30453,6,8951.952033907073,Mo-Di-Mi-Do-Fr-Sa
1,1.0,0.0,DHL,30455,6,7533.4371442876145,Mo-Di-Mi-Do-Fr-Sa
1,1.0,0.0,DHL,30457,6,7270.894456096109,Mo-Di-Mi-Do-Fr-Sa
1,1.0,0.0,DHL,30459,6,6651.002162382179,Mo-Di-Mi-Do-Fr-Sa
1,1.0,0.0,DHL,30519,6,13272.168787294228,Mo-Di-Mi-Do-Fr-Sa
1,1.0,0.0,DHL,30539,6,9349.501232628127,Mo-Di-Mi-Do-Fr-Sa
1,1.0,0.0,DHL,30559,6,12373.65925832722,Mo-Di-Mi-Do-Fr-Sa
1,1.0,0.0,DHL,30625,6,8096.802842174482,Mo-Di-Mi-Do-Fr-Sa
1,1.0,0.0,DHL,30627,6,5606.363090833329,Mo-Di-Mi-Do-Fr-Sa
1,1.0,0.0,DHL,30629,6,6766.974846046077,Mo-Di-Mi-Do-Fr-Sa
1,1.0,0.0,DHL,30655,6,8869.786833512764,Mo-Di-Mi-Do-Fr-Sa
1,1.0,0.0,DHL,30657,6,9992.167827012736,Mo-Di-Mi-Do-Fr-Sa
1,1.0,0.0,DHL,30659,6,7898.329610710899,Mo-Di-Mi-Do-Fr-Sa
1,1.0,0.0,DHL,30823,6,10208.877886178407,Mo-Di-Mi-Do-Fr-Sa
1,1.0,0.0,DHL,30826,6,9412.56972551855,Mo-Di-Mi-Do-Fr-Sa
1,1.0,0.0,DHL,30827,6,8625.617953447312,Mo-Di-Mi-Do-Fr-Sa
1,1.0,0.0,DHL,30851,6,7140.564548697186,Mo-Di-Mi-Do-Fr-Sa
1,1.0,0.0,DHL,30853,6,7954.150022203881,Mo-Di-Mi-Do-Fr-Sa
1,1.0,0.0,DHL,30855,6,32552.34432866005,Mo-Di-Mi-Do-Fr-Sa
1,1.0,0.0,DHL,30880,6,18007.36898635567,Mo-Di-Mi-Do-Fr-Sa
1,1.0,0.0,DHL,30890,6,15947.754646399117,Mo-Di-Mi-Do-Fr-Sa
1,1.0,0.0,DHL,30900,6,18229.388928763692,Mo-Di-Mi-Do-Fr-Sa
1,1.0,0.0,DHL,30916,6,17734.269551035948,Mo-Di-Mi-Do-Fr-Sa
1,1.0,0.0,DHL,30926,6,14434.82758928225,Mo-Di-Mi-Do-Fr-Sa
1,1.0,0.0,DHL,30938,6,14554.779241554967,Mo-Di-Mi-Do-Fr-Sa
1,1.0,0.0,DHL,30952,6,11365.430112451975,Mo-Di-Mi-Do-Fr-Sa
1,1.0,0.0,DHL,30966,6,10624.352717702506,Mo-Di-Mi-Do-Fr-Sa
1,1.0,0.0,DHL,30974,6,7703.025014293544,Mo-Di-Mi-Do-Fr-Sa
1,1.0,0.0,DHL,30982,6,8234.46117714012,Mo-Di-Mi-Do-Fr-Sa
1,1.0,0.0,DHL,30989,6,8649.900505408892,Mo-Di-Mi-Do-Fr-Sa
1,1.0,0.0,DHL,31275,6,20741.197757085225,Mo-Di-Mi-Do-Fr-Sa
1,1.0,0.0,DHL,31303,6,13739.115623819012,Mo-Di-Mi-Do-Fr-Sa
1,1.0,0.0,DHL,31311,6,10648.959166588764,Mo-Di-Mi-Do-Fr-Sa
1,1.0,0.0,DHL,31319,6,12210.553941257438,Mo-Di-Mi-Do-Fr-Sa
1,1.0,0.0,DHL,31515,6,20814.204304395767,Mo-Di-Mi-Do-Fr-Sa
1,1.0,0.0,DHL,31535,6,21637.256139647427,Mo-Di-Mi-Do-Fr-Sa
1,1.0,0.0,DHL,31832,6,14443.460212265947,Mo-Di-Mi-Do-Fr-Sa
1,1.0,0.0,DPD,30159,6,6745.43642982665,Mo-Di-Mi-Do-Fr-Sa
1,1.0,0.0,DPD,30161,6,3572.3066172774998,Mo-Di-Mi-Do-Fr-Sa
1,1.0,0.0,DPD,30163,6,3334.016654677259,Mo-Di-Mi-Do-Fr-Sa
1,1.0,0.0,DPD,30165,6,3220.920457383544,Mo-Di-Mi-Do-Fr-Sa
1,1.0,0.0,DPD,30167,6,4575.293145375498,Mo-Di-Mi-Do-Fr-Sa
1,1.0,0.0,DPD,30173,6,3028.2905288174024,Mo-Di-Mi-Do-Fr-Sa
1,1.0,0.0,DPD,30177,6,2209.9404705919,Mo-Di-Mi-Do-Fr-Sa
1,1.0,0.0,DPD,30179,6,2456.3548464568607,Mo-Di-Mi-Do-Fr-Sa
1,1.0,0.0,DPD,30419,6,5265.1161318874765,Mo-Di-Mi-Do-Fr-Sa
1,1.0,0.0,DPD,30449,6,4228.42693330016,Mo-Di-Mi-Do-Fr-Sa
1,1.0,0.0,DPD,30453,6,3642.2344276936155,Mo-Di-Mi-Do-Fr-Sa
1,1.0,0.0,DPD,30455,6,3096.4884420991384,Mo-Di-Mi-Do-Fr-Sa
1,1.0,0.0,DPD,30457,6,3033.5474025044095,Mo-Di-Mi-Do-Fr-Sa
1,1.0,0.0,DPD,30459,6,2600.91439635438,Mo-Di-Mi-Do-Fr-Sa
1,1.0,0.0,DPD,30519,6,4320.607386569162,Mo-Di-Mi-Do-Fr-Sa
1,1.0,0.0,DPD,30539,6,3413.7063659864443,Mo-Di-Mi-Do-Fr-Sa
1,1.0,0.0,DPD,30559,6,3962.3984605122114,Mo-Di-Mi-Do-Fr-Sa
1,1.0,0.0,DPD,30625,6,2850.320934681696,Mo-Di-Mi-Do-Fr-Sa
1,1.0,0.0,DPD,30627,6,1702.8075328692416,Mo-Di-Mi-Do-Fr-Sa
1,1.0,0.0,DPD,30629,6,2022.2450338148715,Mo-Di-Mi-Do-Fr-Sa
1,1.0,0.0,DPD,30655,6,2962.2877870695056,Mo-Di-Mi-Do-Fr-Sa
1,1.0,0.0,DPD,30657,6,3491.1799180397643,Mo-Di-Mi-Do-Fr-Sa
1,1.0,0.0,DPD,30659,6,2618.465789423123,Mo-Di-Mi-Do-Fr-Sa
1,1.0,0.0,DPD,30823,6,3865.0840833133775,Mo-Di-Mi-Do-Fr-Sa
1,1.0,0.0,DPD,30826,6,4450.281781439314,Mo-Di-Mi-Do-Fr-Sa
1,1.0,0.0,DPD,30827,6,3608.8593533036596,Mo-Di-Mi-Do-Fr-Sa
1,1.0,0.0,DPD,30851,6,2478.115916251141,Mo-Di-Mi-Do-Fr-Sa
1,1.0,0.0,DPD,30853,6,3139.9824024159293,Mo-Di-Mi-Do-Fr-Sa
1,1.0,0.0,DPD,30855,6,9902.157549572998,Mo-Di-Mi-Do-Fr-Sa
1,1.0,0.0,DPD,30880,6,5724.1369426636065,Mo-Di-Mi-Do-Fr-Sa
1,1.0,0.0,DPD,30890,6,7366.859287260241,Mo-Di-Mi-Do-Fr-Sa
1,1.0,0.0,DPD,30900,6,7907.913020603282,Mo-Di-Mi-Do-Fr-Sa
1,1.0,0.0,DPD,30916,6,5461.8560724360295,Mo-Di-Mi-Do-Fr-Sa
1,1.0,0.0,DPD,30926,6,6554.51545291052,Mo-Di-Mi-Do-Fr-Sa
1,1.0,0.0,DPD,30938,6,5375.687534132779,Mo-Di-Mi-Do-Fr-Sa
1,1.0,0.0,DPD,30952,6,4561.479157316165,Mo-Di-Mi-Do-Fr-Sa
1,1.0,0.0,DPD,30966,6,4113.820061245529,Mo-Di-Mi-Do-Fr-Sa
1,1.0,0.0,DPD,30974,6,3896.9038698685263,Mo-Di-Mi-Do-Fr-Sa
1,1.0,0.0,DPD,30982,6,3830.721528900909,Mo-Di-Mi-Do-Fr-Sa
1,1.0,0.0,DPD,30989,6,3946.0731716166256,Mo-Di-Mi-Do-Fr-Sa
1,1.0,0.0,DPD,31275,6,6769.754123240408,Mo-Di-Mi-Do-Fr-Sa
1,1.0,0.0,DPD,31303,6,5382.263541335347,Mo-Di-Mi-Do-Fr-Sa
1,1.0,0.0,DPD,31311,6,5057.5443785598,Mo-Di-Mi-Do-Fr-Sa
1,1.0,0.0,DPD,31319,6,4322.920564726374,Mo-Di-Mi-Do-Fr-Sa
1,1.0,0.0,DPD,31515,6,8514.010022868573,Mo-Di-Mi-Do-Fr-Sa
1,1.0,0.0,DPD,31535,6,10445.230487214772,Mo-Di-Mi-Do-Fr-Sa
1,1.0,0.0,DPD,31832,6,6946.620478408022,Mo-Di-Mi-Do-Fr-Sa
1,1.0,0.0,FedEx,30159,6,12718.231786828019,Mo-Di-Mi-Do-Fr-Sa
1,1.0,0.0,FedEx,30161,6,5117.62082484508,Mo-Di-Mi-Do-Fr-Sa
1,1.0,0.0,FedEx,30163,6,7975.018302233126,Mo-Di-Mi-Do-Fr-Sa
1,1.0,0.0,FedEx,30167,6,5034.453120713282,Mo-Di-Mi-Do-Fr-Sa
1,1.0,0.0,FedEx,30419,6,3180.1259661691156,Mo-Di-Mi-Do-Fr-Sa
1,1.0,0.0,FedEx,30449,6,5070.480072832069,Mo-Di-Mi-Do-Fr-Sa
1,1.0,0.0,FedEx,30453,6,3293.4750889307907,Mo-Di-Mi-Do-Fr-Sa
1,1.0,0.0,FedEx,30455,6,1946.7438791667537,Mo-Di-Mi-Do-Fr-Sa
1,1.0,0.0,FedEx,30457,6,2044.72202905335,Mo-Di-Mi-Do-Fr-Sa
1,1.0,0.0,FedEx,30519,6,4212.967113206203,Mo-Di-Mi-Do-Fr-Sa
1,1.0,0.0,FedEx,30539,6,4152.305372826759,Mo-Di-Mi-Do-Fr-Sa
1,1.0,0.0,FedEx,30559,6,5277.723812006553,Mo-Di-Mi-Do-Fr-Sa
1,1.0,0.0,FedEx,30625,6,3793.496546922467,Mo-Di-Mi-Do-Fr-Sa
1,1.0,0.0,FedEx,30655,6,3433.7185775447538,Mo-Di-Mi-Do-Fr-Sa
1,1.0,0.0,FedEx,30657,6,4470.593996761694,Mo-Di-Mi-Do-Fr-Sa
1,1.0,0.0,FedEx,30823,6,1961.9849632795315,Mo-Di-Mi-Do-Fr-Sa
1,1.0,0.0,FedEx,30827,6,4096.161855811475,Mo-Di-Mi-Do-Fr-Sa
1,1.0,0.0,FedEx,30853,6,4453.819539562914,Mo-Di-Mi-Do-Fr-Sa
1,1.0,0.0,FedEx,30855,6,11312.376813579114,Mo-Di-Mi-Do-Fr-Sa
1,1.0,0.0,FedEx,30880,6,5741.552839090982,Mo-Di-Mi-Do-Fr-Sa
1,1.0,0.0,FedEx,30890,6,3997.7414623067557,Mo-Di-Mi-Do-Fr-Sa
1,1.0,0.0,FedEx,30900,6,4635.623792045639,Mo-Di-Mi-Do-Fr-Sa
1,1.0,0.0,FedEx,30916,6,5240.3696223713005,Mo-Di-Mi-Do-Fr-Sa
1,1.0,0.0,FedEx,30926,6,3401.7660373946965,Mo-Di-Mi-Do-Fr-Sa
1,1.0,0.0,FedEx,30938,6,5545.461756733482,Mo-Di-Mi-Do-Fr-Sa
1,1.0,0.0,FedEx,30952,6,2775.4512231381723,Mo-Di-Mi-Do-Fr-Sa
1,1.0,0.0,FedEx,30966,6,2488.5376856129433,Mo-Di-Mi-Do-Fr-Sa
1,1.0,0.0,FedEx,30974,6,2391.637007376545,Mo-Di-Mi-Do-Fr-Sa
1,1.0,0.0,FedEx,30982,6,2379.2604748942445,Mo-Di-Mi-Do-Fr-Sa
1,1.0,0.0,FedEx,30989,6,2431.4853535221046,Mo-Di-Mi-Do-Fr-Sa
1,1.0,0.0,FedEx,31275,6,5124.1511973038305,Mo-Di-Mi-Do-Fr-Sa
1,1.0,0.0,FedEx,31303,6,4123.924879749779,Mo-Di-Mi-Do-Fr-Sa
1,1.0,0.0,FedEx,31311,6,2818.577694291381,Mo-Di-Mi-Do-Fr-Sa
1,1.0,0.0,FedEx,31319,6,2899.0915841222704,Mo-Di-Mi-Do-Fr-Sa
1,1.0,0.0,FedEx,31515,6,5042.452261301043,Mo-Di-Mi-Do-Fr-Sa
1,1.0,0.0,FedEx,31535,6,6096.402065541078,Mo-Di-Mi-Do-Fr-Sa
1,1.0,0.0,FedEx,31832,6,4579.1852282655655,Mo-Di-Mi-Do-Fr-Sa
1,1.0,0.0,GLS,30159,6,4642.731630176733,Mo-Di-Mi-Do-Fr-Sa
1,1.0,0.0,GLS,30161,6,2986.081313787293,Mo-Di-Mi-Do-Fr-Sa
1,1.0,0.0,GLS,30163,6,4573.00549257944,Mo-Di-Mi-Do-Fr-Sa
1,1.0,0.0,GLS,30165,6,2405.2247120162715,Mo-Di-Mi-Do-Fr-Sa
1,1.0,0.0,GLS,30167,6,3599.9610348639785,Mo-Di-Mi-Do-Fr-Sa
1,1.0,0.0,GLS,30173,6,2467.3206708480106,Mo-Di-Mi-Do-Fr-Sa
1,1.0,0.0,GLS,30179,6,2030.2594095239801,Mo-Di-Mi-Do-Fr-Sa
1,1.0,0.0,GLS,30419,6,4965.41823609136,Mo-Di-Mi-Do-Fr-Sa
1,1.0,0.0,GLS,30449,6,3622.3194063359115,Mo-Di-Mi-Do-Fr-Sa
1,1.0,0.0,GLS,30453,6,3220.8486215837556,Mo-Di-Mi-Do-Fr-Sa
1,1.0,0.0,GLS,30455,6,2710.1642671316163,Mo-Di-Mi-Do-Fr-Sa
1,1.0,0.0,GLS,30457,6,2439.5045011125458,Mo-Di-Mi-Do-Fr-Sa
1,1.0,0.0,GLS,30459,6,1876.236727895414,Mo-Di-Mi-Do-Fr-Sa
1,1.0,0.0,GLS,30519,6,3552.9135868219814,Mo-Di-Mi-Do-Fr-Sa
1,1.0,0.0,GLS,30539,6,2447.219634346096,Mo-Di-Mi-Do-Fr-Sa
1,1.0,0.0,GLS,30559,6,3755.0680366461006,Mo-Di-Mi-Do-Fr-Sa
1,1.0,0.0,GLS,30625,6,2210.8683733501316,Mo-Di-Mi-Do-Fr-Sa
1,1.0,0.0,GLS,30627,6,1794.681684046207,Mo-Di-Mi-Do-Fr-Sa
1,1.0,0.0,GLS,30629,6,2094.2697610443015,Mo-Di-Mi-Do-Fr-Sa
1,1.0,0.0,GLS,30655,6,3084.925174317692,Mo-Di-Mi-Do-Fr-Sa
1,1.0,0.0,GLS,30657,6,2844.2755580556222,Mo-Di-Mi-Do-Fr-Sa
1,1.0,0.0,GLS,30659,6,2165.5626302364476,Mo-Di-Mi-Do-Fr-Sa
1,1.0,0.0,GLS,30823,6,3924.3738476586004,Mo-Di-Mi-Do-Fr-Sa
1,1.0,0.0,GLS,30826,6,4450.709602332494,Mo-Di-Mi-Do-Fr-Sa
1,1.0,0.0,GLS,30827,6,3074.664687517894,Mo-Di-Mi-Do-Fr-Sa
1,1.0,0.0,GLS,30851,6,2097.4205946859483,Mo-Di-Mi-Do-Fr-Sa
1,1.0,0.0,GLS,30853,6,2190.0844891648285,Mo-Di-Mi-Do-Fr-Sa
1,1.0,0.0,GLS,30855,6,7965.715090235543,Mo-Di-Mi-Do-Fr-Sa
1,1.0,0.0,GLS,30880,6,4410.166219280911,Mo-Di-Mi-Do-Fr-Sa
1,1.0,0.0,GLS,30890,6,6973.735884763185,Mo-Di-Mi-Do-Fr-Sa
1,1.0,0.0,GLS,30900,6,7362.540240615051,Mo-Di-Mi-Do-Fr-Sa
1,1.0,0.0,GLS,30916,6,4763.202136413941,Mo-Di-Mi-Do-Fr-Sa
1,1.0,0.0,GLS,30926,6,5231.578416246413,Mo-Di-Mi-Do-Fr-Sa
1,1.0,0.0,GLS,30938,6,5971.2996390760245,Mo-Di-Mi-Do-Fr-Sa
1,1.0,0.0,GLS,30952,6,4042.14874679477,Mo-Di-Mi-Do-Fr-Sa
1,1.0,0.0,GLS,30966,6,3507.0096481155524,Mo-Di-Mi-Do-Fr-Sa
1,1.0,0.0,GLS,30974,6,2912.392838204481,Mo-Di-Mi-Do-Fr-Sa
1,1.0,0.0,GLS,30982,6,2738.200143049824,Mo-Di-Mi-Do-Fr-Sa
1,1.0,0.0,GLS,30989,6,2798.376100761728,Mo-Di-Mi-Do-Fr-Sa
1,1.0,0.0,GLS,31275,6,6976.065105573762,Mo-Di-Mi-Do-Fr-Sa
1,1.0,0.0,GLS,31303,6,5973.506921190097,Mo-Di-Mi-Do-Fr-Sa
1,1.0,0.0,GLS,31311,6,4948.797517087573,Mo-Di-Mi-Do-Fr-Sa
1,1.0,0.0,GLS,31319,6,4180.379543747179,Mo-Di-Mi-Do-Fr-Sa
1,1.0,0.0,GLS,31515,6,8256.921895152971,Mo-Di-Mi-Do-Fr-Sa
1,1.0,0.0,GLS,31535,6,10499.401507100236,Mo-Di-Mi-Do-Fr-Sa
1,1.0,0.0,GLS,31832,6,5063.723709467103,Mo-Di-Mi-Do-Fr-Sa
1,1.0,0.0,Hermes,30159,6,5733.224620250021,Mo-Di-Mi-Do-Fr-Sa
1,1.0,0.0,Hermes,30161,6,3199.481172195214,Mo-Di-Mi-Do-Fr-Sa
1,1.0,0.0,Hermes,30163,6,3149.747408424128,Mo-Di-Mi-Do-Fr-Sa
1,1.0,0.0,Hermes,30165,6,3068.6506500487,Mo-Di-Mi-Do-Fr-Sa
1,1.0,0.0,Hermes,30167,6,4191.407588044548,Mo-Di-Mi-Do-Fr-Sa
1,1.0,0.0,Hermes,30173,6,3381.0704854709033,Mo-Di-Mi-Do-Fr-Sa
1,1.0,0.0,Hermes,30177,6,2890.100281124943,Mo-Di-Mi-Do-Fr-Sa
1,1.0,0.0,Hermes,30179,6,2910.160615852085,Mo-Di-Mi-Do-Fr-Sa
1,1.0,0.0,Hermes,30419,6,5349.858727332469,Mo-Di-Mi-Do-Fr-Sa
1,1.0,0.0,Hermes,30449,6,4242.570999862953,Mo-Di-Mi-Do-Fr-Sa
1,1.0,0.0,Hermes,30453,6,3492.5973865174465,Mo-Di-Mi-Do-Fr-Sa
1,1.0,0.0,Hermes,30455,6,3483.007050591635,Mo-Di-Mi-Do-Fr-Sa
1,1.0,0.0,Hermes,30457,6,3569.233546071827,Mo-Di-Mi-Do-Fr-Sa
1,1.0,0.0,Hermes,30459,6,3465.6139132677736,Mo-Di-Mi-Do-Fr-Sa
1,1.0,0.0,Hermes,30519,6,5059.54869015822,Mo-Di-Mi-Do-Fr-Sa
1,1.0,0.0,Hermes,30539,6,3645.27178816927,Mo-Di-Mi-Do-Fr-Sa
1,1.0,0.0,Hermes,30559,6,5354.545180144074,Mo-Di-Mi-Do-Fr-Sa
1,1.0,0.0,Hermes,30625,6,3273.024738869934,Mo-Di-Mi-Do-Fr-Sa
1,1.0,0.0,Hermes,30627,6,1800.235438802243,Mo-Di-Mi-Do-Fr-Sa
1,1.0,0.0,Hermes,30629,6,3350.386872776183,Mo-Di-Mi-Do-Fr-Sa
1,1.0,0.0,Hermes,30655,6,3431.0171455734962,Mo-Di-Mi-Do-Fr-Sa
1,1.0,0.0,Hermes,30657,6,3111.094528158594,Mo-Di-Mi-Do-Fr-Sa
1,1.0,0.0,Hermes,30659,6,3309.038695730729,Mo-Di-Mi-Do-Fr-Sa
1,1.0,0.0,Hermes,30823,6,3990.3024874652046,Mo-Di-Mi-Do-Fr-Sa
1,1.0,0.0,Hermes,30826,6,4128.411311124519,Mo-Di-Mi-Do-Fr-Sa
1,1.0,0.0,Hermes,30827,6,3094.2868268624684,Mo-Di-Mi-Do-Fr-Sa
1,1.0,0.0,Hermes,30851,6,2771.6415924617286,Mo-Di-Mi-Do-Fr-Sa
1,1.0,0.0,Hermes,30853,6,2517.942276990752,Mo-Di-Mi-Do-Fr-Sa
1,1.0,0.0,Hermes,30855,6,8779.652974651703,Mo-Di-Mi-Do-Fr-Sa
1,1.0,0.0,Hermes,30880,6,6557.610295895224,Mo-Di-Mi-Do-Fr-Sa
1,1.0,0.0,Hermes,30890,6,7809.555367111947,Mo-Di-Mi-Do-Fr-Sa
1,1.0,0.0,Hermes,30900,6,7214.925875920487,Mo-Di-Mi-Do-Fr-Sa
1,1.0,0.0,Hermes,30916,6,5828.192709584215,Mo-Di-Mi-Do-Fr-Sa
1,1.0,0.0,Hermes,30926,6,6011.173799751178,Mo-Di-Mi-Do-Fr-Sa
1,1.0,0.0,Hermes,30938,6,5828.804691204429,Mo-Di-Mi-Do-Fr-Sa
1,1.0,0.0,Hermes,30952,6,4970.456535421607,Mo-Di-Mi-Do-Fr-Sa
1,1.0,0.0,Hermes,30966,6,4366.584680259732,Mo-Di-Mi-Do-Fr-Sa
1,1.0,0.0,Hermes,30974,6,4410.144825608362,Mo-Di-Mi-Do-Fr-Sa
1,1.0,0.0,Hermes,30982,6,4427.074150417707,Mo-Di-Mi-Do-Fr-Sa
1,1.0,0.0,Hermes,30989,6,4157.952995024617,Mo-Di-Mi-Do-Fr-Sa
1,1.0,0.0,Hermes,31275,6,9028.68038608271,Mo-Di-Mi-Do-Fr-Sa
1,1.0,0.0,Hermes,31303,6,7250.99937144573,Mo-Di-Mi-Do-Fr-Sa
1,1.0,0.0,Hermes,31311,6,6890.503183739214,Mo-Di-Mi-Do-Fr-Sa
1,1.0,0.0,Hermes,31319,6,7188.758708235467,Mo-Di-Mi-Do-Fr-Sa
1,1.0,0.0,Hermes,31515,6,8767.215399032415,Mo-Di-Mi-Do-Fr-Sa
1,1.0,0.0,Hermes,31535,6,10757.266852596395,Mo-Di-Mi-Do-Fr-Sa
1,1.0,0.0,Hermes,31832,6,8382.154012315681,Mo-Di-Mi-Do-Fr-Sa
1,1.0,0.0,UPS,30159,6,14317.480235229965,Mo-Di-Mi-Do-Fr-Sa
1,1.0,0.0,UPS,30161,6,5890.635111592997,Mo-Di-Mi-Do-Fr-Sa
1,1.0,0.0,UPS,30163,6,6349.944745490952,Mo-Di-Mi-Do-Fr-Sa
1,1.0,0.0,UPS,30165,6,3734.612092283068,Mo-Di-Mi-Do-Fr-Sa
1,1.0,0.0,UPS,30167,6,5814.4595762356885,Mo-Di-Mi-Do-Fr-Sa
1,1.0,0.0,UPS,30419,6,3394.8772470909635,Mo-Di-Mi-Do-Fr-Sa
1,1.0,0.0,UPS,30449,6,6674.182899507537,Mo-Di-Mi-Do-Fr-Sa
1,1.0,0.0,UPS,30453,6,3351.1237228460413,Mo-Di-Mi-Do-Fr-Sa
1,1.0,0.0,UPS,30455,6,1996.1301130016752,Mo-Di-Mi-Do-Fr-Sa
1,1.0,0.0,UPS,30457,6,2082.9256820867663,Mo-Di-Mi-Do-Fr-Sa
1,1.0,0.0,UPS,30519,6,4973.9315352734,Mo-Di-Mi-Do-Fr-Sa
1,1.0,0.0,UPS,30539,6,4485.850061676111,Mo-Di-Mi-Do-Fr-Sa
1,1.0,0.0,UPS,30559,6,4939.1329806155645,Mo-Di-Mi-Do-Fr-Sa
1,1.0,0.0,UPS,30625,6,4339.667231631438,Mo-Di-Mi-Do-Fr-Sa
1,1.0,0.0,UPS,30655,6,2094.0257327831955,Mo-Di-Mi-Do-Fr-Sa
1,1.0,0.0,UPS,30657,6,4716.19795217861,Mo-Di-Mi-Do-Fr-Sa
1,1.0,0.0,UPS,30659,6,3619.59971665554,Mo-Di-Mi-Do-Fr-Sa
1,1.0,0.0,UPS,30823,6,3052.1704739423803,Mo-Di-Mi-Do-Fr-Sa
1,1.0,0.0,UPS,30826,6,2042.7216152816727,Mo-Di-Mi-Do-Fr-Sa
1,1.0,0.0,UPS,30827,6,3318.772929682461,Mo-Di-Mi-Do-Fr-Sa
1,1.0,0.0,UPS,30853,6,4528.522142755246,Mo-Di-Mi-Do-Fr-Sa
1,1.0,0.0,UPS,30855,6,12308.304707064348,Mo-Di-Mi-Do-Fr-Sa
1,1.0,0.0,UPS,30880,6,6984.527492927398,Mo-Di-Mi-Do-Fr-Sa
1,1.0,0.0,UPS,30890,6,4599.930410969343,Mo-Di-Mi-Do-Fr-Sa
1,1.0,0.0,UPS,30900,6,5015.522672116011,Mo-Di-Mi-Do-Fr-Sa
1,1.0,0.0,UPS,30916,6,5894.597782277826,Mo-Di-Mi-Do-Fr-Sa
1,1.0,0.0,UPS,30926,6,3979.540646149894,Mo-Di-Mi-Do-Fr-Sa
1,1.0,0.0,UPS,30938,6,5900.509623828604,Mo-Di-Mi-Do-Fr-Sa
1,1.0,0.0,UPS,30952,6,3623.86551862089,Mo-Di-Mi-Do-Fr-Sa
1,1.0,0.0,UPS,30966,6,3458.283671063921,Mo-Di-Mi-Do-Fr-Sa
1,1.0,0.0,UPS,30974,6,2944.0941408457325,Mo-Di-Mi-Do-Fr-Sa
1,1.0,0.0,UPS,30982,6,3021.3027147961793,Mo-Di-Mi-Do-Fr-Sa
1,1.0,0.0,UPS,30989,6,3076.746244653496,Mo-Di-Mi-Do-Fr-Sa
1,1.0,0.0,UPS,31275,6,6655.257075966285,Mo-Di-Mi-Do-Fr-Sa
1,1.0,0.0,UPS,31303,6,4510.316706152553,Mo-Di-Mi-Do-Fr-Sa
1,1.0,0.0,UPS,31311,6,4373.121879073002,Mo-Di-Mi-Do-Fr-Sa
1,1.0,0.0,UPS,31319,6,3620.0013358882434,Mo-Di-Mi-Do-Fr-Sa
1,1.0,0.0,UPS,31515,6,6735.40640345356,Mo-Di-Mi-Do-Fr-Sa
1,1.0,0.0,UPS,31535,6,7613.836771350983,Mo-Di-Mi-Do-Fr-Sa
1,1.0,0.0,UPS,31832,6,5105.054625543156,Mo-Di-Mi-Do-Fr-Sa
2,0.0,1.0,Amazon,30159,3,10414.489644910262,Mo-Mi-Fr
2,0.0,1.0,Amazon,30161,3,5454.382239525612,Mo-Mi-Fr
2,0.0,1.0,Amazon,30163,3,5316.228180812252,Mo-Mi-Fr
2,0.0,1.0,Amazon,30165,3,4273.06454804798,Mo-Mi-Fr
2,0.0,1.0,Amazon,30167,3,6466.380367088139,Di-Do-Sa
2,0.0,1.0,Amazon,30173,3,4667.283797838043,Mo-Mi-Fr
2,0.0,1.0,Amazon,30177,3,3618.7377588231675,Mo-Mi-Fr
2,0.0,1.0,Amazon,30179,3,3578.0422563024267,Mo-Mi-Fr
2,0.0,1.0,Amazon,30419,3,8002.855589597852,Mo-Mi-Fr
2,0.0,1.0,Amazon,30449,3,6254.777618909731,Di-Do-Sa
2,0.0,1.0,Amazon,30453,3,4448.616614373914,Mo-Mi-Fr
2,0.0,1.0,Amazon,30455,3,3998.9186939503675,Di-Do-Sa
2,0.0,1.0,Amazon,30457,3,4127.90827903464,Di-Do-Sa
2,0.0,1.0,Amazon,30459,3,3779.1266498407545,Mo-Mi-Fr
2,0.0,1.0,Amazon,30519,3,7307.452928942366,Di-Do-Sa
2,0.0,1.0,Amazon,30539,3,5126.955556710969,Mo-Mi-Fr
2,0.0,1.0,Amazon,30559,3,7141.657043809531,Di-Do-Sa
2,0.0,1.0,Amazon,30625,4,4194.632480176053,Di-Mi-Do-Sa
2,0.0,1.0,Amazon,30627,3,2953.950839629204,Di-Do-Sa
2,0.0,1.0,Amazon,30629,3,3629.8526243414253,Di-Do-Sa
2,0.0,1.0,Amazon,30655,4,4973.6388530613785,Mo-Di-Do-Fr
2,0.0,1.0,Amazon,30657,3,4846.198075588669,Mo-Mi-Fr
2,0.0,1.0,Amazon,30659,3,3927.5876975324354,Di-Do-Sa
2,0.0,1.0,Amazon,30823,3,4964.489137084989,Di-Do-Sa
2,0.0,1.0,Amazon,30826,3,4686.106958611797,Di-Do-Sa
2,0.0,1.0,Amazon,30827,3,4091.0547534309108,Di-Do-Sa
2,0.0,1.0,Amazon,30851,3,3517.4719387365176,Mo-Mi-Fr
2,0.0,1.0,Amazon,30853,3,3687.368909709777,Di-Do-Sa
2,0.0,1.0,Amazon,30855,3,14425.75639769655,Di-Do-Sa
2,0.0,1.0,Amazon,30880,3,9549.533138365729,Mo-Mi-Fr
2,0.0,1.0,Amazon,30890,3,8170.0833807027775,Mo-Mi-Fr
2,0.0,1.0,Amazon,30900,3,9380.134719774178,Di-Do-Sa
2,0.0,1.0,Amazon,30916,3,8123.070727012094,Mo-Mi-Fr
2,0.0,1.0,Amazon,30926,3,7377.771763408867,Di-Do-Sa
2,0.0,1.0,Amazon,30938,3,7414.499022252763,Di-Do-Sa
2,0.0,1.0,Amazon,30952,3,6174.708698552349,Di-Do-Sa
2,0.0,1.0,Amazon,30966,3,5991.860877193957,Mo-Mi-Fr
2,0.0,1.0,Amazon,30974,3,4341.078486316084,Mo-Mi-Fr
2,0.0,1.0,Amazon,30982,3,4560.813576797056,Di-Do-Sa
2,0.0,1.0,Amazon,30989,3,4127.7904401030255,Mo-Mi-Fr
2,0.0,1.0,Amazon,31275,3,12120.84632477547,Di-Do-Sa
2,0.0,1.0,Amazon,31303,3,8191.199067432195,Di-Do-Sa
2,0.0,1.0,Amazon,31311,3,6740.325759698148,Di-Do-Sa
2,0.0,1.0,Amazon,31319,3,7561.00793814753,Di-Do-Sa
2,0.0,1.0,Amazon,31515,3,10823.890910734794,Di-Do-Sa
2,0.0,1.0,Amazon,31535,3,12176.5336657539,Di-Do-Sa
2,0.0,1.0,Amazon,31832,3,8540.690147455163,Mo-Mi-Fr
2,0.0,1.0,DHL,30159,3,20538.623004700083,Di-Do-Sa
2,0.0,1.0,DHL,30161,3,10445.793936413593,Di-Do-Sa
2,0.0,1.0,DHL,30163,3,9526.21352482316,Di-Do-Sa
2,0.0,1.0,DHL,30165,3,8019.255433274582,Mo-Mi-Fr
2,0.0,1.0,DHL,30167,3,12616.447646678727,Di-Do-Sa
2,0.0,1.0,DHL,30169,3,5062.541439925266,Mo-Mi-Fr
2,0.0,1.0,DHL,30173,3,8566.824005652743,Mo-Mi-Fr
2,0.0,1.0,DHL,30177,3,6228.582406187598,Mo-Mi-Fr
2,0.0,1.0,DHL,30179,3,6224.359753693989,Di-Do-Sa
2,0.0,1.0,DHL,30419,3,14477.97123072896,Mo-Mi-Fr
2,0.0,1.0,DHL,30449,3,7070.610056726462,Mo-Mi-Fr
2,0.0,1.0,DHL,30453,3,8007.172297678124,Di-Do-Sa
2,0.0,1.0,DHL,30455,3,6619.194624821746,Mo-Mi-Fr
2,0.0,1.0,DHL,30457,3,6352.873894769824,Mo-Mi-Fr
2,0.0,1.0,DHL,30459,3,6136.315704665712,Di-Do-Sa
2,0.0,1.0,DHL,30519,3,12435.583597752007,Di-Do-Sa
2,0.0,1.0,DHL,30539,3,8202.3877864254,Di-Do-Sa
2,0.0,1.0,DHL,30559,3,11570.457799980695,Mo-Mi-Fr
2,0.0,1.0,DHL,30625,3,7129.033273997888,Mo-Mi-Fr
2,0.0,1.0,DHL,30627,3,5013.508525796615,Mo-Mi-Fr
2,0.0,1.0,DHL,30629,3,5743.066710380418,Mo-Mi-Fr
2,0.0,1.0,DHL,30655,3,8192.387763383402,Mo-Mi-Fr
2,0.0,1.0,DHL,30657,3,9199.268265574792,Di-Do-Sa
2,0.0,1.0,DHL,30659,3,7146.929067500661,Di-Do-Sa
2,0.0,1.0,DHL,30823,3,9115.119816265684,Mo-Mi-Fr
2,0.0,1.0,DHL,30826,3,8255.797188515508,Mo-Mi-Fr
2,0.0,1.0,DHL,30827,3,7828.3229138985025,Di-Do-Sa
2,0.0,1.0,DHL,30851,3,6662.1113064198635,Di-Do-Sa
2,0.0,1.0,DHL,30853,3,7367.895228985988,Mo-Mi-Fr
2,0.0,1.0,DHL,30855,3,29569.7888231323,Di-Do-Sa
2,0.0,1.0,DHL,30880,3,15966.917003008453,Di-Do-Sa
2,0.0,1.0,DHL,30890,3,14279.734608360322,Mo-Mi-Fr
2,0.0,1.0,DHL,30900,3,15130.292187546762,Di-Do-Sa
2,0.0,1.0,DHL,30916,3,15796.383858596926,Di-Do-Sa
2,0.0,1.0,DHL,30926,3,13166.113866596374,Mo-Mi-Fr
2,0.0,1.0,DHL,30938,3,13165.577237271467,Di-Do-Sa
2,0.0,1.0,DHL,30952,3,9779.862857011381,Mo-Mi-Fr
2,0.0,1.0,DHL,30966,3,9394.461695007416,Mo-Mi-Fr
2,0.0,1.0,DHL,30974,3,6548.4389411162265,Mo-Mi-Fr
2,0.0,1.0,DHL,30982,3,6867.808620423582,Mo-Mi-Fr
2,0.0,1.0,DHL,30989,3,7567.060044222756,Mo-Mi-Fr
2,0.0,1.0,DHL,31275,3,18374.714533679027,Di-Do-Sa
2,0.0,1.0,DHL,31303,3,12302.98961461801,Mo-Mi-Fr
2,0.0,1.0,DHL,31311,3,9315.800916707834,Di-Do-Sa
2,0.0,1.0,DHL,31319,3,10897.79067667269,Mo-Mi-Fr
2,0.0,1.0,DHL,31515,3,18565.89983630186,Mo-Mi-Fr
2,0.0,1.0,DHL,31535,3,18471.868732017087,Di-Do-Sa
2,0.0,1.0,DHL,31832,3,12304.519246176806,Mo-Mi-Fr
2,0.0,1.0,DPD,30159,3,6074.029273639012,Mo-Mi-Fr
2,0.0,1.0,DPD,30161,3,2884.4007118919308,Mo-Mi-Fr
2,0.0,1.0,DPD,30163,3,2797.7164447931837,Di-Do-Sa
2,0.0,1.0,DPD,30165,3,2393.723687984711,Mo-Mi-Fr
2,0.0,1.0,DPD,30167,3,3791.696001640138,Di-Do-Sa
2,0.0,1.0,DPD,30173,3,2328.009474026923,Mo-Mi-Fr
2,0.0,1.0,DPD,30177,3,1838.4689078925603,Di-Do-Sa
2,0.0,1.0,DPD,30179,3,1916.205222897105,Di-Do-Sa
2,0.0,1.0,DPD,30419,3,4140.480885516325,Mo-Mi-Fr
2,0.0,1.0,DPD,30449,3,3621.2201830662734,Di-Do-Sa
2,0.0,1.0,DPD,30453,3,2485.2913349893934,Di-Do-Sa
2,0.0,1.0,DPD,30455,3,2188.415119660878,Mo-Mi-Fr
2,0.0,1.0,DPD,30457,3,2143.7280909144474,Mo-Mi-Fr
2,0.0,1.0,DPD,30459,3,2048.6519409994,Di-Do-Sa
2,0.0,1.0,DPD,30519,3,3428.5266472383664,Di-Do-Sa
2,0.0,1.0,DPD,30539,3,2462.0561941144747,Mo-Mi-Fr
2,0.0,1.0,DPD,30559,3,2927.5422582636293,Mo-Mi-Fr
2,0.0,1.0,DPD,30625,3,2118.7411127174064,Mo-Mi-Fr
2,0.0,1.0,DPD,30627,3,1573.8758595295903,Di-Do-Sa
2,0.0,1.0,DPD,30629,3,1613.4677568155366,Mo-Mi-Fr
2,0.0,1.0,DPD,30655,3,2155.178177112364,Di-Do-Sa
2,0.0,1.0,DPD,30657,3,2508.905184139154,Mo-Mi-Fr
2,0.0,1.0,DPD,30659,3,2101.6796661753415,Di-Do-Sa
2,0.0,1.0,DPD,30823,3,3089.882631870506,Mo-Mi-Fr
2,0.0,1.0,DPD,30826,3,2896.716929308489,Di-Do-Sa
2,0.0,1.0,DPD,30827,3,2452.027559100716,Mo-Mi-Fr
2,0.0,1.0,DPD,30851,3,1958.034402225324,Di-Do-Sa
2,0.0,1.0,DPD,30853,3,2228.2863085542695,Mo-Mi-Fr
2,0.0,1.0,DPD,30855,3,8279.008596579015,Mo-Mi-Fr
2,0.0,1.0,DPD,30880,3,4536.793967184138,Di-Do-Sa
2,0.0,1.0,DPD,30890,3,5025.554381926309,Di-Do-Sa
2,0.0,1.0,DPD,30900,3,5229.124909532317,Mo-Mi-Fr
2,0.0,1.0,DPD,30916,3,4117.570304031167,Mo-Mi-Fr
2,0.0,1.0,DPD,30926,3,4516.266727512422,Mo-Mi-Fr
2,0.0,1.0,DPD,30938,3,3914.7806053143454,Di-Do-Sa
2,0.0,1.0,DPD,30952,3,3285.8836414244597,Di-Do-Sa
2,0.0,1.0,DPD,30966,3,2885.1922905745687,Mo-Mi-Fr
2,0.0,1.0,DPD,30974,3,2609.9363060101896,Di-Do-Sa
2,0.0,1.0,DPD,30982,3,2484.295568555208,Mo-Mi-Fr
2,0.0,1.0,DPD,30989,3,2571.4549166674215,Mo-Mi-Fr
2,0.0,1.0,DPD,31275,3,5105.147640042198,Mo-Mi-Fr
2,0.0,1.0,DPD,31303,3,3879.9247119838324,Di-Do-Sa
2,0.0,1.0,DPD,31311,3,3233.0679693863076,Mo-Mi-Fr
2,0.0,1.0,DPD,31319,3,3384.4551476837196,Mo-Mi-Fr
2,0.0,1.0,DPD,31515,3,6567.158322080977,Di-Do-Sa
2,0.0,1.0,DPD,31535,3,7531.270012562405,Di-Do-Sa
2,0.0,1.0,DPD,31832,3,4592.731868008981,Di-Do-Sa
2,0.0,1.0,FedEx,30159,3,11595.94954005146,Di-Do-Sa
2,0.0,1.0,FedEx,30161,3,4501.909207143863,Mo-Mi-Fr
2,0.0,1.0,FedEx,30163,3,7008.841046584941,Mo-Mi-Fr
2,0.0,1.0,FedEx,30167,3,4497.713511088365,Mo-Mi-Fr
2,0.0,1.0,FedEx,30419,3,2216.4222309140678,Di-Do-Sa
2,0.0,1.0,FedEx,30449,4,4938.634331765713,Mo-Di-Mi-Fr
2,0.0,1.0,FedEx,30453,3,2282.873160278835,Mo-Mi-Fr
2,0.0,1.0,FedEx,30455,3,1246.4246925078696,Di-Do-Sa
2,0.0,1.0,FedEx,30457,3,1556.344604594059,Di-Do-Sa
2,0.0,1.0,FedEx,30519,3,3280.679356360798,Mo-Mi-Fr
2,0.0,1.0,FedEx,30539,4,3415.2036685465964,Mo-Mi-Do-Sa
2,0.0,1.0,FedEx,30559,3,4453.679823979299,Di-Do-Sa
2,0.0,1.0,FedEx,30625,3,2965.8815025386557,Mo-Mi-Fr
2,0.0,1.0,FedEx,30655,3,2922.5377955005847,Mo-Mi-Fr
2,0.0,1.0,FedEx,30657,3,4212.906138431547,Di-Do-Sa
2,0.0,1.0,FedEx,30823,3,1554.5228007084895,Di-Do-Sa
2,0.0,1.0,FedEx,30827,3,3485.1995697316593,Mo-Mi-Fr
2,0.0,1.0,FedEx,30853,3,3641.8425516611474,Mo-Mi-Fr
2,0.0,1.0,FedEx,30855,3,10214.91517476584,Di-Do-Sa
2,0.0,1.0,FedEx,30880,3,5417.574707236092,Mo-Mi-Fr
2,0.0,1.0,FedEx,30890,3,2481.621269334869,Mo-Mi-Fr
2,0.0,1.0,FedEx,30900,3,2842.1727046463507,Mo-Mi-Fr
2,0.0,1.0,FedEx,30916,3,4491.412990177778,Di-Do-Sa
2,0.0,1.0,FedEx,30926,3,2238.7630056089615,Di-Do-Sa
2,0.0,1.0,FedEx,30938,3,4559.967353348923,Mo-Mi-Fr
2,0.0,1.0,FedEx,30952,3,2093.7897023874393,Mo-Mi-Fr
2,0.0,1.0,FedEx,30966,3,2027.94407199863,Mo-Mi-Fr
2,0.0,1.0,FedEx,30974,3,1775.2063457097138,Mo-Mi-Fr
2,0.0,1.0,FedEx,30982,3,1733.8216273489015,Mo-Mi-Fr
2,0.0,1.0,FedEx,30989,3,2014.5975394545808,Mo-Mi-Fr
2,0.0,1.0,FedEx,31275,3,3827.2524945585055,Mo-Mi-Fr
2,0.0,1.0,FedEx,31303,3,2561.5429631768734,Mo-Mi-Fr
2,0.0,1.0,FedEx,31311,3,2157.051020831981,Di-Do-Sa
2,0.0,1.0,FedEx,31319,3,1961.204123289119,Mo-Mi-Fr
2,0.0,1.0,FedEx,31515,3,3912.0996325701335,Mo-Mi-Fr
2,0.0,1.0,FedEx,31535,3,4104.903614404073,Di-Do-Sa
2,0.0,1.0,FedEx,31832,3,2531.69274201582,Mo-Mi-Fr
2,0.0,1.0,GLS,30159,3,4289.084370603151,Di-Do-Sa
2,0.0,1.0,GLS,30161,3,2112.2051636765054,Di-Do-Sa
2,0.0,1.0,GLS,30163,3,3767.617458498362,Di-Do-Sa
2,0.0,1.0,GLS,30165,3,1957.8533658519232,Di-Do-Sa
2,0.0,1.0,GLS,30167,3,2904.8661721709273,Mo-Mi-Fr
2,0.0,1.0,GLS,30173,4,1891.1748021646943,Mo-Di-Do-Fr
2,0.0,1.0,GLS,30179,3,1790.5030214484634,Mo-Mi-Fr
2,0.0,1.0,GLS,30419,3,3907.970567274667,Mo-Mi-Fr
2,0.0,1.0,GLS,30449,3,2650.7564480773895,Mo-Mi-Fr
2,0.0,1.0,GLS,30453,3,2116.5939082882296,Mo-Mi-Fr
2,0.0,1.0,GLS,30455,3,2117.506477694184,Di-Do-Sa
2,0.0,1.0,GLS,30457,3,1963.4537001650365,Di-Do-Sa
2,0.0,1.0,GLS,30459,3,1682.3040638299344,Mo-Mi-Fr
2,0.0,1.0,GLS,30519,3,2858.8114359421756,Mo-Mi-Fr
2,0.0,1.0,GLS,30539,3,1871.0805843368812,Mo-Mi-Fr
2,0.0,1.0,GLS,30559,3,2961.855497278082,Di-Do-Sa
2,0.0,1.0,GLS,30625,3,1679.3387502346584,Mo-Mi-Fr
2,0.0,1.0,GLS,30627,3,1395.9235948325027,Mo-Mi-Fr
2,0.0,1.0,GLS,30629,3,1794.6870331379646,Di-Do-Sa
2,0.0,1.0,GLS,30655,3,2060.4682826095204,Mo-Mi-Fr
2,0.0,1.0,GLS,30657,3,2119.1607241682823,Di-Do-Sa
2,0.0,1.0,GLS,30659,3,1870.873081835479,Di-Do-Sa
2,0.0,1.0,GLS,30823,3,2679.0788272558893,Di-Do-Sa
2,0.0,1.0,GLS,30826,3,2926.1307214733915,Di-Do-Sa
2,0.0,1.0,GLS,30827,3,2265.158869749892,Di-Do-Sa
2,0.0,1.0,GLS,30851,3,1849.8931095336725,Mo-Mi-Fr
2,0.0,1.0,GLS,30853,3,1884.0425320552288,Mo-Mi-Fr
2,0.0,1.0,GLS,30855,3,7092.4496653806145,Di-Do-Sa
2,0.0,1.0,GLS,30880,3,3402.8766663742726,Mo-Mi-Fr
2,0.0,1.0,GLS,30890,3,4582.5897926309735,Mo-Mi-Fr
2,0.0,1.0,GLS,30900,3,5158.957747483202,Di-Do-Sa
2,0.0,1.0,GLS,30916,3,3670.963818008523,Di-Do-Sa
2,0.0,1.0,GLS,30926,3,4033.405896985346,Di-Do-Sa
2,0.0,1.0,GLS,30938,3,3820.8452735387127,Mo-Mi-Fr
2,0.0,1.0,GLS,30952,3,2646.0404717901865,Di-Do-Sa
2,0.0,1.0,GLS,30966,3,2327.4283615318363,Di-Do-Sa
2,0.0,1.0,GLS,30974,3,2150.905454743156,Mo-Mi-Fr
2,0.0,1.0,GLS,30982,3,1913.2667391109017,Mo-Mi-Fr
2,0.0,1.0,GLS,30989,3,2187.5806074515117,Mo-Mi-Fr
2,0.0,1.0,GLS,31275,3,5127.386184309447,Di-Do-Sa
2,0.0,1.0,GLS,31303,3,4068.84570875996,Mo-Mi-Fr
2,0.0,1.0,GLS,31311,3,3775.899856398934,Di-Do-Sa
2,0.0,1.0,GLS,31319,3,3285.6746609090483,Mo-Mi-Fr
2,0.0,1.0,GLS,31515,3,6087.355705288701,Di-Do-Sa
2,0.0,1.0,GLS,31535,3,7185.342665313025,Di-Do-Sa
2,0.0,1.0,GLS,31832,3,4086.989886458871,Mo-Mi-Fr
2,0.0,1.0,Hermes,30159,3,5374.645673441719,Di-Do-Sa
2,0.0,1.0,Hermes,30161,3,2734.833336655578,Mo-Mi-Fr
2,0.0,1.0,Hermes,30163,3,2689.1476376645787,Mo-Mi-Fr
2,0.0,1.0,Hermes,30165,3,2240.843877665462,Mo-Mi-Fr
2,0.0,1.0,Hermes,30167,3,3440.271266415777,Mo-Mi-Fr
2,0.0,1.0,Hermes,30173,3,2656.8442563146455,Mo-Mi-Fr
2,0.0,1.0,Hermes,30177,3,2046.967152111532,Di-Do-Sa
2,0.0,1.0,Hermes,30179,3,2034.5328570678853,Di-Do-Sa
2,0.0,1.0,Hermes,30419,3,4570.165272555639,Di-Do-Sa
2,0.0,1.0,Hermes,30449,3,3535.009025809832,Mo-Mi-Fr
2,0.0,1.0,Hermes,30453,3,2678.9680518514688,Mo-Mi-Fr
2,0.0,1.0,Hermes,30455,3,2544.7336529078384,Mo-Mi-Fr
2,0.0,1.0,Hermes,30457,3,2377.1796479940426,Di-Do-Sa
2,0.0,1.0,Hermes,30459,3,2527.1404675509234,Di-Do-Sa
2,0.0,1.0,Hermes,30519,3,4057.7418755981134,Mo-Mi-Fr
2,0.0,1.0,Hermes,30539,3,2737.7312116808907,Mo-Mi-Fr
2,0.0,1.0,Hermes,30559,3,4055.4982370602465,Mo-Mi-Fr
2,0.0,1.0,Hermes,30625,3,2454.545077177944,Mo-Mi-Fr
2,0.0,1.0,Hermes,30627,3,1683.1333981118446,Mo-Mi-Fr
2,0.0,1.0,Hermes,30629,3,2250.46677788509,Mo-Mi-Fr
2,0.0,1.0,Hermes,30655,3,2651.0945567877325,Mo-Mi-Fr
2,0.0,1.0,Hermes,30657,3,2406.2511367227125,Mo-Mi-Fr
2,0.0,1.0,Hermes,30659,3,2267.2620323297765,Di-Do-Sa
2,0.0,1.0,Hermes,30823,3,3005.4231208082547,Di-Do-Sa
2,0.0,1.0,Hermes,30826,3,3257.6129424889414,Mo-Mi-Fr
2,0.0,1.0,Hermes,30827,3,2354.0194170234167,Mo-Mi-Fr
2,0.0,1.0,Hermes,30851,3,1950.974186729019,Di-Do-Sa
2,0.0,1.0,Hermes,30853,3,2016.2840404961605,Mo-Mi-Fr
2,0.0,1.0,Hermes,30855,3,7458.793172662968,Mo-Mi-Fr
2,0.0,1.0,Hermes,30880,3,5513.15725490674,Di-Do-Sa
2,0.0,1.0,Hermes,30890,3,5857.478910554212,Mo-Mi-Fr
2,0.0,1.0,Hermes,30900,3,5799.282973603977,Mo-Mi-Fr
2,0.0,1.0,Hermes,30916,3,4527.769092828588,Di-Do-Sa
2,0.0,1.0,Hermes,30926,3,4996.818104151847,Mo-Mi-Fr
2,0.0,1.0,Hermes,30938,3,4426.4400631615645,Di-Do-Sa
2,0.0,1.0,Hermes,30952,3,3812.0505623269964,Di-Do-Sa
2,0.0,1.0,Hermes,30966,3,3455.377124126978,Mo-Mi-Fr
2,0.0,1.0,Hermes,30974,3,2856.0460731588455,Mo-Mi-Fr
2,0.0,1.0,Hermes,30982,3,2830.1903298717675,Di-Do-Sa
2,0.0,1.0,Hermes,30989,3,2708.4930864499106,Di-Do-Sa
2,0.0,1.0,Hermes,31275,3,7086.753109386342,Mo-Mi-Fr
2,0.0,1.0,Hermes,31303,3,5138.745582928956,Mo-Mi-Fr
2,0.0,1.0,Hermes,31311,3,4417.477356600087,Di-Do-Sa
2,0.0,1.0,Hermes,31319,3,4774.179750459667,Mo-Mi-Fr
2,0.0,1.0,Hermes,31515,3,7177.16563220541,Di-Do-Sa
2,0.0,1.0,Hermes,31535,3,8193.938017553362,Mo-Mi-Fr
2,0.0,1.0,Hermes,31832,3,5653.299264819669,Mo-Mi-Fr
2,0.0,1.0,UPS,30159,3,13061.412694567358,Mo-Mi-Fr
2,0.0,1.0,UPS,30161,3,5120.584523583297,Di-Do-Sa
2,0.0,1.0,UPS,30163,3,5919.069901772404,Mo-Mi-Fr
2,0.0,1.0,UPS,30165,3,3077.543431653876,Di-Do-Sa
2,0.0,1.0,UPS,30167,3,5162.593565748851,Di-Do-Sa
2,0.0,1.0,UPS,30419,3,2794.722721075226,Mo-Mi-Fr
2,0.0,1.0,UPS,30449,3,5730.974544423258,Di-Do-Sa
2,0.0,1.0,UPS,30453,3,2517.8197891615105,Mo-Mi-Fr
2,0.0,1.0,UPS,30455,3,1520.9900660255178,Di-Do-Sa
2,0.0,1.0,UPS,30457,3,1827.6419956381771,Mo-Mi-Fr
2,0.0,1.0,UPS,30519,3,4019.492114195715,Mo-Mi-Fr
2,0.0,1.0,UPS,30539,3,3983.26520958686,Mo-Mi-Fr
2,0.0,1.0,UPS,30559,3,4002.7003864347353,Mo-Mi-Fr
2,0.0,1.0,UPS,30625,3,3655.0790999550754,Mo-Mi-Fr
2,0.0,1.0,UPS,30655,3,1832.7322328316209,Mo-Mi-Fr
2,0.0,1.0,UPS,30657,3,4144.951117869476,Mo-Mi-Fr
2,0.0,1.0,UPS,30659,3,2843.8054652420415,Di-Do-Sa
2,0.0,1.0,UPS,30823,3,2108.1257314112427,Mo-Mi-Fr
2,0.0,1.0,UPS,30826,3,1794.08300003242,Mo-Mi-Fr
2,0.0,1.0,UPS,30827,3,2758.7647797073105,Mo-Mi-Fr
2,0.0,1.0,UPS,30853,3,3979.2846884140185,Mo-Mi-Fr
2,0.0,1.0,UPS,30855,3,11446.143644193748,Mo-Mi-Fr
2,0.0,1.0,UPS,30880,3,6089.396670611959,Di-Do-Sa
2,0.0,1.0,UPS,30890,3,3140.4098774697727,Mo-Mi-Fr
2,0.0,1.0,UPS,30900,3,3530.496807197013,Mo-Mi-Fr
2,0.0,1.0,UPS,30916,3,5220.710157238438,Di-Do-Sa
2,0.0,1.0,UPS,30926,3,2611.3079121714054,Di-Do-Sa
2,0.0,1.0,UPS,30938,3,4942.607576064194,Mo-Mi-Fr
2,0.0,1.0,UPS,30952,3,2367.2652199586555,Mo-Mi-Fr
2,0.0,1.0,UPS,30966,3,2551.2670573393516,Mo-Mi-Fr
2,0.0,1.0,UPS,30974,3,2071.6842910782802,Di-Do-Sa
2,0.0,1.0,UPS,30982,3,2156.4204999099475,Mo-Mi-Fr
2,0.0,1.0,UPS,30989,3,2080.575121205287,Mo-Mi-Fr
2,0.0,1.0,UPS,31275,3,4870.411680437807,Mo-Mi-Fr
2,0.0,1.0,UPS,31303,3,3117.805137679628,Mo-Mi-Fr
2,0.0,1.0,UPS,31311,3,2547.35405186933,Mo-Mi-Fr
2,0.0,1.0,UPS,31319,3,2122.5207260672596,Di-Do-Sa
2,0.0,1.0,UPS,31515,3,4998.073225206333,Di-Do-Sa
2,0.0,1.0,UPS,31535,3,5036.795986136754,Mo-Mi-Fr
2,0.0,1.0,UPS,31832,3,3620.285151096715,Mo-Mi-Fr
2,0.1,0.9,Amazon,30159,3,10807.512891744642,Di-Do-Sa
2,0.1,0.9,Amazon,30161,4,5966.86818056223,Mo-Di-Do-Sa
2,0.1,0.9,Amazon,30163,5,5884.439635908793,Di-Mi-Do-Fr-Sa
2,0.1,0.9,Amazon,30165,4,4663.947443311785,Di-Do-Fr-Sa
2,0.1,0.9,Amazon,30167,5,6952.926981864923,Mo-Mi-Do-Fr-Sa
2,0.1,0.9,Amazon,30173,5,5026.353906965206,Mo-Di-Do-Fr-Sa
2,0.1,0.9,Amazon,30177,4,4206.814842372221,Di-Do-Fr-Sa
2,0.1,0.9,Amazon,30179,4,4045.2261689737056,Di-Do-Fr-Sa
2,0.1,0.9,Amazon,30419,3,8152.107029658814,Di-Do-Sa
2,0.1,0.9,Amazon,30449,5,6812.612603737955,Mo-Mi-Do-Fr-Sa
2,0.1,0.9,Amazon,30453,6,4953.369950665476,Mo-Di-Mi-Do-Fr-Sa
2,0.1,0.9,Amazon,30455,4,4575.5658063921255,Mo-Di-Mi-Fr
2,0.1,0.9,Amazon,30457,4,4725.2500811062555,Di-Mi-Do-Sa
2,0.1,0.9,Amazon,30459,3,4586.808917841981,Mo-Mi-Fr
2,0.1,0.9,Amazon,30519,4,7612.571545214778,Di-Do-Fr-Sa
2,0.1,0.9,Amazon,30539,5,5154.6072084203,Mo-Di-Mi-Do-Sa
2,0.1,0.9,Amazon,30559,4,7779.895032686676,Di-Do-Fr-Sa
2,0.1,0.9,Amazon,30625,5,4769.53782516367,Mo-Di-Mi-Do-Sa
2,0.1,0.9,Amazon,30627,4,3440.214136942851,Mo-Di-Mi-Fr
2,0.1,0.9,Amazon,30629,4,4365.0754996522155,Di-Mi-Fr-Sa
2,0.1,0.9,Amazon,30655,5,5079.048822747862,Mo-Di-Mi-Do-Sa
2,0.1,0.9,Amazon,30657,5,5151.154776254361,Mo-Di-Mi-Do-Sa
2,0.1,0.9,Amazon,30659,4,4712.507529635081,Mo-Di-Mi-Fr
2,0.1,0.9,Amazon,30823,3,5286.65869712871,Mo-Mi-Fr
2,0.1,0.9,Amazon,30826,5,5295.331541079315,Mo-Di-Mi-Do-Sa
2,0.1,0.9,Amazon,30827,5,4387.366945722133,Di-Mi-Do-Fr-Sa
2,0.1,0.9,Amazon,30851,3,4334.71317959268,Mo-Mi-Fr
2,0.1,0.9,Amazon,30853,5,4288.769110019758,Mo-Di-Do-Fr-Sa
2,0.1,0.9,Amazon,30855,3,15200.805913621789,Di-Do-Sa
2,0.1,0.9,Amazon,30880,3,10076.266071241567,Mo-Mi-Fr
2,0.1,0.9,Amazon,30890,3,9112.18870887016,Di-Do-Sa
2,0.1,0.9,Amazon,30900,3,10462.193846994996,Di-Do-Sa
2,0.1,0.9,Amazon,30916,3,8938.335884384283,Di-Do-Sa
2,0.1,0.9,Amazon,30926,3,7808.761814574175,Mo-Mi-Fr
2,0.1,0.9,Amazon,30938,4,8127.974575684067,Mo-Di-Do-Sa
2,0.1,0.9,Amazon,30952,4,6654.091195000285,Mo-Mi-Do-Sa
2,0.1,0.9,Amazon,30966,4,6633.333135152181,Di-Do-Fr-Sa
2,0.1,0.9,Amazon,30974,5,5133.035659300315,Mo-Mi-Do-Fr-Sa
2,0.1,0.9,Amazon,30982,4,5359.051029990742,Mo-Di-Do-Fr
2,0.1,0.9,Amazon,30989,3,5006.4238045366565,Mo-Mi-Fr
2,0.1,0.9,Amazon,31275,3,12935.128325125783,Di-Do-Sa
2,0.1,0.9,Amazon,31303,4,9309.122915223761,Mo-Mi-Do-Fr
2,0.1,0.9,Amazon,31311,3,7693.047608083533,Mo-Mi-Fr
2,0.1,0.9,Amazon,31319,4,8360.663870330549,Mo-Di-Do-Sa
2,0.1,0.9,Amazon,31515,3,11655.677304666997,Mo-Mi-Fr
2,0.1,0.9,Amazon,31535,3,13006.676152995733,Di-Do-Sa
2,0.1,0.9,Amazon,31832,3,9553.249943238403,Di-Do-Sa
2,0.1,0.9,DHL,30159,3,20513.091732810884,Mo-Mi-Fr
2,0.1,0.9,DHL,30161,4,10824.086984363705,Mo-Mi-Do-Fr
2,0.1,0.9,DHL,30163,4,9696.434016630796,Mo-Di-Do-Sa
2,0.1,0.9,DHL,30165,3,8340.28963105107,Di-Do-Sa
2,0.1,0.9,DHL,30167,4,12769.698790161028,Di-Mi-Do-Sa
2,0.1,0.9,DHL,30169,4,5399.653735825545,Mo-Di-Do-Sa
2,0.1,0.9,DHL,30173,3,8665.463161675048,Di-Do-Sa
2,0.1,0.9,DHL,30177,4,6393.277149792962,Mo-Di-Do-Sa
2,0.1,0.9,DHL,30179,3,6697.696005587077,Mo-Mi-Fr
2,0.1,0.9,DHL,30419,4,15242.170628700931,Di-Mi-Do-Sa
2,0.1,0.9,DHL,30449,3,7405.8196867722045,Di-Do-Sa
2,0.1,0.9,DHL,30453,3,8493.360130181158,Di-Do-Sa
2,0.1,0.9,DHL,30455,4,7155.501708692247,Mo-Mi-Fr-Sa
2,0.1,0.9,DHL,30457,3,6871.402087514052,Di-Do-Sa
2,0.1,0.9,DHL,30459,3,6489.98868397381,Mo-Mi-Fr
2,0.1,0.9,DHL,30519,4,12801.10705997665,Mo-Mi-Do-Fr
2,0.1,0.9,DHL,30539,3,8833.56108543188,Di-Do-Sa
2,0.1,0.9,DHL,30559,3,12102.499734892777,Mo-Mi-Fr
2,0.1,0.9,DHL,30625,3,7685.887995077448,Mo-Mi-Fr
2,0.1,0.9,DHL,30627,3,5506.550209081578,Di-Do-Sa
2,0.1,0.9,DHL,30629,4,6433.479380741905,Mo-Di-Do-Sa
2,0.1,0.9,DHL,30655,3,8352.747639837175,Mo-Mi-Fr
2,0.1,0.9,DHL,30657,3,9655.23216145111,Mo-Mi-Fr
2,0.1,0.9,DHL,30659,3,7648.454164569717,Di-Do-Sa
2,0.1,0.9,DHL,30823,3,9654.47107440417,Di-Do-Sa
2,0.1,0.9,DHL,30826,3,8824.53310658497,Mo-Mi-Fr
2,0.1,0.9,DHL,30827,3,8373.388187423723,Mo-Mi-Fr
2,0.1,0.9,DHL,30851,4,7079.559141925587,Mo-Di-Do-Sa
2,0.1,0.9,DHL,30853,4,7840.547155257253,Di-Do-Fr-Sa
2,0.1,0.9,DHL,30855,3,31253.080502902725,Di-Do-Sa
2,0.1,0.9,DHL,30880,3,16813.877068329784,Mo-Mi-Fr
2,0.1,0.9,DHL,30890,3,14850.1882373238,Di-Do-Sa
2,0.1,0.9,DHL,30900,3,16411.77267783243,Di-Do-Sa
2,0.1,0.9,DHL,30916,3,16818.371490925023,Di-Do-Sa
2,0.1,0.9,DHL,30926,3,13510.888863465872,Di-Do-Sa
2,0.1,0.9,DHL,30938,3,14046.430915461451,Di-Do-Sa
2,0.1,0.9,DHL,30952,3,10293.111858645902,Di-Do-Sa
2,0.1,0.9,DHL,30966,3,9837.787817421151,Mo-Mi-Fr
2,0.1,0.9,DHL,30974,3,7128.056656505507,Di-Do-Sa
2,0.1,0.9,DHL,30982,4,7551.229265706935,Di-Mi-Fr-Sa
2,0.1,0.9,DHL,30989,3,8017.569373510122,Di-Do-Sa
2,0.1,0.9,DHL,31275,3,19552.222949224604,Mo-Mi-Fr
2,0.1,0.9,DHL,31303,3,12947.893144423737,Mo-Mi-Fr
2,0.1,0.9,DHL,31311,3,10078.504394602362,Di-Do-Sa
2,0.1,0.9,DHL,31319,3,11339.261124011347,Di-Do-Sa
2,0.1,0.9,DHL,31515,3,19471.336404004665,Mo-Mi-Fr
2,0.1,0.9,DHL,31535,3,20039.960500085494,Mo-Mi-Fr
2,0.1,0.9,DHL,31832,3,13205.957307256516,Mo-Mi-Fr
2,0.1,0.9,DPD,30159,4,6590.848723048905,Di-Mi-Do-Sa
2,0.1,0.9,DPD,30161,4,3479.375962380885,Mo-Di-Do-Sa
2,0.1,0.9,DPD,30163,4,3251.524894443224,Di-Mi-Do-Sa
2,0.1,0.9,DPD,30165,4,3048.827752794263,Di-Do-Fr-Sa
2,0.1,0.9,DPD,30167,3,4404.497656778133,Mo-Mi-Fr
2,0.1,0.9,DPD,30173,3,2931.169467293219,Di-Do-Sa
2,0.1,0.9,DPD,30177,5,1979.7480773021798,Mo-Di-Do-Fr-Sa
2,0.1,0.9,DPD,30179,5,2193.6608975202416,Mo-Di-Do-Fr-Sa
2,0.1,0.9,DPD,30419,3,4876.700964095021,Mo-Mi-Fr
2,0.1,0.9,DPD,30449,4,4096.795398424705,Mo-Di-Do-Sa
2,0.1,0.9,DPD,30453,3,3399.7915011649366,Di-Do-Sa
2,0.1,0.9,DPD,30455,4,2905.8727368383516,Di-Mi-Fr-Sa
2,0.1,0.9,DPD,30457,4,2857.888896500912,Di-Mi-Fr-Sa
2,0.1,0.9,DPD,30459,5,2331.6240376933547,Mo-Di-Do-Fr-Sa
2,0.1,0.9,DPD,30519,4,4116.973728443784,Mo-Di-Do-Sa
2,0.1,0.9,DPD,30539,3,3106.7435148597306,Di-Do-Sa
2,0.1,0.9,DPD,30559,4,3707.8540588983606,Mo-Mi-Do-Sa
2,0.1,0.9,DPD,30625,3,2715.278753186729,Di-Do-Sa
2,0.1,0.9,DPD,30627,6,1702.8075328692416,Mo-Di-Mi-Do-Fr-Sa
2,0.1,0.9,DPD,30629,5,1975.302750493276,Mo-Di-Do-Fr-Sa
2,0.1,0.9,DPD,30655,4,2833.3260586047013,Di-Do-Fr-Sa
2,0.1,0.9,DPD,30657,4,3245.442502091494,Mo-Mi-Fr-Sa
2,0.1,0.9,DPD,30659,4,2527.986611736128,Di-Do-Fr-Sa
2,0.1,0.9,DPD,30823,4,3689.7397107923484,Di-Mi-Fr-Sa
2,0.1,0.9,DPD,30826,3,3823.773899068197,Di-Do-Sa
2,0.1,0.9,DPD,30827,3,3358.0273820929033,Mo-Mi-Fr
2,0.1,0.9,DPD,30851,5,2390.2595219214095,Mo-Di-Do-Fr-Sa
2,0.1,0.9,DPD,30853,4,2914.2176195805746,Mo-Mi-Fr-Sa
2,0.1,0.9,DPD,30855,3,9174.613917339208,Di-Do-Sa
2,0.1,0.9,DPD,30880,3,5176.81026633213,Di-Do-Sa
2,0.1,0.9,DPD,30890,3,5933.895520505036,Di-Do-Sa
2,0.1,0.9,DPD,30900,3,6239.933646541729,Di-Do-Sa
2,0.1,0.9,DPD,30916,4,5008.72251654002,Di-Do-Fr-Sa
2,0.1,0.9,DPD,30926,3,5260.663155949538,Mo-Mi-Fr
2,0.1,0.9,DPD,30938,3,4839.07251735484,Mo-Mi-Fr
2,0.1,0.9,DPD,30952,3,4071.014491371909,Mo-Mi-Fr
2,0.1,0.9,DPD,30966,3,3783.550150951578,Mo-Mi-Fr
2,0.1,0.9,DPD,30974,3,3393.2199206977984,Mo-Mi-Fr
2,0.1,0.9,DPD,30982,3,3273.3724908926147,Di-Do-Sa
2,0.1,0.9,DPD,30989,3,3494.7473972364987,Mo-Mi-Fr
2,0.1,0.9,DPD,31275,3,6109.0648732172795,Mo-Mi-Fr
2,0.1,0.9,DPD,31303,3,4558.897379477856,Mo-Mi-Fr
2,0.1,0.9,DPD,31311,3,4222.863088658889,Mo-Mi-Fr
2,0.1,0.9,DPD,31319,4,4132.466772378991,Mo-Di-Mi-Fr
2,0.1,0.9,DPD,31515,3,7595.490808866284,Mo-Mi-Fr
2,0.1,0.9,DPD,31535,3,8420.682307004552,Di-Do-Sa
2,0.1,0.9,DPD,31832,3,5812.722632630279,Di-Do-Sa
2,0.1,0.9,FedEx,30159,3,11565.954981112081,Di-Do-Sa
2,0.1,0.9,FedEx,30161,5,4926.961098776894,Mo-Mi-Do-Fr-Sa
2,0.1,0.9,FedEx,30163,3,7423.369284432739,Di-Do-Sa
2,0.1,0.9,FedEx,30167,5,4824.7804713687565,Mo-Di-Do-Fr-Sa
2,0.1,0.9,FedEx,30419,3,3014.5466309810026,Di-Do-Sa
2,0.1,0.9,FedEx,30449,6,5070.480072832069,Mo-Di-Mi-Do-Fr-Sa
2,0.1,0.9,FedEx,30453,3,3172.570817986905,Mo-Mi-Fr
2,0.1,0.9,FedEx,30455,4,1870.1481868067544,Di-Mi-Fr-Sa
2,0.1,0.9,FedEx,30457,5,1992.034707802088,Mo-Di-Mi-Do-Sa
2,0.1,0.9,FedEx,30519,4,4007.699273790378,Mo-Mi-Do-Sa
2,0.1,0.9,FedEx,30539,4,3992.587638306378,Mo-Di-Do-Sa
2,0.1,0.9,FedEx,30559,3,5061.935972253697,Mo-Mi-Fr
2,0.1,0.9,FedEx,30625,5,3648.895936092346,Mo-Di-Mi-Do-Fr
2,0.1,0.9,FedEx,30655,5,3381.339944431693,Mo-Di-Mi-Do-Fr
2,0.1,0.9,FedEx,30657,4,4426.2986608461315,Di-Mi-Do-Sa
2,0.1,0.9,FedEx,30823,5,1934.0812358588603,Mo-Di-Mi-Do-Sa
2,0.1,0.9,FedEx,30827,4,3962.5353117511318,Di-Do-Fr-Sa
2,0.1,0.9,FedEx,30853,3,4268.4561562652125,Mo-Mi-Fr
2,0.1,0.9,FedEx,30855,3,10599.103598478117,Di-Do-Sa
2,0.1,0.9,FedEx,30880,5,5618.11737272587,Mo-Di-Mi-Do-Sa
2,0.1,0.9,FedEx,30890,3,3463.0733142030704,Mo-Mi-Fr
2,0.1,0.9,FedEx,30900,3,3847.557834920727,Mo-Mi-Fr
2,0.1,0.9,FedEx,30916,4,5105.675403558214,Di-Mi-Do-Sa
2,0.1,0.9,FedEx,30926,4,3007.5464544665515,Di-Do-Fr-Sa
2,0.1,0.9,FedEx,30938,4,5310.650833698455,Mo-Di-Mi-Fr
2,0.1,0.9,FedEx,30952,6,2775.4512231381723,Mo-Di-Mi-Do-Fr-Sa
2,0.1,0.9,FedEx,30966,6,2488.5376856129433,Mo-Di-Mi-Do-Fr-Sa
2,0.1,0.9,FedEx,30974,5,2344.7145139416125,Mo-Di-Mi-Do-Fr
2,0.1,0.9,FedEx,30982,5,2374.454550759092,Mo-Di-Mi-Do-Fr
2,0.1,0.9,FedEx,30989,6,2431.4853535221046,Mo-Di-Mi-Do-Fr-Sa
2,0.1,0.9,FedEx,31275,4,4707.39739664774,Mo-Di-Mi-Fr
2,0.1,0.9,FedEx,31303,3,3334.1672147137488,Mo-Mi-Fr
2,0.1,0.9,FedEx,31311,6,2818.577694291381,Mo-Di-Mi-Do-Fr-Sa
2,0.1,0.9,FedEx,31319,5,2800.2938156294945,Mo-Di-Mi-Do-Sa
2,0.1,0.9,FedEx,31515,4,4643.437923290084,Mo-Mi-Do-Sa
2,0.1,0.9,FedEx,31535,3,5212.117363135717,Di-Do-Sa
2,0.1,0.9,FedEx,31832,3,3649.7477179730763,Mo-Mi-Fr
2,0.1,0.9,GLS,30159,4,4595.521686837371,Mo-Di-Mi-Fr
2,0.1,0.9,GLS,30161,3,2899.512148768591,Di-Do-Sa
2,0.1,0.9,GLS,30163,4,4214.933289111601,Di-Mi-Fr-Sa
2,0.1,0.9,GLS,30165,5,2349.241787787521,Mo-Di-Do-Fr-Sa
2,0.1,0.9,GLS,30167,5,3490.1287808550005,Mo-Di-Mi-Do-Sa
2,0.1,0.9,GLS,30173,4,2404.1015544546326,Mo-Di-Do-Fr
2,0.1,0.9,GLS,30179,6,2030.2594095239801,Mo-Di-Mi-Do-Fr-Sa
2,0.1,0.9,GLS,30419,3,4645.236008881205,Di-Do-Sa
2,0.1,0.9,GLS,30449,4,3357.6283509752757,Di-Mi-Fr-Sa
2,0.1,0.9,GLS,30453,4,2832.3193572081314,Di-Do-Fr-Sa
2,0.1,0.9,GLS,30455,5,2428.617860489674,Mo-Di-Do-Fr-Sa
2,0.1,0.9,GLS,30457,5,2367.161262980625,Mo-Di-Do-Fr-Sa
2,0.1,0.9,GLS,30459,6,1876.236727895414,Mo-Di-Mi-Do-Fr-Sa
2,0.1,0.9,GLS,30519,4,3419.1271904706555,Mo-Di-Mi-Fr
2,0.1,0.9,GLS,30539,4,2345.6354489551154,Mo-Mi-Fr-Sa
2,0.1,0.9,GLS,30559,4,3541.323201094935,Di-Mi-Do-Sa
2,0.1,0.9,GLS,30625,5,2150.680703088116,Mo-Di-Do-Fr-Sa
2,0.1,0.9,GLS,30627,5,1753.8195966488192,Mo-Di-Mi-Do-Fr
2,0.1,0.9,GLS,30629,6,2094.2697610443015,Mo-Di-Mi-Do-Fr-Sa
2,0.1,0.9,GLS,30655,4,2715.165855871829,Di-Do-Fr-Sa
2,0.1,0.9,GLS,30657,5,2758.016101172916,Mo-Di-Mi-Fr-Sa
2,0.1,0.9,GLS,30659,6,2165.5626302364476,Mo-Di-Mi-Do-Fr-Sa
2,0.1,0.9,GLS,30823,3,3601.402494241266,Di-Do-Sa
2,0.1,0.9,GLS,30826,3,3904.9209353140463,Di-Do-Sa
2,0.1,0.9,GLS,30827,5,2970.7149993103635,Mo-Di-Mi-Fr-Sa
2,0.1,0.9,GLS,30851,6,2097.4205946859483,Mo-Di-Mi-Do-Fr-Sa
2,0.1,0.9,GLS,30853,6,2190.0844891648285,Mo-Di-Mi-Do-Fr-Sa
2,0.1,0.9,GLS,30855,5,7736.005153011772,Mo-Di-Do-Fr-Sa
2,0.1,0.9,GLS,30880,4,3882.1061338889185,Di-Do-Fr-Sa
2,0.1,0.9,GLS,30890,3,5287.408893849181,Mo-Mi-Fr
2,0.1,0.9,GLS,30900,3,6102.834400664903,Di-Do-Sa
2,0.1,0.9,GLS,30916,5,4541.563268527704,Mo-Di-Mi-Do-Fr
2,0.1,0.9,GLS,30926,4,4846.940552373552,Mo-Di-Do-Sa
2,0.1,0.9,GLS,30938,3,4705.187946764261,Mo-Mi-Fr
2,0.1,0.9,GLS,30952,3,3536.0142356297365,Di-Do-Sa
2,0.1,0.9,GLS,30966,3,3160.3732159615847,Di-Do-Sa
2,0.1,0.9,GLS,30974,6,2912.392838204481,Mo-Di-Mi-Do-Fr-Sa
2,0.1,0.9,GLS,30982,5,2668.7189539073015,Mo-Mi-Do-Fr-Sa
2,0.1,0.9,GLS,30989,6,2798.376100761728,Mo-Di-Mi-Do-Fr-Sa
2,0.1,0.9,GLS,31275,3,6167.760603406677,Di-Do-Sa
2,0.1,0.9,GLS,31303,3,5065.191188602466,Mo-Mi-Fr
2,0.1,0.9,GLS,31311,4,4763.128859992223,Mo-Mi-Do-Fr
2,0.1,0.9,GLS,31319,4,4026.721016389707,Di-Mi-Fr-Sa
2,0.1,0.9,GLS,31515,3,7156.669280476416,Mo-Mi-Fr
2,0.1,0.9,GLS,31535,3,8492.383953494535,Di-Do-Sa
2,0.1,0.9,GLS,31832,5,4853.065873402663,Mo-Di-Mi-Do-Sa
2,0.1,0.9,Hermes,30159,5,5688.475417894156,Mo-Di-Mi-Do-Sa
2,0.1,0.9,Hermes,30161,5,3156.0448109428985,Mo-Di-Mi-Do-Sa
2,0.1,0.9,Hermes,30163,5,3108.5734358558593,Mo-Di-Mi-Do-Sa
2,0.1,0.9,Hermes,30165,3,2994.377870441938,Mo-Mi-Fr
2,0.1,0.9,Hermes,30167,4,4019.560214933049,Di-Do-Fr-Sa
2,0.1,0.9,Hermes,30173,3,3244.4482150722683,Mo-Mi-Fr
2,0.1,0.9,Hermes,30177,3,2808.1776063867815,Mo-Mi-Fr
2,0.1,0.9,Hermes,30179,3,2819.4368337280775,Mo-Mi-Fr
2,0.1,0.9,Hermes,30419,4,5110.98462451549,Mo-Mi-Fr-Sa
2,0.1,0.9,Hermes,30449,4,4001.9031364487046,Di-Mi-Fr-Sa
2,0.1,0.9,Hermes,30453,3,3343.8947743849226,Mo-Mi-Fr
2,0.1,0.9,Hermes,30455,3,3181.3786382895332,Di-Do-Sa
2,0.1,0.9,Hermes,30457,3,3221.3837171083987,Di-Do-Sa
2,0.1,0.9,Hermes,30459,4,3235.856730202977,Di-Do-Fr-Sa
2,0.1,0.9,Hermes,30519,4,4785.577558103108,Di-Do-Fr-Sa
2,0.1,0.9,Hermes,30539,4,3466.757574126871,Di-Mi-Fr-Sa
2,0.1,0.9,Hermes,30559,3,4956.71412184601,Mo-Mi-Fr
2,0.1,0.9,Hermes,30625,3,3078.782015405348,Mo-Mi-Fr
2,0.1,0.9,Hermes,30627,6,1800.235438802243,Mo-Di-Mi-Do-Fr-Sa
2,0.1,0.9,Hermes,30629,3,3095.537713483602,Mo-Mi-Fr
2,0.1,0.9,Hermes,30655,4,3306.6554881561888,Mo-Di-Mi-Fr
2,0.1,0.9,Hermes,30657,4,3058.0502041808836,Mo-Mi-Fr-Sa
2,0.1,0.9,Hermes,30659,3,3090.2553899148143,Di-Do-Sa
2,0.1,0.9,Hermes,30823,4,3761.403688666155,Mo-Mi-Do-Sa
2,0.1,0.9,Hermes,30826,4,3915.8312015933116,Di-Mi-Do-Sa
2,0.1,0.9,Hermes,30827,4,3001.6193664510306,Di-Mi-Fr-Sa
2,0.1,0.9,Hermes,30851,3,2682.0460778102574,Di-Do-Sa
2,0.1,0.9,Hermes,30853,5,2485.116311681299,Mo-Mi-Do-Fr-Sa
2,0.1,0.9,Hermes,30855,3,8124.2904211863115,Mo-Mi-Fr
2,0.1,0.9,Hermes,30880,4,6454.9998204576705,Di-Do-Fr-Sa
2,0.1,0.9,Hermes,30890,3,6475.86939505946,Di-Do-Sa
2,0.1,0.9,Hermes,30900,4,6875.317121987113,Mo-Di-Do-Sa
2,0.1,0.9,Hermes,30916,3,5231.562834589088,Mo-Mi-Fr
2,0.1,0.9,Hermes,30926,4,5746.73749034097,Mo-Mi-Fr-Sa
2,0.1,0.9,Hermes,30938,4,5184.304693545801,Mo-Mi-Fr-Sa
2,0.1,0.9,Hermes,30952,4,4454.7666645947675,Mo-Di-Do-Fr
2,0.1,0.9,Hermes,30966,5,4230.315619087312,Mo-Di-Mi-Do-Sa
2,0.1,0.9,Hermes,30974,3,3800.5139874769657,Di-Do-Sa
2,0.1,0.9,Hermes,30982,3,3839.6749817641976,Di-Do-Sa
2,0.1,0.9,Hermes,30989,3,3607.653945384934,Di-Do-Sa
2,0.1,0.9,Hermes,31275,3,8237.67348489126,Di-Do-Sa
2,0.1,0.9,Hermes,31303,3,5962.534079261586,Mo-Mi-Fr
2,0.1,0.9,Hermes,31311,3,5576.719985535616,Mo-Mi-Fr
2,0.1,0.9,Hermes,31319,3,5822.709254737002,Mo-Mi-Fr
2,0.1,0.9,Hermes,31515,3,8065.164545564508,Di-Do-Sa
2,0.1,0.9,Hermes,31535,3,9310.532806729198,Mo-Mi-Fr
2,0.1,0.9,Hermes,31832,3,6909.53703283001,Mo-Mi-Fr
2,0.1,0.9,UPS,30159,3,13167.671312275681,Mo-Mi-Fr
2,0.1,0.9,UPS,30161,3,5851.7150865072945,Di-Do-Sa
2,0.1,0.9,UPS,30163,5,6246.435541817108,Mo-Di-Do-Fr-Sa
2,0.1,0.9,UPS,30165,4,3639.2705824169443,Di-Do-Fr-Sa
2,0.1,0.9,UPS,30167,4,5772.6903325396825,Mo-Di-Mi-Fr
2,0.1,0.9,UPS,30419,4,3303.5511621077803,Mo-Di-Mi-Fr
2,0.1,0.9,UPS,30449,3,6404.167210069888,Di-Do-Sa
2,0.1,0.9,UPS,30453,4,3203.4026410970496,Mo-Mi-Fr-Sa
2,0.1,0.9,UPS,30455,5,1939.4269620746818,Mo-Di-Mi-Do-Sa
2,0.1,0.9,UPS,30457,6,2082.9256820867663,Mo-Di-Mi-Do-Fr-Sa
2,0.1,0.9,UPS,30519,4,4773.556575986756,Mo-Mi-Do-Fr
2,0.1,0.9,UPS,30539,4,4337.4231088810875,Di-Mi-Fr-Sa
2,0.1,0.9,UPS,30559,3,4812.088739511268,Mo-Mi-Fr
2,0.1,0.9,UPS,30625,4,4089.1139345831507,Di-Mi-Fr-Sa
2,0.1,0.9,UPS,30655,5,2052.021428921551,Mo-Mi-Do-Fr-Sa
2,0.1,0.9,UPS,30657,5,4543.875236870525,Mo-Di-Do-Fr-Sa
2,0.1,0.9,UPS,30659,5,3526.2119965192687,Mo-Di-Mi-Do-Fr
2,0.1,0.9,UPS,30823,4,2815.0958398372663,Di-Do-Fr-Sa
2,0.1,0.9,UPS,30826,6,2042.7216152816727,Mo-Di-Mi-Do-Fr-Sa
2,0.1,0.9,UPS,30827,4,3259.7251784559617,Di-Mi-Do-Sa
2,0.1,0.9,UPS,30853,5,4334.945492753879,Mo-Di-Do-Fr-Sa
2,0.1,0.9,UPS,30855,3,11797.376095463367,Mo-Mi-Fr
2,0.1,0.9,UPS,30880,3,6838.251343265461,Di-Do-Sa
2,0.1,0.9,UPS,30890,3,4087.1753820245194,Mo-Mi-Fr
2,0.1,0.9,UPS,30900,3,4545.341571216295,Di-Do-Sa
2,0.1,0.9,UPS,30916,5,5845.219369194299,Mo-Di-Mi-Do-Sa
2,0.1,0.9,UPS,30926,3,3536.886114592332,Di-Do-Sa
2,0.1,0.9,UPS,30938,5,5750.240328020774,Mo-Di-Do-Fr-Sa
2,0.1,0.9,UPS,30952,4,3257.931915171061,Di-Mi-Fr-Sa
2,0.1,0.9,UPS,30966,4,3148.5898348359324,Di-Mi-Fr-Sa
2,0.1,0.9,UPS,30974,5,2922.547960758573,Mo-Di-Do-Fr-Sa
2,0.1,0.9,UPS,30982,6,3021.3027147961793,Mo-Di-Mi-Do-Fr-Sa
2,0.1,0.9,UPS,30989,5,2991.831405455849,Mo-Mi-Do-Fr-Sa
2,0.1,0.9,UPS,31275,3,5885.701779558223,Mo-Mi-Fr
2,0.1,0.9,UPS,31303,3,3922.7527558832753,Di-Do-Sa
2,0.1,0.9,UPS,31311,3,3579.8221119408327,Mo-Mi-Fr
2,0.1,0.9,UPS,31319,3,3105.3860592255023,Di-Do-Sa
2,0.1,0.9,UPS,31515,3,5923.360924944227,Di-Do-Sa
2,0.1,0.9,UPS,31535,3,6229.910375825713,Mo-Mi-Fr
2,0.1,0.9,UPS,31832,3,4781.576575914143,Mo-Mi-Fr
2,0.2,0.8,Amazon,30159,3,11050.17880123705,Mo-Mi-Fr
2,0.2,0.8,Amazon,30161,3,5569.099400152902,Di-Do-Sa
2,0.2,0.8,Amazon,30163,4,5436.810485348726,Di-Mi-Do-Sa
2,0.2,0.8,Amazon,30165,4,4453.731855258335,Di-Mi-Fr-Sa
2,0.2,0.8,Amazon,30167,4,6687.262447669215,Di-Do-Fr-Sa
2,0.2,0.8,Amazon,30173,5,5051.463110234207,Mo-Di-Do-Fr-Sa
2,0.2,0.8,Amazon,30177,3,3985.9778032907975,Di-Do-Sa
2,0.2,0.8,Amazon,30179,3,3988.8249264126234,Di-Do-Sa
2,0.2,0.8,Amazon,30419,4,8362.206080600597,Di-Mi-Fr-Sa
2,0.2,0.8,Amazon,30449,4,6490.007222021311,Mo-Mi-Fr-Sa
2,0.2,0.8,Amazon,30453,4,4854.877279578747,Di-Mi-Do-Sa
2,0.2,0.8,Amazon,30455,3,4593.653260074654,Di-Do-Sa
2,0.2,0.8,Amazon,30457,3,4500.000828191344,Mo-Mi-Fr
2,0.2,0.8,Amazon,30459,4,4642.675965893209,Di-Mi-Do-Sa
2,0.2,0.8,Amazon,30519,4,7709.921918533419,Di-Do-Fr-Sa
2,0.2,0.8,Amazon,30539,5,5187.138607489571,Mo-Di-Mi-Do-Sa
2,0.2,0.8,Amazon,30559,5,7680.558268920528,Mo-Di-Do-Fr-Sa
2,0.2,0.8,Amazon,30625,5,4779.988043975663,Mo-Di-Mi-Do-Fr
2,0.2,0.8,Amazon,30627,4,3457.2096026503277,Mo-Di-Mi-Fr
2,0.2,0.8,Amazon,30629,4,4399.382158462819,Mo-Mi-Fr-Sa
2,0.2,0.8,Amazon,30655,5,5103.7496145230525,Mo-Di-Mi-Fr-Sa
2,0.2,0.8,Amazon,30657,5,5179.125041055411,Mo-Di-Mi-Do-Sa
2,0.2,0.8,Amazon,30659,3,4761.703544954341,Di-Do-Sa
2,0.2,0.8,Amazon,30823,4,5318.832192555491,Mo-Di-Mi-Fr
2,0.2,0.8,Amazon,30826,5,5162.2275107351325,Mo-Di-Do-Fr-Sa
2,0.2,0.8,Amazon,30827,3,4323.842658195858,Mo-Mi-Fr
2,0.2,0.8,Amazon,30851,3,4116.848537842162,Di-Do-Sa
2,0.2,0.8,Amazon,30853,4,4126.8359418236805,Di-Mi-Fr-Sa
2,0.2,0.8,Amazon,30855,3,15574.653277447062,Di-Do-Sa
2,0.2,0.8,Amazon,30880,3,10389.86574552163,Di-Do-Sa
2,0.2,0.8,Amazon,30890,3,9318.050102647974,Di-Do-Sa
2,0.2,0.8,Amazon,30900,3,10820.894034802057,Di-Do-Sa
2,0.2,0.8,Amazon,30916,3,9038.619983673621,Di-Do-Sa
2,0.2,0.8,Amazon,30926,3,8038.871686969842,Di-Do-Sa
2,0.2,0.8,Amazon,30938,3,8222.764590095096,Mo-Mi-Fr
2,0.2,0.8,Amazon,30952,4,6743.682239470367,Di-Mi-Do-Sa
2,0.2,0.8,Amazon,30966,4,6563.214921621904,Di-Do-Fr-Sa
2,0.2,0.8,Amazon,30974,4,4928.60400053916,Di-Mi-Fr-Sa
2,0.2,0.8,Amazon,30982,3,5265.728260601095,Mo-Mi-Fr
2,0.2,0.8,Amazon,30989,3,5056.533978744343,Di-Do-Sa
2,0.2,0.8,Amazon,31275,3,13295.92415916112,Mo-Mi-Fr
2,0.2,0.8,Amazon,31303,3,9378.583630292178,Mo-Mi-Fr
2,0.2,0.8,Amazon,31311,3,7678.319874766053,Di-Do-Sa
2,0.2,0.8,Amazon,31319,3,8383.324672408573,Mo-Mi-Fr
2,0.2,0.8,Amazon,31515,4,11863.63000215741,Mo-Di-Do-Fr
2,0.2,0.8,Amazon,31535,3,13753.880438547478,Mo-Mi-Fr
2,0.2,0.8,Amazon,31832,3,9710.982626755631,Di-Do-Sa
2,0.2,0.8,DHL,30159,4,21047.44117370362,Mo-Mi-Fr-Sa
2,0.2,0.8,DHL,30161,5,10815.25248914297,Di-Mi-Do-Fr-Sa
2,0.2,0.8,DHL,30163,5,9937.86859889138,Mo-Di-Do-Fr-Sa
2,0.2,0.8,DHL,30165,3,8481.024807579422,Mo-Mi-Fr
2,0.2,0.8,DHL,30167,4,12947.531368808783,Mo-Di-Mi-Fr
2,0.2,0.8,DHL,30169,4,5215.607339079205,Di-Mi-Fr-Sa
2,0.2,0.8,DHL,30173,4,8799.791664315926,Mo-Di-Do-Fr
2,0.2,0.8,DHL,30177,4,6613.667428551722,Mo-Mi-Do-Sa
2,0.2,0.8,DHL,30179,3,6718.892588247562,Di-Do-Sa
2,0.2,0.8,DHL,30419,4,15157.24661545366,Mo-Mi-Do-Sa
2,0.2,0.8,DHL,30449,4,7427.338750690852,Mo-Mi-Do-Fr
2,0.2,0.8,DHL,30453,3,8527.627198199873,Mo-Mi-Fr
2,0.2,0.8,DHL,30455,3,7287.546993036364,Di-Do-Sa
2,0.2,0.8,DHL,30457,3,6940.811142850836,Di-Do-Sa
2,0.2,0.8,DHL,30459,4,6522.247868804821,Mo-Mi-Do-Fr
2,0.2,0.8,DHL,30519,5,12991.730881269137,Di-Mi-Do-Fr-Sa
2,0.2,0.8,DHL,30539,4,8925.791783849147,Mo-Mi-Do-Fr
2,0.2,0.8,DHL,30559,4,12239.217564875795,Di-Mi-Do-Sa
2,0.2,0.8,DHL,30625,3,7792.715000329305,Mo-Mi-Fr
2,0.2,0.8,DHL,30627,3,5537.72642468628,Mo-Mi-Fr
2,0.2,0.8,DHL,30629,3,6245.822179337685,Mo-Mi-Fr
2,0.2,0.8,DHL,30655,3,8686.242465685005,Mo-Mi-Fr
2,0.2,0.8,DHL,30657,3,9844.99134871318,Di-Do-Sa
2,0.2,0.8,DHL,30659,3,7709.916075148233,Di-Do-Sa
2,0.2,0.8,DHL,30823,3,9674.768851976121,Mo-Mi-Fr
2,0.2,0.8,DHL,30826,3,9003.220291629863,Mo-Mi-Fr
2,0.2,0.8,DHL,30827,4,8435.6179354533,Mo-Di-Mi-Fr
2,0.2,0.8,DHL,30851,4,7050.933701786519,Mo-Mi-Do-Fr
2,0.2,0.8,DHL,30853,3,7852.582474753951,Di-Do-Sa
2,0.2,0.8,DHL,30855,4,32180.53575138497,Mo-Mi-Fr-Sa
2,0.2,0.8,DHL,30880,3,17058.63335939946,Mo-Mi-Fr
2,0.2,0.8,DHL,30890,3,15225.282818450803,Mo-Mi-Fr
2,0.2,0.8,DHL,30900,3,16133.953701113891,Di-Do-Sa
2,0.2,0.8,DHL,30916,3,16947.23892173107,Di-Do-Sa
2,0.2,0.8,DHL,30926,3,13654.9243723472,Mo-Mi-Fr
2,0.2,0.8,DHL,30938,4,14390.915711479527,Di-Mi-Do-Sa
2,0.2,0.8,DHL,30952,3,10633.148517826457,Mo-Mi-Fr
2,0.2,0.8,DHL,30966,3,10072.121559430809,Di-Do-Sa
2,0.2,0.8,DHL,30974,3,7292.895260622064,Di-Do-Sa
2,0.2,0.8,DHL,30982,3,7618.12095473709,Di-Do-Sa
2,0.2,0.8,DHL,30989,3,8030.700219211724,Mo-Mi-Fr
2,0.2,0.8,DHL,31275,3,19714.067213304133,Mo-Mi-Fr
2,0.2,0.8,DHL,31303,3,12951.171764030903,Di-Do-Sa
2,0.2,0.8,DHL,31311,3,10116.552183520149,Mo-Mi-Fr
2,0.2,0.8,DHL,31319,3,11706.744489597733,Di-Do-Sa
2,0.2,0.8,DHL,31515,3,20311.42633186636,Di-Do-Sa
2,0.2,0.8,DHL,31535,3,20713.182314749152,Di-Do-Sa
2,0.2,0.8,DHL,31832,3,13482.573654186228,Mo-Mi-Fr
2,0.2,0.8,DPD,30159,3,6297.576820109053,Di-Do-Sa
2,0.2,0.8,DPD,30161,4,3492.440251655355,Mo-Di-Do-Sa
2,0.2,0.8,DPD,30163,4,3234.299792865347,Di-Mi-Do-Sa
2,0.2,0.8,DPD,30165,3,3036.0623002630327,Di-Do-Sa
2,0.2,0.8,DPD,30167,3,4201.181444820218,Di-Do-Sa
2,0.2,0.8,DPD,30173,3,2928.188720882874,Di-Do-Sa
2,0.2,0.8,DPD,30177,5,1959.348122915845,Mo-Di-Do-Fr-Sa
2,0.2,0.8,DPD,30179,5,2169.9796652530886,Mo-Di-Do-Fr-Sa
2,0.2,0.8,DPD,30419,3,4776.4510595668935,Di-Do-Sa
2,0.2,0.8,DPD,30449,4,3861.8821571869175,Mo-Di-Do-Sa
2,0.2,0.8,DPD,30453,3,3383.7991480790897,Mo-Mi-Fr
2,0.2,0.8,DPD,30455,4,2911.932871678023,Di-Mi-Fr-Sa
2,0.2,0.8,DPD,30457,4,2859.7270216495594,Di-Mi-Fr-Sa
2,0.2,0.8,DPD,30459,5,2300.90093500937,Mo-Di-Do-Fr-Sa
2,0.2,0.8,DPD,30519,4,3957.7910911977924,Mo-Di-Do-Sa
2,0.2,0.8,DPD,30539,3,3130.1986573538716,Di-Do-Sa
2,0.2,0.8,DPD,30559,4,3712.431325196866,Mo-Mi-Do-Sa
2,0.2,0.8,DPD,30625,4,2539.811891419592,Di-Mi-Fr-Sa
2,0.2,0.8,DPD,30627,6,1702.8075328692416,Mo-Di-Mi-Do-Fr-Sa
2,0.2,0.8,DPD,30629,5,1977.9440006774867,Mo-Di-Do-Fr-Sa
2,0.2,0.8,DPD,30655,3,2770.347763640475,Mo-Mi-Fr
2,0.2,0.8,DPD,30657,3,3185.470778374125,Di-Do-Sa
2,0.2,0.8,DPD,30659,4,2336.962764349237,Di-Do-Fr-Sa
2,0.2,0.8,DPD,30823,3,3610.026189286335,Di-Do-Sa
2,0.2,0.8,DPD,30826,3,3917.4847932552075,Di-Do-Sa
2,0.2,0.8,DPD,30827,3,3412.0645888733343,Mo-Mi-Fr
2,0.2,0.8,DPD,30851,5,2205.897488314613,Mo-Di-Do-Fr-Sa
2,0.2,0.8,DPD,30853,4,2748.0357917875594,Mo-Mi-Fr-Sa
2,0.2,0.8,DPD,30855,3,9131.168583989569,Di-Do-Sa
2,0.2,0.8,DPD,30880,3,5238.631225381119,Mo-Mi-Fr
2,0.2,0.8,DPD,30890,3,5930.302049305569,Di-Do-Sa
2,0.2,0.8,DPD,30900,3,6239.876719104504,Di-Do-Sa
2,0.2,0.8,DPD,30916,4,4874.576941605889,Di-Do-Fr-Sa
2,0.2,0.8,DPD,30926,3,5202.44375959612,Di-Do-Sa
2,0.2,0.8,DPD,30938,3,4874.684357602092,Mo-Mi-Fr
2,0.2,0.8,DPD,30952,3,3895.3387647092113,Di-Do-Sa
2,0.2,0.8,DPD,30966,3,3654.3661050499963,Di-Do-Sa
2,0.2,0.8,DPD,30974,3,3388.5287590814505,Mo-Mi-Fr
2,0.2,0.8,DPD,30982,4,3250.386317526037,Di-Do-Fr-Sa
2,0.2,0.8,DPD,30989,4,3358.2788046382066,Di-Do-Fr-Sa
2,0.2,0.8,DPD,31275,3,5777.895845854318,Di-Do-Sa
2,0.2,0.8,DPD,31303,3,4556.804503801647,Mo-Mi-Fr
2,0.2,0.8,DPD,31311,3,4242.629026619845,Di-Do-Sa
2,0.2,0.8,DPD,31319,4,4138.896864896951,Di-Mi-Do-Sa
2,0.2,0.8,DPD,31515,3,7988.490571971623,Mo-Mi-Fr
2,0.2,0.8,DPD,31535,3,8821.292922890812,Mo-Mi-Fr
2,0.2,0.8,DPD,31832,3,5886.122256833505,Di-Do-Sa
2,0.2,0.8,FedEx,30159,3,11961.920295508584,Di-Do-Sa
2,0.2,0.8,FedEx,30161,5,4918.421827270035,Mo-Di-Do-Fr-Sa
2,0.2,0.8,FedEx,30163,3,7573.617065206791,Di-Do-Sa
2,0.2,0.8,FedEx,30167,4,4793.357868699544,Mo-Mi-Fr-Sa
2,0.2,0.8,FedEx,30419,3,3037.038353847851,Di-Do-Sa
2,0.2,0.8,FedEx,30449,5,5037.809704985058,Mo-Di-Mi-Do-Sa
2,0.2,0.8,FedEx,30453,3,2974.1943165409234,Mo-Mi-Fr
2,0.2,0.8,FedEx,30455,3,1861.4357849633573,Mo-Mi-Fr
2,0.2,0.8,FedEx,30457,4,1962.9262836196347,Mo-Di-Mi-Fr
2,0.2,0.8,FedEx,30519,4,4010.9594787011542,Mo-Di-Do-Sa
2,0.2,0.8,FedEx,30539,4,3985.4659915440216,Mo-Di-Do-Fr
2,0.2,0.8,FedEx,30559,3,5039.187312506692,Mo-Mi-Fr
2,0.2,0.8,FedEx,30625,4,3550.3667055539245,Di-Mi-Do-Sa
2,0.2,0.8,FedEx,30655,4,3365.0779003395096,Mo-Di-Mi-Fr
2,0.2,0.8,FedEx,30657,4,4414.647699728448,Di-Mi-Do-Sa
2,0.2,0.8,FedEx,30823,5,1930.2668911295038,Mo-Di-Mi-Do-Sa
2,0.2,0.8,FedEx,30827,4,3763.631923834036,Mo-Mi-Fr-Sa
2,0.2,0.8,FedEx,30853,3,4244.44130956992,Di-Do-Sa
2,0.2,0.8,FedEx,30855,3,10983.058245914403,Di-Do-Sa
2,0.2,0.8,FedEx,30880,5,5650.54807160614,Mo-Di-Mi-Do-Sa
2,0.2,0.8,FedEx,30890,3,3254.8227331311555,Mo-Mi-Fr
2,0.2,0.8,FedEx,30900,3,3920.1505255634775,Mo-Mi-Fr
2,0.2,0.8,FedEx,30916,3,5146.325272194796,Mo-Mi-Fr
2,0.2,0.8,FedEx,30926,4,3009.012356556971,Di-Do-Fr-Sa
2,0.2,0.8,FedEx,30938,3,5304.247211905857,Mo-Mi-Fr
2,0.2,0.8,FedEx,30952,6,2775.4512231381723,Mo-Di-Mi-Do-Fr-Sa
2,0.2,0.8,FedEx,30966,6,2488.5376856129433,Mo-Di-Mi-Do-Fr-Sa
2,0.2,0.8,FedEx,30974,5,2340.633542170353,Mo-Di-Mi-Do-Fr
2,0.2,0.8,FedEx,30982,6,2379.2604748942445,Mo-Di-Mi-Do-Fr-Sa
2,0.2,0.8,FedEx,30989,5,2397.6963758390616,Mo-Di-Mi-Do-Fr
2,0.2,0.8,FedEx,31275,4,4768.639671701135,Mo-Di-Mi-Fr
2,0.2,0.8,FedEx,31303,3,3347.5664508895934,Mo-Mi-Fr
2,0.2,0.8,FedEx,31311,6,2818.577694291381,Mo-Di-Mi-Do-Fr-Sa
2,0.2,0.8,FedEx,31319,4,2806.7306306363644,Di-Mi-Do-Sa
2,0.2,0.8,FedEx,31515,4,4687.827318514532,Mo-Di-Do-Sa
2,0.2,0.8,FedEx,31535,3,5384.586519750695,Di-Do-Sa
2,0.2,0.8,FedEx,31832,3,3764.7267829799825,Mo-Mi-Fr
2,0.2,0.8,GLS,30159,4,4585.713036897777,Mo-Di-Mi-Fr
2,0.2,0.8,GLS,30161,3,2907.6387268943718,Mo-Mi-Fr
2,0.2,0.8,GLS,30163,3,4132.702216661045,Di-Do-Sa
2,0.2,0.8,GLS,30165,5,2354.0194603330215,Mo-Di-Do-Fr-Sa
2,0.2,0.8,GLS,30167,4,3391.2953938575497,Di-Mi-Fr-Sa
2,0.2,0.8,GLS,30173,4,2411.368768919514,Di-Do-Fr-Sa
2,0.2,0.8,GLS,30179,6,2030.2594095239801,Mo-Di-Mi-Do-Fr-Sa
2,0.2,0.8,GLS,30419,3,4474.9658798271985,Mo-Mi-Fr
2,0.2,0.8,GLS,30449,3,3262.5500502033824,Di-Do-Sa
2,0.2,0.8,GLS,30453,4,2802.7828328742335,Di-Do-Fr-Sa
2,0.2,0.8,GLS,30455,5,2398.6905588936056,Mo-Di-Do-Fr-Sa
2,0.2,0.8,GLS,30457,5,2351.365933747939,Mo-Mi-Do-Fr-Sa
2,0.2,0.8,GLS,30459,6,1876.236727895414,Mo-Di-Mi-Do-Fr-Sa
2,0.2,0.8,GLS,30519,4,3435.7315852447477,Mo-Di-Mi-Fr
2,0.2,0.8,GLS,30539,5,2208.4451496065935,Mo-Di-Do-Fr-Sa
2,0.2,0.8,GLS,30559,3,3478.7779361687917,Di-Do-Sa
2,0.2,0.8,GLS,30625,5,2149.574039029973,Mo-Di-Do-Fr-Sa
2,0.2,0.8,GLS,30627,5,1766.4402123349803,Mo-Di-Mi-Do-Fr
2,0.2,0.8,GLS,30629,6,2094.2697610443015,Mo-Di-Mi-Do-Fr-Sa
2,0.2,0.8,GLS,30655,4,2683.7158128795327,Di-Do-Fr-Sa
2,0.2,0.8,GLS,30657,5,2568.855394181864,Mo-Di-Do-Fr-Sa
2,0.2,0.8,GLS,30659,6,2165.5626302364476,Mo-Di-Mi-Do-Fr-Sa
2,0.2,0.8,GLS,30823,3,3643.0395542842566,Di-Do-Sa
2,0.2,0.8,GLS,30826,3,3720.4090021863226,Di-Do-Sa
2,0.2,0.8,GLS,30827,4,2876.2204427494326,Mo-Mi-Fr-Sa
2,0.2,0.8,GLS,30851,6,2097.4205946859483,Mo-Di-Mi-Do-Fr-Sa
2,0.2,0.8,GLS,30853,6,2190.0844891648285,Mo-Di-Mi-Do-Fr-Sa
2,0.2,0.8,GLS,30855,5,7673.692232778254,Mo-Di-Do-Fr-Sa
2,0.2,0.8,GLS,30880,3,3836.147682650448,Di-Do-Sa
2,0.2,0.8,GLS,30890,3,5381.5872988285555,Mo-Mi-Fr
2,0.2,0.8,GLS,30900,3,6125.835640283152,Di-Do-Sa
2,0.2,0.8,GLS,30916,5,4565.31943868683,Mo-Di-Mi-Do-Fr
2,0.2,0.8,GLS,30926,4,4905.420357487597,Mo-Di-Do-Sa
2,0.2,0.8,GLS,30938,3,4762.797944236662,Di-Do-Sa
2,0.2,0.8,GLS,30952,3,3561.9808984961164,Di-Do-Sa
2,0.2,0.8,GLS,30966,3,3179.8922793858046,Di-Do-Sa
2,0.2,0.8,GLS,30974,6,2912.392838204481,Mo-Di-Mi-Do-Fr-Sa
2,0.2,0.8,GLS,30982,5,2669.2552888901455,Mo-Mi-Do-Fr-Sa
2,0.2,0.8,GLS,30989,6,2798.376100761728,Mo-Di-Mi-Do-Fr-Sa
2,0.2,0.8,GLS,31275,3,6276.700679034733,Di-Do-Sa
2,0.2,0.8,GLS,31303,3,5068.082639942786,Mo-Mi-Fr
2,0.2,0.8,GLS,31311,5,4782.449315830167,Mo-Di-Mi-Do-Fr
2,0.2,0.8,GLS,31319,4,4033.8645966197664,Di-Mi-Fr-Sa
2,0.2,0.8,GLS,31515,3,7224.021903334543,Mo-Mi-Fr
2,0.2,0.8,GLS,31535,3,8751.355098051612,Di-Do-Sa
2,0.2,0.8,GLS,31832,5,4930.370142054922,Mo-Di-Mi-Do-Sa
2,0.2,0.8,Hermes,30159,4,5443.89800568437,Di-Mi-Do-Sa
2,0.2,0.8,Hermes,30161,4,3148.887728852028,Mo-Di-Mi-Fr
2,0.2,0.8,Hermes,30163,5,3119.6203699645566,Mo-Di-Mi-Do-Fr
2,0.2,0.8,Hermes,30165,3,3028.252650009243,Mo-Mi-Fr
2,0.2,0.8,Hermes,30167,4,3835.511144408824,Di-Do-Fr-Sa
2,0.2,0.8,Hermes,30173,3,3251.21442014322,Mo-Mi-Fr
2,0.2,0.8,Hermes,30177,3,2826.005898454716,Mo-Mi-Fr
2,0.2,0.8,Hermes,30179,3,2621.605252475033,Mo-Mi-Fr
2,0.2,0.8,Hermes,30419,4,4947.499358798054,Mo-Mi-Fr-Sa
2,0.2,0.8,Hermes,30449,3,3936.4616157724963,Di-Do-Sa
2,0.2,0.8,Hermes,30453,3,3374.4045704948107,Mo-Mi-Fr
2,0.2,0.8,Hermes,30455,3,3199.9593910575086,Di-Do-Sa
2,0.2,0.8,Hermes,30457,3,3244.345101385211,Di-Do-Sa
2,0.2,0.8,Hermes,30459,3,3188.009708940444,Di-Do-Sa
2,0.2,0.8,Hermes,30519,4,4595.959622842906,Di-Do-Fr-Sa
2,0.2,0.8,Hermes,30539,3,3424.8422631164367,Di-Do-Sa
2,0.2,0.8,Hermes,30559,3,5025.726141118515,Di-Do-Sa
2,0.2,0.8,Hermes,30625,3,3094.420856841493,Di-Do-Sa
2,0.2,0.8,Hermes,30627,6,1800.235438802243,Mo-Di-Mi-Do-Fr-Sa
2,0.2,0.8,Hermes,30629,3,3115.1040653813297,Mo-Mi-Fr
2,0.2,0.8,Hermes,30655,4,3328.4195559862555,Di-Mi-Do-Sa
2,0.2,0.8,Hermes,30657,3,3030.534288981312,Di-Do-Sa
2,0.2,0.8,Hermes,30659,3,3117.092768600405,Di-Do-Sa
2,0.2,0.8,Hermes,30823,4,3784.248044211543,Mo-Mi-Do-Fr
2,0.2,0.8,Hermes,30826,4,3929.2236930593435,Di-Mi-Fr-Sa
2,0.2,0.8,Hermes,30827,4,3026.7264604130387,Di-Mi-Fr-Sa
2,0.2,0.8,Hermes,30851,3,2710.195605892728,Di-Do-Sa
2,0.2,0.8,Hermes,30853,4,2443.279145545455,Di-Mi-Fr-Sa
2,0.2,0.8,Hermes,30855,3,8346.824234786925,Di-Do-Sa
2,0.2,0.8,Hermes,30880,4,6314.927236442937,Mo-Mi-Fr-Sa
2,0.2,0.8,Hermes,30890,3,6570.439704592048,Di-Do-Sa
2,0.2,0.8,Hermes,30900,3,6758.677921040901,Di-Do-Sa
2,0.2,0.8,Hermes,30916,3,5322.201730935062,Di-Do-Sa
2,0.2,0.8,Hermes,30926,4,5620.042944680659,Di-Mi-Fr-Sa
2,0.2,0.8,Hermes,30938,3,5157.992664001343,Di-Do-Sa
2,0.2,0.8,Hermes,30952,4,4460.940101275775,Mo-Di-Do-Fr
2,0.2,0.8,Hermes,30966,5,4249.603693278191,Mo-Di-Mi-Do-Fr
2,0.2,0.8,Hermes,30974,3,3869.070900334753,Di-Do-Sa
2,0.2,0.8,Hermes,30982,3,3879.336407059738,Mo-Mi-Fr
2,0.2,0.8,Hermes,30989,3,3601.644110174985,Di-Do-Sa
2,0.2,0.8,Hermes,31275,3,8494.666226461017,Di-Do-Sa
2,0.2,0.8,Hermes,31303,3,6062.268116330397,Mo-Mi-Fr
2,0.2,0.8,Hermes,31311,3,5594.628231723813,Di-Do-Sa
2,0.2,0.8,Hermes,31319,3,5693.310394319302,Di-Do-Sa
2,0.2,0.8,Hermes,31515,3,8103.393645193889,Mo-Mi-Fr
2,0.2,0.8,Hermes,31535,3,9724.325421097521,Di-Do-Sa
2,0.2,0.8,Hermes,31832,3,6999.770284619654,Mo-Mi-Fr
2,0.2,0.8,UPS,30159,4,13357.068152484371,Di-Mi-Fr-Sa
2,0.2,0.8,UPS,30161,4,5865.286694617829,Di-Mi-Fr-Sa
2,0.2,0.8,UPS,30163,4,6161.889859148246,Mo-Di-Do-Sa
2,0.2,0.8,UPS,30165,4,3497.8975509057727,Mo-Mi-Fr-Sa
2,0.2,0.8,UPS,30167,3,5567.7285686104005,Di-Do-Sa
2,0.2,0.8,UPS,30419,4,3320.388168554739,Mo-Di-Mi-Fr
2,0.2,0.8,UPS,30449,3,6064.726705689037,Di-Do-Sa
2,0.2,0.8,UPS,30453,3,3183.912621951039,Di-Do-Sa
2,0.2,0.8,UPS,30455,5,1948.033919866733,Mo-Di-Mi-Do-Sa
2,0.2,0.8,UPS,30457,6,2082.9256820867663,Mo-Di-Mi-Do-Fr-Sa
2,0.2,0.8,UPS,30519,4,4790.692097951345,Di-Do-Fr-Sa
2,0.2,0.8,UPS,30539,4,4160.0447590268095,Mo-Mi-Fr-Sa
2,0.2,0.8,UPS,30559,4,4823.224701602637,Mo-Di-Mi-Fr
2,0.2,0.8,UPS,30625,3,4020.242954998517,Mo-Mi-Fr
2,0.2,0.8,UPS,30655,5,2042.8805588262653,Mo-Mi-Do-Fr-Sa
2,0.2,0.8,UPS,30657,5,4520.907596607038,Mo-Di-Do-Fr-Sa
2,0.2,0.8,UPS,30659,5,3533.681954376151,Mo-Di-Mi-Do-Fr
2,0.2,0.8,UPS,30823,4,2654.534337164178,Di-Do-Fr-Sa
2,0.2,0.8,UPS,30826,6,2042.7216152816727,Mo-Di-Mi-Do-Fr-Sa
2,0.2,0.8,UPS,30827,4,3255.427441751636,Di-Mi-Do-Sa
2,0.2,0.8,UPS,30853,3,4255.8699730094295,Di-Do-Sa
2,0.2,0.8,UPS,30855,4,11950.038440589424,Mo-Di-Do-Sa
2,0.2,0.8,UPS,30880,3,6663.396427257862,Di-Do-Sa
2,0.2,0.8,UPS,30890,3,3970.4285434389003,Mo-Mi-Fr
2,0.2,0.8,UPS,30900,3,4511.537836544768,Di-Do-Sa
2,0.2,0.8,UPS,30916,4,5760.349244117236,Mo-Di-Do-Fr
2,0.2,0.8,UPS,30926,3,3535.2395278923327,Di-Do-Sa
2,0.2,0.8,UPS,30938,3,5552.376026058951,Di-Do-Sa
2,0.2,0.8,UPS,30952,3,3108.384936767642,Mo-Mi-Fr
2,0.2,0.8,UPS,30966,4,3126.9240475737743,Di-Mi-Fr-Sa
2,0.2,0.8,UPS,30974,5,2927.5249007587668,Mo-Di-Do-Fr-Sa
2,0.2,0.8,UPS,30982,5,2924.1821697685236,Mo-Di-Mi-Do-Fr
2,0.2,0.8,UPS,30989,4,2992.143696633608,Di-Do-Fr-Sa
2,0.2,0.8,UPS,31275,3,5784.191977665958,Mo-Mi-Fr
2,0.2,0.8,UPS,31303,3,3880.2087197935575,Di-Do-Sa
2,0.2,0.8,UPS,31311,3,3640.071661722056,Mo-Mi-Fr
2,0.2,0.8,UPS,31319,3,3122.6993476289476,Di-Do-Sa
2,0.2,0.8,UPS,31515,3,5781.60309784349,Mo-Mi-Fr
2,0.2,0.8,UPS,31535,3,6338.868804001692,Mo-Mi-Fr
2,0.2,0.8,UPS,31832,3,4958.636358659692,Mo-Mi-Fr
2,0.30000000000000004,0.7,Amazon,30159,3,11044.19124330486,Di-Do-Sa
2,0.30000000000000004,0.7,Amazon,30161,4,5861.14308355979,Di-Mi-Do-Sa
2,0.30000000000000004,0.7,Amazon,30163,4,5566.391468802536,Di-Mi-Do-Sa
2,0.30000000000000004,0.7,Amazon,30165,4,4491.683983808849,Mo-Di-Mi-Fr
2,0.30000000000000004,0.7,Amazon,30167,5,7080.191380357644,Di-Mi-Do-Fr-Sa
2,0.30000000000000004,0.7,Amazon,30173,4,4773.846468619654,Mo-Mi-Fr-Sa
2,0.30000000000000004,0.7,Amazon,30177,3,4003.203671711363,Di-Do-Sa
2,0.30000000000000004,0.7,Amazon,30179,3,3830.800366105121,Di-Do-Sa
2,0.30000000000000004,0.7,Amazon,30419,4,8405.019227503675,Di-Do-Fr-Sa
2,0.30000000000000004,0.7,Amazon,30449,5,6912.6979149114495,Mo-Mi-Do-Fr-Sa
2,0.30000000000000004,0.7,Amazon,30453,3,4671.014549615279,Di-Do-Sa
2,0.30000000000000004,0.7,Amazon,30455,3,4394.04430807987,Mo-Mi-Fr
2,0.30000000000000004,0.7,Amazon,30457,4,4563.926716349681,Mo-Di-Mi-Fr
2,0.30000000000000004,0.7,Amazon,30459,4,4246.071623567221,Di-Mi-Fr-Sa
2,0.30000000000000004,0.7,Amazon,30519,5,7836.8295565249455,Di-Mi-Do-Fr-Sa
2,0.30000000000000004,0.7,Amazon,30539,5,5203.63663204873,Mo-Di-Mi-Do-Fr
2,0.30000000000000004,0.7,Amazon,30559,6,7936.80103693811,Mo-Di-Mi-Do-Fr-Sa
2,0.30000000000000004,0.7,Amazon,30625,4,4570.371166755165,Di-Mi-Do-Sa
2,0.30000000000000004,0.7,Amazon,30627,3,3433.2738749509394,Di-Do-Sa
2,0.30000000000000004,0.7,Amazon,30629,3,4148.322162728031,Di-Do-Sa
2,0.30000000000000004,0.7,Amazon,30655,4,5089.399252498319,Di-Mi-Do-Sa
2,0.30000000000000004,0.7,Amazon,30657,4,5002.11589014085,Mo-Mi-Do-Sa
2,0.30000000000000004,0.7,Amazon,30659,4,4335.29717063748,Di-Mi-Fr-Sa
2,0.30000000000000004,0.7,Amazon,30823,4,5147.920418577296,Di-Mi-Do-Sa
2,0.30000000000000004,0.7,Amazon,30826,4,5003.7179028377395,Mo-Di-Do-Sa
2,0.30000000000000004,0.7,Amazon,30827,3,4288.551226571997,Mo-Mi-Fr
2,0.30000000000000004,0.7,Amazon,30851,4,3951.082587236231,Di-Mi-Fr-Sa
2,0.30000000000000004,0.7,Amazon,30853,4,4182.224135750714,Di-Mi-Do-Sa
2,0.30000000000000004,0.7,Amazon,30855,4,15783.225999164166,Mo-Di-Do-Sa
2,0.30000000000000004,0.7,Amazon,30880,3,10313.623513458766,Mo-Mi-Fr
2,0.30000000000000004,0.7,Amazon,30890,3,9547.088991512921,Mo-Mi-Fr
2,0.30000000000000004,0.7,Amazon,30900,3,10729.179338129345,Di-Do-Sa
2,0.30000000000000004,0.7,Amazon,30916,3,9150.480699052938,Mo-Mi-Fr
2,0.30000000000000004,0.7,Amazon,30926,4,8177.299261369643,Mo-Mi-Fr-Sa
2,0.30000000000000004,0.7,Amazon,30938,4,8382.267520835161,Mo-Di-Do-Fr
2,0.30000000000000004,0.7,Amazon,30952,5,6558.179681362442,Mo-Di-Mi-Do-Fr
2,0.30000000000000004,0.7,Amazon,30966,4,6465.854390898192,Mo-Mi-Do-Fr
2,0.30000000000000004,0.7,Amazon,30974,4,4945.204614278671,Di-Mi-Fr-Sa
2,0.30000000000000004,0.7,Amazon,30982,5,5402.466668003967,Mo-Di-Mi-Do-Sa
2,0.30000000000000004,0.7,Amazon,30989,4,4905.311456112642,Mo-Di-Mi-Fr
2,0.30000000000000004,0.7,Amazon,31275,4,13563.055795260703,Di-Mi-Do-Sa
2,0.30000000000000004,0.7,Amazon,31303,4,9632.436772583796,Mo-Mi-Do-Fr
2,0.30000000000000004,0.7,Amazon,31311,3,7663.700611189428,Di-Do-Sa
2,0.30000000000000004,0.7,Amazon,31319,4,8675.958920120896,Mo-Di-Mi-Fr
2,0.30000000000000004,0.7,Amazon,31515,4,11766.091790139091,Mo-Mi-Do-Sa
2,0.30000000000000004,0.7,Amazon,31535,3,13623.646525065547,Di-Do-Sa
2,0.30000000000000004,0.7,Amazon,31832,3,9853.30032908795,Mo-Mi-Fr
2,0.30000000000000004,0.7,DHL,30159,5,20784.15954571775,Mo-Mi-Do-Fr-Sa
2,0.30000000000000004,0.7,DHL,30161,5,10891.42280549101,Mo-Di-Mi-Do-Fr
2,0.30000000000000004,0.7,DHL,30163,6,9949.803363797471,Mo-Di-Mi-Do-Fr-Sa
2,0.30000000000000004,0.7,DHL,30165,4,8495.518322503045,Di-Mi-Fr-Sa
2,0.30000000000000004,0.7,DHL,30167,4,12784.724023013645,Mo-Di-Do-Sa
2,0.30000000000000004,0.7,DHL,30169,5,5423.437979426412,Mo-Di-Do-Fr-Sa
2,0.30000000000000004,0.7,DHL,30173,4,8980.338806562526,Di-Mi-Fr-Sa
2,0.30000000000000004,0.7,DHL,30177,4,6456.067676729972,Mo-Di-Do-Fr
2,0.30000000000000004,0.7,DHL,30179,4,6822.252437448476,Mo-Di-Mi-Fr
2,0.30000000000000004,0.7,DHL,30419,5,15433.156247781431,Mo-Di-Mi-Do-Sa
2,0.30000000000000004,0.7,DHL,30449,5,7448.270615701773,Mo-Di-Mi-Fr-Sa
2,0.30000000000000004,0.7,DHL,30453,3,8662.31323549946,Mo-Mi-Fr
2,0.30000000000000004,0.7,DHL,30455,4,7158.057098180914,Mo-Mi-Do-Fr
2,0.30000000000000004,0.7,DHL,30457,4,6908.784966450089,Mo-Di-Do-Fr
2,0.30000000000000004,0.7,DHL,30459,4,6611.961062933973,Mo-Di-Do-Sa
2,0.30000000000000004,0.7,DHL,30519,4,13046.241800271575,Di-Mi-Do-Sa
2,0.30000000000000004,0.7,DHL,30539,4,9028.123046570316,Di-Do-Fr-Sa
2,0.30000000000000004,0.7,DHL,30559,5,12267.798216462985,Mo-Di-Mi-Do-Sa
2,0.30000000000000004,0.7,DHL,30625,4,7670.526399681585,Di-Do-Fr-Sa
2,0.30000000000000004,0.7,DHL,30627,4,5377.692538777956,Mo-Di-Do-Sa
2,0.30000000000000004,0.7,DHL,30629,4,6562.0496251975455,Mo-Di-Do-Sa
2,0.30000000000000004,0.7,DHL,30655,4,8560.90757841372,Di-Mi-Fr-Sa
2,0.30000000000000004,0.7,DHL,30657,5,9952.251164281088,Mo-Di-Mi-Fr-Sa
2,0.30000000000000004,0.7,DHL,30659,3,7749.768920868484,Di-Do-Sa
2,0.30000000000000004,0.7,DHL,30823,4,10069.323383761144,Mo-Di-Do-Sa
2,0.30000000000000004,0.7,DHL,30826,3,9045.641198164076,Mo-Mi-Fr
2,0.30000000000000004,0.7,DHL,30827,4,8460.159098230713,Mo-Mi-Do-Sa
2,0.30000000000000004,0.7,DHL,30851,5,7139.926422597469,Mo-Di-Mi-Do-Sa
2,0.30000000000000004,0.7,DHL,30853,5,7918.146551710703,Mo-Di-Mi-Fr-Sa
2,0.30000000000000004,0.7,DHL,30855,5,32370.372550565186,Mo-Di-Mi-Do-Sa
2,0.30000000000000004,0.7,DHL,30880,3,17272.377601772692,Mo-Mi-Fr
2,0.30000000000000004,0.7,DHL,30890,4,15587.185654953108,Mo-Mi-Do-Sa
2,0.30000000000000004,0.7,DHL,30900,3,16918.989121957937,Di-Do-Sa
2,0.30000000000000004,0.7,DHL,30916,3,17165.224136143108,Di-Do-Sa
2,0.30000000000000004,0.7,DHL,30926,3,13579.123283945519,Di-Do-Sa
2,0.30000000000000004,0.7,DHL,30938,4,14247.308094817296,Di-Mi-Fr-Sa
2,0.30000000000000004,0.7,DHL,30952,4,10857.626624390423,Mo-Di-Do-Sa
2,0.30000000000000004,0.7,DHL,30966,3,10209.582724834754,Di-Do-Sa
2,0.30000000000000004,0.7,DHL,30974,4,7539.678612763622,Di-Do-Fr-Sa
2,0.30000000000000004,0.7,DHL,30982,4,7640.582543114969,Di-Do-Fr-Sa
2,0.30000000000000004,0.7,DHL,30989,4,8223.79006016381,Di-Do-Fr-Sa
2,0.30000000000000004,0.7,DHL,31275,3,19823.846673102675,Di-Do-Sa
2,0.30000000000000004,0.7,DHL,31303,3,13162.640013389399,Di-Do-Sa
2,0.30000000000000004,0.7,DHL,31311,4,10089.711330862943,Di-Mi-Fr-Sa
2,0.30000000000000004,0.7,DHL,31319,3,11595.928026788719,Mo-Mi-Fr
2,0.30000000000000004,0.7,DHL,31515,3,20209.422300517723,Di-Do-Sa
2,0.30000000000000004,0.7,DHL,31535,4,20827.829080675398,Di-Mi-Do-Sa
2,0.30000000000000004,0.7,DHL,31832,4,14004.244528092893,Mo-Mi-Fr-Sa
2,0.30000000000000004,0.7,DPD,30159,5,6369.364410062577,Mo-Di-Mi-Do-Sa
2,0.30000000000000004,0.7,DPD,30161,3,3523.77619740581,Di-Do-Sa
2,0.30000000000000004,0.7,DPD,30163,3,3245.509066551821,Mo-Mi-Fr
2,0.30000000000000004,0.7,DPD,30165,4,3087.9632328365597,Di-Mi-Fr-Sa
2,0.30000000000000004,0.7,DPD,30167,3,3948.9981605104604,Di-Do-Sa
2,0.30000000000000004,0.7,DPD,30173,3,2966.4087801721785,Di-Do-Sa
2,0.30000000000000004,0.7,DPD,30177,5,1963.6745777254125,Mo-Di-Do-Fr-Sa
2,0.30000000000000004,0.7,DPD,30179,5,2176.071007564437,Mo-Di-Do-Fr-Sa
2,0.30000000000000004,0.7,DPD,30419,3,4776.2574355949155,Di-Do-Sa
2,0.30000000000000004,0.7,DPD,30449,4,3850.2430841315136,Mo-Di-Do-Fr
2,0.30000000000000004,0.7,DPD,30453,3,3271.2074742457385,Mo-Mi-Fr
2,0.30000000000000004,0.7,DPD,30455,4,2731.6711757079283,Di-Do-Fr-Sa
2,0.30000000000000004,0.7,DPD,30457,4,2669.3100013003177,Di-Do-Fr-Sa
2,0.30000000000000004,0.7,DPD,30459,5,2308.6417774557285,Mo-Di-Do-Fr-Sa
2,0.30000000000000004,0.7,DPD,30519,4,4009.08231283945,Mo-Di-Do-Fr
2,0.30000000000000004,0.7,DPD,30539,3,3160.808438986148,Di-Do-Sa
2,0.30000000000000004,0.7,DPD,30559,4,3718.754596909246,Mo-Mi-Do-Sa
2,0.30000000000000004,0.7,DPD,30625,4,2370.7320855050093,Mo-Mi-Fr-Sa
2,0.30000000000000004,0.7,DPD,30627,5,1694.2602928181109,Mo-Di-Mi-Do-Sa
2,0.30000000000000004,0.7,DPD,30629,5,1988.2216644720684,Mo-Di-Do-Fr-Sa
2,0.30000000000000004,0.7,DPD,30655,4,2639.84515620337,Di-Mi-Fr-Sa
2,0.30000000000000004,0.7,DPD,30657,3,3183.824810683698,Di-Do-Sa
2,0.30000000000000004,0.7,DPD,30659,4,2324.5364672445467,Di-Do-Fr-Sa
2,0.30000000000000004,0.7,DPD,30823,3,3597.48556460459,Di-Do-Sa
2,0.30000000000000004,0.7,DPD,30826,3,3715.35353677937,Di-Do-Sa
2,0.30000000000000004,0.7,DPD,30827,3,3215.3314844246233,Di-Do-Sa
2,0.30000000000000004,0.7,DPD,30851,5,2199.6005314887225,Mo-Di-Do-Fr-Sa
2,0.30000000000000004,0.7,DPD,30853,4,2753.1346011272926,Mo-Mi-Fr-Sa
2,0.30000000000000004,0.7,DPD,30855,4,9412.407073222488,Di-Do-Fr-Sa
2,0.30000000000000004,0.7,DPD,30880,3,5341.557037191167,Di-Do-Sa
2,0.30000000000000004,0.7,DPD,30890,3,5921.040856675891,Mo-Mi-Fr
2,0.30000000000000004,0.7,DPD,30900,3,6547.842673226874,Di-Do-Sa
2,0.30000000000000004,0.7,DPD,30916,3,4959.611860076349,Di-Do-Sa
2,0.30000000000000004,0.7,DPD,30926,3,5286.431237512696,Di-Do-Sa
2,0.30000000000000004,0.7,DPD,30938,4,4995.788288697516,Mo-Di-Do-Sa
2,0.30000000000000004,0.7,DPD,30952,3,3930.519083690651,Di-Do-Sa
2,0.30000000000000004,0.7,DPD,30966,3,3718.1360317515523,Di-Do-Sa
2,0.30000000000000004,0.7,DPD,30974,3,3414.1382740443632,Mo-Mi-Fr
2,0.30000000000000004,0.7,DPD,30982,4,3271.745129260153,Di-Do-Fr-Sa
2,0.30000000000000004,0.7,DPD,30989,4,3369.4603325342277,Di-Do-Fr-Sa
2,0.30000000000000004,0.7,DPD,31275,3,5898.619921365826,Mo-Mi-Fr
2,0.30000000000000004,0.7,DPD,31303,3,4656.107462029098,Mo-Mi-Fr
2,0.30000000000000004,0.7,DPD,31311,3,4297.740070110036,Mo-Mi-Fr
2,0.30000000000000004,0.7,DPD,31319,4,4155.444740744186,Di-Mi-Do-Sa
2,0.30000000000000004,0.7,DPD,31515,3,7585.211262491934,Di-Do-Sa
2,0.30000000000000004,0.7,DPD,31535,3,8921.67435937247,Di-Do-Sa
2,0.30000000000000004,0.7,DPD,31832,3,6123.179145157052,Di-Do-Sa
2,0.30000000000000004,0.7,FedEx,30159,3,12093.967497071622,Di-Do-Sa
2,0.30000000000000004,0.7,FedEx,30161,4,4719.11938748556,Mo-Mi-Fr-Sa
2,0.30000000000000004,0.7,FedEx,30163,3,7477.325874178809,Mo-Mi-Fr
2,0.30000000000000004,0.7,FedEx,30167,3,4760.364301364115,Di-Do-Sa
2,0.30000000000000004,0.7,FedEx,30419,3,3112.324461754115,Mo-Mi-Fr
2,0.30000000000000004,0.7,FedEx,30449,4,5015.668628553201,Di-Mi-Do-Sa
2,0.30000000000000004,0.7,FedEx,30453,4,2766.780975132272,Di-Mi-Fr-Sa
2,0.30000000000000004,0.7,FedEx,30455,3,1872.0374089453858,Mo-Mi-Fr
2,0.30000000000000004,0.7,FedEx,30457,4,1963.7553365440913,Mo-Di-Mi-Fr
2,0.30000000000000004,0.7,FedEx,30519,3,3999.047186707804,Mo-Mi-Fr
2,0.30000000000000004,0.7,FedEx,30539,4,3999.4629710527392,Mo-Di-Do-Sa
2,0.30000000000000004,0.7,FedEx,30559,3,5080.484375937416,Di-Do-Sa
2,0.30000000000000004,0.7,FedEx,30625,4,3530.557858253269,Di-Mi-Fr-Sa
2,0.30000000000000004,0.7,FedEx,30655,4,3364.138805168805,Mo-Di-Mi-Fr
2,0.30000000000000004,0.7,FedEx,30657,3,4386.249036365957,Mo-Mi-Fr
2,0.30000000000000004,0.7,FedEx,30823,5,1934.2361596600877,Mo-Di-Mi-Do-Sa
2,0.30000000000000004,0.7,FedEx,30827,3,3725.8465890373036,Di-Do-Sa
2,0.30000000000000004,0.7,FedEx,30853,3,3898.0862942976096,Di-Do-Sa
2,0.30000000000000004,0.7,FedEx,30855,4,10878.387221742903,Mo-Di-Mi-Fr
2,0.30000000000000004,0.7,FedEx,30880,5,5681.1413237476545,Mo-Di-Mi-Do-Fr
2,0.30000000000000004,0.7,FedEx,30890,3,3256.2062715242737,Mo-Mi-Fr
2,0.30000000000000004,0.7,FedEx,30900,3,3796.336978257372,Mo-Mi-Fr
2,0.30000000000000004,0.7,FedEx,30916,5,5181.033922543619,Mo-Di-Mi-Do-Sa
2,0.30000000000000004,0.7,FedEx,30926,4,3039.716672684699,Di-Do-Fr-Sa
2,0.30000000000000004,0.7,FedEx,30938,4,4941.500114456662,Di-Mi-Fr-Sa
2,0.30000000000000004,0.7,FedEx,30952,5,2761.9033217162823,Mo-Di-Mi-Do-Sa
2,0.30000000000000004,0.7,FedEx,30966,6,2488.5376856129433,Mo-Di-Mi-Do-Fr-Sa
2,0.30000000000000004,0.7,FedEx,30974,4,2333.4168073556575,Di-Mi-Do-Sa
2,0.30000000000000004,0.7,FedEx,30982,6,2379.2604748942445,Mo-Di-Mi-Do-Fr-Sa
2,0.30000000000000004,0.7,FedEx,30989,5,2390.458724184668,Mo-Di-Mi-Do-Fr
2,0.30000000000000004,0.7,FedEx,31275,4,4780.106699867186,Mo-Di-Mi-Fr
2,0.30000000000000004,0.7,FedEx,31303,3,3403.391128932439,Mo-Mi-Fr
2,0.30000000000000004,0.7,FedEx,31311,6,2818.577694291381,Mo-Di-Mi-Do-Fr-Sa
2,0.30000000000000004,0.7,FedEx,31319,4,2768.8066756365442,Di-Mi-Do-Sa
2,0.30000000000000004,0.7,FedEx,31515,4,4732.536675068437,Mo-Di-Do-Fr
2,0.30000000000000004,0.7,FedEx,31535,3,5333.058736986675,Di-Do-Sa
2,0.30000000000000004,0.7,FedEx,31832,3,3879.85721492131,Mo-Mi-Fr
2,0.30000000000000004,0.7,GLS,30159,3,4557.08585634849,Di-Do-Sa
2,0.30000000000000004,0.7,GLS,30161,3,2929.741945071162,Di-Do-Sa
2,0.30000000000000004,0.7,GLS,30163,3,3908.7070412108055,Di-Do-Sa
2,0.30000000000000004,0.7,GLS,30165,5,2152.2347282495803,Mo-Di-Do-Fr-Sa
2,0.30000000000000004,0.7,GLS,30167,4,3378.591879341539,Di-Mi-Fr-Sa
2,0.30000000000000004,0.7,GLS,30173,4,2229.568162401855,Di-Do-Fr-Sa
2,0.30000000000000004,0.7,GLS,30179,6,2030.2594095239801,Mo-Di-Mi-Do-Fr-Sa
2,0.30000000000000004,0.7,GLS,30419,3,4479.596452220012,Mo-Mi-Fr
2,0.30000000000000004,0.7,GLS,30449,3,3076.9784691291757,Di-Do-Sa
2,0.30000000000000004,0.7,GLS,30453,4,2618.4675703759017,Di-Do-Fr-Sa
2,0.30000000000000004,0.7,GLS,30455,5,2404.9050335602037,Mo-Di-Do-Fr-Sa
2,0.30000000000000004,0.7,GLS,30457,5,2355.7701559321345,Mo-Mi-Do-Fr-Sa
2,0.30000000000000004,0.7,GLS,30459,6,1876.236727895414,Mo-Di-Mi-Do-Fr-Sa
2,0.30000000000000004,0.7,GLS,30519,3,3451.6804040920188,Di-Do-Sa
2,0.30000000000000004,0.7,GLS,30539,5,2202.2837224000696,Mo-Di-Do-Fr-Sa
2,0.30000000000000004,0.7,GLS,30559,3,3496.071542467597,Di-Do-Sa
2,0.30000000000000004,0.7,GLS,30625,5,2157.110574282835,Mo-Di-Do-Fr-Sa
2,0.30000000000000004,0.7,GLS,30627,4,1749.517022345094,Di-Mi-Do-Sa
2,0.30000000000000004,0.7,GLS,30629,6,2094.2697610443015,Mo-Di-Mi-Do-Fr-Sa
2,0.30000000000000004,0.7,GLS,30655,4,2509.9217684971672,Di-Do-Fr-Sa
2,0.30000000000000004,0.7,GLS,30657,5,2543.5383305603636,Mo-Di-Do-Fr-Sa
2,0.30000000000000004,0.7,GLS,30659,6,2165.5626302364476,Mo-Di-Mi-Do-Fr-Sa
2,0.30000000000000004,0.7,GLS,30823,3,3685.0229968916124,Di-Do-Sa
2,0.30000000000000004,0.7,GLS,30826,4,3766.7235942796215,Di-Mi-Fr-Sa
2,0.30000000000000004,0.7,GLS,30827,5,2818.3953501122405,Mo-Di-Do-Fr-Sa
2,0.30000000000000004,0.7,GLS,30851,6,2097.4205946859483,Mo-Di-Mi-Do-Fr-Sa
2,0.30000000000000004,0.7,GLS,30853,6,2190.0844891648285,Mo-Di-Mi-Do-Fr-Sa
2,0.30000000000000004,0.7,GLS,30855,5,7887.3559609465965,Mo-Di-Do-Fr-Sa
2,0.30000000000000004,0.7,GLS,30880,3,3840.3250256786523,Di-Do-Sa
2,0.30000000000000004,0.7,GLS,30890,3,5591.7874321943,Mo-Mi-Fr
2,0.30000000000000004,0.7,GLS,30900,3,6544.1804973065855,Mo-Mi-Fr
2,0.30000000000000004,0.7,GLS,30916,4,4513.666693958351,Di-Mi-Do-Sa
2,0.30000000000000004,0.7,GLS,30926,4,4980.921848799378,Mo-Di-Do-Fr
2,0.30000000000000004,0.7,GLS,30938,3,4651.726443214075,Di-Do-Sa
2,0.30000000000000004,0.7,GLS,30952,3,3610.0073377113304,Di-Do-Sa
2,0.30000000000000004,0.7,GLS,30966,3,3219.576915818346,Di-Do-Sa
2,0.30000000000000004,0.7,GLS,30974,6,2912.392838204481,Mo-Di-Mi-Do-Fr-Sa
2,0.30000000000000004,0.7,GLS,30982,5,2676.027501582212,Mo-Mi-Do-Fr-Sa
2,0.30000000000000004,0.7,GLS,30989,6,2798.376100761728,Mo-Di-Mi-Do-Fr-Sa
2,0.30000000000000004,0.7,GLS,31275,3,6097.542552734196,Mo-Mi-Fr
2,0.30000000000000004,0.7,GLS,31303,3,5195.204779964177,Di-Do-Sa
2,0.30000000000000004,0.7,GLS,31311,4,4741.763577778434,Di-Mi-Do-Sa
2,0.30000000000000004,0.7,GLS,31319,3,3988.7111434474405,Di-Do-Sa
2,0.30000000000000004,0.7,GLS,31515,3,7368.7046586413535,Mo-Mi-Fr
2,0.30000000000000004,0.7,GLS,31535,3,8810.184389597769,Di-Do-Sa
2,0.30000000000000004,0.7,GLS,31832,5,4978.857283973986,Mo-Di-Mi-Do-Sa
2,0.30000000000000004,0.7,Hermes,30159,4,5461.426270662059,Di-Mi-Do-Sa
2,0.30000000000000004,0.7,Hermes,30161,4,3159.7143493022413,Mo-Di-Mi-Fr
2,0.30000000000000004,0.7,Hermes,30163,4,3104.9070986765278,Mo-Di-Mi-Fr
2,0.30000000000000004,0.7,Hermes,30165,3,2831.551688955037,Di-Do-Sa
2,0.30000000000000004,0.7,Hermes,30167,3,3818.207388667321,Di-Do-Sa
2,0.30000000000000004,0.7,Hermes,30173,3,3061.6241017503758,Di-Do-Sa
2,0.30000000000000004,0.7,Hermes,30177,3,2623.1395246997386,Mo-Mi-Fr
2,0.30000000000000004,0.7,Hermes,30179,4,2445.8144974389484,Di-Mi-Fr-Sa
2,0.30000000000000004,0.7,Hermes,30419,3,4932.048552040048,Di-Do-Sa
2,0.30000000000000004,0.7,Hermes,30449,3,3730.440225637654,Di-Do-Sa
2,0.30000000000000004,0.7,Hermes,30453,3,3188.4464150574895,Di-Do-Sa
2,0.30000000000000004,0.7,Hermes,30455,3,3235.4903471150874,Di-Do-Sa
2,0.30000000000000004,0.7,Hermes,30457,3,3285.484691868206,Di-Do-Sa
2,0.30000000000000004,0.7,Hermes,30459,3,3228.5017700300086,Di-Do-Sa
2,0.30000000000000004,0.7,Hermes,30519,4,4680.255952980645,Di-Do-Fr-Sa
2,0.30000000000000004,0.7,Hermes,30539,3,3482.3805422598484,Di-Do-Sa
2,0.30000000000000004,0.7,Hermes,30559,3,4698.427103750653,Di-Do-Sa
2,0.30000000000000004,0.7,Hermes,30625,3,3123.4434697995,Di-Do-Sa
2,0.30000000000000004,0.7,Hermes,30627,6,1800.235438802243,Mo-Di-Mi-Do-Fr-Sa
2,0.30000000000000004,0.7,Hermes,30629,4,2788.2580314346196,Di-Mi-Fr-Sa
2,0.30000000000000004,0.7,Hermes,30655,3,3086.514900745509,Di-Do-Sa
2,0.30000000000000004,0.7,Hermes,30657,3,3051.164346632711,Di-Do-Sa
2,0.30000000000000004,0.7,Hermes,30659,3,3151.9466971581296,Di-Do-Sa
2,0.30000000000000004,0.7,Hermes,30823,3,3706.6440524581567,Mo-Mi-Fr
2,0.30000000000000004,0.7,Hermes,30826,3,3854.3035961029473,Mo-Mi-Fr
2,0.30000000000000004,0.7,Hermes,30827,3,3014.8123765951527,Di-Do-Sa
2,0.30000000000000004,0.7,Hermes,30851,3,2731.908926120891,Mo-Mi-Fr
2,0.30000000000000004,0.7,Hermes,30853,4,2450.175555717372,Di-Mi-Fr-Sa
2,0.30000000000000004,0.7,Hermes,30855,3,8399.327326632936,Mo-Mi-Fr
2,0.30000000000000004,0.7,Hermes,30880,3,6054.725019856582,Di-Do-Sa
2,0.30000000000000004,0.7,Hermes,30890,3,6769.521177896985,Di-Do-Sa
2,0.30000000000000004,0.7,Hermes,30900,3,6848.81335491167,Di-Do-Sa
2,0.30000000000000004,0.7,Hermes,30916,3,5301.180737143802,Mo-Mi-Fr
2,0.30000000000000004,0.7,Hermes,30926,3,5609.094576676559,Mo-Mi-Fr
2,0.30000000000000004,0.7,Hermes,30938,3,5183.496717425054,Di-Do-Sa
2,0.30000000000000004,0.7,Hermes,30952,4,4574.681655679579,Mo-Di-Do-Fr
2,0.30000000000000004,0.7,Hermes,30966,4,4229.173425612101,Mo-Di-Mi-Fr
2,0.30000000000000004,0.7,Hermes,30974,3,3737.810922583024,Di-Do-Sa
2,0.30000000000000004,0.7,Hermes,30982,3,3772.2988763774024,Mo-Mi-Fr
2,0.30000000000000004,0.7,Hermes,30989,3,3642.9374048621335,Di-Do-Sa
2,0.30000000000000004,0.7,Hermes,31275,3,8341.599395508729,Di-Do-Sa
2,0.30000000000000004,0.7,Hermes,31303,3,6069.278375648659,Mo-Mi-Fr
2,0.30000000000000004,0.7,Hermes,31311,3,5750.892334199548,Mo-Mi-Fr
2,0.30000000000000004,0.7,Hermes,31319,3,5785.721963256547,Di-Do-Sa
2,0.30000000000000004,0.7,Hermes,31515,5,8469.663101733602,Mo-Di-Mi-Do-Sa
2,0.30000000000000004,0.7,Hermes,31535,3,9917.334087065421,Di-Do-Sa
2,0.30000000000000004,0.7,Hermes,31832,3,6956.659135964853,Di-Do-Sa
2,0.30000000000000004,0.7,UPS,30159,3,13323.440262874803,Mo-Mi-Fr
2,0.30000000000000004,0.7,UPS,30161,4,5512.486512422909,Di-Mi-Do-Sa
2,0.30000000000000004,0.7,UPS,30163,4,6316.103965892155,Mo-Di-Do-Fr
2,0.30000000000000004,0.7,UPS,30165,4,3480.767759636815,Di-Do-Fr-Sa
2,0.30000000000000004,0.7,UPS,30167,4,5381.856122962139,Di-Mi-Do-Sa
2,0.30000000000000004,0.7,UPS,30419,4,3348.6730325941985,Di-Mi-Do-Sa
2,0.30000000000000004,0.7,UPS,30449,3,6282.52064086021,Di-Do-Sa
2,0.30000000000000004,0.7,UPS,30453,3,3209.1695935229336,Di-Do-Sa
2,0.30000000000000004,0.7,UPS,30455,5,1954.6994393912698,Mo-Di-Mi-Do-Fr
2,0.30000000000000004,0.7,UPS,30457,5,2040.3997992153622,Mo-Di-Mi-Do-Sa
2,0.30000000000000004,0.7,UPS,30519,4,4593.005995905832,Di-Mi-Fr-Sa
2,0.30000000000000004,0.7,UPS,30539,3,4052.1533066517886,Di-Do-Sa
2,0.30000000000000004,0.7,UPS,30559,4,4578.569012650034,Di-Mi-Do-Sa
2,0.30000000000000004,0.7,UPS,30625,3,3799.7016814637072,Di-Do-Sa
2,0.30000000000000004,0.7,UPS,30655,5,2043.9201395357668,Mo-Mi-Do-Fr-Sa
2,0.30000000000000004,0.7,UPS,30657,4,4528.708975182048,Mo-Di-Do-Sa
2,0.30000000000000004,0.7,UPS,30659,5,3541.2983102108533,Mo-Di-Mi-Do-Fr
2,0.30000000000000004,0.7,UPS,30823,4,2636.208141100028,Di-Do-Fr-Sa
2,0.30000000000000004,0.7,UPS,30826,6,2042.7216152816727,Mo-Di-Mi-Do-Fr-Sa
2,0.30000000000000004,0.7,UPS,30827,4,3276.2109455869404,Mo-Di-Mi-Fr
2,0.30000000000000004,0.7,UPS,30853,3,4212.218877069381,Mo-Mi-Fr
2,0.30000000000000004,0.7,UPS,30855,5,12202.158980864073,Mo-Di-Mi-Fr-Sa
2,0.30000000000000004,0.7,UPS,30880,4,6595.730888327135,Mo-Mi-Do-Fr
2,0.30000000000000004,0.7,UPS,30890,3,3976.612284330211,Mo-Mi-Fr
2,0.30000000000000004,0.7,UPS,30900,3,4608.327132396084,Di-Do-Sa
2,0.30000000000000004,0.7,UPS,30916,4,5626.119716494128,Mo-Mi-Do-Sa
2,0.30000000000000004,0.7,UPS,30926,3,3597.5790058469424,Mo-Mi-Fr
2,0.30000000000000004,0.7,UPS,30938,3,5315.96785498164,Di-Do-Sa
2,0.30000000000000004,0.7,UPS,30952,4,3100.8150757187173,Di-Do-Fr-Sa
2,0.30000000000000004,0.7,UPS,30966,4,2976.803345413038,Di-Do-Fr-Sa
2,0.30000000000000004,0.7,UPS,30974,6,2944.0941408457325,Mo-Di-Mi-Do-Fr-Sa
2,0.30000000000000004,0.7,UPS,30982,5,2933.935095860281,Mo-Di-Mi-Do-Fr
2,0.30000000000000004,0.7,UPS,30989,5,3000.502458648914,Mo-Mi-Do-Fr-Sa
2,0.30000000000000004,0.7,UPS,31275,4,5958.682017215329,Di-Mi-Fr-Sa
2,0.30000000000000004,0.7,UPS,31303,3,3918.671508510488,Mo-Mi-Fr
2,0.30000000000000004,0.7,UPS,31311,3,3685.9672247409007,Di-Do-Sa
2,0.30000000000000004,0.7,UPS,31319,3,3176.97620805817,Di-Do-Sa
2,0.30000000000000004,0.7,UPS,31515,3,6090.805005588904,Mo-Mi-Fr
2,0.30000000000000004,0.7,UPS,31535,3,6685.77735244759,Di-Do-Sa
2,0.30000000000000004,0.7,UPS,31832,3,4965.474931949107,Mo-Mi-Fr
2,0.4,0.6,Amazon,30159,4,10862.611217182448,Di-Mi-Fr-Sa
2,0.4,0.6,Amazon,30161,5,6008.083685025328,Mo-Di-Mi-Do-Fr
2,0.4,0.6,Amazon,30163,5,5699.150903448206,Mo-Di-Mi-Do-Fr
2,0.4,0.6,Amazon,30165,6,4696.3632925800775,Mo-Di-Mi-Do-Fr-Sa
2,0.4,0.6,Amazon,30167,4,6897.935410459085,Di-Do-Fr-Sa
2,0.4,0.6,Amazon,30173,5,5038.306636762981,Mo-Di-Do-Fr-Sa
2,0.4,0.6,Amazon,30177,4,3873.0861297990123,Mo-Mi-Do-Fr
2,0.4,0.6,Amazon,30179,4,3926.5852640833755,Mo-Mi-Do-Fr
2,0.4,0.6,Amazon,30419,4,8542.273250600316,Di-Do-Fr-Sa
2,0.4,0.6,Amazon,30449,5,6757.874591499762,Mo-Di-Mi-Fr-Sa
2,0.4,0.6,Amazon,30453,5,4924.877045920093,Mo-Di-Mi-Do-Fr
2,0.4,0.6,Amazon,30455,4,4252.094652534597,Di-Mi-Do-Sa
2,0.4,0.6,Amazon,30457,4,4359.26113282808,Di-Mi-Do-Sa
2,0.4,0.6,Amazon,30459,4,4284.520351764328,Di-Mi-Fr-Sa
2,0.4,0.6,Amazon,30519,5,7867.632969144059,Di-Mi-Do-Fr-Sa
2,0.4,0.6,Amazon,30539,6,5232.56483537078,Mo-Di-Mi-Do-Fr-Sa
2,0.4,0.6,Amazon,30559,5,7672.123819131026,Mo-Di-Do-Fr-Sa
2,0.4,0.6,Amazon,30625,4,4455.944639645636,Di-Mi-Do-Sa
2,0.4,0.6,Amazon,30627,3,3241.847349850875,Di-Do-Sa
2,0.4,0.6,Amazon,30629,5,4241.412672025408,Mo-Mi-Do-Fr-Sa
2,0.4,0.6,Amazon,30655,5,5120.977121721428,Mo-Di-Mi-Do-Fr
2,0.4,0.6,Amazon,30657,5,5200.712420128991,Mo-Di-Mi-Do-Fr
2,0.4,0.6,Amazon,30659,3,4230.06599241007,Di-Do-Sa
2,0.4,0.6,Amazon,30823,3,5197.435620044343,Mo-Mi-Fr
2,0.4,0.6,Amazon,30826,5,5083.158767178693,Mo-Di-Mi-Do-Fr
2,0.4,0.6,Amazon,30827,5,4377.448164808539,Mo-Di-Mi-Do-Fr
2,0.4,0.6,Amazon,30851,4,4052.042675417458,Mo-Mi-Do-Sa
2,0.4,0.6,Amazon,30853,3,4037.4068246913057,Mo-Mi-Fr
2,0.4,0.6,Amazon,30855,4,15904.556733102969,Mo-Di-Mi-Fr
2,0.4,0.6,Amazon,30880,4,10693.860868785805,Di-Do-Fr-Sa
2,0.4,0.6,Amazon,30890,3,9438.876145485909,Di-Do-Sa
2,0.4,0.6,Amazon,30900,3,10738.743041996666,Di-Do-Sa
2,0.4,0.6,Amazon,30916,3,9359.640692032306,Di-Do-Sa
2,0.4,0.6,Amazon,30926,3,8203.071674023155,Di-Do-Sa
2,0.4,0.6,Amazon,30938,4,8448.074489178005,Mo-Di-Do-Sa
2,0.4,0.6,Amazon,30952,5,6584.771497016499,Mo-Di-Mi-Do-Fr
2,0.4,0.6,Amazon,30966,5,6553.2492486239735,Mo-Di-Mi-Do-Fr
2,0.4,0.6,Amazon,30974,4,4843.53259358078,Mo-Mi-Do-Sa
2,0.4,0.6,Amazon,30982,4,5290.062048141524,Di-Mi-Do-Sa
2,0.4,0.6,Amazon,30989,4,4732.679292788463,Di-Mi-Do-Sa
2,0.4,0.6,Amazon,31275,5,13798.17523722949,Mo-Di-Mi-Do-Fr
2,0.4,0.6,Amazon,31303,4,9756.95383174037,Di-Do-Fr-Sa
2,0.4,0.6,Amazon,31311,4,8281.868078108353,Di-Mi-Do-Sa
2,0.4,0.6,Amazon,31319,4,8549.107875093026,Mo-Di-Do-Sa
2,0.4,0.6,Amazon,31515,4,12019.245894679121,Di-Do-Fr-Sa
2,0.4,0.6,Amazon,31535,4,14410.365903551361,Di-Mi-Do-Sa
2,0.4,0.6,Amazon,31832,4,10147.20374055352,Di-Mi-Fr-Sa
2,0.4,0.6,DHL,30159,5,21017.62509848751,Mo-Mi-Do-Fr-Sa
2,0.4,0.6,DHL,30161,6,10896.842490106472,Mo-Di-Mi-Do-Fr-Sa
2,0.4,0.6,DHL,30163,5,9793.686900686054,Mo-Di-Mi-Do-Sa
2,0.4,0.6,DHL,30165,4,8388.194112437297,Mo-Mi-Do-Fr
2,0.4,0.6,DHL,30167,4,12933.355882535436,Mo-Di-Do-Sa
2,0.4,0.6,DHL,30169,5,5441.536172212214,Mo-Di-Mi-Fr-Sa
2,0.4,0.6,DHL,30173,3,8776.70513001793,Mo-Mi-Fr
2,0.4,0.6,DHL,30177,5,6634.1235289296,Mo-Di-Mi-Do-Sa
2,0.4,0.6,DHL,30179,5,6814.529043881888,Mo-Di-Mi-Do-Sa
2,0.4,0.6,DHL,30419,5,15475.614136045484,Mo-Di-Mi-Fr-Sa
2,0.4,0.6,DHL,30449,5,7449.378434959241,Mo-Di-Mi-Do-Fr
2,0.4,0.6,DHL,30453,3,8659.878522287816,Mo-Mi-Fr
2,0.4,0.6,DHL,30455,4,7354.24331715116,Mo-Di-Do-Sa
2,0.4,0.6,DHL,30457,4,7037.855186404245,Di-Mi-Do-Sa
2,0.4,0.6,DHL,30459,5,6648.899557646473,Mo-Mi-Do-Fr-Sa
2,0.4,0.6,DHL,30519,5,13236.03751839353,Di-Mi-Do-Fr-Sa
2,0.4,0.6,DHL,30539,4,8884.71809429802,Mo-Mi-Do-Fr
2,0.4,0.6,DHL,30559,5,12304.357862859555,Mo-Di-Mi-Do-Sa
2,0.4,0.6,DHL,30625,6,8096.802842174482,Mo-Di-Mi-Do-Fr-Sa
2,0.4,0.6,DHL,30627,6,5606.363090833329,Mo-Di-Mi-Do-Fr-Sa
2,0.4,0.6,DHL,30629,4,6383.39619524181,Mo-Mi-Fr-Sa
2,0.4,0.6,DHL,30655,4,8673.075947666333,Di-Mi-Fr-Sa
2,0.4,0.6,DHL,30657,5,9791.009971177506,Mo-Di-Mi-Fr-Sa
2,0.4,0.6,DHL,30659,5,7881.9280952309155,Mo-Di-Mi-Do-Fr
2,0.4,0.6,DHL,30823,3,9905.188307646187,Mo-Mi-Fr
2,0.4,0.6,DHL,30826,3,8973.404408268356,Mo-Mi-Fr
2,0.4,0.6,DHL,30827,4,8485.758207320569,Mo-Di-Do-Fr
2,0.4,0.6,DHL,30851,5,7122.409361376192,Di-Mi-Do-Fr-Sa
2,0.4,0.6,DHL,30853,6,7954.150022203881,Mo-Di-Mi-Do-Fr-Sa
2,0.4,0.6,DHL,30855,5,32548.286437488285,Mo-Di-Mi-Do-Sa
2,0.4,0.6,DHL,30880,5,17886.67322993131,Mo-Di-Mi-Do-Sa
2,0.4,0.6,DHL,30890,4,15651.539038773815,Mo-Mi-Do-Fr
2,0.4,0.6,DHL,30900,3,16704.23483605183,Mo-Mi-Fr
2,0.4,0.6,DHL,30916,4,17326.87815818008,Mo-Mi-Do-Sa
2,0.4,0.6,DHL,30926,3,13986.710698126979,Di-Do-Sa
2,0.4,0.6,DHL,30938,4,14321.580666432306,Mo-Mi-Fr-Sa
2,0.4,0.6,DHL,30952,4,11060.715699021559,Mo-Di-Do-Fr
2,0.4,0.6,DHL,30966,4,10141.27451749976,Di-Mi-Fr-Sa
2,0.4,0.6,DHL,30974,4,7423.060609305936,Di-Do-Fr-Sa
2,0.4,0.6,DHL,30982,3,7816.466451141836,Di-Do-Sa
2,0.4,0.6,DHL,30989,4,8317.904369097023,Di-Do-Fr-Sa
2,0.4,0.6,DHL,31275,3,20151.210634800205,Mo-Mi-Fr
2,0.4,0.6,DHL,31303,4,13345.373727506161,Mo-Mi-Do-Fr
2,0.4,0.6,DHL,31311,3,10218.576488801578,Mo-Mi-Fr
2,0.4,0.6,DHL,31319,3,12095.351804140215,Di-Do-Sa
2,0.4,0.6,DHL,31515,4,20627.48032779339,Di-Do-Fr-Sa
2,0.4,0.6,DHL,31535,4,20947.157274535133,Mo-Di-Mi-Fr
2,0.4,0.6,DHL,31832,4,14127.095166398256,Mo-Mi-Fr-Sa
2,0.4,0.6,DPD,30159,4,6406.6366979918785,Mo-Di-Mi-Fr
2,0.4,0.6,DPD,30161,5,3571.8993753507834,Mo-Di-Mi-Fr-Sa
2,0.4,0.6,DPD,30163,4,3112.5215567212203,Mo-Mi-Do-Sa
2,0.4,0.6,DPD,30165,4,3122.6250898715616,Di-Do-Fr-Sa
2,0.4,0.6,DPD,30167,3,4010.2147864958515,Di-Do-Sa
2,0.4,0.6,DPD,30173,3,2796.8846498256926,Di-Do-Sa
2,0.4,0.6,DPD,30177,5,1972.2169484242822,Mo-Di-Do-Fr-Sa
2,0.4,0.6,DPD,30179,5,2186.7283011630957,Mo-Di-Do-Fr-Sa
2,0.4,0.6,DPD,30419,3,4747.10529994136,Di-Do-Sa
2,0.4,0.6,DPD,30449,3,3791.094664706692,Mo-Mi-Fr
2,0.4,0.6,DPD,30453,4,3093.0034929849066,Di-Mi-Fr-Sa
2,0.4,0.6,DPD,30455,4,2749.609155400431,Di-Do-Fr-Sa
2,0.4,0.6,DPD,30457,4,2692.358767134991,Di-Do-Fr-Sa
2,0.4,0.6,DPD,30459,5,2319.3764825216977,Mo-Di-Do-Fr-Sa
2,0.4,0.6,DPD,30519,3,4021.748841377379,Mo-Mi-Fr
2,0.4,0.6,DPD,30539,3,3019.41689661096,Mo-Mi-Fr
2,0.4,0.6,DPD,30559,3,3656.7599988532365,Mo-Mi-Fr
2,0.4,0.6,DPD,30625,4,2369.353565294284,Mo-Mi-Fr-Sa
2,0.4,0.6,DPD,30627,5,1693.5606448143005,Mo-Di-Mi-Do-Sa
2,0.4,0.6,DPD,30629,5,1995.7774027527694,Mo-Di-Do-Fr-Sa
2,0.4,0.6,DPD,30655,4,2636.7267266158033,Di-Mi-Fr-Sa
2,0.4,0.6,DPD,30657,3,3242.3864405186196,Di-Do-Sa
2,0.4,0.6,DPD,30659,4,2337.114846041384,Di-Do-Fr-Sa
2,0.4,0.6,DPD,30823,3,3649.846122511401,Di-Do-Sa
2,0.4,0.6,DPD,30826,3,3800.1834506604837,Di-Do-Sa
2,0.4,0.6,DPD,30827,4,3048.804503054142,Di-Mi-Fr-Sa
2,0.4,0.6,DPD,30851,5,2213.13229842353,Mo-Di-Do-Fr-Sa
2,0.4,0.6,DPD,30853,4,2649.843163298377,Mo-Mi-Fr-Sa
2,0.4,0.6,DPD,30855,4,9560.987769067175,Di-Do-Fr-Sa
2,0.4,0.6,DPD,30880,4,5342.1040806247265,Di-Mi-Do-Sa
2,0.4,0.6,DPD,30890,3,6018.885589243082,Mo-Mi-Fr
2,0.4,0.6,DPD,30900,3,6641.227305741313,Mo-Mi-Fr
2,0.4,0.6,DPD,30916,3,4762.0624315550285,Di-Do-Sa
2,0.4,0.6,DPD,30926,3,5572.762947783997,Di-Do-Sa
2,0.4,0.6,DPD,30938,3,4972.088669062643,Mo-Mi-Fr
2,0.4,0.6,DPD,30952,3,4064.467824433257,Di-Do-Sa
2,0.4,0.6,DPD,30966,3,3717.66058801014,Di-Do-Sa
2,0.4,0.6,DPD,30974,3,3381.3631356623177,Mo-Mi-Fr
2,0.4,0.6,DPD,30982,4,3289.2210964884107,Di-Do-Fr-Sa
2,0.4,0.6,DPD,30989,4,3349.7902120455346,Di-Do-Fr-Sa
2,0.4,0.6,DPD,31275,3,6259.114415535214,Mo-Mi-Fr
2,0.4,0.6,DPD,31303,3,4689.64604929356,Mo-Mi-Fr
2,0.4,0.6,DPD,31311,3,4425.859292443053,Mo-Mi-Fr
2,0.4,0.6,DPD,31319,4,4004.879232932081,Di-Mi-Do-Sa
2,0.4,0.6,DPD,31515,5,7944.660006400378,Mo-Di-Mi-Do-Fr
2,0.4,0.6,DPD,31535,4,9664.735491075386,Mo-Di-Do-Fr
2,0.4,0.6,DPD,31832,3,6156.895060583171,Di-Do-Sa
2,0.4,0.6,FedEx,30159,3,11962.918431293343,Di-Do-Sa
2,0.4,0.6,FedEx,30161,5,4993.22724429566,Mo-Di-Do-Fr-Sa
2,0.4,0.6,FedEx,30163,3,7711.806674205753,Di-Do-Sa
2,0.4,0.6,FedEx,30167,4,4839.6007755819355,Mo-Di-Do-Fr
2,0.4,0.6,FedEx,30419,3,3126.7714471009162,Di-Do-Sa
2,0.4,0.6,FedEx,30449,5,5024.744037119685,Mo-Di-Mi-Do-Sa
2,0.4,0.6,FedEx,30453,4,2775.000772559137,Di-Mi-Fr-Sa
2,0.4,0.6,FedEx,30455,3,1886.249000717895,Mo-Mi-Fr
2,0.4,0.6,FedEx,30457,4,1973.6564450938583,Di-Mi-Fr-Sa
2,0.4,0.6,FedEx,30519,3,3995.7860826608576,Di-Do-Sa
2,0.4,0.6,FedEx,30539,3,3943.5239720941368,Mo-Mi-Fr
2,0.4,0.6,FedEx,30559,4,4653.699476561791,Di-Mi-Do-Sa
2,0.4,0.6,FedEx,30625,3,3430.2125980268515,Di-Do-Sa
2,0.4,0.6,FedEx,30655,3,3174.167424436343,Di-Do-Sa
2,0.4,0.6,FedEx,30657,5,4445.900683094219,Mo-Di-Mi-Do-Fr
2,0.4,0.6,FedEx,30823,5,1943.445975908479,Mo-Di-Mi-Do-Sa
2,0.4,0.6,FedEx,30827,3,3741.562532591757,Mo-Mi-Fr
2,0.4,0.6,FedEx,30853,3,3929.70363456943,Mo-Mi-Fr
2,0.4,0.6,FedEx,30855,4,10899.823486288362,Di-Mi-Do-Sa
2,0.4,0.6,FedEx,30880,5,5709.832320958762,Mo-Di-Mi-Do-Fr
2,0.4,0.6,FedEx,30890,3,3325.034548595601,Mo-Mi-Fr
2,0.4,0.6,FedEx,30900,3,3903.028651496218,Mo-Mi-Fr
2,0.4,0.6,FedEx,30916,4,5105.86435070917,Di-Mi-Do-Sa
2,0.4,0.6,FedEx,30926,4,3070.117721030174,Mo-Di-Do-Fr
2,0.4,0.6,FedEx,30938,4,4979.142524922644,Di-Mi-Fr-Sa
2,0.4,0.6,FedEx,30952,5,2733.1486422180205,Mo-Di-Mi-Do-Fr
2,0.4,0.6,FedEx,30966,6,2488.5376856129433,Mo-Di-Mi-Do-Fr-Sa
2,0.4,0.6,FedEx,30974,4,2314.9014001580044,Mo-Di-Mi-Fr
2,0.4,0.6,FedEx,30982,6,2379.2604748942445,Mo-Di-Mi-Do-Fr-Sa
2,0.4,0.6,FedEx,30989,5,2364.4221537651692,Mo-Di-Mi-Do-Fr
2,0.4,0.6,FedEx,31275,3,4823.273059261894,Di-Do-Sa
2,0.4,0.6,FedEx,31303,3,3439.991762270428,Mo-Mi-Fr
2,0.4,0.6,FedEx,31311,6,2818.577694291381,Mo-Di-Mi-Do-Fr-Sa
2,0.4,0.6,FedEx,31319,4,2771.5967393401174,Di-Mi-Do-Sa
2,0.4,0.6,FedEx,31515,3,4762.200255313254,Mo-Mi-Fr
2,0.4,0.6,FedEx,31535,3,5808.867401583143,Di-Do-Sa
2,0.4,0.6,FedEx,31832,3,3853.096611640798,Di-Do-Sa
2,0.4,0.6,GLS,30159,5,4602.905131666467,Mo-Di-Mi-Do-Sa
2,0.4,0.6,GLS,30161,4,2520.7320701192143,Di-Mi-Fr-Sa
2,0.4,0.6,GLS,30163,3,3926.007395854521,Di-Do-Sa
2,0.4,0.6,GLS,30165,5,2159.889743175092,Mo-Di-Do-Fr-Sa
2,0.4,0.6,GLS,30167,3,3119.585330724628,Di-Do-Sa
2,0.4,0.6,GLS,30173,4,2219.1630968735053,Di-Do-Fr-Sa
2,0.4,0.6,GLS,30179,5,2016.0078759974378,Mo-Di-Mi-Do-Sa
2,0.4,0.6,GLS,30419,3,4613.181651280064,Mo-Mi-Fr
2,0.4,0.6,GLS,30449,3,3086.6177027414633,Di-Do-Sa
2,0.4,0.6,GLS,30453,4,2638.573683793526,Di-Do-Fr-Sa
2,0.4,0.6,GLS,30455,5,2417.632567355561,Mo-Di-Do-Fr-Sa
2,0.4,0.6,GLS,30457,5,2360.1264063820886,Mo-Mi-Do-Fr-Sa
2,0.4,0.6,GLS,30459,6,1876.236727895414,Mo-Di-Mi-Do-Fr-Sa
2,0.4,0.6,GLS,30519,3,3236.0485591847228,Di-Do-Sa
2,0.4,0.6,GLS,30539,5,2204.237803066699,Mo-Di-Do-Fr-Sa
2,0.4,0.6,GLS,30559,3,3341.8692572844748,Di-Do-Sa
2,0.4,0.6,GLS,30625,5,2161.670382346146,Mo-Di-Do-Fr-Sa
2,0.4,0.6,GLS,30627,4,1750.959745185651,Di-Mi-Do-Sa
2,0.4,0.6,GLS,30629,5,2064.3169748642445,Mo-Di-Mi-Do-Sa
2,0.4,0.6,GLS,30655,4,2521.0109427560265,Di-Do-Fr-Sa
2,0.4,0.6,GLS,30657,5,2552.0597754151563,Mo-Di-Do-Fr-Sa
2,0.4,0.6,GLS,30659,6,2165.5626302364476,Mo-Di-Mi-Do-Fr-Sa
2,0.4,0.6,GLS,30823,3,3506.6732670290876,Mo-Mi-Fr
2,0.4,0.6,GLS,30826,3,3636.1857663875962,Mo-Mi-Fr
2,0.4,0.6,GLS,30827,5,2813.5749148553164,Mo-Di-Do-Fr-Sa
2,0.4,0.6,GLS,30851,6,2097.4205946859483,Mo-Di-Mi-Do-Fr-Sa
2,0.4,0.6,GLS,30853,6,2190.0844891648285,Mo-Di-Mi-Do-Fr-Sa
2,0.4,0.6,GLS,30855,5,7707.871078806545,Mo-Di-Do-Fr-Sa
2,0.4,0.6,GLS,30880,3,3860.9791315496286,Di-Do-Sa
2,0.4,0.6,GLS,30890,3,5708.776478472102,Di-Do-Sa
2,0.4,0.6,GLS,30900,3,6686.805036288429,Di-Do-Sa
2,0.4,0.6,GLS,30916,3,4566.289632680695,Di-Do-Sa
2,0.4,0.6,GLS,30926,5,5094.302406481405,Mo-Di-Do-Fr-Sa
2,0.4,0.6,GLS,30938,3,4878.818230857936,Di-Do-Sa
2,0.4,0.6,GLS,30952,3,3513.4498151881025,Mo-Mi-Fr
2,0.4,0.6,GLS,30966,4,2994.246670327504,Di-Mi-Fr-Sa
2,0.4,0.6,GLS,30974,6,2912.392838204481,Mo-Di-Mi-Do-Fr-Sa
2,0.4,0.6,GLS,30982,5,2684.9320258481525,Mo-Mi-Do-Fr-Sa
2,0.4,0.6,GLS,30989,6,2798.376100761728,Mo-Di-Mi-Do-Fr-Sa
2,0.4,0.6,GLS,31275,3,6425.234917604393,Di-Do-Sa
2,0.4,0.6,GLS,31303,3,5302.762766671037,Mo-Mi-Fr
2,0.4,0.6,GLS,31311,4,4828.295897305666,Di-Mi-Fr-Sa
2,0.4,0.6,GLS,31319,5,4089.695575420267,Mo-Di-Mi-Do-Sa
2,0.4,0.6,GLS,31515,4,7384.964991078431,Di-Mi-Do-Sa
2,0.4,0.6,GLS,31535,3,9096.599359366512,Di-Do-Sa
2,0.4,0.6,GLS,31832,5,4811.260297525222,Mo-Di-Mi-Do-Sa
2,0.4,0.6,Hermes,30159,5,5493.576278657398,Mo-Di-Mi-Do-Fr
2,0.4,0.6,Hermes,30161,3,3145.8153880012983,Mo-Mi-Fr
2,0.4,0.6,Hermes,30163,4,3116.0690575571402,Di-Mi-Do-Sa
2,0.4,0.6,Hermes,30165,3,2831.8308900243783,Di-Do-Sa
2,0.4,0.6,Hermes,30167,3,3822.6765150543447,Mo-Mi-Fr
2,0.4,0.6,Hermes,30173,3,3074.6423671111042,Di-Do-Sa
2,0.4,0.6,Hermes,30177,4,2412.863936938141,Di-Mi-Fr-Sa
2,0.4,0.6,Hermes,30179,4,2449.5799395258855,Di-Do-Fr-Sa
2,0.4,0.6,Hermes,30419,4,5153.378272298243,Mo-Di-Do-Fr
2,0.4,0.6,Hermes,30449,3,3741.0999948914337,Mo-Mi-Fr
2,0.4,0.6,Hermes,30453,3,3195.832263107969,Di-Do-Sa
2,0.4,0.6,Hermes,30455,3,3257.7163298544688,Mo-Mi-Fr
2,0.4,0.6,Hermes,30457,3,3136.6109633872657,Mo-Mi-Fr
2,0.4,0.6,Hermes,30459,3,3286.7172913507857,Di-Do-Sa
2,0.4,0.6,Hermes,30519,3,4687.371019393662,Mo-Mi-Fr
2,0.4,0.6,Hermes,30539,3,3538.815747679644,Mo-Mi-Fr
2,0.4,0.6,Hermes,30559,3,4462.171042029998,Di-Do-Sa
2,0.4,0.6,Hermes,30625,3,3157.0661118315716,Di-Do-Sa
2,0.4,0.6,Hermes,30627,6,1800.235438802243,Mo-Di-Mi-Do-Fr-Sa
2,0.4,0.6,Hermes,30629,4,2807.167759959644,Di-Mi-Fr-Sa
2,0.4,0.6,Hermes,30655,3,3094.414684383627,Di-Do-Sa
2,0.4,0.6,Hermes,30657,3,3058.5703749814647,Di-Do-Sa
2,0.4,0.6,Hermes,30659,4,2806.7820227390157,Di-Mi-Fr-Sa
2,0.4,0.6,Hermes,30823,3,3813.094941372107,Mo-Mi-Fr
2,0.4,0.6,Hermes,30826,3,3976.4523056774624,Mo-Mi-Fr
2,0.4,0.6,Hermes,30827,3,3021.5805891236805,Di-Do-Sa
2,0.4,0.6,Hermes,30851,4,2340.412271753017,Di-Mi-Fr-Sa
2,0.4,0.6,Hermes,30853,4,2292.2163666750753,Di-Do-Fr-Sa
2,0.4,0.6,Hermes,30855,4,8477.995926498985,Di-Do-Fr-Sa
2,0.4,0.6,Hermes,30880,5,6472.221222970044,Mo-Di-Mi-Do-Fr
2,0.4,0.6,Hermes,30890,3,7058.177030533215,Di-Do-Sa
2,0.4,0.6,Hermes,30900,4,6996.900479358418,Mo-Di-Do-Sa
2,0.4,0.6,Hermes,30916,4,5371.003098639855,Di-Mi-Fr-Sa
2,0.4,0.6,Hermes,30926,5,5896.063115430547,Mo-Di-Mi-Do-Fr
2,0.4,0.6,Hermes,30938,3,5337.134662676576,Di-Do-Sa
2,0.4,0.6,Hermes,30952,3,4504.667610634539,Mo-Mi-Fr
2,0.4,0.6,Hermes,30966,4,4241.682824407147,Mo-Di-Mi-Fr
2,0.4,0.6,Hermes,30974,4,3748.675661535654,Di-Mi-Fr-Sa
2,0.4,0.6,Hermes,30982,3,3909.7551994763844,Mo-Mi-Fr
2,0.4,0.6,Hermes,30989,3,3572.147024615571,Mo-Mi-Fr
2,0.4,0.6,Hermes,31275,4,8567.09633426261,Mo-Mi-Do-Fr
2,0.4,0.6,Hermes,31303,3,6291.806879754006,Di-Do-Sa
2,0.4,0.6,Hermes,31311,3,5761.19124717892,Mo-Mi-Fr
2,0.4,0.6,Hermes,31319,3,5842.463411300418,Mo-Mi-Fr
2,0.4,0.6,Hermes,31515,4,8499.530780277553,Di-Mi-Do-Sa
2,0.4,0.6,Hermes,31535,3,10088.424825767548,Mo-Mi-Fr
2,0.4,0.6,Hermes,31832,3,6755.501947751828,Mo-Mi-Fr
2,0.4,0.6,UPS,30159,3,13507.475087795283,Mo-Mi-Fr
2,0.4,0.6,UPS,30161,5,5763.378389385726,Mo-Di-Mi-Do-Fr
2,0.4,0.6,UPS,30163,6,6349.944745490952,Mo-Di-Mi-Do-Fr-Sa
2,0.4,0.6,UPS,30165,4,3493.558947735666,Di-Do-Fr-Sa
2,0.4,0.6,UPS,30167,5,5580.718508898735,Mo-Di-Mi-Do-Fr
2,0.4,0.6,UPS,30419,4,3136.2711850764726,Mo-Mi-Do-Sa
2,0.4,0.6,UPS,30449,3,6330.131207802263,Mo-Mi-Fr
2,0.4,0.6,UPS,30453,3,3262.2566144562165,Di-Do-Sa
2,0.4,0.6,UPS,30455,4,1931.2840265817242,Mo-Di-Mi-Fr
2,0.4,0.6,UPS,30457,5,2050.2467655179084,Mo-Di-Mi-Do-Sa
2,0.4,0.6,UPS,30519,4,4658.1570706106395,Di-Mi-Do-Sa
2,0.4,0.6,UPS,30539,3,4053.874691469138,Mo-Mi-Fr
2,0.4,0.6,UPS,30559,4,4370.860370919935,Di-Mi-Do-Sa
2,0.4,0.6,UPS,30625,3,3800.0306463789893,Mo-Mi-Fr
2,0.4,0.6,UPS,30655,5,2049.1550074648408,Mo-Mi-Do-Fr-Sa
2,0.4,0.6,UPS,30657,4,4572.1072263754595,Mo-Di-Do-Fr
2,0.4,0.6,UPS,30659,4,3471.854000751429,Mo-Di-Mi-Fr
2,0.4,0.6,UPS,30823,4,2645.884077894155,Di-Do-Fr-Sa
2,0.4,0.6,UPS,30826,6,2042.7216152816727,Mo-Di-Mi-Do-Fr-Sa
2,0.4,0.6,UPS,30827,4,3110.5199394777655,Mo-Mi-Do-Sa
2,0.4,0.6,UPS,30853,4,4319.1243145724075,Mo-Di-Do-Fr
2,0.4,0.6,UPS,30855,4,12223.660841652785,Mo-Di-Mi-Fr
2,0.4,0.6,UPS,30880,5,6767.051781493807,Mo-Di-Mi-Do-Fr
2,0.4,0.6,UPS,30890,3,4152.744436695144,Mo-Mi-Fr
2,0.4,0.6,UPS,30900,3,4778.701636364309,Di-Do-Sa
2,0.4,0.6,UPS,30916,5,5866.671745660011,Mo-Di-Mi-Do-Sa
2,0.4,0.6,UPS,30926,4,3355.4427515289626,Di-Mi-Fr-Sa
2,0.4,0.6,UPS,30938,4,5763.906303844188,Mo-Di-Do-Fr
2,0.4,0.6,UPS,30952,4,3158.4829440990125,Di-Do-Fr-Sa
2,0.4,0.6,UPS,30966,4,2990.6046436355505,Di-Do-Fr-Sa
2,0.4,0.6,UPS,30974,5,2909.9899439747705,Mo-Di-Mi-Do-Sa
2,0.4,0.6,UPS,30982,5,2932.339629596273,Mo-Di-Mi-Do-Fr
2,0.4,0.6,UPS,30989,5,3012.8021709501095,Mo-Mi-Do-Fr-Sa
2,0.4,0.6,UPS,31275,3,6018.809068014158,Mo-Mi-Fr
2,0.4,0.6,UPS,31303,3,4080.547680041358,Mo-Mi-Fr
2,0.4,0.6,UPS,31311,3,3693.4231956783133,Di-Do-Sa
2,0.4,0.6,UPS,31319,3,3259.479261771975,Mo-Mi-Fr
2,0.4,0.6,UPS,31515,4,6129.10613217196,Di-Mi-Fr-Sa
2,0.4,0.6,UPS,31535,4,6920.351937339254,Mo-Di-Do-Fr
2,0.4,0.6,UPS,31832,4,5003.524720246388,Mo-Di-Mi-Fr
2,0.5,0.5,Amazon,30159,4,11218.890893519028,Di-Mi-Fr-Sa
2,0.5,0.5,Amazon,30161,4,5900.385044205262,Mo-Mi-Do-Sa
2,0.5,0.5,Amazon,30163,4,5590.856228052062,Di-Mi-Do-Sa
2,0.5,0.5,Amazon,30165,5,4529.4597790474545,Mo-Di-Mi-Fr-Sa
2,0.5,0.5,Amazon,30167,6,7124.980941103149,Mo-Di-Mi-Do-Fr-Sa
2,0.5,0.5,Amazon,30173,4,5005.964224559733,Mo-Di-Do-Fr
2,0.5,0.5,Amazon,30177,5,4095.4607693073826,Mo-Di-Mi-Do-Fr
2,0.5,0.5,Amazon,30179,5,4128.380951622878,Mo-Di-Mi-Do-Fr
2,0.5,0.5,Amazon,30419,6,8685.332684443236,Mo-Di-Mi-Do-Fr-Sa
2,0.5,0.5,Amazon,30449,5,6772.895253375905,Di-Mi-Do-Fr-Sa
2,0.5,0.5,Amazon,30453,5,4950.871007067962,Mo-Di-Mi-Do-Fr
2,0.5,0.5,Amazon,30455,5,4493.266820810878,Mo-Di-Mi-Do-Fr
2,0.5,0.5,Amazon,30457,5,4602.998928968401,Mo-Di-Mi-Do-Fr
2,0.5,0.5,Amazon,30459,5,4694.046804958517,Mo-Di-Mi-Do-Fr
2,0.5,0.5,Amazon,30519,6,7989.408733574742,Mo-Di-Mi-Do-Fr-Sa
2,0.5,0.5,Amazon,30539,6,5232.56483537078,Mo-Di-Mi-Do-Fr-Sa
2,0.5,0.5,Amazon,30559,6,7936.80103693811,Mo-Di-Mi-Do-Fr-Sa
2,0.5,0.5,Amazon,30625,5,4824.99595761705,Mo-Di-Mi-Do-Fr
2,0.5,0.5,Amazon,30627,3,3272.087343216649,Di-Do-Sa
2,0.5,0.5,Amazon,30629,5,4473.80747144684,Mo-Di-Do-Fr-Sa
2,0.5,0.5,Amazon,30655,6,5134.034576870573,Mo-Di-Mi-Do-Fr-Sa
2,0.5,0.5,Amazon,30657,6,5211.641795669652,Mo-Di-Mi-Do-Fr-Sa
2,0.5,0.5,Amazon,30659,5,4583.086994998374,Mo-Di-Mi-Do-Fr
2,0.5,0.5,Amazon,30823,3,5411.570685937152,Mo-Mi-Fr
2,0.5,0.5,Amazon,30826,5,5214.2491473597975,Mo-Di-Do-Fr-Sa
2,0.5,0.5,Amazon,30827,4,4376.023072895182,Di-Mi-Fr-Sa
2,0.5,0.5,Amazon,30851,6,4461.2266132019995,Mo-Di-Mi-Do-Fr-Sa
2,0.5,0.5,Amazon,30853,4,4213.867133235281,Di-Mi-Do-Sa
2,0.5,0.5,Amazon,30855,4,16131.557966762934,Mo-Di-Do-Fr
2,0.5,0.5,Amazon,30880,6,10836.49486333059,Mo-Di-Mi-Do-Fr-Sa
2,0.5,0.5,Amazon,30890,5,9834.238806751137,Mo-Di-Do-Fr-Sa
2,0.5,0.5,Amazon,30900,4,11424.061312308953,Mo-Mi-Fr-Sa
2,0.5,0.5,Amazon,30916,4,9690.955200792827,Mo-Mi-Fr-Sa
2,0.5,0.5,Amazon,30926,4,8291.64874947661,Mo-Mi-Fr-Sa
2,0.5,0.5,Amazon,30938,6,8932.3523870359,Mo-Di-Mi-Do-Fr-Sa
2,0.5,0.5,Amazon,30952,6,6792.522249966714,Mo-Di-Mi-Do-Fr-Sa
2,0.5,0.5,Amazon,30966,5,6651.054704389183,Di-Mi-Do-Fr-Sa
2,0.5,0.5,Amazon,30974,5,5109.763589266762,Mo-Di-Mi-Do-Fr
2,0.5,0.5,Amazon,30982,5,5526.9086857042175,Mo-Di-Mi-Do-Sa
2,0.5,0.5,Amazon,30989,4,5177.229453610426,Mo-Di-Mi-Fr
2,0.5,0.5,Amazon,31275,4,13782.961264325762,Mo-Mi-Do-Sa
2,0.5,0.5,Amazon,31303,4,10166.334500583986,Mo-Di-Do-Fr
2,0.5,0.5,Amazon,31311,4,8223.073315130401,Mo-Mi-Do-Fr
2,0.5,0.5,Amazon,31319,4,8914.003103812689,Mo-Di-Do-Sa
2,0.5,0.5,Amazon,31515,4,11813.724793461772,Di-Do-Fr-Sa
2,0.5,0.5,Amazon,31535,4,14539.203746858206,Di-Mi-Fr-Sa
2,0.5,0.5,Amazon,31832,5,10466.671883551744,Mo-Di-Mi-Do-Sa
2,0.5,0.5,DHL,30159,5,21412.127115065105,Mo-Mi-Do-Fr-Sa
2,0.5,0.5,DHL,30161,6,10896.842490106472,Mo-Di-Mi-Do-Fr-Sa
2,0.5,0.5,DHL,30163,5,9843.84082064671,Mo-Di-Mi-Do-Sa
2,0.5,0.5,DHL,30165,4,8601.968694546493,Di-Do-Fr-Sa
2,0.5,0.5,DHL,30167,4,12932.13584693309,Mo-Di-Mi-Fr
2,0.5,0.5,DHL,30169,6,5443.510365830029,Mo-Di-Mi-Do-Fr-Sa
2,0.5,0.5,DHL,30173,5,8815.30529529331,Mo-Di-Do-Fr-Sa
2,0.5,0.5,DHL,30177,5,6702.0410947862265,Mo-Di-Do-Fr-Sa
2,0.5,0.5,DHL,30179,4,6890.606909128317,Mo-Di-Mi-Fr
2,0.5,0.5,DHL,30419,5,15470.413512201458,Mo-Di-Mi-Do-Fr
2,0.5,0.5,DHL,30449,5,7334.473334985705,Mo-Di-Mi-Fr-Sa
2,0.5,0.5,DHL,30453,4,8809.83862031596,Di-Mi-Fr-Sa
2,0.5,0.5,DHL,30455,5,7371.376658477566,Mo-Mi-Do-Fr-Sa
2,0.5,0.5,DHL,30457,5,7125.16697943108,Mo-Di-Mi-Fr-Sa
2,0.5,0.5,DHL,30459,5,6536.462547439354,Mo-Di-Do-Fr-Sa
2,0.5,0.5,DHL,30519,5,13238.25905327957,Mo-Di-Mi-Do-Sa
2,0.5,0.5,DHL,30539,4,9246.189677941835,Di-Do-Fr-Sa
2,0.5,0.5,DHL,30559,5,12337.719267111615,Mo-Di-Mi-Do-Fr
2,0.5,0.5,DHL,30625,4,7771.161726962088,Mo-Mi-Do-Sa
2,0.5,0.5,DHL,30627,6,5606.363090833329,Mo-Di-Mi-Do-Fr-Sa
2,0.5,0.5,DHL,30629,6,6766.974846046077,Mo-Di-Mi-Do-Fr-Sa
2,0.5,0.5,DHL,30655,4,8683.064564379893,Mo-Di-Do-Sa
2,0.5,0.5,DHL,30657,6,9992.167827012736,Mo-Di-Mi-Do-Fr-Sa
2,0.5,0.5,DHL,30659,5,7881.690663008885,Mo-Di-Mi-Do-Fr
2,0.5,0.5,DHL,30823,4,9815.629516335008,Mo-Mi-Fr-Sa
2,0.5,0.5,DHL,30826,4,9222.638524313543,Mo-Di-Do-Sa
2,0.5,0.5,DHL,30827,5,8555.306530901247,Mo-Di-Mi-Fr-Sa
2,0.5,0.5,DHL,30851,6,7140.564548697186,Mo-Di-Mi-Do-Fr-Sa
2,0.5,0.5,DHL,30853,6,7954.150022203881,Mo-Di-Mi-Do-Fr-Sa
2,0.5,0.5,DHL,30855,4,32419.40238746768,Mo-Di-Do-Fr
2,0.5,0.5,DHL,30880,4,17744.21746331989,Di-Do-Fr-Sa
2,0.5,0.5,DHL,30890,4,15818.352924534005,Di-Mi-Do-Sa
2,0.5,0.5,DHL,30900,3,17055.7796643054,Mo-Mi-Fr
2,0.5,0.5,DHL,30916,4,17496.95794004498,Mo-Mi-Do-Fr
2,0.5,0.5,DHL,30926,3,14098.361980093974,Di-Do-Sa
2,0.5,0.5,DHL,30938,6,14554.779241554967,Mo-Di-Mi-Do-Fr-Sa
2,0.5,0.5,DHL,30952,5,11211.997730765226,Mo-Mi-Do-Fr-Sa
2,0.5,0.5,DHL,30966,4,10426.360100514961,Di-Mi-Fr-Sa
2,0.5,0.5,DHL,30974,4,7653.1283745566325,Di-Do-Fr-Sa
2,0.5,0.5,DHL,30982,3,7747.542895558497,Mo-Mi-Fr
2,0.5,0.5,DHL,30989,4,8271.275028391834,Di-Do-Fr-Sa
2,0.5,0.5,DHL,31275,4,20657.53990814445,Mo-Mi-Do-Fr
2,0.5,0.5,DHL,31303,4,13613.366449924602,Mo-Di-Do-Fr
2,0.5,0.5,DHL,31311,4,10556.674388001373,Di-Mi-Do-Sa
2,0.5,0.5,DHL,31319,4,12009.807803482401,Mo-Di-Do-Fr
2,0.5,0.5,DHL,31515,5,20710.547628435794,Mo-Di-Mi-Do-Fr
2,0.5,0.5,DHL,31535,3,21131.513305701515,Di-Do-Sa
2,0.5,0.5,DHL,31832,5,14373.895417779404,Mo-Mi-Do-Fr-Sa
2,0.5,0.5,DPD,30159,4,6448.893295557264,Di-Mi-Do-Sa
2,0.5,0.5,DPD,30161,5,3389.8330134283765,Mo-Mi-Do-Fr-Sa
2,0.5,0.5,DPD,30163,5,3125.6660531236903,Mo-Di-Mi-Do-Sa
2,0.5,0.5,DPD,30165,4,2758.6631647036147,Di-Mi-Fr-Sa
2,0.5,0.5,DPD,30167,5,4303.44690023931,Mo-Di-Mi-Do-Fr
2,0.5,0.5,DPD,30173,4,2614.0551742268854,Di-Mi-Fr-Sa
2,0.5,0.5,DPD,30177,5,1975.6074179259813,Mo-Di-Do-Fr-Sa
2,0.5,0.5,DPD,30179,5,2200.615682633158,Mo-Di-Do-Fr-Sa
2,0.5,0.5,DPD,30419,4,4997.006185368184,Mo-Mi-Do-Fr
2,0.5,0.5,DPD,30449,3,4112.953530390914,Di-Do-Sa
2,0.5,0.5,DPD,30453,3,3048.9337410339594,Di-Do-Sa
2,0.5,0.5,DPD,30455,4,2736.1965156907163,Di-Do-Fr-Sa
2,0.5,0.5,DPD,30457,4,2702.6909926628664,Di-Do-Fr-Sa
2,0.5,0.5,DPD,30459,5,2333.3680135395134,Mo-Di-Do-Fr-Sa
2,0.5,0.5,DPD,30519,4,4258.906734300223,Mo-Di-Do-Fr
2,0.5,0.5,DPD,30539,4,2849.494764773748,Di-Mi-Fr-Sa
2,0.5,0.5,DPD,30559,4,3755.067554909473,Di-Do-Fr-Sa
2,0.5,0.5,DPD,30625,4,2367.189856212016,Mo-Mi-Fr-Sa
2,0.5,0.5,DPD,30627,5,1697.6579375597796,Mo-Di-Mi-Do-Fr
2,0.5,0.5,DPD,30629,5,2006.342947351332,Mo-Di-Do-Fr-Sa
2,0.5,0.5,DPD,30655,4,2515.362200963958,Di-Do-Fr-Sa
2,0.5,0.5,DPD,30657,3,3296.3047688629213,Di-Do-Sa
2,0.5,0.5,DPD,30659,4,2333.127736903999,Di-Do-Fr-Sa
2,0.5,0.5,DPD,30823,4,3552.150294370638,Mo-Di-Mi-Fr
2,0.5,0.5,DPD,30826,3,3831.649190445565,Mo-Mi-Fr
2,0.5,0.5,DPD,30827,3,3024.5843070562396,Mo-Mi-Fr
2,0.5,0.5,DPD,30851,5,2219.9552593436724,Mo-Di-Do-Fr-Sa
2,0.5,0.5,DPD,30853,4,2635.6700394630275,Mo-Mi-Fr-Sa
2,0.5,0.5,DPD,30855,5,9834.396838755769,Mo-Mi-Do-Fr-Sa
2,0.5,0.5,DPD,30880,3,5477.931503194363,Mo-Mi-Fr
2,0.5,0.5,DPD,30890,3,6330.406527894349,Di-Do-Sa
2,0.5,0.5,DPD,30900,3,6843.822654270316,Mo-Mi-Fr
2,0.5,0.5,DPD,30916,4,5099.184204486561,Mo-Di-Do-Fr
2,0.5,0.5,DPD,30926,3,5830.9335655863,Di-Do-Sa
2,0.5,0.5,DPD,30938,3,5068.986387617937,Mo-Mi-Fr
2,0.5,0.5,DPD,30952,3,4224.135490320991,Mo-Mi-Fr
2,0.5,0.5,DPD,30966,3,3672.7929035338657,Mo-Mi-Fr
2,0.5,0.5,DPD,30974,4,3501.4776262827145,Mo-Mi-Fr-Sa
2,0.5,0.5,DPD,30982,4,3353.166909508996,Di-Do-Fr-Sa
2,0.5,0.5,DPD,30989,4,3438.6902841734754,Di-Do-Fr-Sa
2,0.5,0.5,DPD,31275,3,6195.028485838724,Mo-Mi-Fr
2,0.5,0.5,DPD,31303,3,4968.798813344077,Mo-Mi-Fr
2,0.5,0.5,DPD,31311,3,4398.191422123206,Mo-Mi-Fr
2,0.5,0.5,DPD,31319,5,4037.2559572102614,Mo-Di-Mi-Do-Sa
2,0.5,0.5,DPD,31515,4,8286.61495941424,Mo-Di-Do-Sa
2,0.5,0.5,DPD,31535,3,9449.821474965584,Mo-Mi-Fr
2,0.5,0.5,DPD,31832,3,6180.37103550358,Di-Do-Sa
2,0.5,0.5,FedEx,30159,3,12110.58418762663,Mo-Mi-Fr
2,0.5,0.5,FedEx,30161,5,4947.987525967055,Mo-Di-Do-Fr-Sa
2,0.5,0.5,FedEx,30163,5,7735.159080823077,Mo-Di-Do-Fr-Sa
2,0.5,0.5,FedEx,30167,4,4772.5900652365835,Mo-Di-Do-Fr
2,0.5,0.5,FedEx,30419,4,2688.135478224017,Di-Mi-Fr-Sa
2,0.5,0.5,FedEx,30449,5,5040.307019791378,Mo-Di-Mi-Do-Fr
2,0.5,0.5,FedEx,30453,4,2792.737076221098,Di-Mi-Fr-Sa
2,0.5,0.5,FedEx,30455,3,1893.449091756176,Di-Do-Sa
2,0.5,0.5,FedEx,30457,3,1970.0981663879952,Di-Do-Sa
2,0.5,0.5,FedEx,30519,3,3851.040407447775,Mo-Mi-Fr
2,0.5,0.5,FedEx,30539,3,3806.9796543761886,Mo-Mi-Fr
2,0.5,0.5,FedEx,30559,3,4918.367620858111,Mo-Mi-Fr
2,0.5,0.5,FedEx,30625,3,3247.9710915856876,Di-Do-Sa
2,0.5,0.5,FedEx,30655,3,3156.280544650236,Di-Do-Sa
2,0.5,0.5,FedEx,30657,5,4452.671291753003,Mo-Di-Mi-Do-Fr
2,0.5,0.5,FedEx,30823,5,1945.8174643315233,Mo-Di-Mi-Do-Fr
2,0.5,0.5,FedEx,30827,4,4005.9924299528784,Mo-Mi-Do-Fr
2,0.5,0.5,FedEx,30853,3,4155.993512060097,Mo-Mi-Fr
2,0.5,0.5,FedEx,30855,3,10808.602897029832,Mo-Mi-Fr
2,0.5,0.5,FedEx,30880,5,5717.601027510806,Mo-Di-Mi-Fr-Sa
2,0.5,0.5,FedEx,30890,3,3341.491139285647,Mo-Mi-Fr
2,0.5,0.5,FedEx,30900,3,4012.789842656908,Di-Do-Sa
2,0.5,0.5,FedEx,30916,5,5217.162896004261,Mo-Di-Mi-Do-Sa
2,0.5,0.5,FedEx,30926,4,3087.1262379086693,Mo-Di-Do-Fr
2,0.5,0.5,FedEx,30938,4,5518.072590513119,Di-Mi-Fr-Sa
2,0.5,0.5,FedEx,30952,5,2688.752439143561,Mo-Di-Mi-Do-Fr
2,0.5,0.5,FedEx,30966,5,2453.4199439124886,Mo-Di-Mi-Do-Sa
2,0.5,0.5,FedEx,30974,4,2324.2808438919824,Mo-Di-Mi-Fr
2,0.5,0.5,FedEx,30982,6,2379.2604748942445,Mo-Di-Mi-Do-Fr-Sa
2,0.5,0.5,FedEx,30989,5,2364.6828021786832,Mo-Di-Mi-Do-Fr
2,0.5,0.5,FedEx,31275,5,4939.762506513026,Mo-Di-Mi-Do-Sa
2,0.5,0.5,FedEx,31303,3,3497.460593043612,Mo-Mi-Fr
2,0.5,0.5,FedEx,31311,6,2818.577694291381,Mo-Di-Mi-Do-Fr-Sa
2,0.5,0.5,FedEx,31319,4,2761.9198958093475,Di-Mi-Do-Sa
2,0.5,0.5,FedEx,31515,3,4764.696951727506,Mo-Mi-Fr
2,0.5,0.5,FedEx,31535,4,5925.574303930441,Di-Do-Fr-Sa
2,0.5,0.5,FedEx,31832,3,3898.491268249014,Di-Do-Sa
2,0.5,0.5,GLS,30159,5,4610.058158343023,Mo-Di-Mi-Do-Fr
2,0.5,0.5,GLS,30161,4,2585.815774223744,Di-Mi-Fr-Sa
2,0.5,0.5,GLS,30163,4,4291.924223475169,Mo-Mi-Do-Fr
2,0.5,0.5,GLS,30165,5,2166.3836775960035,Mo-Di-Do-Fr-Sa
2,0.5,0.5,GLS,30167,3,3106.5817745498443,Di-Do-Sa
2,0.5,0.5,GLS,30173,4,2234.658892309162,Di-Do-Fr-Sa
2,0.5,0.5,GLS,30179,5,2015.5413627077726,Mo-Di-Mi-Do-Sa
2,0.5,0.5,GLS,30419,3,4873.478913438894,Mo-Mi-Fr
2,0.5,0.5,GLS,30449,3,3095.804096799253,Di-Do-Sa
2,0.5,0.5,GLS,30453,4,2677.80641645271,Di-Do-Fr-Sa
2,0.5,0.5,GLS,30455,4,2408.871659970056,Mo-Di-Do-Sa
2,0.5,0.5,GLS,30457,4,2330.041471090498,Mo-Mi-Do-Sa
2,0.5,0.5,GLS,30459,6,1876.236727895414,Mo-Di-Mi-Do-Fr-Sa
2,0.5,0.5,GLS,30519,3,3269.634010750139,Di-Do-Sa
2,0.5,0.5,GLS,30539,5,2214.290766218425,Mo-Di-Do-Fr-Sa
2,0.5,0.5,GLS,30559,3,3503.6386024584153,Di-Do-Sa
2,0.5,0.5,GLS,30625,4,2168.777695461713,Mo-Di-Do-Sa
2,0.5,0.5,GLS,30627,3,1755.3535536604754,Di-Do-Sa
2,0.5,0.5,GLS,30629,5,2067.6375647065865,Mo-Di-Mi-Do-Sa
2,0.5,0.5,GLS,30655,4,2562.9569248949874,Di-Do-Fr-Sa
2,0.5,0.5,GLS,30657,5,2568.173075213442,Mo-Di-Do-Fr-Sa
2,0.5,0.5,GLS,30659,5,2155.4017181838954,Mo-Di-Mi-Do-Sa
2,0.5,0.5,GLS,30823,4,3445.4067111585255,Di-Mi-Fr-Sa
2,0.5,0.5,GLS,30826,3,3682.4012791945993,Mo-Mi-Fr
2,0.5,0.5,GLS,30827,5,2807.83061005457,Mo-Di-Do-Fr-Sa
2,0.5,0.5,GLS,30851,6,2097.4205946859483,Mo-Di-Mi-Do-Fr-Sa
2,0.5,0.5,GLS,30853,6,2190.0844891648285,Mo-Di-Mi-Do-Fr-Sa
2,0.5,0.5,GLS,30855,6,7965.715090235543,Mo-Di-Mi-Do-Fr-Sa
2,0.5,0.5,GLS,30880,3,4172.345444909867,Di-Do-Sa
2,0.5,0.5,GLS,30890,3,6005.400599695224,Di-Do-Sa
2,0.5,0.5,GLS,30900,4,6962.412937464955,Mo-Di-Do-Fr
2,0.5,0.5,GLS,30916,4,4515.404722739921,Mo-Mi-Do-Sa
2,0.5,0.5,GLS,30926,4,5079.7869767737175,Mo-Mi-Do-Sa
2,0.5,0.5,GLS,30938,3,5134.968925479482,Di-Do-Sa
2,0.5,0.5,GLS,30952,4,3536.1807555996666,Di-Mi-Fr-Sa
2,0.5,0.5,GLS,30966,3,2879.1069975174923,Di-Do-Sa
2,0.5,0.5,GLS,30974,6,2912.392838204481,Mo-Di-Mi-Do-Fr-Sa
2,0.5,0.5,GLS,30982,5,2698.6904268384847,Mo-Mi-Do-Fr-Sa
2,0.5,0.5,GLS,30989,6,2798.376100761728,Mo-Di-Mi-Do-Fr-Sa
2,0.5,0.5,GLS,31275,4,6691.113126421623,Mo-Di-Mi-Fr
2,0.5,0.5,GLS,31303,3,5238.187347967625,Di-Do-Sa
2,0.5,0.5,GLS,31311,5,4883.336291354699,Di-Mi-Do-Fr-Sa
2,0.5,0.5,GLS,31319,5,4099.995749624682,Mo-Di-Mi-Do-Sa
2,0.5,0.5,GLS,31515,4,7740.362073557476,Mo-Di-Mi-Fr
2,0.5,0.5,GLS,31535,4,9611.420410367611,Mo-Di-Do-Fr
2,0.5,0.5,GLS,31832,5,4832.643908875158,Mo-Di-Mi-Do-Sa
2,0.5,0.5,Hermes,30159,5,5699.41299529704,Mo-Di-Mi-Do-Sa
2,0.5,0.5,Hermes,30161,4,2943.2328638677827,Mo-Mi-Do-Sa
2,0.5,0.5,Hermes,30163,4,2913.7881309630775,Mo-Mi-Do-Sa
2,0.5,0.5,Hermes,30165,5,2851.070313063177,Mo-Di-Mi-Do-Sa
2,0.5,0.5,Hermes,30167,4,3926.1721984670758,Mo-Di-Do-Fr
2,0.5,0.5,Hermes,30173,5,3167.7517835625063,Mo-Di-Mi-Do-Sa
2,0.5,0.5,Hermes,30177,4,2401.634239531312,Di-Mi-Fr-Sa
2,0.5,0.5,Hermes,30179,4,2449.7244461943983,Di-Do-Fr-Sa
2,0.5,0.5,Hermes,30419,5,5162.057302180651,Mo-Mi-Do-Fr-Sa
2,0.5,0.5,Hermes,30449,3,4021.1931875072178,Di-Do-Sa
2,0.5,0.5,Hermes,30453,3,3213.118254672018,Di-Do-Sa
2,0.5,0.5,Hermes,30455,3,3126.2761331919814,Mo-Mi-Fr
2,0.5,0.5,Hermes,30457,4,3046.977859714817,Di-Mi-Fr-Sa
2,0.5,0.5,Hermes,30459,4,2972.983715749301,Di-Mi-Fr-Sa
2,0.5,0.5,Hermes,30519,4,4807.199816265169,Mo-Mi-Do-Fr
2,0.5,0.5,Hermes,30539,3,3555.4727068794036,Di-Do-Sa
2,0.5,0.5,Hermes,30559,3,5031.037890065128,Mo-Mi-Fr
2,0.5,0.5,Hermes,30625,4,2800.642826502958,Di-Mi-Fr-Sa
2,0.5,0.5,Hermes,30627,5,1795.1822121118576,Mo-Di-Mi-Do-Sa
2,0.5,0.5,Hermes,30629,4,2863.5854506022233,Di-Mi-Fr-Sa
2,0.5,0.5,Hermes,30655,4,3203.2661346836558,Mo-Mi-Do-Sa
2,0.5,0.5,Hermes,30657,4,2856.8629729272066,Di-Mi-Do-Sa
2,0.5,0.5,Hermes,30659,3,2805.239393071739,Mo-Mi-Fr
2,0.5,0.5,Hermes,30823,3,3752.9435373790006,Mo-Mi-Fr
2,0.5,0.5,Hermes,30826,4,3865.228143772491,Mo-Mi-Do-Sa
2,0.5,0.5,Hermes,30827,3,3055.717423419974,Di-Do-Sa
2,0.5,0.5,Hermes,30851,4,2334.470538662897,Di-Mi-Fr-Sa
2,0.5,0.5,Hermes,30853,4,2271.2774211000883,Mo-Mi-Fr-Sa
2,0.5,0.5,Hermes,30855,3,8305.805146757932,Mo-Mi-Fr
2,0.5,0.5,Hermes,30880,6,6557.610295895224,Mo-Di-Mi-Do-Fr-Sa
2,0.5,0.5,Hermes,30890,3,6996.08226380073,Mo-Mi-Fr
2,0.5,0.5,Hermes,30900,3,6947.711314520001,Mo-Mi-Fr
2,0.5,0.5,Hermes,30916,3,5593.141573060306,Mo-Mi-Fr
2,0.5,0.5,Hermes,30926,4,5703.007512356293,Di-Mi-Fr-Sa
2,0.5,0.5,Hermes,30938,4,5590.1496687479375,Mo-Mi-Do-Sa
2,0.5,0.5,Hermes,30952,3,4787.789965290091,Di-Do-Sa
2,0.5,0.5,Hermes,30966,3,4232.254942445119,Mo-Mi-Fr
2,0.5,0.5,Hermes,30974,3,3697.12354442906,Mo-Mi-Fr
2,0.5,0.5,Hermes,30982,3,3819.102333402844,Di-Do-Sa
2,0.5,0.5,Hermes,30989,4,3557.687184748278,Di-Mi-Fr-Sa
2,0.5,0.5,Hermes,31275,5,8882.528647183142,Mo-Mi-Do-Fr-Sa
2,0.5,0.5,Hermes,31303,3,6466.490117861393,Di-Do-Sa
2,0.5,0.5,Hermes,31311,3,5793.203756069023,Di-Do-Sa
2,0.5,0.5,Hermes,31319,3,6122.0607549921315,Di-Do-Sa
2,0.5,0.5,Hermes,31515,3,8456.286072201905,Mo-Mi-Fr
2,0.5,0.5,Hermes,31535,4,10108.339036692265,Mo-Mi-Do-Sa
2,0.5,0.5,Hermes,31832,3,7145.500290887439,Di-Do-Sa
2,0.5,0.5,UPS,30159,4,13740.776539018218,Mo-Mi-Do-Sa
2,0.5,0.5,UPS,30161,5,5777.5288850497345,Mo-Mi-Do-Fr-Sa
2,0.5,0.5,UPS,30163,5,6338.002968192612,Mo-Di-Mi-Do-Sa
2,0.5,0.5,UPS,30165,5,3572.2479754108326,Mo-Mi-Do-Fr-Sa
2,0.5,0.5,UPS,30167,5,5614.610198835863,Mo-Di-Mi-Do-Sa
2,0.5,0.5,UPS,30419,5,3140.7656598026015,Mo-Di-Mi-Do-Sa
2,0.5,0.5,UPS,30449,3,6151.747682421961,Mo-Mi-Fr
2,0.5,0.5,UPS,30453,3,3106.6920419304984,Mo-Mi-Fr
2,0.5,0.5,UPS,30455,4,1945.9823182278615,Mo-Di-Mi-Fr
2,0.5,0.5,UPS,30457,5,2055.0534577878,Mo-Di-Mi-Do-Sa
2,0.5,0.5,UPS,30519,5,4940.922736644711,Mo-Di-Mi-Do-Fr
2,0.5,0.5,UPS,30539,4,4380.159263298934,Mo-Mi-Do-Fr
2,0.5,0.5,UPS,30559,4,4689.030262399609,Mo-Di-Mi-Fr
2,0.5,0.5,UPS,30625,3,4095.144518437193,Di-Do-Sa
2,0.5,0.5,UPS,30655,5,2055.141940569542,Mo-Mi-Do-Fr-Sa
2,0.5,0.5,UPS,30657,5,4533.7082881100705,Mo-Di-Do-Fr-Sa
2,0.5,0.5,UPS,30659,3,3430.771276119008,Mo-Mi-Fr
2,0.5,0.5,UPS,30823,4,2677.6937827501124,Di-Do-Fr-Sa
2,0.5,0.5,UPS,30826,5,2042.2007621976531,Mo-Di-Mi-Do-Sa
2,0.5,0.5,UPS,30827,4,3084.645008349453,Di-Mi-Do-Sa
2,0.5,0.5,UPS,30853,3,4285.701112921418,Mo-Mi-Fr
2,0.5,0.5,UPS,30855,5,12250.405958758758,Mo-Di-Mi-Do-Sa
2,0.5,0.5,UPS,30880,4,6827.767639515043,Di-Mi-Do-Sa
2,0.5,0.5,UPS,30890,3,4031.6327232856784,Mo-Mi-Fr
2,0.5,0.5,UPS,30900,5,4779.694031204007,Mo-Di-Mi-Do-Sa
2,0.5,0.5,UPS,30916,5,5878.623950373746,Mo-Di-Do-Fr-Sa
2,0.5,0.5,UPS,30926,3,3301.963968014448,Mo-Mi-Fr
2,0.5,0.5,UPS,30938,4,5795.232736067218,Mo-Mi-Fr-Sa
2,0.5,0.5,UPS,30952,4,3192.9975333632265,Di-Do-Fr-Sa
2,0.5,0.5,UPS,30966,4,3025.4914059136945,Di-Do-Fr-Sa
2,0.5,0.5,UPS,30974,5,2897.5358881133025,Mo-Di-Mi-Do-Sa
2,0.5,0.5,UPS,30982,4,2887.818459202436,Mo-Di-Mi-Fr
2,0.5,0.5,UPS,30989,5,3027.395362888888,Mo-Mi-Do-Fr-Sa
2,0.5,0.5,UPS,31275,4,6314.662494689435,Di-Do-Fr-Sa
2,0.5,0.5,UPS,31303,4,3993.1890682686776,Di-Mi-Fr-Sa
2,0.5,0.5,UPS,31311,3,3724.9083334443935,Di-Do-Sa
2,0.5,0.5,UPS,31319,3,3216.492350905104,Di-Do-Sa
2,0.5,0.5,UPS,31515,3,6200.291375758549,Mo-Mi-Fr
2,0.5,0.5,UPS,31535,4,7075.175270350117,Mo-Di-Do-Fr
2,0.5,0.5,UPS,31832,5,5103.887823377229,Mo-Di-Mi-Fr-Sa
2,0.6000000000000001,0.3999999999999999,Amazon,30159,3,11060.850049914658,Di-Do-Sa
2,0.6000000000000001,0.3999999999999999,Amazon,30161,4,5879.616975439044,Di-Mi-Do-Sa
2,0.6000000000000001,0.3999999999999999,Amazon,30163,4,5610.936470121525,Di-Mi-Do-Sa
2,0.6000000000000001,0.3999999999999999,Amazon,30165,5,4545.791140625677,Mo-Di-Mi-Fr-Sa
2,0.6000000000000001,0.3999999999999999,Amazon,30167,6,7124.980941103149,Mo-Di-Mi-Do-Fr-Sa
2,0.6000000000000001,0.3999999999999999,Amazon,30173,5,5024.203828230287,Mo-Di-Mi-Fr-Sa
2,0.6000000000000001,0.3999999999999999,Amazon,30177,5,4081.2128763032038,Mo-Di-Mi-Do-Fr
2,0.6000000000000001,0.3999999999999999,Amazon,30179,5,4135.176964338226,Mo-Di-Mi-Do-Fr
2,0.6000000000000001,0.3999999999999999,Amazon,30419,6,8685.332684443236,Mo-Di-Mi-Do-Fr-Sa
2,0.6000000000000001,0.3999999999999999,Amazon,30449,6,6930.958642387422,Mo-Di-Mi-Do-Fr-Sa
2,0.6000000000000001,0.3999999999999999,Amazon,30453,6,4953.369950665476,Mo-Di-Mi-Do-Fr-Sa
2,0.6000000000000001,0.3999999999999999,Amazon,30455,5,4501.77739579526,Mo-Di-Mi-Do-Fr
2,0.6000000000000001,0.3999999999999999,Amazon,30457,5,4604.538285834916,Mo-Di-Mi-Do-Fr
2,0.6000000000000001,0.3999999999999999,Amazon,30459,6,4721.113690320388,Mo-Di-Mi-Do-Fr-Sa
2,0.6000000000000001,0.3999999999999999,Amazon,30519,5,7918.818111217973,Di-Mi-Do-Fr-Sa
2,0.6000000000000001,0.3999999999999999,Amazon,30539,6,5232.56483537078,Mo-Di-Mi-Do-Fr-Sa
2,0.6000000000000001,0.3999999999999999,Amazon,30559,6,7936.80103693811,Mo-Di-Mi-Do-Fr-Sa
2,0.6000000000000001,0.3999999999999999,Amazon,30625,5,4656.7593492503875,Mo-Di-Mi-Do-Fr
2,0.6000000000000001,0.3999999999999999,Amazon,30627,5,3333.7060436020893,Mo-Di-Mi-Do-Sa
2,0.6000000000000001,0.3999999999999999,Amazon,30629,5,4481.578029717146,Mo-Di-Do-Fr-Sa
2,0.6000000000000001,0.3999999999999999,Amazon,30655,6,5134.034576870573,Mo-Di-Mi-Do-Fr-Sa
2,0.6000000000000001,0.3999999999999999,Amazon,30657,6,5211.641795669652,Mo-Di-Mi-Do-Fr-Sa
2,0.6000000000000001,0.3999999999999999,Amazon,30659,5,4623.750895169247,Mo-Di-Mi-Do-Fr
2,0.6000000000000001,0.3999999999999999,Amazon,30823,4,5260.767600631281,Di-Mi-Do-Sa
2,0.6000000000000001,0.3999999999999999,Amazon,30826,5,5182.981363103236,Mo-Di-Mi-Fr-Sa
2,0.6000000000000001,0.3999999999999999,Amazon,30827,4,4391.515976058826,Mo-Mi-Fr-Sa
2,0.6000000000000001,0.3999999999999999,Amazon,30851,5,4288.301538213211,Mo-Di-Mi-Do-Fr
2,0.6000000000000001,0.3999999999999999,Amazon,30853,5,4272.380400431184,Mo-Di-Mi-Do-Fr
2,0.6000000000000001,0.3999999999999999,Amazon,30855,5,16197.221355228954,Mo-Di-Do-Fr-Sa
2,0.6000000000000001,0.3999999999999999,Amazon,30880,4,10755.68439778864,Di-Do-Fr-Sa
2,0.6000000000000001,0.3999999999999999,Amazon,30890,3,9680.893148117493,Mo-Mi-Fr
2,0.6000000000000001,0.3999999999999999,Amazon,30900,4,11265.346449023386,Di-Do-Fr-Sa
2,0.6000000000000001,0.3999999999999999,Amazon,30916,4,9581.152437552695,Mo-Mi-Do-Fr
2,0.6000000000000001,0.3999999999999999,Amazon,30926,4,8714.034547970485,Mo-Mi-Fr-Sa
2,0.6000000000000001,0.3999999999999999,Amazon,30938,5,8765.746295869314,Mo-Di-Do-Fr-Sa
2,0.6000000000000001,0.3999999999999999,Amazon,30952,5,6650.168053217991,Di-Mi-Do-Fr-Sa
2,0.6000000000000001,0.3999999999999999,Amazon,30966,4,6492.851602905779,Mo-Mi-Do-Fr
2,0.6000000000000001,0.3999999999999999,Amazon,30974,5,5128.6717503373575,Mo-Di-Mi-Fr-Sa
2,0.6000000000000001,0.3999999999999999,Amazon,30982,4,5405.247058666396,Mo-Di-Mi-Fr
2,0.6000000000000001,0.3999999999999999,Amazon,30989,4,5062.838971216068,Mo-Di-Mi-Fr
2,0.6000000000000001,0.3999999999999999,Amazon,31275,4,13465.210034137443,Di-Mi-Do-Sa
2,0.6000000000000001,0.3999999999999999,Amazon,31303,4,9910.671595791644,Di-Do-Fr-Sa
2,0.6000000000000001,0.3999999999999999,Amazon,31311,4,8557.147573334158,Mo-Mi-Do-Sa
2,0.6000000000000001,0.3999999999999999,Amazon,31319,6,9006.598190484336,Mo-Di-Mi-Do-Fr-Sa
2,0.6000000000000001,0.3999999999999999,Amazon,31515,5,11853.048438016918,Mo-Mi-Do-Fr-Sa
2,0.6000000000000001,0.3999999999999999,Amazon,31535,4,14360.613958791397,Mo-Di-Mi-Fr
2,0.6000000000000001,0.3999999999999999,Amazon,31832,5,10486.443526892348,Di-Mi-Do-Fr-Sa
2,0.6000000000000001,0.3999999999999999,DHL,30159,5,21130.049618533263,Mo-Mi-Do-Fr-Sa
2,0.6000000000000001,0.3999999999999999,DHL,30161,6,10896.842490106472,Mo-Di-Mi-Do-Fr-Sa
2,0.6000000000000001,0.3999999999999999,DHL,30163,6,9949.803363797471,Mo-Di-Mi-Do-Fr-Sa
2,0.6000000000000001,0.3999999999999999,DHL,30165,5,8637.72851098121,Di-Mi-Do-Fr-Sa
2,0.6000000000000001,0.3999999999999999,DHL,30167,5,12993.022720884888,Mo-Di-Mi-Do-Sa
2,0.6000000000000001,0.3999999999999999,DHL,30169,6,5443.510365830029,Mo-Di-Mi-Do-Fr-Sa
2,0.6000000000000001,0.3999999999999999,DHL,30173,5,8850.876607148506,Mo-Di-Do-Fr-Sa
2,0.6000000000000001,0.3999999999999999,DHL,30177,5,6657.085733445956,Mo-Di-Mi-Do-Fr
2,0.6000000000000001,0.3999999999999999,DHL,30179,6,7025.737693154014,Mo-Di-Mi-Do-Fr-Sa
2,0.6000000000000001,0.3999999999999999,DHL,30419,6,15488.762582133773,Mo-Di-Mi-Do-Fr-Sa
2,0.6000000000000001,0.3999999999999999,DHL,30449,6,7469.2241491514915,Mo-Di-Mi-Do-Fr-Sa
2,0.6000000000000001,0.3999999999999999,DHL,30453,4,8821.922360767354,Di-Mi-Fr-Sa
2,0.6000000000000001,0.3999999999999999,DHL,30455,5,7413.13639645036,Mo-Di-Mi-Do-Fr
2,0.6000000000000001,0.3999999999999999,DHL,30457,4,6953.324229717076,Mo-Di-Do-Fr
2,0.6000000000000001,0.3999999999999999,DHL,30459,6,6651.002162382179,Mo-Di-Mi-Do-Fr-Sa
2,0.6000000000000001,0.3999999999999999,DHL,30519,6,13272.168787294228,Mo-Di-Mi-Do-Fr-Sa
2,0.6000000000000001,0.3999999999999999,DHL,30539,4,9040.394359889833,Mo-Mi-Do-Fr
2,0.6000000000000001,0.3999999999999999,DHL,30559,6,12373.65925832722,Mo-Di-Mi-Do-Fr-Sa
2,0.6000000000000001,0.3999999999999999,DHL,30625,6,8096.802842174482,Mo-Di-Mi-Do-Fr-Sa
2,0.6000000000000001,0.3999999999999999,DHL,30627,5,5435.178374020357,Mo-Di-Mi-Do-Sa
2,0.6000000000000001,0.3999999999999999,DHL,30629,4,6526.338705801793,Mo-Mi-Fr-Sa
2,0.6000000000000001,0.3999999999999999,DHL,30655,5,8745.85050390887,Mo-Di-Mi-Fr-Sa
2,0.6000000000000001,0.3999999999999999,DHL,30657,6,9992.167827012736,Mo-Di-Mi-Do-Fr-Sa
2,0.6000000000000001,0.3999999999999999,DHL,30659,6,7898.329610710899,Mo-Di-Mi-Do-Fr-Sa
2,0.6000000000000001,0.3999999999999999,DHL,30823,5,10081.335082978247,Mo-Mi-Do-Fr-Sa
2,0.6000000000000001,0.3999999999999999,DHL,30826,5,9317.394215434188,Mo-Mi-Do-Fr-Sa
2,0.6000000000000001,0.3999999999999999,DHL,30827,6,8625.617953447312,Mo-Di-Mi-Do-Fr-Sa
2,0.6000000000000001,0.3999999999999999,DHL,30851,6,7140.564548697186,Mo-Di-Mi-Do-Fr-Sa
2,0.6000000000000001,0.3999999999999999,DHL,30853,6,7954.150022203881,Mo-Di-Mi-Do-Fr-Sa
2,0.6000000000000001,0.3999999999999999,DHL,30855,4,32462.506769632164,Mo-Mi-Fr-Sa
2,0.6000000000000001,0.3999999999999999,DHL,30880,4,17836.23070631844,Mo-Mi-Fr-Sa
2,0.6000000000000001,0.3999999999999999,DHL,30890,5,15907.182491486794,Mo-Di-Mi-Do-Fr
2,0.6000000000000001,0.3999999999999999,DHL,30900,4,17232.765112270903,Di-Do-Fr-Sa
2,0.6000000000000001,0.3999999999999999,DHL,30916,4,17571.369717886504,Mo-Mi-Do-Fr
2,0.6000000000000001,0.3999999999999999,DHL,30926,4,14070.342434229824,Mo-Di-Do-Sa
2,0.6000000000000001,0.3999999999999999,DHL,30938,6,14554.779241554967,Mo-Di-Mi-Do-Fr-Sa
2,0.6000000000000001,0.3999999999999999,DHL,30952,5,11318.841588158928,Mo-Di-Mi-Fr-Sa
2,0.6000000000000001,0.3999999999999999,DHL,30966,5,10464.581065518996,Di-Mi-Do-Fr-Sa
2,0.6000000000000001,0.3999999999999999,DHL,30974,5,7569.154278072414,Di-Mi-Do-Fr-Sa
2,0.6000000000000001,0.3999999999999999,DHL,30982,4,8016.278397077643,Di-Do-Fr-Sa
2,0.6000000000000001,0.3999999999999999,DHL,30989,4,8494.458224023434,Di-Do-Fr-Sa
2,0.6000000000000001,0.3999999999999999,DHL,31275,4,20319.584011232146,Di-Mi-Fr-Sa
2,0.6000000000000001,0.3999999999999999,DHL,31303,5,13541.882895926256,Mo-Di-Mi-Do-Fr
2,0.6000000000000001,0.3999999999999999,DHL,31311,4,10510.154180047692,Mo-Mi-Do-Fr
2,0.6000000000000001,0.3999999999999999,DHL,31319,4,12128.84660986094,Mo-Mi-Fr-Sa
2,0.6000000000000001,0.3999999999999999,DHL,31515,5,20774.31379755077,Mo-Di-Mi-Do-Sa
2,0.6000000000000001,0.3999999999999999,DHL,31535,4,21004.508709098172,Di-Mi-Do-Sa
2,0.6000000000000001,0.3999999999999999,DHL,31832,6,14443.460212265947,Mo-Di-Mi-Do-Fr-Sa
2,0.6000000000000001,0.3999999999999999,DPD,30159,5,6505.79655705565,Mo-Di-Mi-Do-Sa
2,0.6000000000000001,0.3999999999999999,DPD,30161,5,3378.2426142464124,Mo-Di-Mi-Do-Sa
2,0.6000000000000001,0.3999999999999999,DPD,30163,5,3117.57732122882,Mo-Di-Mi-Do-Sa
2,0.6000000000000001,0.3999999999999999,DPD,30165,4,2762.1350064994035,Di-Mi-Fr-Sa
2,0.6000000000000001,0.3999999999999999,DPD,30167,5,4295.38664950644,Mo-Di-Mi-Do-Fr
2,0.6000000000000001,0.3999999999999999,DPD,30173,4,2641.9069757994785,Di-Mi-Fr-Sa
2,0.6000000000000001,0.3999999999999999,DPD,30177,5,1988.268510920767,Mo-Di-Do-Fr-Sa
2,0.6000000000000001,0.3999999999999999,DPD,30179,5,2222.37233357826,Mo-Di-Do-Fr-Sa
2,0.6000000000000001,0.3999999999999999,DPD,30419,4,5085.389517224328,Mo-Mi-Do-Fr
2,0.6000000000000001,0.3999999999999999,DPD,30449,4,3961.122437527466,Mo-Di-Do-Fr
2,0.6000000000000001,0.3999999999999999,DPD,30453,3,3128.805815675332,Mo-Mi-Fr
2,0.6000000000000001,0.3999999999999999,DPD,30455,3,2739.9242587082304,Di-Do-Sa
2,0.6000000000000001,0.3999999999999999,DPD,30457,4,2705.1877902983765,Di-Do-Fr-Sa
2,0.6000000000000001,0.3999999999999999,DPD,30459,5,2340.2511228918615,Mo-Di-Do-Fr-Sa
2,0.6000000000000001,0.3999999999999999,DPD,30519,4,4102.996776050102,Mo-Di-Do-Fr
2,0.6000000000000001,0.3999999999999999,DPD,30539,3,2906.668941817483,Di-Do-Sa
2,0.6000000000000001,0.3999999999999999,DPD,30559,5,3935.9395511555613,Mo-Mi-Do-Fr-Sa
2,0.6000000000000001,0.3999999999999999,DPD,30625,4,2409.207508923366,Mo-Mi-Fr-Sa
2,0.6000000000000001,0.3999999999999999,DPD,30627,6,1702.8075328692416,Mo-Di-Mi-Do-Fr-Sa
2,0.6000000000000001,0.3999999999999999,DPD,30629,5,2002.1765549562106,Mo-Di-Do-Fr-Sa
2,0.6000000000000001,0.3999999999999999,DPD,30655,4,2559.8868472704944,Di-Do-Fr-Sa
2,0.6000000000000001,0.3999999999999999,DPD,30657,4,3060.3287722347386,Di-Mi-Fr-Sa
2,0.6000000000000001,0.3999999999999999,DPD,30659,4,2328.840016704487,Di-Do-Fr-Sa
2,0.6000000000000001,0.3999999999999999,DPD,30823,4,3566.2994656397946,Mo-Di-Mi-Fr
2,0.6000000000000001,0.3999999999999999,DPD,30826,3,3850.9498374576774,Mo-Mi-Fr
2,0.6000000000000001,0.3999999999999999,DPD,30827,3,3165.3104766925794,Mo-Mi-Fr
2,0.6000000000000001,0.3999999999999999,DPD,30851,5,2236.333177984127,Mo-Di-Do-Fr-Sa
2,0.6000000000000001,0.3999999999999999,DPD,30853,4,2617.7867323612786,Mo-Mi-Fr-Sa
2,0.6000000000000001,0.3999999999999999,DPD,30855,6,9902.157549572998,Mo-Di-Mi-Do-Fr-Sa
2,0.6000000000000001,0.3999999999999999,DPD,30880,4,5548.520545113201,Mo-Mi-Fr-Sa
2,0.6000000000000001,0.3999999999999999,DPD,30890,3,6675.265864442053,Mo-Mi-Fr
2,0.6000000000000001,0.3999999999999999,DPD,30900,3,6941.579965222358,Mo-Mi-Fr
2,0.6000000000000001,0.3999999999999999,DPD,30916,3,5210.700844843276,Mo-Mi-Fr
2,0.6000000000000001,0.3999999999999999,DPD,30926,3,5947.334499930037,Mo-Mi-Fr
2,0.6000000000000001,0.3999999999999999,DPD,30938,4,5250.886528508734,Mo-Di-Do-Fr
2,0.6000000000000001,0.3999999999999999,DPD,30952,3,4201.890675593058,Mo-Mi-Fr
2,0.6000000000000001,0.3999999999999999,DPD,30966,4,3609.438793905142,Di-Mi-Fr-Sa
2,0.6000000000000001,0.3999999999999999,DPD,30974,4,3529.2619830587078,Di-Do-Fr-Sa
2,0.6000000000000001,0.3999999999999999,DPD,30982,4,3393.4943275771125,Di-Do-Fr-Sa
2,0.6000000000000001,0.3999999999999999,DPD,30989,4,3468.7903959824735,Di-Do-Fr-Sa
2,0.6000000000000001,0.3999999999999999,DPD,31275,3,6373.533724315848,Di-Do-Sa
2,0.6000000000000001,0.3999999999999999,DPD,31303,4,4996.809887716135,Mo-Di-Do-Sa
2,0.6000000000000001,0.3999999999999999,DPD,31311,3,4554.093024985112,Mo-Mi-Fr
2,0.6000000000000001,0.3999999999999999,DPD,31319,5,4112.881620114147,Mo-Di-Mi-Do-Sa
2,0.6000000000000001,0.3999999999999999,DPD,31515,4,8115.132099224469,Mo-Di-Mi-Fr
2,0.6000000000000001,0.3999999999999999,DPD,31535,4,9700.125158987788,Di-Mi-Fr-Sa
2,0.6000000000000001,0.3999999999999999,DPD,31832,3,6411.505315242728,Di-Do-Sa
2,0.6000000000000001,0.3999999999999999,FedEx,30159,4,12382.575407355083,Di-Mi-Do-Sa
2,0.6000000000000001,0.3999999999999999,FedEx,30161,4,4829.933066737525,Mo-Mi-Fr-Sa
2,0.6000000000000001,0.3999999999999999,FedEx,30163,3,7753.479911583654,Mo-Mi-Fr
2,0.6000000000000001,0.3999999999999999,FedEx,30167,3,4813.159737199536,Di-Do-Sa
2,0.6000000000000001,0.3999999999999999,FedEx,30419,3,2693.2383390487716,Mo-Mi-Fr
2,0.6000000000000001,0.3999999999999999,FedEx,30449,6,5070.480072832069,Mo-Di-Mi-Do-Fr-Sa
2,0.6000000000000001,0.3999999999999999,FedEx,30453,4,2831.0213448138506,Mo-Mi-Fr-Sa
2,0.6000000000000001,0.3999999999999999,FedEx,30455,3,1904.7686942744049,Mo-Mi-Fr
2,0.6000000000000001,0.3999999999999999,FedEx,30457,3,1971.2741164419576,Di-Do-Sa
2,0.6000000000000001,0.3999999999999999,FedEx,30519,4,3941.6446208326374,Mo-Di-Do-Sa
2,0.6000000000000001,0.3999999999999999,FedEx,30539,4,3875.0916529752767,Mo-Di-Do-Sa
2,0.6000000000000001,0.3999999999999999,FedEx,30559,3,4939.506502165426,Mo-Mi-Fr
2,0.6000000000000001,0.3999999999999999,FedEx,30625,4,3404.7596435112227,Di-Mi-Do-Sa
2,0.6000000000000001,0.3999999999999999,FedEx,30655,4,3210.5070847712905,Di-Mi-Do-Sa
2,0.6000000000000001,0.3999999999999999,FedEx,30657,6,4470.593996761694,Mo-Di-Mi-Do-Fr-Sa
2,0.6000000000000001,0.3999999999999999,FedEx,30823,4,1944.4025800510294,Mo-Di-Mi-Fr
2,0.6000000000000001,0.3999999999999999,FedEx,30827,3,4016.115921120827,Mo-Mi-Fr
2,0.6000000000000001,0.3999999999999999,FedEx,30853,3,4180.758043040597,Mo-Mi-Fr
2,0.6000000000000001,0.3999999999999999,FedEx,30855,4,11087.947281901459,Mo-Mi-Do-Sa
2,0.6000000000000001,0.3999999999999999,FedEx,30880,4,5708.416814814643,Mo-Mi-Fr-Sa
2,0.6000000000000001,0.3999999999999999,FedEx,30890,3,3419.7080387504348,Di-Do-Sa
2,0.6000000000000001,0.3999999999999999,FedEx,30900,3,4212.557571473549,Mo-Mi-Fr
2,0.6000000000000001,0.3999999999999999,FedEx,30916,5,5239.083979555507,Mo-Di-Mi-Do-Sa
2,0.6000000000000001,0.3999999999999999,FedEx,30926,4,3107.045153619214,Di-Do-Fr-Sa
2,0.6000000000000001,0.3999999999999999,FedEx,30938,4,5468.7824196643005,Mo-Di-Mi-Fr
2,0.6000000000000001,0.3999999999999999,FedEx,30952,4,2679.86850959362,Mo-Di-Mi-Fr
2,0.6000000000000001,0.3999999999999999,FedEx,30966,5,2459.447422533138,Mo-Di-Mi-Do-Sa
2,0.6000000000000001,0.3999999999999999,FedEx,30974,3,2326.6041074122595,Mo-Mi-Fr
2,0.6000000000000001,0.3999999999999999,FedEx,30982,6,2379.2604748942445,Mo-Di-Mi-Do-Fr-Sa
2,0.6000000000000001,0.3999999999999999,FedEx,30989,4,2359.393735603344,Mo-Di-Mi-Fr
2,0.6000000000000001,0.3999999999999999,FedEx,31275,5,4976.914931354442,Mo-Di-Mi-Do-Sa
2,0.6000000000000001,0.3999999999999999,FedEx,31303,4,3631.678237971493,Mo-Mi-Fr-Sa
2,0.6000000000000001,0.3999999999999999,FedEx,31311,6,2818.577694291381,Mo-Di-Mi-Do-Fr-Sa
2,0.6000000000000001,0.3999999999999999,FedEx,31319,4,2743.9676828310457,Mo-Di-Mi-Fr
2,0.6000000000000001,0.3999999999999999,FedEx,31515,4,4868.253338911025,Mo-Di-Do-Sa
2,0.6000000000000001,0.3999999999999999,FedEx,31535,4,6043.9542462145855,Mo-Di-Do-Fr
2,0.6000000000000001,0.3999999999999999,FedEx,31832,3,3926.5093972686195,Di-Do-Sa
2,0.6000000000000001,0.3999999999999999,GLS,30159,5,4637.679525344108,Mo-Di-Mi-Do-Sa
2,0.6000000000000001,0.3999999999999999,GLS,30161,4,2604.569806834617,Di-Mi-Fr-Sa
2,0.6000000000000001,0.3999999999999999,GLS,30163,3,4294.768715630245,Mo-Mi-Fr
2,0.6000000000000001,0.3999999999999999,GLS,30165,5,2183.9316442573245,Mo-Di-Do-Fr-Sa
2,0.6000000000000001,0.3999999999999999,GLS,30167,4,3232.16744493969,Di-Mi-Do-Sa
2,0.6000000000000001,0.3999999999999999,GLS,30173,5,2232.736625466987,Mo-Di-Do-Fr-Sa
2,0.6000000000000001,0.3999999999999999,GLS,30179,5,2028.0998790438416,Mo-Di-Mi-Do-Fr
2,0.6000000000000001,0.3999999999999999,GLS,30419,4,4744.285546540771,Mo-Di-Do-Fr
2,0.6000000000000001,0.3999999999999999,GLS,30449,3,2939.8353966536724,Mo-Mi-Fr
2,0.6000000000000001,0.3999999999999999,GLS,30453,4,2719.794164345689,Di-Do-Fr-Sa
2,0.6000000000000001,0.3999999999999999,GLS,30455,4,2447.5806194413562,Mo-Di-Do-Sa
2,0.6000000000000001,0.3999999999999999,GLS,30457,4,2325.6919038694537,Mo-Di-Do-Sa
2,0.6000000000000001,0.3999999999999999,GLS,30459,6,1876.236727895414,Mo-Di-Mi-Do-Fr-Sa
2,0.6000000000000001,0.3999999999999999,GLS,30519,5,3313.2448051203114,Mo-Di-Mi-Do-Sa
2,0.6000000000000001,0.3999999999999999,GLS,30539,5,2214.7798063762543,Mo-Di-Do-Fr-Sa
2,0.6000000000000001,0.3999999999999999,GLS,30559,4,3518.072593394173,Di-Mi-Do-Sa
2,0.6000000000000001,0.3999999999999999,GLS,30625,4,2158.499314401627,Mo-Di-Do-Sa
2,0.6000000000000001,0.3999999999999999,GLS,30627,3,1766.0170419077776,Di-Do-Sa
2,0.6000000000000001,0.3999999999999999,GLS,30629,5,2064.069952525373,Mo-Di-Mi-Do-Sa
2,0.6000000000000001,0.3999999999999999,GLS,30655,4,2598.318458445572,Di-Do-Fr-Sa
2,0.6000000000000001,0.3999999999999999,GLS,30657,5,2585.0937984523966,Mo-Di-Do-Fr-Sa
2,0.6000000000000001,0.3999999999999999,GLS,30659,6,2165.5626302364476,Mo-Di-Mi-Do-Fr-Sa
2,0.6000000000000001,0.3999999999999999,GLS,30823,3,3442.6164910220905,Mo-Mi-Fr
2,0.6000000000000001,0.3999999999999999,GLS,30826,3,3901.1387916609337,Mo-Mi-Fr
2,0.6000000000000001,0.3999999999999999,GLS,30827,5,2848.8531518432233,Mo-Di-Do-Fr-Sa
2,0.6000000000000001,0.3999999999999999,GLS,30851,6,2097.4205946859483,Mo-Di-Mi-Do-Fr-Sa
2,0.6000000000000001,0.3999999999999999,GLS,30853,5,2189.4051379694806,Mo-Di-Mi-Do-Sa
2,0.6000000000000001,0.3999999999999999,GLS,30855,6,7965.715090235543,Mo-Di-Mi-Do-Fr-Sa
2,0.6000000000000001,0.3999999999999999,GLS,30880,3,4072.5521577824657,Mo-Mi-Fr
2,0.6000000000000001,0.3999999999999999,GLS,30890,3,6116.626362011556,Di-Do-Sa
2,0.6000000000000001,0.3999999999999999,GLS,30900,4,6964.740014690198,Mo-Di-Do-Sa
2,0.6000000000000001,0.3999999999999999,GLS,30916,5,4608.546647724244,Mo-Di-Mi-Do-Sa
2,0.6000000000000001,0.3999999999999999,GLS,30926,4,5081.590168847003,Mo-Di-Do-Sa
2,0.6000000000000001,0.3999999999999999,GLS,30938,3,5193.625489944049,Di-Do-Sa
2,0.6000000000000001,0.3999999999999999,GLS,30952,3,3416.4478989614454,Mo-Mi-Fr
2,0.6000000000000001,0.3999999999999999,GLS,30966,3,2900.968277471107,Mo-Mi-Fr
2,0.6000000000000001,0.3999999999999999,GLS,30974,6,2912.392838204481,Mo-Di-Mi-Do-Fr-Sa
2,0.6000000000000001,0.3999999999999999,GLS,30982,5,2701.186524548857,Mo-Mi-Do-Fr-Sa
2,0.6000000000000001,0.3999999999999999,GLS,30989,6,2798.376100761728,Mo-Di-Mi-Do-Fr-Sa
2,0.6000000000000001,0.3999999999999999,GLS,31275,3,6459.555154237269,Mo-Mi-Fr
2,0.6000000000000001,0.3999999999999999,GLS,31303,3,5494.441345218258,Di-Do-Sa
2,0.6000000000000001,0.3999999999999999,GLS,31311,6,4948.797517087573,Mo-Di-Mi-Do-Fr-Sa
2,0.6000000000000001,0.3999999999999999,GLS,31319,4,4033.126577433219,Mo-Di-Mi-Fr
2,0.6000000000000001,0.3999999999999999,GLS,31515,3,7778.34630732364,Di-Do-Sa
2,0.6000000000000001,0.3999999999999999,GLS,31535,3,9380.710548927516,Mo-Mi-Fr
2,0.6000000000000001,0.3999999999999999,GLS,31832,5,4859.518473328684,Mo-Di-Mi-Do-Sa
2,0.6000000000000001,0.3999999999999999,Hermes,30159,4,5512.966386781956,Di-Mi-Do-Sa
2,0.6000000000000001,0.3999999999999999,Hermes,30161,5,2994.102575870629,Mo-Di-Mi-Do-Sa
2,0.6000000000000001,0.3999999999999999,Hermes,30163,5,2936.8527945251885,Mo-Di-Mi-Do-Sa
2,0.6000000000000001,0.3999999999999999,Hermes,30165,4,2650.3822436455257,Di-Mi-Do-Sa
2,0.6000000000000001,0.3999999999999999,Hermes,30167,4,3920.9434001168156,Mo-Di-Do-Fr
2,0.6000000000000001,0.3999999999999999,Hermes,30173,4,3018.21492629797,Mo-Di-Mi-Fr
2,0.6000000000000001,0.3999999999999999,Hermes,30177,4,2414.0400031492013,Di-Mi-Fr-Sa
2,0.6000000000000001,0.3999999999999999,Hermes,30179,4,2451.6115092455384,Di-Do-Fr-Sa
2,0.6000000000000001,0.3999999999999999,Hermes,30419,4,5049.954626528906,Mo-Mi-Fr-Sa
2,0.6000000000000001,0.3999999999999999,Hermes,30449,3,4099.494945199798,Mo-Mi-Fr
2,0.6000000000000001,0.3999999999999999,Hermes,30453,4,3119.831072500421,Di-Mi-Do-Sa
2,0.6000000000000001,0.3999999999999999,Hermes,30455,4,3036.106448540807,Di-Mi-Fr-Sa
2,0.6000000000000001,0.3999999999999999,Hermes,30457,4,3065.85731101469,Di-Mi-Fr-Sa
2,0.6000000000000001,0.3999999999999999,Hermes,30459,4,2989.7098430423007,Di-Mi-Fr-Sa
2,0.6000000000000001,0.3999999999999999,Hermes,30519,4,4826.324340245138,Mo-Di-Do-Fr
2,0.6000000000000001,0.3999999999999999,Hermes,30539,4,3168.484207459983,Di-Mi-Fr-Sa
2,0.6000000000000001,0.3999999999999999,Hermes,30559,3,5081.885520494708,Mo-Mi-Fr
2,0.6000000000000001,0.3999999999999999,Hermes,30625,4,2851.7102973228743,Di-Mi-Fr-Sa
2,0.6000000000000001,0.3999999999999999,Hermes,30627,5,1800.1979558821877,Mo-Di-Mi-Do-Sa
2,0.6000000000000001,0.3999999999999999,Hermes,30629,4,2887.7009705305363,Di-Do-Fr-Sa
2,0.6000000000000001,0.3999999999999999,Hermes,30655,4,3055.743233409881,Mo-Di-Mi-Fr
2,0.6000000000000001,0.3999999999999999,Hermes,30657,4,2691.8896851400623,Di-Mi-Fr-Sa
2,0.6000000000000001,0.3999999999999999,Hermes,30659,4,2885.346699040215,Di-Do-Fr-Sa
2,0.6000000000000001,0.3999999999999999,Hermes,30823,4,3775.9656274627378,Mo-Mi-Do-Sa
2,0.6000000000000001,0.3999999999999999,Hermes,30826,5,3908.9668830211713,Mo-Di-Mi-Do-Sa
2,0.6000000000000001,0.3999999999999999,Hermes,30827,4,2677.660867506638,Di-Mi-Fr-Sa
2,0.6000000000000001,0.3999999999999999,Hermes,30851,4,2337.051527130774,Di-Mi-Fr-Sa
2,0.6000000000000001,0.3999999999999999,Hermes,30853,4,2271.182339433647,Mo-Mi-Fr-Sa
2,0.6000000000000001,0.3999999999999999,Hermes,30855,4,8641.575302154595,Di-Do-Fr-Sa
2,0.6000000000000001,0.3999999999999999,Hermes,30880,4,6169.472743209522,Di-Mi-Fr-Sa
2,0.6000000000000001,0.3999999999999999,Hermes,30890,3,6972.392881532518,Di-Do-Sa
2,0.6000000000000001,0.3999999999999999,Hermes,30900,4,6973.627471079761,Di-Mi-Fr-Sa
2,0.6000000000000001,0.3999999999999999,Hermes,30916,3,5606.170413127227,Di-Do-Sa
2,0.6000000000000001,0.3999999999999999,Hermes,30926,4,5717.839426821541,Di-Mi-Fr-Sa
2,0.6000000000000001,0.3999999999999999,Hermes,30938,5,5692.6007361711345,Mo-Mi-Do-Fr-Sa
2,0.6000000000000001,0.3999999999999999,Hermes,30952,4,4539.9374910853885,Mo-Di-Do-Sa
2,0.6000000000000001,0.3999999999999999,Hermes,30966,5,4180.773899858764,Mo-Di-Mi-Do-Sa
2,0.6000000000000001,0.3999999999999999,Hermes,30974,3,3762.9137970451725,Di-Do-Sa
2,0.6000000000000001,0.3999999999999999,Hermes,30982,3,3838.063316203439,Mo-Mi-Fr
2,0.6000000000000001,0.3999999999999999,Hermes,30989,3,3418.575487236885,Mo-Mi-Fr
2,0.6000000000000001,0.3999999999999999,Hermes,31275,5,8887.430228379675,Mo-Di-Mi-Do-Sa
2,0.6000000000000001,0.3999999999999999,Hermes,31303,3,6396.230046823076,Mo-Mi-Fr
2,0.6000000000000001,0.3999999999999999,Hermes,31311,3,5964.134038482234,Di-Do-Sa
2,0.6000000000000001,0.3999999999999999,Hermes,31319,3,6156.717685556544,Mo-Mi-Fr
2,0.6000000000000001,0.3999999999999999,Hermes,31515,5,8632.596760916065,Mo-Di-Mi-Do-Sa
2,0.6000000000000001,0.3999999999999999,Hermes,31535,5,10411.300230920542,Mo-Di-Mi-Do-Sa
2,0.6000000000000001,0.3999999999999999,Hermes,31832,3,7474.50952954925,Mo-Mi-Fr
2,0.6000000000000001,0.3999999999999999,UPS,30159,4,13820.569585395724,Mo-Mi-Do-Fr
2,0.6000000000000001,0.3999999999999999,UPS,30161,4,5731.274115304979,Di-Mi-Do-Sa
2,0.6000000000000001,0.3999999999999999,UPS,30163,6,6349.944745490952,Mo-Di-Mi-Do-Fr-Sa
2,0.6000000000000001,0.3999999999999999,UPS,30165,6,3734.612092283068,Mo-Di-Mi-Do-Fr-Sa
2,0.6000000000000001,0.3999999999999999,UPS,30167,4,5528.081323076418,Di-Mi-Do-Sa
2,0.6000000000000001,0.3999999999999999,UPS,30419,5,3171.8671910249705,Mo-Di-Mi-Do-Sa
2,0.6000000000000001,0.3999999999999999,UPS,30449,3,6364.927947784865,Di-Do-Sa
2,0.6000000000000001,0.3999999999999999,UPS,30453,4,2964.6256846558867,Di-Mi-Fr-Sa
2,0.6000000000000001,0.3999999999999999,UPS,30455,4,1954.505470800173,Mo-Di-Mi-Fr
2,0.6000000000000001,0.3999999999999999,UPS,30457,4,2068.711722169699,Mo-Di-Mi-Fr
2,0.6000000000000001,0.3999999999999999,UPS,30519,5,4773.701311684741,Mo-Di-Mi-Do-Fr
2,0.6000000000000001,0.3999999999999999,UPS,30539,5,4403.259020019318,Mo-Di-Mi-Do-Fr
2,0.6000000000000001,0.3999999999999999,UPS,30559,5,4697.2913205151735,Mo-Di-Mi-Do-Fr
2,0.6000000000000001,0.3999999999999999,UPS,30625,3,4142.5002137756055,Mo-Mi-Fr
2,0.6000000000000001,0.3999999999999999,UPS,30655,5,2064.450882556035,Mo-Mi-Do-Fr-Sa
2,0.6000000000000001,0.3999999999999999,UPS,30657,5,4525.546852160031,Mo-Di-Mi-Fr-Sa
2,0.6000000000000001,0.3999999999999999,UPS,30659,4,3358.584733275509,Di-Mi-Do-Sa
2,0.6000000000000001,0.3999999999999999,UPS,30823,4,2707.533812117125,Di-Do-Fr-Sa
2,0.6000000000000001,0.3999999999999999,UPS,30826,5,2038.7920775749503,Mo-Di-Mi-Do-Sa
2,0.6000000000000001,0.3999999999999999,UPS,30827,5,3127.6888431474417,Mo-Di-Mi-Do-Sa
2,0.6000000000000001,0.3999999999999999,UPS,30853,4,4317.36456890837,Mo-Mi-Fr-Sa
2,0.6000000000000001,0.3999999999999999,UPS,30855,5,12284.539712329744,Mo-Di-Mi-Do-Fr
2,0.6000000000000001,0.3999999999999999,UPS,30880,4,6564.376981168248,Mo-Mi-Do-Fr
2,0.6000000000000001,0.3999999999999999,UPS,30890,4,4211.695401420298,Di-Mi-Fr-Sa
2,0.6000000000000001,0.3999999999999999,UPS,30900,5,4814.999351457661,Mo-Di-Mi-Do-Sa
2,0.6000000000000001,0.3999999999999999,UPS,30916,4,5846.655383205054,Mo-Mi-Do-Fr
2,0.6000000000000001,0.3999999999999999,UPS,30926,3,3350.5154161545124,Mo-Mi-Fr
2,0.6000000000000001,0.3999999999999999,UPS,30938,4,5788.053666346091,Di-Mi-Fr-Sa
2,0.6000000000000001,0.3999999999999999,UPS,30952,4,3224.3605431633605,Di-Do-Fr-Sa
2,0.6000000000000001,0.3999999999999999,UPS,30966,4,3035.383379301227,Di-Do-Fr-Sa
2,0.6000000000000001,0.3999999999999999,UPS,30974,5,2869.524067925533,Mo-Di-Mi-Do-Sa
2,0.6000000000000001,0.3999999999999999,UPS,30982,4,2875.879945802762,Mo-Di-Mi-Fr
2,0.6000000000000001,0.3999999999999999,UPS,30989,6,3076.746244653496,Mo-Di-Mi-Do-Fr-Sa
2,0.6000000000000001,0.3999999999999999,UPS,31275,3,6304.206688403253,Mo-Mi-Fr
2,0.6000000000000001,0.3999999999999999,UPS,31303,4,4030.680572449271,Di-Mi-Fr-Sa
2,0.6000000000000001,0.3999999999999999,UPS,31311,3,3782.2925839266445,Di-Do-Sa
2,0.6000000000000001,0.3999999999999999,UPS,31319,3,3274.7363329441996,Di-Do-Sa
2,0.6000000000000001,0.3999999999999999,UPS,31515,3,6257.967041833809,Di-Do-Sa
2,0.6000000000000001,0.3999999999999999,UPS,31535,4,7150.837730241028,Mo-Di-Do-Fr
2,0.6000000000000001,0.3999999999999999,UPS,31832,6,5105.054625543156,Mo-Di-Mi-Do-Fr-Sa
2,0.7000000000000001,0.29999999999999993,Amazon,30159,4,11303.339289957163,Di-Do-Fr-Sa
2,0.7000000000000001,0.29999999999999993,Amazon,30161,4,5951.8569986714965,Mo-Di-Do-Fr
2,0.7000000000000001,0.29999999999999993,Amazon,30163,6,5887.274416922319,Mo-Di-Mi-Do-Fr-Sa
2,0.7000000000000001,0.29999999999999993,Amazon,30165,6,4696.3632925800775,Mo-Di-Mi-Do-Fr-Sa
2,0.7000000000000001,0.29999999999999993,Amazon,30167,5,6985.566005569664,Di-Mi-Do-Fr-Sa
2,0.7000000000000001,0.29999999999999993,Amazon,30173,5,5040.905421883003,Mo-Mi-Do-Fr-Sa
2,0.7000000000000001,0.29999999999999993,Amazon,30177,5,4121.5141281532815,Di-Mi-Do-Fr-Sa
2,0.7000000000000001,0.29999999999999993,Amazon,30179,4,4023.1197154020633,Di-Do-Fr-Sa
2,0.7000000000000001,0.29999999999999993,Amazon,30419,6,8685.332684443236,Mo-Di-Mi-Do-Fr-Sa
2,0.7000000000000001,0.29999999999999993,Amazon,30449,4,6647.06607394626,Mo-Mi-Fr-Sa
2,0.7000000000000001,0.29999999999999993,Amazon,30453,5,4795.650828018691,Mo-Mi-Do-Fr-Sa
2,0.7000000000000001,0.29999999999999993,Amazon,30455,5,4554.406490469048,Mo-Di-Mi-Fr-Sa
2,0.7000000000000001,0.29999999999999993,Amazon,30457,4,4656.791894777479,Mo-Di-Mi-Fr
2,0.7000000000000001,0.29999999999999993,Amazon,30459,4,4419.510254095012,Di-Mi-Fr-Sa
2,0.7000000000000001,0.29999999999999993,Amazon,30519,6,7989.408733574742,Mo-Di-Mi-Do-Fr-Sa
2,0.7000000000000001,0.29999999999999993,Amazon,30539,6,5232.56483537078,Mo-Di-Mi-Do-Fr-Sa
2,0.7000000000000001,0.29999999999999993,Amazon,30559,6,7936.80103693811,Mo-Di-Mi-Do-Fr-Sa
2,0.7000000000000001,0.29999999999999993,Amazon,30625,6,4833.5787808117675,Mo-Di-Mi-Do-Fr-Sa
2,0.7000000000000001,0.29999999999999993,Amazon,30627,5,3345.43442638645,Mo-Di-Mi-Do-Fr
2,0.7000000000000001,0.29999999999999993,Amazon,30629,6,4483.669440977608,Mo-Di-Mi-Do-Fr-Sa
2,0.7000000000000001,0.29999999999999993,Amazon,30655,6,5134.034576870573,Mo-Di-Mi-Do-Fr-Sa
2,0.7000000000000001,0.29999999999999993,Amazon,30657,5,5035.561571405114,Mo-Mi-Do-Fr-Sa
2,0.7000000000000001,0.29999999999999993,Amazon,30659,5,4651.0335429849965,Mo-Di-Mi-Fr-Sa
2,0.7000000000000001,0.29999999999999993,Amazon,30823,5,5297.931994321614,Mo-Di-Mi-Do-Fr
2,0.7000000000000001,0.29999999999999993,Amazon,30826,5,5199.700973725195,Mo-Di-Mi-Do-Sa
2,0.7000000000000001,0.29999999999999993,Amazon,30827,6,4406.282253025094,Mo-Di-Mi-Do-Fr-Sa
2,0.7000000000000001,0.29999999999999993,Amazon,30851,4,4134.525759965602,Di-Mi-Fr-Sa
2,0.7000000000000001,0.29999999999999993,Amazon,30853,6,4295.473522234693,Mo-Di-Mi-Do-Fr-Sa
2,0.7000000000000001,0.29999999999999993,Amazon,30855,4,16201.817207985883,Mo-Di-Do-Sa
2,0.7000000000000001,0.29999999999999993,Amazon,30880,4,10546.776106930247,Di-Mi-Fr-Sa
2,0.7000000000000001,0.29999999999999993,Amazon,30890,5,9668.819477965224,Mo-Di-Mi-Fr-Sa
2,0.7000000000000001,0.29999999999999993,Amazon,30900,4,11280.775968919932,Mo-Mi-Fr-Sa
2,0.7000000000000001,0.29999999999999993,Amazon,30916,4,9620.968301030272,Mo-Di-Do-Sa
2,0.7000000000000001,0.29999999999999993,Amazon,30926,4,8472.175662742908,Mo-Di-Do-Sa
2,0.7000000000000001,0.29999999999999993,Amazon,30938,5,8820.774715996497,Mo-Di-Do-Fr-Sa
2,0.7000000000000001,0.29999999999999993,Amazon,30952,5,6596.892871310161,Mo-Di-Mi-Do-Fr
2,0.7000000000000001,0.29999999999999993,Amazon,30966,5,6564.484096749758,Mo-Di-Mi-Do-Fr
2,0.7000000000000001,0.29999999999999993,Amazon,30974,5,5136.664225236877,Mo-Di-Mi-Fr-Sa
2,0.7000000000000001,0.29999999999999993,Amazon,30982,5,5499.268343058134,Mo-Di-Mi-Fr-Sa
2,0.7000000000000001,0.29999999999999993,Amazon,30989,5,5013.237474872259,Mo-Di-Mi-Fr-Sa
2,0.7000000000000001,0.29999999999999993,Amazon,31275,5,13946.831962589085,Mo-Di-Mi-Do-Fr
2,0.7000000000000001,0.29999999999999993,Amazon,31303,4,9878.318268491379,Di-Do-Fr-Sa
2,0.7000000000000001,0.29999999999999993,Amazon,31311,4,8539.27667964026,Di-Mi-Do-Sa
2,0.7000000000000001,0.29999999999999993,Amazon,31319,5,8894.439717881574,Mo-Di-Mi-Fr-Sa
2,0.7000000000000001,0.29999999999999993,Amazon,31515,5,12040.194293341208,Mo-Mi-Do-Fr-Sa
2,0.7000000000000001,0.29999999999999993,Amazon,31535,4,14310.623751430434,Mo-Mi-Fr-Sa
2,0.7000000000000001,0.29999999999999993,Amazon,31832,4,10304.390436252945,Mo-Mi-Do-Fr
2,0.7000000000000001,0.29999999999999993,DHL,30159,6,21425.132453693925,Mo-Di-Mi-Do-Fr-Sa
2,0.7000000000000001,0.29999999999999993,DHL,30161,6,10896.842490106472,Mo-Di-Mi-Do-Fr-Sa
2,0.7000000000000001,0.29999999999999993,DHL,30163,5,9882.191254262376,Mo-Di-Mi-Do-Sa
2,0.7000000000000001,0.29999999999999993,DHL,30165,4,8693.889519300792,Di-Do-Fr-Sa
2,0.7000000000000001,0.29999999999999993,DHL,30167,5,13087.88317495763,Mo-Di-Mi-Do-Sa
2,0.7000000000000001,0.29999999999999993,DHL,30169,6,5443.510365830029,Mo-Di-Mi-Do-Fr-Sa
2,0.7000000000000001,0.29999999999999993,DHL,30173,5,8968.890223691255,Mo-Di-Mi-Fr-Sa
2,0.7000000000000001,0.29999999999999993,DHL,30177,4,6617.383014735292,Mo-Di-Do-Sa
2,0.7000000000000001,0.29999999999999993,DHL,30179,4,6837.97707945553,Mo-Di-Do-Sa
2,0.7000000000000001,0.29999999999999993,DHL,30419,6,15488.762582133773,Mo-Di-Mi-Do-Fr-Sa
2,0.7000000000000001,0.29999999999999993,DHL,30449,6,7469.2241491514915,Mo-Di-Mi-Do-Fr-Sa
2,0.7000000000000001,0.29999999999999993,DHL,30453,5,8798.663828100525,Mo-Di-Mi-Do-Sa
2,0.7000000000000001,0.29999999999999993,DHL,30455,5,7387.168177147689,Mo-Mi-Do-Fr-Sa
2,0.7000000000000001,0.29999999999999993,DHL,30457,5,7118.097470592184,Mo-Di-Mi-Fr-Sa
2,0.7000000000000001,0.29999999999999993,DHL,30459,5,6565.993563504433,Mo-Di-Do-Fr-Sa
2,0.7000000000000001,0.29999999999999993,DHL,30519,6,13272.168787294228,Mo-Di-Mi-Do-Fr-Sa
2,0.7000000000000001,0.29999999999999993,DHL,30539,4,9179.193105946959,Mo-Mi-Do-Fr
2,0.7000000000000001,0.29999999999999993,DHL,30559,6,12373.65925832722,Mo-Di-Mi-Do-Fr-Sa
2,0.7000000000000001,0.29999999999999993,DHL,30625,4,7872.296909045805,Mo-Mi-Do-Sa
2,0.7000000000000001,0.29999999999999993,DHL,30627,6,5606.363090833329,Mo-Di-Mi-Do-Fr-Sa
2,0.7000000000000001,0.29999999999999993,DHL,30629,5,6691.232668955913,Mo-Di-Mi-Do-Sa
2,0.7000000000000001,0.29999999999999993,DHL,30655,5,8745.909869119849,Mo-Di-Mi-Fr-Sa
2,0.7000000000000001,0.29999999999999993,DHL,30657,6,9992.167827012736,Mo-Di-Mi-Do-Fr-Sa
2,0.7000000000000001,0.29999999999999993,DHL,30659,5,7888.469278287751,Di-Mi-Do-Fr-Sa
2,0.7000000000000001,0.29999999999999993,DHL,30823,5,10174.748895612714,Mo-Di-Do-Fr-Sa
2,0.7000000000000001,0.29999999999999993,DHL,30826,4,9344.093151563751,Mo-Mi-Fr-Sa
2,0.7000000000000001,0.29999999999999993,DHL,30827,4,8544.23485554034,Mo-Di-Do-Sa
2,0.7000000000000001,0.29999999999999993,DHL,30851,6,7140.564548697186,Mo-Di-Mi-Do-Fr-Sa
2,0.7000000000000001,0.29999999999999993,DHL,30853,5,7936.008135299509,Mo-Mi-Do-Fr-Sa
2,0.7000000000000001,0.29999999999999993,DHL,30855,5,32486.556581330264,Di-Mi-Do-Fr-Sa
2,0.7000000000000001,0.29999999999999993,DHL,30880,4,17745.52464412332,Mo-Mi-Fr-Sa
2,0.7000000000000001,0.29999999999999993,DHL,30890,5,15891.321383070113,Mo-Di-Mi-Do-Sa
2,0.7000000000000001,0.29999999999999993,DHL,30900,4,17535.901630858727,Di-Do-Fr-Sa
2,0.7000000000000001,0.29999999999999993,DHL,30916,4,17587.410002564437,Di-Do-Fr-Sa
2,0.7000000000000001,0.29999999999999993,DHL,30926,3,14177.108823721892,Di-Do-Sa
2,0.7000000000000001,0.29999999999999993,DHL,30938,5,14538.614897927175,Mo-Di-Mi-Do-Sa
2,0.7000000000000001,0.29999999999999993,DHL,30952,5,11308.926826874005,Mo-Di-Mi-Fr-Sa
2,0.7000000000000001,0.29999999999999993,DHL,30966,6,10624.352717702506,Mo-Di-Mi-Do-Fr-Sa
2,0.7000000000000001,0.29999999999999993,DHL,30974,5,7580.268577691106,Mo-Di-Mi-Fr-Sa
2,0.7000000000000001,0.29999999999999993,DHL,30982,3,7833.594756971554,Di-Do-Sa
2,0.7000000000000001,0.29999999999999993,DHL,30989,4,8401.058333834953,Di-Do-Fr-Sa
2,0.7000000000000001,0.29999999999999993,DHL,31275,5,20633.0878628903,Di-Mi-Do-Fr-Sa
2,0.7000000000000001,0.29999999999999993,DHL,31303,6,13739.115623819012,Mo-Di-Mi-Do-Fr-Sa
2,0.7000000000000001,0.29999999999999993,DHL,31311,4,10548.746842878476,Mo-Mi-Do-Sa
2,0.7000000000000001,0.29999999999999993,DHL,31319,4,12083.230152318149,Mo-Di-Do-Fr
2,0.7000000000000001,0.29999999999999993,DHL,31515,5,20713.4328248107,Di-Mi-Do-Fr-Sa
2,0.7000000000000001,0.29999999999999993,DHL,31535,5,21209.75537146268,Mo-Di-Mi-Do-Fr
2,0.7000000000000001,0.29999999999999993,DHL,31832,5,14318.235535601269,Mo-Di-Mi-Fr-Sa
2,0.7000000000000001,0.29999999999999993,DPD,30159,4,6573.462671107779,Mo-Di-Mi-Fr
2,0.7000000000000001,0.29999999999999993,DPD,30161,6,3572.3066172774998,Mo-Di-Mi-Do-Fr-Sa
2,0.7000000000000001,0.29999999999999993,DPD,30163,5,3122.9690350403625,Mo-Di-Mi-Do-Fr
2,0.7000000000000001,0.29999999999999993,DPD,30165,5,2992.6381605011884,Di-Mi-Do-Fr-Sa
2,0.7000000000000001,0.29999999999999993,DPD,30167,4,4365.24393718597,Di-Mi-Fr-Sa
2,0.7000000000000001,0.29999999999999993,DPD,30173,4,2655.0155333984694,Mo-Mi-Fr-Sa
2,0.7000000000000001,0.29999999999999993,DPD,30177,5,2012.31305753041,Mo-Di-Do-Fr-Sa
2,0.7000000000000001,0.29999999999999993,DPD,30179,5,2222.7274055248827,Mo-Di-Do-Fr-Sa
2,0.7000000000000001,0.29999999999999993,DPD,30419,5,5079.285752212416,Di-Mi-Do-Fr-Sa
2,0.7000000000000001,0.29999999999999993,DPD,30449,4,3980.908283718559,Mo-Di-Do-Fr
2,0.7000000000000001,0.29999999999999993,DPD,30453,3,3202.523040294873,Mo-Mi-Fr
2,0.7000000000000001,0.29999999999999993,DPD,30455,4,2831.6097216194844,Mo-Mi-Fr-Sa
2,0.7000000000000001,0.29999999999999993,DPD,30457,4,2769.6168904761053,Mo-Mi-Fr-Sa
2,0.7000000000000001,0.29999999999999993,DPD,30459,5,2354.620682899968,Mo-Di-Do-Fr-Sa
2,0.7000000000000001,0.29999999999999993,DPD,30519,5,4085.107385371747,Mo-Di-Do-Fr-Sa
2,0.7000000000000001,0.29999999999999993,DPD,30539,3,3015.512339310045,Mo-Mi-Fr
2,0.7000000000000001,0.29999999999999993,DPD,30559,5,3958.7926585171926,Mo-Mi-Do-Fr-Sa
2,0.7000000000000001,0.29999999999999993,DPD,30625,4,2478.338273193852,Mo-Mi-Fr-Sa
2,0.7000000000000001,0.29999999999999993,DPD,30627,4,1698.6854325627344,Mo-Di-Mi-Fr
2,0.7000000000000001,0.29999999999999993,DPD,30629,5,2003.8876813775937,Mo-Di-Do-Fr-Sa
2,0.7000000000000001,0.29999999999999993,DPD,30655,4,2588.030169750354,Di-Do-Fr-Sa
2,0.7000000000000001,0.29999999999999993,DPD,30657,4,3252.144574990699,Di-Mi-Do-Sa
2,0.7000000000000001,0.29999999999999993,DPD,30659,4,2406.9047907031154,Di-Do-Fr-Sa
2,0.7000000000000001,0.29999999999999993,DPD,30823,4,3662.324414916194,Di-Mi-Do-Sa
2,0.7000000000000001,0.29999999999999993,DPD,30826,3,4007.0955051045685,Mo-Mi-Fr
2,0.7000000000000001,0.29999999999999993,DPD,30827,4,3263.720993632006,Di-Mi-Fr-Sa
2,0.7000000000000001,0.29999999999999993,DPD,30851,5,2243.5615779196946,Mo-Di-Do-Fr-Sa
2,0.7000000000000001,0.29999999999999993,DPD,30853,4,2654.528428907595,Mo-Mi-Fr-Sa
2,0.7000000000000001,0.29999999999999993,DPD,30855,4,9689.198258943788,Di-Mi-Fr-Sa
2,0.7000000000000001,0.29999999999999993,DPD,30880,4,5558.374052380797,Di-Mi-Fr-Sa
2,0.7000000000000001,0.29999999999999993,DPD,30890,3,6776.765090114232,Mo-Mi-Fr
2,0.7000000000000001,0.29999999999999993,DPD,30900,4,7485.78433968964,Di-Do-Fr-Sa
2,0.7000000000000001,0.29999999999999993,DPD,30916,4,5160.715355878342,Di-Do-Fr-Sa
2,0.7000000000000001,0.29999999999999993,DPD,30926,3,5865.620026300241,Di-Do-Sa
2,0.7000000000000001,0.29999999999999993,DPD,30938,4,5219.212004047738,Mo-Di-Do-Sa
2,0.7000000000000001,0.29999999999999993,DPD,30952,4,4293.476096694897,Di-Mi-Do-Sa
2,0.7000000000000001,0.29999999999999993,DPD,30966,4,3777.897238643493,Di-Mi-Do-Sa
2,0.7000000000000001,0.29999999999999993,DPD,30974,5,3653.4391928784676,Mo-Di-Do-Fr-Sa
2,0.7000000000000001,0.29999999999999993,DPD,30982,4,3464.572748887429,Di-Do-Fr-Sa
2,0.7000000000000001,0.29999999999999993,DPD,30989,4,3592.8661387643624,Di-Do-Fr-Sa
2,0.7000000000000001,0.29999999999999993,DPD,31275,3,6345.721891532186,Di-Do-Sa
2,0.7000000000000001,0.29999999999999993,DPD,31303,4,4961.777378322582,Mo-Di-Do-Sa
2,0.7000000000000001,0.29999999999999993,DPD,31311,3,4659.421889186774,Di-Do-Sa
2,0.7000000000000001,0.29999999999999993,DPD,31319,5,4153.870271049302,Mo-Di-Mi-Do-Fr
2,0.7000000000000001,0.29999999999999993,DPD,31515,3,8141.674980298489,Di-Do-Sa
2,0.7000000000000001,0.29999999999999993,DPD,31535,3,10089.674144273726,Di-Do-Sa
2,0.7000000000000001,0.29999999999999993,DPD,31832,4,6803.4040561048705,Mo-Di-Do-Sa
2,0.7000000000000001,0.29999999999999993,FedEx,30159,4,12236.705552747333,Di-Mi-Do-Sa
2,0.7000000000000001,0.29999999999999993,FedEx,30161,4,4850.39598332985,Di-Do-Fr-Sa
2,0.7000000000000001,0.29999999999999993,FedEx,30163,4,7554.712658256225,Mo-Di-Do-Sa
2,0.7000000000000001,0.29999999999999993,FedEx,30167,6,5034.453120713282,Mo-Di-Mi-Do-Fr-Sa
2,0.7000000000000001,0.29999999999999993,FedEx,30419,4,2761.9229985770003,Di-Mi-Fr-Sa
2,0.7000000000000001,0.29999999999999993,FedEx,30449,5,5057.4933457100915,Mo-Di-Mi-Do-Sa
2,0.7000000000000001,0.29999999999999993,FedEx,30453,4,2899.094870109004,Di-Mi-Fr-Sa
2,0.7000000000000001,0.29999999999999993,FedEx,30455,3,1929.2657815020698,Di-Do-Sa
2,0.7000000000000001,0.29999999999999993,FedEx,30457,3,2002.1692633041957,Mo-Mi-Fr
2,0.7000000000000001,0.29999999999999993,FedEx,30519,4,4179.94515259914,Mo-Di-Do-Fr
2,0.7000000000000001,0.29999999999999993,FedEx,30539,4,4109.67553005368,Mo-Di-Do-Fr
2,0.7000000000000001,0.29999999999999993,FedEx,30559,3,5010.725367907353,Mo-Mi-Fr
2,0.7000000000000001,0.29999999999999993,FedEx,30625,5,3533.8785227988647,Mo-Di-Mi-Do-Fr
2,0.7000000000000001,0.29999999999999993,FedEx,30655,5,3234.681551831983,Mo-Di-Mi-Do-Fr
2,0.7000000000000001,0.29999999999999993,FedEx,30657,5,4456.489927107914,Mo-Mi-Do-Fr-Sa
2,0.7000000000000001,0.29999999999999993,FedEx,30823,5,1953.8315385406122,Mo-Di-Mi-Do-Fr
2,0.7000000000000001,0.29999999999999993,FedEx,30827,3,3882.143346073092,Mo-Mi-Fr
2,0.7000000000000001,0.29999999999999993,FedEx,30853,4,4022.4698942505315,Di-Mi-Fr-Sa
2,0.7000000000000001,0.29999999999999993,FedEx,30855,5,11142.0294105483,Mo-Di-Mi-Do-Fr
2,0.7000000000000001,0.29999999999999993,FedEx,30880,5,5739.550247479985,Mo-Mi-Do-Fr-Sa
2,0.7000000000000001,0.29999999999999993,FedEx,30890,3,3502.9261744583664,Di-Do-Sa
2,0.7000000000000001,0.29999999999999993,FedEx,30900,4,4354.033972097232,Di-Mi-Fr-Sa
2,0.7000000000000001,0.29999999999999993,FedEx,30916,6,5240.3696223713005,Mo-Di-Mi-Do-Fr-Sa
2,0.7000000000000001,0.29999999999999993,FedEx,30926,4,3120.7670820123735,Mo-Di-Do-Sa
2,0.7000000000000001,0.29999999999999993,FedEx,30938,4,5340.220566323198,Di-Mi-Fr-Sa
2,0.7000000000000001,0.29999999999999993,FedEx,30952,4,2683.043750882924,Mo-Di-Mi-Fr
2,0.7000000000000001,0.29999999999999993,FedEx,30966,5,2457.7530748891195,Mo-Di-Mi-Do-Sa
2,0.7000000000000001,0.29999999999999993,FedEx,30974,3,2349.932351573395,Mo-Mi-Fr
2,0.7000000000000001,0.29999999999999993,FedEx,30982,6,2379.2604748942445,Mo-Di-Mi-Do-Fr-Sa
2,0.7000000000000001,0.29999999999999993,FedEx,30989,4,2388.368729140618,Mo-Di-Do-Fr
2,0.7000000000000001,0.29999999999999993,FedEx,31275,5,5027.603248270181,Mo-Di-Mi-Do-Fr
2,0.7000000000000001,0.29999999999999993,FedEx,31303,3,3709.970511202991,Di-Do-Sa
2,0.7000000000000001,0.29999999999999993,FedEx,31311,6,2818.577694291381,Mo-Di-Mi-Do-Fr-Sa
2,0.7000000000000001,0.29999999999999993,FedEx,31319,3,2715.75295867603,Di-Do-Sa
2,0.7000000000000001,0.29999999999999993,FedEx,31515,5,4995.03409738382,Mo-Di-Do-Fr-Sa
2,0.7000000000000001,0.29999999999999993,FedEx,31535,5,5997.060887688437,Di-Mi-Do-Fr-Sa
2,0.7000000000000001,0.29999999999999993,FedEx,31832,3,4185.297359038558,Di-Do-Sa
2,0.7000000000000001,0.29999999999999993,GLS,30159,6,4642.731630176733,Mo-Di-Mi-Do-Fr-Sa
2,0.7000000000000001,0.29999999999999993,GLS,30161,4,2620.8873668736733,Di-Mi-Fr-Sa
2,0.7000000000000001,0.29999999999999993,GLS,30163,4,4307.882711228175,Mo-Di-Mi-Fr
2,0.7000000000000001,0.29999999999999993,GLS,30165,5,2192.625905314209,Mo-Di-Do-Fr-Sa
2,0.7000000000000001,0.29999999999999993,GLS,30167,4,3350.5048963847416,Mo-Di-Mi-Fr
2,0.7000000000000001,0.29999999999999993,GLS,30173,5,2266.9039114716134,Mo-Di-Do-Fr-Sa
2,0.7000000000000001,0.29999999999999993,GLS,30179,6,2030.2594095239801,Mo-Di-Mi-Do-Fr-Sa
2,0.7000000000000001,0.29999999999999993,GLS,30419,5,4750.255638249327,Mo-Mi-Do-Fr-Sa
2,0.7000000000000001,0.29999999999999993,GLS,30449,4,3121.7457195835345,Di-Mi-Do-Sa
2,0.7000000000000001,0.29999999999999993,GLS,30453,4,2755.563090319233,Di-Do-Fr-Sa
2,0.7000000000000001,0.29999999999999993,GLS,30455,5,2476.2263399668486,Mo-Di-Do-Fr-Sa
2,0.7000000000000001,0.29999999999999993,GLS,30457,4,2348.299056210174,Mo-Mi-Do-Sa
2,0.7000000000000001,0.29999999999999993,GLS,30459,6,1876.236727895414,Mo-Di-Mi-Do-Fr-Sa
2,0.7000000000000001,0.29999999999999993,GLS,30519,4,3341.6101981271872,Mo-Di-Mi-Fr
2,0.7000000000000001,0.29999999999999993,GLS,30539,5,2227.1046990912073,Mo-Di-Do-Fr-Sa
2,0.7000000000000001,0.29999999999999993,GLS,30559,5,3542.8044359550972,Mo-Di-Mi-Do-Fr
2,0.7000000000000001,0.29999999999999993,GLS,30625,4,2185.442758883128,Mo-Di-Do-Sa
2,0.7000000000000001,0.29999999999999993,GLS,30627,3,1790.0780026596428,Di-Do-Sa
2,0.7000000000000001,0.29999999999999993,GLS,30629,5,2092.6460517193095,Mo-Di-Mi-Do-Sa
2,0.7000000000000001,0.29999999999999993,GLS,30655,4,2627.7324332136773,Di-Do-Fr-Sa
2,0.7000000000000001,0.29999999999999993,GLS,30657,5,2592.978839667048,Mo-Di-Do-Fr-Sa
2,0.7000000000000001,0.29999999999999993,GLS,30659,5,2162.8068269485225,Mo-Di-Mi-Do-Sa
2,0.7000000000000001,0.29999999999999993,GLS,30823,4,3525.048797172918,Di-Mi-Fr-Sa
2,0.7000000000000001,0.29999999999999993,GLS,30826,3,3944.1860477845557,Mo-Mi-Fr
2,0.7000000000000001,0.29999999999999993,GLS,30827,5,2882.2864167999996,Mo-Di-Do-Fr-Sa
2,0.7000000000000001,0.29999999999999993,GLS,30851,6,2097.4205946859483,Mo-Di-Mi-Do-Fr-Sa
2,0.7000000000000001,0.29999999999999993,GLS,30853,6,2190.0844891648285,Mo-Di-Mi-Do-Fr-Sa
2,0.7000000000000001,0.29999999999999993,GLS,30855,6,7965.715090235543,Mo-Di-Mi-Do-Fr-Sa
2,0.7000000000000001,0.29999999999999993,GLS,30880,4,4096.189330558808,Di-Do-Fr-Sa
2,0.7000000000000001,0.29999999999999993,GLS,30890,3,6122.8107129442915,Di-Do-Sa
2,0.7000000000000001,0.29999999999999993,GLS,30900,4,7235.432067920348,Mo-Di-Do-Fr
2,0.7000000000000001,0.29999999999999993,GLS,30916,6,4763.202136413941,Mo-Di-Mi-Do-Fr-Sa
2,0.7000000000000001,0.29999999999999993,GLS,30926,4,5191.791384016059,Mo-Di-Do-Sa
2,0.7000000000000001,0.29999999999999993,GLS,30938,3,5359.512756164986,Di-Do-Sa
2,0.7000000000000001,0.29999999999999993,GLS,30952,3,3439.075673226939,Di-Do-Sa
2,0.7000000000000001,0.29999999999999993,GLS,30966,3,3004.5552721318813,Mo-Mi-Fr
2,0.7000000000000001,0.29999999999999993,GLS,30974,5,2904.951198316216,Mo-Di-Mi-Do-Sa
2,0.7000000000000001,0.29999999999999993,GLS,30982,4,2687.049645783737,Mo-Mi-Do-Sa
2,0.7000000000000001,0.29999999999999993,GLS,30989,6,2798.376100761728,Mo-Di-Mi-Do-Fr-Sa
2,0.7000000000000001,0.29999999999999993,GLS,31275,3,6633.6641018038945,Mo-Mi-Fr
2,0.7000000000000001,0.29999999999999993,GLS,31303,4,5634.296804012709,Mo-Di-Mi-Fr
2,0.7000000000000001,0.29999999999999993,GLS,31311,5,4862.640860304316,Mo-Di-Mi-Do-Sa
2,0.7000000000000001,0.29999999999999993,GLS,31319,6,4180.379543747179,Mo-Di-Mi-Do-Fr-Sa
2,0.7000000000000001,0.29999999999999993,GLS,31515,3,8088.56745515973,Di-Do-Sa
2,0.7000000000000001,0.29999999999999993,GLS,31535,3,9814.087257958861,Di-Do-Sa
2,0.7000000000000001,0.29999999999999993,GLS,31832,5,4940.766143677653,Mo-Di-Mi-Do-Sa
2,0.7000000000000001,0.29999999999999993,Hermes,30159,5,5521.7265581045585,Mo-Di-Mi-Do-Fr
2,0.7000000000000001,0.29999999999999993,Hermes,30161,5,3022.1749582990983,Mo-Di-Mi-Do-Fr
2,0.7000000000000001,0.29999999999999993,Hermes,30163,6,3149.747408424128,Mo-Di-Mi-Do-Fr-Sa
2,0.7000000000000001,0.29999999999999993,Hermes,30165,4,2677.2082796779187,Di-Mi-Do-Sa
2,0.7000000000000001,0.29999999999999993,Hermes,30167,4,3930.871944978022,Di-Do-Fr-Sa
2,0.7000000000000001,0.29999999999999993,Hermes,30173,5,3182.1336718386233,Mo-Di-Mi-Do-Fr
2,0.7000000000000001,0.29999999999999993,Hermes,30177,4,2463.012283322832,Mo-Mi-Fr-Sa
2,0.7000000000000001,0.29999999999999993,Hermes,30179,4,2487.5948018717927,Di-Do-Fr-Sa
2,0.7000000000000001,0.29999999999999993,Hermes,30419,5,5198.3950351536005,Di-Mi-Do-Fr-Sa
2,0.7000000000000001,0.29999999999999993,Hermes,30449,4,3990.2418348153697,Di-Do-Fr-Sa
2,0.7000000000000001,0.29999999999999993,Hermes,30453,4,3171.2100762389614,Di-Mi-Do-Sa
2,0.7000000000000001,0.29999999999999993,Hermes,30455,5,3256.4836939970414,Di-Mi-Do-Fr-Sa
2,0.7000000000000001,0.29999999999999993,Hermes,30457,4,3050.0051425591982,Di-Mi-Fr-Sa
2,0.7000000000000001,0.29999999999999993,Hermes,30459,4,2983.0553535139547,Di-Mi-Fr-Sa
2,0.7000000000000001,0.29999999999999993,Hermes,30519,4,4805.087627023406,Di-Do-Fr-Sa
2,0.7000000000000001,0.29999999999999993,Hermes,30539,4,3400.388033894376,Mo-Mi-Do-Sa
2,0.7000000000000001,0.29999999999999993,Hermes,30559,4,4930.3441959617485,Di-Mi-Fr-Sa
2,0.7000000000000001,0.29999999999999993,Hermes,30625,4,2871.39082714167,Di-Mi-Fr-Sa
2,0.7000000000000001,0.29999999999999993,Hermes,30627,6,1800.235438802243,Mo-Di-Mi-Do-Fr-Sa
2,0.7000000000000001,0.29999999999999993,Hermes,30629,4,2876.956611458112,Mo-Mi-Fr-Sa
2,0.7000000000000001,0.29999999999999993,Hermes,30655,5,3225.5648235471463,Mo-Di-Mi-Do-Sa
2,0.7000000000000001,0.29999999999999993,Hermes,30657,5,2934.2411673825127,Di-Mi-Do-Fr-Sa
2,0.7000000000000001,0.29999999999999993,Hermes,30659,4,2893.0485717274923,Di-Do-Fr-Sa
2,0.7000000000000001,0.29999999999999993,Hermes,30823,5,3953.1486703469427,Mo-Mi-Do-Fr-Sa
2,0.7000000000000001,0.29999999999999993,Hermes,30826,5,3960.075839160832,Mo-Di-Mi-Do-Fr
2,0.7000000000000001,0.29999999999999993,Hermes,30827,4,2885.4062554070283,Di-Mi-Do-Sa
2,0.7000000000000001,0.29999999999999993,Hermes,30851,4,2359.8031262950344,Mo-Mi-Fr-Sa
2,0.7000000000000001,0.29999999999999993,Hermes,30853,4,2275.8155177936806,Mo-Mi-Fr-Sa
2,0.7000000000000001,0.29999999999999993,Hermes,30855,5,8537.974473257027,Mo-Mi-Do-Fr-Sa
2,0.7000000000000001,0.29999999999999993,Hermes,30880,5,6374.5219250754735,Di-Mi-Do-Fr-Sa
2,0.7000000000000001,0.29999999999999993,Hermes,30890,3,7270.875703847098,Di-Do-Sa
2,0.7000000000000001,0.29999999999999993,Hermes,30900,3,6977.558789965108,Di-Do-Sa
2,0.7000000000000001,0.29999999999999993,Hermes,30916,4,5521.549934817093,Di-Mi-Fr-Sa
2,0.7000000000000001,0.29999999999999993,Hermes,30926,4,5870.958991802177,Mo-Mi-Do-Sa
2,0.7000000000000001,0.29999999999999993,Hermes,30938,4,5529.543299716037,Mo-Mi-Fr-Sa
2,0.7000000000000001,0.29999999999999993,Hermes,30952,5,4746.065084402447,Mo-Di-Do-Fr-Sa
2,0.7000000000000001,0.29999999999999993,Hermes,30966,6,4366.584680259732,Mo-Di-Mi-Do-Fr-Sa
2,0.7000000000000001,0.29999999999999993,Hermes,30974,3,3902.9900032331943,Mo-Mi-Fr
2,0.7000000000000001,0.29999999999999993,Hermes,30982,3,3964.3592423810214,Di-Do-Sa
2,0.7000000000000001,0.29999999999999993,Hermes,30989,3,3515.8005855556835,Di-Do-Sa
2,0.7000000000000001,0.29999999999999993,Hermes,31275,5,9027.49991805011,Mo-Di-Mi-Do-Sa
2,0.7000000000000001,0.29999999999999993,Hermes,31303,3,6377.454376762632,Mo-Mi-Fr
2,0.7000000000000001,0.29999999999999993,Hermes,31311,4,6369.253614640966,Mo-Di-Do-Sa
2,0.7000000000000001,0.29999999999999993,Hermes,31319,3,6237.011049171224,Di-Do-Sa
2,0.7000000000000001,0.29999999999999993,Hermes,31515,6,8767.215399032415,Mo-Di-Mi-Do-Fr-Sa
2,0.7000000000000001,0.29999999999999993,Hermes,31535,5,10557.593207439571,Mo-Di-Mi-Do-Fr
2,0.7000000000000001,0.29999999999999993,Hermes,31832,3,7544.749390923346,Di-Do-Sa
2,0.7000000000000001,0.29999999999999993,UPS,30159,3,14142.283162672129,Mo-Mi-Fr
2,0.7000000000000001,0.29999999999999993,UPS,30161,5,5866.287958559375,Mo-Di-Do-Fr-Sa
2,0.7000000000000001,0.29999999999999993,UPS,30163,4,6296.076339544175,Mo-Di-Do-Fr
2,0.7000000000000001,0.29999999999999993,UPS,30165,5,3570.043673188202,Mo-Mi-Do-Fr-Sa
2,0.7000000000000001,0.29999999999999993,UPS,30167,5,5637.609856369467,Mo-Di-Mi-Do-Fr
2,0.7000000000000001,0.29999999999999993,UPS,30419,5,3211.0917109351108,Mo-Di-Mi-Do-Fr
2,0.7000000000000001,0.29999999999999993,UPS,30449,3,6355.942658641259,Di-Do-Sa
2,0.7000000000000001,0.29999999999999993,UPS,30453,5,3171.2631718432795,Di-Mi-Do-Fr-Sa
2,0.7000000000000001,0.29999999999999993,UPS,30455,4,1971.8804020691855,Mo-Di-Mi-Fr
2,0.7000000000000001,0.29999999999999993,UPS,30457,5,2082.796627970588,Mo-Di-Mi-Do-Sa
2,0.7000000000000001,0.29999999999999993,UPS,30519,4,4712.790691631939,Di-Mi-Fr-Sa
2,0.7000000000000001,0.29999999999999993,UPS,30539,4,4279.580591739452,Di-Do-Fr-Sa
2,0.7000000000000001,0.29999999999999993,UPS,30559,4,4756.641013502989,Mo-Di-Mi-Fr
2,0.7000000000000001,0.29999999999999993,UPS,30625,3,4048.622762445998,Mo-Mi-Fr
2,0.7000000000000001,0.29999999999999993,UPS,30655,4,2066.8474898084914,Mo-Mi-Do-Sa
2,0.7000000000000001,0.29999999999999993,UPS,30657,5,4715.768817235009,Di-Mi-Do-Fr-Sa
2,0.7000000000000001,0.29999999999999993,UPS,30659,5,3590.6750988955264,Mo-Di-Mi-Do-Sa
2,0.7000000000000001,0.29999999999999993,UPS,30823,4,2779.331506660768,Di-Do-Fr-Sa
2,0.7000000000000001,0.29999999999999993,UPS,30826,6,2042.7216152816727,Mo-Di-Mi-Do-Fr-Sa
2,0.7000000000000001,0.29999999999999993,UPS,30827,5,3151.499304160837,Mo-Di-Mi-Do-Fr
2,0.7000000000000001,0.29999999999999993,UPS,30853,4,4348.517058148391,Mo-Di-Do-Sa
2,0.7000000000000001,0.29999999999999993,UPS,30855,6,12308.304707064348,Mo-Di-Mi-Do-Fr-Sa
2,0.7000000000000001,0.29999999999999993,UPS,30880,5,6740.452363202988,Mo-Di-Mi-Do-Fr
2,0.7000000000000001,0.29999999999999993,UPS,30890,4,4342.981774841419,Di-Mi-Do-Sa
2,0.7000000000000001,0.29999999999999993,UPS,30900,5,4849.408161707872,Mo-Di-Mi-Do-Fr
2,0.7000000000000001,0.29999999999999993,UPS,30916,5,5769.648726299865,Mo-Di-Mi-Do-Sa
2,0.7000000000000001,0.29999999999999993,UPS,30926,3,3480.610032648049,Di-Do-Sa
2,0.7000000000000001,0.29999999999999993,UPS,30938,4,5645.647475406808,Mo-Mi-Fr-Sa
2,0.7000000000000001,0.29999999999999993,UPS,30952,4,3257.601810598442,Di-Do-Fr-Sa
2,0.7000000000000001,0.29999999999999993,UPS,30966,3,3046.122777732644,Di-Do-Sa
2,0.7000000000000001,0.29999999999999993,UPS,30974,4,2801.500565385552,Mo-Di-Mi-Fr
2,0.7000000000000001,0.29999999999999993,UPS,30982,3,2865.1973354342695,Mo-Mi-Fr
2,0.7000000000000001,0.29999999999999993,UPS,30989,4,3056.095431078672,Mo-Mi-Do-Sa
2,0.7000000000000001,0.29999999999999993,UPS,31275,4,6321.305438780822,Di-Do-Fr-Sa
2,0.7000000000000001,0.29999999999999993,UPS,31303,4,4260.603057208759,Di-Mi-Do-Sa
2,0.7000000000000001,0.29999999999999993,UPS,31311,3,3940.046340394308,Di-Do-Sa
2,0.7000000000000001,0.29999999999999993,UPS,31319,4,3415.0898803528976,Mo-Di-Do-Sa
2,0.7000000000000001,0.29999999999999993,UPS,31515,3,6307.389480667391,Di-Do-Sa
2,0.7000000000000001,0.29999999999999993,UPS,31535,4,7219.160153681539,Mo-Di-Do-Sa
2,0.7000000000000001,0.29999999999999993,UPS,31832,6,5105.054625543156,Mo-Di-Mi-Do-Fr-Sa
2,0.8,0.19999999999999996,Amazon,30159,3,11419.2419326706,Di-Do-Sa
2,0.8,0.19999999999999996,Amazon,30161,3,5943.475092011515,Mo-Mi-Fr
2,0.8,0.19999999999999996,Amazon,30163,4,5700.567469717146,Di-Mi-Do-Sa
2,0.8,0.19999999999999996,Amazon,30165,5,4600.465624539671,Mo-Di-Mi-Fr-Sa
2,0.8,0.19999999999999996,Amazon,30167,6,7124.980941103149,Mo-Di-Mi-Do-Fr-Sa
2,0.8,0.19999999999999996,Amazon,30173,5,5033.529196162704,Mo-Di-Do-Fr-Sa
2,0.8,0.19999999999999996,Amazon,30177,5,4113.157230650118,Di-Mi-Do-Fr-Sa
2,0.8,0.19999999999999996,Amazon,30179,4,4023.0361653102186,Di-Do-Fr-Sa
2,0.8,0.19999999999999996,Amazon,30419,6,8685.332684443236,Mo-Di-Mi-Do-Fr-Sa
2,0.8,0.19999999999999996,Amazon,30449,6,6930.958642387422,Mo-Di-Mi-Do-Fr-Sa
2,0.8,0.19999999999999996,Amazon,30453,6,4953.369950665476,Mo-Di-Mi-Do-Fr-Sa
2,0.8,0.19999999999999996,Amazon,30455,4,4365.94329860615,Di-Mi-Do-Sa
2,0.8,0.19999999999999996,Amazon,30457,4,4540.223653587832,Di-Mi-Do-Sa
2,0.8,0.19999999999999996,Amazon,30459,4,4403.783961361023,Di-Mi-Fr-Sa
2,0.8,0.19999999999999996,Amazon,30519,6,7989.408733574742,Mo-Di-Mi-Do-Fr-Sa
2,0.8,0.19999999999999996,Amazon,30539,6,5232.56483537078,Mo-Di-Mi-Do-Fr-Sa
2,0.8,0.19999999999999996,Amazon,30559,6,7936.80103693811,Mo-Di-Mi-Do-Fr-Sa
2,0.8,0.19999999999999996,Amazon,30625,4,4567.282845411212,Di-Mi-Do-Sa
2,0.8,0.19999999999999996,Amazon,30627,5,3370.347165460324,Mo-Di-Mi-Do-Fr
2,0.8,0.19999999999999996,Amazon,30629,5,4289.165620861205,Mo-Mi-Do-Fr-Sa
2,0.8,0.19999999999999996,Amazon,30655,6,5134.034576870573,Mo-Di-Mi-Do-Fr-Sa
2,0.8,0.19999999999999996,Amazon,30657,6,5211.641795669652,Mo-Di-Mi-Do-Fr-Sa
2,0.8,0.19999999999999996,Amazon,30659,3,4359.570862517288,Di-Do-Sa
2,0.8,0.19999999999999996,Amazon,30823,5,5338.84065512085,Mo-Di-Mi-Do-Fr
2,0.8,0.19999999999999996,Amazon,30826,5,5218.570132500391,Mo-Di-Do-Fr-Sa
2,0.8,0.19999999999999996,Amazon,30827,6,4406.282253025094,Mo-Di-Mi-Do-Fr-Sa
2,0.8,0.19999999999999996,Amazon,30851,4,4146.561763824455,Di-Mi-Do-Sa
2,0.8,0.19999999999999996,Amazon,30853,5,4165.993034032292,Mo-Mi-Do-Fr-Sa
2,0.8,0.19999999999999996,Amazon,30855,5,16240.739094836463,Mo-Di-Do-Fr-Sa
2,0.8,0.19999999999999996,Amazon,30880,5,10771.653008739166,Mo-Di-Mi-Do-Fr
2,0.8,0.19999999999999996,Amazon,30890,5,9923.92819516659,Di-Mi-Do-Fr-Sa
2,0.8,0.19999999999999996,Amazon,30900,3,11408.555768218172,Di-Do-Sa
2,0.8,0.19999999999999996,Amazon,30916,5,9903.920428999212,Mo-Mi-Do-Fr-Sa
2,0.8,0.19999999999999996,Amazon,30926,5,8734.250314603205,Mo-Mi-Do-Fr-Sa
2,0.8,0.19999999999999996,Amazon,30938,5,8711.947992291372,Mo-Di-Do-Fr-Sa
2,0.8,0.19999999999999996,Amazon,30952,5,6629.349998818507,Mo-Di-Mi-Do-Fr
2,0.8,0.19999999999999996,Amazon,30966,5,6632.16207777174,Di-Mi-Do-Fr-Sa
2,0.8,0.19999999999999996,Amazon,30974,5,5069.114712387792,Mo-Mi-Do-Fr-Sa
2,0.8,0.19999999999999996,Amazon,30982,5,5455.285782167058,Di-Mi-Do-Fr-Sa
2,0.8,0.19999999999999996,Amazon,30989,5,5097.105785138785,Di-Mi-Do-Fr-Sa
2,0.8,0.19999999999999996,Amazon,31275,5,13601.924070108358,Mo-Di-Mi-Do-Fr
2,0.8,0.19999999999999996,Amazon,31303,4,10016.334228572821,Mo-Mi-Do-Fr
2,0.8,0.19999999999999996,Amazon,31311,5,8483.669456511016,Mo-Mi-Do-Fr-Sa
2,0.8,0.19999999999999996,Amazon,31319,5,8904.612653462393,Mo-Di-Do-Fr-Sa
2,0.8,0.19999999999999996,Amazon,31515,5,12062.242377426253,Mo-Di-Do-Fr-Sa
2,0.8,0.19999999999999996,Amazon,31535,4,14349.7799235126,Di-Mi-Do-Sa
2,0.8,0.19999999999999996,Amazon,31832,4,10410.596152109605,Di-Mi-Fr-Sa
2,0.8,0.19999999999999996,DHL,30159,5,21387.937890901445,Mo-Mi-Do-Fr-Sa
2,0.8,0.19999999999999996,DHL,30161,6,10896.842490106472,Mo-Di-Mi-Do-Fr-Sa
2,0.8,0.19999999999999996,DHL,30163,5,9857.690636309135,Mo-Di-Mi-Do-Sa
2,0.8,0.19999999999999996,DHL,30165,5,8665.569454609305,Mo-Di-Do-Fr-Sa
2,0.8,0.19999999999999996,DHL,30167,5,13046.451754550726,Mo-Di-Mi-Do-Fr
2,0.8,0.19999999999999996,DHL,30169,6,5443.510365830029,Mo-Di-Mi-Do-Fr-Sa
2,0.8,0.19999999999999996,DHL,30173,5,8975.28954704065,Mo-Di-Do-Fr-Sa
2,0.8,0.19999999999999996,DHL,30177,5,6675.166809397417,Mo-Di-Mi-Do-Sa
2,0.8,0.19999999999999996,DHL,30179,6,7025.737693154014,Mo-Di-Mi-Do-Fr-Sa
2,0.8,0.19999999999999996,DHL,30419,6,15488.762582133773,Mo-Di-Mi-Do-Fr-Sa
2,0.8,0.19999999999999996,DHL,30449,6,7469.2241491514915,Mo-Di-Mi-Do-Fr-Sa
2,0.8,0.19999999999999996,DHL,30453,6,8951.952033907073,Mo-Di-Mi-Do-Fr-Sa
2,0.8,0.19999999999999996,DHL,30455,5,7477.568965736045,Mo-Di-Do-Fr-Sa
2,0.8,0.19999999999999996,DHL,30457,6,7270.894456096109,Mo-Di-Mi-Do-Fr-Sa
2,0.8,0.19999999999999996,DHL,30459,6,6651.002162382179,Mo-Di-Mi-Do-Fr-Sa
2,0.8,0.19999999999999996,DHL,30519,6,13272.168787294228,Mo-Di-Mi-Do-Fr-Sa
2,0.8,0.19999999999999996,DHL,30539,5,9327.079564826825,Mo-Mi-Do-Fr-Sa
2,0.8,0.19999999999999996,DHL,30559,6,12373.65925832722,Mo-Di-Mi-Do-Fr-Sa
2,0.8,0.19999999999999996,DHL,30625,5,8040.614576983003,Mo-Di-Do-Fr-Sa
2,0.8,0.19999999999999996,DHL,30627,6,5606.363090833329,Mo-Di-Mi-Do-Fr-Sa
2,0.8,0.19999999999999996,DHL,30629,5,6660.225524533901,Mo-Di-Mi-Fr-Sa
2,0.8,0.19999999999999996,DHL,30655,6,8869.786833512764,Mo-Di-Mi-Do-Fr-Sa
2,0.8,0.19999999999999996,DHL,30657,6,9992.167827012736,Mo-Di-Mi-Do-Fr-Sa
2,0.8,0.19999999999999996,DHL,30659,6,7898.329610710899,Mo-Di-Mi-Do-Fr-Sa
2,0.8,0.19999999999999996,DHL,30823,5,10196.156770471222,Mo-Mi-Do-Fr-Sa
2,0.8,0.19999999999999996,DHL,30826,5,9273.681315091088,Mo-Di-Do-Fr-Sa
2,0.8,0.19999999999999996,DHL,30827,6,8625.617953447312,Mo-Di-Mi-Do-Fr-Sa
2,0.8,0.19999999999999996,DHL,30851,6,7140.564548697186,Mo-Di-Mi-Do-Fr-Sa
2,0.8,0.19999999999999996,DHL,30853,6,7954.150022203881,Mo-Di-Mi-Do-Fr-Sa
2,0.8,0.19999999999999996,DHL,30855,5,32545.488228072198,Mo-Di-Do-Fr-Sa
2,0.8,0.19999999999999996,DHL,30880,4,17808.363176088445,Di-Do-Fr-Sa
2,0.8,0.19999999999999996,DHL,30890,5,15816.892142862875,Mo-Di-Mi-Do-Sa
2,0.8,0.19999999999999996,DHL,30900,5,17652.18222766846,Mo-Mi-Do-Fr-Sa
2,0.8,0.19999999999999996,DHL,30916,4,17638.281248424588,Di-Do-Fr-Sa
2,0.8,0.19999999999999996,DHL,30926,5,14285.141525744108,Mo-Di-Do-Fr-Sa
2,0.8,0.19999999999999996,DHL,30938,6,14554.779241554967,Mo-Di-Mi-Do-Fr-Sa
2,0.8,0.19999999999999996,DHL,30952,5,11268.583825989239,Mo-Di-Do-Fr-Sa
2,0.8,0.19999999999999996,DHL,30966,6,10624.352717702506,Mo-Di-Mi-Do-Fr-Sa
2,0.8,0.19999999999999996,DHL,30974,5,7551.191502234353,Di-Mi-Do-Fr-Sa
2,0.8,0.19999999999999996,DHL,30982,5,8019.5393341443405,Di-Mi-Do-Fr-Sa
2,0.8,0.19999999999999996,DHL,30989,6,8649.900505408892,Mo-Di-Mi-Do-Fr-Sa
2,0.8,0.19999999999999996,DHL,31275,5,20578.78264476679,Di-Mi-Do-Fr-Sa
2,0.8,0.19999999999999996,DHL,31303,6,13739.115623819012,Mo-Di-Mi-Do-Fr-Sa
2,0.8,0.19999999999999996,DHL,31311,6,10648.959166588764,Mo-Di-Mi-Do-Fr-Sa
2,0.8,0.19999999999999996,DHL,31319,4,12147.998957140728,Di-Do-Fr-Sa
2,0.8,0.19999999999999996,DHL,31515,6,20814.204304395767,Mo-Di-Mi-Do-Fr-Sa
2,0.8,0.19999999999999996,DHL,31535,5,21346.30597948347,Mo-Di-Mi-Do-Fr
2,0.8,0.19999999999999996,DHL,31832,6,14443.460212265947,Mo-Di-Mi-Do-Fr-Sa
2,0.8,0.19999999999999996,DPD,30159,3,6366.598276890039,Mo-Mi-Fr
2,0.8,0.19999999999999996,DPD,30161,5,3389.438456035672,Mo-Di-Mi-Do-Fr
2,0.8,0.19999999999999996,DPD,30163,5,3122.388006830074,Mo-Di-Mi-Do-Fr
2,0.8,0.19999999999999996,DPD,30165,6,3220.920457383544,Mo-Di-Mi-Do-Fr-Sa
2,0.8,0.19999999999999996,DPD,30167,3,4154.795004213757,Di-Do-Sa
2,0.8,0.19999999999999996,DPD,30173,5,2847.6231970809213,Mo-Mi-Do-Fr-Sa
2,0.8,0.19999999999999996,DPD,30177,5,2027.67772885352,Mo-Di-Do-Fr-Sa
2,0.8,0.19999999999999996,DPD,30179,5,2238.5289992221055,Mo-Di-Do-Fr-Sa
2,0.8,0.19999999999999996,DPD,30419,4,4878.707027115797,Di-Do-Fr-Sa
2,0.8,0.19999999999999996,DPD,30449,5,3999.989640088547,Mo-Di-Do-Fr-Sa
2,0.8,0.19999999999999996,DPD,30453,5,3473.8205552381073,Di-Mi-Do-Fr-Sa
2,0.8,0.19999999999999996,DPD,30455,4,2864.3994482180037,Di-Do-Fr-Sa
2,0.8,0.19999999999999996,DPD,30457,4,2806.146445920885,Mo-Mi-Do-Sa
2,0.8,0.19999999999999996,DPD,30459,5,2365.342433924037,Mo-Di-Do-Fr-Sa
2,0.8,0.19999999999999996,DPD,30519,5,4103.895727222043,Mo-Di-Do-Fr-Sa
2,0.8,0.19999999999999996,DPD,30539,5,3413.4098548177085,Mo-Di-Mi-Do-Fr
2,0.8,0.19999999999999996,DPD,30559,4,3890.431914009567,Mo-Mi-Do-Fr
2,0.8,0.19999999999999996,DPD,30625,4,2485.9216722947094,Mo-Mi-Do-Sa
2,0.8,0.19999999999999996,DPD,30627,5,1700.919285083963,Mo-Di-Mi-Do-Fr
2,0.8,0.19999999999999996,DPD,30629,5,2019.9230847161248,Mo-Di-Do-Fr-Sa
2,0.8,0.19999999999999996,DPD,30655,5,2765.397994999082,Di-Mi-Do-Fr-Sa
2,0.8,0.19999999999999996,DPD,30657,5,3460.9129348494475,Mo-Di-Mi-Do-Fr
2,0.8,0.19999999999999996,DPD,30659,5,2433.8752665292322,Mo-Mi-Do-Fr-Sa
2,0.8,0.19999999999999996,DPD,30823,5,3829.273895338888,Mo-Di-Mi-Do-Fr
2,0.8,0.19999999999999996,DPD,30826,3,4227.890878739456,Di-Do-Sa
2,0.8,0.19999999999999996,DPD,30827,5,3436.273230956143,Di-Mi-Do-Fr-Sa
2,0.8,0.19999999999999996,DPD,30851,5,2244.002368424345,Mo-Di-Do-Fr-Sa
2,0.8,0.19999999999999996,DPD,30853,4,2732.5466318105077,Mo-Mi-Do-Sa
2,0.8,0.19999999999999996,DPD,30855,5,9864.764016696008,Di-Mi-Do-Fr-Sa
2,0.8,0.19999999999999996,DPD,30880,5,5676.687187204014,Di-Mi-Do-Fr-Sa
2,0.8,0.19999999999999996,DPD,30890,4,7083.286568619119,Mo-Mi-Fr-Sa
2,0.8,0.19999999999999996,DPD,30900,4,7512.637204669635,Di-Mi-Fr-Sa
2,0.8,0.19999999999999996,DPD,30916,4,5015.537238647846,Di-Do-Fr-Sa
2,0.8,0.19999999999999996,DPD,30926,3,6169.629676959803,Di-Do-Sa
2,0.8,0.19999999999999996,DPD,30938,4,5232.555830333789,Mo-Di-Do-Sa
2,0.8,0.19999999999999996,DPD,30952,3,4404.709434333135,Mo-Mi-Fr
2,0.8,0.19999999999999996,DPD,30966,5,4030.1478491703047,Mo-Di-Mi-Do-Fr
2,0.8,0.19999999999999996,DPD,30974,5,3660.0328699451584,Mo-Di-Do-Fr-Sa
2,0.8,0.19999999999999996,DPD,30982,4,3547.2300004693175,Di-Do-Fr-Sa
2,0.8,0.19999999999999996,DPD,30989,3,3607.4989896871084,Di-Do-Sa
2,0.8,0.19999999999999996,DPD,31275,4,6624.311728903874,Mo-Di-Do-Fr
2,0.8,0.19999999999999996,DPD,31303,4,4984.520504322442,Mo-Di-Do-Sa
2,0.8,0.19999999999999996,DPD,31311,4,4980.935041588918,Di-Mi-Fr-Sa
2,0.8,0.19999999999999996,DPD,31319,5,4161.995236868106,Mo-Di-Mi-Do-Fr
2,0.8,0.19999999999999996,DPD,31515,4,8308.878174829331,Mo-Di-Do-Fr
2,0.8,0.19999999999999996,DPD,31535,4,10330.555325787578,Mo-Mi-Fr-Sa
2,0.8,0.19999999999999996,DPD,31832,4,6677.659364790453,Mo-Di-Mi-Fr
2,0.8,0.19999999999999996,FedEx,30159,4,12357.365076303435,Mo-Di-Do-Fr
2,0.8,0.19999999999999996,FedEx,30161,5,4976.7515049306,Mo-Di-Do-Fr-Sa
2,0.8,0.19999999999999996,FedEx,30163,5,7898.7113928218205,Mo-Di-Do-Fr-Sa
2,0.8,0.19999999999999996,FedEx,30167,5,4849.159853412175,Mo-Di-Do-Fr-Sa
2,0.8,0.19999999999999996,FedEx,30419,5,3003.623367584237,Di-Mi-Do-Fr-Sa
2,0.8,0.19999999999999996,FedEx,30449,6,5070.480072832069,Mo-Di-Mi-Do-Fr-Sa
2,0.8,0.19999999999999996,FedEx,30453,4,2933.5963386939734,Di-Mi-Fr-Sa
2,0.8,0.19999999999999996,FedEx,30455,5,1943.0928304426293,Mo-Di-Do-Fr-Sa
2,0.8,0.19999999999999996,FedEx,30457,3,2034.176640590367,Mo-Mi-Fr
2,0.8,0.19999999999999996,FedEx,30519,5,4191.317773075155,Mo-Di-Do-Fr-Sa
2,0.8,0.19999999999999996,FedEx,30539,4,4126.39261846878,Mo-Di-Do-Fr
2,0.8,0.19999999999999996,FedEx,30559,4,4767.378401803178,Di-Mi-Do-Sa
2,0.8,0.19999999999999996,FedEx,30625,5,3536.8560960428395,Mo-Di-Mi-Do-Fr
2,0.8,0.19999999999999996,FedEx,30655,5,3229.3812626607128,Mo-Di-Mi-Do-Fr
2,0.8,0.19999999999999996,FedEx,30657,6,4470.593996761694,Mo-Di-Mi-Do-Fr-Sa
2,0.8,0.19999999999999996,FedEx,30823,3,1947.896509537571,Mo-Mi-Fr
2,0.8,0.19999999999999996,FedEx,30827,4,3859.382418232128,Di-Do-Fr-Sa
2,0.8,0.19999999999999996,FedEx,30853,4,4035.8789630670694,Di-Mi-Do-Sa
2,0.8,0.19999999999999996,FedEx,30855,6,11312.376813579114,Mo-Di-Mi-Do-Fr-Sa
2,0.8,0.19999999999999996,FedEx,30880,6,5741.552839090982,Mo-Di-Mi-Do-Fr-Sa
2,0.8,0.19999999999999996,FedEx,30890,3,3684.962488628018,Di-Do-Sa
2,0.8,0.19999999999999996,FedEx,30900,3,4494.460773375122,Mo-Mi-Fr
2,0.8,0.19999999999999996,FedEx,30916,5,5106.549678043076,Di-Mi-Do-Fr-Sa
2,0.8,0.19999999999999996,FedEx,30926,4,3098.247309639269,Mo-Di-Do-Sa
2,0.8,0.19999999999999996,FedEx,30938,4,5098.787469975308,Di-Mi-Fr-Sa
2,0.8,0.19999999999999996,FedEx,30952,4,2708.503222332931,Mo-Di-Mi-Fr
2,0.8,0.19999999999999996,FedEx,30966,5,2464.575372363511,Mo-Di-Mi-Do-Sa
2,0.8,0.19999999999999996,FedEx,30974,3,2333.745228863012,Mo-Mi-Fr
2,0.8,0.19999999999999996,FedEx,30982,6,2379.2604748942445,Mo-Di-Mi-Do-Fr-Sa
2,0.8,0.19999999999999996,FedEx,30989,4,2399.3785967864555,Mo-Di-Do-Fr
2,0.8,0.19999999999999996,FedEx,31275,5,4994.683427104279,Mo-Di-Mi-Do-Fr
2,0.8,0.19999999999999996,FedEx,31303,3,3761.1793842946545,Mo-Mi-Fr
2,0.8,0.19999999999999996,FedEx,31311,6,2818.577694291381,Mo-Di-Mi-Do-Fr-Sa
2,0.8,0.19999999999999996,FedEx,31319,3,2726.483742675383,Di-Do-Sa
2,0.8,0.19999999999999996,FedEx,31515,4,5005.220000940753,Mo-Di-Do-Sa
2,0.8,0.19999999999999996,FedEx,31535,4,6020.659565403636,Mo-Di-Do-Fr
2,0.8,0.19999999999999996,FedEx,31832,3,4310.076341592979,Di-Do-Sa
2,0.8,0.19999999999999996,GLS,30159,6,4642.731630176733,Mo-Di-Mi-Do-Fr-Sa
2,0.8,0.19999999999999996,GLS,30161,5,2794.1262254084704,Di-Mi-Do-Fr-Sa
2,0.8,0.19999999999999996,GLS,30163,3,4116.842046841266,Di-Do-Sa
2,0.8,0.19999999999999996,GLS,30165,5,2203.601057741455,Mo-Di-Do-Fr-Sa
2,0.8,0.19999999999999996,GLS,30167,4,3346.887659009604,Mo-Di-Mi-Fr
2,0.8,0.19999999999999996,GLS,30173,5,2305.249160675448,Mo-Di-Do-Fr-Sa
2,0.8,0.19999999999999996,GLS,30179,6,2030.2594095239801,Mo-Di-Mi-Do-Fr-Sa
2,0.8,0.19999999999999996,GLS,30419,4,4760.863199077295,Di-Do-Fr-Sa
2,0.8,0.19999999999999996,GLS,30449,4,3352.029293567278,Mo-Di-Mi-Fr
2,0.8,0.19999999999999996,GLS,30453,4,2765.851589071081,Di-Do-Fr-Sa
2,0.8,0.19999999999999996,GLS,30455,4,2466.9179550377876,Mo-Di-Do-Sa
2,0.8,0.19999999999999996,GLS,30457,4,2418.874105389875,Mo-Mi-Do-Sa
2,0.8,0.19999999999999996,GLS,30459,6,1876.236727895414,Mo-Di-Mi-Do-Fr-Sa
2,0.8,0.19999999999999996,GLS,30519,4,3382.942776818062,Mo-Di-Mi-Fr
2,0.8,0.19999999999999996,GLS,30539,4,2227.2219125242154,Mo-Di-Do-Sa
2,0.8,0.19999999999999996,GLS,30559,5,3553.5159173412358,Mo-Di-Mi-Do-Fr
2,0.8,0.19999999999999996,GLS,30625,6,2210.8683733501316,Mo-Di-Mi-Do-Fr-Sa
2,0.8,0.19999999999999996,GLS,30627,6,1794.681684046207,Mo-Di-Mi-Do-Fr-Sa
2,0.8,0.19999999999999996,GLS,30629,6,2094.2697610443015,Mo-Di-Mi-Do-Fr-Sa
2,0.8,0.19999999999999996,GLS,30655,4,2622.7093836915406,Di-Do-Fr-Sa
2,0.8,0.19999999999999996,GLS,30657,4,2615.851749630149,Mo-Di-Do-Sa
2,0.8,0.19999999999999996,GLS,30659,6,2165.5626302364476,Mo-Di-Mi-Do-Fr-Sa
2,0.8,0.19999999999999996,GLS,30823,4,3756.571712963232,Di-Do-Fr-Sa
2,0.8,0.19999999999999996,GLS,30826,3,4185.558308172958,Di-Do-Sa
2,0.8,0.19999999999999996,GLS,30827,5,2917.3256394119,Mo-Di-Do-Fr-Sa
2,0.8,0.19999999999999996,GLS,30851,6,2097.4205946859483,Mo-Di-Mi-Do-Fr-Sa
2,0.8,0.19999999999999996,GLS,30853,6,2190.0844891648285,Mo-Di-Mi-Do-Fr-Sa
2,0.8,0.19999999999999996,GLS,30855,6,7965.715090235543,Mo-Di-Mi-Do-Fr-Sa
2,0.8,0.19999999999999996,GLS,30880,3,4105.115679664614,Di-Do-Sa
2,0.8,0.19999999999999996,GLS,30890,3,6042.090766939993,Mo-Mi-Fr
2,0.8,0.19999999999999996,GLS,30900,4,7284.555140217199,Mo-Mi-Do-Sa
2,0.8,0.19999999999999996,GLS,30916,5,4628.0386148194275,Mo-Di-Mi-Do-Fr
2,0.8,0.19999999999999996,GLS,30926,4,5207.4230563814535,Mo-Di-Do-Sa
2,0.8,0.19999999999999996,GLS,30938,3,5312.822239924781,Mo-Mi-Fr
2,0.8,0.19999999999999996,GLS,30952,3,3786.8807461163115,Di-Do-Sa
2,0.8,0.19999999999999996,GLS,30966,3,3235.297620499421,Di-Do-Sa
2,0.8,0.19999999999999996,GLS,30974,5,2907.871322707643,Mo-Di-Mi-Do-Fr
2,0.8,0.19999999999999996,GLS,30982,4,2710.8508000737115,Mo-Mi-Do-Sa
2,0.8,0.19999999999999996,GLS,30989,6,2798.376100761728,Mo-Di-Mi-Do-Fr-Sa
2,0.8,0.19999999999999996,GLS,31275,4,6642.175245871245,Di-Mi-Do-Sa
2,0.8,0.19999999999999996,GLS,31303,4,5486.508823729367,Mo-Di-Mi-Fr
2,0.8,0.19999999999999996,GLS,31311,5,4856.207296696497,Mo-Di-Mi-Do-Sa
2,0.8,0.19999999999999996,GLS,31319,6,4180.379543747179,Mo-Di-Mi-Do-Fr-Sa
2,0.8,0.19999999999999996,GLS,31515,5,8209.476365571836,Mo-Di-Mi-Do-Fr
2,0.8,0.19999999999999996,GLS,31535,4,10285.397231254414,Di-Do-Fr-Sa
2,0.8,0.19999999999999996,GLS,31832,4,4946.697388498019,Mo-Di-Mi-Fr
2,0.8,0.19999999999999996,Hermes,30159,5,5545.611200774167,Mo-Di-Mi-Do-Fr
2,0.8,0.19999999999999996,Hermes,30161,5,3023.7393141722587,Mo-Di-Mi-Do-Fr
2,0.8,0.19999999999999996,Hermes,30163,5,2984.9822945612987,Mo-Di-Mi-Do-Fr
2,0.8,0.19999999999999996,Hermes,30165,5,2863.4898694746876,Mo-Di-Mi-Do-Fr
2,0.8,0.19999999999999996,Hermes,30167,4,3946.0201469551394,Di-Mi-Fr-Sa
2,0.8,0.19999999999999996,Hermes,30173,5,3169.732396938113,Mo-Di-Mi-Do-Fr
2,0.8,0.19999999999999996,Hermes,30177,4,2515.8877648924044,Di-Mi-Do-Sa
2,0.8,0.19999999999999996,Hermes,30179,4,2503.286701889614,Di-Mi-Do-Sa
2,0.8,0.19999999999999996,Hermes,30419,5,5260.008032127468,Mo-Di-Do-Fr-Sa
2,0.8,0.19999999999999996,Hermes,30449,5,4044.1847088535096,Mo-Mi-Do-Fr-Sa
2,0.8,0.19999999999999996,Hermes,30453,5,3304.1029896826403,Mo-Di-Mi-Do-Fr
2,0.8,0.19999999999999996,Hermes,30455,4,3272.1467319841713,Di-Mi-Fr-Sa
2,0.8,0.19999999999999996,Hermes,30457,5,3318.451990758106,Di-Mi-Do-Fr-Sa
2,0.8,0.19999999999999996,Hermes,30459,5,3239.6832920605493,Di-Mi-Do-Fr-Sa
2,0.8,0.19999999999999996,Hermes,30519,5,4829.820785899337,Di-Mi-Do-Fr-Sa
2,0.8,0.19999999999999996,Hermes,30539,5,3636.0515929481476,Mo-Di-Mi-Do-Fr
2,0.8,0.19999999999999996,Hermes,30559,3,4732.604723495551,Di-Do-Sa
2,0.8,0.19999999999999996,Hermes,30625,5,3070.4747978602395,Di-Mi-Do-Fr-Sa
2,0.8,0.19999999999999996,Hermes,30627,6,1800.235438802243,Mo-Di-Mi-Do-Fr-Sa
2,0.8,0.19999999999999996,Hermes,30629,5,3120.0387295687437,Di-Mi-Do-Fr-Sa
2,0.8,0.19999999999999996,Hermes,30655,5,3229.548223633498,Mo-Di-Mi-Do-Fr
2,0.8,0.19999999999999996,Hermes,30657,6,3111.094528158594,Mo-Di-Mi-Do-Fr-Sa
2,0.8,0.19999999999999996,Hermes,30659,5,3132.01040707062,Di-Mi-Do-Fr-Sa
2,0.8,0.19999999999999996,Hermes,30823,5,3952.1368844420876,Mo-Mi-Do-Fr-Sa
2,0.8,0.19999999999999996,Hermes,30826,4,4038.4243060562567,Mo-Di-Mi-Fr
2,0.8,0.19999999999999996,Hermes,30827,6,3094.2868268624684,Mo-Di-Mi-Do-Fr-Sa
2,0.8,0.19999999999999996,Hermes,30851,5,2584.923218324083,Mo-Mi-Do-Fr-Sa
2,0.8,0.19999999999999996,Hermes,30853,5,2329.070075880771,Mo-Mi-Do-Fr-Sa
2,0.8,0.19999999999999996,Hermes,30855,5,8728.261017153245,Mo-Di-Mi-Do-Fr
2,0.8,0.19999999999999996,Hermes,30880,6,6557.610295895224,Mo-Di-Mi-Do-Fr-Sa
2,0.8,0.19999999999999996,Hermes,30890,4,7580.651807720055,Mo-Di-Do-Sa
2,0.8,0.19999999999999996,Hermes,30900,4,7059.305984243893,Mo-Di-Do-Sa
2,0.8,0.19999999999999996,Hermes,30916,5,5778.672077524587,Di-Mi-Do-Fr-Sa
2,0.8,0.19999999999999996,Hermes,30926,5,5991.873293034472,Mo-Di-Mi-Do-Sa
2,0.8,0.19999999999999996,Hermes,30938,4,5463.421341305534,Mo-Mi-Fr-Sa
2,0.8,0.19999999999999996,Hermes,30952,5,4737.080033007205,Mo-Di-Do-Fr-Sa
2,0.8,0.19999999999999996,Hermes,30966,5,4257.685603451326,Mo-Di-Mi-Do-Fr
2,0.8,0.19999999999999996,Hermes,30974,3,4118.210806257881,Di-Do-Sa
2,0.8,0.19999999999999996,Hermes,30982,3,4358.966519115522,Di-Do-Sa
2,0.8,0.19999999999999996,Hermes,30989,3,3992.9507463368477,Di-Do-Sa
2,0.8,0.19999999999999996,Hermes,31275,3,8828.348214805275,Mo-Mi-Fr
2,0.8,0.19999999999999996,Hermes,31303,4,6832.6722089879395,Di-Mi-Do-Sa
2,0.8,0.19999999999999996,Hermes,31311,4,6256.135391436539,Mo-Di-Mi-Fr
2,0.8,0.19999999999999996,Hermes,31319,4,6502.995360970663,Di-Mi-Do-Sa
2,0.8,0.19999999999999996,Hermes,31515,5,8725.543788196579,Mo-Di-Mi-Do-Fr
2,0.8,0.19999999999999996,Hermes,31535,5,10561.07746765765,Mo-Di-Mi-Do-Fr
2,0.8,0.19999999999999996,Hermes,31832,4,7663.594481650062,Di-Mi-Fr-Sa
2,0.8,0.19999999999999996,UPS,30159,4,14129.129348953973,Di-Mi-Do-Sa
2,0.8,0.19999999999999996,UPS,30161,3,5773.7022551884675,Mo-Mi-Fr
2,0.8,0.19999999999999996,UPS,30163,5,6337.106653238807,Mo-Di-Do-Fr-Sa
2,0.8,0.19999999999999996,UPS,30165,5,3580.6573029153187,Mo-Mi-Do-Fr-Sa
2,0.8,0.19999999999999996,UPS,30167,4,5515.217121201205,Mo-Di-Mi-Fr
2,0.8,0.19999999999999996,UPS,30419,5,3248.5907077330103,Mo-Di-Mi-Do-Fr
2,0.8,0.19999999999999996,UPS,30449,3,6000.5440440246275,Mo-Mi-Fr
2,0.8,0.19999999999999996,UPS,30453,6,3351.1237228460413,Mo-Di-Mi-Do-Fr-Sa
2,0.8,0.19999999999999996,UPS,30455,3,1974.3394472145746,Mo-Mi-Fr
2,0.8,0.19999999999999996,UPS,30457,4,2080.455418787925,Mo-Di-Mi-Fr
2,0.8,0.19999999999999996,UPS,30519,5,4749.051542213528,Di-Mi-Do-Fr-Sa
2,0.8,0.19999999999999996,UPS,30539,4,4252.185078927435,Di-Do-Fr-Sa
2,0.8,0.19999999999999996,UPS,30559,4,4558.093581863569,Di-Mi-Do-Sa
2,0.8,0.19999999999999996,UPS,30625,3,4107.715689270051,Di-Do-Sa
2,0.8,0.19999999999999996,UPS,30655,4,2070.0820713208823,Mo-Mi-Do-Sa
2,0.8,0.19999999999999996,UPS,30657,5,4535.526156749438,Mo-Di-Do-Fr-Sa
2,0.8,0.19999999999999996,UPS,30659,5,3447.610433214345,Mo-Di-Mi-Do-Fr
2,0.8,0.19999999999999996,UPS,30823,3,2778.5620577693767,Di-Do-Sa
2,0.8,0.19999999999999996,UPS,30826,6,2042.7216152816727,Mo-Di-Mi-Do-Fr-Sa
2,0.8,0.19999999999999996,UPS,30827,5,3157.4631459555358,Mo-Di-Mi-Do-Fr
2,0.8,0.19999999999999996,UPS,30853,5,4368.601991425173,Mo-Di-Do-Fr-Sa
2,0.8,0.19999999999999996,UPS,30855,6,12308.304707064348,Mo-Di-Mi-Do-Fr-Sa
2,0.8,0.19999999999999996,UPS,30880,5,6760.541051888566,Mo-Di-Mi-Do-Fr
2,0.8,0.19999999999999996,UPS,30890,3,4448.389938196728,Di-Do-Sa
2,0.8,0.19999999999999996,UPS,30900,4,4842.214937610543,Mo-Di-Mi-Fr
2,0.8,0.19999999999999996,UPS,30916,5,5855.514667504744,Mo-Di-Mi-Do-Fr
2,0.8,0.19999999999999996,UPS,30926,3,3697.1369601185797,Di-Do-Sa
2,0.8,0.19999999999999996,UPS,30938,5,5884.703787331136,Mo-Di-Do-Fr-Sa
2,0.8,0.19999999999999996,UPS,30952,3,3328.081825078133,Di-Do-Sa
2,0.8,0.19999999999999996,UPS,30966,3,3123.6803125381666,Di-Do-Sa
2,0.8,0.19999999999999996,UPS,30974,4,2855.9787859561784,Mo-Di-Mi-Fr
2,0.8,0.19999999999999996,UPS,30982,4,2967.3034989325038,Mo-Di-Do-Fr
2,0.8,0.19999999999999996,UPS,30989,5,3065.316722978471,Mo-Di-Mi-Do-Sa
2,0.8,0.19999999999999996,UPS,31275,3,6380.778119363729,Di-Do-Sa
2,0.8,0.19999999999999996,UPS,31303,3,4345.066237353059,Di-Do-Sa
2,0.8,0.19999999999999996,UPS,31311,3,4105.004544446978,Di-Do-Sa
2,0.8,0.19999999999999996,UPS,31319,4,3378.841084829004,Mo-Mi-Do-Sa
2,0.8,0.19999999999999996,UPS,31515,5,6668.20259557737,Di-Mi-Do-Fr-Sa
2,0.8,0.19999999999999996,UPS,31535,4,7198.675089725648,Mo-Di-Do-Sa
2,0.8,0.19999999999999996,UPS,31832,6,5105.054625543156,Mo-Di-Mi-Do-Fr-Sa
2,0.9,0.09999999999999998,Amazon,30159,4,11311.297240765138,Di-Mi-Fr-Sa
2,0.9,0.09999999999999998,Amazon,30161,4,6073.59744371976,Di-Mi-Do-Sa
2,0.9,0.09999999999999998,Amazon,30163,4,5793.579320271218,Di-Mi-Do-Sa
2,0.9,0.09999999999999998,Amazon,30165,5,4645.903741042595,Mo-Di-Mi-Fr-Sa
2,0.9,0.09999999999999998,Amazon,30167,5,6982.803853444749,Di-Mi-Do-Fr-Sa
2,0.9,0.09999999999999998,Amazon,30173,5,5105.921888022111,Mo-Di-Do-Fr-Sa
2,0.9,0.09999999999999998,Amazon,30177,5,4140.413684206971,Di-Mi-Do-Fr-Sa
2,0.9,0.09999999999999998,Amazon,30179,5,4203.291103242898,Di-Mi-Do-Fr-Sa
2,0.9,0.09999999999999998,Amazon,30419,6,8685.332684443236,Mo-Di-Mi-Do-Fr-Sa
2,0.9,0.09999999999999998,Amazon,30449,5,6768.591946057199,Mo-Di-Mi-Fr-Sa
2,0.9,0.09999999999999998,Amazon,30453,6,4953.369950665476,Mo-Di-Mi-Do-Fr-Sa
2,0.9,0.09999999999999998,Amazon,30455,4,4441.676210884293,Di-Mi-Do-Sa
2,0.9,0.09999999999999998,Amazon,30457,4,4535.61269797937,Di-Mi-Do-Sa
2,0.9,0.09999999999999998,Amazon,30459,4,4489.626586715845,Di-Mi-Do-Sa
2,0.9,0.09999999999999998,Amazon,30519,5,7933.474914809818,Di-Mi-Do-Fr-Sa
2,0.9,0.09999999999999998,Amazon,30539,6,5232.56483537078,Mo-Di-Mi-Do-Fr-Sa
2,0.9,0.09999999999999998,Amazon,30559,5,7816.453457389656,Mo-Di-Do-Fr-Sa
2,0.9,0.09999999999999998,Amazon,30625,6,4833.5787808117675,Mo-Di-Mi-Do-Fr-Sa
2,0.9,0.09999999999999998,Amazon,30627,6,3579.2895236259706,Mo-Di-Mi-Do-Fr-Sa
2,0.9,0.09999999999999998,Amazon,30629,5,4294.439791118765,Mo-Mi-Do-Fr-Sa
2,0.9,0.09999999999999998,Amazon,30655,6,5134.034576870573,Mo-Di-Mi-Do-Fr-Sa
2,0.9,0.09999999999999998,Amazon,30657,6,5211.641795669652,Mo-Di-Mi-Do-Fr-Sa
2,0.9,0.09999999999999998,Amazon,30659,4,4549.597407425216,Di-Mi-Do-Sa
2,0.9,0.09999999999999998,Amazon,30823,5,5435.486507571147,Di-Mi-Do-Fr-Sa
2,0.9,0.09999999999999998,Amazon,30826,4,5172.751705002674,Mo-Di-Mi-Fr
2,0.9,0.09999999999999998,Amazon,30827,6,4406.282253025094,Mo-Di-Mi-Do-Fr-Sa
2,0.9,0.09999999999999998,Amazon,30851,4,4187.342799590559,Mo-Mi-Do-Sa
2,0.9,0.09999999999999998,Amazon,30853,6,4295.473522234693,Mo-Di-Mi-Do-Fr-Sa
2,0.9,0.09999999999999998,Amazon,30855,5,16211.830883723125,Mo-Di-Mi-Fr-Sa
2,0.9,0.09999999999999998,Amazon,30880,5,10665.121321542301,Di-Mi-Do-Fr-Sa
2,0.9,0.09999999999999998,Amazon,30890,4,9761.598059084445,Mo-Di-Mi-Fr
2,0.9,0.09999999999999998,Amazon,30900,4,11458.188638557702,Mo-Mi-Do-Sa
2,0.9,0.09999999999999998,Amazon,30916,4,9681.038591440403,Mo-Di-Do-Sa
2,0.9,0.09999999999999998,Amazon,30926,4,8401.064177044462,Mo-Di-Do-Sa
2,0.9,0.09999999999999998,Amazon,30938,5,8649.27679188587,Mo-Di-Do-Fr-Sa
2,0.9,0.09999999999999998,Amazon,30952,5,6705.81494311152,Di-Mi-Do-Fr-Sa
2,0.9,0.09999999999999998,Amazon,30966,5,6702.619525224192,Mo-Di-Mi-Do-Fr
2,0.9,0.09999999999999998,Amazon,30974,5,5184.384825041551,Mo-Di-Mi-Do-Sa
2,0.9,0.09999999999999998,Amazon,30982,6,5545.048582884666,Mo-Di-Mi-Do-Fr-Sa
2,0.9,0.09999999999999998,Amazon,30989,5,5104.279686154092,Mo-Di-Mi-Do-Sa
2,0.9,0.09999999999999998,Amazon,31275,5,13636.08659858925,Mo-Di-Mi-Do-Fr
2,0.9,0.09999999999999998,Amazon,31303,4,9824.380319432761,Mo-Mi-Do-Fr
2,0.9,0.09999999999999998,Amazon,31311,5,8471.735297634648,Mo-Mi-Do-Fr-Sa
2,0.9,0.09999999999999998,Amazon,31319,5,8694.598448059334,Mo-Di-Mi-Fr-Sa
2,0.9,0.09999999999999998,Amazon,31515,5,11980.355122948655,Mo-Mi-Do-Fr-Sa
2,0.9,0.09999999999999998,Amazon,31535,4,14442.01141307355,Mo-Di-Do-Sa
2,0.9,0.09999999999999998,Amazon,31832,5,10321.436183515885,Di-Mi-Do-Fr-Sa
2,0.9,0.09999999999999998,DHL,30159,5,21344.77306534078,Mo-Mi-Do-Fr-Sa
2,0.9,0.09999999999999998,DHL,30161,6,10896.842490106472,Mo-Di-Mi-Do-Fr-Sa
2,0.9,0.09999999999999998,DHL,30163,6,9949.803363797471,Mo-Di-Mi-Do-Fr-Sa
2,0.9,0.09999999999999998,DHL,30165,5,8673.7062145846,Mo-Mi-Do-Fr-Sa
2,0.9,0.09999999999999998,DHL,30167,4,13019.091149895914,Mo-Di-Do-Fr
2,0.9,0.09999999999999998,DHL,30169,5,5334.146803404472,Mo-Di-Mi-Fr-Sa
2,0.9,0.09999999999999998,DHL,30173,5,8984.906186424912,Mo-Di-Do-Fr-Sa
2,0.9,0.09999999999999998,DHL,30177,4,6587.769555889718,Mo-Di-Mi-Fr
2,0.9,0.09999999999999998,DHL,30179,4,6886.444418536287,Mo-Di-Do-Sa
2,0.9,0.09999999999999998,DHL,30419,6,15488.762582133773,Mo-Di-Mi-Do-Fr-Sa
2,0.9,0.09999999999999998,DHL,30449,6,7469.2241491514915,Mo-Di-Mi-Do-Fr-Sa
2,0.9,0.09999999999999998,DHL,30453,6,8951.952033907073,Mo-Di-Mi-Do-Fr-Sa
2,0.9,0.09999999999999998,DHL,30455,4,7471.695455269834,Mo-Mi-Do-Sa
2,0.9,0.09999999999999998,DHL,30457,3,7034.891977889869,Mo-Mi-Fr
2,0.9,0.09999999999999998,DHL,30459,6,6651.002162382179,Mo-Di-Mi-Do-Fr-Sa
2,0.9,0.09999999999999998,DHL,30519,6,13272.168787294228,Mo-Di-Mi-Do-Fr-Sa
2,0.9,0.09999999999999998,DHL,30539,4,9299.701296535437,Mo-Mi-Do-Fr
2,0.9,0.09999999999999998,DHL,30559,6,12373.65925832722,Mo-Di-Mi-Do-Fr-Sa
2,0.9,0.09999999999999998,DHL,30625,4,7937.212257681681,Di-Mi-Do-Sa
2,0.9,0.09999999999999998,DHL,30627,5,5502.26202874205,Mo-Di-Mi-Do-Sa
2,0.9,0.09999999999999998,DHL,30629,5,6725.756684116106,Mo-Di-Mi-Do-Sa
2,0.9,0.09999999999999998,DHL,30655,5,8791.2862480255,Mo-Di-Mi-Do-Sa
2,0.9,0.09999999999999998,DHL,30657,6,9992.167827012736,Mo-Di-Mi-Do-Fr-Sa
2,0.9,0.09999999999999998,DHL,30659,6,7898.329610710899,Mo-Di-Mi-Do-Fr-Sa
2,0.9,0.09999999999999998,DHL,30823,6,10208.877886178407,Mo-Di-Mi-Do-Fr-Sa
2,0.9,0.09999999999999998,DHL,30826,5,9362.093718625047,Mo-Di-Do-Fr-Sa
2,0.9,0.09999999999999998,DHL,30827,6,8625.617953447312,Mo-Di-Mi-Do-Fr-Sa
2,0.9,0.09999999999999998,DHL,30851,6,7140.564548697186,Mo-Di-Mi-Do-Fr-Sa
2,0.9,0.09999999999999998,DHL,30853,6,7954.150022203881,Mo-Di-Mi-Do-Fr-Sa
2,0.9,0.09999999999999998,DHL,30855,6,32552.34432866005,Mo-Di-Mi-Do-Fr-Sa
2,0.9,0.09999999999999998,DHL,30880,4,17779.751669131594,Di-Do-Fr-Sa
2,0.9,0.09999999999999998,DHL,30890,6,15947.754646399117,Mo-Di-Mi-Do-Fr-Sa
2,0.9,0.09999999999999998,DHL,30900,5,17834.256024259066,Mo-Mi-Do-Fr-Sa
2,0.9,0.09999999999999998,DHL,30916,6,17734.269551035948,Mo-Di-Mi-Do-Fr-Sa
2,0.9,0.09999999999999998,DHL,30926,5,14342.78302530364,Mo-Di-Do-Fr-Sa
2,0.9,0.09999999999999998,DHL,30938,6,14554.779241554967,Mo-Di-Mi-Do-Fr-Sa
2,0.9,0.09999999999999998,DHL,30952,5,11260.355501869222,Mo-Di-Do-Fr-Sa
2,0.9,0.09999999999999998,DHL,30966,5,10597.489572703164,Mo-Di-Mi-Fr-Sa
2,0.9,0.09999999999999998,DHL,30974,4,7484.448565313989,Di-Mi-Do-Sa
2,0.9,0.09999999999999998,DHL,30982,4,8095.631202831348,Di-Mi-Do-Sa
2,0.9,0.09999999999999998,DHL,30989,5,8533.896209770364,Di-Mi-Do-Fr-Sa
2,0.9,0.09999999999999998,DHL,31275,6,20741.197757085225,Mo-Di-Mi-Do-Fr-Sa
2,0.9,0.09999999999999998,DHL,31303,6,13739.115623819012,Mo-Di-Mi-Do-Fr-Sa
2,0.9,0.09999999999999998,DHL,31311,5,10624.597056719427,Mo-Di-Mi-Do-Fr
2,0.9,0.09999999999999998,DHL,31319,5,12173.195757741858,Di-Mi-Do-Fr-Sa
2,0.9,0.09999999999999998,DHL,31515,5,20802.631075955764,Mo-Di-Mi-Do-Fr
2,0.9,0.09999999999999998,DHL,31535,5,21504.83804719025,Mo-Di-Mi-Do-Fr
2,0.9,0.09999999999999998,DHL,31832,5,14408.840834253442,Mo-Mi-Do-Fr-Sa
2,0.9,0.09999999999999998,DPD,30159,4,6536.864438452056,Mo-Di-Do-Sa
2,0.9,0.09999999999999998,DPD,30161,6,3572.3066172774998,Mo-Di-Mi-Do-Fr-Sa
2,0.9,0.09999999999999998,DPD,30163,5,3151.1280947637038,Mo-Di-Mi-Do-Fr
2,0.9,0.09999999999999998,DPD,30165,6,3220.920457383544,Mo-Di-Mi-Do-Fr-Sa
2,0.9,0.09999999999999998,DPD,30167,5,4366.041866592193,Di-Mi-Do-Fr-Sa
2,0.9,0.09999999999999998,DPD,30173,6,3028.2905288174024,Mo-Di-Mi-Do-Fr-Sa
2,0.9,0.09999999999999998,DPD,30177,5,2018.0499631150306,Mo-Di-Mi-Fr-Sa
2,0.9,0.09999999999999998,DPD,30179,5,2265.5397107562885,Mo-Di-Do-Fr-Sa
2,0.9,0.09999999999999998,DPD,30419,5,5085.457094131571,Di-Mi-Do-Fr-Sa
2,0.9,0.09999999999999998,DPD,30449,4,3995.8005013968336,Mo-Mi-Fr-Sa
2,0.9,0.09999999999999998,DPD,30453,5,3552.7465736808867,Mo-Di-Mi-Do-Sa
2,0.9,0.09999999999999998,DPD,30455,4,2896.350131252957,Mo-Mi-Do-Sa
2,0.9,0.09999999999999998,DPD,30457,4,2673.9786758988544,Mo-Mi-Fr-Sa
2,0.9,0.09999999999999998,DPD,30459,5,2410.913257086289,Mo-Di-Do-Fr-Sa
2,0.9,0.09999999999999998,DPD,30519,5,4131.348565407529,Mo-Di-Mi-Fr-Sa
2,0.9,0.09999999999999998,DPD,30539,6,3413.7063659864443,Mo-Di-Mi-Do-Fr-Sa
2,0.9,0.09999999999999998,DPD,30559,5,3961.5560724975894,Mo-Mi-Do-Fr-Sa
2,0.9,0.09999999999999998,DPD,30625,4,2510.4860265909037,Mo-Mi-Do-Sa
2,0.9,0.09999999999999998,DPD,30627,6,1702.8075328692416,Mo-Di-Mi-Do-Fr-Sa
2,0.9,0.09999999999999998,DPD,30629,6,2022.2450338148715,Mo-Di-Mi-Do-Fr-Sa
2,0.9,0.09999999999999998,DPD,30655,5,2957.3714248282354,Mo-Di-Mi-Do-Sa
2,0.9,0.09999999999999998,DPD,30657,6,3491.1799180397643,Mo-Di-Mi-Do-Fr-Sa
2,0.9,0.09999999999999998,DPD,30659,5,2482.8298377498495,Mo-Mi-Do-Fr-Sa
2,0.9,0.09999999999999998,DPD,30823,5,3861.2616002320356,Mo-Di-Mi-Do-Fr
2,0.9,0.09999999999999998,DPD,30826,4,4397.414114765903,Mo-Mi-Do-Fr
2,0.9,0.09999999999999998,DPD,30827,5,3527.2321151627525,Mo-Di-Mi-Do-Sa
2,0.9,0.09999999999999998,DPD,30851,5,2296.6497122954784,Mo-Di-Do-Fr-Sa
2,0.9,0.09999999999999998,DPD,30853,5,2927.5992265724394,Mo-Di-Mi-Do-Sa
2,0.9,0.09999999999999998,DPD,30855,5,9793.338754928902,Mo-Di-Mi-Do-Sa
2,0.9,0.09999999999999998,DPD,30880,6,5724.1369426636065,Mo-Di-Mi-Do-Fr-Sa
2,0.9,0.09999999999999998,DPD,30890,4,7155.162299137522,Mo-Mi-Do-Sa
2,0.9,0.09999999999999998,DPD,30900,4,7558.207714541786,Di-Mi-Do-Sa
2,0.9,0.09999999999999998,DPD,30916,5,5300.444266750252,Di-Mi-Do-Fr-Sa
2,0.9,0.09999999999999998,DPD,30926,4,5932.279177556157,Mo-Mi-Fr-Sa
2,0.9,0.09999999999999998,DPD,30938,4,5331.741218904828,Mo-Mi-Do-Sa
2,0.9,0.09999999999999998,DPD,30952,4,4497.045285554352,Mo-Di-Do-Fr
2,0.9,0.09999999999999998,DPD,30966,5,4080.6653555274434,Mo-Di-Mi-Do-Fr
2,0.9,0.09999999999999998,DPD,30974,4,3697.2155022443776,Mo-Mi-Fr-Sa
2,0.9,0.09999999999999998,DPD,30982,4,3618.8423891757884,Mo-Mi-Fr-Sa
2,0.9,0.09999999999999998,DPD,30989,3,3720.3508141302104,Di-Do-Sa
2,0.9,0.09999999999999998,DPD,31275,3,6692.477560582841,Mo-Mi-Fr
2,0.9,0.09999999999999998,DPD,31303,4,5130.6141681561685,Mo-Mi-Fr-Sa
2,0.9,0.09999999999999998,DPD,31311,3,4990.073428172667,Mo-Mi-Fr
2,0.9,0.09999999999999998,DPD,31319,5,4206.983555909213,Mo-Di-Mi-Do-Fr
2,0.9,0.09999999999999998,DPD,31515,3,8355.540100392664,Mo-Mi-Fr
2,0.9,0.09999999999999998,DPD,31535,4,10381.90052458651,Di-Do-Fr-Sa
2,0.9,0.09999999999999998,DPD,31832,5,6844.770607049601,Mo-Di-Mi-Fr-Sa
2,0.9,0.09999999999999998,FedEx,30159,4,12462.294859002852,Mo-Mi-Do-Sa
2,0.9,0.09999999999999998,FedEx,30161,4,4929.584363788312,Mo-Mi-Fr-Sa
2,0.9,0.09999999999999998,FedEx,30163,4,7615.751107718686,Mo-Di-Do-Sa
2,0.9,0.09999999999999998,FedEx,30167,5,4865.486279599563,Mo-Di-Mi-Fr-Sa
2,0.9,0.09999999999999998,FedEx,30419,6,3180.1259661691156,Mo-Di-Mi-Do-Fr-Sa
2,0.9,0.09999999999999998,FedEx,30449,6,5070.480072832069,Mo-Di-Mi-Do-Fr-Sa
2,0.9,0.09999999999999998,FedEx,30453,4,2979.3157515599755,Di-Mi-Do-Sa
2,0.9,0.09999999999999998,FedEx,30455,6,1946.7438791667537,Mo-Di-Mi-Do-Fr-Sa
2,0.9,0.09999999999999998,FedEx,30457,4,2042.5337874839634,Mo-Di-Mi-Fr
2,0.9,0.09999999999999998,FedEx,30519,5,4204.570620804304,Mo-Mi-Do-Fr-Sa
2,0.9,0.09999999999999998,FedEx,30539,5,4131.017010947552,Mo-Di-Mi-Fr-Sa
2,0.9,0.09999999999999998,FedEx,30559,4,4774.14251371674,Di-Mi-Do-Sa
2,0.9,0.09999999999999998,FedEx,30625,4,3564.9839734703705,Mo-Di-Mi-Fr
2,0.9,0.09999999999999998,FedEx,30655,5,3250.290688635396,Mo-Di-Mi-Do-Fr
2,0.9,0.09999999999999998,FedEx,30657,6,4470.593996761694,Mo-Di-Mi-Do-Fr-Sa
2,0.9,0.09999999999999998,FedEx,30823,3,1951.870376198338,Mo-Mi-Fr
2,0.9,0.09999999999999998,FedEx,30827,5,3880.6223496458615,Mo-Mi-Do-Fr-Sa
2,0.9,0.09999999999999998,FedEx,30853,4,4051.875611092914,Di-Mi-Do-Sa
2,0.9,0.09999999999999998,FedEx,30855,5,11255.977215729632,Mo-Di-Mi-Do-Fr
2,0.9,0.09999999999999998,FedEx,30880,6,5741.552839090982,Mo-Di-Mi-Do-Fr-Sa
2,0.9,0.09999999999999998,FedEx,30890,3,3803.23677157608,Di-Do-Sa
2,0.9,0.09999999999999998,FedEx,30900,3,4565.8106210444585,Mo-Mi-Fr
2,0.9,0.09999999999999998,FedEx,30916,5,5152.227585280791,Mo-Di-Mi-Do-Sa
2,0.9,0.09999999999999998,FedEx,30926,4,3221.164480453766,Mo-Di-Do-Sa
2,0.9,0.09999999999999998,FedEx,30938,5,5353.586536962782,Mo-Di-Mi-Do-Sa
2,0.9,0.09999999999999998,FedEx,30952,4,2729.1803001211074,Mo-Di-Mi-Fr
2,0.9,0.09999999999999998,FedEx,30966,4,2471.5930294775935,Mo-Di-Do-Sa
2,0.9,0.09999999999999998,FedEx,30974,3,2330.7687692947866,Mo-Mi-Fr
2,0.9,0.09999999999999998,FedEx,30982,6,2379.2604748942445,Mo-Di-Mi-Do-Fr-Sa
2,0.9,0.09999999999999998,FedEx,30989,6,2431.4853535221046,Mo-Di-Mi-Do-Fr-Sa
2,0.9,0.09999999999999998,FedEx,31275,4,5009.662143714038,Mo-Di-Mi-Fr
2,0.9,0.09999999999999998,FedEx,31303,4,3900.5806175185935,Mo-Mi-Do-Sa
2,0.9,0.09999999999999998,FedEx,31311,6,2818.577694291381,Mo-Di-Mi-Do-Fr-Sa
2,0.9,0.09999999999999998,FedEx,31319,3,2784.014566387531,Mo-Mi-Fr
2,0.9,0.09999999999999998,FedEx,31515,5,5009.596675831529,Mo-Di-Do-Fr-Sa
2,0.9,0.09999999999999998,FedEx,31535,5,6084.999822150945,Mo-Di-Do-Fr-Sa
2,0.9,0.09999999999999998,FedEx,31832,4,4499.1584943770185,Mo-Di-Do-Fr
2,0.9,0.09999999999999998,GLS,30159,5,4497.653226443564,Mo-Di-Mi-Do-Sa
2,0.9,0.09999999999999998,GLS,30161,5,2816.7695275715205,Mo-Di-Mi-Do-Sa
2,0.9,0.09999999999999998,GLS,30163,4,4332.129030145089,Di-Mi-Do-Sa
2,0.9,0.09999999999999998,GLS,30165,6,2405.2247120162715,Mo-Di-Mi-Do-Fr-Sa
2,0.9,0.09999999999999998,GLS,30167,4,3368.257961163931,Mo-Di-Mi-Fr
2,0.9,0.09999999999999998,GLS,30173,6,2467.3206708480106,Mo-Di-Mi-Do-Fr-Sa
2,0.9,0.09999999999999998,GLS,30179,6,2030.2594095239801,Mo-Di-Mi-Do-Fr-Sa
2,0.9,0.09999999999999998,GLS,30419,4,4641.203737860447,Mo-Mi-Fr-Sa
2,0.9,0.09999999999999998,GLS,30449,4,3389.0579413125233,Mo-Di-Do-Fr
2,0.9,0.09999999999999998,GLS,30453,4,2998.9080557701527,Mo-Mi-Do-Sa
2,0.9,0.09999999999999998,GLS,30455,5,2465.115931327434,Mo-Di-Mi-Fr-Sa
2,0.9,0.09999999999999998,GLS,30457,4,2419.2474609616365,Mo-Mi-Fr-Sa
2,0.9,0.09999999999999998,GLS,30459,6,1876.236727895414,Mo-Di-Mi-Do-Fr-Sa
2,0.9,0.09999999999999998,GLS,30519,6,3552.9135868219814,Mo-Di-Mi-Do-Fr-Sa
2,0.9,0.09999999999999998,GLS,30539,5,2277.0598881965666,Mo-Di-Do-Fr-Sa
2,0.9,0.09999999999999998,GLS,30559,5,3598.443896615585,Mo-Di-Mi-Do-Fr
2,0.9,0.09999999999999998,GLS,30625,6,2210.8683733501316,Mo-Di-Mi-Do-Fr-Sa
2,0.9,0.09999999999999998,GLS,30627,6,1794.681684046207,Mo-Di-Mi-Do-Fr-Sa
2,0.9,0.09999999999999998,GLS,30629,6,2094.2697610443015,Mo-Di-Mi-Do-Fr-Sa
2,0.9,0.09999999999999998,GLS,30655,5,2865.093327756629,Di-Mi-Do-Fr-Sa
2,0.9,0.09999999999999998,GLS,30657,4,2793.0727434261894,Mo-Mi-Do-Sa
2,0.9,0.09999999999999998,GLS,30659,6,2165.5626302364476,Mo-Di-Mi-Do-Fr-Sa
2,0.9,0.09999999999999998,GLS,30823,4,3809.412462817269,Mo-Mi-Do-Sa
2,0.9,0.09999999999999998,GLS,30826,4,4304.1692700946405,Mo-Mi-Do-Sa
2,0.9,0.09999999999999998,GLS,30827,6,3074.664687517894,Mo-Di-Mi-Do-Fr-Sa
2,0.9,0.09999999999999998,GLS,30851,6,2097.4205946859483,Mo-Di-Mi-Do-Fr-Sa
2,0.9,0.09999999999999998,GLS,30853,6,2190.0844891648285,Mo-Di-Mi-Do-Fr-Sa
2,0.9,0.09999999999999998,GLS,30855,5,7750.418281029068,Mo-Di-Mi-Fr-Sa
2,0.9,0.09999999999999998,GLS,30880,3,4149.118690279745,Di-Do-Sa
2,0.9,0.09999999999999998,GLS,30890,3,6705.281088754895,Mo-Mi-Fr
2,0.9,0.09999999999999998,GLS,30900,4,7286.673099378466,Mo-Mi-Do-Sa
2,0.9,0.09999999999999998,GLS,30916,5,4759.181656058314,Di-Mi-Do-Fr-Sa
2,0.9,0.09999999999999998,GLS,30926,3,5096.60064664856,Mo-Mi-Fr
2,0.9,0.09999999999999998,GLS,30938,3,5408.470657941744,Mo-Mi-Fr
2,0.9,0.09999999999999998,GLS,30952,3,3981.3775510163537,Mo-Mi-Fr
2,0.9,0.09999999999999998,GLS,30966,5,3496.8587219937767,Mo-Di-Mi-Do-Fr
2,0.9,0.09999999999999998,GLS,30974,5,2905.6617116072416,Mo-Di-Mi-Fr-Sa
2,0.9,0.09999999999999998,GLS,30982,4,2722.465233335485,Mo-Di-Do-Sa
2,0.9,0.09999999999999998,GLS,30989,6,2798.376100761728,Mo-Di-Mi-Do-Fr-Sa
2,0.9,0.09999999999999998,GLS,31275,4,6941.328664667779,Mo-Di-Do-Sa
2,0.9,0.09999999999999998,GLS,31303,3,5790.404367728192,Di-Do-Sa
2,0.9,0.09999999999999998,GLS,31311,5,4930.193877562092,Mo-Di-Mi-Do-Sa
2,0.9,0.09999999999999998,GLS,31319,6,4180.379543747179,Mo-Di-Mi-Do-Fr-Sa
2,0.9,0.09999999999999998,GLS,31515,4,8205.317943040463,Mo-Di-Mi-Fr
2,0.9,0.09999999999999998,GLS,31535,4,10458.65094277834,Mo-Di-Mi-Fr
2,0.9,0.09999999999999998,GLS,31832,4,5047.3107172934215,Mo-Di-Mi-Fr
2,0.9,0.09999999999999998,Hermes,30159,5,5579.727973764336,Di-Mi-Do-Fr-Sa
2,0.9,0.09999999999999998,Hermes,30161,6,3199.481172195214,Mo-Di-Mi-Do-Fr-Sa
2,0.9,0.09999999999999998,Hermes,30163,6,3149.747408424128,Mo-Di-Mi-Do-Fr-Sa
2,0.9,0.09999999999999998,Hermes,30165,5,2910.664308540045,Mo-Di-Mi-Do-Fr
2,0.9,0.09999999999999998,Hermes,30167,5,3967.74765549934,Di-Mi-Do-Fr-Sa
2,0.9,0.09999999999999998,Hermes,30173,5,3184.674873623904,Mo-Di-Mi-Do-Fr
2,0.9,0.09999999999999998,Hermes,30177,5,2725.866399331669,Mo-Di-Mi-Do-Sa
2,0.9,0.09999999999999998,Hermes,30179,4,2545.245667739665,Di-Mi-Do-Sa
2,0.9,0.09999999999999998,Hermes,30419,4,5301.711365379466,Mo-Mi-Fr-Sa
2,0.9,0.09999999999999998,Hermes,30449,5,4045.9628151718093,Mo-Mi-Do-Fr-Sa
2,0.9,0.09999999999999998,Hermes,30453,5,3322.8727067152945,Mo-Di-Mi-Do-Fr
2,0.9,0.09999999999999998,Hermes,30455,6,3483.007050591635,Mo-Di-Mi-Do-Fr-Sa
2,0.9,0.09999999999999998,Hermes,30457,5,3565.8773560075406,Di-Mi-Do-Fr-Sa
2,0.9,0.09999999999999998,Hermes,30459,6,3465.6139132677736,Mo-Di-Mi-Do-Fr-Sa
2,0.9,0.09999999999999998,Hermes,30519,5,4848.103191659685,Mo-Mi-Do-Fr-Sa
2,0.9,0.09999999999999998,Hermes,30539,6,3645.27178816927,Mo-Di-Mi-Do-Fr-Sa
2,0.9,0.09999999999999998,Hermes,30559,4,4937.6202015875515,Di-Mi-Do-Sa
2,0.9,0.09999999999999998,Hermes,30625,6,3273.024738869934,Mo-Di-Mi-Do-Fr-Sa
2,0.9,0.09999999999999998,Hermes,30627,6,1800.235438802243,Mo-Di-Mi-Do-Fr-Sa
2,0.9,0.09999999999999998,Hermes,30629,4,2946.087049038366,Di-Mi-Do-Sa
2,0.9,0.09999999999999998,Hermes,30655,5,3249.6840716383485,Mo-Di-Mi-Do-Fr
2,0.9,0.09999999999999998,Hermes,30657,6,3111.094528158594,Mo-Di-Mi-Do-Fr-Sa
2,0.9,0.09999999999999998,Hermes,30659,6,3309.038695730729,Mo-Di-Mi-Do-Fr-Sa
2,0.9,0.09999999999999998,Hermes,30823,4,3972.7746291198173,Mo-Mi-Fr-Sa
2,0.9,0.09999999999999998,Hermes,30826,5,4120.848214212213,Mo-Di-Mi-Fr-Sa
2,0.9,0.09999999999999998,Hermes,30827,6,3094.2868268624684,Mo-Di-Mi-Do-Fr-Sa
2,0.9,0.09999999999999998,Hermes,30851,6,2771.6415924617286,Mo-Di-Mi-Do-Fr-Sa
2,0.9,0.09999999999999998,Hermes,30853,6,2517.942276990752,Mo-Di-Mi-Do-Fr-Sa
2,0.9,0.09999999999999998,Hermes,30855,6,8779.652974651703,Mo-Di-Mi-Do-Fr-Sa
2,0.9,0.09999999999999998,Hermes,30880,6,6557.610295895224,Mo-Di-Mi-Do-Fr-Sa
2,0.9,0.09999999999999998,Hermes,30890,4,7641.778274014032,Mo-Di-Mi-Fr
2,0.9,0.09999999999999998,Hermes,30900,3,7144.451128311779,Mo-Mi-Fr
2,0.9,0.09999999999999998,Hermes,30916,5,5616.786113079465,Mo-Di-Mi-Do-Sa
2,0.9,0.09999999999999998,Hermes,30926,5,6002.76488486304,Mo-Di-Mi-Fr-Sa
2,0.9,0.09999999999999998,Hermes,30938,4,5555.838975535558,Mo-Di-Do-Sa
2,0.9,0.09999999999999998,Hermes,30952,4,4760.7025553418325,Mo-Mi-Fr-Sa
2,0.9,0.09999999999999998,Hermes,30966,6,4366.584680259732,Mo-Di-Mi-Do-Fr-Sa
2,0.9,0.09999999999999998,Hermes,30974,5,4271.190186132522,Di-Mi-Do-Fr-Sa
2,0.9,0.09999999999999998,Hermes,30982,5,4361.085592029829,Mo-Di-Mi-Do-Sa
2,0.9,0.09999999999999998,Hermes,30989,3,4052.1986347203965,Mo-Mi-Fr
2,0.9,0.09999999999999998,Hermes,31275,4,8909.763128934626,Di-Mi-Do-Sa
2,0.9,0.09999999999999998,Hermes,31303,4,7061.014446163438,Mo-Di-Do-Sa
2,0.9,0.09999999999999998,Hermes,31311,3,6293.877781779385,Mo-Mi-Fr
2,0.9,0.09999999999999998,Hermes,31319,4,6569.961915854239,Di-Mi-Do-Sa
2,0.9,0.09999999999999998,Hermes,31515,5,8720.191799762602,Mo-Di-Mi-Do-Sa
2,0.9,0.09999999999999998,Hermes,31535,4,10669.319631189966,Mo-Di-Mi-Fr
2,0.9,0.09999999999999998,Hermes,31832,5,8059.910646905164,Mo-Di-Mi-Do-Sa
2,0.9,0.09999999999999998,UPS,30159,4,14184.353853993121,Di-Do-Fr-Sa
2,0.9,0.09999999999999998,UPS,30161,5,5850.850778193495,Mo-Di-Mi-Do-Sa
2,0.9,0.09999999999999998,UPS,30163,5,6175.055841111998,Mo-Di-Mi-Fr-Sa
2,0.9,0.09999999999999998,UPS,30165,5,3596.65467641977,Mo-Mi-Do-Fr-Sa
2,0.9,0.09999999999999998,UPS,30167,4,5611.529834768151,Di-Mi-Do-Sa
2,0.9,0.09999999999999998,UPS,30419,5,3324.96240174126,Mo-Di-Mi-Do-Fr
2,0.9,0.09999999999999998,UPS,30449,4,6427.63240920524,Mo-Di-Do-Sa
2,0.9,0.09999999999999998,UPS,30453,6,3351.1237228460413,Mo-Di-Mi-Do-Fr-Sa
2,0.9,0.09999999999999998,UPS,30455,6,1996.1301130016752,Mo-Di-Mi-Do-Fr-Sa
2,0.9,0.09999999999999998,UPS,30457,6,2082.9256820867663,Mo-Di-Mi-Do-Fr-Sa
2,0.9,0.09999999999999998,UPS,30519,5,4814.983266876216,Di-Mi-Do-Fr-Sa
2,0.9,0.09999999999999998,UPS,30539,5,4286.251432066339,Mo-Mi-Do-Fr-Sa
2,0.9,0.09999999999999998,UPS,30559,4,4620.759321321889,Di-Mi-Do-Sa
2,0.9,0.09999999999999998,UPS,30625,5,4149.650416415087,Mo-Mi-Do-Fr-Sa
2,0.9,0.09999999999999998,UPS,30655,6,2094.0257327831955,Mo-Di-Mi-Do-Fr-Sa
2,0.9,0.09999999999999998,UPS,30657,5,4568.804951934149,Mo-Di-Do-Fr-Sa
2,0.9,0.09999999999999998,UPS,30659,6,3619.59971665554,Mo-Di-Mi-Do-Fr-Sa
2,0.9,0.09999999999999998,UPS,30823,4,2669.1373969998313,Mo-Mi-Fr-Sa
2,0.9,0.09999999999999998,UPS,30826,6,2042.7216152816727,Mo-Di-Mi-Do-Fr-Sa
2,0.9,0.09999999999999998,UPS,30827,5,3194.4004178101686,Mo-Di-Mi-Do-Fr
2,0.9,0.09999999999999998,UPS,30853,4,4372.899761150142,Mo-Di-Mi-Fr
2,0.9,0.09999999999999998,UPS,30855,6,12308.304707064348,Mo-Di-Mi-Do-Fr-Sa
2,0.9,0.09999999999999998,UPS,30880,5,6978.684385518016,Di-Mi-Do-Fr-Sa
2,0.9,0.09999999999999998,UPS,30890,4,4550.496091597775,Mo-Mi-Do-Fr
2,0.9,0.09999999999999998,UPS,30900,4,4881.490249841133,Mo-Di-Do-Fr
2,0.9,0.09999999999999998,UPS,30916,5,5877.372395187699,Mo-Mi-Do-Fr-Sa
2,0.9,0.09999999999999998,UPS,30926,4,3828.037751725347,Di-Mi-Do-Sa
2,0.9,0.09999999999999998,UPS,30938,5,5897.599390246971,Mo-Di-Do-Fr-Sa
2,0.9,0.09999999999999998,UPS,30952,4,3374.109503808029,Mo-Mi-Fr-Sa
2,0.9,0.09999999999999998,UPS,30966,4,3273.9587376093727,Mo-Mi-Do-Sa
2,0.9,0.09999999999999998,UPS,30974,3,2827.3360401755813,Mo-Mi-Fr
2,0.9,0.09999999999999998,UPS,30982,3,2976.675323698787,Di-Do-Sa
2,0.9,0.09999999999999998,UPS,30989,5,3065.664394855433,Mo-Di-Mi-Fr-Sa
2,0.9,0.09999999999999998,UPS,31275,4,6410.753975852561,Di-Mi-Do-Sa
2,0.9,0.09999999999999998,UPS,31303,3,4458.376008102072,Mo-Mi-Fr
2,0.9,0.09999999999999998,UPS,31311,3,4180.698499753052,Di-Do-Sa
2,0.9,0.09999999999999998,UPS,31319,4,3401.676034047227,Mo-Di-Do-Sa
2,0.9,0.09999999999999998,UPS,31515,6,6735.40640345356,Mo-Di-Mi-Do-Fr-Sa
2,0.9,0.09999999999999998,UPS,31535,4,7513.575596261624,Mo-Mi-Do-Sa
2,0.9,0.09999999999999998,UPS,31832,6,5105.054625543156,Mo-Di-Mi-Do-Fr-Sa
2,1.0,0.0,Amazon,30159,6,11687.758591886499,Mo-Di-Mi-Do-Fr-Sa
2,1.0,0.0,Amazon,30161,6,6198.076199381901,Mo-Di-Mi-Do-Fr-Sa
2,1.0,0.0,Amazon,30163,6,5887.274416922319,Mo-Di-Mi-Do-Fr-Sa
2,1.0,0.0,Amazon,30165,6,4696.3632925800775,Mo-Di-Mi-Do-Fr-Sa
2,1.0,0.0,Amazon,30167,6,7124.980941103149,Mo-Di-Mi-Do-Fr-Sa
2,1.0,0.0,Amazon,30173,6,5184.403263125373,Mo-Di-Mi-Do-Fr-Sa
2,1.0,0.0,Amazon,30177,6,4295.3755099319715,Mo-Di-Mi-Do-Fr-Sa
2,1.0,0.0,Amazon,30179,6,4357.442561887894,Mo-Di-Mi-Do-Fr-Sa
2,1.0,0.0,Amazon,30419,6,8685.332684443236,Mo-Di-Mi-Do-Fr-Sa
2,1.0,0.0,Amazon,30449,6,6930.958642387422,Mo-Di-Mi-Do-Fr-Sa
2,1.0,0.0,Amazon,30453,6,4953.369950665476,Mo-Di-Mi-Do-Fr-Sa
2,1.0,0.0,Amazon,30455,6,4733.969914501729,Mo-Di-Mi-Do-Fr-Sa
2,1.0,0.0,Amazon,30457,6,4861.272760888753,Mo-Di-Mi-Do-Fr-Sa
2,1.0,0.0,Amazon,30459,6,4721.113690320388,Mo-Di-Mi-Do-Fr-Sa
2,1.0,0.0,Amazon,30519,6,7989.408733574742,Mo-Di-Mi-Do-Fr-Sa
2,1.0,0.0,Amazon,30539,6,5232.56483537078,Mo-Di-Mi-Do-Fr-Sa
2,1.0,0.0,Amazon,30559,6,7936.80103693811,Mo-Di-Mi-Do-Fr-Sa
2,1.0,0.0,Amazon,30625,6,4833.5787808117675,Mo-Di-Mi-Do-Fr-Sa
2,1.0,0.0,Amazon,30627,6,3579.2895236259706,Mo-Di-Mi-Do-Fr-Sa
2,1.0,0.0,Amazon,30629,6,4483.669440977608,Mo-Di-Mi-Do-Fr-Sa
2,1.0,0.0,Amazon,30655,6,5134.034576870573,Mo-Di-Mi-Do-Fr-Sa
2,1.0,0.0,Amazon,30657,6,5211.641795669652,Mo-Di-Mi-Do-Fr-Sa
2,1.0,0.0,Amazon,30659,6,4808.930135185106,Mo-Di-Mi-Do-Fr-Sa
2,1.0,0.0,Amazon,30823,6,5492.8333908221575,Mo-Di-Mi-Do-Fr-Sa
2,1.0,0.0,Amazon,30826,6,5309.400426435489,Mo-Di-Mi-Do-Fr-Sa
2,1.0,0.0,Amazon,30827,6,4406.282253025094,Mo-Di-Mi-Do-Fr-Sa
2,1.0,0.0,Amazon,30851,6,4461.2266132019995,Mo-Di-Mi-Do-Fr-Sa
2,1.0,0.0,Amazon,30853,6,4295.473522234693,Mo-Di-Mi-Do-Fr-Sa
2,1.0,0.0,Amazon,30855,6,16425.713131956443,Mo-Di-Mi-Do-Fr-Sa
2,1.0,0.0,Amazon,30880,6,10836.49486333059,Mo-Di-Mi-Do-Fr-Sa
2,1.0,0.0,Amazon,30890,6,9949.99293278101,Mo-Di-Mi-Do-Fr-Sa
2,1.0,0.0,Amazon,30900,6,11733.296749095527,Mo-Di-Mi-Do-Fr-Sa
2,1.0,0.0,Amazon,30916,6,9943.63733060065,Mo-Di-Mi-Do-Fr-Sa
2,1.0,0.0,Amazon,30926,6,8780.42111083368,Mo-Di-Mi-Do-Fr-Sa
2,1.0,0.0,Amazon,30938,6,8932.3523870359,Mo-Di-Mi-Do-Fr-Sa
2,1.0,0.0,Amazon,30952,6,6792.522249966714,Mo-Di-Mi-Do-Fr-Sa
2,1.0,0.0,Amazon,30966,6,6753.487289755222,Mo-Di-Mi-Do-Fr-Sa
2,1.0,0.0,Amazon,30974,6,5185.498167842292,Mo-Di-Mi-Do-Fr-Sa
2,1.0,0.0,Amazon,30982,6,5545.048582884666,Mo-Di-Mi-Do-Fr-Sa
2,1.0,0.0,Amazon,30989,6,5239.8327189564525,Mo-Di-Mi-Do-Fr-Sa
2,1.0,0.0,Amazon,31275,5,14010.89078534918,Mo-Di-Mi-Do-Fr
2,1.0,0.0,Amazon,31303,5,10288.396848109489,Mo-Di-Mi-Do-Sa
2,1.0,0.0,Amazon,31311,4,8620.000650494412,Di-Mi-Fr-Sa
2,1.0,0.0,Amazon,31319,6,9006.598190484336,Mo-Di-Mi-Do-Fr-Sa
2,1.0,0.0,Amazon,31515,6,12109.355310297444,Mo-Di-Mi-Do-Fr-Sa
2,1.0,0.0,Amazon,31535,4,14598.10783801541,Mo-Mi-Fr-Sa
2,1.0,0.0,Amazon,31832,5,10608.670762463998,Mo-Di-Mi-Do-Sa
2,1.0,0.0,DHL,30159,6,21425.132453693925,Mo-Di-Mi-Do-Fr-Sa
2,1.0,0.0,DHL,30161,6,10896.842490106472,Mo-Di-Mi-Do-Fr-Sa
2,1.0,0.0,DHL,30163,6,9949.803363797471,Mo-Di-Mi-Do-Fr-Sa
2,1.0,0.0,DHL,30165,6,8802.876567972335,Mo-Di-Mi-Do-Fr-Sa
2,1.0,0.0,DHL,30167,6,13153.912834635783,Mo-Di-Mi-Do-Fr-Sa
2,1.0,0.0,DHL,30169,6,5443.510365830029,Mo-Di-Mi-Do-Fr-Sa
2,1.0,0.0,DHL,30173,6,9027.275959686367,Mo-Di-Mi-Do-Fr-Sa
2,1.0,0.0,DHL,30177,6,6801.611388745387,Mo-Di-Mi-Do-Fr-Sa
2,1.0,0.0,DHL,30179,6,7025.737693154014,Mo-Di-Mi-Do-Fr-Sa
2,1.0,0.0,DHL,30419,6,15488.762582133773,Mo-Di-Mi-Do-Fr-Sa
2,1.0,0.0,DHL,30449,6,7469.2241491514915,Mo-Di-Mi-Do-Fr-Sa
2,1.0,0.0,DHL,30453,6,8951.952033907073,Mo-Di-Mi-Do-Fr-Sa
2,1.0,0.0,DHL,30455,6,7533.4371442876145,Mo-Di-Mi-Do-Fr-Sa
2,1.0,0.0,DHL,30457,6,7270.894456096109,Mo-Di-Mi-Do-Fr-Sa
2,1.0,0.0,DHL,30459,6,6651.002162382179,Mo-Di-Mi-Do-Fr-Sa
2,1.0,0.0,DHL,30519,6,13272.168787294228,Mo-Di-Mi-Do-Fr-Sa
2,1.0,0.0,DHL,30539,6,9349.501232628127,Mo-Di-Mi-Do-Fr-Sa
2,1.0,0.0,DHL,30559,6,12373.65925832722,Mo-Di-Mi-Do-Fr-Sa
2,1.0,0.0,DHL,30625,6,8096.802842174482,Mo-Di-Mi-Do-Fr-Sa
2,1.0,0.0,DHL,30627,6,5606.363090833329,Mo-Di-Mi-Do-Fr-Sa
2,1.0,0.0,DHL,30629,6,6766.974846046077,Mo-Di-Mi-Do-Fr-Sa
2,1.0,0.0,DHL,30655,6,8869.786833512764,Mo-Di-Mi-Do-Fr-Sa
2,1.0,0.0,DHL,30657,6,9992.167827012736,Mo-Di-Mi-Do-Fr-Sa
2,1.0,0.0,DHL,30659,6,7898.329610710899,Mo-Di-Mi-Do-Fr-Sa
2,1.0,0.0,DHL,30823,6,10208.877886178407,Mo-Di-Mi-Do-Fr-Sa
2,1.0,0.0,DHL,30826,6,9412.56972551855,Mo-Di-Mi-Do-Fr-Sa
2,1.0,0.0,DHL,30827,6,8625.617953447312,Mo-Di-Mi-Do-Fr-Sa
2,1.0,0.0,DHL,30851,6,7140.564548697186,Mo-Di-Mi-Do-Fr-Sa
2,1.0,0.0,DHL,30853,6,7954.150022203881,Mo-Di-Mi-Do-Fr-Sa
2,1.0,0.0,DHL,30855,6,32552.34432866005,Mo-Di-Mi-Do-Fr-Sa
2,1.0,0.0,DHL,30880,6,18007.36898635567,Mo-Di-Mi-Do-Fr-Sa
2,1.0,0.0,DHL,30890,6,15947.754646399117,Mo-Di-Mi-Do-Fr-Sa
2,1.0,0.0,DHL,30900,6,18229.388928763692,Mo-Di-Mi-Do-Fr-Sa
2,1.0,0.0,DHL,30916,6,17734.269551035948,Mo-Di-Mi-Do-Fr-Sa
2,1.0,0.0,DHL,30926,6,14434.82758928225,Mo-Di-Mi-Do-Fr-Sa
2,1.0,0.0,DHL,30938,6,14554.779241554967,Mo-Di-Mi-Do-Fr-Sa
2,1.0,0.0,DHL,30952,6,11365.430112451975,Mo-Di-Mi-Do-Fr-Sa
2,1.0,0.0,DHL,30966,6,10624.352717702506,Mo-Di-Mi-Do-Fr-Sa
2,1.0,0.0,DHL,30974,6,7703.025014293544,Mo-Di-Mi-Do-Fr-Sa
2,1.0,0.0,DHL,30982,6,8234.46117714012,Mo-Di-Mi-Do-Fr-Sa
2,1.0,0.0,DHL,30989,6,8649.900505408892,Mo-Di-Mi-Do-Fr-Sa
2,1.0,0.0,DHL,31275,6,20741.197757085225,Mo-Di-Mi-Do-Fr-Sa
2,1.0,0.0,DHL,31303,6,13739.115623819012,Mo-Di-Mi-Do-Fr-Sa
2,1.0,0.0,DHL,31311,6,10648.959166588764,Mo-Di-Mi-Do-Fr-Sa
2,1.0,0.0,DHL,31319,6,12210.553941257438,Mo-Di-Mi-Do-Fr-Sa
2,1.0,0.0,DHL,31515,6,20814.204304395767,Mo-Di-Mi-Do-Fr-Sa
2,1.0,0.0,DHL,31535,6,21637.256139647427,Mo-Di-Mi-Do-Fr-Sa
2,1.0,0.0,DHL,31832,6,14443.460212265947,Mo-Di-Mi-Do-Fr-Sa
2,1.0,0.0,DPD,30159,6,6745.43642982665,Mo-Di-Mi-Do-Fr-Sa
2,1.0,0.0,DPD,30161,6,3572.3066172774998,Mo-Di-Mi-Do-Fr-Sa
2,1.0,0.0,DPD,30163,6,3334.016654677259,Mo-Di-Mi-Do-Fr-Sa
2,1.0,0.0,DPD,30165,6,3220.920457383544,Mo-Di-Mi-Do-Fr-Sa
2,1.0,0.0,DPD,30167,6,4575.293145375498,Mo-Di-Mi-Do-Fr-Sa
2,1.0,0.0,DPD,30173,6,3028.2905288174024,Mo-Di-Mi-Do-Fr-Sa
2,1.0,0.0,DPD,30177,6,2209.9404705919,Mo-Di-Mi-Do-Fr-Sa
2,1.0,0.0,DPD,30179,6,2456.3548464568607,Mo-Di-Mi-Do-Fr-Sa
2,1.0,0.0,DPD,30419,6,5265.1161318874765,Mo-Di-Mi-Do-Fr-Sa
2,1.0,0.0,DPD,30449,6,4228.42693330016,Mo-Di-Mi-Do-Fr-Sa
2,1.0,0.0,DPD,30453,6,3642.2344276936155,Mo-Di-Mi-Do-Fr-Sa
2,1.0,0.0,DPD,30455,6,3096.4884420991384,Mo-Di-Mi-Do-Fr-Sa
2,1.0,0.0,DPD,30457,6,3033.5474025044095,Mo-Di-Mi-Do-Fr-Sa
2,1.0,0.0,DPD,30459,6,2600.91439635438,Mo-Di-Mi-Do-Fr-Sa
2,1.0,0.0,DPD,30519,6,4320.607386569162,Mo-Di-Mi-Do-Fr-Sa
2,1.0,0.0,DPD,30539,6,3413.7063659864443,Mo-Di-Mi-Do-Fr-Sa
2,1.0,0.0,DPD,30559,6,3962.3984605122114,Mo-Di-Mi-Do-Fr-Sa
2,1.0,0.0,DPD,30625,6,2850.320934681696,Mo-Di-Mi-Do-Fr-Sa
2,1.0,0.0,DPD,30627,6,1702.8075328692416,Mo-Di-Mi-Do-Fr-Sa
2,1.0,0.0,DPD,30629,6,2022.2450338148715,Mo-Di-Mi-Do-Fr-Sa
2,1.0,0.0,DPD,30655,5,2960.589320727441,Mo-Di-Mi-Do-Sa
2,1.0,0.0,DPD,30657,6,3491.1799180397643,Mo-Di-Mi-Do-Fr-Sa
2,1.0,0.0,DPD,30659,6,2618.465789423123,Mo-Di-Mi-Do-Fr-Sa
2,1.0,0.0,DPD,30823,6,3865.0840833133775,Mo-Di-Mi-Do-Fr-Sa
2,1.0,0.0,DPD,30826,6,4450.281781439314,Mo-Di-Mi-Do-Fr-Sa
2,1.0,0.0,DPD,30827,6,3608.8593533036596,Mo-Di-Mi-Do-Fr-Sa
2,1.0,0.0,DPD,30851,6,2478.115916251141,Mo-Di-Mi-Do-Fr-Sa
2,1.0,0.0,DPD,30853,6,3139.9824024159293,Mo-Di-Mi-Do-Fr-Sa
2,1.0,0.0,DPD,30855,6,9902.157549572998,Mo-Di-Mi-Do-Fr-Sa
2,1.0,0.0,DPD,30880,6,5724.1369426636065,Mo-Di-Mi-Do-Fr-Sa
2,1.0,0.0,DPD,30890,6,7366.859287260241,Mo-Di-Mi-Do-Fr-Sa
2,1.0,0.0,DPD,30900,4,7899.609064520174,Di-Do-Fr-Sa
2,1.0,0.0,DPD,30916,6,5461.8560724360295,Mo-Di-Mi-Do-Fr-Sa
2,1.0,0.0,DPD,30926,3,6554.51545291052,Mo-Mi-Fr
2,1.0,0.0,DPD,30938,5,5371.28037110731,Mo-Di-Mi-Fr-Sa
2,1.0,0.0,DPD,30952,4,4554.6105316618805,Di-Mi-Do-Sa
2,1.0,0.0,DPD,30966,6,4113.820061245529,Mo-Di-Mi-Do-Fr-Sa
2,1.0,0.0,DPD,30974,5,3895.4219168332243,Mo-Di-Mi-Do-Fr
2,1.0,0.0,DPD,30982,4,3827.1823004014373,Mo-Di-Mi-Fr
2,1.0,0.0,DPD,30989,6,3946.0731716166256,Mo-Di-Mi-Do-Fr-Sa
2,1.0,0.0,DPD,31275,6,6769.754123240408,Mo-Di-Mi-Do-Fr-Sa
2,1.0,0.0,DPD,31303,5,5381.7346655244955,Mo-Mi-Do-Fr-Sa
2,1.0,0.0,DPD,31311,6,5057.5443785598,Mo-Di-Mi-Do-Fr-Sa
2,1.0,0.0,DPD,31319,6,4322.920564726374,Mo-Di-Mi-Do-Fr-Sa
2,1.0,0.0,DPD,31515,4,8510.64308573366,Mo-Mi-Do-Fr
2,1.0,0.0,DPD,31535,4,10445.230487214772,Mo-Mi-Do-Sa
2,1.0,0.0,DPD,31832,6,6946.620478408022,Mo-Di-Mi-Do-Fr-Sa
2,1.0,0.0,FedEx,30159,6,12718.231786828019,Mo-Di-Mi-Do-Fr-Sa
2,1.0,0.0,FedEx,30161,6,5117.62082484508,Mo-Di-Mi-Do-Fr-Sa
2,1.0,0.0,FedEx,30163,6,7975.018302233126,Mo-Di-Mi-Do-Fr-Sa
2,1.0,0.0,FedEx,30167,6,5034.453120713282,Mo-Di-Mi-Do-Fr-Sa
2,1.0,0.0,FedEx,30419,6,3180.1259661691156,Mo-Di-Mi-Do-Fr-Sa
2,1.0,0.0,FedEx,30449,6,5070.480072832069,Mo-Di-Mi-Do-Fr-Sa
2,1.0,0.0,FedEx,30453,6,3293.4750889307907,Mo-Di-Mi-Do-Fr-Sa
2,1.0,0.0,FedEx,30455,6,1946.7438791667537,Mo-Di-Mi-Do-Fr-Sa
2,1.0,0.0,FedEx,30457,6,2044.72202905335,Mo-Di-Mi-Do-Fr-Sa
2,1.0,0.0,FedEx,30519,6,4212.967113206203,Mo-Di-Mi-Do-Fr-Sa
2,1.0,0.0,FedEx,30539,6,4152.305372826759,Mo-Di-Mi-Do-Fr-Sa
2,1.0,0.0,FedEx,30559,4,5276.379358775706,Mo-Di-Do-Fr
2,1.0,0.0,FedEx,30625,6,3793.496546922467,Mo-Di-Mi-Do-Fr-Sa
2,1.0,0.0,FedEx,30655,6,3433.7185775447538,Mo-Di-Mi-Do-Fr-Sa
2,1.0,0.0,FedEx,30657,6,4470.593996761694,Mo-Di-Mi-Do-Fr-Sa
2,1.0,0.0,FedEx,30823,6,1961.9849632795315,Mo-Di-Mi-Do-Fr-Sa
2,1.0,0.0,FedEx,30827,6,4096.161855811475,Mo-Di-Mi-Do-Fr-Sa
2,1.0,0.0,FedEx,30853,6,4453.819539562914,Mo-Di-Mi-Do-Fr-Sa
2,1.0,0.0,FedEx,30855,6,11312.376813579114,Mo-Di-Mi-Do-Fr-Sa
2,1.0,0.0,FedEx,30880,6,5741.552839090982,Mo-Di-Mi-Do-Fr-Sa
2,1.0,0.0,FedEx,30890,4,3997.4207828204903,Mo-Mi-Do-Sa
2,1.0,0.0,FedEx,30900,3,4633.436998439301,Di-Do-Sa
2,1.0,0.0,FedEx,30916,6,5240.3696223713005,Mo-Di-Mi-Do-Fr-Sa
2,1.0,0.0,FedEx,30926,6,3401.7660373946965,Mo-Di-Mi-Do-Fr-Sa
2,1.0,0.0,FedEx,30938,6,5545.461756733482,Mo-Di-Mi-Do-Fr-Sa
2,1.0,0.0,FedEx,30952,4,2764.2730851321617,Mo-Di-Do-Fr
2,1.0,0.0,FedEx,30966,4,2487.348104837279,Mo-Mi-Do-Sa
2,1.0,0.0,FedEx,30974,3,2389.98736404369,Di-Do-Sa
2,1.0,0.0,FedEx,30982,6,2379.2604748942445,Mo-Di-Mi-Do-Fr-Sa
2,1.0,0.0,FedEx,30989,6,2431.4853535221046,Mo-Di-Mi-Do-Fr-Sa
2,1.0,0.0,FedEx,31275,6,5124.1511973038305,Mo-Di-Mi-Do-Fr-Sa
2,1.0,0.0,FedEx,31303,5,4118.7087326379615,Di-Mi-Do-Fr-Sa
2,1.0,0.0,FedEx,31311,6,2818.577694291381,Mo-Di-Mi-Do-Fr-Sa
2,1.0,0.0,FedEx,31319,6,2899.0915841222704,Mo-Di-Mi-Do-Fr-Sa
2,1.0,0.0,FedEx,31515,6,5042.452261301043,Mo-Di-Mi-Do-Fr-Sa
2,1.0,0.0,FedEx,31535,6,6096.402065541078,Mo-Di-Mi-Do-Fr-Sa
2,1.0,0.0,FedEx,31832,5,4577.646199491643,Mo-Di-Mi-Do-Fr
2,1.0,0.0,GLS,30159,5,4640.8279168043755,Mo-Di-Mi-Do-Sa
2,1.0,0.0,GLS,30161,6,2986.081313787293,Mo-Di-Mi-Do-Fr-Sa
2,1.0,0.0,GLS,30163,6,4573.00549257944,Mo-Di-Mi-Do-Fr-Sa
2,1.0,0.0,GLS,30165,6,2405.2247120162715,Mo-Di-Mi-Do-Fr-Sa
2,1.0,0.0,GLS,30167,6,3599.9610348639785,Mo-Di-Mi-Do-Fr-Sa
2,1.0,0.0,GLS,30173,6,2467.3206708480106,Mo-Di-Mi-Do-Fr-Sa
2,1.0,0.0,GLS,30179,6,2030.2594095239801,Mo-Di-Mi-Do-Fr-Sa
2,1.0,0.0,GLS,30419,6,4965.41823609136,Mo-Di-Mi-Do-Fr-Sa
2,1.0,0.0,GLS,30449,4,3618.961130051368,Mo-Mi-Fr-Sa
2,1.0,0.0,GLS,30453,6,3220.8486215837556,Mo-Di-Mi-Do-Fr-Sa
2,1.0,0.0,GLS,30455,6,2710.1642671316163,Mo-Di-Mi-Do-Fr-Sa
2,1.0,0.0,GLS,30457,6,2439.5045011125458,Mo-Di-Mi-Do-Fr-Sa
2,1.0,0.0,GLS,30459,6,1876.236727895414,Mo-Di-Mi-Do-Fr-Sa
2,1.0,0.0,GLS,30519,6,3552.9135868219814,Mo-Di-Mi-Do-Fr-Sa
2,1.0,0.0,GLS,30539,6,2447.219634346096,Mo-Di-Mi-Do-Fr-Sa
2,1.0,0.0,GLS,30559,6,3755.0680366461006,Mo-Di-Mi-Do-Fr-Sa
2,1.0,0.0,GLS,30625,6,2210.8683733501316,Mo-Di-Mi-Do-Fr-Sa
2,1.0,0.0,GLS,30627,6,1794.681684046207,Mo-Di-Mi-Do-Fr-Sa
2,1.0,0.0,GLS,30629,6,2094.2697610443015,Mo-Di-Mi-Do-Fr-Sa
2,1.0,0.0,GLS,30655,6,3084.925174317692,Mo-Di-Mi-Do-Fr-Sa
2,1.0,0.0,GLS,30657,6,2844.2755580556222,Mo-Di-Mi-Do-Fr-Sa
2,1.0,0.0,GLS,30659,6,2165.5626302364476,Mo-Di-Mi-Do-Fr-Sa
2,1.0,0.0,GLS,30823,6,3924.3738476586004,Mo-Di-Mi-Do-Fr-Sa
2,1.0,0.0,GLS,30826,4,4445.571446682054,Di-Mi-Do-Sa
2,1.0,0.0,GLS,30827,6,3074.664687517894,Mo-Di-Mi-Do-Fr-Sa
2,1.0,0.0,GLS,30851,6,2097.4205946859483,Mo-Di-Mi-Do-Fr-Sa
2,1.0,0.0,GLS,30853,6,2190.0844891648285,Mo-Di-Mi-Do-Fr-Sa
2,1.0,0.0,GLS,30855,6,7965.715090235543,Mo-Di-Mi-Do-Fr-Sa
2,1.0,0.0,GLS,30880,6,4410.166219280911,Mo-Di-Mi-Do-Fr-Sa
2,1.0,0.0,GLS,30890,5,6968.202688918755,Mo-Mi-Do-Fr-Sa
2,1.0,0.0,GLS,30900,6,7362.540240615051,Mo-Di-Mi-Do-Fr-Sa
2,1.0,0.0,GLS,30916,6,4763.202136413941,Mo-Di-Mi-Do-Fr-Sa
2,1.0,0.0,GLS,30926,4,5229.52631366804,Di-Mi-Fr-Sa
2,1.0,0.0,GLS,30938,4,5966.028196683037,Di-Mi-Fr-Sa
2,1.0,0.0,GLS,30952,6,4042.14874679477,Mo-Di-Mi-Do-Fr-Sa
2,1.0,0.0,GLS,30966,6,3507.0096481155524,Mo-Di-Mi-Do-Fr-Sa
2,1.0,0.0,GLS,30974,6,2912.392838204481,Mo-Di-Mi-Do-Fr-Sa
2,1.0,0.0,GLS,30982,6,2738.200143049824,Mo-Di-Mi-Do-Fr-Sa
2,1.0,0.0,GLS,30989,6,2798.376100761728,Mo-Di-Mi-Do-Fr-Sa
2,1.0,0.0,GLS,31275,3,6976.065105573762,Mo-Mi-Fr
2,1.0,0.0,GLS,31303,5,5969.278105946598,Mo-Di-Do-Fr-Sa
2,1.0,0.0,GLS,31311,6,4948.797517087573,Mo-Di-Mi-Do-Fr-Sa
2,1.0,0.0,GLS,31319,6,4180.379543747179,Mo-Di-Mi-Do-Fr-Sa
2,1.0,0.0,GLS,31515,6,8256.921895152971,Mo-Di-Mi-Do-Fr-Sa
2,1.0,0.0,GLS,31535,5,10498.751465942552,Mo-Mi-Do-Fr-Sa
2,1.0,0.0,GLS,31832,6,5063.723709467103,Mo-Di-Mi-Do-Fr-Sa
2,1.0,0.0,Hermes,30159,6,5733.224620250021,Mo-Di-Mi-Do-Fr-Sa
2,1.0,0.0,Hermes,30161,6,3199.481172195214,Mo-Di-Mi-Do-Fr-Sa
2,1.0,0.0,Hermes,30163,6,3149.747408424128,Mo-Di-Mi-Do-Fr-Sa
2,1.0,0.0,Hermes,30165,6,3068.6506500487,Mo-Di-Mi-Do-Fr-Sa
2,1.0,0.0,Hermes,30167,6,4191.407588044548,Mo-Di-Mi-Do-Fr-Sa
2,1.0,0.0,Hermes,30173,6,3381.0704854709033,Mo-Di-Mi-Do-Fr-Sa
2,1.0,0.0,Hermes,30177,6,2890.100281124943,Mo-Di-Mi-Do-Fr-Sa
2,1.0,0.0,Hermes,30179,6,2910.160615852085,Mo-Di-Mi-Do-Fr-Sa
2,1.0,0.0,Hermes,30419,6,5349.858727332469,Mo-Di-Mi-Do-Fr-Sa
2,1.0,0.0,Hermes,30449,6,4242.570999862953,Mo-Di-Mi-Do-Fr-Sa
2,1.0,0.0,Hermes,30453,6,3492.5973865174465,Mo-Di-Mi-Do-Fr-Sa
2,1.0,0.0,Hermes,30455,6,3483.007050591635,Mo-Di-Mi-Do-Fr-Sa
2,1.0,0.0,Hermes,30457,6,3569.233546071827,Mo-Di-Mi-Do-Fr-Sa
2,1.0,0.0,Hermes,30459,6,3465.6139132677736,Mo-Di-Mi-Do-Fr-Sa
2,1.0,0.0,Hermes,30519,6,5059.54869015822,Mo-Di-Mi-Do-Fr-Sa
2,1.0,0.0,Hermes,30539,6,3645.27178816927,Mo-Di-Mi-Do-Fr-Sa
2,1.0,0.0,Hermes,30559,6,5354.545180144074,Mo-Di-Mi-Do-Fr-Sa
2,1.0,0.0,Hermes,30625,6,3273.024738869934,Mo-Di-Mi-Do-Fr-Sa
2,1.0,0.0,Hermes,30627,6,1800.235438802243,Mo-Di-Mi-Do-Fr-Sa
2,1.0,0.0,Hermes,30629,6,3350.386872776183,Mo-Di-Mi-Do-Fr-Sa
2,1.0,0.0,Hermes,30655,6,3431.0171455734962,Mo-Di-Mi-Do-Fr-Sa
2,1.0,0.0,Hermes,30657,6,3111.094528158594,Mo-Di-Mi-Do-Fr-Sa
2,1.0,0.0,Hermes,30659,6,3309.038695730729,Mo-Di-Mi-Do-Fr-Sa
2,1.0,0.0,Hermes,30823,6,3990.3024874652046,Mo-Di-Mi-Do-Fr-Sa
2,1.0,0.0,Hermes,30826,6,4128.411311124519,Mo-Di-Mi-Do-Fr-Sa
2,1.0,0.0,Hermes,30827,6,3094.2868268624684,Mo-Di-Mi-Do-Fr-Sa
2,1.0,0.0,Hermes,30851,6,2771.6415924617286,Mo-Di-Mi-Do-Fr-Sa
2,1.0,0.0,Hermes,30853,6,2517.942276990752,Mo-Di-Mi-Do-Fr-Sa
2,1.0,0.0,Hermes,30855,6,8779.652974651703,Mo-Di-Mi-Do-Fr-Sa
2,1.0,0.0,Hermes,30880,6,6557.610295895224,Mo-Di-Mi-Do-Fr-Sa
2,1.0,0.0,Hermes,30890,5,7807.693723161603,Mo-Di-Do-Fr-Sa
2,1.0,0.0,Hermes,30900,4,7214.049710811739,Mo-Di-Do-Fr
2,1.0,0.0,Hermes,30916,6,5828.192709584215,Mo-Di-Mi-Do-Fr-Sa
2,1.0,0.0,Hermes,30926,6,6011.173799751178,Mo-Di-Mi-Do-Fr-Sa
2,1.0,0.0,Hermes,30938,6,5828.804691204429,Mo-Di-Mi-Do-Fr-Sa
2,1.0,0.0,Hermes,30952,6,4970.456535421607,Mo-Di-Mi-Do-Fr-Sa
2,1.0,0.0,Hermes,30966,6,4366.584680259732,Mo-Di-Mi-Do-Fr-Sa
2,1.0,0.0,Hermes,30974,6,4410.144825608362,Mo-Di-Mi-Do-Fr-Sa
2,1.0,0.0,Hermes,30982,5,4426.570179382065,Mo-Di-Mi-Do-Fr
2,1.0,0.0,Hermes,30989,6,4157.952995024617,Mo-Di-Mi-Do-Fr-Sa
2,1.0,0.0,Hermes,31275,5,9026.585001073234,Mo-Di-Mi-Fr-Sa
2,1.0,0.0,Hermes,31303,5,7244.516593932618,Mo-Di-Do-Fr-Sa
2,1.0,0.0,Hermes,31311,4,6890.503183739214,Di-Mi-Do-Sa
2,1.0,0.0,Hermes,31319,6,7188.758708235467,Mo-Di-Mi-Do-Fr-Sa
2,1.0,0.0,Hermes,31515,5,8764.884170021822,Mo-Di-Do-Fr-Sa
2,1.0,0.0,Hermes,31535,3,10757.266852596395,Mo-Mi-Fr
2,1.0,0.0,Hermes,31832,3,8382.154012315681,Mo-Mi-Fr
2,1.0,0.0,UPS,30159,6,14317.480235229965,Mo-Di-Mi-Do-Fr-Sa
2,1.0,0.0,UPS,30161,6,5890.635111592997,Mo-Di-Mi-Do-Fr-Sa
2,1.0,0.0,UPS,30163,6,6349.944745490952,Mo-Di-Mi-Do-Fr-Sa
2,1.0,0.0,UPS,30165,6,3734.612092283068,Mo-Di-Mi-Do-Fr-Sa
2,1.0,0.0,UPS,30167,6,5814.4595762356885,Mo-Di-Mi-Do-Fr-Sa
2,1.0,0.0,UPS,30419,6,3394.8772470909635,Mo-Di-Mi-Do-Fr-Sa
2,1.0,0.0,UPS,30449,3,6674.182899507537,Di-Do-Sa
2,1.0,0.0,UPS,30453,6,3351.1237228460413,Mo-Di-Mi-Do-Fr-Sa
2,1.0,0.0,UPS,30455,6,1996.1301130016752,Mo-Di-Mi-Do-Fr-Sa
2,1.0,0.0,UPS,30457,6,2082.9256820867663,Mo-Di-Mi-Do-Fr-Sa
2,1.0,0.0,UPS,30519,6,4973.9315352734,Mo-Di-Mi-Do-Fr-Sa
2,1.0,0.0,UPS,30539,6,4485.850061676111,Mo-Di-Mi-Do-Fr-Sa
2,1.0,0.0,UPS,30559,6,4939.1329806155645,Mo-Di-Mi-Do-Fr-Sa
2,1.0,0.0,UPS,30625,6,4339.667231631438,Mo-Di-Mi-Do-Fr-Sa
2,1.0,0.0,UPS,30655,6,2094.0257327831955,Mo-Di-Mi-Do-Fr-Sa
2,1.0,0.0,UPS,30657,6,4716.19795217861,Mo-Di-Mi-Do-Fr-Sa
2,1.0,0.0,UPS,30659,6,3619.59971665554,Mo-Di-Mi-Do-Fr-Sa
2,1.0,0.0,UPS,30823,5,3047.622098231964,Di-Mi-Do-Fr-Sa
2,1.0,0.0,UPS,30826,6,2042.7216152816727,Mo-Di-Mi-Do-Fr-Sa
2,1.0,0.0,UPS,30827,6,3318.772929682461,Mo-Di-Mi-Do-Fr-Sa
2,1.0,0.0,UPS,30853,6,4528.522142755246,Mo-Di-Mi-Do-Fr-Sa
2,1.0,0.0,UPS,30855,6,12308.304707064348,Mo-Di-Mi-Do-Fr-Sa
2,1.0,0.0,UPS,30880,6,6984.527492927398,Mo-Di-Mi-Do-Fr-Sa
2,1.0,0.0,UPS,30890,6,4599.930410969343,Mo-Di-Mi-Do-Fr-Sa
2,1.0,0.0,UPS,30900,6,5015.522672116011,Mo-Di-Mi-Do-Fr-Sa
2,1.0,0.0,UPS,30916,6,5894.597782277826,Mo-Di-Mi-Do-Fr-Sa
2,1.0,0.0,UPS,30926,4,3978.53589043266,Mo-Di-Mi-Fr
2,1.0,0.0,UPS,30938,6,5900.509623828604,Mo-Di-Mi-Do-Fr-Sa
2,1.0,0.0,UPS,30952,6,3623.86551862089,Mo-Di-Mi-Do-Fr-Sa
2,1.0,0.0,UPS,30966,6,3458.283671063921,Mo-Di-Mi-Do-Fr-Sa
2,1.0,0.0,UPS,30974,6,2944.0941408457325,Mo-Di-Mi-Do-Fr-Sa
2,1.0,0.0,UPS,30982,6,3021.3027147961793,Mo-Di-Mi-Do-Fr-Sa
2,1.0,0.0,UPS,30989,6,3076.746244653496,Mo-Di-Mi-Do-Fr-Sa
2,1.0,0.0,UPS,31275,6,6655.257075966285,Mo-Di-Mi-Do-Fr-Sa
2,1.0,0.0,UPS,31303,6,4510.316706152553,Mo-Di-Mi-Do-Fr-Sa
2,1.0,0.0,UPS,31311,5,4371.033929802785,Di-Mi-Do-Fr-Sa
2,1.0,0.0,UPS,31319,3,3620.0013358882434,Mo-Mi-Fr
2,1.0,0.0,UPS,31515,6,6735.40640345356,Mo-Di-Mi-Do-Fr-Sa
2,1.0,0.0,UPS,31535,5,7611.054912924025,Di-Mi-Do-Fr-Sa
2,1.0,0.0,UPS,31832,5,5104.43459217546,Mo-Di-Mi-Do-Sa
3,0.0,1.0,Amazon,30159,2,10189.551058346658,Mo-Do
3,0.0,1.0,Amazon,30161,2,4954.402283946458,Di-Fr
3,0.0,1.0,Amazon,30163,2,4876.742229733862,Mo-Do
3,0.0,1.0,Amazon,30165,2,3958.4916366193074,Mo-Do
3,0.0,1.0,Amazon,30167,2,6052.99133971694,Mo-Do
3,0.0,1.0,Amazon,30173,2,4378.147929297607,Mi-Sa
3,0.0,1.0,Amazon,30177,2,3429.7907370832118,Di-Fr
3,0.0,1.0,Amazon,30179,2,3323.941620459628,Mi-Sa
3,0.0,1.0,Amazon,30419,2,7232.7363797142625,Di-Fr
3,0.0,1.0,Amazon,30449,2,5979.347709621863,Mi-Sa
3,0.0,1.0,Amazon,30453,2,4055.8138543356126,Mo-Do
3,0.0,1.0,Amazon,30455,2,3818.9166338339232,Mo-Do
3,0.0,1.0,Amazon,30457,2,3834.488085265143,Mo-Do
3,0.0,1.0,Amazon,30459,3,3779.1266498407545,Mo-Mi-Fr
3,0.0,1.0,Amazon,30519,2,6526.642475373465,Mi-Sa
3,0.0,1.0,Amazon,30539,2,4594.343349778115,Di-Fr
3,0.0,1.0,Amazon,30559,2,6609.149241633382,Mi-Sa
3,0.0,1.0,Amazon,30625,2,4057.767139273202,Di-Fr
3,0.0,1.0,Amazon,30627,2,2705.916904781932,Di-Fr
3,0.0,1.0,Amazon,30629,2,3624.496623306491,Mo-Do
3,0.0,1.0,Amazon,30655,2,4425.487226945433,Di-Fr
3,0.0,1.0,Amazon,30657,2,4215.773439940317,Mo-Do
3,0.0,1.0,Amazon,30659,2,3750.4545641283507,Mi-Sa
3,0.0,1.0,Amazon,30823,2,4431.810812166606,Mo-Do
3,0.0,1.0,Amazon,30826,2,4171.340329236799,Mi-Sa
3,0.0,1.0,Amazon,30827,2,3737.8089330213006,Di-Fr
3,0.0,1.0,Amazon,30851,2,3439.8920518604973,Mo-Do
3,0.0,1.0,Amazon,30853,2,3485.1668749192704,Mi-Sa
3,0.0,1.0,Amazon,30855,2,13560.451947980033,Mi-Sa
3,0.0,1.0,Amazon,30880,2,9152.461599146074,Mo-Do
3,0.0,1.0,Amazon,30890,2,8123.509660593631,Mi-Sa
3,0.0,1.0,Amazon,30900,2,8610.099534071087,Di-Fr
3,0.0,1.0,Amazon,30916,2,7803.144586624648,Di-Fr
3,0.0,1.0,Amazon,30926,2,6865.5935402860305,Mo-Do
3,0.0,1.0,Amazon,30938,2,6800.626874115151,Mo-Do
3,0.0,1.0,Amazon,30952,2,5608.235287111173,Mi-Sa
3,0.0,1.0,Amazon,30966,2,5299.221854997077,Di-Fr
3,0.0,1.0,Amazon,30974,2,4135.079550057034,Mi-Sa
3,0.0,1.0,Amazon,30982,2,4423.4075629453455,Mi-Sa
3,0.0,1.0,Amazon,30989,3,4127.7904401030255,Mo-Mi-Fr
3,0.0,1.0,Amazon,31275,2,11225.741850290884,Di-Fr
3,0.0,1.0,Amazon,31303,2,7742.092172959564,Mi-Sa
3,0.0,1.0,Amazon,31311,2,5959.821206066891,Mo-Do
3,0.0,1.0,Amazon,31319,2,7146.319890819386,Di-Fr
3,0.0,1.0,Amazon,31515,2,10090.74776801813,Di-Fr
3,0.0,1.0,Amazon,31535,2,11081.665084515254,Mi-Sa
3,0.0,1.0,Amazon,31832,2,7746.276004029038,Di-Fr
3,0.0,1.0,DHL,30159,2,18982.574160190816,Mo-Do
3,0.0,1.0,DHL,30161,2,10252.767485490243,Mi-Sa
3,0.0,1.0,DHL,30163,3,9380.741885329406,Mo-Do-Sa
3,0.0,1.0,DHL,30165,2,7699.789402391958,Mi-Sa
3,0.0,1.0,DHL,30167,2,11948.65809189968,Mi-Sa
3,0.0,1.0,DHL,30169,2,4995.690657377134,Mi-Sa
3,0.0,1.0,DHL,30173,2,8361.724669359279,Mo-Do
3,0.0,1.0,DHL,30177,2,5902.14701649219,Mo-Do
3,0.0,1.0,DHL,30179,2,6099.507201227034,Di-Fr
3,0.0,1.0,DHL,30419,2,14028.748159943138,Mi-Sa
3,0.0,1.0,DHL,30449,3,6930.9268398564445,Mo-Do-Sa
3,0.0,1.0,DHL,30453,2,7588.758193072169,Mo-Do
3,0.0,1.0,DHL,30455,2,6554.122213435244,Mo-Do
3,0.0,1.0,DHL,30457,2,6322.791469069705,Di-Fr
3,0.0,1.0,DHL,30459,2,5930.676773748213,Mo-Do
3,0.0,1.0,DHL,30519,2,11874.663351716106,Mi-Sa
3,0.0,1.0,DHL,30539,2,8049.267144421363,Mi-Sa
3,0.0,1.0,DHL,30559,2,11439.409390476954,Mo-Do
3,0.0,1.0,DHL,30625,2,6953.640341461451,Mo-Do
3,0.0,1.0,DHL,30627,2,4762.532845371547,Mo-Do
3,0.0,1.0,DHL,30629,2,5695.329386668904,Mi-Sa
3,0.0,1.0,DHL,30655,2,7683.806156903683,Mo-Do
3,0.0,1.0,DHL,30657,2,8929.17841818913,Mi-Sa
3,0.0,1.0,DHL,30659,2,6791.119182108149,Di-Fr
3,0.0,1.0,DHL,30823,2,8818.313434158186,Di-Fr
3,0.0,1.0,DHL,30826,2,7625.59972570836,Mi-Sa
3,0.0,1.0,DHL,30827,2,7376.958252482613,Mo-Do
3,0.0,1.0,DHL,30851,2,6484.698425711947,Mi-Sa
3,0.0,1.0,DHL,30853,2,7144.107852565016,Mo-Do
3,0.0,1.0,DHL,30855,2,23289.22539587386,Mo-Do
3,0.0,1.0,DHL,30880,2,15041.732046906298,Mo-Do
3,0.0,1.0,DHL,30890,2,13268.201313234185,Mi-Sa
3,0.0,1.0,DHL,30900,2,14293.465056703482,Mo-Do
3,0.0,1.0,DHL,30916,2,14961.849359855796,Mo-Do
3,0.0,1.0,DHL,30926,2,12251.538772861095,Mo-Do
3,0.0,1.0,DHL,30938,2,12273.608811254482,Mo-Do
3,0.0,1.0,DHL,30952,2,9471.301451550262,Mi-Sa
3,0.0,1.0,DHL,30966,2,9095.238927163158,Di-Fr
3,0.0,1.0,DHL,30974,2,6243.792820258598,Di-Fr
3,0.0,1.0,DHL,30982,2,6489.127286505385,Mi-Sa
3,0.0,1.0,DHL,30989,2,6935.965301137419,Di-Fr
3,0.0,1.0,DHL,31275,2,17577.229095562157,Mo-Do
3,0.0,1.0,DHL,31303,2,11897.204007990022,Mi-Sa
3,0.0,1.0,DHL,31311,2,8555.452031360195,Mo-Do
3,0.0,1.0,DHL,31319,2,10440.481473590786,Mi-Sa
3,0.0,1.0,DHL,31515,2,17934.019438905303,Mo-Do
3,0.0,1.0,DHL,31535,2,18146.166705787844,Di-Fr
3,0.0,1.0,DHL,31832,2,11722.674331304293,Di-Fr
3,0.0,1.0,DPD,30159,2,5547.072236269356,Mo-Do
3,0.0,1.0,DPD,30161,2,2786.4390285339286,Di-Fr
3,0.0,1.0,DPD,30163,2,2541.7550341655506,Mi-Sa
3,0.0,1.0,DPD,30165,2,2302.540308289458,Mo-Do
3,0.0,1.0,DPD,30167,2,3599.393739789716,Di-Fr
3,0.0,1.0,DPD,30173,2,2035.3368114642778,Di-Fr
3,0.0,1.0,DPD,30177,2,1539.453352682566,Di-Fr
3,0.0,1.0,DPD,30179,2,1593.0682109802524,Di-Fr
3,0.0,1.0,DPD,30419,2,3837.8058597161616,Mi-Sa
3,0.0,1.0,DPD,30449,2,3371.4974163420443,Mo-Do
3,0.0,1.0,DPD,30453,2,2332.4296145685494,Di-Fr
3,0.0,1.0,DPD,30455,2,2063.789105947496,Mi-Sa
3,0.0,1.0,DPD,30457,2,2022.4462178170115,Mo-Do
3,0.0,1.0,DPD,30459,2,1720.5912382838605,Di-Fr
3,0.0,1.0,DPD,30519,2,3345.2167017293887,Mi-Sa
3,0.0,1.0,DPD,30539,2,2071.7532790266623,Di-Fr
3,0.0,1.0,DPD,30559,3,2927.5422582636293,Mo-Mi-Fr
3,0.0,1.0,DPD,30625,2,1788.3601353717086,Mo-Do
3,0.0,1.0,DPD,30627,2,1271.6994417958326,Mo-Do
3,0.0,1.0,DPD,30629,2,1516.220426076662,Di-Fr
3,0.0,1.0,DPD,30655,2,1835.1746876853672,Mo-Do
3,0.0,1.0,DPD,30657,2,2372.118069128808,Mo-Do
3,0.0,1.0,DPD,30659,2,1764.627847721949,Mo-Do
3,0.0,1.0,DPD,30823,2,2640.091020554356,Mo-Do
3,0.0,1.0,DPD,30826,2,2566.693715684628,Mi-Sa
3,0.0,1.0,DPD,30827,2,2263.8595124840035,Mo-Do
3,0.0,1.0,DPD,30851,2,1646.041238954891,Mi-Sa
3,0.0,1.0,DPD,30853,2,1888.3213590306989,Mo-Do
3,0.0,1.0,DPD,30855,2,7892.8820228350405,Mi-Sa
3,0.0,1.0,DPD,30880,2,4231.312041999165,Di-Fr
3,0.0,1.0,DPD,30890,2,4649.5741396725425,Mi-Sa
3,0.0,1.0,DPD,30900,2,4618.080802392307,Mo-Do
3,0.0,1.0,DPD,30916,2,3720.535298756279,Di-Fr
3,0.0,1.0,DPD,30926,2,4079.446634373685,Di-Fr
3,0.0,1.0,DPD,30938,2,3483.4395819285055,Mo-Do
3,0.0,1.0,DPD,30952,2,2820.468787474608,Mo-Do
3,0.0,1.0,DPD,30966,2,2655.3108030815583,Mo-Do
3,0.0,1.0,DPD,30974,2,2167.5062746242284,Mi-Sa
3,0.0,1.0,DPD,30982,2,2037.4207148362475,Di-Fr
3,0.0,1.0,DPD,30989,2,2303.5004503123146,Di-Fr
3,0.0,1.0,DPD,31275,2,4302.52053312635,Mo-Do
3,0.0,1.0,DPD,31303,2,3352.072249129545,Mi-Sa
3,0.0,1.0,DPD,31311,2,2819.4924052575093,Mi-Sa
3,0.0,1.0,DPD,31319,2,2953.093001954472,Di-Fr
3,0.0,1.0,DPD,31515,2,5678.549451662757,Mi-Sa
3,0.0,1.0,DPD,31535,2,6298.235796320908,Mo-Do
3,0.0,1.0,DPD,31832,2,4188.429546176323,Di-Fr
3,0.0,1.0,FedEx,30159,2,10680.450520334154,Mi-Sa
3,0.0,1.0,FedEx,30161,2,4202.583419603176,Mi-Sa
3,0.0,1.0,FedEx,30163,2,6641.664946291674,Mi-Sa
3,0.0,1.0,FedEx,30167,2,4200.332492532234,Mi-Sa
3,0.0,1.0,FedEx,30419,3,2216.4222309140678,Di-Do-Sa
3,0.0,1.0,FedEx,30449,2,4483.89674925368,Di-Fr
3,0.0,1.0,FedEx,30453,2,1956.1140746610727,Mo-Do
3,0.0,1.0,FedEx,30455,2,1167.8133470195771,Mo-Do
3,0.0,1.0,FedEx,30457,2,1216.405197096516,Di-Fr
3,0.0,1.0,FedEx,30519,3,3280.679356360798,Mo-Mi-Fr
3,0.0,1.0,FedEx,30539,3,3344.148984638624,Mo-Mi-Do
3,0.0,1.0,FedEx,30559,2,4153.216211810006,Mo-Do
3,0.0,1.0,FedEx,30625,3,2965.8815025386557,Mo-Mi-Fr
3,0.0,1.0,FedEx,30655,3,2922.5377955005847,Mo-Mi-Fr
3,0.0,1.0,FedEx,30657,2,3724.42632047045,Mi-Sa
3,0.0,1.0,FedEx,30823,2,1367.5010348720189,Mo-Do
3,0.0,1.0,FedEx,30827,2,3220.941957378043,Mi-Sa
3,0.0,1.0,FedEx,30853,2,3350.697871272309,Mo-Do
3,0.0,1.0,FedEx,30855,2,9941.545493851518,Mi-Sa
3,0.0,1.0,FedEx,30880,2,4784.794832538237,Mo-Do
3,0.0,1.0,FedEx,30890,2,2035.2130524054344,Mi-Sa
3,0.0,1.0,FedEx,30900,2,2499.1895447246643,Di-Fr
3,0.0,1.0,FedEx,30916,2,4118.59891099034,Mi-Sa
3,0.0,1.0,FedEx,30926,2,1791.5795216697518,Di-Fr
3,0.0,1.0,FedEx,30938,2,4276.797218793575,Di-Fr
3,0.0,1.0,FedEx,30952,2,1632.32428733192,Di-Fr
3,0.0,1.0,FedEx,30966,2,1617.522369836951,Mo-Do
3,0.0,1.0,FedEx,30974,2,1369.8781782286587,Mi-Sa
3,0.0,1.0,FedEx,30982,2,1385.7383231138933,Mo-Do
3,0.0,1.0,FedEx,30989,2,1577.3924600625141,Mo-Do
3,0.0,1.0,FedEx,31275,2,3298.309808114399,Mo-Do
3,0.0,1.0,FedEx,31303,2,2104.8597539584052,Mi-Sa
3,0.0,1.0,FedEx,31311,2,1515.2290932531726,Di-Fr
3,0.0,1.0,FedEx,31319,2,1403.2527330094395,Mo-Do
3,0.0,1.0,FedEx,31515,2,3635.815641505209,Mo-Do
3,0.0,1.0,FedEx,31535,2,3354.467435190928,Mi-Sa
3,0.0,1.0,FedEx,31832,2,2278.3097026322735,Di-Fr
3,0.0,1.0,GLS,30159,2,3999.0263794931866,Di-Fr
3,0.0,1.0,GLS,30161,2,2041.3721688323426,Di-Fr
3,0.0,1.0,GLS,30163,2,3566.800908062258,Mi-Sa
3,0.0,1.0,GLS,30165,2,1838.5836021333457,Mo-Do
3,0.0,1.0,GLS,30167,3,2904.8661721709273,Mo-Mi-Fr
3,0.0,1.0,GLS,30173,2,1748.7161039748707,Di-Fr
3,0.0,1.0,GLS,30179,2,1461.2048462291557,Mo-Do
3,0.0,1.0,GLS,30419,2,3677.3343684758156,Mo-Do
3,0.0,1.0,GLS,30449,2,2365.6698695148716,Di-Fr
3,0.0,1.0,GLS,30453,2,1897.566354277104,Mo-Do
3,0.0,1.0,GLS,30455,2,1735.4678429390192,Mi-Sa
3,0.0,1.0,GLS,30457,2,1601.6033083736502,Di-Fr
3,0.0,1.0,GLS,30459,2,1554.74881305435,Di-Fr
3,0.0,1.0,GLS,30519,2,2592.459793883235,Mo-Do
3,0.0,1.0,GLS,30539,2,1741.8210692540524,Mo-Do
3,0.0,1.0,GLS,30559,2,2513.386056113154,Mo-Do
3,0.0,1.0,GLS,30625,2,1583.0522829043634,Mi-Sa
3,0.0,1.0,GLS,30627,2,1095.0924898637106,Di-Fr
3,0.0,1.0,GLS,30629,2,1443.8244040264187,Mo-Do
3,0.0,1.0,GLS,30655,2,1854.7067699040679,Mo-Do
3,0.0,1.0,GLS,30657,2,1989.0910922359071,Mo-Do
3,0.0,1.0,GLS,30659,2,1653.1944693274877,Mo-Do
3,0.0,1.0,GLS,30823,2,2497.62083596304,Di-Fr
3,0.0,1.0,GLS,30826,2,2423.664725090939,Mo-Do
3,0.0,1.0,GLS,30827,2,2135.0321213181014,Di-Fr
3,0.0,1.0,GLS,30851,2,1674.662212367742,Mo-Do
3,0.0,1.0,GLS,30853,2,1560.352198720527,Mo-Do
3,0.0,1.0,GLS,30855,2,6601.501450802989,Di-Fr
3,0.0,1.0,GLS,30880,2,3166.2468172404915,Di-Fr
3,0.0,1.0,GLS,30890,2,3907.6915106718156,Mi-Sa
3,0.0,1.0,GLS,30900,2,4402.079233859082,Mi-Sa
3,0.0,1.0,GLS,30916,2,3494.9296302583316,Di-Fr
3,0.0,1.0,GLS,30926,2,3583.9673394924757,Mo-Do
3,0.0,1.0,GLS,30938,2,3077.581744326869,Mo-Do
3,0.0,1.0,GLS,30952,2,2421.7421577614177,Di-Fr
3,0.0,1.0,GLS,30966,2,2081.7240557472487,Di-Fr
3,0.0,1.0,GLS,30974,2,1938.9483917538296,Mo-Do
3,0.0,1.0,GLS,30982,2,1723.0678223791206,Mo-Do
3,0.0,1.0,GLS,30989,2,1890.3342211014601,Di-Fr
3,0.0,1.0,GLS,31275,2,4541.732238432169,Mo-Do
3,0.0,1.0,GLS,31303,2,3652.8320653093388,Mi-Sa
3,0.0,1.0,GLS,31311,2,2826.5124547734213,Mo-Do
3,0.0,1.0,GLS,31319,2,2755.8221898505662,Di-Fr
3,0.0,1.0,GLS,31515,2,5404.285849616896,Di-Fr
3,0.0,1.0,GLS,31535,2,5994.180716318113,Mi-Sa
3,0.0,1.0,GLS,31832,2,3498.5206146258506,Di-Fr
3,0.0,1.0,Hermes,30159,2,4863.551278662847,Mo-Do
3,0.0,1.0,Hermes,30161,2,2663.642777790612,Mi-Sa
3,0.0,1.0,Hermes,30163,2,2619.9117992289484,Mi-Sa
3,0.0,1.0,Hermes,30165,2,2141.512095466683,Mo-Do
3,0.0,1.0,Hermes,30167,2,3167.8107722440027,Di-Fr
3,0.0,1.0,Hermes,30173,2,2330.480614780521,Di-Fr
3,0.0,1.0,Hermes,30177,2,1944.8386800243547,Di-Fr
3,0.0,1.0,Hermes,30179,2,1732.3335585012142,Mo-Do
3,0.0,1.0,Hermes,30419,2,4090.577185159317,Di-Fr
3,0.0,1.0,Hermes,30449,2,3357.1093500308025,Mo-Do
3,0.0,1.0,Hermes,30453,2,2333.7889625357366,Mo-Do
3,0.0,1.0,Hermes,30455,2,2411.93374481472,Mo-Do
3,0.0,1.0,Hermes,30457,3,2377.1796479940426,Di-Do-Sa
3,0.0,1.0,Hermes,30459,2,2144.6997936060175,Mi-Sa
3,0.0,1.0,Hermes,30519,2,3771.9432714387654,Mi-Sa
3,0.0,1.0,Hermes,30539,2,2587.9202414825277,Mo-Do
3,0.0,1.0,Hermes,30559,2,3800.933928505974,Di-Fr
3,0.0,1.0,Hermes,30625,2,2337.6110720057814,Mi-Sa
3,0.0,1.0,Hermes,30627,2,1591.585967135139,Di-Fr
3,0.0,1.0,Hermes,30629,2,1908.8901505069102,Mo-Do
3,0.0,1.0,Hermes,30655,2,2303.055455260327,Mi-Sa
3,0.0,1.0,Hermes,30657,2,2277.321527576453,Mo-Do
3,0.0,1.0,Hermes,30659,2,2100.209838168682,Mo-Do
3,0.0,1.0,Hermes,30823,2,2921.5166171096967,Mi-Sa
3,0.0,1.0,Hermes,30826,2,2902.0184661852954,Mi-Sa
3,0.0,1.0,Hermes,30827,2,2230.716848309664,Di-Fr
3,0.0,1.0,Hermes,30851,2,1868.0561582321025,Mo-Do
3,0.0,1.0,Hermes,30853,2,1709.4823990852406,Mo-Do
3,0.0,1.0,Hermes,30855,2,7337.719137000221,Mo-Do
3,0.0,1.0,Hermes,30880,2,5115.190739159548,Mo-Do
3,0.0,1.0,Hermes,30890,2,5149.604646319465,Mo-Do
3,0.0,1.0,Hermes,30900,2,4913.956727291785,Mo-Do
3,0.0,1.0,Hermes,30916,2,4202.446275275357,Mi-Sa
3,0.0,1.0,Hermes,30926,2,4430.390686495283,Mo-Do
3,0.0,1.0,Hermes,30938,2,3996.6917491564527,Di-Fr
3,0.0,1.0,Hermes,30952,2,3490.965009969151,Mi-Sa
3,0.0,1.0,Hermes,30966,2,3385.213361996728,Di-Fr
3,0.0,1.0,Hermes,30974,2,2597.861474611449,Di-Fr
3,0.0,1.0,Hermes,30982,2,2567.3306010083606,Di-Fr
3,0.0,1.0,Hermes,30989,2,2450.281885127767,Di-Fr
3,0.0,1.0,Hermes,31275,2,6429.183151323361,Mo-Do
3,0.0,1.0,Hermes,31303,2,4685.687801101993,Di-Fr
3,0.0,1.0,Hermes,31311,2,3937.6919813081804,Mi-Sa
3,0.0,1.0,Hermes,31319,2,4142.721878818444,Mi-Sa
3,0.0,1.0,Hermes,31515,2,6512.791904174161,Mi-Sa
3,0.0,1.0,Hermes,31535,2,7239.682685270616,Mo-Do
3,0.0,1.0,Hermes,31832,2,5129.802025942639,Mo-Do
3,0.0,1.0,UPS,30159,2,12242.670386272108,Di-Fr
3,0.0,1.0,UPS,30161,2,4993.100803880192,Mo-Do
3,0.0,1.0,UPS,30163,2,5539.840505870998,Di-Fr
3,0.0,1.0,UPS,30165,2,3055.2061310767413,Mo-Do
3,0.0,1.0,UPS,30167,2,4922.320314169756,Mi-Sa
3,0.0,1.0,UPS,30419,2,2505.348011885226,Di-Fr
3,0.0,1.0,UPS,30449,2,5568.502240981385,Mi-Sa
3,0.0,1.0,UPS,30453,2,2395.903045203643,Di-Fr
3,0.0,1.0,UPS,30455,2,1198.4615315024914,Di-Fr
3,0.0,1.0,UPS,30457,2,1454.5771865207296,Mo-Do
3,0.0,1.0,UPS,30519,2,3974.2375002416484,Mo-Do
3,0.0,1.0,UPS,30539,3,3665.654820080064,Mo-Do-Fr
3,0.0,1.0,UPS,30559,2,3856.104275405887,Mo-Do
3,0.0,1.0,UPS,30625,2,3446.0700904757496,Mo-Do
3,0.0,1.0,UPS,30655,2,1538.4781496852288,Di-Fr
3,0.0,1.0,UPS,30657,2,3951.070837032599,Di-Fr
3,0.0,1.0,UPS,30659,2,2737.862100004824,Mo-Do
3,0.0,1.0,UPS,30823,2,1846.968658353334,Di-Fr
3,0.0,1.0,UPS,30826,2,1594.4106746872214,Mo-Do
3,0.0,1.0,UPS,30827,2,2543.9952855769643,Mi-Sa
3,0.0,1.0,UPS,30853,2,3706.392579020741,Mi-Sa
3,0.0,1.0,UPS,30855,2,11224.224243555649,Mi-Sa
3,0.0,1.0,UPS,30880,2,5431.999357051576,Mi-Sa
3,0.0,1.0,UPS,30890,2,2867.1644102233076,Di-Fr
3,0.0,1.0,UPS,30900,2,3254.873995410494,Di-Fr
3,0.0,1.0,UPS,30916,2,4622.223225482303,Mo-Do
3,0.0,1.0,UPS,30926,2,2386.8940812219125,Di-Fr
3,0.0,1.0,UPS,30938,2,4639.110013913144,Di-Fr
3,0.0,1.0,UPS,30952,2,2129.968042189287,Mo-Do
3,0.0,1.0,UPS,30966,2,2143.0457922892265,Mi-Sa
3,0.0,1.0,UPS,30974,2,1699.7921917826088,Mo-Do
3,0.0,1.0,UPS,30982,2,1479.474312670131,Di-Fr
3,0.0,1.0,UPS,30989,2,1899.968626869486,Mi-Sa
3,0.0,1.0,UPS,31275,2,4084.394725234292,Di-Fr
3,0.0,1.0,UPS,31303,2,2819.4156074649873,Mi-Sa
3,0.0,1.0,UPS,31311,2,2030.3808871042584,Mo-Do
3,0.0,1.0,UPS,31319,2,1928.9385158521236,Mo-Do
3,0.0,1.0,UPS,31515,2,4621.05069884351,Di-Fr
3,0.0,1.0,UPS,31535,2,4103.187184312761,Mi-Sa
3,0.0,1.0,UPS,31832,2,2876.4203584693396,Mi-Sa
3,0.1,0.9,Amazon,30159,2,10526.71092420618,Di-Fr
3,0.1,0.9,Amazon,30161,3,5710.038791475469,Mi-Do-Sa
3,0.1,0.9,Amazon,30163,2,5718.696220475431,Mi-Sa
3,0.1,0.9,Amazon,30165,3,4593.599004950036,Di-Fr-Sa
3,0.1,0.9,Amazon,30167,2,6792.4864709615185,Di-Fr
3,0.1,0.9,Amazon,30173,5,5026.353906965206,Mo-Di-Do-Fr-Sa
3,0.1,0.9,Amazon,30177,4,4206.814842372221,Di-Do-Fr-Sa
3,0.1,0.9,Amazon,30179,4,4045.2261689737056,Di-Do-Fr-Sa
3,0.1,0.9,Amazon,30419,3,8071.493570768847,Di-Fr-Sa
3,0.1,0.9,Amazon,30449,4,6702.423941636206,Mo-Do-Fr-Sa
3,0.1,0.9,Amazon,30453,4,4873.575391757919,Mi-Do-Fr-Sa
3,0.1,0.9,Amazon,30455,4,4575.5658063921255,Mo-Di-Mi-Fr
3,0.1,0.9,Amazon,30457,4,4725.2500811062555,Di-Mi-Do-Sa
3,0.1,0.9,Amazon,30459,3,4586.808917841981,Mo-Mi-Fr
3,0.1,0.9,Amazon,30519,3,7494.005569263428,Di-Fr-Sa
3,0.1,0.9,Amazon,30539,5,5154.6072084203,Mo-Di-Mi-Do-Sa
3,0.1,0.9,Amazon,30559,4,7577.257042910436,Mo-Do-Fr-Sa
3,0.1,0.9,Amazon,30625,5,4769.53782516367,Mo-Di-Mi-Do-Sa
3,0.1,0.9,Amazon,30627,3,3366.791556203295,Di-Mi-Sa
3,0.1,0.9,Amazon,30629,4,4365.0754996522155,Di-Mi-Fr-Sa
3,0.1,0.9,Amazon,30655,4,5054.7157166012485,Mo-Di-Fr-Sa
3,0.1,0.9,Amazon,30657,3,5044.775639405765,Mi-Do-Sa
3,0.1,0.9,Amazon,30659,4,4712.507529635081,Mo-Di-Mi-Fr
3,0.1,0.9,Amazon,30823,2,5213.863276040529,Mi-Sa
3,0.1,0.9,Amazon,30826,2,5171.913277234547,Mo-Do
3,0.1,0.9,Amazon,30827,5,4387.366945722133,Di-Mi-Do-Fr-Sa
3,0.1,0.9,Amazon,30851,3,4334.71317959268,Mo-Mi-Fr
3,0.1,0.9,Amazon,30853,5,4288.769110019758,Mo-Di-Do-Fr-Sa
3,0.1,0.9,Amazon,30855,2,15074.671836029996,Mi-Sa
3,0.1,0.9,Amazon,30880,2,9918.75065949628,Mo-Do
3,0.1,0.9,Amazon,30890,2,8927.778484957707,Di-Fr
3,0.1,0.9,Amazon,30900,2,10180.065632743199,Mo-Do
3,0.1,0.9,Amazon,30916,2,8824.913863667482,Di-Fr
3,0.1,0.9,Amazon,30926,2,7654.644440815577,Mi-Sa
3,0.1,0.9,Amazon,30938,3,8079.359308931305,Di-Do-Fr
3,0.1,0.9,Amazon,30952,3,6459.879232195231,Mi-Do-Sa
3,0.1,0.9,Amazon,30966,3,6345.178244890478,Di-Do-Fr
3,0.1,0.9,Amazon,30974,4,5052.9018044781515,Mo-Do-Fr-Sa
3,0.1,0.9,Amazon,30982,4,5359.051029990742,Mo-Di-Do-Fr
3,0.1,0.9,Amazon,30989,2,4968.498970100013,Mi-Sa
3,0.1,0.9,Amazon,31275,2,12242.83422761697,Mo-Do
3,0.1,0.9,Amazon,31303,2,8845.944911701077,Mi-Sa
3,0.1,0.9,Amazon,31311,2,7271.796465651554,Mo-Do
3,0.1,0.9,Amazon,31319,2,8143.58558868124,Mo-Do
3,0.1,0.9,Amazon,31515,3,11142.675685262126,Mo-Do-Fr
3,0.1,0.9,Amazon,31535,2,12147.784433609819,Mo-Do
3,0.1,0.9,Amazon,31832,2,9209.40134870402,Di-Fr
3,0.1,0.9,DHL,30159,2,20031.19091653812,Mo-Do
3,0.1,0.9,DHL,30161,3,10721.698522696384,Mo-Di-Fr
3,0.1,0.9,DHL,30163,2,9610.708207146583,Mi-Sa
3,0.1,0.9,DHL,30165,2,8233.740414995978,Mo-Do
3,0.1,0.9,DHL,30167,2,12573.652116618283,Mo-Do
3,0.1,0.9,DHL,30169,4,5398.834165498131,Mo-Di-Mi-Sa
3,0.1,0.9,DHL,30173,3,8569.324427045924,Mo-Di-Fr
3,0.1,0.9,DHL,30177,4,6393.277149792962,Mo-Di-Do-Sa
3,0.1,0.9,DHL,30179,2,6667.167443245523,Mi-Sa
3,0.1,0.9,DHL,30419,3,14838.35202007615,Mi-Do-Sa
3,0.1,0.9,DHL,30449,3,7405.8196867722045,Di-Do-Sa
3,0.1,0.9,DHL,30453,2,8333.86923109967,Di-Fr
3,0.1,0.9,DHL,30455,3,7110.3394232362825,Mo-Mi-Do
3,0.1,0.9,DHL,30457,2,6865.664979153777,Mi-Sa
3,0.1,0.9,DHL,30459,3,6466.768891858674,Mo-Mi-Sa
3,0.1,0.9,DHL,30519,2,12690.460218732453,Mo-Do
3,0.1,0.9,DHL,30539,3,8833.56108543188,Di-Do-Sa
3,0.1,0.9,DHL,30559,2,12065.321602875818,Mi-Sa
3,0.1,0.9,DHL,30625,3,7555.798175665621,Di-Fr-Sa
3,0.1,0.9,DHL,30627,2,5462.657639047018,Mi-Sa
3,0.1,0.9,DHL,30629,3,6423.558621902777,Mo-Do-Sa
3,0.1,0.9,DHL,30655,2,8221.879706835227,Di-Fr
3,0.1,0.9,DHL,30657,2,9453.763220128203,Mi-Sa
3,0.1,0.9,DHL,30659,3,7592.472705540743,Mo-Do-Sa
3,0.1,0.9,DHL,30823,2,9424.451093475693,Mo-Do
3,0.1,0.9,DHL,30826,2,8430.732688274291,Mi-Sa
3,0.1,0.9,DHL,30827,2,8183.2672418295615,Di-Fr
3,0.1,0.9,DHL,30851,3,7031.196807408842,Mo-Mi-Sa
3,0.1,0.9,DHL,30853,3,7688.217251543603,Di-Fr-Sa
3,0.1,0.9,DHL,30855,2,25616.568717633476,Di-Fr
3,0.1,0.9,DHL,30880,2,16236.826599569857,Mo-Do
3,0.1,0.9,DHL,30890,2,14479.00664900364,Mo-Do
3,0.1,0.9,DHL,30900,2,15524.802889450504,Mi-Sa
3,0.1,0.9,DHL,30916,2,15696.916624753418,Mo-Do
3,0.1,0.9,DHL,30926,2,13415.8686505235,Mo-Do
3,0.1,0.9,DHL,30938,2,13400.671720642555,Mo-Do
3,0.1,0.9,DHL,30952,3,10293.111858645902,Di-Do-Sa
3,0.1,0.9,DHL,30966,3,9791.136066959447,Di-Mi-Sa
3,0.1,0.9,DHL,30974,2,6949.574376071432,Mi-Sa
3,0.1,0.9,DHL,30982,2,7266.108825155166,Mi-Sa
3,0.1,0.9,DHL,30989,2,7694.9440836491995,Mo-Do
3,0.1,0.9,DHL,31275,2,19001.61585649127,Mo-Do
3,0.1,0.9,DHL,31303,3,12894.710403662493,Mo-Mi-Do
3,0.1,0.9,DHL,31311,2,9305.234477501694,Di-Fr
3,0.1,0.9,DHL,31319,2,10986.60157203908,Mo-Do
3,0.1,0.9,DHL,31515,2,19142.356625720386,Di-Fr
3,0.1,0.9,DHL,31535,2,19379.647944069624,Di-Fr
3,0.1,0.9,DHL,31832,2,12834.820552989548,Mi-Sa
3,0.1,0.9,DPD,30159,2,6386.985276092116,Di-Fr
3,0.1,0.9,DPD,30161,4,3479.375962380885,Mo-Di-Do-Sa
3,0.1,0.9,DPD,30163,3,3227.8535179405853,Di-Mi-Sa
3,0.1,0.9,DPD,30165,3,2999.023827199815,Mi-Fr-Sa
3,0.1,0.9,DPD,30167,3,4404.497656778133,Mo-Mi-Fr
3,0.1,0.9,DPD,30173,3,2924.5459566096397,Mi-Fr-Sa
3,0.1,0.9,DPD,30177,5,1979.7480773021798,Mo-Di-Do-Fr-Sa
3,0.1,0.9,DPD,30179,5,2193.6608975202416,Mo-Di-Do-Fr-Sa
3,0.1,0.9,DPD,30419,3,4876.700964095021,Mo-Mi-Fr
3,0.1,0.9,DPD,30449,4,4054.747502459648,Mo-Di-Mi-Sa
3,0.1,0.9,DPD,30453,2,3352.5535661072613,Mo-Do
3,0.1,0.9,DPD,30455,3,2865.8350738124022,Di-Fr-Sa
3,0.1,0.9,DPD,30457,3,2820.256636556759,Di-Fr-Sa
3,0.1,0.9,DPD,30459,5,2331.6240376933547,Mo-Di-Do-Fr-Sa
3,0.1,0.9,DPD,30519,3,4030.3879727435087,Mo-Mi-Sa
3,0.1,0.9,DPD,30539,3,3063.1769324243905,Mi-Fr-Sa
3,0.1,0.9,DPD,30559,4,3707.8540588983606,Mo-Mi-Do-Sa
3,0.1,0.9,DPD,30625,3,2695.4692732823946,Di-Fr-Sa
3,0.1,0.9,DPD,30627,6,1702.8075328692416,Mo-Di-Mi-Do-Fr-Sa
3,0.1,0.9,DPD,30629,5,1975.302750493276,Mo-Di-Do-Fr-Sa
3,0.1,0.9,DPD,30655,3,2754.7220957239188,Mo-Do-Fr
3,0.1,0.9,DPD,30657,4,3245.442502091494,Mo-Mi-Fr-Sa
3,0.1,0.9,DPD,30659,4,2492.364394676919,Mo-Do-Fr-Sa
3,0.1,0.9,DPD,30823,3,3591.1154325489965,Di-Fr-Sa
3,0.1,0.9,DPD,30826,2,3679.274952780895,Mo-Do
3,0.1,0.9,DPD,30827,2,3270.297358176237,Mo-Do
3,0.1,0.9,DPD,30851,4,2356.5287008870337,Mo-Di-Fr-Sa
3,0.1,0.9,DPD,30853,3,2876.683176926769,Mo-Mi-Sa
3,0.1,0.9,DPD,30855,2,8873.306733046784,Mo-Do
3,0.1,0.9,DPD,30880,3,5153.112317852254,Di-Fr-Sa
3,0.1,0.9,DPD,30890,2,5846.19607673847,Mo-Do
3,0.1,0.9,DPD,30900,3,6239.933646541729,Di-Do-Sa
3,0.1,0.9,DPD,30916,3,4883.083713936886,Di-Do-Fr
3,0.1,0.9,DPD,30926,2,5042.332242163007,Mi-Sa
3,0.1,0.9,DPD,30938,3,4767.0947843733575,Di-Do-Fr
3,0.1,0.9,DPD,30952,3,4045.9221525596463,Di-Mi-Fr
3,0.1,0.9,DPD,30966,2,3688.686816620576,Di-Fr
3,0.1,0.9,DPD,30974,3,3379.3957920646662,Di-Fr-Sa
3,0.1,0.9,DPD,30982,3,3273.3724908926147,Di-Do-Sa
3,0.1,0.9,DPD,30989,3,3338.041681101324,Mi-Fr-Sa
3,0.1,0.9,DPD,31275,2,5637.2723692275795,Mo-Do
3,0.1,0.9,DPD,31303,2,4546.134901043245,Mi-Sa
3,0.1,0.9,DPD,31311,2,4031.071484723764,Mo-Do
3,0.1,0.9,DPD,31319,2,3910.687505445719,Mo-Do
3,0.1,0.9,DPD,31515,2,6988.652620982191,Mo-Do
3,0.1,0.9,DPD,31535,2,7874.597341823355,Mi-Sa
3,0.1,0.9,DPD,31832,3,5812.722632630279,Di-Do-Sa
3,0.1,0.9,FedEx,30159,2,11234.045155139598,Mi-Sa
3,0.1,0.9,FedEx,30161,4,4896.823718275555,Mo-Do-Fr-Sa
3,0.1,0.9,FedEx,30163,2,7418.455715201866,Di-Fr
3,0.1,0.9,FedEx,30167,5,4824.7804713687565,Mo-Di-Do-Fr-Sa
3,0.1,0.9,FedEx,30419,3,2992.370628053133,Di-Fr-Sa
3,0.1,0.9,FedEx,30449,6,5070.480072832069,Mo-Di-Mi-Do-Fr-Sa
3,0.1,0.9,FedEx,30453,2,3102.2033895248132,Mi-Sa
3,0.1,0.9,FedEx,30455,4,1870.1481868067544,Di-Mi-Fr-Sa
3,0.1,0.9,FedEx,30457,5,1992.034707802088,Mo-Di-Mi-Do-Sa
3,0.1,0.9,FedEx,30519,4,4007.699273790378,Mo-Mi-Do-Sa
3,0.1,0.9,FedEx,30539,4,3992.587638306378,Mo-Di-Do-Sa
3,0.1,0.9,FedEx,30559,3,5061.935972253697,Mo-Mi-Fr
3,0.1,0.9,FedEx,30625,4,3574.4737995034575,Mo-Di-Mi-Do
3,0.1,0.9,FedEx,30655,4,3331.411801027681,Mo-Di-Mi-Do
3,0.1,0.9,FedEx,30657,4,4426.2986608461315,Di-Mi-Do-Sa
3,0.1,0.9,FedEx,30823,5,1934.0812358588603,Mo-Di-Mi-Do-Sa
3,0.1,0.9,FedEx,30827,3,3945.341858957831,Mi-Fr-Sa
3,0.1,0.9,FedEx,30853,2,4231.960266667191,Mi-Sa
3,0.1,0.9,FedEx,30855,2,10545.388894815194,Di-Fr
3,0.1,0.9,FedEx,30880,5,5618.11737272587,Mo-Di-Mi-Do-Sa
3,0.1,0.9,FedEx,30890,2,3355.2367696956157,Mi-Sa
3,0.1,0.9,FedEx,30900,2,3695.30963933599,Di-Fr
3,0.1,0.9,FedEx,30916,4,5105.675403558214,Di-Mi-Do-Sa
3,0.1,0.9,FedEx,30926,3,3001.1909887649526,Mo-Do-Fr
3,0.1,0.9,FedEx,30938,3,5295.765136609158,Mo-Di-Fr
3,0.1,0.9,FedEx,30952,4,2704.2578969653537,Di-Mi-Do-Fr
3,0.1,0.9,FedEx,30966,6,2488.5376856129433,Mo-Di-Mi-Do-Fr-Sa
3,0.1,0.9,FedEx,30974,5,2344.7145139416125,Mo-Di-Mi-Do-Fr
3,0.1,0.9,FedEx,30982,5,2374.454550759092,Mo-Di-Mi-Do-Fr
3,0.1,0.9,FedEx,30989,6,2431.4853535221046,Mo-Di-Mi-Do-Fr-Sa
3,0.1,0.9,FedEx,31275,2,4521.4410811295,Di-Fr
3,0.1,0.9,FedEx,31303,3,3334.1672147137488,Mo-Mi-Fr
3,0.1,0.9,FedEx,31311,4,2795.2427514500428,Mo-Di-Mi-Do
3,0.1,0.9,FedEx,31319,3,2721.0836777674626,Mo-Do-Sa
3,0.1,0.9,FedEx,31515,4,4643.437923290084,Mo-Mi-Do-Sa
3,0.1,0.9,FedEx,31535,2,4679.874621925681,Mi-Sa
3,0.1,0.9,FedEx,31832,3,3550.377241650145,Di-Do-Fr
3,0.1,0.9,GLS,30159,4,4590.286756846334,Mo-Di-Mi-Do
3,0.1,0.9,GLS,30161,3,2872.152431972788,Di-Fr-Sa
3,0.1,0.9,GLS,30163,4,4214.933289111601,Di-Mi-Fr-Sa
3,0.1,0.9,GLS,30165,4,2331.94597498423,Mo-Di-Fr-Sa
3,0.1,0.9,GLS,30167,4,3406.6276100115233,Mo-Di-Mi-Do
3,0.1,0.9,GLS,30173,4,2404.1015544546326,Mo-Di-Do-Fr
3,0.1,0.9,GLS,30179,6,2030.2594095239801,Mo-Di-Mi-Do-Fr-Sa
3,0.1,0.9,GLS,30419,3,4573.245763350416,Mo-Do-Sa
3,0.1,0.9,GLS,30449,3,3236.8270756953752,Di-Mi-Fr
3,0.1,0.9,GLS,30453,3,2773.9615672145655,Di-Fr-Sa
3,0.1,0.9,GLS,30455,5,2428.617860489674,Mo-Di-Do-Fr-Sa
3,0.1,0.9,GLS,30457,5,2367.161262980625,Mo-Di-Do-Fr-Sa
3,0.1,0.9,GLS,30459,6,1876.236727895414,Mo-Di-Mi-Do-Fr-Sa
3,0.1,0.9,GLS,30519,3,3312.81627752176,Di-Mi-Fr
3,0.1,0.9,GLS,30539,4,2345.6354489551154,Mo-Mi-Fr-Sa
3,0.1,0.9,GLS,30559,3,3466.288893629506,Di-Mi-Fr
3,0.1,0.9,GLS,30625,5,2150.680703088116,Mo-Di-Do-Fr-Sa
3,0.1,0.9,GLS,30627,5,1753.8195966488192,Mo-Di-Mi-Do-Fr
3,0.1,0.9,GLS,30629,6,2094.2697610443015,Mo-Di-Mi-Do-Fr-Sa
3,0.1,0.9,GLS,30655,3,2656.0607216101007,Di-Fr-Sa
3,0.1,0.9,GLS,30657,4,2666.867494532313,Mo-Do-Fr-Sa
3,0.1,0.9,GLS,30659,6,2165.5626302364476,Mo-Di-Mi-Do-Fr-Sa
3,0.1,0.9,GLS,30823,2,3513.6325246376973,Mo-Do
3,0.1,0.9,GLS,30826,2,3746.372999407753,Di-Fr
3,0.1,0.9,GLS,30827,4,2940.8056852805653,Mo-Di-Fr-Sa
3,0.1,0.9,GLS,30851,6,2097.4205946859483,Mo-Di-Mi-Do-Fr-Sa
3,0.1,0.9,GLS,30853,6,2190.0844891648285,Mo-Di-Mi-Do-Fr-Sa
3,0.1,0.9,GLS,30855,4,7592.521919192628,Mo-Di-Fr-Sa
3,0.1,0.9,GLS,30880,4,3882.1061338889185,Di-Do-Fr-Sa
3,0.1,0.9,GLS,30890,2,5227.826323544112,Mi-Sa
3,0.1,0.9,GLS,30900,2,6041.5978411786045,Di-Fr
3,0.1,0.9,GLS,30916,3,4524.632351671516,Mi-Do-Sa
3,0.1,0.9,GLS,30926,3,4804.120405748719,Mo-Mi-Sa
3,0.1,0.9,GLS,30938,2,4412.851262684718,Mo-Do
3,0.1,0.9,GLS,30952,3,3507.8652905771596,Mo-Do-Sa
3,0.1,0.9,GLS,30966,2,3073.802889261966,Mo-Do
3,0.1,0.9,GLS,30974,4,2848.201262570294,Mo-Di-Mi-Do
3,0.1,0.9,GLS,30982,5,2668.7189539073015,Mo-Mi-Do-Fr-Sa
3,0.1,0.9,GLS,30989,6,2798.376100761728,Mo-Di-Mi-Do-Fr-Sa
3,0.1,0.9,GLS,31275,2,5820.396236711022,Mo-Do
3,0.1,0.9,GLS,31303,2,4749.601287631534,Mo-Do
3,0.1,0.9,GLS,31311,2,4227.223149608657,Mo-Do
3,0.1,0.9,GLS,31319,3,3913.7543403441523,Di-Mi-Sa
3,0.1,0.9,GLS,31515,2,6762.985256846174,Mo-Do
3,0.1,0.9,GLS,31535,2,7766.701870018802,Mi-Sa
3,0.1,0.9,GLS,31832,2,4646.157548551263,Mo-Do
3,0.1,0.9,Hermes,30159,3,5599.486974897116,Mi-Do-Sa
3,0.1,0.9,Hermes,30161,4,3114.206304085561,Mo-Di-Mi-Do
3,0.1,0.9,Hermes,30163,5,3108.5734358558593,Mo-Di-Mi-Do-Sa
3,0.1,0.9,Hermes,30165,3,2974.2611574233615,Di-Mi-Sa
3,0.1,0.9,Hermes,30167,3,3987.169567051984,Di-Do-Fr
3,0.1,0.9,Hermes,30173,3,3229.4206931974554,Di-Mi-Fr
3,0.1,0.9,Hermes,30177,2,2769.591293353712,Mi-Sa
3,0.1,0.9,Hermes,30179,2,2776.4081843653385,Di-Fr
3,0.1,0.9,Hermes,30419,4,5004.189960051472,Mo-Do-Fr-Sa
3,0.1,0.9,Hermes,30449,4,4001.9031364487046,Di-Mi-Fr-Sa
3,0.1,0.9,Hermes,30453,3,3301.8468099947418,Di-Mi-Fr
3,0.1,0.9,Hermes,30455,3,3139.5133182723594,Mi-Fr-Sa
3,0.1,0.9,Hermes,30457,3,3192.370386331995,Di-Fr-Sa
3,0.1,0.9,Hermes,30459,3,3121.648854011403,Di-Fr-Sa
3,0.1,0.9,Hermes,30519,3,4744.583436203676,Di-Do-Fr
3,0.1,0.9,Hermes,30539,4,3466.757574126871,Di-Mi-Fr-Sa
3,0.1,0.9,Hermes,30559,3,4956.71412184601,Mo-Mi-Fr
3,0.1,0.9,Hermes,30625,3,3046.674473410357,Mi-Fr-Sa
3,0.1,0.9,Hermes,30627,6,1800.235438802243,Mo-Di-Mi-Do-Fr-Sa
3,0.1,0.9,Hermes,30629,2,3005.7531882427425,Di-Fr
3,0.1,0.9,Hermes,30655,3,3233.677619205445,Di-Mi-Fr
3,0.1,0.9,Hermes,30657,3,3016.9918648377916,Mi-Fr-Sa
3,0.1,0.9,Hermes,30659,2,2995.1683660040026,Mi-Sa
3,0.1,0.9,Hermes,30823,4,3761.403688666155,Mo-Mi-Do-Sa
3,0.1,0.9,Hermes,30826,2,3902.360114420758,Mo-Do
3,0.1,0.9,Hermes,30827,3,2954.066996431302,Mi-Fr-Sa
3,0.1,0.9,Hermes,30851,3,2669.3581508959305,Mo-Do-Sa
3,0.1,0.9,Hermes,30853,4,2440.242692219082,Mo-Do-Fr-Sa
3,0.1,0.9,Hermes,30855,3,7956.56576870542,Mi-Fr-Sa
3,0.1,0.9,Hermes,30880,2,6125.862947962722,Mi-Sa
3,0.1,0.9,Hermes,30890,2,6276.85826012952,Mi-Sa
3,0.1,0.9,Hermes,30900,2,6219.056310788614,Di-Fr
3,0.1,0.9,Hermes,30916,3,5171.296155903563,Di-Fr-Sa
3,0.1,0.9,Hermes,30926,2,5502.593774733807,Di-Fr
3,0.1,0.9,Hermes,30938,2,4993.623910710759,Mo-Do
3,0.1,0.9,Hermes,30952,4,4454.7666645947675,Mo-Di-Do-Fr
3,0.1,0.9,Hermes,30966,5,4230.315619087312,Mo-Di-Mi-Do-Sa
3,0.1,0.9,Hermes,30974,2,3668.22573305702,Mo-Do
3,0.1,0.9,Hermes,30982,3,3839.6749817641976,Di-Do-Sa
3,0.1,0.9,Hermes,30989,3,3607.653945384934,Di-Do-Sa
3,0.1,0.9,Hermes,31275,2,7764.226619323765,Mi-Sa
3,0.1,0.9,Hermes,31303,2,5658.043035763938,Di-Fr
3,0.1,0.9,Hermes,31311,2,5257.320525587347,Mi-Sa
3,0.1,0.9,Hermes,31319,2,5526.657221085541,Mi-Sa
3,0.1,0.9,Hermes,31515,2,7501.2789544246225,Mi-Sa
3,0.1,0.9,Hermes,31535,2,8652.272440870482,Mi-Sa
3,0.1,0.9,Hermes,31832,2,6597.010726873126,Mo-Do
3,0.1,0.9,UPS,30159,2,12614.60597889309,Mi-Sa
3,0.1,0.9,UPS,30161,2,5754.451417821154,Mo-Do
3,0.1,0.9,UPS,30163,4,6192.794023001416,Mo-Di-Fr-Sa
3,0.1,0.9,UPS,30165,4,3639.2705824169443,Di-Do-Fr-Sa
3,0.1,0.9,UPS,30167,2,5623.067807574466,Di-Fr
3,0.1,0.9,UPS,30419,4,3239.1588500125536,Mo-Di-Mi-Do
3,0.1,0.9,UPS,30449,2,6137.970437477083,Mi-Sa
3,0.1,0.9,UPS,30453,3,3147.6142074398044,Mi-Fr-Sa
3,0.1,0.9,UPS,30455,5,1939.4269620746818,Mo-Di-Mi-Do-Sa
3,0.1,0.9,UPS,30457,6,2082.9256820867663,Mo-Di-Mi-Do-Fr-Sa
3,0.1,0.9,UPS,30519,4,4773.556575986756,Mo-Mi-Do-Fr
3,0.1,0.9,UPS,30539,4,4337.4231088810875,Di-Mi-Fr-Sa
3,0.1,0.9,UPS,30559,3,4792.422728107778,Mi-Do-Sa
3,0.1,0.9,UPS,30625,4,4089.1139345831507,Di-Mi-Fr-Sa
3,0.1,0.9,UPS,30655,5,2052.021428921551,Mo-Mi-Do-Fr-Sa
3,0.1,0.9,UPS,30657,5,4543.875236870525,Mo-Di-Do-Fr-Sa
3,0.1,0.9,UPS,30659,5,3526.2119965192687,Mo-Di-Mi-Do-Fr
3,0.1,0.9,UPS,30823,3,2716.172786827594,Di-Fr-Sa
3,0.1,0.9,UPS,30826,6,2042.7216152816727,Mo-Di-Mi-Do-Fr-Sa
3,0.1,0.9,UPS,30827,4,3226.5734548586306,Mo-Di-Mi-Do
3,0.1,0.9,UPS,30853,5,4334.945492753879,Mo-Di-Do-Fr-Sa
3,0.1,0.9,UPS,30855,2,11747.383785068752,Di-Fr
3,0.1,0.9,UPS,30880,2,6442.399678046209,Di-Fr
3,0.1,0.9,UPS,30890,2,3904.9380116497523,Mi-Sa
3,0.1,0.9,UPS,30900,3,4363.038062012037,Mo-Di-Do
3,0.1,0.9,UPS,30916,2,5645.728466703295,Mi-Sa
3,0.1,0.9,UPS,30926,2,3421.3445294214052,Mo-Do
3,0.1,0.9,UPS,30938,2,5586.718669706493,Mi-Sa
3,0.1,0.9,UPS,30952,3,3137.7269068272976,Mi-Fr-Sa
3,0.1,0.9,UPS,30966,4,3148.5898348359324,Di-Mi-Fr-Sa
3,0.1,0.9,UPS,30974,3,2830.211125732033,Mo-Di-Do
3,0.1,0.9,UPS,30982,2,2782.072708516127,Di-Fr
3,0.1,0.9,UPS,30989,5,2991.831405455849,Mo-Mi-Do-Fr-Sa
3,0.1,0.9,UPS,31275,2,5460.381728281942,Mi-Sa
3,0.1,0.9,UPS,31303,2,3854.7092342047686,Mi-Sa
3,0.1,0.9,UPS,31311,2,3399.4661768286583,Mo-Do
3,0.1,0.9,UPS,31319,3,2963.454504569953,Mo-Di-Do
3,0.1,0.9,UPS,31515,2,5886.722290239675,Di-Fr
3,0.1,0.9,UPS,31535,2,5423.111050016311,Di-Fr
3,0.1,0.9,UPS,31832,2,4321.875135951614,Di-Fr
3,0.2,0.8,Amazon,30159,2,10920.276576184704,Mo-Do
3,0.2,0.8,Amazon,30161,3,5569.099400152902,Di-Do-Sa
3,0.2,0.8,Amazon,30163,3,5408.735098191442,Di-Mi-Sa
3,0.2,0.8,Amazon,30165,4,4453.731855258335,Di-Mi-Fr-Sa
3,0.2,0.8,Amazon,30167,2,6478.056608402074,Mi-Sa
3,0.2,0.8,Amazon,30173,4,4962.531208227312,Mo-Do-Fr-Sa
3,0.2,0.8,Amazon,30177,3,3983.574938405297,Di-Mi-Sa
3,0.2,0.8,Amazon,30179,2,3977.4208810476002,Mo-Do
3,0.2,0.8,Amazon,30419,4,8362.206080600597,Di-Mi-Fr-Sa
3,0.2,0.8,Amazon,30449,2,6137.651804149495,Mi-Sa
3,0.2,0.8,Amazon,30453,3,4804.151003125272,Mi-Do-Sa
3,0.2,0.8,Amazon,30455,3,4593.653260074654,Di-Do-Sa
3,0.2,0.8,Amazon,30457,3,4500.000828191344,Mo-Mi-Fr
3,0.2,0.8,Amazon,30459,4,4642.675965893209,Di-Mi-Do-Sa
3,0.2,0.8,Amazon,30519,2,7327.751679444586,Di-Fr
3,0.2,0.8,Amazon,30539,5,5187.138607489571,Mo-Di-Mi-Do-Sa
3,0.2,0.8,Amazon,30559,2,7406.083533577922,Mi-Sa
3,0.2,0.8,Amazon,30625,5,4779.988043975663,Mo-Di-Mi-Do-Fr
3,0.2,0.8,Amazon,30627,3,3386.9182844344923,Di-Mi-Sa
3,0.2,0.8,Amazon,30629,3,4240.58801819009,Mo-Do-Sa
3,0.2,0.8,Amazon,30655,3,5027.573264860806,Mo-Do-Sa
3,0.2,0.8,Amazon,30657,3,5077.195571598773,Mo-Do-Sa
3,0.2,0.8,Amazon,30659,3,4646.430257362961,Mo-Di-Fr
3,0.2,0.8,Amazon,30823,2,5052.81452116885,Di-Fr
3,0.2,0.8,Amazon,30826,2,5049.2324226594865,Di-Fr
3,0.2,0.8,Amazon,30827,3,4323.230455933357,Mi-Do-Sa
3,0.2,0.8,Amazon,30851,3,4116.848537842162,Di-Do-Sa
3,0.2,0.8,Amazon,30853,4,4126.8359418236805,Di-Mi-Fr-Sa
3,0.2,0.8,Amazon,30855,2,15323.092336986068,Mo-Do
3,0.2,0.8,Amazon,30880,3,10307.93073082659,Di-Do-Fr
3,0.2,0.8,Amazon,30890,3,9047.925585451063,Mo-Mi-Do
3,0.2,0.8,Amazon,30900,2,10503.129602916364,Di-Fr
3,0.2,0.8,Amazon,30916,2,8855.424984090849,Mi-Sa
3,0.2,0.8,Amazon,30926,2,7778.225120559617,Mi-Sa
3,0.2,0.8,Amazon,30938,2,8062.840748715391,Mi-Sa
3,0.2,0.8,Amazon,30952,2,6458.042132966535,Di-Fr
3,0.2,0.8,Amazon,30966,3,6227.080899868822,Mo-Do-Fr
3,0.2,0.8,Amazon,30974,4,4928.60400053916,Di-Mi-Fr-Sa
3,0.2,0.8,Amazon,30982,3,5265.728260601095,Mo-Mi-Fr
3,0.2,0.8,Amazon,30989,2,4999.67779083379,Di-Fr
3,0.2,0.8,Amazon,31275,2,12885.777449175457,Di-Fr
3,0.2,0.8,Amazon,31303,2,8830.404412250875,Mi-Sa
3,0.2,0.8,Amazon,31311,2,7345.252446315773,Mi-Sa
3,0.2,0.8,Amazon,31319,2,8122.040609613584,Mo-Do
3,0.2,0.8,Amazon,31515,3,11674.5592556595,Mo-Do-Fr
3,0.2,0.8,Amazon,31535,2,13166.072280615526,Mo-Do
3,0.2,0.8,Amazon,31832,2,9200.583125922598,Di-Fr
3,0.2,0.8,DHL,30159,2,20531.893736704056,Mi-Sa
3,0.2,0.8,DHL,30161,4,10751.12589310444,Mi-Do-Fr-Sa
3,0.2,0.8,DHL,30163,4,9766.23455488572,Mo-Di-Mi-Sa
3,0.2,0.8,DHL,30165,3,8453.654644597173,Mo-Do-Fr
3,0.2,0.8,DHL,30167,3,12868.965775539822,Di-Mi-Sa
3,0.2,0.8,DHL,30169,3,5187.384723013723,Mi-Fr-Sa
3,0.2,0.8,DHL,30173,4,8799.791664315926,Mo-Di-Do-Fr
3,0.2,0.8,DHL,30177,2,6477.041274750225,Mi-Sa
3,0.2,0.8,DHL,30179,2,6569.62847926201,Mi-Sa
3,0.2,0.8,DHL,30419,2,15096.2866527447,Mi-Sa
3,0.2,0.8,DHL,30449,4,7427.338750690852,Mo-Mi-Do-Fr
3,0.2,0.8,DHL,30453,2,8499.864713367957,Mo-Do
3,0.2,0.8,DHL,30455,3,7188.728222911899,Di-Do-Fr
3,0.2,0.8,DHL,30457,3,6939.799516224191,Mo-Mi-Do
3,0.2,0.8,DHL,30459,4,6522.247868804821,Mo-Mi-Do-Fr
3,0.2,0.8,DHL,30519,4,12981.05144886413,Mi-Do-Fr-Sa
3,0.2,0.8,DHL,30539,4,8925.791783849147,Mo-Mi-Do-Fr
3,0.2,0.8,DHL,30559,4,12239.217564875795,Di-Mi-Do-Sa
3,0.2,0.8,DHL,30625,3,7792.715000329305,Mo-Mi-Fr
3,0.2,0.8,DHL,30627,2,5254.7504081721545,Di-Fr
3,0.2,0.8,DHL,30629,3,6219.598099195735,Mo-Mi-Do
3,0.2,0.8,DHL,30655,2,8612.441820513764,Mo-Do
3,0.2,0.8,DHL,30657,2,9686.286952102553,Di-Fr
3,0.2,0.8,DHL,30659,3,7702.239180055065,Di-Do-Fr
3,0.2,0.8,DHL,30823,3,9632.647920090323,Mo-Di-Fr
3,0.2,0.8,DHL,30826,2,8904.002246225133,Mo-Do
3,0.2,0.8,DHL,30827,3,8419.644670125408,Di-Mi-Fr
3,0.2,0.8,DHL,30851,4,7049.207978339565,Di-Mi-Do-Fr
3,0.2,0.8,DHL,30853,3,7755.486070198912,Di-Do-Fr
3,0.2,0.8,DHL,30855,2,27882.597857343495,Mo-Do
3,0.2,0.8,DHL,30880,2,16408.07114013212,Mi-Sa
3,0.2,0.8,DHL,30890,2,14814.623209389767,Mi-Sa
3,0.2,0.8,DHL,30900,2,15907.975642504241,Mo-Do
3,0.2,0.8,DHL,30916,2,16291.572309853427,Mo-Do
3,0.2,0.8,DHL,30926,2,13579.93112155544,Mi-Sa
3,0.2,0.8,DHL,30938,2,13710.712898983227,Mi-Sa
3,0.2,0.8,DHL,30952,3,10554.925920206271,Mo-Di-Fr
3,0.2,0.8,DHL,30966,2,9914.474867676277,Mo-Do
3,0.2,0.8,DHL,30974,2,7159.985817982381,Mo-Do
3,0.2,0.8,DHL,30982,2,7464.770460124717,Mi-Sa
3,0.2,0.8,DHL,30989,3,8030.700219211724,Mo-Mi-Fr
3,0.2,0.8,DHL,31275,2,18964.491919419477,Mi-Sa
3,0.2,0.8,DHL,31303,3,12951.171764030903,Di-Do-Sa
3,0.2,0.8,DHL,31311,3,9917.39140590234,Mo-Do-Fr
3,0.2,0.8,DHL,31319,2,11382.382129919975,Mi-Sa
3,0.2,0.8,DHL,31515,2,19899.292830935563,Mi-Sa
3,0.2,0.8,DHL,31535,3,20182.831772900558,Di-Mi-Fr
3,0.2,0.8,DHL,31832,2,13362.344294863198,Di-Fr
3,0.2,0.8,DPD,30159,3,6014.840964879768,Mi-Do-Sa
3,0.2,0.8,DPD,30161,2,3478.1345332389583,Mo-Do
3,0.2,0.8,DPD,30163,3,3194.100387895492,Di-Mi-Sa
3,0.2,0.8,DPD,30165,3,2999.160065924983,Di-Fr-Sa
3,0.2,0.8,DPD,30167,3,4179.24983064092,Di-Mi-Sa
3,0.2,0.8,DPD,30173,2,2905.9733702893454,Di-Fr
3,0.2,0.8,DPD,30177,5,1959.348122915845,Mo-Di-Do-Fr-Sa
3,0.2,0.8,DPD,30179,5,2169.9796652530886,Mo-Di-Do-Fr-Sa
3,0.2,0.8,DPD,30419,3,4765.579318085869,Di-Fr-Sa
3,0.2,0.8,DPD,30449,4,3861.8821571869175,Mo-Di-Do-Sa
3,0.2,0.8,DPD,30453,2,3339.089186318745,Mo-Do
3,0.2,0.8,DPD,30455,4,2746.58478805229,Mo-Do-Fr-Sa
3,0.2,0.8,DPD,30457,4,2698.1713686069106,Mo-Do-Fr-Sa
3,0.2,0.8,DPD,30459,5,2300.90093500937,Mo-Di-Do-Fr-Sa
3,0.2,0.8,DPD,30519,4,3957.7910911977924,Mo-Di-Do-Sa
3,0.2,0.8,DPD,30539,2,3017.947217952955,Di-Fr
3,0.2,0.8,DPD,30559,4,3712.431325196866,Mo-Mi-Do-Sa
3,0.2,0.8,DPD,30625,3,2504.9497977865076,Di-Fr-Sa
3,0.2,0.8,DPD,30627,6,1702.8075328692416,Mo-Di-Mi-Do-Fr-Sa
3,0.2,0.8,DPD,30629,5,1977.9440006774867,Mo-Di-Do-Fr-Sa
3,0.2,0.8,DPD,30655,3,2751.6276734903818,Mi-Fr-Sa
3,0.2,0.8,DPD,30657,3,3167.941349417362,Mi-Fr-Sa
3,0.2,0.8,DPD,30659,4,2321.9123967056657,Mo-Do-Fr-Sa
3,0.2,0.8,DPD,30823,3,3575.412688828149,Mi-Do-Sa
3,0.2,0.8,DPD,30826,2,3778.5212690189837,Mo-Do
3,0.2,0.8,DPD,30827,2,3314.7676267874895,Di-Fr
3,0.2,0.8,DPD,30851,5,2205.897488314613,Mo-Di-Do-Fr-Sa
3,0.2,0.8,DPD,30853,3,2721.269206359116,Mi-Fr-Sa
3,0.2,0.8,DPD,30855,3,9131.168583989569,Di-Do-Sa
3,0.2,0.8,DPD,30880,2,5130.556156649377,Mo-Do
3,0.2,0.8,DPD,30890,2,5647.171242858331,Mi-Sa
3,0.2,0.8,DPD,30900,2,5877.024333447301,Mo-Do
3,0.2,0.8,DPD,30916,3,4745.617571737004,Di-Fr-Sa
3,0.2,0.8,DPD,30926,2,5096.625773003325,Mo-Do
3,0.2,0.8,DPD,30938,2,4740.8679303394665,Di-Fr
3,0.2,0.8,DPD,30952,3,3887.392840346376,Mi-Do-Sa
3,0.2,0.8,DPD,30966,3,3653.5491129395846,Mi-Do-Sa
3,0.2,0.8,DPD,30974,3,3388.5287590814505,Mo-Mi-Fr
3,0.2,0.8,DPD,30982,4,3250.386317526037,Di-Do-Fr-Sa
3,0.2,0.8,DPD,30989,3,3353.5480154493434,Mi-Fr-Sa
3,0.2,0.8,DPD,31275,2,5516.855754328377,Di-Fr
3,0.2,0.8,DPD,31303,3,4556.804503801647,Mo-Mi-Fr
3,0.2,0.8,DPD,31311,2,4044.5687364302125,Mo-Do
3,0.2,0.8,DPD,31319,3,3932.9852402723004,Di-Mi-Fr
3,0.2,0.8,DPD,31515,2,7339.666504557497,Di-Fr
3,0.2,0.8,DPD,31535,2,8254.91064127923,Mo-Do
3,0.2,0.8,DPD,31832,2,5412.089484827343,Mi-Sa
3,0.2,0.8,FedEx,30159,3,11797.036210907187,Di-Fr-Sa
3,0.2,0.8,FedEx,30161,4,4830.469574922545,Mo-Do-Fr-Sa
3,0.2,0.8,FedEx,30163,2,7290.694372794813,Mi-Sa
3,0.2,0.8,FedEx,30167,4,4762.623835480135,Mo-Di-Fr-Sa
3,0.2,0.8,FedEx,30419,2,2995.591252455228,Mo-Do
3,0.2,0.8,FedEx,30449,5,5037.809704985058,Mo-Di-Mi-Do-Sa
3,0.2,0.8,FedEx,30453,3,2944.103492467706,Mi-Fr-Sa
3,0.2,0.8,FedEx,30455,3,1854.8110856344588,Mo-Mi-Do
3,0.2,0.8,FedEx,30457,4,1962.9262836196347,Mo-Di-Mi-Fr
3,0.2,0.8,FedEx,30519,3,3978.1764817803946,Mo-Di-Fr
3,0.2,0.8,FedEx,30539,4,3985.4659915440216,Mo-Di-Do-Fr
3,0.2,0.8,FedEx,30559,2,5020.075048329366,Mi-Sa
3,0.2,0.8,FedEx,30625,3,3466.284353152006,Di-Mi-Sa
3,0.2,0.8,FedEx,30655,4,3326.080787977061,Mo-Di-Mi-Do
3,0.2,0.8,FedEx,30657,2,4396.164572294897,Mi-Sa
3,0.2,0.8,FedEx,30823,5,1930.2668911295038,Mo-Di-Mi-Do-Sa
3,0.2,0.8,FedEx,30827,3,3737.0890666100913,Mo-Mi-Sa
3,0.2,0.8,FedEx,30853,3,4107.139620159485,Mo-Mi-Do
3,0.2,0.8,FedEx,30855,2,10826.17483710283,Di-Fr
3,0.2,0.8,FedEx,30880,5,5650.54807160614,Mo-Di-Mi-Do-Sa
3,0.2,0.8,FedEx,30890,3,3254.8227331311555,Mo-Mi-Fr
3,0.2,0.8,FedEx,30900,2,3787.235463970648,Mi-Sa
3,0.2,0.8,FedEx,30916,3,5065.878813191747,Mi-Do-Sa
3,0.2,0.8,FedEx,30926,4,3009.012356556971,Di-Do-Fr-Sa
3,0.2,0.8,FedEx,30938,3,5274.746876161931,Mo-Di-Fr
3,0.2,0.8,FedEx,30952,4,2718.0440492119487,Di-Mi-Do-Fr
3,0.2,0.8,FedEx,30966,6,2488.5376856129433,Mo-Di-Mi-Do-Fr-Sa
3,0.2,0.8,FedEx,30974,5,2340.633542170353,Mo-Di-Mi-Do-Fr
3,0.2,0.8,FedEx,30982,6,2379.2604748942445,Mo-Di-Mi-Do-Fr-Sa
3,0.2,0.8,FedEx,30989,5,2397.6963758390616,Mo-Di-Mi-Do-Fr
3,0.2,0.8,FedEx,31275,3,4613.590058227349,Di-Mi-Fr
3,0.2,0.8,FedEx,31303,3,3347.5664508895934,Mo-Mi-Fr
3,0.2,0.8,FedEx,31311,6,2818.577694291381,Mo-Di-Mi-Do-Fr-Sa
3,0.2,0.8,FedEx,31319,3,2734.818039367821,Mo-Di-Fr
3,0.2,0.8,FedEx,31515,3,4685.693321677086,Mo-Di-Fr
3,0.2,0.8,FedEx,31535,2,4934.958667239911,Mi-Sa
3,0.2,0.8,FedEx,31832,3,3598.8158223375012,Di-Do-Fr
3,0.2,0.8,GLS,30159,3,4557.3469355068555,Di-Mi-Sa
3,0.2,0.8,GLS,30161,2,2865.6518479894994,Mo-Do
3,0.2,0.8,GLS,30163,3,4104.011047632788,Di-Mi-Sa
3,0.2,0.8,GLS,30165,4,2328.731040552761,Mo-Di-Fr-Sa
3,0.2,0.8,GLS,30167,3,3307.6342086055224,Di-Mi-Sa
3,0.2,0.8,GLS,30173,3,2402.1625052254835,Di-Fr-Sa
3,0.2,0.8,GLS,30179,6,2030.2594095239801,Mo-Di-Mi-Do-Fr-Sa
3,0.2,0.8,GLS,30419,3,4459.660208000529,Mo-Mi-Sa
3,0.2,0.8,GLS,30449,2,3157.0449230029126,Di-Fr
3,0.2,0.8,GLS,30453,3,2723.0835840991294,Di-Fr-Sa
3,0.2,0.8,GLS,30455,5,2398.6905588936056,Mo-Di-Do-Fr-Sa
3,0.2,0.8,GLS,30457,5,2351.365933747939,Mo-Mi-Do-Fr-Sa
3,0.2,0.8,GLS,30459,6,1876.236727895414,Mo-Di-Mi-Do-Fr-Sa
3,0.2,0.8,GLS,30519,3,3320.959450701932,Di-Mi-Fr
3,0.2,0.8,GLS,30539,5,2208.4451496065935,Mo-Di-Do-Fr-Sa
3,0.2,0.8,GLS,30559,3,3452.653005524558,Di-Mi-Fr
3,0.2,0.8,GLS,30625,5,2149.574039029973,Mo-Di-Do-Fr-Sa
3,0.2,0.8,GLS,30627,5,1766.4402123349803,Mo-Di-Mi-Do-Fr
3,0.2,0.8,GLS,30629,6,2094.2697610443015,Mo-Di-Mi-Do-Fr-Sa
3,0.2,0.8,GLS,30655,3,2610.686255051927,Mi-Fr-Sa
3,0.2,0.8,GLS,30657,5,2568.855394181864,Mo-Di-Do-Fr-Sa
3,0.2,0.8,GLS,30659,6,2165.5626302364476,Mo-Di-Mi-Do-Fr-Sa
3,0.2,0.8,GLS,30823,2,3538.9016551466966,Mo-Do
3,0.2,0.8,GLS,30826,2,3600.102876838937,Mi-Sa
3,0.2,0.8,GLS,30827,4,2876.2204427494326,Mo-Mi-Fr-Sa
3,0.2,0.8,GLS,30851,6,2097.4205946859483,Mo-Di-Mi-Do-Fr-Sa
3,0.2,0.8,GLS,30853,6,2190.0844891648285,Mo-Di-Mi-Do-Fr-Sa
3,0.2,0.8,GLS,30855,4,7566.7601267133605,Mo-Di-Fr-Sa
3,0.2,0.8,GLS,30880,3,3836.147682650448,Di-Do-Sa
3,0.2,0.8,GLS,30890,2,5365.822461331334,Mi-Sa
3,0.2,0.8,GLS,30900,3,6125.835640283152,Di-Do-Sa
3,0.2,0.8,GLS,30916,2,4377.54449502725,Mi-Sa
3,0.2,0.8,GLS,30926,3,4830.954122482518,Mo-Di-Fr
3,0.2,0.8,GLS,30938,2,4284.887683820594,Di-Fr
3,0.2,0.8,GLS,30952,2,3421.075925186695,Mo-Do
3,0.2,0.8,GLS,30966,2,3078.777628708922,Di-Fr
3,0.2,0.8,GLS,30974,4,2837.14037937196,Mo-Di-Mi-Sa
3,0.2,0.8,GLS,30982,3,2624.284902204135,Mo-Mi-Sa
3,0.2,0.8,GLS,30989,6,2798.376100761728,Mo-Di-Mi-Do-Fr-Sa
3,0.2,0.8,GLS,31275,2,5989.199612704994,Mi-Sa
3,0.2,0.8,GLS,31303,2,4601.605216783555,Mi-Sa
3,0.2,0.8,GLS,31311,2,4322.377426476468,Mi-Sa
3,0.2,0.8,GLS,31319,3,3950.6949324978004,Di-Mi-Fr
3,0.2,0.8,GLS,31515,2,6964.3986495601985,Mo-Do
3,0.2,0.8,GLS,31535,2,8146.352809294425,Mi-Sa
3,0.2,0.8,GLS,31832,4,4843.342728558966,Mo-Di-Mi-Do
3,0.2,0.8,Hermes,30159,2,5329.4200324902495,Di-Fr
3,0.2,0.8,Hermes,30161,3,3114.470827306436,Di-Mi-Fr
3,0.2,0.8,Hermes,30163,4,3073.5712108877433,Mo-Di-Mi-Sa
3,0.2,0.8,Hermes,30165,2,2985.639872225572,Mi-Sa
3,0.2,0.8,Hermes,30167,3,3805.747678101819,Di-Fr-Sa
3,0.2,0.8,Hermes,30173,2,3196.9738047726178,Di-Fr
3,0.2,0.8,Hermes,30177,2,2784.728097582707,Di-Fr
3,0.2,0.8,Hermes,30179,3,2610.252410869079,Mi-Fr-Sa
3,0.2,0.8,Hermes,30419,3,4839.16833374345,Mi-Fr-Sa
3,0.2,0.8,Hermes,30449,3,3809.588211795507,Mo-Do-Sa
3,0.2,0.8,Hermes,30453,2,3268.9788576622855,Mi-Sa
3,0.2,0.8,Hermes,30455,2,3102.115679126982,Mo-Do
3,0.2,0.8,Hermes,30457,2,3139.359094927894,Mo-Do
3,0.2,0.8,Hermes,30459,2,3092.0046569469077,Mi-Sa
3,0.2,0.8,Hermes,30519,2,4542.142970277261,Mi-Sa
3,0.2,0.8,Hermes,30539,3,3409.1315511464954,Mi-Do-Sa
3,0.2,0.8,Hermes,30559,2,4784.275505673854,Mo-Do
3,0.2,0.8,Hermes,30625,2,3037.532891578589,Mi-Sa
3,0.2,0.8,Hermes,30627,6,1800.235438802243,Mo-Di-Mi-Do-Fr-Sa
3,0.2,0.8,Hermes,30629,2,3020.386585062728,Mo-Do
3,0.2,0.8,Hermes,30655,2,3211.6332927920575,Di-Fr
3,0.2,0.8,Hermes,30657,3,3003.6614184139835,Mi-Do-Sa
3,0.2,0.8,Hermes,30659,2,3025.354181111082,Mo-Do
3,0.2,0.8,Hermes,30823,3,3678.483350736018,Mo-Mi-Sa
3,0.2,0.8,Hermes,30826,3,3827.4828558500176,Di-Mi-Sa
3,0.2,0.8,Hermes,30827,3,2992.3766166892983,Mi-Fr-Sa
3,0.2,0.8,Hermes,30851,2,2681.6963174423636,Mo-Do
3,0.2,0.8,Hermes,30853,3,2435.5992306465987,Di-Fr-Sa
3,0.2,0.8,Hermes,30855,3,8138.600528858443,Mo-Mi-Do
3,0.2,0.8,Hermes,30880,3,6075.103743764811,Mi-Fr-Sa
3,0.2,0.8,Hermes,30890,2,6362.660856138651,Mo-Do
3,0.2,0.8,Hermes,30900,3,6647.891399526817,Mo-Do-Sa
3,0.2,0.8,Hermes,30916,2,5165.915093822287,Mo-Do
3,0.2,0.8,Hermes,30926,3,5613.3414985236,Mi-Fr-Sa
3,0.2,0.8,Hermes,30938,3,5028.28272676039,Mo-Mi-Sa
3,0.2,0.8,Hermes,30952,3,4444.615633865187,Mo-Di-Fr
3,0.2,0.8,Hermes,30966,4,4145.6875532461145,Mo-Di-Mi-Sa
3,0.2,0.8,Hermes,30974,2,3743.6193277221073,Di-Fr
3,0.2,0.8,Hermes,30982,2,3751.6651836825645,Mo-Do
3,0.2,0.8,Hermes,30989,2,3480.9098922972344,Mo-Do
3,0.2,0.8,Hermes,31275,2,7795.591279958188,Mo-Do
3,0.2,0.8,Hermes,31303,2,5856.5287548483575,Mo-Do
3,0.2,0.8,Hermes,31311,2,5066.945336337373,Mi-Sa
3,0.2,0.8,Hermes,31319,2,5239.0117788912185,Mi-Sa
3,0.2,0.8,Hermes,31515,2,7739.34012518319,Di-Fr
3,0.2,0.8,Hermes,31535,2,8897.905901356904,Mi-Sa
3,0.2,0.8,Hermes,31832,2,6615.504369495185,Mo-Do
3,0.2,0.8,UPS,30159,2,13082.41636904723,Di-Fr
3,0.2,0.8,UPS,30161,2,5495.37975743963,Mo-Do
3,0.2,0.8,UPS,30163,2,5846.885014562022,Mi-Sa
3,0.2,0.8,UPS,30165,3,3477.0576025229375,Mo-Mi-Sa
3,0.2,0.8,UPS,30167,2,5403.23721799259,Mo-Do
3,0.2,0.8,UPS,30419,3,3261.1812667429663,Di-Mi-Fr
3,0.2,0.8,UPS,30449,2,5834.621913053352,Mi-Sa
3,0.2,0.8,UPS,30453,3,3166.76261690755,Di-Fr-Sa
3,0.2,0.8,UPS,30455,5,1948.033919866733,Mo-Di-Mi-Do-Sa
3,0.2,0.8,UPS,30457,6,2082.9256820867663,Mo-Di-Mi-Do-Fr-Sa
3,0.2,0.8,UPS,30519,3,4758.417945936257,Di-Do-Fr
3,0.2,0.8,UPS,30539,4,4160.0447590268095,Mo-Mi-Fr-Sa
3,0.2,0.8,UPS,30559,3,4772.155903471128,Mo-Di-Fr
3,0.2,0.8,UPS,30625,3,3918.902788801101,Mo-Do-Fr
3,0.2,0.8,UPS,30655,5,2042.8805588262653,Mo-Mi-Do-Fr-Sa
3,0.2,0.8,UPS,30657,4,4462.115560400664,Mo-Di-Fr-Sa
3,0.2,0.8,UPS,30659,4,3446.448061918988,Mo-Di-Mi-Do
3,0.2,0.8,UPS,30823,4,2606.560258397579,Mo-Do-Fr-Sa
3,0.2,0.8,UPS,30826,6,2042.7216152816727,Mo-Di-Mi-Do-Fr-Sa
3,0.2,0.8,UPS,30827,3,3212.7986365447327,Di-Mi-Sa
3,0.2,0.8,UPS,30853,3,4249.636363764892,Di-Fr-Sa
3,0.2,0.8,UPS,30855,4,11950.038440589424,Mo-Di-Do-Sa
3,0.2,0.8,UPS,30880,3,6355.50214841151,Mo-Do-Fr
3,0.2,0.8,UPS,30890,2,3813.2321708606505,Di-Fr
3,0.2,0.8,UPS,30900,2,4356.6247072654305,Di-Fr
3,0.2,0.8,UPS,30916,2,5563.699639370503,Mi-Sa
3,0.2,0.8,UPS,30926,2,3396.2106864497937,Mo-Do
3,0.2,0.8,UPS,30938,3,5495.572316496687,Di-Fr-Sa
3,0.2,0.8,UPS,30952,3,3108.384936767642,Mo-Mi-Fr
3,0.2,0.8,UPS,30966,3,3034.442970541756,Di-Fr-Sa
3,0.2,0.8,UPS,30974,4,2813.52799325055,Mo-Di-Mi-Sa
3,0.2,0.8,UPS,30982,2,2800.239644550245,Mi-Sa
3,0.2,0.8,UPS,30989,3,2881.5552016527236,Mo-Mi-Sa
3,0.2,0.8,UPS,31275,2,5542.739120924723,Mo-Do
3,0.2,0.8,UPS,31303,2,3761.7015440919363,Mo-Do
3,0.2,0.8,UPS,31311,2,3462.7296607942944,Mo-Do
3,0.2,0.8,UPS,31319,3,2985.710357635008,Mo-Di-Do
3,0.2,0.8,UPS,31515,2,5599.147316635225,Mi-Sa
3,0.2,0.8,UPS,31535,2,5707.473796019175,Mi-Sa
3,0.2,0.8,UPS,31832,2,4539.514264162335,Mo-Do
3,0.30000000000000004,0.7,Amazon,30159,3,10990.94706394088,Di-Mi-Sa
3,0.30000000000000004,0.7,Amazon,30161,4,5861.14308355979,Di-Mi-Do-Sa
3,0.30000000000000004,0.7,Amazon,30163,3,5538.033730478717,Mi-Do-Sa
3,0.30000000000000004,0.7,Amazon,30165,3,4483.007685006994,Mo-Do-Sa
3,0.30000000000000004,0.7,Amazon,30167,4,6905.915141689464,Mi-Do-Fr-Sa
3,0.30000000000000004,0.7,Amazon,30173,4,4773.846468619654,Mo-Mi-Fr-Sa
3,0.30000000000000004,0.7,Amazon,30177,3,3996.8528613775393,Di-Do-Fr
3,0.30000000000000004,0.7,Amazon,30179,3,3830.800366105121,Di-Do-Sa
3,0.30000000000000004,0.7,Amazon,30419,3,8388.45319900618,Di-Fr-Sa
3,0.30000000000000004,0.7,Amazon,30449,4,6770.306526563055,Mo-Do-Fr-Sa
3,0.30000000000000004,0.7,Amazon,30453,3,4671.014549615279,Di-Do-Sa
3,0.30000000000000004,0.7,Amazon,30455,3,4394.04430807987,Mo-Mi-Fr
3,0.30000000000000004,0.7,Amazon,30457,4,4563.926716349681,Mo-Di-Mi-Fr
3,0.30000000000000004,0.7,Amazon,30459,4,4246.071623567221,Di-Mi-Fr-Sa
3,0.30000000000000004,0.7,Amazon,30519,3,7801.189894332324,Di-Fr-Sa
3,0.30000000000000004,0.7,Amazon,30539,5,5203.63663204873,Mo-Di-Mi-Do-Fr
3,0.30000000000000004,0.7,Amazon,30559,2,7808.143916919988,Di-Fr
3,0.30000000000000004,0.7,Amazon,30625,3,4447.926132453519,Di-Mi-Sa
3,0.30000000000000004,0.7,Amazon,30627,2,3347.0835326978267,Mi-Sa
3,0.30000000000000004,0.7,Amazon,30629,3,4148.322162728031,Di-Do-Sa
3,0.30000000000000004,0.7,Amazon,30655,3,4906.451611281151,Mo-Di-Fr
3,0.30000000000000004,0.7,Amazon,30657,3,4961.754925127176,Mi-Do-Sa
3,0.30000000000000004,0.7,Amazon,30659,4,4335.29717063748,Di-Mi-Fr-Sa
3,0.30000000000000004,0.7,Amazon,30823,4,5147.920418577296,Di-Mi-Do-Sa
3,0.30000000000000004,0.7,Amazon,30826,3,4910.180467638051,Mo-Do-Sa
3,0.30000000000000004,0.7,Amazon,30827,3,4288.551226571997,Mo-Mi-Fr
3,0.30000000000000004,0.7,Amazon,30851,4,3951.082587236231,Di-Mi-Fr-Sa
3,0.30000000000000004,0.7,Amazon,30853,3,4092.3306338180437,Mo-Do-Sa
3,0.30000000000000004,0.7,Amazon,30855,2,15580.243818898432,Mo-Do
3,0.30000000000000004,0.7,Amazon,30880,2,10147.76326308768,Mi-Sa
3,0.30000000000000004,0.7,Amazon,30890,2,9321.897084418146,Mo-Do
3,0.30000000000000004,0.7,Amazon,30900,2,10411.637575157498,Di-Fr
3,0.30000000000000004,0.7,Amazon,30916,2,9087.468201051352,Mo-Do
3,0.30000000000000004,0.7,Amazon,30926,3,8048.450852849311,Mi-Fr-Sa
3,0.30000000000000004,0.7,Amazon,30938,4,8382.267520835161,Mo-Di-Do-Fr
3,0.30000000000000004,0.7,Amazon,30952,4,6533.874609895731,Mo-Di-Mi-Do
3,0.30000000000000004,0.7,Amazon,30966,4,6305.751051853699,Di-Mi-Do-Fr
3,0.30000000000000004,0.7,Amazon,30974,4,4945.204614278671,Di-Mi-Fr-Sa
3,0.30000000000000004,0.7,Amazon,30982,3,5277.067860050533,Mo-Do-Sa
3,0.30000000000000004,0.7,Amazon,30989,3,4730.926373964936,Mi-Fr-Sa
3,0.30000000000000004,0.7,Amazon,31275,3,13488.182439400323,Mi-Do-Sa
3,0.30000000000000004,0.7,Amazon,31303,2,9169.250139832993,Di-Fr
3,0.30000000000000004,0.7,Amazon,31311,3,7504.432784879504,Mi-Do-Sa
3,0.30000000000000004,0.7,Amazon,31319,3,8517.385858922518,Mo-Di-Fr
3,0.30000000000000004,0.7,Amazon,31515,3,11712.066641887253,Mi-Do-Sa
3,0.30000000000000004,0.7,Amazon,31535,3,13623.646525065547,Di-Do-Sa
3,0.30000000000000004,0.7,Amazon,31832,3,9686.798853027463,Di-Mi-Fr
3,0.30000000000000004,0.7,DHL,30159,5,20784.15954571775,Mo-Mi-Do-Fr-Sa
3,0.30000000000000004,0.7,DHL,30161,4,10879.449136357856,Di-Mi-Do-Fr
3,0.30000000000000004,0.7,DHL,30163,4,9880.861631261696,Mo-Di-Fr-Sa
3,0.30000000000000004,0.7,DHL,30165,3,8493.362338881416,Mi-Fr-Sa
3,0.30000000000000004,0.7,DHL,30167,4,12784.724023013645,Mo-Di-Do-Sa
3,0.30000000000000004,0.7,DHL,30169,5,5423.437979426412,Mo-Di-Do-Fr-Sa
3,0.30000000000000004,0.7,DHL,30173,4,8980.338806562526,Di-Mi-Fr-Sa
3,0.30000000000000004,0.7,DHL,30177,4,6456.067676729972,Mo-Di-Do-Fr
3,0.30000000000000004,0.7,DHL,30179,4,6822.252437448476,Mo-Di-Mi-Fr
3,0.30000000000000004,0.7,DHL,30419,3,15217.059428474206,Mo-Di-Fr
3,0.30000000000000004,0.7,DHL,30449,4,7344.436541322717,Mo-Di-Fr-Sa
3,0.30000000000000004,0.7,DHL,30453,2,8448.657940712967,Mi-Sa
3,0.30000000000000004,0.7,DHL,30455,2,7012.87656365785,Di-Fr
3,0.30000000000000004,0.7,DHL,30457,2,6792.72111988266,Di-Fr
3,0.30000000000000004,0.7,DHL,30459,3,6558.590489894086,Mo-Do-Sa
3,0.30000000000000004,0.7,DHL,30519,4,13046.241800271575,Di-Mi-Do-Sa
3,0.30000000000000004,0.7,DHL,30539,4,8888.121210247356,Mi-Do-Fr-Sa
3,0.30000000000000004,0.7,DHL,30559,4,12245.3294000457,Mo-Di-Mi-Do
3,0.30000000000000004,0.7,DHL,30625,4,7670.526399681585,Di-Do-Fr-Sa
3,0.30000000000000004,0.7,DHL,30627,3,5377.376379360645,Mo-Di-Do
3,0.30000000000000004,0.7,DHL,30629,3,6525.095635395107,Mo-Di-Do
3,0.30000000000000004,0.7,DHL,30655,3,8446.615490648881,Mi-Fr-Sa
3,0.30000000000000004,0.7,DHL,30657,3,9938.466685081183,Di-Mi-Fr
3,0.30000000000000004,0.7,DHL,30659,3,7656.495256902058,Di-Fr-Sa
3,0.30000000000000004,0.7,DHL,30823,2,10015.513607899848,Mo-Do
3,0.30000000000000004,0.7,DHL,30826,2,8892.871093882892,Mi-Sa
3,0.30000000000000004,0.7,DHL,30827,4,8460.159098230713,Mo-Mi-Do-Sa
3,0.30000000000000004,0.7,DHL,30851,5,7139.926422597469,Mo-Di-Mi-Do-Sa
3,0.30000000000000004,0.7,DHL,30853,4,7846.070657009104,Mo-Di-Fr-Sa
3,0.30000000000000004,0.7,DHL,30855,3,29971.926705674676,Mo-Do-Sa
3,0.30000000000000004,0.7,DHL,30880,2,16545.79118367341,Mi-Sa
3,0.30000000000000004,0.7,DHL,30890,2,15284.321343345307,Mi-Sa
3,0.30000000000000004,0.7,DHL,30900,2,16609.702172433557,Di-Fr
3,0.30000000000000004,0.7,DHL,30916,2,16408.57321493521,Mi-Sa
3,0.30000000000000004,0.7,DHL,30926,2,13542.76973477951,Mi-Sa
3,0.30000000000000004,0.7,DHL,30938,2,13891.395555209932,Mo-Do
3,0.30000000000000004,0.7,DHL,30952,2,10724.436734074003,Mo-Do
3,0.30000000000000004,0.7,DHL,30966,3,10209.582724834754,Di-Do-Sa
3,0.30000000000000004,0.7,DHL,30974,2,7349.206291004154,Mi-Sa
3,0.30000000000000004,0.7,DHL,30982,3,7483.596222319317,Di-Fr-Sa
3,0.30000000000000004,0.7,DHL,30989,2,7964.215138437357,Mi-Sa
3,0.30000000000000004,0.7,DHL,31275,2,19674.240801974764,Di-Fr
3,0.30000000000000004,0.7,DHL,31303,3,13162.640013389399,Di-Do-Sa
3,0.30000000000000004,0.7,DHL,31311,3,9998.633937941318,Mi-Fr-Sa
3,0.30000000000000004,0.7,DHL,31319,3,11572.925051688775,Di-Do-Fr
3,0.30000000000000004,0.7,DHL,31515,2,19942.784300774383,Mo-Do
3,0.30000000000000004,0.7,DHL,31535,3,20577.51352358096,Di-Mi-Sa
3,0.30000000000000004,0.7,DHL,31832,2,13500.261630830917,Di-Fr
3,0.30000000000000004,0.7,DPD,30159,4,6350.500327643459,Mo-Di-Mi-Do
3,0.30000000000000004,0.7,DPD,30161,2,3478.446676135566,Mi-Sa
3,0.30000000000000004,0.7,DPD,30163,2,3220.100759089566,Mi-Sa
3,0.30000000000000004,0.7,DPD,30165,2,3042.633458088041,Mo-Do
3,0.30000000000000004,0.7,DPD,30167,3,3948.9981605104604,Di-Do-Sa
3,0.30000000000000004,0.7,DPD,30173,2,2939.603488014906,Mi-Sa
3,0.30000000000000004,0.7,DPD,30177,5,1963.6745777254125,Mo-Di-Do-Fr-Sa
3,0.30000000000000004,0.7,DPD,30179,5,2176.071007564437,Mo-Di-Do-Fr-Sa
3,0.30000000000000004,0.7,DPD,30419,3,4771.586200086533,Di-Mi-Sa
3,0.30000000000000004,0.7,DPD,30449,2,3751.3889495597487,Mi-Sa
3,0.30000000000000004,0.7,DPD,30453,2,3257.4275525467574,Di-Fr
3,0.30000000000000004,0.7,DPD,30455,3,2681.7137419630203,Mo-Mi-Sa
3,0.30000000000000004,0.7,DPD,30457,4,2669.3100013003177,Di-Do-Fr-Sa
3,0.30000000000000004,0.7,DPD,30459,5,2308.6417774557285,Mo-Di-Do-Fr-Sa
3,0.30000000000000004,0.7,DPD,30519,3,3948.7149464087947,Mo-Di-Fr
3,0.30000000000000004,0.7,DPD,30539,2,3042.8302779949645,Mi-Sa
3,0.30000000000000004,0.7,DPD,30559,2,3559.90869138747,Mo-Do
3,0.30000000000000004,0.7,DPD,30625,4,2370.7320855050093,Mo-Mi-Fr-Sa
3,0.30000000000000004,0.7,DPD,30627,5,1694.2602928181109,Mo-Di-Mi-Do-Sa
3,0.30000000000000004,0.7,DPD,30629,5,1988.2216644720684,Mo-Di-Do-Fr-Sa
3,0.30000000000000004,0.7,DPD,30655,3,2587.1794614876057,Di-Fr-Sa
3,0.30000000000000004,0.7,DPD,30657,2,3091.4886020994654,Mi-Sa
3,0.30000000000000004,0.7,DPD,30659,4,2317.920697437644,Mo-Do-Fr-Sa
3,0.30000000000000004,0.7,DPD,30823,2,3475.9535768784403,Mi-Sa
3,0.30000000000000004,0.7,DPD,30826,3,3715.35353677937,Di-Do-Sa
3,0.30000000000000004,0.7,DPD,30827,2,3185.2049719646698,Mi-Sa
3,0.30000000000000004,0.7,DPD,30851,5,2199.6005314887225,Mo-Di-Do-Fr-Sa
3,0.30000000000000004,0.7,DPD,30853,3,2701.404561549944,Mi-Fr-Sa
3,0.30000000000000004,0.7,DPD,30855,2,9312.25775028662,Di-Fr
3,0.30000000000000004,0.7,DPD,30880,2,5083.784646705826,Di-Fr
3,0.30000000000000004,0.7,DPD,30890,3,5921.040856675891,Mo-Mi-Fr
3,0.30000000000000004,0.7,DPD,30900,2,6275.337053925538,Mo-Do
3,0.30000000000000004,0.7,DPD,30916,2,4864.534636973724,Mo-Do
3,0.30000000000000004,0.7,DPD,30926,2,5086.440051445288,Di-Fr
3,0.30000000000000004,0.7,DPD,30938,2,4684.399626476013,Di-Fr
3,0.30000000000000004,0.7,DPD,30952,2,3818.6607486685652,Mo-Do
3,0.30000000000000004,0.7,DPD,30966,2,3587.0930292261846,Mo-Do
3,0.30000000000000004,0.7,DPD,30974,2,3351.451321648338,Mo-Do
3,0.30000000000000004,0.7,DPD,30982,2,3197.6649027958915,Mi-Sa
3,0.30000000000000004,0.7,DPD,30989,4,3369.4603325342277,Di-Do-Fr-Sa
3,0.30000000000000004,0.7,DPD,31275,2,5459.243143572204,Mi-Sa
3,0.30000000000000004,0.7,DPD,31303,2,4364.390938545719,Mi-Sa
3,0.30000000000000004,0.7,DPD,31311,2,4067.667158374832,Mo-Do
3,0.30000000000000004,0.7,DPD,31319,2,3885.4597315619435,Di-Fr
3,0.30000000000000004,0.7,DPD,31515,2,7313.50751487793,Di-Fr
3,0.30000000000000004,0.7,DPD,31535,2,8402.162002466246,Di-Fr
3,0.30000000000000004,0.7,DPD,31832,2,5681.391653276711,Di-Fr
3,0.30000000000000004,0.7,FedEx,30159,2,11655.456456228841,Mo-Do
3,0.30000000000000004,0.7,FedEx,30161,3,4640.931390786609,Mo-Do-Sa
3,0.30000000000000004,0.7,FedEx,30163,3,7399.01523377328,Mo-Di-Do
3,0.30000000000000004,0.7,FedEx,30167,3,4607.583500177585,Di-Fr-Sa
3,0.30000000000000004,0.7,FedEx,30419,3,3078.100538544045,Mo-Do-Fr
3,0.30000000000000004,0.7,FedEx,30449,3,4855.033134652897,Di-Fr-Sa
3,0.30000000000000004,0.7,FedEx,30453,3,2739.492887567344,Di-Fr-Sa
3,0.30000000000000004,0.7,FedEx,30455,3,1864.7975987020263,Mo-Mi-Sa
3,0.30000000000000004,0.7,FedEx,30457,4,1963.7553365440913,Mo-Di-Mi-Fr
3,0.30000000000000004,0.7,FedEx,30519,2,3988.9452566287205,Mo-Do
3,0.30000000000000004,0.7,FedEx,30539,3,3929.1906300366054,Mo-Mi-Sa
3,0.30000000000000004,0.7,FedEx,30559,2,4595.1981892875565,Mi-Sa
3,0.30000000000000004,0.7,FedEx,30625,3,3432.32999968727,Di-Mi-Fr
3,0.30000000000000004,0.7,FedEx,30655,3,3304.6546083782146,Di-Mi-Fr
3,0.30000000000000004,0.7,FedEx,30657,2,4366.219263946684,Mi-Sa
3,0.30000000000000004,0.7,FedEx,30823,5,1934.2361596600877,Mo-Di-Mi-Do-Sa
3,0.30000000000000004,0.7,FedEx,30827,3,3725.8465890373036,Di-Do-Sa
3,0.30000000000000004,0.7,FedEx,30853,2,3862.8004558450853,Mi-Sa
3,0.30000000000000004,0.7,FedEx,30855,3,10805.57841733376,Mo-Do-Fr
3,0.30000000000000004,0.7,FedEx,30880,3,5657.147344566456,Mo-Di-Fr
3,0.30000000000000004,0.7,FedEx,30890,2,3189.3472429407525,Mo-Do
3,0.30000000000000004,0.7,FedEx,30900,2,3708.059427499285,Di-Fr
3,0.30000000000000004,0.7,FedEx,30916,3,5046.501676586494,Mo-Di-Fr
3,0.30000000000000004,0.7,FedEx,30926,3,2896.2641551551533,Mo-Di-Do
3,0.30000000000000004,0.7,FedEx,30938,4,4941.500114456662,Di-Mi-Fr-Sa
3,0.30000000000000004,0.7,FedEx,30952,4,2751.579466832477,Di-Mi-Do-Fr
3,0.30000000000000004,0.7,FedEx,30966,6,2488.5376856129433,Mo-Di-Mi-Do-Fr-Sa
3,0.30000000000000004,0.7,FedEx,30974,4,2333.4168073556575,Di-Mi-Do-Sa
3,0.30000000000000004,0.7,FedEx,30982,6,2379.2604748942445,Mo-Di-Mi-Do-Fr-Sa
3,0.30000000000000004,0.7,FedEx,30989,5,2390.458724184668,Mo-Di-Mi-Do-Fr
3,0.30000000000000004,0.7,FedEx,31275,2,4484.739531205554,Di-Fr
3,0.30000000000000004,0.7,FedEx,31303,2,3290.8505240402783,Mo-Do
3,0.30000000000000004,0.7,FedEx,31311,6,2818.577694291381,Mo-Di-Mi-Do-Fr-Sa
3,0.30000000000000004,0.7,FedEx,31319,3,2730.7588375957057,Mo-Do-Sa
3,0.30000000000000004,0.7,FedEx,31515,2,4496.112626132333,Mo-Do
3,0.30000000000000004,0.7,FedEx,31535,2,5041.203568777838,Mi-Sa
3,0.30000000000000004,0.7,FedEx,31832,2,3590.1724412485883,Di-Fr
3,0.30000000000000004,0.7,GLS,30159,2,4538.771598313952,Di-Fr
3,0.30000000000000004,0.7,GLS,30161,2,2895.221167874135,Mi-Sa
3,0.30000000000000004,0.7,GLS,30163,3,3908.7070412108055,Di-Do-Sa
3,0.30000000000000004,0.7,GLS,30165,5,2152.2347282495803,Mo-Di-Do-Fr-Sa
3,0.30000000000000004,0.7,GLS,30167,2,3265.1730734509356,Di-Fr
3,0.30000000000000004,0.7,GLS,30173,4,2229.568162401855,Di-Do-Fr-Sa
3,0.30000000000000004,0.7,GLS,30179,6,2030.2594095239801,Mo-Di-Mi-Do-Fr-Sa
3,0.30000000000000004,0.7,GLS,30419,3,4479.596452220012,Mo-Mi-Fr
3,0.30000000000000004,0.7,GLS,30449,3,3076.9784691291757,Di-Do-Sa
3,0.30000000000000004,0.7,GLS,30453,4,2618.4675703759017,Di-Do-Fr-Sa
3,0.30000000000000004,0.7,GLS,30455,5,2404.9050335602037,Mo-Di-Do-Fr-Sa
3,0.30000000000000004,0.7,GLS,30457,5,2355.7701559321345,Mo-Mi-Do-Fr-Sa
3,0.30000000000000004,0.7,GLS,30459,6,1876.236727895414,Mo-Di-Mi-Do-Fr-Sa
3,0.30000000000000004,0.7,GLS,30519,2,3261.1155157434805,Di-Fr
3,0.30000000000000004,0.7,GLS,30539,5,2202.2837224000696,Mo-Di-Do-Fr-Sa
3,0.30000000000000004,0.7,GLS,30559,2,3406.1306399988425,Di-Fr
3,0.30000000000000004,0.7,GLS,30625,5,2157.110574282835,Mo-Di-Do-Fr-Sa
3,0.30000000000000004,0.7,GLS,30627,4,1749.517022345094,Di-Mi-Do-Sa
3,0.30000000000000004,0.7,GLS,30629,6,2094.2697610443015,Mo-Di-Mi-Do-Fr-Sa
3,0.30000000000000004,0.7,GLS,30655,4,2509.9217684971672,Di-Do-Fr-Sa
3,0.30000000000000004,0.7,GLS,30657,5,2543.5383305603636,Mo-Di-Do-Fr-Sa
3,0.30000000000000004,0.7,GLS,30659,6,2165.5626302364476,Mo-Di-Mi-Do-Fr-Sa
3,0.30000000000000004,0.7,GLS,30823,2,3598.7578620731256,Mi-Sa
3,0.30000000000000004,0.7,GLS,30826,3,3648.583659180118,Mi-Fr-Sa
3,0.30000000000000004,0.7,GLS,30827,5,2818.3953501122405,Mo-Di-Do-Fr-Sa
3,0.30000000000000004,0.7,GLS,30851,6,2097.4205946859483,Mo-Di-Mi-Do-Fr-Sa
3,0.30000000000000004,0.7,GLS,30853,6,2190.0844891648285,Mo-Di-Mi-Do-Fr-Sa
3,0.30000000000000004,0.7,GLS,30855,4,7836.159616909328,Mo-Di-Fr-Sa
3,0.30000000000000004,0.7,GLS,30880,2,3807.190261202399,Di-Fr
3,0.30000000000000004,0.7,GLS,30890,2,5053.104524923979,Mi-Sa
3,0.30000000000000004,0.7,GLS,30900,2,6065.116583485758,Di-Fr
3,0.30000000000000004,0.7,GLS,30916,3,4375.1486105993,Di-Mi-Fr
3,0.30000000000000004,0.7,GLS,30926,2,4671.153821376749,Mo-Do
3,0.30000000000000004,0.7,GLS,30938,2,4290.900219254716,Mi-Sa
3,0.30000000000000004,0.7,GLS,30952,2,3462.92967016273,Mo-Do
3,0.30000000000000004,0.7,GLS,30966,2,2986.770027356428,Di-Fr
3,0.30000000000000004,0.7,GLS,30974,4,2851.4236831204316,Mo-Di-Mi-Sa
3,0.30000000000000004,0.7,GLS,30982,3,2639.715457394494,Mo-Mi-Sa
3,0.30000000000000004,0.7,GLS,30989,6,2798.376100761728,Mo-Di-Mi-Do-Fr-Sa
3,0.30000000000000004,0.7,GLS,31275,2,5943.311501335253,Mi-Sa
3,0.30000000000000004,0.7,GLS,31303,2,4826.653983332209,Mi-Sa
3,0.30000000000000004,0.7,GLS,31311,2,4266.747915868036,Mi-Sa
3,0.30000000000000004,0.7,GLS,31319,3,3882.077186301204,Mi-Do-Sa
3,0.30000000000000004,0.7,GLS,31515,2,7206.575513676712,Mi-Sa
3,0.30000000000000004,0.7,GLS,31535,2,8145.202667426871,Mi-Sa
3,0.30000000000000004,0.7,GLS,31832,3,4935.8575690241705,Mo-Di-Fr
3,0.30000000000000004,0.7,Hermes,30159,4,5443.81554003351,Mo-Di-Mi-Do
3,0.30000000000000004,0.7,Hermes,30161,3,3121.3207106194104,Di-Mi-Sa
3,0.30000000000000004,0.7,Hermes,30163,3,3061.0243462690732,Di-Mi-Fr
3,0.30000000000000004,0.7,Hermes,30165,2,2816.2709247579055,Mo-Do
3,0.30000000000000004,0.7,Hermes,30167,2,3778.0078676906764,Di-Fr
3,0.30000000000000004,0.7,Hermes,30173,3,3053.1849994777976,Mo-Do-Sa
3,0.30000000000000004,0.7,Hermes,30177,3,2594.4099087723926,Mi-Fr-Sa
3,0.30000000000000004,0.7,Hermes,30179,3,2428.776744650946,Mi-Fr-Sa
3,0.30000000000000004,0.7,Hermes,30419,3,4775.882351824177,Di-Fr-Sa
3,0.30000000000000004,0.7,Hermes,30449,3,3730.440225637654,Di-Do-Sa
3,0.30000000000000004,0.7,Hermes,30453,3,3150.7456192615527,Mo-Do-Sa
3,0.30000000000000004,0.7,Hermes,30455,2,3142.541797830073,Mo-Do
3,0.30000000000000004,0.7,Hermes,30457,2,3180.6844644423663,Mi-Sa
3,0.30000000000000004,0.7,Hermes,30459,2,3130.35395915176,Di-Fr
3,0.30000000000000004,0.7,Hermes,30519,2,4640.229454494668,Mi-Sa
3,0.30000000000000004,0.7,Hermes,30539,2,3463.9337826379833,Mi-Sa
3,0.30000000000000004,0.7,Hermes,30559,2,4633.754754562795,Mi-Sa
3,0.30000000000000004,0.7,Hermes,30625,2,3065.188551021478,Mi-Sa
3,0.30000000000000004,0.7,Hermes,30627,6,1800.235438802243,Mo-Di-Mi-Do-Fr-Sa
3,0.30000000000000004,0.7,Hermes,30629,3,2696.0585964449147,Di-Fr-Sa
3,0.30000000000000004,0.7,Hermes,30655,3,3067.96925264922,Mi-Do-Sa
3,0.30000000000000004,0.7,Hermes,30657,3,3021.492865938816,Mo-Do-Sa
3,0.30000000000000004,0.7,Hermes,30659,2,2863.500975673907,Di-Fr
3,0.30000000000000004,0.7,Hermes,30823,2,3653.77383106224,Mo-Do
3,0.30000000000000004,0.7,Hermes,30826,2,3791.7170942472208,Di-Fr
3,0.30000000000000004,0.7,Hermes,30827,2,3002.5860396563976,Di-Fr
3,0.30000000000000004,0.7,Hermes,30851,2,2710.585266146335,Mo-Do
3,0.30000000000000004,0.7,Hermes,30853,4,2279.602943632718,Mo-Do-Fr-Sa
3,0.30000000000000004,0.7,Hermes,30855,2,8146.347825910708,Mi-Sa
3,0.30000000000000004,0.7,Hermes,30880,2,5810.06785108477,Mo-Do
3,0.30000000000000004,0.7,Hermes,30890,2,6307.510510603368,Mi-Sa
3,0.30000000000000004,0.7,Hermes,30900,2,6540.649823070563,Di-Fr
3,0.30000000000000004,0.7,Hermes,30916,2,5216.275198600589,Di-Fr
3,0.30000000000000004,0.7,Hermes,30926,2,5481.283135156983,Mi-Sa
3,0.30000000000000004,0.7,Hermes,30938,2,5094.532075181657,Di-Fr
3,0.30000000000000004,0.7,Hermes,30952,2,4444.416645228691,Mi-Sa
3,0.30000000000000004,0.7,Hermes,30966,3,4186.503806535232,Di-Mi-Fr
3,0.30000000000000004,0.7,Hermes,30974,2,3576.309192764235,Di-Fr
3,0.30000000000000004,0.7,Hermes,30982,2,3583.329949603804,Di-Fr
3,0.30000000000000004,0.7,Hermes,30989,2,3556.01446636224,Mo-Do
3,0.30000000000000004,0.7,Hermes,31275,2,8124.923040188539,Mi-Sa
3,0.30000000000000004,0.7,Hermes,31303,2,5939.541176883198,Mo-Do
3,0.30000000000000004,0.7,Hermes,31311,2,5414.540557206392,Mi-Sa
3,0.30000000000000004,0.7,Hermes,31319,2,5536.879118857895,Mo-Do
3,0.30000000000000004,0.7,Hermes,31515,4,8267.484231825314,Mo-Di-Mi-Do
3,0.30000000000000004,0.7,Hermes,31535,2,9596.879670279475,Di-Fr
3,0.30000000000000004,0.7,Hermes,31832,2,6723.511196617685,Mi-Sa
3,0.30000000000000004,0.7,UPS,30159,2,13220.589874129599,Di-Fr
3,0.30000000000000004,0.7,UPS,30161,4,5512.486512422909,Di-Mi-Do-Sa
3,0.30000000000000004,0.7,UPS,30163,3,6219.373683278601,Mo-Di-Fr
3,0.30000000000000004,0.7,UPS,30165,3,3476.6315177175534,Di-Do-Fr
3,0.30000000000000004,0.7,UPS,30167,4,5381.856122962139,Di-Mi-Do-Sa
3,0.30000000000000004,0.7,UPS,30419,2,3246.637715804234,Di-Fr
3,0.30000000000000004,0.7,UPS,30449,3,6203.914142839985,Mo-Di-Do
3,0.30000000000000004,0.7,UPS,30453,2,3168.1550419182417,Mi-Sa
3,0.30000000000000004,0.7,UPS,30455,5,1954.6994393912698,Mo-Di-Mi-Do-Fr
3,0.30000000000000004,0.7,UPS,30457,5,2040.3997992153622,Mo-Di-Mi-Do-Sa
3,0.30000000000000004,0.7,UPS,30519,2,4513.353878549707,Di-Fr
3,0.30000000000000004,0.7,UPS,30539,3,4052.1533066517886,Di-Do-Sa
3,0.30000000000000004,0.7,UPS,30559,3,4412.881532667292,Di-Mi-Sa
3,0.30000000000000004,0.7,UPS,30625,3,3799.7016814637072,Di-Do-Sa
3,0.30000000000000004,0.7,UPS,30655,5,2043.9201395357668,Mo-Mi-Do-Fr-Sa
3,0.30000000000000004,0.7,UPS,30657,3,4466.7809863788325,Mo-Do-Sa
3,0.30000000000000004,0.7,UPS,30659,2,3405.1770473046417,Mo-Do
3,0.30000000000000004,0.7,UPS,30823,4,2621.418621309458,Mo-Do-Fr-Sa
3,0.30000000000000004,0.7,UPS,30826,6,2042.7216152816727,Mo-Di-Mi-Do-Fr-Sa
3,0.30000000000000004,0.7,UPS,30827,2,3228.6529653130233,Di-Fr
3,0.30000000000000004,0.7,UPS,30853,2,4079.9782046781065,Mi-Sa
3,0.30000000000000004,0.7,UPS,30855,3,12164.603550189731,Di-Mi-Fr
3,0.30000000000000004,0.7,UPS,30880,2,6419.4510748484845,Mi-Sa
3,0.30000000000000004,0.7,UPS,30890,2,3818.6540792328788,Di-Fr
3,0.30000000000000004,0.7,UPS,30900,3,4477.0234736454495,Di-Mi-Sa
3,0.30000000000000004,0.7,UPS,30916,3,5416.300959657474,Mo-Do-Sa
3,0.30000000000000004,0.7,UPS,30926,2,3321.6481076639175,Di-Fr
3,0.30000000000000004,0.7,UPS,30938,2,5234.7972464567665,Mi-Sa
3,0.30000000000000004,0.7,UPS,30952,4,3100.8150757187173,Di-Do-Fr-Sa
3,0.30000000000000004,0.7,UPS,30966,4,2976.803345413038,Di-Do-Fr-Sa
3,0.30000000000000004,0.7,UPS,30974,2,2801.8902623670683,Mi-Sa
3,0.30000000000000004,0.7,UPS,30982,2,2847.7195633841766,Mi-Sa
3,0.30000000000000004,0.7,UPS,30989,3,2877.6819484406597,Mo-Mi-Sa
3,0.30000000000000004,0.7,UPS,31275,2,5609.052541466034,Mi-Sa
3,0.30000000000000004,0.7,UPS,31303,2,3778.2432229714586,Mo-Do
3,0.30000000000000004,0.7,UPS,31311,2,3441.221516988405,Mi-Sa
3,0.30000000000000004,0.7,UPS,31319,3,3026.9101935838585,Mo-Di-Do
3,0.30000000000000004,0.7,UPS,31515,2,5819.148037803332,Di-Fr
3,0.30000000000000004,0.7,UPS,31535,2,6096.931272140551,Mi-Sa
3,0.30000000000000004,0.7,UPS,31832,2,4465.908187562627,Di-Fr
3,0.4,0.6,Amazon,30159,3,10834.499961297288,Mi-Fr-Sa
3,0.4,0.6,Amazon,30161,3,5902.166244061274,Mo-Di-Fr
3,0.4,0.6,Amazon,30163,5,5699.150903448206,Mo-Di-Mi-Do-Fr
3,0.4,0.6,Amazon,30165,6,4696.3632925800775,Mo-Di-Mi-Do-Fr-Sa
3,0.4,0.6,Amazon,30167,3,6800.670894346488,Di-Fr-Sa
3,0.4,0.6,Amazon,30173,5,5038.306636762981,Mo-Di-Do-Fr-Sa
3,0.4,0.6,Amazon,30177,4,3873.0861297990123,Mo-Mi-Do-Fr
3,0.4,0.6,Amazon,30179,2,3773.300870418107,Mi-Sa
3,0.4,0.6,Amazon,30419,4,8542.273250600316,Di-Do-Fr-Sa
3,0.4,0.6,Amazon,30449,4,6664.158887963668,Mo-Do-Fr-Sa
3,0.4,0.6,Amazon,30453,5,4924.877045920093,Mo-Di-Mi-Do-Fr
3,0.4,0.6,Amazon,30455,4,4252.094652534597,Di-Mi-Do-Sa
3,0.4,0.6,Amazon,30457,4,4359.26113282808,Di-Mi-Do-Sa
3,0.4,0.6,Amazon,30459,4,4284.520351764328,Di-Mi-Fr-Sa
3,0.4,0.6,Amazon,30519,4,7790.983206959524,Mi-Do-Fr-Sa
3,0.4,0.6,Amazon,30539,6,5232.56483537078,Mo-Di-Mi-Do-Fr-Sa
3,0.4,0.6,Amazon,30559,4,7608.813584947715,Mo-Do-Fr-Sa
3,0.4,0.6,Amazon,30625,4,4455.944639645636,Di-Mi-Do-Sa
3,0.4,0.6,Amazon,30627,2,3201.4414568268353,Mo-Do
3,0.4,0.6,Amazon,30629,3,4036.2773869502325,Mo-Mi-Sa
3,0.4,0.6,Amazon,30655,5,5120.977121721428,Mo-Di-Mi-Do-Fr
3,0.4,0.6,Amazon,30657,5,5200.712420128991,Mo-Di-Mi-Do-Fr
3,0.4,0.6,Amazon,30659,3,4230.06599241007,Di-Do-Sa
3,0.4,0.6,Amazon,30823,3,5197.435620044343,Mo-Mi-Fr
3,0.4,0.6,Amazon,30826,5,5083.158767178693,Mo-Di-Mi-Do-Fr
3,0.4,0.6,Amazon,30827,5,4377.448164808539,Mo-Di-Mi-Do-Fr
3,0.4,0.6,Amazon,30851,4,4052.042675417458,Mo-Mi-Do-Sa
3,0.4,0.6,Amazon,30853,3,4023.4728618770296,Mo-Mi-Do
3,0.4,0.6,Amazon,30855,2,15653.860203937564,Di-Fr
3,0.4,0.6,Amazon,30880,4,10693.860868785805,Di-Do-Fr-Sa
3,0.4,0.6,Amazon,30890,3,9438.876145485909,Di-Do-Sa
3,0.4,0.6,Amazon,30900,3,10738.743041996666,Di-Do-Sa
3,0.4,0.6,Amazon,30916,2,9022.461853869398,Mo-Do
3,0.4,0.6,Amazon,30926,2,8061.6400477000425,Mi-Sa
3,0.4,0.6,Amazon,30938,3,8342.896541027341,Mo-Do-Sa
3,0.4,0.6,Amazon,30952,5,6584.771497016499,Mo-Di-Mi-Do-Fr
3,0.4,0.6,Amazon,30966,5,6553.2492486239735,Mo-Di-Mi-Do-Fr
3,0.4,0.6,Amazon,30974,4,4843.53259358078,Mo-Mi-Do-Sa
3,0.4,0.6,Amazon,30982,4,5290.062048141524,Di-Mi-Do-Sa
3,0.4,0.6,Amazon,30989,4,4732.679292788463,Di-Mi-Do-Sa
3,0.4,0.6,Amazon,31275,3,13762.239925873797,Mo-Do-Fr
3,0.4,0.6,Amazon,31303,4,9544.965480767825,Mi-Do-Fr-Sa
3,0.4,0.6,Amazon,31311,3,8096.095307487416,Mo-Mi-Do
3,0.4,0.6,Amazon,31319,4,8549.107875093026,Mo-Di-Do-Sa
3,0.4,0.6,Amazon,31515,3,11890.746724884659,Di-Fr-Sa
3,0.4,0.6,Amazon,31535,2,14005.610209368422,Mi-Sa
3,0.4,0.6,Amazon,31832,2,9812.431120078283,Mi-Sa
3,0.4,0.6,DHL,30159,3,20806.22103563606,Mo-Mi-Do
3,0.4,0.6,DHL,30161,6,10896.842490106472,Mo-Di-Mi-Do-Fr-Sa
3,0.4,0.6,DHL,30163,5,9793.686900686054,Mo-Di-Mi-Do-Sa
3,0.4,0.6,DHL,30165,4,8388.194112437297,Mo-Mi-Do-Fr
3,0.4,0.6,DHL,30167,4,12877.810579424073,Mo-Di-Mi-Sa
3,0.4,0.6,DHL,30169,4,5302.875150551462,Mo-Di-Fr-Sa
3,0.4,0.6,DHL,30173,3,8776.70513001793,Mo-Mi-Fr
3,0.4,0.6,DHL,30177,5,6634.1235289296,Mo-Di-Mi-Do-Sa
3,0.4,0.6,DHL,30179,5,6814.529043881888,Mo-Di-Mi-Do-Sa
3,0.4,0.6,DHL,30419,5,15475.614136045484,Mo-Di-Mi-Fr-Sa
3,0.4,0.6,DHL,30449,5,7449.378434959241,Mo-Di-Mi-Do-Fr
3,0.4,0.6,DHL,30453,3,8659.878522287816,Mo-Mi-Fr
3,0.4,0.6,DHL,30455,4,7354.24331715116,Mo-Di-Do-Sa
3,0.4,0.6,DHL,30457,4,7037.855186404245,Di-Mi-Do-Sa
3,0.4,0.6,DHL,30459,5,6648.899557646473,Mo-Mi-Do-Fr-Sa
3,0.4,0.6,DHL,30519,4,13193.690746698241,Di-Mi-Do-Fr
3,0.4,0.6,DHL,30539,4,8884.71809429802,Mo-Mi-Do-Fr
3,0.4,0.6,DHL,30559,5,12304.357862859555,Mo-Di-Mi-Do-Sa
3,0.4,0.6,DHL,30625,6,8096.802842174482,Mo-Di-Mi-Do-Fr-Sa
3,0.4,0.6,DHL,30627,6,5606.363090833329,Mo-Di-Mi-Do-Fr-Sa
3,0.4,0.6,DHL,30629,4,6383.39619524181,Mo-Mi-Fr-Sa
3,0.4,0.6,DHL,30655,4,8673.075947666333,Di-Mi-Fr-Sa
3,0.4,0.6,DHL,30657,5,9791.009971177506,Mo-Di-Mi-Fr-Sa
3,0.4,0.6,DHL,30659,5,7881.9280952309155,Mo-Di-Mi-Do-Fr
3,0.4,0.6,DHL,30823,3,9905.188307646187,Mo-Mi-Fr
3,0.4,0.6,DHL,30826,2,8961.37762934655,Di-Fr
3,0.4,0.6,DHL,30827,3,8482.199407216722,Di-Do-Fr
3,0.4,0.6,DHL,30851,5,7122.409361376192,Di-Mi-Do-Fr-Sa
3,0.4,0.6,DHL,30853,6,7954.150022203881,Mo-Di-Mi-Do-Fr-Sa
3,0.4,0.6,DHL,30855,3,31161.969199933792,Mi-Do-Sa
3,0.4,0.6,DHL,30880,2,17511.474267094767,Di-Fr
3,0.4,0.6,DHL,30890,3,15464.288601269554,Mo-Mi-Do
3,0.4,0.6,DHL,30900,3,16704.23483605183,Mo-Mi-Fr
3,0.4,0.6,DHL,30916,2,16897.68230647644,Mi-Sa
3,0.4,0.6,DHL,30926,2,13745.512045354395,Mo-Do
3,0.4,0.6,DHL,30938,4,14321.580666432306,Mo-Mi-Fr-Sa
3,0.4,0.6,DHL,30952,3,10949.471261729375,Mo-Di-Do
3,0.4,0.6,DHL,30966,4,10141.27451749976,Di-Mi-Fr-Sa
3,0.4,0.6,DHL,30974,2,7330.435225322199,Di-Fr
3,0.4,0.6,DHL,30982,2,7709.957272416606,Mi-Sa
3,0.4,0.6,DHL,30989,3,8235.912237470426,Mi-Fr-Sa
3,0.4,0.6,DHL,31275,2,19896.744459626243,Mi-Sa
3,0.4,0.6,DHL,31303,3,13278.843838775874,Di-Do-Fr
3,0.4,0.6,DHL,31311,3,10188.26931776022,Mo-Do-Fr
3,0.4,0.6,DHL,31319,2,11697.86871563354,Mo-Do
3,0.4,0.6,DHL,31515,3,20429.178466065838,Di-Do-Fr
3,0.4,0.6,DHL,31535,3,20832.70484865403,Mo-Di-Fr
3,0.4,0.6,DHL,31832,3,13995.214310519601,Mo-Mi-Sa
3,0.4,0.6,DPD,30159,3,6345.493071435313,Mo-Di-Fr
3,0.4,0.6,DPD,30161,4,3393.6557747923634,Mo-Di-Fr-Sa
3,0.4,0.6,DPD,30163,4,3112.5215567212203,Mo-Mi-Do-Sa
3,0.4,0.6,DPD,30165,3,2905.2081857804365,Di-Fr-Sa
3,0.4,0.6,DPD,30167,2,3832.769234790442,Mi-Sa
3,0.4,0.6,DPD,30173,3,2582.7708401180053,Di-Fr-Sa
3,0.4,0.6,DPD,30177,5,1972.2169484242822,Mo-Di-Do-Fr-Sa
3,0.4,0.6,DPD,30179,5,2186.7283011630957,Mo-Di-Do-Fr-Sa
3,0.4,0.6,DPD,30419,3,4731.985903377675,Mo-Mi-Sa
3,0.4,0.6,DPD,30449,2,3705.7571768628404,Mi-Sa
3,0.4,0.6,DPD,30453,3,3051.043925239129,Mi-Fr-Sa
3,0.4,0.6,DPD,30455,3,2708.9053251984433,Mo-Mi-Sa
3,0.4,0.6,DPD,30457,4,2692.358767134991,Di-Do-Fr-Sa
3,0.4,0.6,DPD,30459,5,2319.3764825216977,Mo-Di-Do-Fr-Sa
3,0.4,0.6,DPD,30519,2,3973.7807994586346,Mo-Do
3,0.4,0.6,DPD,30539,3,2814.249584443511,Mi-Fr-Sa
3,0.4,0.6,DPD,30559,3,3482.0899645378177,Di-Mi-Fr
3,0.4,0.6,DPD,30625,3,2361.0971961429323,Mo-Mi-Sa
3,0.4,0.6,DPD,30627,5,1693.5606448143005,Mo-Di-Mi-Do-Sa
3,0.4,0.6,DPD,30629,5,1995.7774027527694,Mo-Di-Do-Fr-Sa
3,0.4,0.6,DPD,30655,3,2587.981558835859,Mi-Fr-Sa
3,0.4,0.6,DPD,30657,2,3149.982566514473,Mi-Sa
3,0.4,0.6,DPD,30659,4,2337.114846041384,Di-Do-Fr-Sa
3,0.4,0.6,DPD,30823,2,3551.2512096352657,Mo-Do
3,0.4,0.6,DPD,30826,3,3712.957549617312,Mi-Fr-Sa
3,0.4,0.6,DPD,30827,3,2993.1929486892573,Di-Fr-Sa
3,0.4,0.6,DPD,30851,5,2213.13229842353,Mo-Di-Do-Fr-Sa
3,0.4,0.6,DPD,30853,4,2649.843163298377,Mo-Mi-Fr-Sa
3,0.4,0.6,DPD,30855,2,9436.954551115348,Mi-Sa
3,0.4,0.6,DPD,30880,3,5281.347975212221,Di-Mi-Sa
3,0.4,0.6,DPD,30890,2,5751.330364396286,Mi-Sa
3,0.4,0.6,DPD,30900,2,6473.720614378806,Mi-Sa
3,0.4,0.6,DPD,30916,3,4762.0624315550285,Di-Do-Sa
3,0.4,0.6,DPD,30926,2,5142.9425812010895,Mi-Sa
3,0.4,0.6,DPD,30938,2,4815.280013245128,Mi-Sa
3,0.4,0.6,DPD,30952,2,3968.532307772842,Mi-Sa
3,0.4,0.6,DPD,30966,2,3637.4213794115367,Di-Fr
3,0.4,0.6,DPD,30974,3,3212.5193789473856,Mo-Mi-Sa
3,0.4,0.6,DPD,30982,2,3236.352540303635,Mi-Sa
3,0.4,0.6,DPD,30989,2,3269.0803041719514,Mi-Sa
3,0.4,0.6,DPD,31275,3,6129.83048566527,Mo-Di-Fr
3,0.4,0.6,DPD,31303,2,4548.8977002936845,Mi-Sa
3,0.4,0.6,DPD,31311,2,4161.365014276933,Mi-Sa
3,0.4,0.6,DPD,31319,2,3791.0242538854964,Mi-Sa
3,0.4,0.6,DPD,31515,5,7944.660006400378,Mo-Di-Mi-Do-Fr
3,0.4,0.6,DPD,31535,3,9456.856930880233,Mo-Di-Fr
3,0.4,0.6,DPD,31832,2,5592.190152880136,Di-Fr
3,0.4,0.6,FedEx,30159,3,11962.918431293343,Di-Do-Sa
3,0.4,0.6,FedEx,30161,5,4993.22724429566,Mo-Di-Do-Fr-Sa
3,0.4,0.6,FedEx,30163,2,7393.950752522009,Mi-Sa
3,0.4,0.6,FedEx,30167,4,4839.6007755819355,Mo-Di-Do-Fr
3,0.4,0.6,FedEx,30419,2,2906.07976433547,Di-Fr
3,0.4,0.6,FedEx,30449,4,5024.586891488875,Mo-Di-Mi-Do
3,0.4,0.6,FedEx,30453,3,2761.805411561916,Mi-Fr-Sa
3,0.4,0.6,FedEx,30455,3,1876.857584096476,Mo-Mi-Sa
3,0.4,0.6,FedEx,30457,4,1973.6564450938583,Di-Mi-Fr-Sa
3,0.4,0.6,FedEx,30519,2,3777.0725869545504,Di-Fr
3,0.4,0.6,FedEx,30539,3,3918.7688454233285,Di-Mi-Fr
3,0.4,0.6,FedEx,30559,4,4653.699476561791,Di-Mi-Do-Sa
3,0.4,0.6,FedEx,30625,2,3380.170502228429,Di-Fr
3,0.4,0.6,FedEx,30655,3,3143.35485772114,Mi-Do-Sa
3,0.4,0.6,FedEx,30657,4,4295.336991276035,Mo-Di-Mi-Do
3,0.4,0.6,FedEx,30823,5,1943.445975908479,Mo-Di-Mi-Do-Sa
3,0.4,0.6,FedEx,30827,3,3569.290013609707,Mo-Mi-Sa
3,0.4,0.6,FedEx,30853,2,3889.7194656432694,Mi-Sa
3,0.4,0.6,FedEx,30855,4,10899.823486288362,Di-Mi-Do-Sa
3,0.4,0.6,FedEx,30880,5,5709.832320958762,Mo-Di-Mi-Do-Fr
3,0.4,0.6,FedEx,30890,3,3242.179987192302,Di-Do-Fr
3,0.4,0.6,FedEx,30900,2,3854.085180994913,Mi-Sa
3,0.4,0.6,FedEx,30916,4,5075.722267552527,Mo-Di-Mi-Do
3,0.4,0.6,FedEx,30926,3,2916.072303787402,Mo-Di-Do
3,0.4,0.6,FedEx,30938,3,4921.121289795402,Di-Mi-Sa
3,0.4,0.6,FedEx,30952,5,2733.1486422180205,Mo-Di-Mi-Do-Fr
3,0.4,0.6,FedEx,30966,6,2488.5376856129433,Mo-Di-Mi-Do-Fr-Sa
3,0.4,0.6,FedEx,30974,4,2314.9014001580044,Mo-Di-Mi-Fr
3,0.4,0.6,FedEx,30982,4,2378.411755433166,Mo-Di-Mi-Do
3,0.4,0.6,FedEx,30989,5,2364.4221537651692,Mo-Di-Mi-Do-Fr
3,0.4,0.6,FedEx,31275,2,4702.393005168884,Mi-Sa
3,0.4,0.6,FedEx,31303,3,3306.6526181571107,Mo-Mi-Sa
3,0.4,0.6,FedEx,31311,6,2818.577694291381,Mo-Di-Mi-Do-Fr-Sa
3,0.4,0.6,FedEx,31319,4,2771.5967393401174,Di-Mi-Do-Sa
3,0.4,0.6,FedEx,31515,2,4672.318290558754,Di-Fr
3,0.4,0.6,FedEx,31535,2,5468.876885091453,Mo-Do
3,0.4,0.6,FedEx,31832,2,3553.979543435614,Di-Fr
3,0.4,0.6,GLS,30159,4,4334.373916994968,Mo-Di-Mi-Do
3,0.4,0.6,GLS,30161,3,2493.909045179064,Di-Fr-Sa
3,0.4,0.6,GLS,30163,2,3700.862636212065,Mi-Sa
3,0.4,0.6,GLS,30165,5,2159.889743175092,Mo-Di-Do-Fr-Sa
3,0.4,0.6,GLS,30167,2,3054.5345735436813,Mi-Sa
3,0.4,0.6,GLS,30173,4,2219.1630968735053,Di-Do-Fr-Sa
3,0.4,0.6,GLS,30179,5,2016.0078759974378,Mo-Di-Mi-Do-Sa
3,0.4,0.6,GLS,30419,2,4334.49207300901,Mo-Do
3,0.4,0.6,GLS,30449,2,2980.7137926631563,Mo-Do
3,0.4,0.6,GLS,30453,4,2638.573683793526,Di-Do-Fr-Sa
3,0.4,0.6,GLS,30455,5,2417.632567355561,Mo-Di-Do-Fr-Sa
3,0.4,0.6,GLS,30457,5,2360.1264063820886,Mo-Mi-Do-Fr-Sa
3,0.4,0.6,GLS,30459,6,1876.236727895414,Mo-Di-Mi-Do-Fr-Sa
3,0.4,0.6,GLS,30519,2,3115.0150236831905,Mi-Sa
3,0.4,0.6,GLS,30539,5,2204.237803066699,Mo-Di-Do-Fr-Sa
3,0.4,0.6,GLS,30559,2,3231.2826908161624,Mi-Sa
3,0.4,0.6,GLS,30625,5,2161.670382346146,Mo-Di-Do-Fr-Sa
3,0.4,0.6,GLS,30627,4,1750.959745185651,Di-Mi-Do-Sa
3,0.4,0.6,GLS,30629,5,2064.3169748642445,Mo-Di-Mi-Do-Sa
3,0.4,0.6,GLS,30655,4,2521.0109427560265,Di-Do-Fr-Sa
3,0.4,0.6,GLS,30657,5,2552.0597754151563,Mo-Di-Do-Fr-Sa
3,0.4,0.6,GLS,30659,6,2165.5626302364476,Mo-Di-Mi-Do-Fr-Sa
3,0.4,0.6,GLS,30823,3,3326.451424802767,Mi-Fr-Sa
3,0.4,0.6,GLS,30826,3,3636.1857663875962,Mo-Mi-Fr
3,0.4,0.6,GLS,30827,5,2813.5749148553164,Mo-Di-Do-Fr-Sa
3,0.4,0.6,GLS,30851,6,2097.4205946859483,Mo-Di-Mi-Do-Fr-Sa
3,0.4,0.6,GLS,30853,6,2190.0844891648285,Mo-Di-Mi-Do-Fr-Sa
3,0.4,0.6,GLS,30855,4,7608.694856341401,Mo-Di-Fr-Sa
3,0.4,0.6,GLS,30880,2,3618.174822190067,Mi-Sa
3,0.4,0.6,GLS,30890,2,5400.838190158336,Mi-Sa
3,0.4,0.6,GLS,30900,2,6227.920293397202,Mi-Sa
3,0.4,0.6,GLS,30916,2,4409.392352604671,Di-Fr
3,0.4,0.6,GLS,30926,2,4881.141363939865,Mi-Sa
3,0.4,0.6,GLS,30938,2,4548.2247085417575,Mo-Do
3,0.4,0.6,GLS,30952,3,3403.0988263154113,Mi-Fr-Sa
3,0.4,0.6,GLS,30966,3,2903.700811247013,Mi-Fr-Sa
3,0.4,0.6,GLS,30974,2,2840.6318172316987,Mi-Sa
3,0.4,0.6,GLS,30982,2,2614.121362082862,Di-Fr
3,0.4,0.6,GLS,30989,6,2798.376100761728,Mo-Di-Mi-Do-Fr-Sa
3,0.4,0.6,GLS,31275,2,6207.0123214479545,Mo-Do
3,0.4,0.6,GLS,31303,2,4836.444657061114,Di-Fr
3,0.4,0.6,GLS,31311,2,4479.9769293166155,Mi-Sa
3,0.4,0.6,GLS,31319,2,3959.483430862945,Mi-Sa
3,0.4,0.6,GLS,31515,3,7231.413743944799,Di-Mi-Sa
3,0.4,0.6,GLS,31535,3,9085.956822286433,Di-Mi-Sa
3,0.4,0.6,GLS,31832,5,4811.260297525222,Mo-Di-Mi-Do-Sa
3,0.4,0.6,Hermes,30159,5,5493.576278657398,Mo-Di-Mi-Do-Fr
3,0.4,0.6,Hermes,30161,2,3078.468639773995,Mi-Sa
3,0.4,0.6,Hermes,30163,2,3029.302027672482,Di-Fr
3,0.4,0.6,Hermes,30165,2,2811.706399602599,Mo-Do
3,0.4,0.6,Hermes,30167,2,3799.3166873151285,Mi-Sa
3,0.4,0.6,Hermes,30173,2,3040.298364523042,Mi-Sa
3,0.4,0.6,Hermes,30177,3,2400.354488314148,Mi-Fr-Sa
3,0.4,0.6,Hermes,30179,3,2439.645556398543,Mi-Fr-Sa
3,0.4,0.6,Hermes,30419,3,5105.994151908949,Mo-Do-Fr
3,0.4,0.6,Hermes,30449,2,3497.426793544797,Mi-Sa
3,0.4,0.6,Hermes,30453,2,3133.943178847631,Mo-Do
3,0.4,0.6,Hermes,30455,2,2969.0082996283854,Di-Fr
3,0.4,0.6,Hermes,30457,2,3025.529636858464,Di-Fr
3,0.4,0.6,Hermes,30459,2,3010.7266553215095,Di-Fr
3,0.4,0.6,Hermes,30519,3,4659.94698722481,Di-Do-Fr
3,0.4,0.6,Hermes,30539,2,3519.965194588583,Mi-Sa
3,0.4,0.6,Hermes,30559,2,4431.637004611967,Di-Fr
3,0.4,0.6,Hermes,30625,2,3111.5242471746897,Mi-Sa
3,0.4,0.6,Hermes,30627,6,1800.235438802243,Mo-Di-Mi-Do-Fr-Sa
3,0.4,0.6,Hermes,30629,3,2729.0895332530004,Mi-Fr-Sa
3,0.4,0.6,Hermes,30655,2,3054.0050648807332,Mi-Sa
3,0.4,0.6,Hermes,30657,3,3037.0237345726046,Mo-Do-Fr
3,0.4,0.6,Hermes,30659,3,2743.141276957661,Mi-Fr-Sa
3,0.4,0.6,Hermes,30823,2,3567.454883512676,Di-Fr
3,0.4,0.6,Hermes,30826,2,3918.8863156006923,Mo-Do
3,0.4,0.6,Hermes,30827,2,2994.675369701812,Di-Fr
3,0.4,0.6,Hermes,30851,3,2328.969442849888,Di-Fr-Sa
3,0.4,0.6,Hermes,30853,4,2292.2163666750753,Di-Do-Fr-Sa
3,0.4,0.6,Hermes,30855,2,8358.830152781877,Di-Fr
3,0.4,0.6,Hermes,30880,5,6472.221222970044,Mo-Di-Mi-Do-Fr
3,0.4,0.6,Hermes,30890,2,6998.559589983468,Mo-Do
3,0.4,0.6,Hermes,30900,3,6976.382706591524,Mo-Di-Fr
3,0.4,0.6,Hermes,30916,3,5349.229379098934,Di-Mi-Sa
3,0.4,0.6,Hermes,30926,4,5824.183794587669,Mo-Di-Mi-Do
3,0.4,0.6,Hermes,30938,2,4996.927924102854,Mi-Sa
3,0.4,0.6,Hermes,30952,2,4432.852483484192,Di-Fr
3,0.4,0.6,Hermes,30966,2,4090.933601000428,Di-Fr
3,0.4,0.6,Hermes,30974,3,3590.61915321321,Mi-Fr-Sa
3,0.4,0.6,Hermes,30982,2,3778.869741770602,Di-Fr
3,0.4,0.6,Hermes,30989,3,3390.6337725811677,Mi-Fr-Sa
3,0.4,0.6,Hermes,31275,2,8103.078781102451,Di-Fr
3,0.4,0.6,Hermes,31303,2,6156.767643250175,Mo-Do
3,0.4,0.6,Hermes,31311,2,5391.410006555013,Mi-Sa
3,0.4,0.6,Hermes,31319,2,5768.3085833865225,Mi-Sa
3,0.4,0.6,Hermes,31515,2,8275.403211413493,Mo-Do
3,0.4,0.6,Hermes,31535,2,9638.513474424873,Mo-Do
3,0.4,0.6,Hermes,31832,3,6755.501947751828,Mo-Mi-Fr
3,0.4,0.6,UPS,30159,2,13353.422428108574,Mi-Sa
3,0.4,0.6,UPS,30161,3,5657.156506259279,Mo-Di-Fr
3,0.4,0.6,UPS,30163,4,6071.3955244295175,Mo-Di-Fr-Sa
3,0.4,0.6,UPS,30165,2,3291.2923606076556,Mi-Sa
3,0.4,0.6,UPS,30167,3,5579.509318092192,Mo-Di-Fr
3,0.4,0.6,UPS,30419,3,3087.3776630222665,Mi-Do-Sa
3,0.4,0.6,UPS,30449,3,6120.270109772677,Mo-Di-Fr
3,0.4,0.6,UPS,30453,2,3223.5768823783137,Di-Fr
3,0.4,0.6,UPS,30455,4,1931.2840265817242,Mo-Di-Mi-Fr
3,0.4,0.6,UPS,30457,5,2050.2467655179084,Mo-Di-Mi-Do-Sa
3,0.4,0.6,UPS,30519,3,4657.199771598486,Mi-Do-Sa
3,0.4,0.6,UPS,30539,2,3868.114855458686,Mi-Sa
3,0.4,0.6,UPS,30559,4,4370.860370919935,Di-Mi-Do-Sa
3,0.4,0.6,UPS,30625,2,3617.3277214395066,Mi-Sa
3,0.4,0.6,UPS,30655,5,2049.1550074648408,Mo-Mi-Do-Fr-Sa
3,0.4,0.6,UPS,30657,4,4572.1072263754595,Mo-Di-Do-Fr
3,0.4,0.6,UPS,30659,3,3360.4628899942604,Di-Mi-Fr
3,0.4,0.6,UPS,30823,3,2625.6988419737677,Mo-Mi-Sa
3,0.4,0.6,UPS,30826,6,2042.7216152816727,Mo-Di-Mi-Do-Fr-Sa
3,0.4,0.6,UPS,30827,3,3086.167461165908,Mo-Do-Sa
3,0.4,0.6,UPS,30853,4,4319.1243145724075,Mo-Di-Do-Fr
3,0.4,0.6,UPS,30855,3,12068.193504205003,Mo-Di-Fr
3,0.4,0.6,UPS,30880,2,6747.860742459075,Di-Fr
3,0.4,0.6,UPS,30890,2,4065.190078444184,Mi-Sa
3,0.4,0.6,UPS,30900,2,4698.48996584853,Mi-Sa
3,0.4,0.6,UPS,30916,5,5866.671745660011,Mo-Di-Mi-Do-Sa
3,0.4,0.6,UPS,30926,3,3243.362540345276,Mi-Fr-Sa
3,0.4,0.6,UPS,30938,4,5763.906303844188,Mo-Di-Do-Fr
3,0.4,0.6,UPS,30952,3,3078.2995765947644,Mo-Mi-Sa
3,0.4,0.6,UPS,30966,3,2947.2118211914626,Mo-Mi-Sa
3,0.4,0.6,UPS,30974,2,2806.728741254804,Di-Fr
3,0.4,0.6,UPS,30982,3,2920.151002657375,Mo-Di-Fr
3,0.4,0.6,UPS,30989,2,2829.6832626397886,Di-Fr
3,0.4,0.6,UPS,31275,2,6006.24340948194,Di-Fr
3,0.4,0.6,UPS,31303,2,3989.897885615618,Mi-Sa
3,0.4,0.6,UPS,31311,2,3381.3028785230554,Mi-Sa
3,0.4,0.6,UPS,31319,2,2917.878828880119,Mo-Do
3,0.4,0.6,UPS,31515,3,6073.103644583496,Mi-Fr-Sa
3,0.4,0.6,UPS,31535,2,6477.44838420583,Di-Fr
3,0.4,0.6,UPS,31832,2,4534.405666143159,Mi-Sa
3,0.5,0.5,Amazon,30159,3,11123.0562292466,Di-Fr-Sa
3,0.5,0.5,Amazon,30161,4,5900.385044205262,Mo-Mi-Do-Sa
3,0.5,0.5,Amazon,30163,4,5590.856228052062,Di-Mi-Do-Sa
3,0.5,0.5,Amazon,30165,5,4529.4597790474545,Mo-Di-Mi-Fr-Sa
3,0.5,0.5,Amazon,30167,6,7124.980941103149,Mo-Di-Mi-Do-Fr-Sa
3,0.5,0.5,Amazon,30173,4,5005.964224559733,Mo-Di-Do-Fr
3,0.5,0.5,Amazon,30177,5,4095.4607693073826,Mo-Di-Mi-Do-Fr
3,0.5,0.5,Amazon,30179,5,4128.380951622878,Mo-Di-Mi-Do-Fr
3,0.5,0.5,Amazon,30419,4,8682.443557066328,Di-Mi-Do-Fr
3,0.5,0.5,Amazon,30449,5,6772.895253375905,Di-Mi-Do-Fr-Sa
3,0.5,0.5,Amazon,30453,5,4950.871007067962,Mo-Di-Mi-Do-Fr
3,0.5,0.5,Amazon,30455,4,4476.433040390652,Mo-Di-Mi-Do
3,0.5,0.5,Amazon,30457,5,4602.998928968401,Mo-Di-Mi-Do-Fr
3,0.5,0.5,Amazon,30459,5,4694.046804958517,Mo-Di-Mi-Do-Fr
3,0.5,0.5,Amazon,30519,6,7989.408733574742,Mo-Di-Mi-Do-Fr-Sa
3,0.5,0.5,Amazon,30539,6,5232.56483537078,Mo-Di-Mi-Do-Fr-Sa
3,0.5,0.5,Amazon,30559,6,7936.80103693811,Mo-Di-Mi-Do-Fr-Sa
3,0.5,0.5,Amazon,30625,5,4824.99595761705,Mo-Di-Mi-Do-Fr
3,0.5,0.5,Amazon,30627,2,3217.7944895628666,Mi-Sa
3,0.5,0.5,Amazon,30629,3,4310.01847834191,Di-Do-Fr
3,0.5,0.5,Amazon,30655,6,5134.034576870573,Mo-Di-Mi-Do-Fr-Sa
3,0.5,0.5,Amazon,30657,6,5211.641795669652,Mo-Di-Mi-Do-Fr-Sa
3,0.5,0.5,Amazon,30659,5,4583.086994998374,Mo-Di-Mi-Do-Fr
3,0.5,0.5,Amazon,30823,3,5411.570685937152,Mo-Mi-Fr
3,0.5,0.5,Amazon,30826,4,5212.29115317407,Mo-Di-Fr-Sa
3,0.5,0.5,Amazon,30827,4,4376.023072895182,Di-Mi-Fr-Sa
3,0.5,0.5,Amazon,30851,6,4461.2266132019995,Mo-Di-Mi-Do-Fr-Sa
3,0.5,0.5,Amazon,30853,4,4202.5162620802785,Mo-Di-Mi-Do
3,0.5,0.5,Amazon,30855,4,16131.557966762934,Mo-Di-Do-Fr
3,0.5,0.5,Amazon,30880,4,10686.723107352269,Di-Mi-Do-Fr
3,0.5,0.5,Amazon,30890,2,9538.232253874296,Di-Fr
3,0.5,0.5,Amazon,30900,4,11209.710127915636,Mo-Do-Fr-Sa
3,0.5,0.5,Amazon,30916,3,9651.785709930284,Mi-Fr-Sa
3,0.5,0.5,Amazon,30926,2,8155.387393616525,Di-Fr
3,0.5,0.5,Amazon,30938,4,8887.545759353196,Mi-Do-Fr-Sa
3,0.5,0.5,Amazon,30952,6,6792.522249966714,Mo-Di-Mi-Do-Fr-Sa
3,0.5,0.5,Amazon,30966,4,6588.293848813606,Mi-Do-Fr-Sa
3,0.5,0.5,Amazon,30974,5,5109.763589266762,Mo-Di-Mi-Do-Fr
3,0.5,0.5,Amazon,30982,5,5526.9086857042175,Mo-Di-Mi-Do-Sa
3,0.5,0.5,Amazon,30989,4,5177.229453610426,Mo-Di-Mi-Fr
3,0.5,0.5,Amazon,31275,3,13609.359150385391,Mo-Mi-Sa
3,0.5,0.5,Amazon,31303,3,9991.18330377881,Mo-Do-Fr
3,0.5,0.5,Amazon,31311,3,8137.742718241909,Mo-Di-Fr
3,0.5,0.5,Amazon,31319,3,8913.168538656286,Mo-Di-Do
3,0.5,0.5,Amazon,31515,4,11813.724793461772,Di-Do-Fr-Sa
3,0.5,0.5,Amazon,31535,3,14514.012381660432,Di-Fr-Sa
3,0.5,0.5,Amazon,31832,4,10465.699118872435,Mo-Di-Mi-Do
3,0.5,0.5,DHL,30159,4,21303.952552225546,Di-Mi-Do-Fr
3,0.5,0.5,DHL,30161,6,10896.842490106472,Mo-Di-Mi-Do-Fr-Sa
3,0.5,0.5,DHL,30163,5,9843.84082064671,Mo-Di-Mi-Do-Sa
3,0.5,0.5,DHL,30165,4,8601.968694546493,Di-Do-Fr-Sa
3,0.5,0.5,DHL,30167,4,12932.13584693309,Mo-Di-Mi-Fr
3,0.5,0.5,DHL,30169,6,5443.510365830029,Mo-Di-Mi-Do-Fr-Sa
3,0.5,0.5,DHL,30173,5,8815.30529529331,Mo-Di-Do-Fr-Sa
3,0.5,0.5,DHL,30177,5,6702.0410947862265,Mo-Di-Do-Fr-Sa
3,0.5,0.5,DHL,30179,4,6890.606909128317,Mo-Di-Mi-Fr
3,0.5,0.5,DHL,30419,5,15470.413512201458,Mo-Di-Mi-Do-Fr
3,0.5,0.5,DHL,30449,5,7334.473334985705,Mo-Di-Mi-Fr-Sa
3,0.5,0.5,DHL,30453,3,8795.767278788791,Mo-Di-Do
3,0.5,0.5,DHL,30455,5,7371.376658477566,Mo-Mi-Do-Fr-Sa
3,0.5,0.5,DHL,30457,5,7125.16697943108,Mo-Di-Mi-Fr-Sa
3,0.5,0.5,DHL,30459,5,6536.462547439354,Mo-Di-Do-Fr-Sa
3,0.5,0.5,DHL,30519,5,13238.25905327957,Mo-Di-Mi-Do-Sa
3,0.5,0.5,DHL,30539,4,9239.829372200471,Mi-Do-Fr-Sa
3,0.5,0.5,DHL,30559,5,12337.719267111615,Mo-Di-Mi-Do-Fr
3,0.5,0.5,DHL,30625,4,7771.161726962088,Mo-Mi-Do-Sa
3,0.5,0.5,DHL,30627,4,5486.27234824381,Mi-Do-Fr-Sa
3,0.5,0.5,DHL,30629,6,6766.974846046077,Mo-Di-Mi-Do-Fr-Sa
3,0.5,0.5,DHL,30655,4,8683.064564379893,Mo-Di-Do-Sa
3,0.5,0.5,DHL,30657,4,9865.910615780114,Mo-Di-Fr-Sa
3,0.5,0.5,DHL,30659,5,7881.690663008885,Mo-Di-Mi-Do-Fr
3,0.5,0.5,DHL,30823,4,9815.629516335008,Mo-Mi-Fr-Sa
3,0.5,0.5,DHL,30826,4,9127.081927746907,Mo-Di-Fr-Sa
3,0.5,0.5,DHL,30827,5,8555.306530901247,Mo-Di-Mi-Fr-Sa
3,0.5,0.5,DHL,30851,6,7140.564548697186,Mo-Di-Mi-Do-Fr-Sa
3,0.5,0.5,DHL,30853,6,7954.150022203881,Mo-Di-Mi-Do-Fr-Sa
3,0.5,0.5,DHL,30855,3,32312.122138734907,Mo-Do-Fr
3,0.5,0.5,DHL,30880,4,17744.21746331989,Di-Do-Fr-Sa
3,0.5,0.5,DHL,30890,3,15732.810295134985,Di-Mi-Fr
3,0.5,0.5,DHL,30900,2,16982.869190352896,Mo-Do
3,0.5,0.5,DHL,30916,2,17168.48978548636,Mo-Do
3,0.5,0.5,DHL,30926,3,14001.782999437204,Mo-Do-Sa
3,0.5,0.5,DHL,30938,4,14543.408033218058,Mo-Di-Mi-Sa
3,0.5,0.5,DHL,30952,4,11110.989212163091,Mo-Do-Fr-Sa
3,0.5,0.5,DHL,30966,4,10426.360100514961,Di-Mi-Fr-Sa
3,0.5,0.5,DHL,30974,2,7291.744500794849,Di-Fr
3,0.5,0.5,DHL,30982,3,7656.937985746404,Mi-Fr-Sa
3,0.5,0.5,DHL,30989,3,8244.385460117875,Mi-Fr-Sa
3,0.5,0.5,DHL,31275,2,20341.672170142352,Mi-Sa
3,0.5,0.5,DHL,31303,3,13604.839310332818,Di-Do-Fr
3,0.5,0.5,DHL,31311,3,10497.497772038005,Di-Mi-Sa
3,0.5,0.5,DHL,31319,4,12009.807803482401,Mo-Di-Do-Fr
3,0.5,0.5,DHL,31515,2,20554.733312889217,Di-Fr
3,0.5,0.5,DHL,31535,3,21044.72490779726,Mi-Do-Sa
3,0.5,0.5,DHL,31832,4,14336.658593933063,Mi-Do-Fr-Sa
3,0.5,0.5,DPD,30159,3,6339.716727244894,Mi-Do-Sa
3,0.5,0.5,DPD,30161,2,3199.376088810768,Mi-Sa
3,0.5,0.5,DPD,30163,5,3125.6660531236903,Mo-Di-Mi-Do-Sa
3,0.5,0.5,DPD,30165,3,2701.500555400002,Mi-Fr-Sa
3,0.5,0.5,DPD,30167,5,4303.44690023931,Mo-Di-Mi-Do-Fr
3,0.5,0.5,DPD,30173,4,2614.0551742268854,Di-Mi-Fr-Sa
3,0.5,0.5,DPD,30177,4,1974.3375042184089,Mo-Di-Fr-Sa
3,0.5,0.5,DPD,30179,4,2199.6696183848117,Mo-Di-Fr-Sa
3,0.5,0.5,DPD,30419,4,4997.006185368184,Mo-Mi-Do-Fr
3,0.5,0.5,DPD,30449,2,4073.616037443734,Mo-Do
3,0.5,0.5,DPD,30453,3,3047.720415731905,Di-Fr-Sa
3,0.5,0.5,DPD,30455,2,2645.8955960889666,Di-Fr
3,0.5,0.5,DPD,30457,3,2680.0125629236827,Di-Do-Fr
3,0.5,0.5,DPD,30459,5,2333.3680135395134,Mo-Di-Do-Fr-Sa
3,0.5,0.5,DPD,30519,2,4205.429327493575,Mo-Do
3,0.5,0.5,DPD,30539,3,2747.5821306394873,Di-Fr-Sa
3,0.5,0.5,DPD,30559,2,3644.7869834824446,Di-Fr
3,0.5,0.5,DPD,30625,3,2345.2245587097864,Mo-Mi-Sa
3,0.5,0.5,DPD,30627,5,1697.6579375597796,Mo-Di-Mi-Do-Fr
3,0.5,0.5,DPD,30629,5,2006.342947351332,Mo-Di-Do-Fr-Sa
3,0.5,0.5,DPD,30655,4,2515.362200963958,Di-Do-Fr-Sa
3,0.5,0.5,DPD,30657,2,3063.211288930278,Di-Fr
3,0.5,0.5,DPD,30659,4,2333.127736903999,Di-Do-Fr-Sa
3,0.5,0.5,DPD,30823,3,3545.4990112865808,Mo-Di-Fr
3,0.5,0.5,DPD,30826,3,3831.649190445565,Mo-Mi-Fr
3,0.5,0.5,DPD,30827,3,3024.5843070562396,Mo-Mi-Fr
3,0.5,0.5,DPD,30851,5,2219.9552593436724,Mo-Di-Do-Fr-Sa
3,0.5,0.5,DPD,30853,4,2635.6700394630275,Mo-Mi-Fr-Sa
3,0.5,0.5,DPD,30855,4,9722.126713180389,Mo-Do-Fr-Sa
3,0.5,0.5,DPD,30880,2,5407.938686784421,Di-Fr
3,0.5,0.5,DPD,30890,2,6196.665050832615,Mo-Do
3,0.5,0.5,DPD,30900,2,6547.93216505339,Mo-Do
3,0.5,0.5,DPD,30916,2,5019.576960396284,Mo-Do
3,0.5,0.5,DPD,30926,2,5487.674516990261,Di-Fr
3,0.5,0.5,DPD,30938,2,5007.186401540426,Mi-Sa
3,0.5,0.5,DPD,30952,2,3963.658129235858,Mi-Sa
3,0.5,0.5,DPD,30966,2,3528.8340233748722,Di-Fr
3,0.5,0.5,DPD,30974,2,3279.9951887827283,Di-Fr
3,0.5,0.5,DPD,30982,2,3168.625981378889,Di-Fr
3,0.5,0.5,DPD,30989,2,3260.008538317812,Di-Fr
3,0.5,0.5,DPD,31275,3,6195.028485838724,Mo-Mi-Fr
3,0.5,0.5,DPD,31303,2,4826.708126577425,Di-Fr
3,0.5,0.5,DPD,31311,2,4215.3308778449355,Mi-Sa
3,0.5,0.5,DPD,31319,2,3924.6457939216916,Mi-Sa
3,0.5,0.5,DPD,31515,3,8241.473018912924,Mo-Di-Fr
3,0.5,0.5,DPD,31535,3,9449.821474965584,Mo-Mi-Fr
3,0.5,0.5,DPD,31832,2,5810.700249443183,Mi-Sa
3,0.5,0.5,FedEx,30159,2,11962.518768877322,Di-Fr
3,0.5,0.5,FedEx,30161,5,4947.987525967055,Mo-Di-Do-Fr-Sa
3,0.5,0.5,FedEx,30163,2,7573.0402672248765,Di-Fr
3,0.5,0.5,FedEx,30167,4,4772.5900652365835,Mo-Di-Do-Fr
3,0.5,0.5,FedEx,30419,3,2664.971601838507,Mi-Fr-Sa
3,0.5,0.5,FedEx,30449,5,5040.307019791378,Mo-Di-Mi-Do-Fr
3,0.5,0.5,FedEx,30453,3,2786.749934722285,Di-Fr-Sa
3,0.5,0.5,FedEx,30455,2,1863.6387323966676,Di-Fr
3,0.5,0.5,FedEx,30457,3,1952.7113379429306,Di-Mi-Sa
3,0.5,0.5,FedEx,30519,3,3845.572314241723,Mi-Do-Sa
3,0.5,0.5,FedEx,30539,2,3745.6962701800394,Mi-Sa
3,0.5,0.5,FedEx,30559,3,4918.367620858111,Mo-Mi-Fr
3,0.5,0.5,FedEx,30625,2,3161.067840877624,Mi-Sa
3,0.5,0.5,FedEx,30655,2,3069.963455687437,Mi-Sa
3,0.5,0.5,FedEx,30657,5,4452.671291753003,Mo-Di-Mi-Do-Fr
3,0.5,0.5,FedEx,30823,5,1945.8174643315233,Mo-Di-Mi-Do-Fr
3,0.5,0.5,FedEx,30827,3,3780.948020193395,Di-Do-Fr
3,0.5,0.5,FedEx,30853,3,4135.624883349366,Mo-Di-Fr
3,0.5,0.5,FedEx,30855,3,10808.602897029832,Mo-Mi-Fr
3,0.5,0.5,FedEx,30880,5,5717.601027510806,Mo-Di-Mi-Fr-Sa
3,0.5,0.5,FedEx,30890,2,3062.948227830911,Di-Fr
3,0.5,0.5,FedEx,30900,3,4012.789842656908,Di-Do-Sa
3,0.5,0.5,FedEx,30916,5,5217.162896004261,Mo-Di-Mi-Do-Sa
3,0.5,0.5,FedEx,30926,2,2808.4581908050286,Di-Fr
3,0.5,0.5,FedEx,30938,4,5518.072590513119,Di-Mi-Fr-Sa
3,0.5,0.5,FedEx,30952,5,2688.752439143561,Mo-Di-Mi-Do-Fr
3,0.5,0.5,FedEx,30966,5,2453.4199439124886,Mo-Di-Mi-Do-Sa
3,0.5,0.5,FedEx,30974,4,2324.2808438919824,Mo-Di-Mi-Fr
3,0.5,0.5,FedEx,30982,6,2379.2604748942445,Mo-Di-Mi-Do-Fr-Sa
3,0.5,0.5,FedEx,30989,5,2364.6828021786832,Mo-Di-Mi-Do-Fr
3,0.5,0.5,FedEx,31275,4,4876.706601699692,Mo-Di-Mi-Do
3,0.5,0.5,FedEx,31303,2,3193.305021615119,Di-Fr
3,0.5,0.5,FedEx,31311,6,2818.577694291381,Mo-Di-Mi-Do-Fr-Sa
3,0.5,0.5,FedEx,31319,3,2730.1671450496724,Di-Mi-Sa
3,0.5,0.5,FedEx,31515,3,4760.803671463366,Mi-Fr-Sa
3,0.5,0.5,FedEx,31535,2,5741.448456680539,Mi-Sa
3,0.5,0.5,FedEx,31832,2,3593.1908690556434,Di-Fr
3,0.5,0.5,GLS,30159,4,4594.177141463217,Mo-Di-Mi-Do
3,0.5,0.5,GLS,30161,4,2585.815774223744,Di-Mi-Fr-Sa
3,0.5,0.5,GLS,30163,3,4274.198896798633,Mo-Mi-Do
3,0.5,0.5,GLS,30165,5,2166.3836775960035,Mo-Di-Do-Fr-Sa
3,0.5,0.5,GLS,30167,2,3039.1375466595887,Mi-Sa
3,0.5,0.5,GLS,30173,4,2234.658892309162,Di-Do-Fr-Sa
3,0.5,0.5,GLS,30179,5,2015.5413627077726,Mo-Di-Mi-Do-Sa
3,0.5,0.5,GLS,30419,3,4682.950619179525,Di-Mi-Fr
3,0.5,0.5,GLS,30449,2,2813.815537256693,Di-Fr
3,0.5,0.5,GLS,30453,3,2668.387012803393,Di-Do-Fr
3,0.5,0.5,GLS,30455,4,2398.5823935995622,Mo-Di-Fr-Sa
3,0.5,0.5,GLS,30457,3,2278.312305282683,Mo-Do-Sa
3,0.5,0.5,GLS,30459,6,1876.236727895414,Mo-Di-Mi-Do-Fr-Sa
3,0.5,0.5,GLS,30519,2,3163.1344355415563,Mi-Sa
3,0.5,0.5,GLS,30539,5,2214.290766218425,Mo-Di-Do-Fr-Sa
3,0.5,0.5,GLS,30559,2,3425.440401724427,Mi-Sa
3,0.5,0.5,GLS,30625,4,2142.9862364745704,Mo-Di-Fr-Sa
3,0.5,0.5,GLS,30627,3,1755.1896592286637,Di-Mi-Sa
3,0.5,0.5,GLS,30629,5,2067.6375647065865,Mo-Di-Mi-Do-Sa
3,0.5,0.5,GLS,30655,3,2560.7946513929173,Di-Do-Fr
3,0.5,0.5,GLS,30657,5,2568.173075213442,Mo-Di-Do-Fr-Sa
3,0.5,0.5,GLS,30659,5,2155.4017181838954,Mo-Di-Mi-Do-Sa
3,0.5,0.5,GLS,30823,3,3368.491419801422,Mi-Fr-Sa
3,0.5,0.5,GLS,30826,2,3646.2173541572956,Mi-Sa
3,0.5,0.5,GLS,30827,5,2807.83061005457,Mo-Di-Do-Fr-Sa
3,0.5,0.5,GLS,30851,6,2097.4205946859483,Mo-Di-Mi-Do-Fr-Sa
3,0.5,0.5,GLS,30853,6,2190.0844891648285,Mo-Di-Mi-Do-Fr-Sa
3,0.5,0.5,GLS,30855,6,7965.715090235543,Mo-Di-Mi-Do-Fr-Sa
3,0.5,0.5,GLS,30880,2,3905.29656829991,Di-Fr
3,0.5,0.5,GLS,30890,2,5566.984759035321,Mi-Sa
3,0.5,0.5,GLS,30900,2,6516.414012403418,Mo-Do
3,0.5,0.5,GLS,30916,2,4454.316779582098,Mi-Sa
3,0.5,0.5,GLS,30926,3,4924.403063007889,Mi-Do-Sa
3,0.5,0.5,GLS,30938,2,4748.959904391215,Di-Fr
3,0.5,0.5,GLS,30952,3,3474.1147421716996,Mi-Fr-Sa
3,0.5,0.5,GLS,30966,3,2879.1069975174923,Di-Do-Sa
3,0.5,0.5,GLS,30974,4,2849.960300779618,Mo-Di-Fr-Sa
3,0.5,0.5,GLS,30982,4,2624.6108363794665,Mo-Do-Fr-Sa
3,0.5,0.5,GLS,30989,4,2783.5980841189544,Mo-Do-Fr-Sa
3,0.5,0.5,GLS,31275,2,6455.393325530035,Di-Fr
3,0.5,0.5,GLS,31303,2,4931.634235847086,Mi-Sa
3,0.5,0.5,GLS,31311,2,4727.073792411598,Mi-Sa
3,0.5,0.5,GLS,31319,4,4034.549062663806,Mo-Di-Mi-Sa
3,0.5,0.5,GLS,31515,4,7740.362073557476,Mo-Di-Mi-Fr
3,0.5,0.5,GLS,31535,3,9565.244827195804,Di-Do-Fr
3,0.5,0.5,GLS,31832,5,4832.643908875158,Mo-Di-Mi-Do-Sa
3,0.5,0.5,Hermes,30159,5,5699.41299529704,Mo-Di-Mi-Do-Sa
3,0.5,0.5,Hermes,30161,2,2902.2684160850204,Mi-Sa
3,0.5,0.5,Hermes,30163,3,2895.2020046866423,Mi-Do-Sa
3,0.5,0.5,Hermes,30165,3,2638.670508866926,Mo-Di-Fr
3,0.5,0.5,Hermes,30167,2,3863.13921030366,Mo-Do
3,0.5,0.5,Hermes,30173,2,2983.111337094085,Di-Fr
3,0.5,0.5,Hermes,30177,3,2394.6303131690343,Mi-Fr-Sa
3,0.5,0.5,Hermes,30179,4,2449.7244461943983,Di-Do-Fr-Sa
3,0.5,0.5,Hermes,30419,3,5141.119262152899,Mo-Mi-Sa
3,0.5,0.5,Hermes,30449,3,3807.0661407008897,Di-Do-Fr
3,0.5,0.5,Hermes,30453,2,2980.391974561588,Di-Fr
3,0.5,0.5,Hermes,30455,3,2893.2394366713816,Mi-Fr-Sa
3,0.5,0.5,Hermes,30457,3,2967.0371611287674,Di-Fr-Sa
3,0.5,0.5,Hermes,30459,3,2912.5750119840513,Di-Fr-Sa
3,0.5,0.5,Hermes,30519,2,4717.186029490875,Mo-Do
3,0.5,0.5,Hermes,30539,2,3304.4919452213267,Di-Fr
3,0.5,0.5,Hermes,30559,2,4987.8597201202965,Mo-Do
3,0.5,0.5,Hermes,30625,3,2761.7016467032254,Di-Fr-Sa
3,0.5,0.5,Hermes,30627,5,1795.1822121118576,Mo-Di-Mi-Do-Sa
3,0.5,0.5,Hermes,30629,3,2817.1745268148834,Mi-Fr-Sa
3,0.5,0.5,Hermes,30655,3,2991.8716077722497,Mo-Di-Fr
3,0.5,0.5,Hermes,30657,3,2673.367726910603,Di-Fr-Sa
3,0.5,0.5,Hermes,30659,3,2789.329732263557,Mi-Fr-Sa
3,0.5,0.5,Hermes,30823,2,3529.798167703064,Mi-Sa
3,0.5,0.5,Hermes,30826,2,3854.842209823937,Mi-Sa
3,0.5,0.5,Hermes,30827,2,2851.5278850561417,Di-Fr
3,0.5,0.5,Hermes,30851,3,2330.9761941102765,Mi-Fr-Sa
3,0.5,0.5,Hermes,30853,4,2271.2774211000883,Mo-Mi-Fr-Sa
3,0.5,0.5,Hermes,30855,3,8305.805146757932,Mo-Mi-Fr
3,0.5,0.5,Hermes,30880,2,6378.810283421697,Mo-Do
3,0.5,0.5,Hermes,30890,2,6958.80129972209,Di-Fr
3,0.5,0.5,Hermes,30900,3,6912.899916160131,Mo-Di-Fr
3,0.5,0.5,Hermes,30916,3,5576.450939802356,Di-Fr-Sa
3,0.5,0.5,Hermes,30926,4,5703.007512356293,Di-Mi-Fr-Sa
3,0.5,0.5,Hermes,30938,3,5492.172487893264,Mo-Do-Sa
3,0.5,0.5,Hermes,30952,2,4607.970661020053,Mi-Sa
3,0.5,0.5,Hermes,30966,2,3999.089509584051,Mi-Sa
3,0.5,0.5,Hermes,30974,3,3689.60383238588,Mi-Fr-Sa
3,0.5,0.5,Hermes,30982,3,3798.5530719536832,Mi-Fr-Sa
3,0.5,0.5,Hermes,30989,3,3389.0107358587366,Mi-Fr-Sa
3,0.5,0.5,Hermes,31275,2,8604.89382976684,Mi-Sa
3,0.5,0.5,Hermes,31303,2,6418.622483570471,Di-Fr
3,0.5,0.5,Hermes,31311,2,5456.42159479695,Mo-Do
3,0.5,0.5,Hermes,31319,2,5774.018757277323,Mo-Do
3,0.5,0.5,Hermes,31515,2,8223.198540782756,Mi-Sa
3,0.5,0.5,Hermes,31535,2,9607.387958850331,Mi-Sa
3,0.5,0.5,Hermes,31832,2,7071.5245880344155,Mi-Sa
3,0.5,0.5,UPS,30159,3,13589.40120864138,Mo-Mi-Sa
3,0.5,0.5,UPS,30161,3,5715.079557828105,Mo-Mi-Sa
3,0.5,0.5,UPS,30163,3,6268.076585497009,Mi-Do-Sa
3,0.5,0.5,UPS,30165,4,3571.383640298971,Di-Mi-Do-Fr
3,0.5,0.5,UPS,30167,5,5614.610198835863,Mo-Di-Mi-Do-Sa
3,0.5,0.5,UPS,30419,2,3083.314448648514,Mo-Do
3,0.5,0.5,UPS,30449,2,6062.7789895292635,Mi-Sa
3,0.5,0.5,UPS,30453,3,2900.1725771014817,Mi-Fr-Sa
3,0.5,0.5,UPS,30455,3,1945.7190285367797,Di-Mi-Sa
3,0.5,0.5,UPS,30457,5,2055.0534577878,Mo-Di-Mi-Do-Sa
3,0.5,0.5,UPS,30519,4,4682.120691435302,Mo-Di-Mi-Do
3,0.5,0.5,UPS,30539,3,4152.143592743518,Di-Do-Fr
3,0.5,0.5,UPS,30559,4,4689.030262399609,Mo-Di-Mi-Fr
3,0.5,0.5,UPS,30625,3,3899.189827660672,Di-Do-Fr
3,0.5,0.5,UPS,30655,4,2048.040618388289,Mo-Di-Fr-Sa
3,0.5,0.5,UPS,30657,5,4533.7082881100705,Mo-Di-Do-Fr-Sa
3,0.5,0.5,UPS,30659,2,3140.8233835805136,Mi-Sa
3,0.5,0.5,UPS,30823,2,2597.765017445231,Di-Fr
3,0.5,0.5,UPS,30826,5,2042.2007621976531,Mo-Di-Mi-Do-Sa
3,0.5,0.5,UPS,30827,2,3057.5631210458573,Mo-Do
3,0.5,0.5,UPS,30853,3,4270.799322840368,Mo-Di-Do
3,0.5,0.5,UPS,30855,5,12250.405958758758,Mo-Di-Mi-Do-Sa
3,0.5,0.5,UPS,30880,3,6741.92971333829,Mi-Do-Sa
3,0.5,0.5,UPS,30890,3,3961.9628043043977,Di-Fr-Sa
3,0.5,0.5,UPS,30900,2,4721.453765486288,Mi-Sa
3,0.5,0.5,UPS,30916,5,5878.623950373746,Mo-Di-Do-Fr-Sa
3,0.5,0.5,UPS,30926,3,3301.963968014448,Mo-Mi-Fr
3,0.5,0.5,UPS,30938,3,5769.842648205501,Mi-Fr-Sa
3,0.5,0.5,UPS,30952,2,2998.055375417876,Di-Fr
3,0.5,0.5,UPS,30966,3,2954.961148633821,Di-Do-Fr
3,0.5,0.5,UPS,30974,3,2815.3463693145895,Mo-Do-Sa
3,0.5,0.5,UPS,30982,4,2887.818459202436,Mo-Di-Mi-Fr
3,0.5,0.5,UPS,30989,2,2861.7108729236506,Di-Fr
3,0.5,0.5,UPS,31275,2,6064.582778620069,Mo-Do
3,0.5,0.5,UPS,31303,3,3917.402054425299,Di-Fr-Sa
3,0.5,0.5,UPS,31311,2,3375.198417156578,Mo-Do
3,0.5,0.5,UPS,31319,2,2944.420677749918,Mo-Do
3,0.5,0.5,UPS,31515,3,6200.291375758549,Mo-Mi-Fr
3,0.5,0.5,UPS,31535,2,6795.019638688275,Mo-Do
3,0.5,0.5,UPS,31832,2,4875.027425139962,Mi-Sa
3,0.6000000000000001,0.3999999999999999,Amazon,30159,3,11060.850049914658,Di-Do-Sa
3,0.6000000000000001,0.3999999999999999,Amazon,30161,4,5879.616975439044,Di-Mi-Do-Sa
3,0.6000000000000001,0.3999999999999999,Amazon,30163,4,5610.936470121525,Di-Mi-Do-Sa
3,0.6000000000000001,0.3999999999999999,Amazon,30165,5,4545.791140625677,Mo-Di-Mi-Fr-Sa
3,0.6000000000000001,0.3999999999999999,Amazon,30167,4,7017.253888065031,Mo-Do-Fr-Sa
3,0.6000000000000001,0.3999999999999999,Amazon,30173,5,5024.203828230287,Mo-Di-Mi-Fr-Sa
3,0.6000000000000001,0.3999999999999999,Amazon,30177,5,4081.2128763032038,Mo-Di-Mi-Do-Fr
3,0.6000000000000001,0.3999999999999999,Amazon,30179,5,4135.176964338226,Mo-Di-Mi-Do-Fr
3,0.6000000000000001,0.3999999999999999,Amazon,30419,6,8685.332684443236,Mo-Di-Mi-Do-Fr-Sa
3,0.6000000000000001,0.3999999999999999,Amazon,30449,4,6759.511107432502,Mo-Do-Fr-Sa
3,0.6000000000000001,0.3999999999999999,Amazon,30453,4,4867.8916893483065,Mo-Di-Fr-Sa
3,0.6000000000000001,0.3999999999999999,Amazon,30455,5,4501.77739579526,Mo-Di-Mi-Do-Fr
3,0.6000000000000001,0.3999999999999999,Amazon,30457,5,4604.538285834916,Mo-Di-Mi-Do-Fr
3,0.6000000000000001,0.3999999999999999,Amazon,30459,6,4721.113690320388,Mo-Di-Mi-Do-Fr-Sa
3,0.6000000000000001,0.3999999999999999,Amazon,30519,5,7918.818111217973,Di-Mi-Do-Fr-Sa
3,0.6000000000000001,0.3999999999999999,Amazon,30539,6,5232.56483537078,Mo-Di-Mi-Do-Fr-Sa
3,0.6000000000000001,0.3999999999999999,Amazon,30559,6,7936.80103693811,Mo-Di-Mi-Do-Fr-Sa
3,0.6000000000000001,0.3999999999999999,Amazon,30625,5,4656.7593492503875,Mo-Di-Mi-Do-Fr
3,0.6000000000000001,0.3999999999999999,Amazon,30627,3,3163.367077970929,Mi-Do-Sa
3,0.6000000000000001,0.3999999999999999,Amazon,30629,5,4481.578029717146,Mo-Di-Do-Fr-Sa
3,0.6000000000000001,0.3999999999999999,Amazon,30655,4,4999.048032793852,Mo-Di-Fr-Sa
3,0.6000000000000001,0.3999999999999999,Amazon,30657,4,5105.010886391368,Mo-Di-Fr-Sa
3,0.6000000000000001,0.3999999999999999,Amazon,30659,5,4623.750895169247,Mo-Di-Mi-Do-Fr
3,0.6000000000000001,0.3999999999999999,Amazon,30823,4,5260.767600631281,Di-Mi-Do-Sa
3,0.6000000000000001,0.3999999999999999,Amazon,30826,5,5182.981363103236,Mo-Di-Mi-Fr-Sa
3,0.6000000000000001,0.3999999999999999,Amazon,30827,4,4391.515976058826,Mo-Mi-Fr-Sa
3,0.6000000000000001,0.3999999999999999,Amazon,30851,5,4288.301538213211,Mo-Di-Mi-Do-Fr
3,0.6000000000000001,0.3999999999999999,Amazon,30853,5,4272.380400431184,Mo-Di-Mi-Do-Fr
3,0.6000000000000001,0.3999999999999999,Amazon,30855,4,16123.67536805297,Mo-Di-Mi-Sa
3,0.6000000000000001,0.3999999999999999,Amazon,30880,4,10755.68439778864,Di-Do-Fr-Sa
3,0.6000000000000001,0.3999999999999999,Amazon,30890,2,9599.905154716285,Mo-Do
3,0.6000000000000001,0.3999999999999999,Amazon,30900,4,11265.346449023386,Di-Do-Fr-Sa
3,0.6000000000000001,0.3999999999999999,Amazon,30916,4,9581.152437552695,Mo-Mi-Do-Fr
3,0.6000000000000001,0.3999999999999999,Amazon,30926,3,8507.533744114746,Mi-Fr-Sa
3,0.6000000000000001,0.3999999999999999,Amazon,30938,5,8765.746295869314,Mo-Di-Do-Fr-Sa
3,0.6000000000000001,0.3999999999999999,Amazon,30952,5,6650.168053217991,Di-Mi-Do-Fr-Sa
3,0.6000000000000001,0.3999999999999999,Amazon,30966,4,6492.851602905779,Mo-Mi-Do-Fr
3,0.6000000000000001,0.3999999999999999,Amazon,30974,5,5128.6717503373575,Mo-Di-Mi-Fr-Sa
3,0.6000000000000001,0.3999999999999999,Amazon,30982,3,5404.813414619517,Mo-Di-Fr
3,0.6000000000000001,0.3999999999999999,Amazon,30989,4,5032.371282235491,Mo-Di-Mi-Do
3,0.6000000000000001,0.3999999999999999,Amazon,31275,3,13401.696382540074,Mi-Do-Sa
3,0.6000000000000001,0.3999999999999999,Amazon,31303,4,9886.649185485627,Mi-Do-Fr-Sa
3,0.6000000000000001,0.3999999999999999,Amazon,31311,3,8328.747217345044,Mi-Do-Sa
3,0.6000000000000001,0.3999999999999999,Amazon,31319,6,9006.598190484336,Mo-Di-Mi-Do-Fr-Sa
3,0.6000000000000001,0.3999999999999999,Amazon,31515,4,11843.953529513254,Mi-Do-Fr-Sa
3,0.6000000000000001,0.3999999999999999,Amazon,31535,3,14242.461964312402,Mi-Fr-Sa
3,0.6000000000000001,0.3999999999999999,Amazon,31832,4,10416.163946330125,Di-Mi-Do-Fr
3,0.6000000000000001,0.3999999999999999,DHL,30159,5,21130.049618533263,Mo-Mi-Do-Fr-Sa
3,0.6000000000000001,0.3999999999999999,DHL,30161,6,10896.842490106472,Mo-Di-Mi-Do-Fr-Sa
3,0.6000000000000001,0.3999999999999999,DHL,30163,6,9949.803363797471,Mo-Di-Mi-Do-Fr-Sa
3,0.6000000000000001,0.3999999999999999,DHL,30165,5,8637.72851098121,Di-Mi-Do-Fr-Sa
3,0.6000000000000001,0.3999999999999999,DHL,30167,5,12993.022720884888,Mo-Di-Mi-Do-Sa
3,0.6000000000000001,0.3999999999999999,DHL,30169,6,5443.510365830029,Mo-Di-Mi-Do-Fr-Sa
3,0.6000000000000001,0.3999999999999999,DHL,30173,5,8850.876607148506,Mo-Di-Do-Fr-Sa
3,0.6000000000000001,0.3999999999999999,DHL,30177,5,6657.085733445956,Mo-Di-Mi-Do-Fr
3,0.6000000000000001,0.3999999999999999,DHL,30179,6,7025.737693154014,Mo-Di-Mi-Do-Fr-Sa
3,0.6000000000000001,0.3999999999999999,DHL,30419,6,15488.762582133773,Mo-Di-Mi-Do-Fr-Sa
3,0.6000000000000001,0.3999999999999999,DHL,30449,4,7431.974427669198,Mo-Di-Fr-Sa
3,0.6000000000000001,0.3999999999999999,DHL,30453,3,8761.631289710958,Mi-Fr-Sa
3,0.6000000000000001,0.3999999999999999,DHL,30455,3,7327.596496043532,Mo-Di-Fr
3,0.6000000000000001,0.3999999999999999,DHL,30457,4,6953.324229717076,Mo-Di-Do-Fr
3,0.6000000000000001,0.3999999999999999,DHL,30459,6,6651.002162382179,Mo-Di-Mi-Do-Fr-Sa
3,0.6000000000000001,0.3999999999999999,DHL,30519,6,13272.168787294228,Mo-Di-Mi-Do-Fr-Sa
3,0.6000000000000001,0.3999999999999999,DHL,30539,4,9040.394359889833,Mo-Mi-Do-Fr
3,0.6000000000000001,0.3999999999999999,DHL,30559,6,12373.65925832722,Mo-Di-Mi-Do-Fr-Sa
3,0.6000000000000001,0.3999999999999999,DHL,30625,4,7968.264089217309,Mo-Di-Fr-Sa
3,0.6000000000000001,0.3999999999999999,DHL,30627,5,5435.178374020357,Mo-Di-Mi-Do-Sa
3,0.6000000000000001,0.3999999999999999,DHL,30629,4,6526.338705801793,Mo-Mi-Fr-Sa
3,0.6000000000000001,0.3999999999999999,DHL,30655,5,8745.85050390887,Mo-Di-Mi-Fr-Sa
3,0.6000000000000001,0.3999999999999999,DHL,30657,6,9992.167827012736,Mo-Di-Mi-Do-Fr-Sa
3,0.6000000000000001,0.3999999999999999,DHL,30659,6,7898.329610710899,Mo-Di-Mi-Do-Fr-Sa
3,0.6000000000000001,0.3999999999999999,DHL,30823,5,10081.335082978247,Mo-Mi-Do-Fr-Sa
3,0.6000000000000001,0.3999999999999999,DHL,30826,4,9277.128422526815,Mi-Do-Fr-Sa
3,0.6000000000000001,0.3999999999999999,DHL,30827,6,8625.617953447312,Mo-Di-Mi-Do-Fr-Sa
3,0.6000000000000001,0.3999999999999999,DHL,30851,6,7140.564548697186,Mo-Di-Mi-Do-Fr-Sa
3,0.6000000000000001,0.3999999999999999,DHL,30853,6,7954.150022203881,Mo-Di-Mi-Do-Fr-Sa
3,0.6000000000000001,0.3999999999999999,DHL,30855,4,32462.506769632164,Mo-Mi-Fr-Sa
3,0.6000000000000001,0.3999999999999999,DHL,30880,3,17696.26532607531,Mi-Fr-Sa
3,0.6000000000000001,0.3999999999999999,DHL,30890,5,15907.182491486794,Mo-Di-Mi-Do-Fr
3,0.6000000000000001,0.3999999999999999,DHL,30900,2,17005.291467298623,Di-Fr
3,0.6000000000000001,0.3999999999999999,DHL,30916,4,17423.93829566269,Mi-Do-Fr-Sa
3,0.6000000000000001,0.3999999999999999,DHL,30926,3,13935.185105622742,Mo-Do-Sa
3,0.6000000000000001,0.3999999999999999,DHL,30938,6,14554.779241554967,Mo-Di-Mi-Do-Fr-Sa
3,0.6000000000000001,0.3999999999999999,DHL,30952,3,11289.128399050689,Mo-Do-Sa
3,0.6000000000000001,0.3999999999999999,DHL,30966,5,10464.581065518996,Di-Mi-Do-Fr-Sa
3,0.6000000000000001,0.3999999999999999,DHL,30974,5,7569.154278072414,Di-Mi-Do-Fr-Sa
3,0.6000000000000001,0.3999999999999999,DHL,30982,3,7952.560943127545,Di-Fr-Sa
3,0.6000000000000001,0.3999999999999999,DHL,30989,4,8494.458224023434,Di-Do-Fr-Sa
3,0.6000000000000001,0.3999999999999999,DHL,31275,4,20319.584011232146,Di-Mi-Fr-Sa
3,0.6000000000000001,0.3999999999999999,DHL,31303,5,13541.882895926256,Mo-Di-Mi-Do-Fr
3,0.6000000000000001,0.3999999999999999,DHL,31311,4,10466.315112131997,Di-Mi-Do-Fr
3,0.6000000000000001,0.3999999999999999,DHL,31319,4,12128.84660986094,Mo-Mi-Fr-Sa
3,0.6000000000000001,0.3999999999999999,DHL,31515,4,20747.546396713606,Mo-Di-Mi-Do
3,0.6000000000000001,0.3999999999999999,DHL,31535,4,21004.508709098172,Di-Mi-Do-Sa
3,0.6000000000000001,0.3999999999999999,DHL,31832,4,14377.120663638407,Mo-Di-Fr-Sa
3,0.6000000000000001,0.3999999999999999,DPD,30159,4,6504.6486432906195,Mo-Di-Mi-Do
3,0.6000000000000001,0.3999999999999999,DPD,30161,4,3377.7048305469743,Mo-Di-Mi-Do
3,0.6000000000000001,0.3999999999999999,DPD,30163,4,3113.8320255215604,Mo-Di-Mi-Do
3,0.6000000000000001,0.3999999999999999,DPD,30165,3,2725.1645901622837,Di-Fr-Sa
3,0.6000000000000001,0.3999999999999999,DPD,30167,5,4295.38664950644,Mo-Di-Mi-Do-Fr
3,0.6000000000000001,0.3999999999999999,DPD,30173,4,2641.9069757994785,Di-Mi-Fr-Sa
3,0.6000000000000001,0.3999999999999999,DPD,30177,5,1988.268510920767,Mo-Di-Do-Fr-Sa
3,0.6000000000000001,0.3999999999999999,DPD,30179,5,2222.37233357826,Mo-Di-Do-Fr-Sa
3,0.6000000000000001,0.3999999999999999,DPD,30419,4,5085.389517224328,Mo-Mi-Do-Fr
3,0.6000000000000001,0.3999999999999999,DPD,30449,4,3961.122437527466,Mo-Di-Do-Fr
3,0.6000000000000001,0.3999999999999999,DPD,30453,2,3124.2448502374773,Mi-Sa
3,0.6000000000000001,0.3999999999999999,DPD,30455,2,2651.3947856336367,Di-Fr
3,0.6000000000000001,0.3999999999999999,DPD,30457,4,2521.4380559798747,Mo-Do-Fr-Sa
3,0.6000000000000001,0.3999999999999999,DPD,30459,4,2319.3218515931576,Mo-Do-Fr-Sa
3,0.6000000000000001,0.3999999999999999,DPD,30519,4,4102.996776050102,Mo-Di-Do-Fr
3,0.6000000000000001,0.3999999999999999,DPD,30539,2,2829.642354448697,Mi-Sa
3,0.6000000000000001,0.3999999999999999,DPD,30559,4,3899.4303404976777,Di-Mi-Do-Fr
3,0.6000000000000001,0.3999999999999999,DPD,30625,3,2389.4448261525013,Di-Fr-Sa
3,0.6000000000000001,0.3999999999999999,DPD,30627,6,1702.8075328692416,Mo-Di-Mi-Do-Fr-Sa
3,0.6000000000000001,0.3999999999999999,DPD,30629,4,1979.2554317891218,Mo-Do-Fr-Sa
3,0.6000000000000001,0.3999999999999999,DPD,30655,4,2559.8868472704944,Di-Do-Fr-Sa
3,0.6000000000000001,0.3999999999999999,DPD,30657,3,2992.574036586927,Mi-Fr-Sa
3,0.6000000000000001,0.3999999999999999,DPD,30659,4,2155.0993546092477,Mo-Do-Fr-Sa
3,0.6000000000000001,0.3999999999999999,DPD,30823,3,3471.825464634892,Mi-Fr-Sa
3,0.6000000000000001,0.3999999999999999,DPD,30826,3,3850.9498374576774,Mo-Mi-Fr
3,0.6000000000000001,0.3999999999999999,DPD,30827,3,3165.3104766925794,Mo-Mi-Fr
3,0.6000000000000001,0.3999999999999999,DPD,30851,5,2236.333177984127,Mo-Di-Do-Fr-Sa
3,0.6000000000000001,0.3999999999999999,DPD,30853,4,2617.7867323612786,Mo-Mi-Fr-Sa
3,0.6000000000000001,0.3999999999999999,DPD,30855,4,9861.463435359085,Mo-Do-Fr-Sa
3,0.6000000000000001,0.3999999999999999,DPD,30880,3,5478.883978516045,Mi-Fr-Sa
3,0.6000000000000001,0.3999999999999999,DPD,30890,2,6515.41033860797,Di-Fr
3,0.6000000000000001,0.3999999999999999,DPD,30900,2,6540.177719323369,Di-Fr
3,0.6000000000000001,0.3999999999999999,DPD,30916,2,5165.344616158765,Di-Fr
3,0.6000000000000001,0.3999999999999999,DPD,30926,2,5664.148146469855,Di-Fr
3,0.6000000000000001,0.3999999999999999,DPD,30938,4,5250.886528508734,Mo-Di-Do-Fr
3,0.6000000000000001,0.3999999999999999,DPD,30952,3,4087.772694996568,Mi-Do-Sa
3,0.6000000000000001,0.3999999999999999,DPD,30966,3,3544.084306681929,Mi-Fr-Sa
3,0.6000000000000001,0.3999999999999999,DPD,30974,2,3296.192230386732,Di-Fr
3,0.6000000000000001,0.3999999999999999,DPD,30982,2,3193.0296757599426,Mo-Do
3,0.6000000000000001,0.3999999999999999,DPD,30989,2,3258.232780730999,Di-Fr
3,0.6000000000000001,0.3999999999999999,DPD,31275,3,6297.012691918666,Di-Fr-Sa
3,0.6000000000000001,0.3999999999999999,DPD,31303,3,4940.315589391946,Mo-Di-Do
3,0.6000000000000001,0.3999999999999999,DPD,31311,2,4333.737174448177,Mo-Do
3,0.6000000000000001,0.3999999999999999,DPD,31319,5,4112.881620114147,Mo-Di-Mi-Do-Sa
3,0.6000000000000001,0.3999999999999999,DPD,31515,4,8115.132099224469,Mo-Di-Mi-Fr
3,0.6000000000000001,0.3999999999999999,DPD,31535,3,9580.295231087222,Di-Mi-Sa
3,0.6000000000000001,0.3999999999999999,DPD,31832,2,6137.726099259849,Mo-Do
3,0.6000000000000001,0.3999999999999999,FedEx,30159,2,12125.370961031158,Mi-Sa
3,0.6000000000000001,0.3999999999999999,FedEx,30161,4,4829.933066737525,Mo-Mi-Fr-Sa
3,0.6000000000000001,0.3999999999999999,FedEx,30163,2,7473.135790600579,Mi-Sa
3,0.6000000000000001,0.3999999999999999,FedEx,30167,3,4813.159737199536,Di-Do-Sa
3,0.6000000000000001,0.3999999999999999,FedEx,30419,3,2685.827853376361,Mi-Fr-Sa
3,0.6000000000000001,0.3999999999999999,FedEx,30449,4,4910.731161576975,Mo-Di-Fr-Sa
3,0.6000000000000001,0.3999999999999999,FedEx,30453,4,2831.0213448138506,Mo-Mi-Fr-Sa
3,0.6000000000000001,0.3999999999999999,FedEx,30455,2,1874.2544318088283,Di-Fr
3,0.6000000000000001,0.3999999999999999,FedEx,30457,3,1963.024998800619,Di-Mi-Sa
3,0.6000000000000001,0.3999999999999999,FedEx,30519,3,3897.943449372826,Mo-Di-Do
3,0.6000000000000001,0.3999999999999999,FedEx,30539,3,3864.500966975802,Mo-Di-Do
3,0.6000000000000001,0.3999999999999999,FedEx,30559,2,4923.418153623499,Mo-Do
3,0.6000000000000001,0.3999999999999999,FedEx,30625,4,3395.423603201275,Mo-Di-Mi-Do
3,0.6000000000000001,0.3999999999999999,FedEx,30655,4,3161.8651448767105,Mo-Di-Mi-Do
3,0.6000000000000001,0.3999999999999999,FedEx,30657,6,4470.593996761694,Mo-Di-Mi-Do-Fr-Sa
3,0.6000000000000001,0.3999999999999999,FedEx,30823,4,1944.4025800510294,Mo-Di-Mi-Fr
3,0.6000000000000001,0.3999999999999999,FedEx,30827,2,3996.9073938523347,Di-Fr
3,0.6000000000000001,0.3999999999999999,FedEx,30853,2,4180.309545188089,Mo-Do
3,0.6000000000000001,0.3999999999999999,FedEx,30855,3,11058.421293896197,Mo-Mi-Sa
3,0.6000000000000001,0.3999999999999999,FedEx,30880,4,5708.416814814643,Mo-Mi-Fr-Sa
3,0.6000000000000001,0.3999999999999999,FedEx,30890,2,3227.6110442215504,Di-Fr
3,0.6000000000000001,0.3999999999999999,FedEx,30900,3,4183.034414634039,Di-Mi-Sa
3,0.6000000000000001,0.3999999999999999,FedEx,30916,5,5239.083979555507,Mo-Di-Mi-Do-Sa
3,0.6000000000000001,0.3999999999999999,FedEx,30926,2,2826.520723484773,Mi-Sa
3,0.6000000000000001,0.3999999999999999,FedEx,30938,4,5417.165885913393,Mo-Di-Mi-Do
3,0.6000000000000001,0.3999999999999999,FedEx,30952,4,2679.86850959362,Mo-Di-Mi-Fr
3,0.6000000000000001,0.3999999999999999,FedEx,30966,5,2459.447422533138,Mo-Di-Mi-Do-Sa
3,0.6000000000000001,0.3999999999999999,FedEx,30974,3,2326.6041074122595,Mo-Mi-Fr
3,0.6000000000000001,0.3999999999999999,FedEx,30982,6,2379.2604748942445,Mo-Di-Mi-Do-Fr-Sa
3,0.6000000000000001,0.3999999999999999,FedEx,30989,4,2359.393735603344,Mo-Di-Mi-Fr
3,0.6000000000000001,0.3999999999999999,FedEx,31275,4,4975.292699942964,Mo-Di-Mi-Do
3,0.6000000000000001,0.3999999999999999,FedEx,31303,2,3383.7960034656535,Mi-Sa
3,0.6000000000000001,0.3999999999999999,FedEx,31311,6,2818.577694291381,Mo-Di-Mi-Do-Fr-Sa
3,0.6000000000000001,0.3999999999999999,FedEx,31319,3,2708.2696833549207,Di-Mi-Sa
3,0.6000000000000001,0.3999999999999999,FedEx,31515,4,4868.253338911025,Mo-Di-Do-Sa
3,0.6000000000000001,0.3999999999999999,FedEx,31535,2,5909.063983810782,Mo-Do
3,0.6000000000000001,0.3999999999999999,FedEx,31832,2,3639.827463088171,Di-Fr
3,0.6000000000000001,0.3999999999999999,GLS,30159,4,4613.180590277766,Mo-Di-Fr-Sa
3,0.6000000000000001,0.3999999999999999,GLS,30161,4,2604.569806834617,Di-Mi-Fr-Sa
3,0.6000000000000001,0.3999999999999999,GLS,30163,3,4294.768715630245,Mo-Mi-Fr
3,0.6000000000000001,0.3999999999999999,GLS,30165,5,2183.9316442573245,Mo-Di-Do-Fr-Sa
3,0.6000000000000001,0.3999999999999999,GLS,30167,3,3146.792800059527,Mo-Mi-Do
3,0.6000000000000001,0.3999999999999999,GLS,30173,5,2232.736625466987,Mo-Di-Do-Fr-Sa
3,0.6000000000000001,0.3999999999999999,GLS,30179,5,2028.0998790438416,Mo-Di-Mi-Do-Fr
3,0.6000000000000001,0.3999999999999999,GLS,30419,3,4712.108259495733,Mo-Do-Fr
3,0.6000000000000001,0.3999999999999999,GLS,30449,2,2842.5424926600085,Mi-Sa
3,0.6000000000000001,0.3999999999999999,GLS,30453,3,2701.4364705671974,Di-Fr-Sa
3,0.6000000000000001,0.3999999999999999,GLS,30455,3,2427.094242151404,Mo-Do-Sa
3,0.6000000000000001,0.3999999999999999,GLS,30457,3,2267.3170737934424,Mo-Do-Sa
3,0.6000000000000001,0.3999999999999999,GLS,30459,6,1876.236727895414,Mo-Di-Mi-Do-Fr-Sa
3,0.6000000000000001,0.3999999999999999,GLS,30519,5,3313.2448051203114,Mo-Di-Mi-Do-Sa
3,0.6000000000000001,0.3999999999999999,GLS,30539,4,2180.7600093650117,Mo-Do-Fr-Sa
3,0.6000000000000001,0.3999999999999999,GLS,30559,3,3350.025437308722,Mi-Do-Sa
3,0.6000000000000001,0.3999999999999999,GLS,30625,3,2143.3204356154965,Mo-Do-Sa
3,0.6000000000000001,0.3999999999999999,GLS,30627,3,1765.7579280890782,Di-Mi-Sa
3,0.6000000000000001,0.3999999999999999,GLS,30629,5,2064.069952525373,Mo-Di-Mi-Do-Sa
3,0.6000000000000001,0.3999999999999999,GLS,30655,3,2592.9813286999,Di-Fr-Sa
3,0.6000000000000001,0.3999999999999999,GLS,30657,4,2540.875396404393,Mo-Do-Fr-Sa
3,0.6000000000000001,0.3999999999999999,GLS,30659,6,2165.5626302364476,Mo-Di-Mi-Do-Fr-Sa
3,0.6000000000000001,0.3999999999999999,GLS,30823,3,3423.684914635038,Di-Mi-Sa
3,0.6000000000000001,0.3999999999999999,GLS,30826,2,3709.267952107296,Di-Fr
3,0.6000000000000001,0.3999999999999999,GLS,30827,4,2794.8152474600774,Mo-Do-Fr-Sa
3,0.6000000000000001,0.3999999999999999,GLS,30851,6,2097.4205946859483,Mo-Di-Mi-Do-Fr-Sa
3,0.6000000000000001,0.3999999999999999,GLS,30853,5,2189.4051379694806,Mo-Di-Mi-Do-Sa
3,0.6000000000000001,0.3999999999999999,GLS,30855,6,7965.715090235543,Mo-Di-Mi-Do-Fr-Sa
3,0.6000000000000001,0.3999999999999999,GLS,30880,3,4020.3787406866727,Mo-Do-Fr
3,0.6000000000000001,0.3999999999999999,GLS,30890,2,5773.4116841281575,Mo-Do
3,0.6000000000000001,0.3999999999999999,GLS,30900,2,6653.664641567846,Di-Fr
3,0.6000000000000001,0.3999999999999999,GLS,30916,4,4560.367008323241,Mo-Di-Mi-Do
3,0.6000000000000001,0.3999999999999999,GLS,30926,4,5081.590168847003,Mo-Di-Do-Sa
3,0.6000000000000001,0.3999999999999999,GLS,30938,2,4896.45041468098,Di-Fr
3,0.6000000000000001,0.3999999999999999,GLS,30952,2,3374.3018106052573,Mi-Sa
3,0.6000000000000001,0.3999999999999999,GLS,30966,2,2858.5313655590803,Mi-Sa
3,0.6000000000000001,0.3999999999999999,GLS,30974,6,2912.392838204481,Mo-Di-Mi-Do-Fr-Sa
3,0.6000000000000001,0.3999999999999999,GLS,30982,4,2608.8976478654313,Mo-Do-Fr-Sa
3,0.6000000000000001,0.3999999999999999,GLS,30989,6,2798.376100761728,Mo-Di-Mi-Do-Fr-Sa
3,0.6000000000000001,0.3999999999999999,GLS,31275,2,6245.586615999609,Mo-Do
3,0.6000000000000001,0.3999999999999999,GLS,31303,2,5368.53820924337,Di-Fr
3,0.6000000000000001,0.3999999999999999,GLS,31311,2,4855.981299543542,Mi-Sa
3,0.6000000000000001,0.3999999999999999,GLS,31319,3,3950.4579800817337,Mi-Fr-Sa
3,0.6000000000000001,0.3999999999999999,GLS,31515,3,7733.5004568271015,Mo-Mi-Sa
3,0.6000000000000001,0.3999999999999999,GLS,31535,3,9282.115834476248,Mo-Mi-Do
3,0.6000000000000001,0.3999999999999999,GLS,31832,5,4859.518473328684,Mo-Di-Mi-Do-Sa
3,0.6000000000000001,0.3999999999999999,Hermes,30159,4,5512.966386781956,Di-Mi-Do-Sa
3,0.6000000000000001,0.3999999999999999,Hermes,30161,5,2994.102575870629,Mo-Di-Mi-Do-Sa
3,0.6000000000000001,0.3999999999999999,Hermes,30163,5,2936.8527945251885,Mo-Di-Mi-Do-Sa
3,0.6000000000000001,0.3999999999999999,Hermes,30165,4,2650.3822436455257,Di-Mi-Do-Sa
3,0.6000000000000001,0.3999999999999999,Hermes,30167,3,3890.342798583013,Di-Do-Fr
3,0.6000000000000001,0.3999999999999999,Hermes,30173,3,3014.166450531823,Mi-Do-Sa
3,0.6000000000000001,0.3999999999999999,Hermes,30177,2,2407.768261352899,Mi-Sa
3,0.6000000000000001,0.3999999999999999,Hermes,30179,3,2252.091537889482,Di-Fr-Sa
3,0.6000000000000001,0.3999999999999999,Hermes,30419,4,5049.954626528906,Mo-Mi-Fr-Sa
3,0.6000000000000001,0.3999999999999999,Hermes,30449,3,3895.7256115461796,Mo-Do-Fr
3,0.6000000000000001,0.3999999999999999,Hermes,30453,4,3119.831072500421,Di-Mi-Do-Sa
3,0.6000000000000001,0.3999999999999999,Hermes,30455,3,2985.514591284694,Mi-Fr-Sa
3,0.6000000000000001,0.3999999999999999,Hermes,30457,3,3004.269892191507,Mi-Fr-Sa
3,0.6000000000000001,0.3999999999999999,Hermes,30459,3,2954.663044156744,Mi-Fr-Sa
3,0.6000000000000001,0.3999999999999999,Hermes,30519,3,4791.610220781673,Mo-Do-Fr
3,0.6000000000000001,0.3999999999999999,Hermes,30539,3,3136.4780457452084,Mi-Fr-Sa
3,0.6000000000000001,0.3999999999999999,Hermes,30559,2,5073.061976352677,Di-Fr
3,0.6000000000000001,0.3999999999999999,Hermes,30625,4,2851.7102973228743,Di-Mi-Fr-Sa
3,0.6000000000000001,0.3999999999999999,Hermes,30627,5,1800.1979558821877,Mo-Di-Mi-Do-Sa
3,0.6000000000000001,0.3999999999999999,Hermes,30629,3,2865.26471245323,Mi-Fr-Sa
3,0.6000000000000001,0.3999999999999999,Hermes,30655,4,3055.743233409881,Mo-Di-Mi-Fr
3,0.6000000000000001,0.3999999999999999,Hermes,30657,4,2691.8896851400623,Di-Mi-Fr-Sa
3,0.6000000000000001,0.3999999999999999,Hermes,30659,4,2885.346699040215,Di-Do-Fr-Sa
3,0.6000000000000001,0.3999999999999999,Hermes,30823,3,3769.377172751634,Mo-Mi-Do
3,0.6000000000000001,0.3999999999999999,Hermes,30826,5,3908.9668830211713,Mo-Di-Mi-Do-Sa
3,0.6000000000000001,0.3999999999999999,Hermes,30827,3,2670.1963261924775,Mi-Fr-Sa
3,0.6000000000000001,0.3999999999999999,Hermes,30851,4,2337.051527130774,Di-Mi-Fr-Sa
3,0.6000000000000001,0.3999999999999999,Hermes,30853,4,2271.182339433647,Mo-Mi-Fr-Sa
3,0.6000000000000001,0.3999999999999999,Hermes,30855,3,8617.279977582331,Di-Fr-Sa
3,0.6000000000000001,0.3999999999999999,Hermes,30880,3,6070.676281706667,Di-Fr-Sa
3,0.6000000000000001,0.3999999999999999,Hermes,30890,2,6791.74329498602,Mi-Sa
3,0.6000000000000001,0.3999999999999999,Hermes,30900,3,6863.86905427418,Di-Fr-Sa
3,0.6000000000000001,0.3999999999999999,Hermes,30916,3,5589.142227268079,Mi-Fr-Sa
3,0.6000000000000001,0.3999999999999999,Hermes,30926,3,5654.18438176806,Di-Fr-Sa
3,0.6000000000000001,0.3999999999999999,Hermes,30938,4,5585.905905788098,Mo-Do-Fr-Sa
3,0.6000000000000001,0.3999999999999999,Hermes,30952,3,4518.811113019478,Mo-Di-Do
3,0.6000000000000001,0.3999999999999999,Hermes,30966,4,4140.886826939879,Mo-Di-Mi-Do
3,0.6000000000000001,0.3999999999999999,Hermes,30974,2,3726.694260920986,Mo-Do
3,0.6000000000000001,0.3999999999999999,Hermes,30982,2,3825.278536103091,Mi-Sa
3,0.6000000000000001,0.3999999999999999,Hermes,30989,2,3309.510362668356,Mi-Sa
3,0.6000000000000001,0.3999999999999999,Hermes,31275,5,8887.430228379675,Mo-Di-Mi-Do-Sa
3,0.6000000000000001,0.3999999999999999,Hermes,31303,2,6199.479052641124,Di-Fr
3,0.6000000000000001,0.3999999999999999,Hermes,31311,2,5690.945016727361,Mi-Sa
3,0.6000000000000001,0.3999999999999999,Hermes,31319,2,5866.49367203957,Di-Fr
3,0.6000000000000001,0.3999999999999999,Hermes,31515,5,8632.596760916065,Mo-Di-Mi-Do-Sa
3,0.6000000000000001,0.3999999999999999,Hermes,31535,5,10411.300230920542,Mo-Di-Mi-Do-Sa
3,0.6000000000000001,0.3999999999999999,Hermes,31832,2,7357.304804561491,Di-Fr
3,0.6000000000000001,0.3999999999999999,UPS,30159,2,13732.783815137276,Di-Fr
3,0.6000000000000001,0.3999999999999999,UPS,30161,4,5731.274115304979,Di-Mi-Do-Sa
3,0.6000000000000001,0.3999999999999999,UPS,30163,6,6349.944745490952,Mo-Di-Mi-Do-Fr-Sa
3,0.6000000000000001,0.3999999999999999,UPS,30165,4,3578.063893484791,Mo-Do-Fr-Sa
3,0.6000000000000001,0.3999999999999999,UPS,30167,4,5528.081323076418,Di-Mi-Do-Sa
3,0.6000000000000001,0.3999999999999999,UPS,30419,5,3171.8671910249705,Mo-Di-Mi-Do-Sa
3,0.6000000000000001,0.3999999999999999,UPS,30449,3,6358.506347891615,Mo-Di-Do
3,0.6000000000000001,0.3999999999999999,UPS,30453,3,2962.7597900756714,Mi-Fr-Sa
3,0.6000000000000001,0.3999999999999999,UPS,30455,3,1948.5670621771649,Di-Mi-Sa
3,0.6000000000000001,0.3999999999999999,UPS,30457,4,2068.711722169699,Mo-Di-Mi-Fr
3,0.6000000000000001,0.3999999999999999,UPS,30519,3,4760.726308425419,Mo-Do-Fr
3,0.6000000000000001,0.3999999999999999,UPS,30539,3,4226.541177438536,Mo-Do-Fr
3,0.6000000000000001,0.3999999999999999,UPS,30559,5,4697.2913205151735,Mo-Di-Mi-Do-Fr
3,0.6000000000000001,0.3999999999999999,UPS,30625,3,3970.8948142476884,Mo-Do-Fr
3,0.6000000000000001,0.3999999999999999,UPS,30655,4,2046.7271142328118,Mo-Do-Fr-Sa
3,0.6000000000000001,0.3999999999999999,UPS,30657,5,4525.546852160031,Mo-Di-Mi-Fr-Sa
3,0.6000000000000001,0.3999999999999999,UPS,30659,4,3330.755064068629,Mo-Di-Mi-Do
3,0.6000000000000001,0.3999999999999999,UPS,30823,4,2535.6284954879166,Mo-Do-Fr-Sa
3,0.6000000000000001,0.3999999999999999,UPS,30826,5,2038.7920775749503,Mo-Di-Mi-Do-Sa
3,0.6000000000000001,0.3999999999999999,UPS,30827,5,3127.6888431474417,Mo-Di-Mi-Do-Sa
3,0.6000000000000001,0.3999999999999999,UPS,30853,4,4166.147292313089,Mo-Di-Fr-Sa
3,0.6000000000000001,0.3999999999999999,UPS,30855,5,12284.539712329744,Mo-Di-Mi-Do-Fr
3,0.6000000000000001,0.3999999999999999,UPS,30880,4,6564.376981168248,Mo-Mi-Do-Fr
3,0.6000000000000001,0.3999999999999999,UPS,30890,3,4173.644769253498,Di-Mi-Sa
3,0.6000000000000001,0.3999999999999999,UPS,30900,5,4814.999351457661,Mo-Di-Mi-Do-Sa
3,0.6000000000000001,0.3999999999999999,UPS,30916,3,5825.62376063262,Mo-Do-Fr
3,0.6000000000000001,0.3999999999999999,UPS,30926,3,3350.5154161545124,Mo-Mi-Fr
3,0.6000000000000001,0.3999999999999999,UPS,30938,3,5561.85174368191,Di-Fr-Sa
3,0.6000000000000001,0.3999999999999999,UPS,30952,2,3054.332157215711,Di-Fr
3,0.6000000000000001,0.3999999999999999,UPS,30966,2,2864.6693877632156,Di-Fr
3,0.6000000000000001,0.3999999999999999,UPS,30974,3,2792.9177418907607,Mo-Do-Sa
3,0.6000000000000001,0.3999999999999999,UPS,30982,4,2875.879945802762,Mo-Di-Mi-Fr
3,0.6000000000000001,0.3999999999999999,UPS,30989,4,3004.679821937721,Mo-Do-Fr-Sa
3,0.6000000000000001,0.3999999999999999,UPS,31275,2,6036.024081136674,Di-Fr
3,0.6000000000000001,0.3999999999999999,UPS,31303,2,3852.0883561175965,Mi-Sa
3,0.6000000000000001,0.3999999999999999,UPS,31311,2,3481.411978103506,Mo-Do
3,0.6000000000000001,0.3999999999999999,UPS,31319,2,3038.549540522894,Mi-Sa
3,0.6000000000000001,0.3999999999999999,UPS,31515,2,6173.302316613321,Mi-Sa
3,0.6000000000000001,0.3999999999999999,UPS,31535,2,6974.781283079294,Mo-Do
3,0.6000000000000001,0.3999999999999999,UPS,31832,2,5019.111637060575,Mo-Do
3,0.7000000000000001,0.29999999999999993,Amazon,30159,3,11289.193814637185,Di-Fr-Sa
3,0.7000000000000001,0.29999999999999993,Amazon,30161,4,5951.8569986714965,Mo-Di-Do-Fr
3,0.7000000000000001,0.29999999999999993,Amazon,30163,4,5860.89522209529,Di-Mi-Do-Fr
3,0.7000000000000001,0.29999999999999993,Amazon,30165,6,4696.3632925800775,Mo-Di-Mi-Do-Fr-Sa
3,0.7000000000000001,0.29999999999999993,Amazon,30167,5,6985.566005569664,Di-Mi-Do-Fr-Sa
3,0.7000000000000001,0.29999999999999993,Amazon,30173,5,5040.905421883003,Mo-Mi-Do-Fr-Sa
3,0.7000000000000001,0.29999999999999993,Amazon,30177,5,4121.5141281532815,Di-Mi-Do-Fr-Sa
3,0.7000000000000001,0.29999999999999993,Amazon,30179,4,4023.1197154020633,Di-Do-Fr-Sa
3,0.7000000000000001,0.29999999999999993,Amazon,30419,6,8685.332684443236,Mo-Di-Mi-Do-Fr-Sa
3,0.7000000000000001,0.29999999999999993,Amazon,30449,4,6647.06607394626,Mo-Mi-Fr-Sa
3,0.7000000000000001,0.29999999999999993,Amazon,30453,5,4795.650828018691,Mo-Mi-Do-Fr-Sa
3,0.7000000000000001,0.29999999999999993,Amazon,30455,5,4554.406490469048,Mo-Di-Mi-Fr-Sa
3,0.7000000000000001,0.29999999999999993,Amazon,30457,4,4656.791894777479,Mo-Di-Mi-Fr
3,0.7000000000000001,0.29999999999999993,Amazon,30459,4,4419.510254095012,Di-Mi-Fr-Sa
3,0.7000000000000001,0.29999999999999993,Amazon,30519,6,7989.408733574742,Mo-Di-Mi-Do-Fr-Sa
3,0.7000000000000001,0.29999999999999993,Amazon,30539,6,5232.56483537078,Mo-Di-Mi-Do-Fr-Sa
3,0.7000000000000001,0.29999999999999993,Amazon,30559,6,7936.80103693811,Mo-Di-Mi-Do-Fr-Sa
3,0.7000000000000001,0.29999999999999993,Amazon,30625,4,4740.380452640819,Mo-Di-Mi-Sa
3,0.7000000000000001,0.29999999999999993,Amazon,30627,5,3345.43442638645,Mo-Di-Mi-Do-Fr
3,0.7000000000000001,0.29999999999999993,Amazon,30629,4,4286.099867268194,Mo-Do-Fr-Sa
3,0.7000000000000001,0.29999999999999993,Amazon,30655,6,5134.034576870573,Mo-Di-Mi-Do-Fr-Sa
3,0.7000000000000001,0.29999999999999993,Amazon,30657,5,5035.561571405114,Mo-Mi-Do-Fr-Sa
3,0.7000000000000001,0.29999999999999993,Amazon,30659,3,4551.136711225903,Mi-Fr-Sa
3,0.7000000000000001,0.29999999999999993,Amazon,30823,5,5297.931994321614,Mo-Di-Mi-Do-Fr
3,0.7000000000000001,0.29999999999999993,Amazon,30826,5,5199.700973725195,Mo-Di-Mi-Do-Sa
3,0.7000000000000001,0.29999999999999993,Amazon,30827,6,4406.282253025094,Mo-Di-Mi-Do-Fr-Sa
3,0.7000000000000001,0.29999999999999993,Amazon,30851,4,4134.525759965602,Di-Mi-Fr-Sa
3,0.7000000000000001,0.29999999999999993,Amazon,30853,4,4165.070513299555,Mo-Do-Fr-Sa
3,0.7000000000000001,0.29999999999999993,Amazon,30855,2,16064.381841225302,Di-Fr
3,0.7000000000000001,0.29999999999999993,Amazon,30880,3,10502.793996543276,Mi-Fr-Sa
3,0.7000000000000001,0.29999999999999993,Amazon,30890,5,9668.819477965224,Mo-Di-Mi-Fr-Sa
3,0.7000000000000001,0.29999999999999993,Amazon,30900,4,11280.775968919932,Mo-Mi-Fr-Sa
3,0.7000000000000001,0.29999999999999993,Amazon,30916,4,9620.968301030272,Mo-Di-Do-Sa
3,0.7000000000000001,0.29999999999999993,Amazon,30926,4,8472.175662742908,Mo-Di-Do-Sa
3,0.7000000000000001,0.29999999999999993,Amazon,30938,5,8820.774715996497,Mo-Di-Do-Fr-Sa
3,0.7000000000000001,0.29999999999999993,Amazon,30952,5,6596.892871310161,Mo-Di-Mi-Do-Fr
3,0.7000000000000001,0.29999999999999993,Amazon,30966,5,6564.484096749758,Mo-Di-Mi-Do-Fr
3,0.7000000000000001,0.29999999999999993,Amazon,30974,4,5028.733039376656,Mo-Do-Fr-Sa
3,0.7000000000000001,0.29999999999999993,Amazon,30982,3,5297.730961788043,Mi-Fr-Sa
3,0.7000000000000001,0.29999999999999993,Amazon,30989,3,4818.594537654927,Mi-Fr-Sa
3,0.7000000000000001,0.29999999999999993,Amazon,31275,5,13946.831962589085,Mo-Di-Mi-Do-Fr
3,0.7000000000000001,0.29999999999999993,Amazon,31303,4,9831.927608848298,Mi-Do-Fr-Sa
3,0.7000000000000001,0.29999999999999993,Amazon,31311,4,8539.27667964026,Di-Mi-Do-Sa
3,0.7000000000000001,0.29999999999999993,Amazon,31319,5,8894.439717881574,Mo-Di-Mi-Fr-Sa
3,0.7000000000000001,0.29999999999999993,Amazon,31515,5,12040.194293341208,Mo-Mi-Do-Fr-Sa
3,0.7000000000000001,0.29999999999999993,Amazon,31535,3,14305.445427316334,Mo-Mi-Sa
3,0.7000000000000001,0.29999999999999993,Amazon,31832,4,10304.390436252945,Mo-Mi-Do-Fr
3,0.7000000000000001,0.29999999999999993,DHL,30159,4,21361.631961435556,Mi-Do-Fr-Sa
3,0.7000000000000001,0.29999999999999993,DHL,30161,6,10896.842490106472,Mo-Di-Mi-Do-Fr-Sa
3,0.7000000000000001,0.29999999999999993,DHL,30163,5,9882.191254262376,Mo-Di-Mi-Do-Sa
3,0.7000000000000001,0.29999999999999993,DHL,30165,4,8622.034884823754,Mi-Do-Fr-Sa
3,0.7000000000000001,0.29999999999999993,DHL,30167,5,13087.88317495763,Mo-Di-Mi-Do-Sa
3,0.7000000000000001,0.29999999999999993,DHL,30169,6,5443.510365830029,Mo-Di-Mi-Do-Fr-Sa
3,0.7000000000000001,0.29999999999999993,DHL,30173,5,8968.890223691255,Mo-Di-Mi-Fr-Sa
3,0.7000000000000001,0.29999999999999993,DHL,30177,4,6570.322024162046,Mo-Di-Mi-Sa
3,0.7000000000000001,0.29999999999999993,DHL,30179,4,6837.97707945553,Mo-Di-Do-Sa
3,0.7000000000000001,0.29999999999999993,DHL,30419,6,15488.762582133773,Mo-Di-Mi-Do-Fr-Sa
3,0.7000000000000001,0.29999999999999993,DHL,30449,4,7466.307942045528,Mi-Do-Fr-Sa
3,0.7000000000000001,0.29999999999999993,DHL,30453,5,8798.663828100525,Mo-Di-Mi-Do-Sa
3,0.7000000000000001,0.29999999999999993,DHL,30455,5,7387.168177147689,Mo-Mi-Do-Fr-Sa
3,0.7000000000000001,0.29999999999999993,DHL,30457,5,7118.097470592184,Mo-Di-Mi-Fr-Sa
3,0.7000000000000001,0.29999999999999993,DHL,30459,5,6565.993563504433,Mo-Di-Do-Fr-Sa
3,0.7000000000000001,0.29999999999999993,DHL,30519,6,13272.168787294228,Mo-Di-Mi-Do-Fr-Sa
3,0.7000000000000001,0.29999999999999993,DHL,30539,4,9179.193105946959,Mo-Mi-Do-Fr
3,0.7000000000000001,0.29999999999999993,DHL,30559,6,12373.65925832722,Mo-Di-Mi-Do-Fr-Sa
3,0.7000000000000001,0.29999999999999993,DHL,30625,4,7872.296909045805,Mo-Mi-Do-Sa
3,0.7000000000000001,0.29999999999999993,DHL,30627,4,5543.631638757495,Mo-Di-Fr-Sa
3,0.7000000000000001,0.29999999999999993,DHL,30629,5,6691.232668955913,Mo-Di-Mi-Do-Sa
3,0.7000000000000001,0.29999999999999993,DHL,30655,5,8745.909869119849,Mo-Di-Mi-Fr-Sa
3,0.7000000000000001,0.29999999999999993,DHL,30657,6,9992.167827012736,Mo-Di-Mi-Do-Fr-Sa
3,0.7000000000000001,0.29999999999999993,DHL,30659,5,7888.469278287751,Di-Mi-Do-Fr-Sa
3,0.7000000000000001,0.29999999999999993,DHL,30823,5,10174.748895612714,Mo-Di-Do-Fr-Sa
3,0.7000000000000001,0.29999999999999993,DHL,30826,4,9327.085879977092,Mo-Di-Fr-Sa
3,0.7000000000000001,0.29999999999999993,DHL,30827,4,8544.23485554034,Mo-Di-Do-Sa
3,0.7000000000000001,0.29999999999999993,DHL,30851,6,7140.564548697186,Mo-Di-Mi-Do-Fr-Sa
3,0.7000000000000001,0.29999999999999993,DHL,30853,5,7936.008135299509,Mo-Mi-Do-Fr-Sa
3,0.7000000000000001,0.29999999999999993,DHL,30855,5,32486.556581330264,Di-Mi-Do-Fr-Sa
3,0.7000000000000001,0.29999999999999993,DHL,30880,4,17745.52464412332,Mo-Mi-Fr-Sa
3,0.7000000000000001,0.29999999999999993,DHL,30890,4,15842.3713943727,Di-Mi-Do-Fr
3,0.7000000000000001,0.29999999999999993,DHL,30900,2,17227.159157357968,Mi-Sa
3,0.7000000000000001,0.29999999999999993,DHL,30916,4,17587.410002564437,Di-Do-Fr-Sa
3,0.7000000000000001,0.29999999999999993,DHL,30926,3,14119.974155852335,Di-Fr-Sa
3,0.7000000000000001,0.29999999999999993,DHL,30938,5,14538.614897927175,Mo-Di-Mi-Do-Sa
3,0.7000000000000001,0.29999999999999993,DHL,30952,5,11308.926826874005,Mo-Di-Mi-Fr-Sa
3,0.7000000000000001,0.29999999999999993,DHL,30966,6,10624.352717702506,Mo-Di-Mi-Do-Fr-Sa
3,0.7000000000000001,0.29999999999999993,DHL,30974,5,7580.268577691106,Mo-Di-Mi-Fr-Sa
3,0.7000000000000001,0.29999999999999993,DHL,30982,3,7833.594756971554,Di-Do-Sa
3,0.7000000000000001,0.29999999999999993,DHL,30989,3,8237.594071733125,Di-Fr-Sa
3,0.7000000000000001,0.29999999999999993,DHL,31275,4,20573.318624118292,Mi-Do-Fr-Sa
3,0.7000000000000001,0.29999999999999993,DHL,31303,6,13739.115623819012,Mo-Di-Mi-Do-Fr-Sa
3,0.7000000000000001,0.29999999999999993,DHL,31311,4,10548.746842878476,Mo-Mi-Do-Sa
3,0.7000000000000001,0.29999999999999993,DHL,31319,4,12083.230152318149,Mo-Di-Do-Fr
3,0.7000000000000001,0.29999999999999993,DHL,31515,5,20713.4328248107,Di-Mi-Do-Fr-Sa
3,0.7000000000000001,0.29999999999999993,DHL,31535,4,21160.80147306052,Mo-Di-Mi-Do
3,0.7000000000000001,0.29999999999999993,DHL,31832,5,14318.235535601269,Mo-Di-Mi-Fr-Sa
3,0.7000000000000001,0.29999999999999993,DPD,30159,3,6503.519982206881,Mo-Di-Fr
3,0.7000000000000001,0.29999999999999993,DPD,30161,6,3572.3066172774998,Mo-Di-Mi-Do-Fr-Sa
3,0.7000000000000001,0.29999999999999993,DPD,30163,5,3122.9690350403625,Mo-Di-Mi-Do-Fr
3,0.7000000000000001,0.29999999999999993,DPD,30165,3,2807.8677584234056,Mo-Mi-Do
3,0.7000000000000001,0.29999999999999993,DPD,30167,4,4365.24393718597,Di-Mi-Fr-Sa
3,0.7000000000000001,0.29999999999999993,DPD,30173,4,2655.0155333984694,Mo-Mi-Fr-Sa
3,0.7000000000000001,0.29999999999999993,DPD,30177,5,2012.31305753041,Mo-Di-Do-Fr-Sa
3,0.7000000000000001,0.29999999999999993,DPD,30179,5,2222.7274055248827,Mo-Di-Do-Fr-Sa
3,0.7000000000000001,0.29999999999999993,DPD,30419,4,5041.866921685656,Mi-Do-Fr-Sa
3,0.7000000000000001,0.29999999999999993,DPD,30449,3,3974.057314164207,Di-Do-Fr
3,0.7000000000000001,0.29999999999999993,DPD,30453,2,3042.8934636572712,Di-Fr
3,0.7000000000000001,0.29999999999999993,DPD,30455,3,2613.5580525643627,Mo-Do-Sa
3,0.7000000000000001,0.29999999999999993,DPD,30457,4,2567.3339049296214,Mo-Do-Fr-Sa
3,0.7000000000000001,0.29999999999999993,DPD,30459,4,2336.793170541874,Mo-Do-Fr-Sa
3,0.7000000000000001,0.29999999999999993,DPD,30519,5,4085.107385371747,Mo-Di-Do-Fr-Sa
3,0.7000000000000001,0.29999999999999993,DPD,30539,3,2975.98261409698,Mo-Mi-Do
3,0.7000000000000001,0.29999999999999993,DPD,30559,4,3844.1644654411475,Di-Mi-Do-Fr
3,0.7000000000000001,0.29999999999999993,DPD,30625,3,2320.2103419791183,Mo-Do-Sa
3,0.7000000000000001,0.29999999999999993,DPD,30627,4,1698.6854325627344,Mo-Di-Mi-Fr
3,0.7000000000000001,0.29999999999999993,DPD,30629,4,1984.8404454592264,Mo-Do-Fr-Sa
3,0.7000000000000001,0.29999999999999993,DPD,30655,3,2564.6733000922945,Di-Fr-Sa
3,0.7000000000000001,0.29999999999999993,DPD,30657,3,3231.5033038298134,Mi-Do-Sa
3,0.7000000000000001,0.29999999999999993,DPD,30659,4,2202.0718238172303,Mo-Do-Fr-Sa
3,0.7000000000000001,0.29999999999999993,DPD,30823,3,3660.7414584496187,Di-Mi-Sa
3,0.7000000000000001,0.29999999999999993,DPD,30826,2,3923.7108915603253,Di-Fr
3,0.7000000000000001,0.29999999999999993,DPD,30827,3,3135.6790128783437,Di-Fr-Sa
3,0.7000000000000001,0.29999999999999993,DPD,30851,5,2243.5615779196946,Mo-Di-Do-Fr-Sa
3,0.7000000000000001,0.29999999999999993,DPD,30853,4,2654.528428907595,Mo-Mi-Fr-Sa
3,0.7000000000000001,0.29999999999999993,DPD,30855,4,9689.198258943788,Di-Mi-Fr-Sa
3,0.7000000000000001,0.29999999999999993,DPD,30880,3,5369.652779372835,Di-Fr-Sa
3,0.7000000000000001,0.29999999999999993,DPD,30890,2,6555.013196177518,Mo-Do
3,0.7000000000000001,0.29999999999999993,DPD,30900,2,7280.65667441014,Mi-Sa
3,0.7000000000000001,0.29999999999999993,DPD,30916,3,5080.567649432195,Mi-Fr-Sa
3,0.7000000000000001,0.29999999999999993,DPD,30926,3,5654.125490205819,Mo-Do-Sa
3,0.7000000000000001,0.29999999999999993,DPD,30938,4,5219.212004047738,Mo-Di-Do-Sa
3,0.7000000000000001,0.29999999999999993,DPD,30952,3,4272.740661526448,Di-Mi-Sa
3,0.7000000000000001,0.29999999999999993,DPD,30966,3,3674.3724409456872,Mo-Mi-Do
3,0.7000000000000001,0.29999999999999993,DPD,30974,4,3497.93733312126,Mo-Do-Fr-Sa
3,0.7000000000000001,0.29999999999999993,DPD,30982,2,3312.001154835926,Mi-Sa
3,0.7000000000000001,0.29999999999999993,DPD,30989,4,3480.807304485892,Mo-Do-Fr-Sa
3,0.7000000000000001,0.29999999999999993,DPD,31275,3,6345.721891532186,Di-Do-Sa
3,0.7000000000000001,0.29999999999999993,DPD,31303,2,4873.168507006094,Di-Fr
3,0.7000000000000001,0.29999999999999993,DPD,31311,3,4495.273984918037,Mo-Mi-Do
3,0.7000000000000001,0.29999999999999993,DPD,31319,5,4153.870271049302,Mo-Di-Mi-Do-Fr
3,0.7000000000000001,0.29999999999999993,DPD,31515,3,8141.674980298489,Di-Do-Sa
3,0.7000000000000001,0.29999999999999993,DPD,31535,3,9920.491726434702,Mo-Mi-Do
3,0.7000000000000001,0.29999999999999993,DPD,31832,2,6573.039144555447,Di-Fr
3,0.7000000000000001,0.29999999999999993,FedEx,30159,4,12236.705552747333,Di-Mi-Do-Sa
3,0.7000000000000001,0.29999999999999993,FedEx,30161,4,4850.39598332985,Di-Do-Fr-Sa
3,0.7000000000000001,0.29999999999999993,FedEx,30163,3,7524.099063591834,Mo-Mi-Sa
3,0.7000000000000001,0.29999999999999993,FedEx,30167,6,5034.453120713282,Mo-Di-Mi-Do-Fr-Sa
3,0.7000000000000001,0.29999999999999993,FedEx,30419,4,2761.9229985770003,Di-Mi-Fr-Sa
3,0.7000000000000001,0.29999999999999993,FedEx,30449,3,4944.793120911796,Mi-Do-Sa
3,0.7000000000000001,0.29999999999999993,FedEx,30453,3,2712.55806905773,Di-Fr-Sa
3,0.7000000000000001,0.29999999999999993,FedEx,30455,2,1909.0868003711025,Mi-Sa
3,0.7000000000000001,0.29999999999999993,FedEx,30457,2,1992.0952057945979,Di-Fr
3,0.7000000000000001,0.29999999999999993,FedEx,30519,3,4179.193594591623,Di-Do-Fr
3,0.7000000000000001,0.29999999999999993,FedEx,30539,2,4098.4862713912335,Di-Fr
3,0.7000000000000001,0.29999999999999993,FedEx,30559,2,4989.834850421208,Di-Fr
3,0.7000000000000001,0.29999999999999993,FedEx,30625,5,3533.8785227988647,Mo-Di-Mi-Do-Fr
3,0.7000000000000001,0.29999999999999993,FedEx,30655,5,3234.681551831983,Mo-Di-Mi-Do-Fr
3,0.7000000000000001,0.29999999999999993,FedEx,30657,5,4456.489927107914,Mo-Mi-Do-Fr-Sa
3,0.7000000000000001,0.29999999999999993,FedEx,30823,5,1953.8315385406122,Mo-Di-Mi-Do-Fr
3,0.7000000000000001,0.29999999999999993,FedEx,30827,3,3853.7190305368895,Mo-Do-Fr
3,0.7000000000000001,0.29999999999999993,FedEx,30853,3,4008.5180904169833,Mi-Fr-Sa
3,0.7000000000000001,0.29999999999999993,FedEx,30855,5,11142.0294105483,Mo-Di-Mi-Do-Fr
3,0.7000000000000001,0.29999999999999993,FedEx,30880,5,5739.550247479985,Mo-Mi-Do-Fr-Sa
3,0.7000000000000001,0.29999999999999993,FedEx,30890,2,3345.5333317061327,Di-Fr
3,0.7000000000000001,0.29999999999999993,FedEx,30900,3,4276.248232175661,Di-Mi-Sa
3,0.7000000000000001,0.29999999999999993,FedEx,30916,4,5128.706146798428,Mo-Di-Fr-Sa
3,0.7000000000000001,0.29999999999999993,FedEx,30926,2,2952.0198119718016,Mi-Sa
3,0.7000000000000001,0.29999999999999993,FedEx,30938,3,5315.26125392354,Di-Fr-Sa
3,0.7000000000000001,0.29999999999999993,FedEx,30952,4,2683.043750882924,Mo-Di-Mi-Fr
3,0.7000000000000001,0.29999999999999993,FedEx,30966,5,2457.7530748891195,Mo-Di-Mi-Do-Sa
3,0.7000000000000001,0.29999999999999993,FedEx,30974,2,2339.92953891213,Di-Fr
3,0.7000000000000001,0.29999999999999993,FedEx,30982,6,2379.2604748942445,Mo-Di-Mi-Do-Fr-Sa
3,0.7000000000000001,0.29999999999999993,FedEx,30989,4,2388.368729140618,Mo-Di-Do-Fr
3,0.7000000000000001,0.29999999999999993,FedEx,31275,5,5027.603248270181,Mo-Di-Mi-Do-Fr
3,0.7000000000000001,0.29999999999999993,FedEx,31303,2,3512.1354828966982,Di-Fr
3,0.7000000000000001,0.29999999999999993,FedEx,31311,6,2818.577694291381,Mo-Di-Mi-Do-Fr-Sa
3,0.7000000000000001,0.29999999999999993,FedEx,31319,3,2649.8248559823815,Di-Mi-Sa
3,0.7000000000000001,0.29999999999999993,FedEx,31515,5,4995.03409738382,Mo-Di-Do-Fr-Sa
3,0.7000000000000001,0.29999999999999993,FedEx,31535,5,5997.060887688437,Di-Mi-Do-Fr-Sa
3,0.7000000000000001,0.29999999999999993,FedEx,31832,2,4022.4287719171894,Mo-Do
3,0.7000000000000001,0.29999999999999993,GLS,30159,6,4642.731630176733,Mo-Di-Mi-Do-Fr-Sa
3,0.7000000000000001,0.29999999999999993,GLS,30161,4,2620.8873668736733,Di-Mi-Fr-Sa
3,0.7000000000000001,0.29999999999999993,GLS,30163,3,4108.061087117741,Mo-Do-Fr
3,0.7000000000000001,0.29999999999999993,GLS,30165,5,2192.625905314209,Mo-Di-Do-Fr-Sa
3,0.7000000000000001,0.29999999999999993,GLS,30167,4,3350.5048963847416,Mo-Di-Mi-Fr
3,0.7000000000000001,0.29999999999999993,GLS,30173,5,2266.9039114716134,Mo-Di-Do-Fr-Sa
3,0.7000000000000001,0.29999999999999993,GLS,30179,6,2030.2594095239801,Mo-Di-Mi-Do-Fr-Sa
3,0.7000000000000001,0.29999999999999993,GLS,30419,5,4750.255638249327,Mo-Mi-Do-Fr-Sa
3,0.7000000000000001,0.29999999999999993,GLS,30449,3,3076.290310370813,Di-Mi-Sa
3,0.7000000000000001,0.29999999999999993,GLS,30453,4,2750.4920616441354,Mo-Do-Fr-Sa
3,0.7000000000000001,0.29999999999999993,GLS,30455,4,2469.898956466339,Mo-Do-Fr-Sa
3,0.7000000000000001,0.29999999999999993,GLS,30457,3,2313.5261550745454,Mo-Do-Sa
3,0.7000000000000001,0.29999999999999993,GLS,30459,6,1876.236727895414,Mo-Di-Mi-Do-Fr-Sa
3,0.7000000000000001,0.29999999999999993,GLS,30519,4,3341.6101981271872,Mo-Di-Mi-Fr
3,0.7000000000000001,0.29999999999999993,GLS,30539,4,2191.789940740328,Mo-Do-Fr-Sa
3,0.7000000000000001,0.29999999999999993,GLS,30559,5,3542.8044359550972,Mo-Di-Mi-Do-Fr
3,0.7000000000000001,0.29999999999999993,GLS,30625,3,2183.9237339258348,Mo-Do-Sa
3,0.7000000000000001,0.29999999999999993,GLS,30627,3,1789.3072392192976,Di-Fr-Sa
3,0.7000000000000001,0.29999999999999993,GLS,30629,5,2092.6460517193095,Mo-Di-Mi-Do-Sa
3,0.7000000000000001,0.29999999999999993,GLS,30655,4,2623.7931503599393,Mo-Do-Fr-Sa
3,0.7000000000000001,0.29999999999999993,GLS,30657,4,2540.4575883685466,Mo-Do-Fr-Sa
3,0.7000000000000001,0.29999999999999993,GLS,30659,5,2162.8068269485225,Mo-Di-Mi-Do-Sa
3,0.7000000000000001,0.29999999999999993,GLS,30823,3,3372.2932163875457,Di-Fr-Sa
3,0.7000000000000001,0.29999999999999993,GLS,30826,2,3765.6790997853914,Mi-Sa
3,0.7000000000000001,0.29999999999999993,GLS,30827,4,2860.76725117481,Mo-Do-Fr-Sa
3,0.7000000000000001,0.29999999999999993,GLS,30851,6,2097.4205946859483,Mo-Di-Mi-Do-Fr-Sa
3,0.7000000000000001,0.29999999999999993,GLS,30853,6,2190.0844891648285,Mo-Di-Mi-Do-Fr-Sa
3,0.7000000000000001,0.29999999999999993,GLS,30855,6,7965.715090235543,Mo-Di-Mi-Do-Fr-Sa
3,0.7000000000000001,0.29999999999999993,GLS,30880,3,4092.64075705539,Di-Do-Fr
3,0.7000000000000001,0.29999999999999993,GLS,30890,2,5748.913913314943,Di-Fr
3,0.7000000000000001,0.29999999999999993,GLS,30900,3,7202.8048637323345,Di-Do-Fr
3,0.7000000000000001,0.29999999999999993,GLS,30916,6,4763.202136413941,Mo-Di-Mi-Do-Fr-Sa
3,0.7000000000000001,0.29999999999999993,GLS,30926,4,5176.790708331021,Mo-Di-Fr-Sa
3,0.7000000000000001,0.29999999999999993,GLS,30938,2,5252.565376915668,Mi-Sa
3,0.7000000000000001,0.29999999999999993,GLS,30952,3,3439.075673226939,Di-Do-Sa
3,0.7000000000000001,0.29999999999999993,GLS,30966,2,2867.3828460366476,Di-Fr
3,0.7000000000000001,0.29999999999999993,GLS,30974,3,2899.177864745946,Mo-Do-Sa
3,0.7000000000000001,0.29999999999999993,GLS,30982,3,2609.387669931207,Mo-Do-Sa
3,0.7000000000000001,0.29999999999999993,GLS,30989,6,2798.376100761728,Mo-Di-Mi-Do-Fr-Sa
3,0.7000000000000001,0.29999999999999993,GLS,31275,2,6495.996278433548,Mi-Sa
3,0.7000000000000001,0.29999999999999993,GLS,31303,2,5433.98558673421,Di-Fr
3,0.7000000000000001,0.29999999999999993,GLS,31311,3,4754.704001798261,Mi-Do-Sa
3,0.7000000000000001,0.29999999999999993,GLS,31319,6,4180.379543747179,Mo-Di-Mi-Do-Fr-Sa
3,0.7000000000000001,0.29999999999999993,GLS,31515,2,7936.472982421959,Di-Fr
3,0.7000000000000001,0.29999999999999993,GLS,31535,2,9535.122776173968,Di-Fr
3,0.7000000000000001,0.29999999999999993,GLS,31832,5,4940.766143677653,Mo-Di-Mi-Do-Sa
3,0.7000000000000001,0.29999999999999993,Hermes,30159,5,5521.7265581045585,Mo-Di-Mi-Do-Fr
3,0.7000000000000001,0.29999999999999993,Hermes,30161,5,3022.1749582990983,Mo-Di-Mi-Do-Fr
3,0.7000000000000001,0.29999999999999993,Hermes,30163,6,3149.747408424128,Mo-Di-Mi-Do-Fr-Sa
3,0.7000000000000001,0.29999999999999993,Hermes,30165,4,2677.2082796779187,Di-Mi-Do-Sa
3,0.7000000000000001,0.29999999999999993,Hermes,30167,3,3920.77418001799,Mi-Fr-Sa
3,0.7000000000000001,0.29999999999999993,Hermes,30173,5,3182.1336718386233,Mo-Di-Mi-Do-Fr
3,0.7000000000000001,0.29999999999999993,Hermes,30177,3,2271.8291480654357,Di-Fr-Sa
3,0.7000000000000001,0.29999999999999993,Hermes,30179,3,2281.407959493673,Mi-Fr-Sa
3,0.7000000000000001,0.29999999999999993,Hermes,30419,5,5198.3950351536005,Di-Mi-Do-Fr-Sa
3,0.7000000000000001,0.29999999999999993,Hermes,30449,4,3980.701964100144,Mo-Do-Fr-Sa
3,0.7000000000000001,0.29999999999999993,Hermes,30453,4,3171.2100762389614,Di-Mi-Do-Sa
3,0.7000000000000001,0.29999999999999993,Hermes,30455,5,3256.4836939970414,Di-Mi-Do-Fr-Sa
3,0.7000000000000001,0.29999999999999993,Hermes,30457,2,2985.065738207496,Mi-Sa
3,0.7000000000000001,0.29999999999999993,Hermes,30459,3,2943.6452886461557,Mi-Fr-Sa
3,0.7000000000000001,0.29999999999999993,Hermes,30519,4,4805.087627023406,Di-Do-Fr-Sa
3,0.7000000000000001,0.29999999999999993,Hermes,30539,3,3394.013004034813,Mo-Mi-Do
3,0.7000000000000001,0.29999999999999993,Hermes,30559,3,4915.713845384866,Di-Fr-Sa
3,0.7000000000000001,0.29999999999999993,Hermes,30625,4,2871.39082714167,Di-Mi-Fr-Sa
3,0.7000000000000001,0.29999999999999993,Hermes,30627,6,1800.235438802243,Mo-Di-Mi-Do-Fr-Sa
3,0.7000000000000001,0.29999999999999993,Hermes,30629,3,2656.237699936568,Di-Fr-Sa
3,0.7000000000000001,0.29999999999999993,Hermes,30655,5,3225.5648235471463,Mo-Di-Mi-Do-Sa
3,0.7000000000000001,0.29999999999999993,Hermes,30657,3,2802.4755539680154,Mo-Mi-Do
3,0.7000000000000001,0.29999999999999993,Hermes,30659,3,2697.92737114786,Di-Fr-Sa
3,0.7000000000000001,0.29999999999999993,Hermes,30823,3,3935.0484359835455,Di-Do-Fr
3,0.7000000000000001,0.29999999999999993,Hermes,30826,5,3960.075839160832,Mo-Di-Mi-Do-Fr
3,0.7000000000000001,0.29999999999999993,Hermes,30827,4,2885.4062554070283,Di-Mi-Do-Sa
3,0.7000000000000001,0.29999999999999993,Hermes,30851,3,2175.791754684485,Di-Fr-Sa
3,0.7000000000000001,0.29999999999999993,Hermes,30853,4,2112.5914659050036,Mo-Do-Fr-Sa
3,0.7000000000000001,0.29999999999999993,Hermes,30855,4,8462.008856582506,Mi-Do-Fr-Sa
3,0.7000000000000001,0.29999999999999993,Hermes,30880,5,6374.5219250754735,Di-Mi-Do-Fr-Sa
3,0.7000000000000001,0.29999999999999993,Hermes,30890,2,7054.184916887771,Mi-Sa
3,0.7000000000000001,0.29999999999999993,Hermes,30900,3,6930.523644856239,Mi-Do-Sa
3,0.7000000000000001,0.29999999999999993,Hermes,30916,3,5438.258434035713,Di-Fr-Sa
3,0.7000000000000001,0.29999999999999993,Hermes,30926,3,5775.995452526045,Mo-Mi-Do
3,0.7000000000000001,0.29999999999999993,Hermes,30938,3,5462.990416595494,Mo-Mi-Sa
3,0.7000000000000001,0.29999999999999993,Hermes,30952,3,4686.510213634675,Di-Do-Fr
3,0.7000000000000001,0.29999999999999993,Hermes,30966,6,4366.584680259732,Mo-Di-Mi-Do-Fr-Sa
3,0.7000000000000001,0.29999999999999993,Hermes,30974,2,3748.5862595959748,Di-Fr
3,0.7000000000000001,0.29999999999999993,Hermes,30982,2,3839.1311823260894,Di-Fr
3,0.7000000000000001,0.29999999999999993,Hermes,30989,2,3393.118741153402,Di-Fr
3,0.7000000000000001,0.29999999999999993,Hermes,31275,5,9027.49991805011,Mo-Di-Mi-Do-Sa
3,0.7000000000000001,0.29999999999999993,Hermes,31303,2,6134.961042428473,Di-Fr
3,0.7000000000000001,0.29999999999999993,Hermes,31311,3,6160.005223364494,Mo-Di-Do
3,0.7000000000000001,0.29999999999999993,Hermes,31319,2,5790.349263989687,Mi-Sa
3,0.7000000000000001,0.29999999999999993,Hermes,31515,6,8767.215399032415,Mo-Di-Mi-Do-Fr-Sa
3,0.7000000000000001,0.29999999999999993,Hermes,31535,5,10557.593207439571,Mo-Di-Mi-Do-Fr
3,0.7000000000000001,0.29999999999999993,Hermes,31832,2,7197.943893725182,Mi-Sa
3,0.7000000000000001,0.29999999999999993,UPS,30159,3,13884.339338575475,Mi-Fr-Sa
3,0.7000000000000001,0.29999999999999993,UPS,30161,5,5866.287958559375,Mo-Di-Do-Fr-Sa
3,0.7000000000000001,0.29999999999999993,UPS,30163,4,6296.076339544175,Mo-Di-Do-Fr
3,0.7000000000000001,0.29999999999999993,UPS,30165,5,3570.043673188202,Mo-Mi-Do-Fr-Sa
3,0.7000000000000001,0.29999999999999993,UPS,30167,5,5637.609856369467,Mo-Di-Mi-Do-Fr
3,0.7000000000000001,0.29999999999999993,UPS,30419,5,3211.0917109351108,Mo-Di-Mi-Do-Fr
3,0.7000000000000001,0.29999999999999993,UPS,30449,3,6352.830429506106,Di-Fr-Sa
3,0.7000000000000001,0.29999999999999993,UPS,30453,3,3068.0504338996393,Mo-Mi-Do
3,0.7000000000000001,0.29999999999999993,UPS,30455,3,1967.518315394198,Mo-Di-Do
3,0.7000000000000001,0.29999999999999993,UPS,30457,5,2082.796627970588,Mo-Di-Mi-Do-Sa
3,0.7000000000000001,0.29999999999999993,UPS,30519,4,4712.790691631939,Di-Mi-Fr-Sa
3,0.7000000000000001,0.29999999999999993,UPS,30539,3,4272.329157867167,Mo-Do-Fr
3,0.7000000000000001,0.29999999999999993,UPS,30559,3,4631.520921840326,Mi-Fr-Sa
3,0.7000000000000001,0.29999999999999993,UPS,30625,2,4031.37488056582,Mo-Do
3,0.7000000000000001,0.29999999999999993,UPS,30655,3,2050.8193616716126,Mo-Do-Sa
3,0.7000000000000001,0.29999999999999993,UPS,30657,4,4606.046402115031,Mi-Do-Fr-Sa
3,0.7000000000000001,0.29999999999999993,UPS,30659,4,3552.0046481794107,Di-Mi-Do-Fr
3,0.7000000000000001,0.29999999999999993,UPS,30823,4,2581.2120082273063,Mo-Do-Fr-Sa
3,0.7000000000000001,0.29999999999999993,UPS,30826,6,2042.7216152816727,Mo-Di-Mi-Do-Fr-Sa
3,0.7000000000000001,0.29999999999999993,UPS,30827,5,3151.499304160837,Mo-Di-Mi-Do-Fr
3,0.7000000000000001,0.29999999999999993,UPS,30853,4,4348.517058148391,Mo-Di-Do-Sa
3,0.7000000000000001,0.29999999999999993,UPS,30855,6,12308.304707064348,Mo-Di-Mi-Do-Fr-Sa
3,0.7000000000000001,0.29999999999999993,UPS,30880,5,6740.452363202988,Mo-Di-Mi-Do-Fr
3,0.7000000000000001,0.29999999999999993,UPS,30890,4,4318.128226017701,Mo-Di-Mi-Do
3,0.7000000000000001,0.29999999999999993,UPS,30900,5,4849.408161707872,Mo-Di-Mi-Do-Fr
3,0.7000000000000001,0.29999999999999993,UPS,30916,5,5769.648726299865,Mo-Di-Mi-Do-Sa
3,0.7000000000000001,0.29999999999999993,UPS,30926,2,3301.8260875707697,Di-Fr
3,0.7000000000000001,0.29999999999999993,UPS,30938,3,5575.785406475874,Mi-Fr-Sa
3,0.7000000000000001,0.29999999999999993,UPS,30952,4,3117.301182786018,Mo-Do-Fr-Sa
3,0.7000000000000001,0.29999999999999993,UPS,30966,3,2894.352662910995,Mo-Do-Sa
3,0.7000000000000001,0.29999999999999993,UPS,30974,4,2801.500565385552,Mo-Di-Mi-Fr
3,0.7000000000000001,0.29999999999999993,UPS,30982,3,2838.2144530534024,Mo-Di-Do
3,0.7000000000000001,0.29999999999999993,UPS,30989,3,2955.720052622146,Mo-Do-Sa
3,0.7000000000000001,0.29999999999999993,UPS,31275,4,6113.415937496575,Mo-Do-Fr-Sa
3,0.7000000000000001,0.29999999999999993,UPS,31303,4,4211.953792766424,Mo-Di-Mi-Do
3,0.7000000000000001,0.29999999999999993,UPS,31311,2,3746.3832713446654,Mi-Sa
3,0.7000000000000001,0.29999999999999993,UPS,31319,2,3282.4619317308,Di-Fr
3,0.7000000000000001,0.29999999999999993,UPS,31515,2,6006.938581190447,Di-Fr
3,0.7000000000000001,0.29999999999999993,UPS,31535,2,7083.009761312246,Mo-Do
3,0.7000000000000001,0.29999999999999993,UPS,31832,4,5091.9478994334495,Mo-Di-Mi-Do
3,0.8,0.19999999999999996,Amazon,30159,3,11363.890980696195,Mi-Fr-Sa
3,0.8,0.19999999999999996,Amazon,30161,3,5943.475092011515,Mo-Mi-Fr
3,0.8,0.19999999999999996,Amazon,30163,4,5700.567469717146,Di-Mi-Do-Sa
3,0.8,0.19999999999999996,Amazon,30165,5,4600.465624539671,Mo-Di-Mi-Fr-Sa
3,0.8,0.19999999999999996,Amazon,30167,6,7124.980941103149,Mo-Di-Mi-Do-Fr-Sa
3,0.8,0.19999999999999996,Amazon,30173,5,5033.529196162704,Mo-Di-Do-Fr-Sa
3,0.8,0.19999999999999996,Amazon,30177,5,4113.157230650118,Di-Mi-Do-Fr-Sa
3,0.8,0.19999999999999996,Amazon,30179,4,4023.0361653102186,Di-Do-Fr-Sa
3,0.8,0.19999999999999996,Amazon,30419,6,8685.332684443236,Mo-Di-Mi-Do-Fr-Sa
3,0.8,0.19999999999999996,Amazon,30449,4,6797.39179659634,Mo-Do-Fr-Sa
3,0.8,0.19999999999999996,Amazon,30453,6,4953.369950665476,Mo-Di-Mi-Do-Fr-Sa
3,0.8,0.19999999999999996,Amazon,30455,4,4365.94329860615,Di-Mi-Do-Sa
3,0.8,0.19999999999999996,Amazon,30457,4,4540.223653587832,Di-Mi-Do-Sa
3,0.8,0.19999999999999996,Amazon,30459,4,4403.783961361023,Di-Mi-Fr-Sa
3,0.8,0.19999999999999996,Amazon,30519,6,7989.408733574742,Mo-Di-Mi-Do-Fr-Sa
3,0.8,0.19999999999999996,Amazon,30539,6,5232.56483537078,Mo-Di-Mi-Do-Fr-Sa
3,0.8,0.19999999999999996,Amazon,30559,6,7936.80103693811,Mo-Di-Mi-Do-Fr-Sa
3,0.8,0.19999999999999996,Amazon,30625,4,4567.282845411212,Di-Mi-Do-Sa
3,0.8,0.19999999999999996,Amazon,30627,5,3370.347165460324,Mo-Di-Mi-Do-Fr
3,0.8,0.19999999999999996,Amazon,30629,5,4289.165620861205,Mo-Mi-Do-Fr-Sa
3,0.8,0.19999999999999996,Amazon,30655,6,5134.034576870573,Mo-Di-Mi-Do-Fr-Sa
3,0.8,0.19999999999999996,Amazon,30657,6,5211.641795669652,Mo-Di-Mi-Do-Fr-Sa
3,0.8,0.19999999999999996,Amazon,30659,3,4359.570862517288,Di-Do-Sa
3,0.8,0.19999999999999996,Amazon,30823,5,5338.84065512085,Mo-Di-Mi-Do-Fr
3,0.8,0.19999999999999996,Amazon,30826,5,5218.570132500391,Mo-Di-Do-Fr-Sa
3,0.8,0.19999999999999996,Amazon,30827,6,4406.282253025094,Mo-Di-Mi-Do-Fr-Sa
3,0.8,0.19999999999999996,Amazon,30851,4,4146.561763824455,Di-Mi-Do-Sa
3,0.8,0.19999999999999996,Amazon,30853,5,4165.993034032292,Mo-Mi-Do-Fr-Sa
3,0.8,0.19999999999999996,Amazon,30855,5,16240.739094836463,Mo-Di-Do-Fr-Sa
3,0.8,0.19999999999999996,Amazon,30880,5,10771.653008739166,Mo-Di-Mi-Do-Fr
3,0.8,0.19999999999999996,Amazon,30890,5,9923.92819516659,Di-Mi-Do-Fr-Sa
3,0.8,0.19999999999999996,Amazon,30900,3,11390.502928690908,Di-Fr-Sa
3,0.8,0.19999999999999996,Amazon,30916,4,9682.639301254145,Mi-Do-Fr-Sa
3,0.8,0.19999999999999996,Amazon,30926,5,8734.250314603205,Mo-Mi-Do-Fr-Sa
3,0.8,0.19999999999999996,Amazon,30938,5,8711.947992291372,Mo-Di-Do-Fr-Sa
3,0.8,0.19999999999999996,Amazon,30952,5,6629.349998818507,Mo-Di-Mi-Do-Fr
3,0.8,0.19999999999999996,Amazon,30966,5,6632.16207777174,Di-Mi-Do-Fr-Sa
3,0.8,0.19999999999999996,Amazon,30974,5,5069.114712387792,Mo-Mi-Do-Fr-Sa
3,0.8,0.19999999999999996,Amazon,30982,5,5455.285782167058,Di-Mi-Do-Fr-Sa
3,0.8,0.19999999999999996,Amazon,30989,5,5097.105785138785,Di-Mi-Do-Fr-Sa
3,0.8,0.19999999999999996,Amazon,31275,5,13601.924070108358,Mo-Di-Mi-Do-Fr
3,0.8,0.19999999999999996,Amazon,31303,4,9708.95109227655,Mi-Do-Fr-Sa
3,0.8,0.19999999999999996,Amazon,31311,3,8425.09361681535,Mo-Mi-Do
3,0.8,0.19999999999999996,Amazon,31319,5,8904.612653462393,Mo-Di-Do-Fr-Sa
3,0.8,0.19999999999999996,Amazon,31515,5,12062.242377426253,Mo-Di-Do-Fr-Sa
3,0.8,0.19999999999999996,Amazon,31535,3,14313.647825559454,Di-Fr-Sa
3,0.8,0.19999999999999996,Amazon,31832,3,10386.764108773263,Di-Fr-Sa
3,0.8,0.19999999999999996,DHL,30159,5,21387.937890901445,Mo-Mi-Do-Fr-Sa
3,0.8,0.19999999999999996,DHL,30161,6,10896.842490106472,Mo-Di-Mi-Do-Fr-Sa
3,0.8,0.19999999999999996,DHL,30163,5,9857.690636309135,Mo-Di-Mi-Do-Sa
3,0.8,0.19999999999999996,DHL,30165,5,8665.569454609305,Mo-Di-Do-Fr-Sa
3,0.8,0.19999999999999996,DHL,30167,5,13046.451754550726,Mo-Di-Mi-Do-Fr
3,0.8,0.19999999999999996,DHL,30169,6,5443.510365830029,Mo-Di-Mi-Do-Fr-Sa
3,0.8,0.19999999999999996,DHL,30173,5,8975.28954704065,Mo-Di-Do-Fr-Sa
3,0.8,0.19999999999999996,DHL,30177,5,6675.166809397417,Mo-Di-Mi-Do-Sa
3,0.8,0.19999999999999996,DHL,30179,6,7025.737693154014,Mo-Di-Mi-Do-Fr-Sa
3,0.8,0.19999999999999996,DHL,30419,6,15488.762582133773,Mo-Di-Mi-Do-Fr-Sa
3,0.8,0.19999999999999996,DHL,30449,6,7469.2241491514915,Mo-Di-Mi-Do-Fr-Sa
3,0.8,0.19999999999999996,DHL,30453,6,8951.952033907073,Mo-Di-Mi-Do-Fr-Sa
3,0.8,0.19999999999999996,DHL,30455,5,7477.568965736045,Mo-Di-Do-Fr-Sa
3,0.8,0.19999999999999996,DHL,30457,6,7270.894456096109,Mo-Di-Mi-Do-Fr-Sa
3,0.8,0.19999999999999996,DHL,30459,6,6651.002162382179,Mo-Di-Mi-Do-Fr-Sa
3,0.8,0.19999999999999996,DHL,30519,6,13272.168787294228,Mo-Di-Mi-Do-Fr-Sa
3,0.8,0.19999999999999996,DHL,30539,5,9327.079564826825,Mo-Mi-Do-Fr-Sa
3,0.8,0.19999999999999996,DHL,30559,6,12373.65925832722,Mo-Di-Mi-Do-Fr-Sa
3,0.8,0.19999999999999996,DHL,30625,5,8040.614576983003,Mo-Di-Do-Fr-Sa
3,0.8,0.19999999999999996,DHL,30627,6,5606.363090833329,Mo-Di-Mi-Do-Fr-Sa
3,0.8,0.19999999999999996,DHL,30629,5,6660.225524533901,Mo-Di-Mi-Fr-Sa
3,0.8,0.19999999999999996,DHL,30655,6,8869.786833512764,Mo-Di-Mi-Do-Fr-Sa
3,0.8,0.19999999999999996,DHL,30657,6,9992.167827012736,Mo-Di-Mi-Do-Fr-Sa
3,0.8,0.19999999999999996,DHL,30659,6,7898.329610710899,Mo-Di-Mi-Do-Fr-Sa
3,0.8,0.19999999999999996,DHL,30823,5,10196.156770471222,Mo-Mi-Do-Fr-Sa
3,0.8,0.19999999999999996,DHL,30826,5,9273.681315091088,Mo-Di-Do-Fr-Sa
3,0.8,0.19999999999999996,DHL,30827,6,8625.617953447312,Mo-Di-Mi-Do-Fr-Sa
3,0.8,0.19999999999999996,DHL,30851,6,7140.564548697186,Mo-Di-Mi-Do-Fr-Sa
3,0.8,0.19999999999999996,DHL,30853,6,7954.150022203881,Mo-Di-Mi-Do-Fr-Sa
3,0.8,0.19999999999999996,DHL,30855,5,32545.488228072198,Mo-Di-Do-Fr-Sa
3,0.8,0.19999999999999996,DHL,30880,4,17808.363176088445,Di-Do-Fr-Sa
3,0.8,0.19999999999999996,DHL,30890,5,15816.892142862875,Mo-Di-Mi-Do-Sa
3,0.8,0.19999999999999996,DHL,30900,4,17504.231310606036,Mo-Do-Fr-Sa
3,0.8,0.19999999999999996,DHL,30916,4,17638.281248424588,Di-Do-Fr-Sa
3,0.8,0.19999999999999996,DHL,30926,4,14274.523490744992,Mo-Do-Fr-Sa
3,0.8,0.19999999999999996,DHL,30938,6,14554.779241554967,Mo-Di-Mi-Do-Fr-Sa
3,0.8,0.19999999999999996,DHL,30952,5,11268.583825989239,Mo-Di-Do-Fr-Sa
3,0.8,0.19999999999999996,DHL,30966,6,10624.352717702506,Mo-Di-Mi-Do-Fr-Sa
3,0.8,0.19999999999999996,DHL,30974,5,7551.191502234353,Di-Mi-Do-Fr-Sa
3,0.8,0.19999999999999996,DHL,30982,4,7977.570465718139,Di-Mi-Do-Fr
3,0.8,0.19999999999999996,DHL,30989,6,8649.900505408892,Mo-Di-Mi-Do-Fr-Sa
3,0.8,0.19999999999999996,DHL,31275,5,20578.78264476679,Di-Mi-Do-Fr-Sa
3,0.8,0.19999999999999996,DHL,31303,6,13739.115623819012,Mo-Di-Mi-Do-Fr-Sa
3,0.8,0.19999999999999996,DHL,31311,6,10648.959166588764,Mo-Di-Mi-Do-Fr-Sa
3,0.8,0.19999999999999996,DHL,31319,4,12147.998957140728,Di-Do-Fr-Sa
3,0.8,0.19999999999999996,DHL,31515,6,20814.204304395767,Mo-Di-Mi-Do-Fr-Sa
3,0.8,0.19999999999999996,DHL,31535,5,21346.30597948347,Mo-Di-Mi-Do-Fr
3,0.8,0.19999999999999996,DHL,31832,4,14417.078229656652,Mo-Di-Mi-Sa
3,0.8,0.19999999999999996,DPD,30159,3,6290.178688126192,Mo-Mi-Do
3,0.8,0.19999999999999996,DPD,30161,5,3389.438456035672,Mo-Di-Mi-Do-Fr
3,0.8,0.19999999999999996,DPD,30163,5,3122.388006830074,Mo-Di-Mi-Do-Fr
3,0.8,0.19999999999999996,DPD,30165,4,3070.600899286547,Mo-Di-Mi-Do
3,0.8,0.19999999999999996,DPD,30167,3,4154.795004213757,Di-Do-Sa
3,0.8,0.19999999999999996,DPD,30173,3,2680.5487863814756,Mo-Mi-Do
3,0.8,0.19999999999999996,DPD,30177,5,2027.67772885352,Mo-Di-Do-Fr-Sa
3,0.8,0.19999999999999996,DPD,30179,5,2238.5289992221055,Mo-Di-Do-Fr-Sa
3,0.8,0.19999999999999996,DPD,30419,4,4878.707027115797,Di-Do-Fr-Sa
3,0.8,0.19999999999999996,DPD,30449,4,3987.8156585907886,Mo-Di-Fr-Sa
3,0.8,0.19999999999999996,DPD,30453,3,3297.747553629205,Mo-Mi-Do
3,0.8,0.19999999999999996,DPD,30455,2,2653.5650191184686,Mi-Sa
3,0.8,0.19999999999999996,DPD,30457,3,2774.6337416086158,Mi-Do-Sa
3,0.8,0.19999999999999996,DPD,30459,4,2360.3166300134417,Mo-Do-Fr-Sa
3,0.8,0.19999999999999996,DPD,30519,5,4103.895727222043,Mo-Di-Do-Fr-Sa
3,0.8,0.19999999999999996,DPD,30539,4,3222.772393230612,Mo-Di-Mi-Do
3,0.8,0.19999999999999996,DPD,30559,3,3853.9080975568468,Mo-Do-Fr
3,0.8,0.19999999999999996,DPD,30625,3,2340.272095882138,Mo-Do-Sa
3,0.8,0.19999999999999996,DPD,30627,5,1700.919285083963,Mo-Di-Mi-Do-Fr
3,0.8,0.19999999999999996,DPD,30629,4,2019.3672730434564,Mo-Do-Fr-Sa
3,0.8,0.19999999999999996,DPD,30655,4,2591.426171459593,Mi-Do-Fr-Sa
3,0.8,0.19999999999999996,DPD,30657,5,3460.9129348494475,Mo-Di-Mi-Do-Fr
3,0.8,0.19999999999999996,DPD,30659,4,2251.255600381985,Mo-Do-Fr-Sa
3,0.8,0.19999999999999996,DPD,30823,4,3688.1942042257233,Mo-Di-Mi-Do
3,0.8,0.19999999999999996,DPD,30826,3,4087.9585103946747,Mo-Mi-Do
3,0.8,0.19999999999999996,DPD,30827,4,3297.659182463131,Mi-Do-Fr-Sa
3,0.8,0.19999999999999996,DPD,30851,5,2244.002368424345,Mo-Di-Do-Fr-Sa
3,0.8,0.19999999999999996,DPD,30853,4,2732.5466318105077,Mo-Mi-Do-Sa
3,0.8,0.19999999999999996,DPD,30855,5,9864.764016696008,Di-Mi-Do-Fr-Sa
3,0.8,0.19999999999999996,DPD,30880,5,5676.687187204014,Di-Mi-Do-Fr-Sa
3,0.8,0.19999999999999996,DPD,30890,3,7028.858814219185,Di-Fr-Sa
3,0.8,0.19999999999999996,DPD,30900,2,7356.161597809947,Mi-Sa
3,0.8,0.19999999999999996,DPD,30916,4,5015.537238647846,Di-Do-Fr-Sa
3,0.8,0.19999999999999996,DPD,30926,3,5890.010921035346,Mo-Do-Sa
3,0.8,0.19999999999999996,DPD,30938,4,5232.555830333789,Mo-Di-Do-Sa
3,0.8,0.19999999999999996,DPD,30952,3,4299.7165383167485,Mo-Mi-Do
3,0.8,0.19999999999999996,DPD,30966,4,3901.3785506826102,Mo-Di-Mi-Do
3,0.8,0.19999999999999996,DPD,30974,4,3511.008333382239,Mo-Do-Fr-Sa
3,0.8,0.19999999999999996,DPD,30982,4,3424.7785327067004,Mi-Do-Fr-Sa
3,0.8,0.19999999999999996,DPD,30989,3,3495.702572934886,Mo-Do-Sa
3,0.8,0.19999999999999996,DPD,31275,3,6545.11990070453,Mo-Di-Do
3,0.8,0.19999999999999996,DPD,31303,2,4881.63687032628,Mi-Sa
3,0.8,0.19999999999999996,DPD,31311,3,4768.566973850298,Mo-Mi-Do
3,0.8,0.19999999999999996,DPD,31319,5,4161.995236868106,Mo-Di-Mi-Do-Fr
3,0.8,0.19999999999999996,DPD,31515,3,8193.326681293758,Di-Do-Fr
3,0.8,0.19999999999999996,DPD,31535,3,10191.9635345551,Mo-Di-Do
3,0.8,0.19999999999999996,DPD,31832,3,6606.776218146929,Mo-Do-Fr
3,0.8,0.19999999999999996,FedEx,30159,3,12229.228445002771,Di-Do-Fr
3,0.8,0.19999999999999996,FedEx,30161,5,4976.7515049306,Mo-Di-Do-Fr-Sa
3,0.8,0.19999999999999996,FedEx,30163,2,7821.711693853677,Di-Fr
3,0.8,0.19999999999999996,FedEx,30167,5,4849.159853412175,Mo-Di-Do-Fr-Sa
3,0.8,0.19999999999999996,FedEx,30419,5,3003.623367584237,Di-Mi-Do-Fr-Sa
3,0.8,0.19999999999999996,FedEx,30449,6,5070.480072832069,Mo-Di-Mi-Do-Fr-Sa
3,0.8,0.19999999999999996,FedEx,30453,3,2774.9193463178517,Mi-Fr-Sa
3,0.8,0.19999999999999996,FedEx,30455,2,1935.307859390549,Di-Fr
3,0.8,0.19999999999999996,FedEx,30457,3,2034.176640590367,Mo-Mi-Fr
3,0.8,0.19999999999999996,FedEx,30519,4,4184.504458882673,Mo-Di-Fr-Sa
3,0.8,0.19999999999999996,FedEx,30539,3,4123.102888448996,Di-Do-Fr
3,0.8,0.19999999999999996,FedEx,30559,3,4759.835857826242,Mi-Do-Sa
3,0.8,0.19999999999999996,FedEx,30625,5,3536.8560960428395,Mo-Di-Mi-Do-Fr
3,0.8,0.19999999999999996,FedEx,30655,5,3229.3812626607128,Mo-Di-Mi-Do-Fr
3,0.8,0.19999999999999996,FedEx,30657,6,4470.593996761694,Mo-Di-Mi-Do-Fr-Sa
3,0.8,0.19999999999999996,FedEx,30823,3,1943.445488781682,Mo-Di-Fr
3,0.8,0.19999999999999996,FedEx,30827,4,3859.382418232128,Di-Do-Fr-Sa
3,0.8,0.19999999999999996,FedEx,30853,3,4034.7307203434852,Mi-Do-Sa
3,0.8,0.19999999999999996,FedEx,30855,6,11312.376813579114,Mo-Di-Mi-Do-Fr-Sa
3,0.8,0.19999999999999996,FedEx,30880,6,5741.552839090982,Mo-Di-Mi-Do-Fr-Sa
3,0.8,0.19999999999999996,FedEx,30890,2,3535.0751848188042,Mi-Sa
3,0.8,0.19999999999999996,FedEx,30900,3,4494.460773375122,Mo-Mi-Fr
3,0.8,0.19999999999999996,FedEx,30916,5,5106.549678043076,Di-Mi-Do-Fr-Sa
3,0.8,0.19999999999999996,FedEx,30926,3,3018.4232469253025,Mo-Do-Sa
3,0.8,0.19999999999999996,FedEx,30938,4,5098.787469975308,Di-Mi-Fr-Sa
3,0.8,0.19999999999999996,FedEx,30952,4,2708.503222332931,Mo-Di-Mi-Fr
3,0.8,0.19999999999999996,FedEx,30966,4,2449.755418767863,Mo-Di-Mi-Sa
3,0.8,0.19999999999999996,FedEx,30974,3,2323.1105905638187,Mo-Di-Fr
3,0.8,0.19999999999999996,FedEx,30982,6,2379.2604748942445,Mo-Di-Mi-Do-Fr-Sa
3,0.8,0.19999999999999996,FedEx,30989,3,2377.8809017994163,Mo-Di-Do
3,0.8,0.19999999999999996,FedEx,31275,5,4994.683427104279,Mo-Di-Mi-Do-Fr
3,0.8,0.19999999999999996,FedEx,31303,2,3674.8811668043895,Di-Fr
3,0.8,0.19999999999999996,FedEx,31311,6,2818.577694291381,Mo-Di-Mi-Do-Fr-Sa
3,0.8,0.19999999999999996,FedEx,31319,3,2657.4543071796534,Di-Mi-Sa
3,0.8,0.19999999999999996,FedEx,31515,3,4983.279218090012,Mo-Do-Sa
3,0.8,0.19999999999999996,FedEx,31535,4,6020.659565403636,Mo-Di-Do-Fr
3,0.8,0.19999999999999996,FedEx,31832,2,4139.081494229768,Mi-Sa
3,0.8,0.19999999999999996,GLS,30159,6,4642.731630176733,Mo-Di-Mi-Do-Fr-Sa
3,0.8,0.19999999999999996,GLS,30161,5,2794.1262254084704,Di-Mi-Do-Fr-Sa
3,0.8,0.19999999999999996,GLS,30163,3,4116.842046841266,Di-Do-Sa
3,0.8,0.19999999999999996,GLS,30165,5,2203.601057741455,Mo-Di-Do-Fr-Sa
3,0.8,0.19999999999999996,GLS,30167,4,3346.887659009604,Mo-Di-Mi-Fr
3,0.8,0.19999999999999996,GLS,30173,5,2305.249160675448,Mo-Di-Do-Fr-Sa
3,0.8,0.19999999999999996,GLS,30179,6,2030.2594095239801,Mo-Di-Mi-Do-Fr-Sa
3,0.8,0.19999999999999996,GLS,30419,4,4592.330094238582,Mo-Do-Fr-Sa
3,0.8,0.19999999999999996,GLS,30449,3,3351.9249959082413,Mo-Di-Fr
3,0.8,0.19999999999999996,GLS,30453,4,2737.9800273794544,Mi-Do-Fr-Sa
3,0.8,0.19999999999999996,GLS,30455,3,2452.0260383535438,Mo-Do-Sa
3,0.8,0.19999999999999996,GLS,30457,3,2413.5036743127985,Mo-Do-Sa
3,0.8,0.19999999999999996,GLS,30459,6,1876.236727895414,Mo-Di-Mi-Do-Fr-Sa
3,0.8,0.19999999999999996,GLS,30519,4,3382.942776818062,Mo-Di-Mi-Fr
3,0.8,0.19999999999999996,GLS,30539,3,2193.9386332093886,Mo-Do-Sa
3,0.8,0.19999999999999996,GLS,30559,5,3553.5159173412358,Mo-Di-Mi-Do-Fr
3,0.8,0.19999999999999996,GLS,30625,6,2210.8683733501316,Mo-Di-Mi-Do-Fr-Sa
3,0.8,0.19999999999999996,GLS,30627,6,1794.681684046207,Mo-Di-Mi-Do-Fr-Sa
3,0.8,0.19999999999999996,GLS,30629,6,2094.2697610443015,Mo-Di-Mi-Do-Fr-Sa
3,0.8,0.19999999999999996,GLS,30655,3,2602.359283975087,Mi-Fr-Sa
3,0.8,0.19999999999999996,GLS,30657,3,2570.8937722345904,Mo-Do-Sa
3,0.8,0.19999999999999996,GLS,30659,6,2165.5626302364476,Mo-Di-Mi-Do-Fr-Sa
3,0.8,0.19999999999999996,GLS,30823,3,3692.8352525817813,Mo-Di-Do
3,0.8,0.19999999999999996,GLS,30826,3,4019.8605352266773,Mi-Do-Sa
3,0.8,0.19999999999999996,GLS,30827,4,2913.076557691236,Mo-Do-Fr-Sa
3,0.8,0.19999999999999996,GLS,30851,6,2097.4205946859483,Mo-Di-Mi-Do-Fr-Sa
3,0.8,0.19999999999999996,GLS,30853,6,2190.0844891648285,Mo-Di-Mi-Do-Fr-Sa
3,0.8,0.19999999999999996,GLS,30855,6,7965.715090235543,Mo-Di-Mi-Do-Fr-Sa
3,0.8,0.19999999999999996,GLS,30880,3,3934.178784714703,Mo-Do-Sa
3,0.8,0.19999999999999996,GLS,30890,2,5771.164026229335,Di-Fr
3,0.8,0.19999999999999996,GLS,30900,3,7250.556432422805,Mo-Do-Sa
3,0.8,0.19999999999999996,GLS,30916,5,4628.0386148194275,Mo-Di-Mi-Do-Fr
3,0.8,0.19999999999999996,GLS,30926,3,5193.411521232175,Mo-Do-Sa
3,0.8,0.19999999999999996,GLS,30938,2,5226.531690235045,Di-Fr
3,0.8,0.19999999999999996,GLS,30952,2,3751.049311352738,Di-Fr
3,0.8,0.19999999999999996,GLS,30966,2,3202.180409459291,Mo-Do
3,0.8,0.19999999999999996,GLS,30974,4,2898.0094286607005,Mo-Di-Mi-Sa
3,0.8,0.19999999999999996,GLS,30982,3,2638.2427012416038,Mo-Do-Sa
3,0.8,0.19999999999999996,GLS,30989,6,2798.376100761728,Mo-Di-Mi-Do-Fr-Sa
3,0.8,0.19999999999999996,GLS,31275,3,6447.708894986148,Mi-Do-Sa
3,0.8,0.19999999999999996,GLS,31303,2,5376.466224841379,Mi-Sa
3,0.8,0.19999999999999996,GLS,31311,3,4816.779182704551,Mi-Do-Sa
3,0.8,0.19999999999999996,GLS,31319,6,4180.379543747179,Mo-Di-Mi-Do-Fr-Sa
3,0.8,0.19999999999999996,GLS,31515,3,8134.049210509075,Mi-Do-Sa
3,0.8,0.19999999999999996,GLS,31535,3,10231.1216959681,Di-Do-Fr
3,0.8,0.19999999999999996,GLS,31832,4,4946.697388498019,Mo-Di-Mi-Fr
3,0.8,0.19999999999999996,Hermes,30159,5,5545.611200774167,Mo-Di-Mi-Do-Fr
3,0.8,0.19999999999999996,Hermes,30161,5,3023.7393141722587,Mo-Di-Mi-Do-Fr
3,0.8,0.19999999999999996,Hermes,30163,5,2984.9822945612987,Mo-Di-Mi-Do-Fr
3,0.8,0.19999999999999996,Hermes,30165,5,2863.4898694746876,Mo-Di-Mi-Do-Fr
3,0.8,0.19999999999999996,Hermes,30167,3,3919.101984908681,Mi-Fr-Sa
3,0.8,0.19999999999999996,Hermes,30173,5,3169.732396938113,Mo-Di-Mi-Do-Fr
3,0.8,0.19999999999999996,Hermes,30177,3,2337.5787998448077,Mi-Do-Sa
3,0.8,0.19999999999999996,Hermes,30179,3,2304.828907635132,Mi-Do-Sa
3,0.8,0.19999999999999996,Hermes,30419,5,5260.008032127468,Mo-Di-Do-Fr-Sa
3,0.8,0.19999999999999996,Hermes,30449,5,4044.1847088535096,Mo-Mi-Do-Fr-Sa
3,0.8,0.19999999999999996,Hermes,30453,5,3304.1029896826403,Mo-Di-Mi-Do-Fr
3,0.8,0.19999999999999996,Hermes,30455,3,3250.8851635365836,Mo-Mi-Do
3,0.8,0.19999999999999996,Hermes,30457,5,3318.451990758106,Di-Mi-Do-Fr-Sa
3,0.8,0.19999999999999996,Hermes,30459,4,3236.41841250646,Mo-Di-Mi-Do
3,0.8,0.19999999999999996,Hermes,30519,5,4829.820785899337,Di-Mi-Do-Fr-Sa
3,0.8,0.19999999999999996,Hermes,30539,5,3636.0515929481476,Mo-Di-Mi-Do-Fr
3,0.8,0.19999999999999996,Hermes,30559,3,4732.604723495551,Di-Do-Sa
3,0.8,0.19999999999999996,Hermes,30625,5,3070.4747978602395,Di-Mi-Do-Fr-Sa
3,0.8,0.19999999999999996,Hermes,30627,6,1800.235438802243,Mo-Di-Mi-Do-Fr-Sa
3,0.8,0.19999999999999996,Hermes,30629,4,2892.971745883604,Mi-Do-Fr-Sa
3,0.8,0.19999999999999996,Hermes,30655,4,3042.5856128476553,Mo-Di-Mi-Do
3,0.8,0.19999999999999996,Hermes,30657,6,3111.094528158594,Mo-Di-Mi-Do-Fr-Sa
3,0.8,0.19999999999999996,Hermes,30659,5,3132.01040707062,Di-Mi-Do-Fr-Sa
3,0.8,0.19999999999999996,Hermes,30823,4,3927.777633031308,Mo-Do-Fr-Sa
3,0.8,0.19999999999999996,Hermes,30826,4,4038.4243060562567,Mo-Di-Mi-Fr
3,0.8,0.19999999999999996,Hermes,30827,6,3094.2868268624684,Mo-Di-Mi-Do-Fr-Sa
3,0.8,0.19999999999999996,Hermes,30851,3,2405.7698077783084,Mo-Mi-Do
3,0.8,0.19999999999999996,Hermes,30853,4,2324.745925861929,Mi-Do-Fr-Sa
3,0.8,0.19999999999999996,Hermes,30855,4,8728.205751245432,Mo-Di-Mi-Do
3,0.8,0.19999999999999996,Hermes,30880,6,6557.610295895224,Mo-Di-Mi-Do-Fr-Sa
3,0.8,0.19999999999999996,Hermes,30890,4,7580.651807720055,Mo-Di-Do-Sa
3,0.8,0.19999999999999996,Hermes,30900,4,7059.305984243893,Mo-Di-Do-Sa
3,0.8,0.19999999999999996,Hermes,30916,5,5778.672077524587,Di-Mi-Do-Fr-Sa
3,0.8,0.19999999999999996,Hermes,30926,4,5913.362364354647,Mo-Di-Mi-Do
3,0.8,0.19999999999999996,Hermes,30938,3,5403.943194741678,Mo-Do-Sa
3,0.8,0.19999999999999996,Hermes,30952,4,4713.296364365106,Mo-Do-Fr-Sa
3,0.8,0.19999999999999996,Hermes,30966,5,4257.685603451326,Mo-Di-Mi-Do-Fr
3,0.8,0.19999999999999996,Hermes,30974,2,4089.783809923459,Di-Fr
3,0.8,0.19999999999999996,Hermes,30982,3,4174.892407383466,Mo-Mi-Do
3,0.8,0.19999999999999996,Hermes,30989,2,3782.2653316196324,Mo-Do
3,0.8,0.19999999999999996,Hermes,31275,3,8828.348214805275,Mo-Mi-Fr
3,0.8,0.19999999999999996,Hermes,31303,3,6627.141563910214,Mi-Do-Sa
3,0.8,0.19999999999999996,Hermes,31311,4,6256.135391436539,Mo-Di-Mi-Fr
3,0.8,0.19999999999999996,Hermes,31319,2,6221.767490114173,Mi-Sa
3,0.8,0.19999999999999996,Hermes,31515,4,8687.06897088115,Mo-Di-Mi-Sa
3,0.8,0.19999999999999996,Hermes,31535,5,10561.07746765765,Mo-Di-Mi-Do-Fr
3,0.8,0.19999999999999996,Hermes,31832,2,7340.695698990565,Mi-Sa
3,0.8,0.19999999999999996,UPS,30159,4,14129.129348953973,Di-Mi-Do-Sa
3,0.8,0.19999999999999996,UPS,30161,3,5773.7022551884675,Mo-Mi-Fr
3,0.8,0.19999999999999996,UPS,30163,4,6334.1431105947995,Mo-Di-Fr-Sa
3,0.8,0.19999999999999996,UPS,30165,5,3580.6573029153187,Mo-Mi-Do-Fr-Sa
3,0.8,0.19999999999999996,UPS,30167,4,5515.217121201205,Mo-Di-Mi-Fr
3,0.8,0.19999999999999996,UPS,30419,5,3248.5907077330103,Mo-Di-Mi-Do-Fr
3,0.8,0.19999999999999996,UPS,30449,3,6000.5440440246275,Mo-Mi-Fr
3,0.8,0.19999999999999996,UPS,30453,6,3351.1237228460413,Mo-Di-Mi-Do-Fr-Sa
3,0.8,0.19999999999999996,UPS,30455,3,1965.1177551156447,Mo-Di-Fr
3,0.8,0.19999999999999996,UPS,30457,4,2079.8448836718644,Mo-Di-Mi-Sa
3,0.8,0.19999999999999996,UPS,30519,5,4749.051542213528,Di-Mi-Do-Fr-Sa
3,0.8,0.19999999999999996,UPS,30539,4,4252.185078927435,Di-Do-Fr-Sa
3,0.8,0.19999999999999996,UPS,30559,4,4558.093581863569,Di-Mi-Do-Sa
3,0.8,0.19999999999999996,UPS,30625,2,4099.32587048135,Di-Fr
3,0.8,0.19999999999999996,UPS,30655,3,2060.979079341265,Mo-Do-Sa
3,0.8,0.19999999999999996,UPS,30657,5,4535.526156749438,Mo-Di-Do-Fr-Sa
3,0.8,0.19999999999999996,UPS,30659,5,3447.610433214345,Mo-Di-Mi-Do-Fr
3,0.8,0.19999999999999996,UPS,30823,3,2605.899242015011,Mo-Do-Sa
3,0.8,0.19999999999999996,UPS,30826,6,2042.7216152816727,Mo-Di-Mi-Do-Fr-Sa
3,0.8,0.19999999999999996,UPS,30827,5,3157.4631459555358,Mo-Di-Mi-Do-Fr
3,0.8,0.19999999999999996,UPS,30853,5,4368.601991425173,Mo-Di-Do-Fr-Sa
3,0.8,0.19999999999999996,UPS,30855,6,12308.304707064348,Mo-Di-Mi-Do-Fr-Sa
3,0.8,0.19999999999999996,UPS,30880,5,6760.541051888566,Mo-Di-Mi-Do-Fr
3,0.8,0.19999999999999996,UPS,30890,3,4356.68952883461,Mo-Di-Do
3,0.8,0.19999999999999996,UPS,30900,4,4842.214937610543,Mo-Di-Mi-Fr
3,0.8,0.19999999999999996,UPS,30916,5,5855.514667504744,Mo-Di-Mi-Do-Fr
3,0.8,0.19999999999999996,UPS,30926,3,3659.2457736159217,Mo-Mi-Do
3,0.8,0.19999999999999996,UPS,30938,5,5884.703787331136,Mo-Di-Do-Fr-Sa
3,0.8,0.19999999999999996,UPS,30952,3,3212.484140350305,Mo-Do-Sa
3,0.8,0.19999999999999996,UPS,30966,3,2994.145053678093,Mo-Do-Sa
3,0.8,0.19999999999999996,UPS,30974,4,2854.4767313263947,Mo-Di-Mi-Sa
3,0.8,0.19999999999999996,UPS,30982,3,2938.1022556872913,Mo-Di-Do
3,0.8,0.19999999999999996,UPS,30989,3,3037.75088021501,Mo-Do-Sa
3,0.8,0.19999999999999996,UPS,31275,3,6221.394950274525,Mi-Fr-Sa
3,0.8,0.19999999999999996,UPS,31303,3,4314.6674488261815,Mo-Di-Do
3,0.8,0.19999999999999996,UPS,31311,2,3914.113570529882,Mi-Sa
3,0.8,0.19999999999999996,UPS,31319,3,3285.669582629548,Mo-Do-Sa
3,0.8,0.19999999999999996,UPS,31515,4,6567.036828900722,Mi-Do-Fr-Sa
3,0.8,0.19999999999999996,UPS,31535,4,7198.675089725648,Mo-Di-Do-Sa
3,0.8,0.19999999999999996,UPS,31832,6,5105.054625543156,Mo-Di-Mi-Do-Fr-Sa
3,0.9,0.09999999999999998,Amazon,30159,4,11311.297240765138,Di-Mi-Fr-Sa
3,0.9,0.09999999999999998,Amazon,30161,4,6073.59744371976,Di-Mi-Do-Sa
3,0.9,0.09999999999999998,Amazon,30163,4,5793.579320271218,Di-Mi-Do-Sa
3,0.9,0.09999999999999998,Amazon,30165,5,4645.903741042595,Mo-Di-Mi-Fr-Sa
3,0.9,0.09999999999999998,Amazon,30167,5,6982.803853444749,Di-Mi-Do-Fr-Sa
3,0.9,0.09999999999999998,Amazon,30173,5,5105.921888022111,Mo-Di-Do-Fr-Sa
3,0.9,0.09999999999999998,Amazon,30177,5,4140.413684206971,Di-Mi-Do-Fr-Sa
3,0.9,0.09999999999999998,Amazon,30179,4,4053.3254983751362,Mi-Do-Fr-Sa
3,0.9,0.09999999999999998,Amazon,30419,6,8685.332684443236,Mo-Di-Mi-Do-Fr-Sa
3,0.9,0.09999999999999998,Amazon,30449,5,6768.591946057199,Mo-Di-Mi-Fr-Sa
3,0.9,0.09999999999999998,Amazon,30453,6,4953.369950665476,Mo-Di-Mi-Do-Fr-Sa
3,0.9,0.09999999999999998,Amazon,30455,4,4441.676210884293,Di-Mi-Do-Sa
3,0.9,0.09999999999999998,Amazon,30457,4,4535.61269797937,Di-Mi-Do-Sa
3,0.9,0.09999999999999998,Amazon,30459,4,4489.626586715845,Di-Mi-Do-Sa
3,0.9,0.09999999999999998,Amazon,30519,5,7933.474914809818,Di-Mi-Do-Fr-Sa
3,0.9,0.09999999999999998,Amazon,30539,6,5232.56483537078,Mo-Di-Mi-Do-Fr-Sa
3,0.9,0.09999999999999998,Amazon,30559,5,7816.453457389656,Mo-Di-Do-Fr-Sa
3,0.9,0.09999999999999998,Amazon,30625,6,4833.5787808117675,Mo-Di-Mi-Do-Fr-Sa
3,0.9,0.09999999999999998,Amazon,30627,6,3579.2895236259706,Mo-Di-Mi-Do-Fr-Sa
3,0.9,0.09999999999999998,Amazon,30629,5,4294.439791118765,Mo-Mi-Do-Fr-Sa
3,0.9,0.09999999999999998,Amazon,30655,6,5134.034576870573,Mo-Di-Mi-Do-Fr-Sa
3,0.9,0.09999999999999998,Amazon,30657,6,5211.641795669652,Mo-Di-Mi-Do-Fr-Sa
3,0.9,0.09999999999999998,Amazon,30659,4,4549.597407425216,Di-Mi-Do-Sa
3,0.9,0.09999999999999998,Amazon,30823,5,5435.486507571147,Di-Mi-Do-Fr-Sa
3,0.9,0.09999999999999998,Amazon,30826,4,5172.751705002674,Mo-Di-Mi-Fr
3,0.9,0.09999999999999998,Amazon,30827,6,4406.282253025094,Mo-Di-Mi-Do-Fr-Sa
3,0.9,0.09999999999999998,Amazon,30851,4,4187.342799590559,Mo-Mi-Do-Sa
3,0.9,0.09999999999999998,Amazon,30853,6,4295.473522234693,Mo-Di-Mi-Do-Fr-Sa
3,0.9,0.09999999999999998,Amazon,30855,5,16211.830883723125,Mo-Di-Mi-Fr-Sa
3,0.9,0.09999999999999998,Amazon,30880,5,10665.121321542301,Di-Mi-Do-Fr-Sa
3,0.9,0.09999999999999998,Amazon,30890,4,9761.598059084445,Mo-Di-Mi-Fr
3,0.9,0.09999999999999998,Amazon,30900,2,11386.342526181159,Mi-Sa
3,0.9,0.09999999999999998,Amazon,30916,4,9681.038591440403,Mo-Di-Do-Sa
3,0.9,0.09999999999999998,Amazon,30926,4,8401.064177044462,Mo-Di-Do-Sa
3,0.9,0.09999999999999998,Amazon,30938,5,8649.27679188587,Mo-Di-Do-Fr-Sa
3,0.9,0.09999999999999998,Amazon,30952,5,6705.81494311152,Di-Mi-Do-Fr-Sa
3,0.9,0.09999999999999998,Amazon,30966,5,6702.619525224192,Mo-Di-Mi-Do-Fr
3,0.9,0.09999999999999998,Amazon,30974,5,5184.384825041551,Mo-Di-Mi-Do-Sa
3,0.9,0.09999999999999998,Amazon,30982,6,5545.048582884666,Mo-Di-Mi-Do-Fr-Sa
3,0.9,0.09999999999999998,Amazon,30989,5,5104.279686154092,Mo-Di-Mi-Do-Sa
3,0.9,0.09999999999999998,Amazon,31275,5,13636.08659858925,Mo-Di-Mi-Do-Fr
3,0.9,0.09999999999999998,Amazon,31303,4,9661.934744903774,Mi-Do-Fr-Sa
3,0.9,0.09999999999999998,Amazon,31311,4,8389.783167023199,Mi-Do-Fr-Sa
3,0.9,0.09999999999999998,Amazon,31319,5,8694.598448059334,Mo-Di-Mi-Fr-Sa
3,0.9,0.09999999999999998,Amazon,31515,5,11980.355122948655,Mo-Mi-Do-Fr-Sa
3,0.9,0.09999999999999998,Amazon,31535,4,14442.01141307355,Mo-Di-Do-Sa
3,0.9,0.09999999999999998,Amazon,31832,2,10157.640695173002,Mi-Sa
3,0.9,0.09999999999999998,DHL,30159,5,21344.77306534078,Mo-Mi-Do-Fr-Sa
3,0.9,0.09999999999999998,DHL,30161,6,10896.842490106472,Mo-Di-Mi-Do-Fr-Sa
3,0.9,0.09999999999999998,DHL,30163,6,9949.803363797471,Mo-Di-Mi-Do-Fr-Sa
3,0.9,0.09999999999999998,DHL,30165,5,8673.7062145846,Mo-Mi-Do-Fr-Sa
3,0.9,0.09999999999999998,DHL,30167,4,13019.091149895914,Mo-Di-Do-Fr
3,0.9,0.09999999999999998,DHL,30169,5,5334.146803404472,Mo-Di-Mi-Fr-Sa
3,0.9,0.09999999999999998,DHL,30173,5,8984.906186424912,Mo-Di-Do-Fr-Sa
3,0.9,0.09999999999999998,DHL,30177,4,6587.769555889718,Mo-Di-Mi-Fr
3,0.9,0.09999999999999998,DHL,30179,4,6886.444418536287,Mo-Di-Do-Sa
3,0.9,0.09999999999999998,DHL,30419,6,15488.762582133773,Mo-Di-Mi-Do-Fr-Sa
3,0.9,0.09999999999999998,DHL,30449,6,7469.2241491514915,Mo-Di-Mi-Do-Fr-Sa
3,0.9,0.09999999999999998,DHL,30453,6,8951.952033907073,Mo-Di-Mi-Do-Fr-Sa
3,0.9,0.09999999999999998,DHL,30455,4,7471.695455269834,Mo-Mi-Do-Sa
3,0.9,0.09999999999999998,DHL,30457,3,7034.891977889869,Mo-Mi-Fr
3,0.9,0.09999999999999998,DHL,30459,6,6651.002162382179,Mo-Di-Mi-Do-Fr-Sa
3,0.9,0.09999999999999998,DHL,30519,6,13272.168787294228,Mo-Di-Mi-Do-Fr-Sa
3,0.9,0.09999999999999998,DHL,30539,4,9299.701296535437,Mo-Mi-Do-Fr
3,0.9,0.09999999999999998,DHL,30559,6,12373.65925832722,Mo-Di-Mi-Do-Fr-Sa
3,0.9,0.09999999999999998,DHL,30625,4,7937.212257681681,Di-Mi-Do-Sa
3,0.9,0.09999999999999998,DHL,30627,4,5480.771687879235,Mo-Di-Fr-Sa
3,0.9,0.09999999999999998,DHL,30629,5,6725.756684116106,Mo-Di-Mi-Do-Sa
3,0.9,0.09999999999999998,DHL,30655,5,8791.2862480255,Mo-Di-Mi-Do-Sa
3,0.9,0.09999999999999998,DHL,30657,6,9992.167827012736,Mo-Di-Mi-Do-Fr-Sa
3,0.9,0.09999999999999998,DHL,30659,6,7898.329610710899,Mo-Di-Mi-Do-Fr-Sa
3,0.9,0.09999999999999998,DHL,30823,6,10208.877886178407,Mo-Di-Mi-Do-Fr-Sa
3,0.9,0.09999999999999998,DHL,30826,5,9362.093718625047,Mo-Di-Do-Fr-Sa
3,0.9,0.09999999999999998,DHL,30827,6,8625.617953447312,Mo-Di-Mi-Do-Fr-Sa
3,0.9,0.09999999999999998,DHL,30851,6,7140.564548697186,Mo-Di-Mi-Do-Fr-Sa
3,0.9,0.09999999999999998,DHL,30853,6,7954.150022203881,Mo-Di-Mi-Do-Fr-Sa
3,0.9,0.09999999999999998,DHL,30855,6,32552.34432866005,Mo-Di-Mi-Do-Fr-Sa
3,0.9,0.09999999999999998,DHL,30880,4,17779.751669131594,Di-Do-Fr-Sa
3,0.9,0.09999999999999998,DHL,30890,6,15947.754646399117,Mo-Di-Mi-Do-Fr-Sa
3,0.9,0.09999999999999998,DHL,30900,2,17764.860495952445,Mi-Sa
3,0.9,0.09999999999999998,DHL,30916,6,17734.269551035948,Mo-Di-Mi-Do-Fr-Sa
3,0.9,0.09999999999999998,DHL,30926,5,14342.78302530364,Mo-Di-Do-Fr-Sa
3,0.9,0.09999999999999998,DHL,30938,6,14554.779241554967,Mo-Di-Mi-Do-Fr-Sa
3,0.9,0.09999999999999998,DHL,30952,5,11260.355501869222,Mo-Di-Do-Fr-Sa
3,0.9,0.09999999999999998,DHL,30966,5,10597.489572703164,Mo-Di-Mi-Fr-Sa
3,0.9,0.09999999999999998,DHL,30974,4,7484.448565313989,Di-Mi-Do-Sa
3,0.9,0.09999999999999998,DHL,30982,4,8095.631202831348,Di-Mi-Do-Sa
3,0.9,0.09999999999999998,DHL,30989,5,8533.896209770364,Di-Mi-Do-Fr-Sa
3,0.9,0.09999999999999998,DHL,31275,6,20741.197757085225,Mo-Di-Mi-Do-Fr-Sa
3,0.9,0.09999999999999998,DHL,31303,6,13739.115623819012,Mo-Di-Mi-Do-Fr-Sa
3,0.9,0.09999999999999998,DHL,31311,5,10624.597056719427,Mo-Di-Mi-Do-Fr
3,0.9,0.09999999999999998,DHL,31319,5,12173.195757741858,Di-Mi-Do-Fr-Sa
3,0.9,0.09999999999999998,DHL,31515,5,20802.631075955764,Mo-Di-Mi-Do-Fr
3,0.9,0.09999999999999998,DHL,31535,5,21504.83804719025,Mo-Di-Mi-Do-Fr
3,0.9,0.09999999999999998,DHL,31832,5,14408.840834253442,Mo-Mi-Do-Fr-Sa
3,0.9,0.09999999999999998,DPD,30159,3,6532.9835993246,Mo-Do-Sa
3,0.9,0.09999999999999998,DPD,30161,6,3572.3066172774998,Mo-Di-Mi-Do-Fr-Sa
3,0.9,0.09999999999999998,DPD,30163,5,3151.1280947637038,Mo-Di-Mi-Do-Fr
3,0.9,0.09999999999999998,DPD,30165,6,3220.920457383544,Mo-Di-Mi-Do-Fr-Sa
3,0.9,0.09999999999999998,DPD,30167,4,4218.302157268764,Mi-Do-Fr-Sa
3,0.9,0.09999999999999998,DPD,30173,6,3028.2905288174024,Mo-Di-Mi-Do-Fr-Sa
3,0.9,0.09999999999999998,DPD,30177,5,2018.0499631150306,Mo-Di-Mi-Fr-Sa
3,0.9,0.09999999999999998,DPD,30179,5,2265.5397107562885,Mo-Di-Do-Fr-Sa
3,0.9,0.09999999999999998,DPD,30419,5,5085.457094131571,Di-Mi-Do-Fr-Sa
3,0.9,0.09999999999999998,DPD,30449,2,3974.0746094765827,Mi-Sa
3,0.9,0.09999999999999998,DPD,30453,4,3542.0235415944,Mo-Di-Mi-Do
3,0.9,0.09999999999999998,DPD,30455,4,2896.350131252957,Mo-Mi-Do-Sa
3,0.9,0.09999999999999998,DPD,30457,2,2649.9765242177477,Mi-Sa
3,0.9,0.09999999999999998,DPD,30459,5,2410.913257086289,Mo-Di-Do-Fr-Sa
3,0.9,0.09999999999999998,DPD,30519,5,4131.348565407529,Mo-Di-Mi-Fr-Sa
3,0.9,0.09999999999999998,DPD,30539,6,3413.7063659864443,Mo-Di-Mi-Do-Fr-Sa
3,0.9,0.09999999999999998,DPD,30559,4,3916.7473203400796,Mo-Do-Fr-Sa
3,0.9,0.09999999999999998,DPD,30625,4,2510.4860265909037,Mo-Mi-Do-Sa
3,0.9,0.09999999999999998,DPD,30627,6,1702.8075328692416,Mo-Di-Mi-Do-Fr-Sa
3,0.9,0.09999999999999998,DPD,30629,4,1859.3183147781406,Mo-Di-Fr-Sa
3,0.9,0.09999999999999998,DPD,30655,4,2940.179551453054,Mo-Di-Mi-Do
3,0.9,0.09999999999999998,DPD,30657,6,3491.1799180397643,Mo-Di-Mi-Do-Fr-Sa
3,0.9,0.09999999999999998,DPD,30659,3,2386.015342277518,Mo-Mi-Sa
3,0.9,0.09999999999999998,DPD,30823,5,3861.2616002320356,Mo-Di-Mi-Do-Fr
3,0.9,0.09999999999999998,DPD,30826,3,4352.175983781186,Mo-Mi-Do
3,0.9,0.09999999999999998,DPD,30827,5,3527.2321151627525,Mo-Di-Mi-Do-Sa
3,0.9,0.09999999999999998,DPD,30851,5,2296.6497122954784,Mo-Di-Do-Fr-Sa
3,0.9,0.09999999999999998,DPD,30853,5,2927.5992265724394,Mo-Di-Mi-Do-Sa
3,0.9,0.09999999999999998,DPD,30855,5,9793.338754928902,Mo-Di-Mi-Do-Sa
3,0.9,0.09999999999999998,DPD,30880,6,5724.1369426636065,Mo-Di-Mi-Do-Fr-Sa
3,0.9,0.09999999999999998,DPD,30890,3,7130.7544144243375,Mi-Do-Sa
3,0.9,0.09999999999999998,DPD,30900,3,7466.364956176818,Mi-Do-Sa
3,0.9,0.09999999999999998,DPD,30916,5,5300.444266750252,Di-Mi-Do-Fr-Sa
3,0.9,0.09999999999999998,DPD,30926,3,5882.360220782337,Mo-Do-Sa
3,0.9,0.09999999999999998,DPD,30938,3,5307.388924746394,Mo-Mi-Sa
3,0.9,0.09999999999999998,DPD,30952,3,4490.869089233438,Di-Do-Fr
3,0.9,0.09999999999999998,DPD,30966,5,4080.6653555274434,Mo-Di-Mi-Do-Fr
3,0.9,0.09999999999999998,DPD,30974,4,3652.2135751294118,Mo-Do-Fr-Sa
3,0.9,0.09999999999999998,DPD,30982,3,3533.3987909239613,Mi-Fr-Sa
3,0.9,0.09999999999999998,DPD,30989,2,3613.7158628633824,Mi-Sa
3,0.9,0.09999999999999998,DPD,31275,3,6692.477560582841,Mo-Mi-Fr
3,0.9,0.09999999999999998,DPD,31303,3,5105.7877152576175,Mi-Fr-Sa
3,0.9,0.09999999999999998,DPD,31311,2,4896.348098550199,Di-Fr
3,0.9,0.09999999999999998,DPD,31319,4,4189.9526395669545,Mo-Di-Mi-Do
3,0.9,0.09999999999999998,DPD,31515,2,8301.436342444715,Mi-Sa
3,0.9,0.09999999999999998,DPD,31535,4,10346.488635249905,Mo-Do-Fr-Sa
3,0.9,0.09999999999999998,DPD,31832,4,6803.624135052072,Mo-Di-Fr-Sa
3,0.9,0.09999999999999998,FedEx,30159,3,12449.441559015066,Mi-Do-Sa
3,0.9,0.09999999999999998,FedEx,30161,4,4929.584363788312,Mo-Mi-Fr-Sa
3,0.9,0.09999999999999998,FedEx,30163,4,7615.751107718686,Mo-Di-Do-Sa
3,0.9,0.09999999999999998,FedEx,30167,5,4865.486279599563,Mo-Di-Mi-Fr-Sa
3,0.9,0.09999999999999998,FedEx,30419,6,3180.1259661691156,Mo-Di-Mi-Do-Fr-Sa
3,0.9,0.09999999999999998,FedEx,30449,6,5070.480072832069,Mo-Di-Mi-Do-Fr-Sa
3,0.9,0.09999999999999998,FedEx,30453,4,2979.3157515599755,Di-Mi-Do-Sa
3,0.9,0.09999999999999998,FedEx,30455,6,1946.7438791667537,Mo-Di-Mi-Do-Fr-Sa
3,0.9,0.09999999999999998,FedEx,30457,2,2039.7745722236484,Mi-Sa
3,0.9,0.09999999999999998,FedEx,30519,4,4026.8328047191258,Mo-Di-Fr-Sa
3,0.9,0.09999999999999998,FedEx,30539,4,4126.755420164805,Mo-Do-Fr-Sa
3,0.9,0.09999999999999998,FedEx,30559,4,4774.14251371674,Di-Mi-Do-Sa
3,0.9,0.09999999999999998,FedEx,30625,3,3564.5031767945834,Mo-Di-Fr
3,0.9,0.09999999999999998,FedEx,30655,4,3242.303692016798,Mo-Di-Mi-Do
3,0.9,0.09999999999999998,FedEx,30657,6,4470.593996761694,Mo-Di-Mi-Do-Fr-Sa
3,0.9,0.09999999999999998,FedEx,30823,3,1951.870376198338,Mo-Mi-Fr
3,0.9,0.09999999999999998,FedEx,30827,4,3865.452001905074,Mi-Do-Fr-Sa
3,0.9,0.09999999999999998,FedEx,30853,4,4051.875611092914,Di-Mi-Do-Sa
3,0.9,0.09999999999999998,FedEx,30855,5,11255.977215729632,Mo-Di-Mi-Do-Fr
3,0.9,0.09999999999999998,FedEx,30880,6,5741.552839090982,Mo-Di-Mi-Do-Fr-Sa
3,0.9,0.09999999999999998,FedEx,30890,3,3731.5275186059853,Mi-Do-Sa
3,0.9,0.09999999999999998,FedEx,30900,3,4546.416090909814,Mo-Di-Fr
3,0.9,0.09999999999999998,FedEx,30916,5,5152.227585280791,Mo-Di-Mi-Do-Sa
3,0.9,0.09999999999999998,FedEx,30926,2,3026.3793489012096,Mi-Sa
3,0.9,0.09999999999999998,FedEx,30938,5,5353.586536962782,Mo-Di-Mi-Do-Sa
3,0.9,0.09999999999999998,FedEx,30952,3,2703.0968409666643,Mo-Di-Fr
3,0.9,0.09999999999999998,FedEx,30966,4,2456.66248054962,Mo-Di-Fr-Sa
3,0.9,0.09999999999999998,FedEx,30974,2,2310.531548438774,Mo-Do
3,0.9,0.09999999999999998,FedEx,30982,6,2379.2604748942445,Mo-Di-Mi-Do-Fr-Sa
3,0.9,0.09999999999999998,FedEx,30989,6,2431.4853535221046,Mo-Di-Mi-Do-Fr-Sa
3,0.9,0.09999999999999998,FedEx,31275,4,5009.662143714038,Mo-Di-Mi-Fr
3,0.9,0.09999999999999998,FedEx,31303,2,3766.68378751954,Mi-Sa
3,0.9,0.09999999999999998,FedEx,31311,6,2818.577694291381,Mo-Di-Mi-Do-Fr-Sa
3,0.9,0.09999999999999998,FedEx,31319,3,2784.014566387531,Mo-Mi-Fr
3,0.9,0.09999999999999998,FedEx,31515,5,5009.596675831529,Mo-Di-Do-Fr-Sa
3,0.9,0.09999999999999998,FedEx,31535,4,6083.224585071191,Mo-Di-Fr-Sa
3,0.9,0.09999999999999998,FedEx,31832,2,4342.045075139147,Mi-Sa
3,0.9,0.09999999999999998,GLS,30159,5,4497.653226443564,Mo-Di-Mi-Do-Sa
3,0.9,0.09999999999999998,GLS,30161,5,2816.7695275715205,Mo-Di-Mi-Do-Sa
3,0.9,0.09999999999999998,GLS,30163,3,4115.647096080236,Mi-Do-Sa
3,0.9,0.09999999999999998,GLS,30165,6,2405.2247120162715,Mo-Di-Mi-Do-Fr-Sa
3,0.9,0.09999999999999998,GLS,30167,3,3368.190976776278,Mo-Di-Fr
3,0.9,0.09999999999999998,GLS,30173,6,2467.3206708480106,Mo-Di-Mi-Do-Fr-Sa
3,0.9,0.09999999999999998,GLS,30179,6,2030.2594095239801,Mo-Di-Mi-Do-Fr-Sa
3,0.9,0.09999999999999998,GLS,30419,3,4613.405709920792,Mo-Mi-Sa
3,0.9,0.09999999999999998,GLS,30449,3,3378.8951509810895,Di-Do-Fr
3,0.9,0.09999999999999998,GLS,30453,2,2566.8746024663933,Mi-Sa
3,0.9,0.09999999999999998,GLS,30455,4,2255.947671684797,Mo-Di-Fr-Sa
3,0.9,0.09999999999999998,GLS,30457,2,2416.545298154388,Mi-Sa
3,0.9,0.09999999999999998,GLS,30459,6,1876.236727895414,Mo-Di-Mi-Do-Fr-Sa
3,0.9,0.09999999999999998,GLS,30519,6,3552.9135868219814,Mo-Di-Mi-Do-Fr-Sa
3,0.9,0.09999999999999998,GLS,30539,2,2242.613459162609,Mi-Sa
3,0.9,0.09999999999999998,GLS,30559,5,3598.443896615585,Mo-Di-Mi-Do-Fr
3,0.9,0.09999999999999998,GLS,30625,6,2210.8683733501316,Mo-Di-Mi-Do-Fr-Sa
3,0.9,0.09999999999999998,GLS,30627,6,1794.681684046207,Mo-Di-Mi-Do-Fr-Sa
3,0.9,0.09999999999999998,GLS,30629,6,2094.2697610443015,Mo-Di-Mi-Do-Fr-Sa
3,0.9,0.09999999999999998,GLS,30655,2,2454.1692658587563,Mi-Sa
3,0.9,0.09999999999999998,GLS,30657,2,2601.121576188065,Mi-Sa
3,0.9,0.09999999999999998,GLS,30659,6,2165.5626302364476,Mo-Di-Mi-Do-Fr-Sa
3,0.9,0.09999999999999998,GLS,30823,3,3803.4567001315345,Mo-Mi-Do
3,0.9,0.09999999999999998,GLS,30826,3,4230.99665024459,Mi-Do-Sa
3,0.9,0.09999999999999998,GLS,30827,6,3074.664687517894,Mo-Di-Mi-Do-Fr-Sa
3,0.9,0.09999999999999998,GLS,30851,6,2097.4205946859483,Mo-Di-Mi-Do-Fr-Sa
3,0.9,0.09999999999999998,GLS,30853,6,2190.0844891648285,Mo-Di-Mi-Do-Fr-Sa
3,0.9,0.09999999999999998,GLS,30855,5,7750.418281029068,Mo-Di-Mi-Fr-Sa
3,0.9,0.09999999999999998,GLS,30880,2,3942.5620846853617,Mi-Sa
3,0.9,0.09999999999999998,GLS,30890,2,6642.020681361592,Mi-Sa
3,0.9,0.09999999999999998,GLS,30900,2,7182.82129235764,Mi-Sa
3,0.9,0.09999999999999998,GLS,30916,5,4759.181656058314,Di-Mi-Do-Fr-Sa
3,0.9,0.09999999999999998,GLS,30926,3,5086.353753056863,Mo-Di-Fr
3,0.9,0.09999999999999998,GLS,30938,2,5146.779301157822,Di-Fr
3,0.9,0.09999999999999998,GLS,30952,3,3981.3775510163537,Mo-Mi-Fr
3,0.9,0.09999999999999998,GLS,30966,5,3496.8587219937767,Mo-Di-Mi-Do-Fr
3,0.9,0.09999999999999998,GLS,30974,4,2900.8605290265186,Mo-Di-Mi-Sa
3,0.9,0.09999999999999998,GLS,30982,2,2656.81333883768,Mi-Sa
3,0.9,0.09999999999999998,GLS,30989,4,2792.159716269993,Mo-Di-Mi-Sa
3,0.9,0.09999999999999998,GLS,31275,4,6941.328664667779,Mo-Di-Do-Sa
3,0.9,0.09999999999999998,GLS,31303,3,5706.31336571626,Di-Mi-Sa
3,0.9,0.09999999999999998,GLS,31311,5,4930.193877562092,Mo-Di-Mi-Do-Sa
3,0.9,0.09999999999999998,GLS,31319,6,4180.379543747179,Mo-Di-Mi-Do-Fr-Sa
3,0.9,0.09999999999999998,GLS,31515,3,8196.223821275707,Mo-Di-Fr
3,0.9,0.09999999999999998,GLS,31535,4,10458.65094277834,Mo-Di-Mi-Fr
3,0.9,0.09999999999999998,GLS,31832,3,4987.397410313064,Mo-Di-Fr
3,0.9,0.09999999999999998,Hermes,30159,4,5566.5373187992445,Di-Mi-Do-Fr
3,0.9,0.09999999999999998,Hermes,30161,6,3199.481172195214,Mo-Di-Mi-Do-Fr-Sa
3,0.9,0.09999999999999998,Hermes,30163,6,3149.747408424128,Mo-Di-Mi-Do-Fr-Sa
3,0.9,0.09999999999999998,Hermes,30165,5,2910.664308540045,Mo-Di-Mi-Do-Fr
3,0.9,0.09999999999999998,Hermes,30167,4,3784.682733286092,Mi-Do-Fr-Sa
3,0.9,0.09999999999999998,Hermes,30173,5,3184.674873623904,Mo-Di-Mi-Do-Fr
3,0.9,0.09999999999999998,Hermes,30177,5,2725.866399331669,Mo-Di-Mi-Do-Sa
3,0.9,0.09999999999999998,Hermes,30179,4,2545.245667739665,Di-Mi-Do-Sa
3,0.9,0.09999999999999998,Hermes,30419,4,5301.711365379466,Mo-Mi-Fr-Sa
3,0.9,0.09999999999999998,Hermes,30449,3,3883.547752779656,Mo-Mi-Sa
3,0.9,0.09999999999999998,Hermes,30453,5,3322.8727067152945,Mo-Di-Mi-Do-Fr
3,0.9,0.09999999999999998,Hermes,30455,6,3483.007050591635,Mo-Di-Mi-Do-Fr-Sa
3,0.9,0.09999999999999998,Hermes,30457,5,3565.8773560075406,Di-Mi-Do-Fr-Sa
3,0.9,0.09999999999999998,Hermes,30459,6,3465.6139132677736,Mo-Di-Mi-Do-Fr-Sa
3,0.9,0.09999999999999998,Hermes,30519,4,4673.0611899123205,Mi-Do-Fr-Sa
3,0.9,0.09999999999999998,Hermes,30539,6,3645.27178816927,Mo-Di-Mi-Do-Fr-Sa
3,0.9,0.09999999999999998,Hermes,30559,4,4937.6202015875515,Di-Mi-Do-Sa
3,0.9,0.09999999999999998,Hermes,30625,6,3273.024738869934,Mo-Di-Mi-Do-Fr-Sa
3,0.9,0.09999999999999998,Hermes,30627,6,1800.235438802243,Mo-Di-Mi-Do-Fr-Sa
3,0.9,0.09999999999999998,Hermes,30629,4,2946.087049038366,Di-Mi-Do-Sa
3,0.9,0.09999999999999998,Hermes,30655,5,3249.6840716383485,Mo-Di-Mi-Do-Fr
3,0.9,0.09999999999999998,Hermes,30657,6,3111.094528158594,Mo-Di-Mi-Do-Fr-Sa
3,0.9,0.09999999999999998,Hermes,30659,6,3309.038695730729,Mo-Di-Mi-Do-Fr-Sa
3,0.9,0.09999999999999998,Hermes,30823,4,3815.525081153642,Mo-Di-Fr-Sa
3,0.9,0.09999999999999998,Hermes,30826,5,4120.848214212213,Mo-Di-Mi-Fr-Sa
3,0.9,0.09999999999999998,Hermes,30827,6,3094.2868268624684,Mo-Di-Mi-Do-Fr-Sa
3,0.9,0.09999999999999998,Hermes,30851,6,2771.6415924617286,Mo-Di-Mi-Do-Fr-Sa
3,0.9,0.09999999999999998,Hermes,30853,6,2517.942276990752,Mo-Di-Mi-Do-Fr-Sa
3,0.9,0.09999999999999998,Hermes,30855,6,8779.652974651703,Mo-Di-Mi-Do-Fr-Sa
3,0.9,0.09999999999999998,Hermes,30880,6,6557.610295895224,Mo-Di-Mi-Do-Fr-Sa
3,0.9,0.09999999999999998,Hermes,30890,3,7610.149320622997,Mi-Fr-Sa
3,0.9,0.09999999999999998,Hermes,30900,3,7144.451128311779,Mo-Mi-Fr
3,0.9,0.09999999999999998,Hermes,30916,5,5616.786113079465,Mo-Di-Mi-Do-Sa
3,0.9,0.09999999999999998,Hermes,30926,5,6002.76488486304,Mo-Di-Mi-Fr-Sa
3,0.9,0.09999999999999998,Hermes,30938,3,5375.011063718658,Mo-Do-Sa
3,0.9,0.09999999999999998,Hermes,30952,4,4732.501755292308,Mo-Do-Fr-Sa
3,0.9,0.09999999999999998,Hermes,30966,4,4362.926837115678,Mo-Di-Fr-Sa
3,0.9,0.09999999999999998,Hermes,30974,4,4240.216620097648,Di-Mi-Do-Fr
3,0.9,0.09999999999999998,Hermes,30982,4,4282.50001843494,Mo-Di-Mi-Do
3,0.9,0.09999999999999998,Hermes,30989,2,4025.0232028581763,Di-Fr
3,0.9,0.09999999999999998,Hermes,31275,4,8909.763128934626,Di-Mi-Do-Sa
3,0.9,0.09999999999999998,Hermes,31303,3,7054.339854067514,Mo-Di-Do
3,0.9,0.09999999999999998,Hermes,31311,3,6227.210717298055,Mo-Di-Fr
3,0.9,0.09999999999999998,Hermes,31319,3,6344.783894689483,Mi-Do-Sa
3,0.9,0.09999999999999998,Hermes,31515,5,8720.191799762602,Mo-Di-Mi-Do-Sa
3,0.9,0.09999999999999998,Hermes,31535,4,10669.319631189966,Mo-Di-Mi-Fr
3,0.9,0.09999999999999998,Hermes,31832,5,8059.910646905164,Mo-Di-Mi-Do-Sa
3,0.9,0.09999999999999998,UPS,30159,3,14179.64905324436,Di-Do-Fr
3,0.9,0.09999999999999998,UPS,30161,5,5850.850778193495,Mo-Di-Mi-Do-Sa
3,0.9,0.09999999999999998,UPS,30163,5,6175.055841111998,Mo-Di-Mi-Fr-Sa
3,0.9,0.09999999999999998,UPS,30165,5,3596.65467641977,Mo-Mi-Do-Fr-Sa
3,0.9,0.09999999999999998,UPS,30167,4,5611.529834768151,Di-Mi-Do-Sa
3,0.9,0.09999999999999998,UPS,30419,5,3324.96240174126,Mo-Di-Mi-Do-Fr
3,0.9,0.09999999999999998,UPS,30449,4,6427.63240920524,Mo-Di-Do-Sa
3,0.9,0.09999999999999998,UPS,30453,6,3351.1237228460413,Mo-Di-Mi-Do-Fr-Sa
3,0.9,0.09999999999999998,UPS,30455,6,1996.1301130016752,Mo-Di-Mi-Do-Fr-Sa
3,0.9,0.09999999999999998,UPS,30457,6,2082.9256820867663,Mo-Di-Mi-Do-Fr-Sa
3,0.9,0.09999999999999998,UPS,30519,5,4814.983266876216,Di-Mi-Do-Fr-Sa
3,0.9,0.09999999999999998,UPS,30539,2,4136.186796523705,Mi-Sa
3,0.9,0.09999999999999998,UPS,30559,4,4620.759321321889,Di-Mi-Do-Sa
3,0.9,0.09999999999999998,UPS,30625,2,3997.5508206596332,Mi-Sa
3,0.9,0.09999999999999998,UPS,30655,4,1921.9113326816246,Mo-Di-Fr-Sa
3,0.9,0.09999999999999998,UPS,30657,5,4568.804951934149,Mo-Di-Do-Fr-Sa
3,0.9,0.09999999999999998,UPS,30659,6,3619.59971665554,Mo-Di-Mi-Do-Fr-Sa
3,0.9,0.09999999999999998,UPS,30823,2,2613.4867491601517,Mi-Sa
3,0.9,0.09999999999999998,UPS,30826,6,2042.7216152816727,Mo-Di-Mi-Do-Fr-Sa
3,0.9,0.09999999999999998,UPS,30827,5,3194.4004178101686,Mo-Di-Mi-Do-Fr
3,0.9,0.09999999999999998,UPS,30853,4,4372.899761150142,Mo-Di-Mi-Fr
3,0.9,0.09999999999999998,UPS,30855,6,12308.304707064348,Mo-Di-Mi-Do-Fr-Sa
3,0.9,0.09999999999999998,UPS,30880,5,6978.684385518016,Di-Mi-Do-Fr-Sa
3,0.9,0.09999999999999998,UPS,30890,3,4549.554762148672,Mo-Do-Fr
3,0.9,0.09999999999999998,UPS,30900,3,4855.888958232802,Mo-Di-Fr
3,0.9,0.09999999999999998,UPS,30916,5,5877.372395187699,Mo-Mi-Do-Fr-Sa
3,0.9,0.09999999999999998,UPS,30926,4,3752.7230386647407,Mo-Di-Mi-Do
3,0.9,0.09999999999999998,UPS,30938,5,5897.599390246971,Mo-Di-Do-Fr-Sa
3,0.9,0.09999999999999998,UPS,30952,3,3287.8422695883187,Mo-Do-Sa
3,0.9,0.09999999999999998,UPS,30966,2,3108.524316914877,Mi-Sa
3,0.9,0.09999999999999998,UPS,30974,3,2775.3780422409086,Di-Fr-Sa
3,0.9,0.09999999999999998,UPS,30982,2,2925.4476347525488,Mi-Sa
3,0.9,0.09999999999999998,UPS,30989,4,3033.9920875316016,Mo-Di-Mi-Sa
3,0.9,0.09999999999999998,UPS,31275,3,6363.347588622345,Mi-Do-Sa
3,0.9,0.09999999999999998,UPS,31303,3,4458.266975966583,Mo-Do-Fr
3,0.9,0.09999999999999998,UPS,31311,3,4148.0539369753305,Di-Mi-Sa
3,0.9,0.09999999999999998,UPS,31319,4,3401.676034047227,Mo-Di-Do-Sa
3,0.9,0.09999999999999998,UPS,31515,6,6735.40640345356,Mo-Di-Mi-Do-Fr-Sa
3,0.9,0.09999999999999998,UPS,31535,2,7255.43925995846,Mi-Sa
3,0.9,0.09999999999999998,UPS,31832,6,5105.054625543156,Mo-Di-Mi-Do-Fr-Sa
3,1.0,0.0,Amazon,30159,6,11687.758591886499,Mo-Di-Mi-Do-Fr-Sa
3,1.0,0.0,Amazon,30161,6,6198.076199381901,Mo-Di-Mi-Do-Fr-Sa
3,1.0,0.0,Amazon,30163,6,5887.274416922319,Mo-Di-Mi-Do-Fr-Sa
3,1.0,0.0,Amazon,30165,6,4696.3632925800775,Mo-Di-Mi-Do-Fr-Sa
3,1.0,0.0,Amazon,30167,6,7124.980941103149,Mo-Di-Mi-Do-Fr-Sa
3,1.0,0.0,Amazon,30173,6,5184.403263125373,Mo-Di-Mi-Do-Fr-Sa
3,1.0,0.0,Amazon,30177,6,4295.3755099319715,Mo-Di-Mi-Do-Fr-Sa
3,1.0,0.0,Amazon,30179,6,4357.442561887894,Mo-Di-Mi-Do-Fr-Sa
3,1.0,0.0,Amazon,30419,6,8685.332684443236,Mo-Di-Mi-Do-Fr-Sa
3,1.0,0.0,Amazon,30449,6,6930.958642387422,Mo-Di-Mi-Do-Fr-Sa
3,1.0,0.0,Amazon,30453,6,4953.369950665476,Mo-Di-Mi-Do-Fr-Sa
3,1.0,0.0,Amazon,30455,6,4733.969914501729,Mo-Di-Mi-Do-Fr-Sa
3,1.0,0.0,Amazon,30457,6,4861.272760888753,Mo-Di-Mi-Do-Fr-Sa
3,1.0,0.0,Amazon,30459,6,4721.113690320388,Mo-Di-Mi-Do-Fr-Sa
3,1.0,0.0,Amazon,30519,6,7989.408733574742,Mo-Di-Mi-Do-Fr-Sa
3,1.0,0.0,Amazon,30539,6,5232.56483537078,Mo-Di-Mi-Do-Fr-Sa
3,1.0,0.0,Amazon,30559,6,7936.80103693811,Mo-Di-Mi-Do-Fr-Sa
3,1.0,0.0,Amazon,30625,6,4833.5787808117675,Mo-Di-Mi-Do-Fr-Sa
3,1.0,0.0,Amazon,30627,6,3579.2895236259706,Mo-Di-Mi-Do-Fr-Sa
3,1.0,0.0,Amazon,30629,6,4483.669440977608,Mo-Di-Mi-Do-Fr-Sa
3,1.0,0.0,Amazon,30655,6,5134.034576870573,Mo-Di-Mi-Do-Fr-Sa
3,1.0,0.0,Amazon,30657,6,5211.641795669652,Mo-Di-Mi-Do-Fr-Sa
3,1.0,0.0,Amazon,30659,6,4808.930135185106,Mo-Di-Mi-Do-Fr-Sa
3,1.0,0.0,Amazon,30823,6,5492.8333908221575,Mo-Di-Mi-Do-Fr-Sa
3,1.0,0.0,Amazon,30826,6,5309.400426435489,Mo-Di-Mi-Do-Fr-Sa
3,1.0,0.0,Amazon,30827,6,4406.282253025094,Mo-Di-Mi-Do-Fr-Sa
3,1.0,0.0,Amazon,30851,6,4461.2266132019995,Mo-Di-Mi-Do-Fr-Sa
3,1.0,0.0,Amazon,30853,6,4295.473522234693,Mo-Di-Mi-Do-Fr-Sa
3,1.0,0.0,Amazon,30855,6,16425.713131956443,Mo-Di-Mi-Do-Fr-Sa
3,1.0,0.0,Amazon,30880,6,10836.49486333059,Mo-Di-Mi-Do-Fr-Sa
3,1.0,0.0,Amazon,30890,6,9949.99293278101,Mo-Di-Mi-Do-Fr-Sa
3,1.0,0.0,Amazon,30900,6,11733.296749095527,Mo-Di-Mi-Do-Fr-Sa
3,1.0,0.0,Amazon,30916,6,9943.63733060065,Mo-Di-Mi-Do-Fr-Sa
3,1.0,0.0,Amazon,30926,6,8780.42111083368,Mo-Di-Mi-Do-Fr-Sa
3,1.0,0.0,Amazon,30938,6,8932.3523870359,Mo-Di-Mi-Do-Fr-Sa
3,1.0,0.0,Amazon,30952,6,6792.522249966714,Mo-Di-Mi-Do-Fr-Sa
3,1.0,0.0,Amazon,30966,6,6753.487289755222,Mo-Di-Mi-Do-Fr-Sa
3,1.0,0.0,Amazon,30974,6,5185.498167842292,Mo-Di-Mi-Do-Fr-Sa
3,1.0,0.0,Amazon,30982,6,5545.048582884666,Mo-Di-Mi-Do-Fr-Sa
3,1.0,0.0,Amazon,30989,6,5239.8327189564525,Mo-Di-Mi-Do-Fr-Sa
3,1.0,0.0,Amazon,31275,5,14010.89078534918,Mo-Di-Mi-Do-Fr
3,1.0,0.0,Amazon,31303,5,10288.396848109489,Mo-Di-Mi-Do-Sa
3,1.0,0.0,Amazon,31311,3,8614.657792049606,Mi-Fr-Sa
3,1.0,0.0,Amazon,31319,6,9006.598190484336,Mo-Di-Mi-Do-Fr-Sa
3,1.0,0.0,Amazon,31515,6,12109.355310297444,Mo-Di-Mi-Do-Fr-Sa
3,1.0,0.0,Amazon,31535,3,14580.484641553267,Mi-Fr-Sa
3,1.0,0.0,Amazon,31832,5,10608.670762463998,Mo-Di-Mi-Do-Sa
3,1.0,0.0,DHL,30159,6,21425.132453693925,Mo-Di-Mi-Do-Fr-Sa
3,1.0,0.0,DHL,30161,6,10896.842490106472,Mo-Di-Mi-Do-Fr-Sa
3,1.0,0.0,DHL,30163,6,9949.803363797471,Mo-Di-Mi-Do-Fr-Sa
3,1.0,0.0,DHL,30165,6,8802.876567972335,Mo-Di-Mi-Do-Fr-Sa
3,1.0,0.0,DHL,30167,6,13153.912834635783,Mo-Di-Mi-Do-Fr-Sa
3,1.0,0.0,DHL,30169,6,5443.510365830029,Mo-Di-Mi-Do-Fr-Sa
3,1.0,0.0,DHL,30173,6,9027.275959686367,Mo-Di-Mi-Do-Fr-Sa
3,1.0,0.0,DHL,30177,6,6801.611388745387,Mo-Di-Mi-Do-Fr-Sa
3,1.0,0.0,DHL,30179,6,7025.737693154014,Mo-Di-Mi-Do-Fr-Sa
3,1.0,0.0,DHL,30419,6,15488.762582133773,Mo-Di-Mi-Do-Fr-Sa
3,1.0,0.0,DHL,30449,6,7469.2241491514915,Mo-Di-Mi-Do-Fr-Sa
3,1.0,0.0,DHL,30453,6,8951.952033907073,Mo-Di-Mi-Do-Fr-Sa
3,1.0,0.0,DHL,30455,6,7533.4371442876145,Mo-Di-Mi-Do-Fr-Sa
3,1.0,0.0,DHL,30457,6,7270.894456096109,Mo-Di-Mi-Do-Fr-Sa
3,1.0,0.0,DHL,30459,6,6651.002162382179,Mo-Di-Mi-Do-Fr-Sa
3,1.0,0.0,DHL,30519,6,13272.168787294228,Mo-Di-Mi-Do-Fr-Sa
3,1.0,0.0,DHL,30539,6,9349.501232628127,Mo-Di-Mi-Do-Fr-Sa
3,1.0,0.0,DHL,30559,6,12373.65925832722,Mo-Di-Mi-Do-Fr-Sa
3,1.0,0.0,DHL,30625,6,8096.802842174482,Mo-Di-Mi-Do-Fr-Sa
3,1.0,0.0,DHL,30627,6,5606.363090833329,Mo-Di-Mi-Do-Fr-Sa
3,1.0,0.0,DHL,30629,6,6766.974846046077,Mo-Di-Mi-Do-Fr-Sa
3,1.0,0.0,DHL,30655,6,8869.786833512764,Mo-Di-Mi-Do-Fr-Sa
3,1.0,0.0,DHL,30657,6,9992.167827012736,Mo-Di-Mi-Do-Fr-Sa
3,1.0,0.0,DHL,30659,6,7898.329610710899,Mo-Di-Mi-Do-Fr-Sa
3,1.0,0.0,DHL,30823,6,10208.877886178407,Mo-Di-Mi-Do-Fr-Sa
3,1.0,0.0,DHL,30826,6,9412.56972551855,Mo-Di-Mi-Do-Fr-Sa
3,1.0,0.0,DHL,30827,6,8625.617953447312,Mo-Di-Mi-Do-Fr-Sa
3,1.0,0.0,DHL,30851,6,7140.564548697186,Mo-Di-Mi-Do-Fr-Sa
3,1.0,0.0,DHL,30853,6,7954.150022203881,Mo-Di-Mi-Do-Fr-Sa
3,1.0,0.0,DHL,30855,6,32552.34432866005,Mo-Di-Mi-Do-Fr-Sa
3,1.0,0.0,DHL,30880,6,18007.36898635567,Mo-Di-Mi-Do-Fr-Sa
3,1.0,0.0,DHL,30890,6,15947.754646399117,Mo-Di-Mi-Do-Fr-Sa
3,1.0,0.0,DHL,30900,6,18229.388928763692,Mo-Di-Mi-Do-Fr-Sa
3,1.0,0.0,DHL,30916,6,17734.269551035948,Mo-Di-Mi-Do-Fr-Sa
3,1.0,0.0,DHL,30926,6,14434.82758928225,Mo-Di-Mi-Do-Fr-Sa
3,1.0,0.0,DHL,30938,6,14554.779241554967,Mo-Di-Mi-Do-Fr-Sa
3,1.0,0.0,DHL,30952,6,11365.430112451975,Mo-Di-Mi-Do-Fr-Sa
3,1.0,0.0,DHL,30966,6,10624.352717702506,Mo-Di-Mi-Do-Fr-Sa
3,1.0,0.0,DHL,30974,6,7703.025014293544,Mo-Di-Mi-Do-Fr-Sa
3,1.0,0.0,DHL,30982,6,8234.46117714012,Mo-Di-Mi-Do-Fr-Sa
3,1.0,0.0,DHL,30989,6,8649.900505408892,Mo-Di-Mi-Do-Fr-Sa
3,1.0,0.0,DHL,31275,6,20741.197757085225,Mo-Di-Mi-Do-Fr-Sa
3,1.0,0.0,DHL,31303,6,13739.115623819012,Mo-Di-Mi-Do-Fr-Sa
3,1.0,0.0,DHL,31311,6,10648.959166588764,Mo-Di-Mi-Do-Fr-Sa
3,1.0,0.0,DHL,31319,6,12210.553941257438,Mo-Di-Mi-Do-Fr-Sa
3,1.0,0.0,DHL,31515,6,20814.204304395767,Mo-Di-Mi-Do-Fr-Sa
3,1.0,0.0,DHL,31535,6,21637.256139647427,Mo-Di-Mi-Do-Fr-Sa
3,1.0,0.0,DHL,31832,6,14443.460212265947,Mo-Di-Mi-Do-Fr-Sa
3,1.0,0.0,DPD,30159,6,6745.43642982665,Mo-Di-Mi-Do-Fr-Sa
3,1.0,0.0,DPD,30161,6,3572.3066172774998,Mo-Di-Mi-Do-Fr-Sa
3,1.0,0.0,DPD,30163,6,3334.016654677259,Mo-Di-Mi-Do-Fr-Sa
3,1.0,0.0,DPD,30165,6,3220.920457383544,Mo-Di-Mi-Do-Fr-Sa
3,1.0,0.0,DPD,30167,6,4575.293145375498,Mo-Di-Mi-Do-Fr-Sa
3,1.0,0.0,DPD,30173,6,3028.2905288174024,Mo-Di-Mi-Do-Fr-Sa
3,1.0,0.0,DPD,30177,6,2209.9404705919,Mo-Di-Mi-Do-Fr-Sa
3,1.0,0.0,DPD,30179,6,2456.3548464568607,Mo-Di-Mi-Do-Fr-Sa
3,1.0,0.0,DPD,30419,6,5265.1161318874765,Mo-Di-Mi-Do-Fr-Sa
3,1.0,0.0,DPD,30449,6,4228.42693330016,Mo-Di-Mi-Do-Fr-Sa
3,1.0,0.0,DPD,30453,6,3642.2344276936155,Mo-Di-Mi-Do-Fr-Sa
3,1.0,0.0,DPD,30455,6,3096.4884420991384,Mo-Di-Mi-Do-Fr-Sa
3,1.0,0.0,DPD,30457,6,3033.5474025044095,Mo-Di-Mi-Do-Fr-Sa
3,1.0,0.0,DPD,30459,6,2600.91439635438,Mo-Di-Mi-Do-Fr-Sa
3,1.0,0.0,DPD,30519,6,4320.607386569162,Mo-Di-Mi-Do-Fr-Sa
3,1.0,0.0,DPD,30539,6,3413.7063659864443,Mo-Di-Mi-Do-Fr-Sa
3,1.0,0.0,DPD,30559,6,3962.3984605122114,Mo-Di-Mi-Do-Fr-Sa
3,1.0,0.0,DPD,30625,6,2850.320934681696,Mo-Di-Mi-Do-Fr-Sa
3,1.0,0.0,DPD,30627,6,1702.8075328692416,Mo-Di-Mi-Do-Fr-Sa
3,1.0,0.0,DPD,30629,6,2022.2450338148715,Mo-Di-Mi-Do-Fr-Sa
3,1.0,0.0,DPD,30655,5,2960.589320727441,Mo-Di-Mi-Do-Sa
3,1.0,0.0,DPD,30657,6,3491.1799180397643,Mo-Di-Mi-Do-Fr-Sa
3,1.0,0.0,DPD,30659,6,2618.465789423123,Mo-Di-Mi-Do-Fr-Sa
3,1.0,0.0,DPD,30823,6,3865.0840833133775,Mo-Di-Mi-Do-Fr-Sa
3,1.0,0.0,DPD,30826,6,4450.281781439314,Mo-Di-Mi-Do-Fr-Sa
3,1.0,0.0,DPD,30827,6,3608.8593533036596,Mo-Di-Mi-Do-Fr-Sa
3,1.0,0.0,DPD,30851,6,2478.115916251141,Mo-Di-Mi-Do-Fr-Sa
3,1.0,0.0,DPD,30853,6,3139.9824024159293,Mo-Di-Mi-Do-Fr-Sa
3,1.0,0.0,DPD,30855,6,9902.157549572998,Mo-Di-Mi-Do-Fr-Sa
3,1.0,0.0,DPD,30880,6,5724.1369426636065,Mo-Di-Mi-Do-Fr-Sa
3,1.0,0.0,DPD,30890,6,7366.859287260241,Mo-Di-Mi-Do-Fr-Sa
3,1.0,0.0,DPD,30900,3,7899.609064520174,Di-Do-Fr
3,1.0,0.0,DPD,30916,6,5461.8560724360295,Mo-Di-Mi-Do-Fr-Sa
3,1.0,0.0,DPD,30926,3,6554.51545291052,Mo-Di-Fr
3,1.0,0.0,DPD,30938,4,5369.38687527273,Mo-Di-Mi-Sa
3,1.0,0.0,DPD,30952,4,4554.6105316618805,Di-Mi-Do-Sa
3,1.0,0.0,DPD,30966,6,4113.820061245529,Mo-Di-Mi-Do-Fr-Sa
3,1.0,0.0,DPD,30974,4,3895.4219168332243,Mo-Di-Mi-Do
3,1.0,0.0,DPD,30982,3,3827.1823004014373,Mo-Di-Fr
3,1.0,0.0,DPD,30989,6,3946.0731716166256,Mo-Di-Mi-Do-Fr-Sa
3,1.0,0.0,DPD,31275,6,6769.754123240408,Mo-Di-Mi-Do-Fr-Sa
3,1.0,0.0,DPD,31303,4,5381.7346655244955,Mi-Do-Fr-Sa
3,1.0,0.0,DPD,31311,6,5057.5443785598,Mo-Di-Mi-Do-Fr-Sa
3,1.0,0.0,DPD,31319,6,4322.920564726374,Mo-Di-Mi-Do-Fr-Sa
3,1.0,0.0,DPD,31515,4,8510.64308573366,Mo-Mi-Do-Fr
3,1.0,0.0,DPD,31535,3,10445.230487214772,Mo-Mi-Sa
3,1.0,0.0,DPD,31832,6,6946.620478408022,Mo-Di-Mi-Do-Fr-Sa
3,1.0,0.0,FedEx,30159,6,12718.231786828019,Mo-Di-Mi-Do-Fr-Sa
3,1.0,0.0,FedEx,30161,6,5117.62082484508,Mo-Di-Mi-Do-Fr-Sa
3,1.0,0.0,FedEx,30163,6,7975.018302233126,Mo-Di-Mi-Do-Fr-Sa
3,1.0,0.0,FedEx,30167,6,5034.453120713282,Mo-Di-Mi-Do-Fr-Sa
3,1.0,0.0,FedEx,30419,6,3180.1259661691156,Mo-Di-Mi-Do-Fr-Sa
3,1.0,0.0,FedEx,30449,6,5070.480072832069,Mo-Di-Mi-Do-Fr-Sa
3,1.0,0.0,FedEx,30453,6,3293.4750889307907,Mo-Di-Mi-Do-Fr-Sa
3,1.0,0.0,FedEx,30455,6,1946.7438791667537,Mo-Di-Mi-Do-Fr-Sa
3,1.0,0.0,FedEx,30457,6,2044.72202905335,Mo-Di-Mi-Do-Fr-Sa
3,1.0,0.0,FedEx,30519,6,4212.967113206203,Mo-Di-Mi-Do-Fr-Sa
3,1.0,0.0,FedEx,30539,6,4152.305372826759,Mo-Di-Mi-Do-Fr-Sa
3,1.0,0.0,FedEx,30559,3,5276.379358775706,Mo-Di-Do
3,1.0,0.0,FedEx,30625,6,3793.496546922467,Mo-Di-Mi-Do-Fr-Sa
3,1.0,0.0,FedEx,30655,6,3433.7185775447538,Mo-Di-Mi-Do-Fr-Sa
3,1.0,0.0,FedEx,30657,6,4470.593996761694,Mo-Di-Mi-Do-Fr-Sa
3,1.0,0.0,FedEx,30823,6,1961.9849632795315,Mo-Di-Mi-Do-Fr-Sa
3,1.0,0.0,FedEx,30827,6,4096.161855811475,Mo-Di-Mi-Do-Fr-Sa
3,1.0,0.0,FedEx,30853,6,4453.819539562914,Mo-Di-Mi-Do-Fr-Sa
3,1.0,0.0,FedEx,30855,6,11312.376813579114,Mo-Di-Mi-Do-Fr-Sa
3,1.0,0.0,FedEx,30880,6,5741.552839090982,Mo-Di-Mi-Do-Fr-Sa
3,1.0,0.0,FedEx,30890,4,3997.4207828204903,Mo-Mi-Do-Sa
3,1.0,0.0,FedEx,30900,3,4633.435151262636,Mi-Do-Sa
3,1.0,0.0,FedEx,30916,6,5240.3696223713005,Mo-Di-Mi-Do-Fr-Sa
3,1.0,0.0,FedEx,30926,6,3401.7660373946965,Mo-Di-Mi-Do-Fr-Sa
3,1.0,0.0,FedEx,30938,6,5545.461756733482,Mo-Di-Mi-Do-Fr-Sa
3,1.0,0.0,FedEx,30952,3,2759.5327759411944,Mo-Do-Fr
3,1.0,0.0,FedEx,30966,3,2486.8210719816907,Mo-Mi-Sa
3,1.0,0.0,FedEx,30974,3,2389.98736404369,Di-Do-Sa
3,1.0,0.0,FedEx,30982,6,2379.2604748942445,Mo-Di-Mi-Do-Fr-Sa
3,1.0,0.0,FedEx,30989,6,2431.4853535221046,Mo-Di-Mi-Do-Fr-Sa
3,1.0,0.0,FedEx,31275,6,5124.1511973038305,Mo-Di-Mi-Do-Fr-Sa
3,1.0,0.0,FedEx,31303,4,4118.7087326379615,Di-Mi-Do-Fr
3,1.0,0.0,FedEx,31311,6,2818.577694291381,Mo-Di-Mi-Do-Fr-Sa
3,1.0,0.0,FedEx,31319,6,2899.0915841222704,Mo-Di-Mi-Do-Fr-Sa
3,1.0,0.0,FedEx,31515,6,5042.452261301043,Mo-Di-Mi-Do-Fr-Sa
3,1.0,0.0,FedEx,31535,6,6096.402065541078,Mo-Di-Mi-Do-Fr-Sa
3,1.0,0.0,FedEx,31832,4,4577.646199491643,Mo-Di-Mi-Do
3,1.0,0.0,GLS,30159,4,4640.8279168043755,Mo-Di-Mi-Sa
3,1.0,0.0,GLS,30161,6,2986.081313787293,Mo-Di-Mi-Do-Fr-Sa
3,1.0,0.0,GLS,30163,6,4573.00549257944,Mo-Di-Mi-Do-Fr-Sa
3,1.0,0.0,GLS,30165,6,2405.2247120162715,Mo-Di-Mi-Do-Fr-Sa
3,1.0,0.0,GLS,30167,6,3599.9610348639785,Mo-Di-Mi-Do-Fr-Sa
3,1.0,0.0,GLS,30173,6,2467.3206708480106,Mo-Di-Mi-Do-Fr-Sa
3,1.0,0.0,GLS,30179,6,2030.2594095239801,Mo-Di-Mi-Do-Fr-Sa
3,1.0,0.0,GLS,30419,6,4965.41823609136,Mo-Di-Mi-Do-Fr-Sa
3,1.0,0.0,GLS,30449,3,3618.5507473987927,Mi-Fr-Sa
3,1.0,0.0,GLS,30453,6,3220.8486215837556,Mo-Di-Mi-Do-Fr-Sa
3,1.0,0.0,GLS,30455,6,2710.1642671316163,Mo-Di-Mi-Do-Fr-Sa
3,1.0,0.0,GLS,30457,6,2439.5045011125458,Mo-Di-Mi-Do-Fr-Sa
3,1.0,0.0,GLS,30459,6,1876.236727895414,Mo-Di-Mi-Do-Fr-Sa
3,1.0,0.0,GLS,30519,6,3552.9135868219814,Mo-Di-Mi-Do-Fr-Sa
3,1.0,0.0,GLS,30539,6,2447.219634346096,Mo-Di-Mi-Do-Fr-Sa
3,1.0,0.0,GLS,30559,6,3755.0680366461006,Mo-Di-Mi-Do-Fr-Sa
3,1.0,0.0,GLS,30625,6,2210.8683733501316,Mo-Di-Mi-Do-Fr-Sa
3,1.0,0.0,GLS,30627,6,1794.681684046207,Mo-Di-Mi-Do-Fr-Sa
3,1.0,0.0,GLS,30629,6,2094.2697610443015,Mo-Di-Mi-Do-Fr-Sa
3,1.0,0.0,GLS,30655,6,3084.925174317692,Mo-Di-Mi-Do-Fr-Sa
3,1.0,0.0,GLS,30657,6,2844.2755580556222,Mo-Di-Mi-Do-Fr-Sa
3,1.0,0.0,GLS,30659,6,2165.5626302364476,Mo-Di-Mi-Do-Fr-Sa
3,1.0,0.0,GLS,30823,6,3924.3738476586004,Mo-Di-Mi-Do-Fr-Sa
3,1.0,0.0,GLS,30826,4,4444.846376274297,Mo-Di-Mi-Do
3,1.0,0.0,GLS,30827,6,3074.664687517894,Mo-Di-Mi-Do-Fr-Sa
3,1.0,0.0,GLS,30851,6,2097.4205946859483,Mo-Di-Mi-Do-Fr-Sa
3,1.0,0.0,GLS,30853,6,2190.0844891648285,Mo-Di-Mi-Do-Fr-Sa
3,1.0,0.0,GLS,30855,6,7965.715090235543,Mo-Di-Mi-Do-Fr-Sa
3,1.0,0.0,GLS,30880,6,4410.166219280911,Mo-Di-Mi-Do-Fr-Sa
3,1.0,0.0,GLS,30890,4,6968.202688918755,Mi-Do-Fr-Sa
3,1.0,0.0,GLS,30900,6,7362.540240615051,Mo-Di-Mi-Do-Fr-Sa
3,1.0,0.0,GLS,30916,6,4763.202136413941,Mo-Di-Mi-Do-Fr-Sa
3,1.0,0.0,GLS,30926,3,5229.52631366804,Di-Mi-Fr
3,1.0,0.0,GLS,30938,3,5966.028196683037,Di-Mi-Fr
3,1.0,0.0,GLS,30952,6,4042.14874679477,Mo-Di-Mi-Do-Fr-Sa
3,1.0,0.0,GLS,30966,6,3507.0096481155524,Mo-Di-Mi-Do-Fr-Sa
3,1.0,0.0,GLS,30974,6,2912.392838204481,Mo-Di-Mi-Do-Fr-Sa
3,1.0,0.0,GLS,30982,6,2738.200143049824,Mo-Di-Mi-Do-Fr-Sa
3,1.0,0.0,GLS,30989,6,2798.376100761728,Mo-Di-Mi-Do-Fr-Sa
3,1.0,0.0,GLS,31275,3,6976.065105573762,Mo-Di-Do
3,1.0,0.0,GLS,31303,4,5969.278105946598,Mo-Do-Fr-Sa
3,1.0,0.0,GLS,31311,6,4948.797517087573,Mo-Di-Mi-Do-Fr-Sa
3,1.0,0.0,GLS,31319,6,4180.379543747179,Mo-Di-Mi-Do-Fr-Sa
3,1.0,0.0,GLS,31515,6,8256.921895152971,Mo-Di-Mi-Do-Fr-Sa
3,1.0,0.0,GLS,31535,2,10485.15511129278,Mi-Sa
3,1.0,0.0,GLS,31832,6,5063.723709467103,Mo-Di-Mi-Do-Fr-Sa
3,1.0,0.0,Hermes,30159,6,5733.224620250021,Mo-Di-Mi-Do-Fr-Sa
3,1.0,0.0,Hermes,30161,6,3199.481172195214,Mo-Di-Mi-Do-Fr-Sa
3,1.0,0.0,Hermes,30163,6,3149.747408424128,Mo-Di-Mi-Do-Fr-Sa
3,1.0,0.0,Hermes,30165,6,3068.6506500487,Mo-Di-Mi-Do-Fr-Sa
3,1.0,0.0,Hermes,30167,6,4191.407588044548,Mo-Di-Mi-Do-Fr-Sa
3,1.0,0.0,Hermes,30173,6,3381.0704854709033,Mo-Di-Mi-Do-Fr-Sa
3,1.0,0.0,Hermes,30177,6,2890.100281124943,Mo-Di-Mi-Do-Fr-Sa
3,1.0,0.0,Hermes,30179,6,2910.160615852085,Mo-Di-Mi-Do-Fr-Sa
3,1.0,0.0,Hermes,30419,6,5349.858727332469,Mo-Di-Mi-Do-Fr-Sa
3,1.0,0.0,Hermes,30449,6,4242.570999862953,Mo-Di-Mi-Do-Fr-Sa
3,1.0,0.0,Hermes,30453,6,3492.5973865174465,Mo-Di-Mi-Do-Fr-Sa
3,1.0,0.0,Hermes,30455,6,3483.007050591635,Mo-Di-Mi-Do-Fr-Sa
3,1.0,0.0,Hermes,30457,6,3569.233546071827,Mo-Di-Mi-Do-Fr-Sa
3,1.0,0.0,Hermes,30459,6,3465.6139132677736,Mo-Di-Mi-Do-Fr-Sa
3,1.0,0.0,Hermes,30519,6,5059.54869015822,Mo-Di-Mi-Do-Fr-Sa
3,1.0,0.0,Hermes,30539,6,3645.27178816927,Mo-Di-Mi-Do-Fr-Sa
3,1.0,0.0,Hermes,30559,6,5354.545180144074,Mo-Di-Mi-Do-Fr-Sa
3,1.0,0.0,Hermes,30625,6,3273.024738869934,Mo-Di-Mi-Do-Fr-Sa
3,1.0,0.0,Hermes,30627,6,1800.235438802243,Mo-Di-Mi-Do-Fr-Sa
3,1.0,0.0,Hermes,30629,6,3350.386872776183,Mo-Di-Mi-Do-Fr-Sa
3,1.0,0.0,Hermes,30655,6,3431.0171455734962,Mo-Di-Mi-Do-Fr-Sa
3,1.0,0.0,Hermes,30657,6,3111.094528158594,Mo-Di-Mi-Do-Fr-Sa
3,1.0,0.0,Hermes,30659,6,3309.038695730729,Mo-Di-Mi-Do-Fr-Sa
3,1.0,0.0,Hermes,30823,6,3990.3024874652046,Mo-Di-Mi-Do-Fr-Sa
3,1.0,0.0,Hermes,30826,6,4128.411311124519,Mo-Di-Mi-Do-Fr-Sa
3,1.0,0.0,Hermes,30827,6,3094.2868268624684,Mo-Di-Mi-Do-Fr-Sa
3,1.0,0.0,Hermes,30851,6,2771.6415924617286,Mo-Di-Mi-Do-Fr-Sa
3,1.0,0.0,Hermes,30853,6,2517.942276990752,Mo-Di-Mi-Do-Fr-Sa
3,1.0,0.0,Hermes,30855,6,8779.652974651703,Mo-Di-Mi-Do-Fr-Sa
3,1.0,0.0,Hermes,30880,6,6557.610295895224,Mo-Di-Mi-Do-Fr-Sa
3,1.0,0.0,Hermes,30890,4,7805.9275719449215,Mo-Di-Fr-Sa
3,1.0,0.0,Hermes,30900,4,7214.049710811739,Mo-Di-Do-Fr
3,1.0,0.0,Hermes,30916,6,5828.192709584215,Mo-Di-Mi-Do-Fr-Sa
3,1.0,0.0,Hermes,30926,6,6011.173799751178,Mo-Di-Mi-Do-Fr-Sa
3,1.0,0.0,Hermes,30938,6,5828.804691204429,Mo-Di-Mi-Do-Fr-Sa
3,1.0,0.0,Hermes,30952,6,4970.456535421607,Mo-Di-Mi-Do-Fr-Sa
3,1.0,0.0,Hermes,30966,6,4366.584680259732,Mo-Di-Mi-Do-Fr-Sa
3,1.0,0.0,Hermes,30974,6,4410.144825608362,Mo-Di-Mi-Do-Fr-Sa
3,1.0,0.0,Hermes,30982,5,4426.570179382065,Mo-Di-Mi-Do-Fr
3,1.0,0.0,Hermes,30989,6,4157.952995024617,Mo-Di-Mi-Do-Fr-Sa
3,1.0,0.0,Hermes,31275,5,9026.585001073234,Mo-Di-Mi-Fr-Sa
3,1.0,0.0,Hermes,31303,4,7241.77815874162,Mo-Do-Fr-Sa
3,1.0,0.0,Hermes,31311,3,6890.503183739214,Di-Mi-Sa
3,1.0,0.0,Hermes,31319,6,7188.758708235467,Mo-Di-Mi-Do-Fr-Sa
3,1.0,0.0,Hermes,31515,4,8763.309763158355,Mo-Do-Fr-Sa
3,1.0,0.0,Hermes,31535,2,10756.844071559704,Mi-Sa
3,1.0,0.0,Hermes,31832,3,8382.154012315681,Mo-Di-Do
3,1.0,0.0,UPS,30159,6,14317.480235229965,Mo-Di-Mi-Do-Fr-Sa
3,1.0,0.0,UPS,30161,6,5890.635111592997,Mo-Di-Mi-Do-Fr-Sa
3,1.0,0.0,UPS,30163,6,6349.944745490952,Mo-Di-Mi-Do-Fr-Sa
3,1.0,0.0,UPS,30165,6,3734.612092283068,Mo-Di-Mi-Do-Fr-Sa
3,1.0,0.0,UPS,30167,6,5814.4595762356885,Mo-Di-Mi-Do-Fr-Sa
3,1.0,0.0,UPS,30419,6,3394.8772470909635,Mo-Di-Mi-Do-Fr-Sa
3,1.0,0.0,UPS,30449,3,6674.182899507537,Mo-Di-Do
3,1.0,0.0,UPS,30453,6,3351.1237228460413,Mo-Di-Mi-Do-Fr-Sa
3,1.0,0.0,UPS,30455,6,1996.1301130016752,Mo-Di-Mi-Do-Fr-Sa
3,1.0,0.0,UPS,30457,6,2082.9256820867663,Mo-Di-Mi-Do-Fr-Sa
3,1.0,0.0,UPS,30519,6,4973.9315352734,Mo-Di-Mi-Do-Fr-Sa
3,1.0,0.0,UPS,30539,6,4485.850061676111,Mo-Di-Mi-Do-Fr-Sa
3,1.0,0.0,UPS,30559,6,4939.1329806155645,Mo-Di-Mi-Do-Fr-Sa
3,1.0,0.0,UPS,30625,6,4339.667231631438,Mo-Di-Mi-Do-Fr-Sa
3,1.0,0.0,UPS,30655,6,2094.0257327831955,Mo-Di-Mi-Do-Fr-Sa
3,1.0,0.0,UPS,30657,6,4716.19795217861,Mo-Di-Mi-Do-Fr-Sa
3,1.0,0.0,UPS,30659,6,3619.59971665554,Mo-Di-Mi-Do-Fr-Sa
3,1.0,0.0,UPS,30823,5,3047.622098231964,Di-Mi-Do-Fr-Sa
3,1.0,0.0,UPS,30826,6,2042.7216152816727,Mo-Di-Mi-Do-Fr-Sa
3,1.0,0.0,UPS,30827,6,3318.772929682461,Mo-Di-Mi-Do-Fr-Sa
3,1.0,0.0,UPS,30853,6,4528.522142755246,Mo-Di-Mi-Do-Fr-Sa
3,1.0,0.0,UPS,30855,6,12308.304707064348,Mo-Di-Mi-Do-Fr-Sa
3,1.0,0.0,UPS,30880,6,6984.527492927398,Mo-Di-Mi-Do-Fr-Sa
3,1.0,0.0,UPS,30890,6,4599.930410969343,Mo-Di-Mi-Do-Fr-Sa
3,1.0,0.0,UPS,30900,6,5015.522672116011,Mo-Di-Mi-Do-Fr-Sa
3,1.0,0.0,UPS,30916,6,5894.597782277826,Mo-Di-Mi-Do-Fr-Sa
3,1.0,0.0,UPS,30926,3,3978.53589043266,Mo-Di-Fr
3,1.0,0.0,UPS,30938,6,5900.509623828604,Mo-Di-Mi-Do-Fr-Sa
3,1.0,0.0,UPS,30952,6,3623.86551862089,Mo-Di-Mi-Do-Fr-Sa
3,1.0,0.0,UPS,30966,6,3458.283671063921,Mo-Di-Mi-Do-Fr-Sa
3,1.0,0.0,UPS,30974,6,2944.0941408457325,Mo-Di-Mi-Do-Fr-Sa
3,1.0,0.0,UPS,30982,6,3021.3027147961793,Mo-Di-Mi-Do-Fr-Sa
3,1.0,0.0,UPS,30989,6,3076.746244653496,Mo-Di-Mi-Do-Fr-Sa
3,1.0,0.0,UPS,31275,6,6655.257075966285,Mo-Di-Mi-Do-Fr-Sa
3,1.0,0.0,UPS,31303,6,4510.316706152553,Mo-Di-Mi-Do-Fr-Sa
3,1.0,0.0,UPS,31311,4,4371.033929802785,Di-Mi-Do-Fr
3,1.0,0.0,UPS,31319,3,3620.0013358882434,Mo-Di-Do
3,1.0,0.0,UPS,31515,6,6735.40640345356,Mo-Di-Mi-Do-Fr-Sa
3,1.0,0.0,UPS,31535,5,7611.054912924025,Di-Mi-Do-Fr-Sa
3,1.0,0.0,UPS,31832,4,5104.43459217546,Mo-Di-Mi-Sa
