penalty,share_willing,provider,hub,day,fleet_before,fleet_after
0.0,0.0,DHL,Brief- und Logistikzentrum in Pattensen (Hannover),0,26.0,26.0
0.0,0.0,DHL,Brief- und Logistikzentrum in Pattensen (Hannover),1,27.0,27.0
0.0,0.0,DHL,Brief- und Logistikzentrum in Pattensen (Hannover),2,28.0,28.0
0.0,0.0,DHL,Brief- und Logistikzentrum in Pattensen (Hannover),3,27.0,27.0
0.0,0.0,DHL,Brief- und Logistikzentrum in Pattensen (Hannover),4,24.0,24.0
0.0,0.0,DHL,Brief- und Logistikzentrum in Pattensen (Hannover),5,18.0,18.0
0.0,0.0,DHL,"Deutsche Post, Bantorf",0,10.0,10.0
0.0,0.0,DHL,"Deutsche Post, Bantorf",1,11.0,11.0
0.0,0.0,DHL,"Deutsche Post, Bantorf",2,13.0,13.0
0.0,0.0,DHL,"Deutsche Post, Bantorf",3,12.0,12.0
0.0,0.0,DHL,"Deutsche Post, Bantorf",4,10.0,10.0
0.0,0.0,DHL,"Deutsche Post, Bantorf",5,8.0,8.0
0.0,0.0,DHL,"Deutsche Post, Bissendorf",0,44.0,44.0
0.0,0.0,DHL,"Deutsche Post, Bissendorf",1,48.0,48.0
0.0,0.0,DHL,"Deutsche Post, Bissendorf",2,53.0,53.0
0.0,0.0,DHL,"Deutsche Post, Bissendorf",3,49.0,49.0
0.0,0.0,DHL,"Deutsche Post, Bissendorf",4,41.0,41.0
0.0,0.0,DHL,"Deutsche Post, Bissendorf",5,32.0,32.0
0.0,0.0,DHL,"Deutsche Post, Burgdorf",0,10.0,10.0
0.0,0.0,DHL,"Deutsche Post, Burgdorf",1,10.0,10.0
0.0,0.0,DHL,"Deutsche Post, Burgdorf",2,12.0,12.0
0.0,0.0,DHL,"Deutsche Post, Burgdorf",3,11.0,11.0
0.0,0.0,DHL,"Deutsche Post, Burgdorf",4,9.0,9.0
0.0,0.0,DHL,"Deutsche Post, Burgdorf",5,7.0,7.0
0.0,0.0,DHL,"Deutsche Post, Garbsen",0,12.0,12.0
0.0,0.0,DHL,"Deutsche Post, Garbsen",1,13.0,13.0
0.0,0.0,DHL,"Deutsche Post, Garbsen",2,15.0,15.0
0.0,0.0,DHL,"Deutsche Post, Garbsen",3,15.0,15.0
0.0,0.0,DHL,"Deutsche Post, Garbsen",4,12.0,12.0
0.0,0.0,DHL,"Deutsche Post, Garbsen",5,10.0,10.0
0.0,0.0,DHL,"Deutsche Post, Lehrte",0,14.0,14.0
0.0,0.0,DHL,"Deutsche Post, Lehrte",1,15.0,15.0
0.0,0.0,DHL,"Deutsche Post, Lehrte",2,17.0,17.0
0.0,0.0,DHL,"Deutsche Post, Lehrte",3,15.0,15.0
0.0,0.0,DHL,"Deutsche Post, Lehrte",4,13.0,13.0
0.0,0.0,DHL,"Deutsche Post, Lehrte",5,10.0,10.0
0.0,0.0,DHL,"Deutsche Post, Neustadt",0,13.0,13.0
0.0,0.0,DHL,"Deutsche Post, Neustadt",1,15.0,15.0
0.0,0.0,DHL,"Deutsche Post, Neustadt",2,16.0,16.0
0.0,0.0,DHL,"Deutsche Post, Neustadt",3,15.0,15.0
0.0,0.0,DHL,"Deutsche Post, Neustadt",4,13.0,13.0
0.0,0.0,DHL,"Deutsche Post, Neustadt",5,10.0,10.0
0.0,0.0,DHL,"Deutsche Post, Springe",0,9.0,9.0
0.0,0.0,DHL,"Deutsche Post, Springe",1,9.0,9.0
0.0,0.0,DHL,"Deutsche Post, Springe",2,11.0,11.0
0.0,0.0,DHL,"Deutsche Post, Springe",3,10.0,10.0
0.0,0.0,DHL,"Deutsche Post, Springe",4,9.0,9.0
0.0,0.0,DHL,"Deutsche Post, Springe",5,7.0,7.0
0.0,0.0,DHL,"Deutsche Post, Wunstorf",0,15.0,15.0
0.0,0.0,DHL,"Deutsche Post, Wunstorf",1,15.0,15.0
0.0,0.0,DHL,"Deutsche Post, Wunstorf",2,16.0,16.0
0.0,0.0,DHL,"Deutsche Post, Wunstorf",3,16.0,16.0
0.0,0.0,DHL,"Deutsche Post, Wunstorf",4,14.0,14.0
0.0,0.0,DHL,"Deutsche Post, Wunstorf",5,11.0,11.0
0.0,0.0,DHL,Dummy Seelze,0,17.0,17.0
0.0,0.0,DHL,Dummy Seelze,1,19.0,19.0
0.0,0.0,DHL,Dummy Seelze,2,21.0,21.0
0.0,0.0,DHL,Dummy Seelze,3,20.0,20.0
0.0,0.0,DHL,Dummy Seelze,4,17.0,17.0
0.0,0.0,DHL,Dummy Seelze,5,13.0,13.0
0.0,0.0,DHL,Dummy Sehnde,0,9.0,9.0
0.0,0.0,DHL,Dummy Sehnde,1,9.0,9.0
0.0,0.0,DHL,Dummy Sehnde,2,10.0,10.0
0.0,0.0,DHL,Dummy Sehnde,3,9.0,9.0
0.0,0.0,DHL,Dummy Sehnde,4,8.0,8.0
0.0,0.0,DHL,Dummy Sehnde,5,6.0,6.0
0.0,0.0,DHL,Dummy Uetze,0,7.0,7.0
0.0,0.0,DHL,Dummy Uetze,1,7.0,7.0
0.0,0.0,DHL,Dummy Uetze,2,7.0,7.0
0.0,0.0,DHL,Dummy Uetze,3,8.0,8.0
0.0,0.0,DHL,Dummy Uetze,4,6.0,6.0
0.0,0.0,DHL,Dummy Uetze,5,5.0,5.0
0.0,0.0,DHL,Dummy Wennigsen,0,11.0,11.0
0.0,0.0,DHL,Dummy Wennigsen,1,12.0,12.0
0.0,0.0,DHL,Dummy Wennigsen,2,12.0,12.0
0.0,0.0,DHL,Dummy Wennigsen,3,12.0,12.0
0.0,0.0,DHL,Dummy Wennigsen,4,10.0,10.0
0.0,0.0,DHL,Dummy Wennigsen,5,8.0,8.0
0.0,0.0,DHL,Paketzentrum / Zustellbasis Anderten,0,40.0,40.0
0.0,0.0,DHL,Paketzentrum / Zustellbasis Anderten,1,44.0,44.0
0.0,0.0,DHL,Paketzentrum / Zustellbasis Anderten,2,47.0,47.0
0.0,0.0,DHL,Paketzentrum / Zustellbasis Anderten,3,44.0,44.0
0.0,0.0,DHL,Paketzentrum / Zustellbasis Anderten,4,39.0,39.0
0.0,0.0,DHL,Paketzentrum / Zustellbasis Anderten,5,31.0,31.0
0.0,0.0,DHL,Zustellbasis Hannover am Güterbahnhof,0,102.0,102.0
0.0,0.0,DHL,Zustellbasis Hannover am Güterbahnhof,1,107.0,107.0
0.0,0.0,DHL,Zustellbasis Hannover am Güterbahnhof,2,122.0,122.0
0.0,0.0,DHL,Zustellbasis Hannover am Güterbahnhof,3,115.0,115.0
0.0,0.0,DHL,Zustellbasis Hannover am Güterbahnhof,4,97.0,97.0
0.0,0.0,DHL,Zustellbasis Hannover am Güterbahnhof,5,75.0,75.0
0.0,0.0,DHL,Zustellbasis Hannover-Süd,0,55.0,55.0
0.0,0.0,DHL,Zustellbasis Hannover-Süd,1,58.0,58.0
0.0,0.0,DHL,Zustellbasis Hannover-Süd,2,67.0,67.0
0.0,0.0,DHL,Zustellbasis Hannover-Süd,3,64.0,64.0
0.0,0.0,DHL,Zustellbasis Hannover-Süd,4,52.0,52.0
0.0,0.0,DHL,Zustellbasis Hannover-Süd,5,41.0,41.0
0.0,0.0,Amazon,Amazon Logistics HAJ8 in Garbsen,0,189.0,189.0
0.0,0.0,Amazon,Amazon Logistics HAJ8 in Garbsen,1,200.0,200.0
0.0,0.0,Amazon,Amazon Logistics HAJ8 in Garbsen,2,217.0,217.0
0.0,0.0,Amazon,Amazon Logistics HAJ8 in Garbsen,3,209.0,209.0
0.0,0.0,Amazon,Amazon Logistics HAJ8 in Garbsen,4,176.0,176.0
0.0,0.0,Amazon,Amazon Logistics HAJ8 in Garbsen,5,138.0,138.0
0.0,0.0,DPD,DPD Paketzentrum in Lehrte,0,93.0,93.0
0.0,0.0,DPD,DPD Paketzentrum in Lehrte,1,104.0,104.0
0.0,0.0,DPD,DPD Paketzentrum in Lehrte,2,118.0,118.0
0.0,0.0,DPD,DPD Paketzentrum in Lehrte,3,111.0,111.0
0.0,0.0,DPD,DPD Paketzentrum in Lehrte,4,90.0,90.0
0.0,0.0,DPD,DPD Paketzentrum in Lehrte,5,72.0,72.0
0.0,0.0,FedEx,FedEx Station - Heinz-Peter-Piper Str.,0,84.0,84.0
0.0,0.0,FedEx,FedEx Station - Heinz-Peter-Piper Str.,1,86.0,86.0
0.0,0.0,FedEx,FedEx Station - Heinz-Peter-Piper Str.,2,97.0,97.0
0.0,0.0,FedEx,FedEx Station - Heinz-Peter-Piper Str.,3,91.0,91.0
0.0,0.0,FedEx,FedEx Station - Heinz-Peter-Piper Str.,4,82.0,82.0
0.0,0.0,FedEx,FedEx Station - Heinz-Peter-Piper Str.,5,66.0,66.0
0.0,0.0,GLS,GLS in Hannover Laatzen,0,82.0,82.0
0.0,0.0,GLS,GLS in Hannover Laatzen,1,83.0,83.0
0.0,0.0,GLS,GLS in Hannover Laatzen,2,95.0,95.0
0.0,0.0,GLS,GLS in Hannover Laatzen,3,91.0,91.0
0.0,0.0,GLS,GLS in Hannover Laatzen,4,76.0,76.0
0.0,0.0,GLS,GLS in Hannover Laatzen,5,65.0,65.0
0.0,0.0,Hermes,Hermes LC Hannover Langenhagen,0,116.0,116.0
0.0,0.0,Hermes,Hermes LC Hannover Langenhagen,1,120.0,120.0
0.0,0.0,Hermes,Hermes LC Hannover Langenhagen,2,127.0,127.0
0.0,0.0,Hermes,Hermes LC Hannover Langenhagen,3,123.0,123.0
0.0,0.0,Hermes,Hermes LC Hannover Langenhagen,4,112.0,112.0
0.0,0.0,Hermes,Hermes LC Hannover Langenhagen,5,83.0,83.0
0.0,0.0,UPS,UPS Depot Hannover,0,100.0,100.0
0.0,0.0,UPS,UPS Depot Hannover,1,108.0,108.0
0.0,0.0,UPS,UPS Depot Hannover,2,118.0,118.0
0.0,0.0,UPS,UPS Depot Hannover,3,114.0,114.0
0.0,0.0,UPS,UPS Depot Hannover,4,95.0,95.0
0.0,0.0,UPS,UPS Depot Hannover,5,78.0,78.0
0.0,0.1,DHL,Brief- und Logistikzentrum in Pattensen (Hannover),0,26.0,26.0
0.0,0.1,DHL,Brief- und Logistikzentrum in Pattensen (Hannover),1,26.0,26.0
0.0,0.1,DHL,Brief- und Logistikzentrum in Pattensen (Hannover),2,28.0,28.0
0.0,0.1,DHL,Brief- und Logistikzentrum in Pattensen (Hannover),3,25.0,25.0
0.0,0.1,DHL,Brief- und Logistikzentrum in Pattensen (Hannover),4,25.0,25.0
0.0,0.1,DHL,Brief- und Logistikzentrum in Pattensen (Hannover),5,17.0,17.0
0.0,0.1,DHL,"Deutsche Post, Bantorf",0,10.0,10.0
0.0,0.1,DHL,"Deutsche Post, Bantorf",1,11.0,11.0
0.0,0.1,DHL,"Deutsche Post, Bantorf",2,13.0,13.0
0.0,0.1,DHL,"Deutsche Post, Bantorf",3,12.0,12.0
0.0,0.1,DHL,"Deutsche Post, Bantorf",4,10.0,10.0
0.0,0.1,DHL,"Deutsche Post, Bantorf",5,8.0,8.0
0.0,0.1,DHL,"Deutsche Post, Bissendorf",0,43.0,43.0
0.0,0.1,DHL,"Deutsche Post, Bissendorf",1,48.0,48.0
0.0,0.1,DHL,"Deutsche Post, Bissendorf",2,53.0,53.0
0.0,0.1,DHL,"Deutsche Post, Bissendorf",3,49.0,49.0
0.0,0.1,DHL,"Deutsche Post, Bissendorf",4,41.0,41.0
0.0,0.1,DHL,"Deutsche Post, Bissendorf",5,32.0,32.0
0.0,0.1,DHL,"Deutsche Post, Burgdorf",0,10.0,10.0
0.0,0.1,DHL,"Deutsche Post, Burgdorf",1,10.0,10.0
0.0,0.1,DHL,"Deutsche Post, Burgdorf",2,12.0,12.0
0.0,0.1,DHL,"Deutsche Post, Burgdorf",3,11.0,11.0
0.0,0.1,DHL,"Deutsche Post, Burgdorf",4,9.0,9.0
0.0,0.1,DHL,"Deutsche Post, Burgdorf",5,7.0,7.0
0.0,0.1,DHL,"Deutsche Post, Garbsen",0,12.0,12.0
0.0,0.1,DHL,"Deutsche Post, Garbsen",1,13.0,13.0
0.0,0.1,DHL,"Deutsche Post, Garbsen",2,15.0,15.0
0.0,0.1,DHL,"Deutsche Post, Garbsen",3,15.0,15.0
0.0,0.1,DHL,"Deutsche Post, Garbsen",4,12.0,12.0
0.0,0.1,DHL,"Deutsche Post, Garbsen",5,9.0,9.0
0.0,0.1,DHL,"Deutsche Post, Lehrte",0,14.0,14.0
0.0,0.1,DHL,"Deutsche Post, Lehrte",1,15.0,15.0
0.0,0.1,DHL,"Deutsche Post, Lehrte",2,17.0,17.0
0.0,0.1,DHL,"Deutsche Post, Lehrte",3,15.0,15.0
0.0,0.1,DHL,"Deutsche Post, Lehrte",4,13.0,13.0
0.0,0.1,DHL,"Deutsche Post, Lehrte",5,10.0,10.0
0.0,0.1,DHL,"Deutsche Post, Neustadt",0,13.0,13.0
0.0,0.1,DHL,"Deutsche Post, Neustadt",1,15.0,15.0
0.0,0.1,DHL,"Deutsche Post, Neustadt",2,16.0,16.0
0.0,0.1,DHL,"Deutsche Post, Neustadt",3,15.0,15.0
0.0,0.1,DHL,"Deutsche Post, Neustadt",4,13.0,13.0
0.0,0.1,DHL,"Deutsche Post, Neustadt",5,10.0,10.0
0.0,0.1,DHL,"Deutsche Post, Springe",0,9.0,9.0
0.0,0.1,DHL,"Deutsche Post, Springe",1,9.0,9.0
0.0,0.1,DHL,"Deutsche Post, Springe",2,11.0,11.0
0.0,0.1,DHL,"Deutsche Post, Springe",3,10.0,10.0
0.0,0.1,DHL,"Deutsche Post, Springe",4,8.0,8.0
0.0,0.1,DHL,"Deutsche Post, Springe",5,7.0,7.0
0.0,0.1,DHL,"Deutsche Post, Wunstorf",0,15.0,15.0
0.0,0.1,DHL,"Deutsche Post, Wunstorf",1,15.0,15.0
0.0,0.1,DHL,"Deutsche Post, Wunstorf",2,16.0,16.0
0.0,0.1,DHL,"Deutsche Post, Wunstorf",3,16.0,16.0
0.0,0.1,DHL,"Deutsche Post, Wunstorf",4,14.0,14.0
0.0,0.1,DHL,"Deutsche Post, Wunstorf",5,11.0,11.0
0.0,0.1,DHL,Dummy Seelze,0,17.0,17.0
0.0,0.1,DHL,Dummy Seelze,1,19.0,19.0
0.0,0.1,DHL,Dummy Seelze,2,19.0,19.0
0.0,0.1,DHL,Dummy Seelze,3,19.0,19.0
0.0,0.1,DHL,Dummy Seelze,4,18.0,18.0
0.0,0.1,DHL,Dummy Seelze,5,13.0,13.0
0.0,0.1,DHL,Dummy Sehnde,0,9.0,9.0
0.0,0.1,DHL,Dummy Sehnde,1,9.0,9.0
0.0,0.1,DHL,Dummy Sehnde,2,10.0,10.0
0.0,0.1,DHL,Dummy Sehnde,3,9.0,9.0
0.0,0.1,DHL,Dummy Sehnde,4,8.0,8.0
0.0,0.1,DHL,Dummy Sehnde,5,6.0,6.0
0.0,0.1,DHL,Dummy Uetze,0,7.0,7.0
0.0,0.1,DHL,Dummy Uetze,1,7.0,7.0
0.0,0.1,DHL,Dummy Uetze,2,7.0,7.0
0.0,0.1,DHL,Dummy Uetze,3,8.0,8.0
0.0,0.1,DHL,Dummy Uetze,4,6.0,6.0
0.0,0.1,DHL,Dummy Uetze,5,5.0,5.0
0.0,0.1,DHL,Dummy Wennigsen,0,10.0,10.0
0.0,0.1,DHL,Dummy Wennigsen,1,12.0,12.0
0.0,0.1,DHL,Dummy Wennigsen,2,12.0,12.0
0.0,0.1,DHL,Dummy Wennigsen,3,12.0,12.0
0.0,0.1,DHL,Dummy Wennigsen,4,10.0,10.0
0.0,0.1,DHL,Dummy Wennigsen,5,8.0,8.0
0.0,0.1,DHL,Paketzentrum / Zustellbasis Anderten,0,40.0,40.0
0.0,0.1,DHL,Paketzentrum / Zustellbasis Anderten,1,43.0,43.0
0.0,0.1,DHL,Paketzentrum / Zustellbasis Anderten,2,46.0,46.0
0.0,0.1,DHL,Paketzentrum / Zustellbasis Anderten,3,47.0,47.0
0.0,0.1,DHL,Paketzentrum / Zustellbasis Anderten,4,38.0,38.0
0.0,0.1,DHL,Paketzentrum / Zustellbasis Anderten,5,29.0,29.0
0.0,0.1,DHL,Zustellbasis Hannover am Güterbahnhof,0,99.0,100.0
0.0,0.1,DHL,Zustellbasis Hannover am Güterbahnhof,1,107.0,106.0
0.0,0.1,DHL,Zustellbasis Hannover am Güterbahnhof,2,121.0,116.0
0.0,0.1,DHL,Zustellbasis Hannover am Güterbahnhof,3,111.0,115.0
0.0,0.1,DHL,Zustellbasis Hannover am Güterbahnhof,4,97.0,95.0
0.0,0.1,DHL,Zustellbasis Hannover am Güterbahnhof,5,73.0,78.0
0.0,0.1,DHL,Zustellbasis Hannover-Süd,0,54.0,54.0
0.0,0.1,DHL,Zustellbasis Hannover-Süd,1,59.0,59.0
0.0,0.1,DHL,Zustellbasis Hannover-Süd,2,64.0,64.0
0.0,0.1,DHL,Zustellbasis Hannover-Süd,3,61.0,61.0
0.0,0.1,DHL,Zustellbasis Hannover-Süd,4,53.0,53.0
0.0,0.1,DHL,Zustellbasis Hannover-Süd,5,41.0,41.0
0.0,0.1,Amazon,Amazon Logistics HAJ8 in Garbsen,0,188.0,188.0
0.0,0.1,Amazon,Amazon Logistics HAJ8 in Garbsen,1,198.0,198.0
0.0,0.1,Amazon,Amazon Logistics HAJ8 in Garbsen,2,216.0,216.0
0.0,0.1,Amazon,Amazon Logistics HAJ8 in Garbsen,3,209.0,209.0
0.0,0.1,Amazon,Amazon Logistics HAJ8 in Garbsen,4,174.0,174.0
0.0,0.1,Amazon,Amazon Logistics HAJ8 in Garbsen,5,138.0,140.0
0.0,0.1,DPD,DPD Paketzentrum in Lehrte,0,92.0,95.0
0.0,0.1,DPD,DPD Paketzentrum in Lehrte,1,98.0,98.0
0.0,0.1,DPD,DPD Paketzentrum in Lehrte,2,115.0,109.0
0.0,0.1,DPD,DPD Paketzentrum in Lehrte,3,104.0,109.0
0.0,0.1,DPD,DPD Paketzentrum in Lehrte,4,88.0,89.0
0.0,0.1,DPD,DPD Paketzentrum in Lehrte,5,74.0,85.0
0.0,0.1,FedEx,FedEx Station - Heinz-Peter-Piper Str.,0,88.0,83.0
0.0,0.1,FedEx,FedEx Station - Heinz-Peter-Piper Str.,1,86.0,89.0
0.0,0.1,FedEx,FedEx Station - Heinz-Peter-Piper Str.,2,97.0,89.0
0.0,0.1,FedEx,FedEx Station - Heinz-Peter-Piper Str.,3,88.0,88.0
0.0,0.1,FedEx,FedEx Station - Heinz-Peter-Piper Str.,4,84.0,82.0
0.0,0.1,FedEx,FedEx Station - Heinz-Peter-Piper Str.,5,60.0,82.0
0.0,0.1,GLS,GLS in Hannover Laatzen,0,79.0,80.0
0.0,0.1,GLS,GLS in Hannover Laatzen,1,80.0,81.0
0.0,0.1,GLS,GLS in Hannover Laatzen,2,95.0,92.0
0.0,0.1,GLS,GLS in Hannover Laatzen,3,87.0,88.0
0.0,0.1,GLS,GLS in Hannover Laatzen,4,76.0,75.0
0.0,0.1,GLS,GLS in Hannover Laatzen,5,65.0,71.0
0.0,0.1,Hermes,Hermes LC Hannover Langenhagen,0,116.0,116.0
0.0,0.1,Hermes,Hermes LC Hannover Langenhagen,1,119.0,120.0
0.0,0.1,Hermes,Hermes LC Hannover Langenhagen,2,126.0,126.0
0.0,0.1,Hermes,Hermes LC Hannover Langenhagen,3,123.0,123.0
0.0,0.1,Hermes,Hermes LC Hannover Langenhagen,4,111.0,111.0
0.0,0.1,Hermes,Hermes LC Hannover Langenhagen,5,81.0,85.0
0.0,0.1,UPS,UPS Depot Hannover,0,103.0,96.0
0.0,0.1,UPS,UPS Depot Hannover,1,100.0,106.0
0.0,0.1,UPS,UPS Depot Hannover,2,114.0,108.0
0.0,0.1,UPS,UPS Depot Hannover,3,113.0,108.0
0.0,0.1,UPS,UPS Depot Hannover,4,91.0,95.0
0.0,0.1,UPS,UPS Depot Hannover,5,77.0,95.0
0.0,0.2,DHL,Brief- und Logistikzentrum in Pattensen (Hannover),0,22.0,22.0
0.0,0.2,DHL,Brief- und Logistikzentrum in Pattensen (Hannover),1,29.0,29.0
0.0,0.2,DHL,Brief- und Logistikzentrum in Pattensen (Hannover),2,25.0,25.0
0.0,0.2,DHL,Brief- und Logistikzentrum in Pattensen (Hannover),3,23.0,23.0
0.0,0.2,DHL,Brief- und Logistikzentrum in Pattensen (Hannover),4,29.0,29.0
0.0,0.2,DHL,Brief- und Logistikzentrum in Pattensen (Hannover),5,18.0,18.0
0.0,0.2,DHL,"Deutsche Post, Bantorf",0,10.0,10.0
0.0,0.2,DHL,"Deutsche Post, Bantorf",1,11.0,11.0
0.0,0.2,DHL,"Deutsche Post, Bantorf",2,13.0,13.0
0.0,0.2,DHL,"Deutsche Post, Bantorf",3,12.0,12.0
0.0,0.2,DHL,"Deutsche Post, Bantorf",4,10.0,10.0
0.0,0.2,DHL,"Deutsche Post, Bantorf",5,8.0,8.0
0.0,0.2,DHL,"Deutsche Post, Bissendorf",0,44.0,44.0
0.0,0.2,DHL,"Deutsche Post, Bissendorf",1,46.0,46.0
0.0,0.2,DHL,"Deutsche Post, Bissendorf",2,54.0,54.0
0.0,0.2,DHL,"Deutsche Post, Bissendorf",3,49.0,49.0
0.0,0.2,DHL,"Deutsche Post, Bissendorf",4,41.0,41.0
0.0,0.2,DHL,"Deutsche Post, Bissendorf",5,32.0,32.0
0.0,0.2,DHL,"Deutsche Post, Burgdorf",0,10.0,10.0
0.0,0.2,DHL,"Deutsche Post, Burgdorf",1,10.0,10.0
0.0,0.2,DHL,"Deutsche Post, Burgdorf",2,10.0,10.0
0.0,0.2,DHL,"Deutsche Post, Burgdorf",3,12.0,12.0
0.0,0.2,DHL,"Deutsche Post, Burgdorf",4,9.0,9.0
0.0,0.2,DHL,"Deutsche Post, Burgdorf",5,6.0,6.0
0.0,0.2,DHL,"Deutsche Post, Garbsen",0,12.0,12.0
0.0,0.2,DHL,"Deutsche Post, Garbsen",1,12.0,12.0
0.0,0.2,DHL,"Deutsche Post, Garbsen",2,15.0,15.0
0.0,0.2,DHL,"Deutsche Post, Garbsen",3,15.0,15.0
0.0,0.2,DHL,"Deutsche Post, Garbsen",4,11.0,11.0
0.0,0.2,DHL,"Deutsche Post, Garbsen",5,10.0,10.0
0.0,0.2,DHL,"Deutsche Post, Lehrte",0,12.0,12.0
0.0,0.2,DHL,"Deutsche Post, Lehrte",1,16.0,16.0
0.0,0.2,DHL,"Deutsche Post, Lehrte",2,17.0,17.0
0.0,0.2,DHL,"Deutsche Post, Lehrte",3,15.0,15.0
0.0,0.2,DHL,"Deutsche Post, Lehrte",4,13.0,13.0
0.0,0.2,DHL,"Deutsche Post, Lehrte",5,10.0,10.0
0.0,0.2,DHL,"Deutsche Post, Neustadt",0,13.0,13.0
0.0,0.2,DHL,"Deutsche Post, Neustadt",1,15.0,15.0
0.0,0.2,DHL,"Deutsche Post, Neustadt",2,16.0,16.0
0.0,0.2,DHL,"Deutsche Post, Neustadt",3,15.0,15.0
0.0,0.2,DHL,"Deutsche Post, Neustadt",4,13.0,13.0
0.0,0.2,DHL,"Deutsche Post, Neustadt",5,10.0,10.0
0.0,0.2,DHL,"Deutsche Post, Springe",0,9.0,9.0
0.0,0.2,DHL,"Deutsche Post, Springe",1,9.0,9.0
0.0,0.2,DHL,"Deutsche Post, Springe",2,11.0,11.0
0.0,0.2,DHL,"Deutsche Post, Springe",3,10.0,10.0
0.0,0.2,DHL,"Deutsche Post, Springe",4,9.0,9.0
0.0,0.2,DHL,"Deutsche Post, Springe",5,7.0,7.0
0.0,0.2,DHL,"Deutsche Post, Wunstorf",0,15.0,15.0
0.0,0.2,DHL,"Deutsche Post, Wunstorf",1,15.0,15.0
0.0,0.2,DHL,"Deutsche Post, Wunstorf",2,16.0,16.0
0.0,0.2,DHL,"Deutsche Post, Wunstorf",3,16.0,16.0
0.0,0.2,DHL,"Deutsche Post, Wunstorf",4,14.0,14.0
0.0,0.2,DHL,"Deutsche Post, Wunstorf",5,11.0,11.0
0.0,0.2,DHL,Dummy Seelze,0,17.0,17.0
0.0,0.2,DHL,Dummy Seelze,1,19.0,19.0
0.0,0.2,DHL,Dummy Seelze,2,17.0,17.0
0.0,0.2,DHL,Dummy Seelze,3,17.0,17.0
0.0,0.2,DHL,Dummy Seelze,4,21.0,21.0
0.0,0.2,DHL,Dummy Seelze,5,13.0,13.0
0.0,0.2,DHL,Dummy Sehnde,0,9.0,9.0
0.0,0.2,DHL,Dummy Sehnde,1,9.0,9.0
0.0,0.2,DHL,Dummy Sehnde,2,10.0,10.0
0.0,0.2,DHL,Dummy Sehnde,3,9.0,9.0
0.0,0.2,DHL,Dummy Sehnde,4,8.0,8.0
0.0,0.2,DHL,Dummy Sehnde,5,6.0,6.0
0.0,0.2,DHL,Dummy Uetze,0,7.0,7.0
0.0,0.2,DHL,Dummy Uetze,1,7.0,7.0
0.0,0.2,DHL,Dummy Uetze,2,7.0,7.0
0.0,0.2,DHL,Dummy Uetze,3,8.0,8.0
0.0,0.2,DHL,Dummy Uetze,4,6.0,6.0
0.0,0.2,DHL,Dummy Uetze,5,4.0,4.0
0.0,0.2,DHL,Dummy Wennigsen,0,10.0,10.0
0.0,0.2,DHL,Dummy Wennigsen,1,12.0,12.0
0.0,0.2,DHL,Dummy Wennigsen,2,12.0,12.0
0.0,0.2,DHL,Dummy Wennigsen,3,10.0,10.0
0.0,0.2,DHL,Dummy Wennigsen,4,9.0,9.0
0.0,0.2,DHL,Dummy Wennigsen,5,10.0,10.0
0.0,0.2,DHL,Paketzentrum / Zustellbasis Anderten,0,38.0,38.0
0.0,0.2,DHL,Paketzentrum / Zustellbasis Anderten,1,48.0,48.0
0.0,0.2,DHL,Paketzentrum / Zustellbasis Anderten,2,42.0,42.0
0.0,0.2,DHL,Paketzentrum / Zustellbasis Anderten,3,42.0,42.0
0.0,0.2,DHL,Paketzentrum / Zustellbasis Anderten,4,45.0,45.0
0.0,0.2,DHL,Paketzentrum / Zustellbasis Anderten,5,27.0,27.0
0.0,0.2,DHL,Zustellbasis Hannover am Güterbahnhof,0,97.0,95.0
0.0,0.2,DHL,Zustellbasis Hannover am Güterbahnhof,1,110.0,110.0
0.0,0.2,DHL,Zustellbasis Hannover am Güterbahnhof,2,116.0,114.0
0.0,0.2,DHL,Zustellbasis Hannover am Güterbahnhof,3,116.0,112.0
0.0,0.2,DHL,Zustellbasis Hannover am Güterbahnhof,4,94.0,90.0
0.0,0.2,DHL,Zustellbasis Hannover am Güterbahnhof,5,72.0,90.0
0.0,0.2,DHL,Zustellbasis Hannover-Süd,0,56.0,57.0
0.0,0.2,DHL,Zustellbasis Hannover-Süd,1,58.0,57.0
0.0,0.2,DHL,Zustellbasis Hannover-Süd,2,67.0,65.0
0.0,0.2,DHL,Zustellbasis Hannover-Süd,3,61.0,64.0
0.0,0.2,DHL,Zustellbasis Hannover-Süd,4,49.0,48.0
0.0,0.2,DHL,Zustellbasis Hannover-Süd,5,40.0,41.0
0.0,0.2,Amazon,Amazon Logistics HAJ8 in Garbsen,0,185.0,187.0
0.0,0.2,Amazon,Amazon Logistics HAJ8 in Garbsen,1,197.0,198.0
0.0,0.2,Amazon,Amazon Logistics HAJ8 in Garbsen,2,213.0,211.0
0.0,0.2,Amazon,Amazon Logistics HAJ8 in Garbsen,3,207.0,210.0
0.0,0.2,Amazon,Amazon Logistics HAJ8 in Garbsen,4,170.0,169.0
0.0,0.2,Amazon,Amazon Logistics HAJ8 in Garbsen,5,139.0,150.0
0.0,0.2,DPD,DPD Paketzentrum in Lehrte,0,92.0,93.0
0.0,0.2,DPD,DPD Paketzentrum in Lehrte,1,91.0,93.0
0.0,0.2,DPD,DPD Paketzentrum in Lehrte,2,106.0,102.0
0.0,0.2,DPD,DPD Paketzentrum in Lehrte,3,101.0,102.0
0.0,0.2,DPD,DPD Paketzentrum in Lehrte,4,92.0,86.0
0.0,0.2,DPD,DPD Paketzentrum in Lehrte,5,76.0,86.0
0.0,0.2,FedEx,FedEx Station - Heinz-Peter-Piper Str.,0,78.0,82.0
0.0,0.2,FedEx,FedEx Station - Heinz-Peter-Piper Str.,1,78.0,85.0
0.0,0.2,FedEx,FedEx Station - Heinz-Peter-Piper Str.,2,99.0,89.0
0.0,0.2,FedEx,FedEx Station - Heinz-Peter-Piper Str.,3,95.0,90.0
0.0,0.2,FedEx,FedEx Station - Heinz-Peter-Piper Str.,4,75.0,90.0
0.0,0.2,FedEx,FedEx Station - Heinz-Peter-Piper Str.,5,89.0,82.0
0.0,0.2,GLS,GLS in Hannover Laatzen,0,79.0,79.0
0.0,0.2,GLS,GLS in Hannover Laatzen,1,79.0,82.0
0.0,0.2,GLS,GLS in Hannover Laatzen,2,91.0,87.0
0.0,0.2,GLS,GLS in Hannover Laatzen,3,89.0,87.0
0.0,0.2,GLS,GLS in Hannover Laatzen,4,78.0,77.0
0.0,0.2,GLS,GLS in Hannover Laatzen,5,64.0,77.0
0.0,0.2,Hermes,Hermes LC Hannover Langenhagen,0,111.0,111.0
0.0,0.2,Hermes,Hermes LC Hannover Langenhagen,1,117.0,117.0
0.0,0.2,Hermes,Hermes LC Hannover Langenhagen,2,125.0,123.0
0.0,0.2,Hermes,Hermes LC Hannover Langenhagen,3,120.0,122.0
0.0,0.2,Hermes,Hermes LC Hannover Langenhagen,4,106.0,106.0
0.0,0.2,Hermes,Hermes LC Hannover Langenhagen,5,79.0,95.0
0.0,0.2,UPS,UPS Depot Hannover,0,101.0,99.0
0.0,0.2,UPS,UPS Depot Hannover,1,96.0,100.0
0.0,0.2,UPS,UPS Depot Hannover,2,130.0,105.0
0.0,0.2,UPS,UPS Depot Hannover,3,102.0,107.0
0.0,0.2,UPS,UPS Depot Hannover,4,97.0,106.0
0.0,0.2,UPS,UPS Depot Hannover,5,83.0,99.0
0.0,0.3,DHL,Brief- und Logistikzentrum in Pattensen (Hannover),0,34.0,27.0
0.0,0.3,DHL,Brief- und Logistikzentrum in Pattensen (Hannover),1,24.0,27.0
0.0,0.3,DHL,Brief- und Logistikzentrum in Pattensen (Hannover),2,24.0,28.0
0.0,0.3,DHL,Brief- und Logistikzentrum in Pattensen (Hannover),3,33.0,27.0
0.0,0.3,DHL,Brief- und Logistikzentrum in Pattensen (Hannover),4,18.0,18.0
0.0,0.3,DHL,Brief- und Logistikzentrum in Pattensen (Hannover),5,14.0,22.0
0.0,0.3,DHL,"Deutsche Post, Bantorf",0,10.0,10.0
0.0,0.3,DHL,"Deutsche Post, Bantorf",1,11.0,11.0
0.0,0.3,DHL,"Deutsche Post, Bantorf",2,13.0,13.0
0.0,0.3,DHL,"Deutsche Post, Bantorf",3,12.0,12.0
0.0,0.3,DHL,"Deutsche Post, Bantorf",4,10.0,10.0
0.0,0.3,DHL,"Deutsche Post, Bantorf",5,8.0,8.0
0.0,0.3,DHL,"Deutsche Post, Bissendorf",0,40.0,44.0
0.0,0.3,DHL,"Deutsche Post, Bissendorf",1,41.0,48.0
0.0,0.3,DHL,"Deutsche Post, Bissendorf",2,63.0,49.0
0.0,0.3,DHL,"Deutsche Post, Bissendorf",3,49.0,46.0
0.0,0.3,DHL,"Deutsche Post, Bissendorf",4,41.0,44.0
0.0,0.3,DHL,"Deutsche Post, Bissendorf",5,32.0,36.0
0.0,0.3,DHL,"Deutsche Post, Burgdorf",0,7.0,7.0
0.0,0.3,DHL,"Deutsche Post, Burgdorf",1,13.0,13.0
0.0,0.3,DHL,"Deutsche Post, Burgdorf",2,9.0,9.0
0.0,0.3,DHL,"Deutsche Post, Burgdorf",3,13.0,13.0
0.0,0.3,DHL,"Deutsche Post, Burgdorf",4,9.0,9.0
0.0,0.3,DHL,"Deutsche Post, Burgdorf",5,5.0,5.0
0.0,0.3,DHL,"Deutsche Post, Garbsen",0,12.0,12.0
0.0,0.3,DHL,"Deutsche Post, Garbsen",1,13.0,13.0
0.0,0.3,DHL,"Deutsche Post, Garbsen",2,13.0,13.0
0.0,0.3,DHL,"Deutsche Post, Garbsen",3,16.0,16.0
0.0,0.3,DHL,"Deutsche Post, Garbsen",4,10.0,10.0
0.0,0.3,DHL,"Deutsche Post, Garbsen",5,12.0,12.0
0.0,0.3,DHL,"Deutsche Post, Lehrte",0,14.0,14.0
0.0,0.3,DHL,"Deutsche Post, Lehrte",1,15.0,15.0
0.0,0.3,DHL,"Deutsche Post, Lehrte",2,17.0,17.0
0.0,0.3,DHL,"Deutsche Post, Lehrte",3,15.0,15.0
0.0,0.3,DHL,"Deutsche Post, Lehrte",4,13.0,13.0
0.0,0.3,DHL,"Deutsche Post, Lehrte",5,10.0,10.0
0.0,0.3,DHL,"Deutsche Post, Neustadt",0,13.0,13.0
0.0,0.3,DHL,"Deutsche Post, Neustadt",1,15.0,15.0
0.0,0.3,DHL,"Deutsche Post, Neustadt",2,16.0,16.0
0.0,0.3,DHL,"Deutsche Post, Neustadt",3,15.0,15.0
0.0,0.3,DHL,"Deutsche Post, Neustadt",4,13.0,13.0
0.0,0.3,DHL,"Deutsche Post, Neustadt",5,10.0,10.0
0.0,0.3,DHL,"Deutsche Post, Springe",0,9.0,9.0
0.0,0.3,DHL,"Deutsche Post, Springe",1,9.0,9.0
0.0,0.3,DHL,"Deutsche Post, Springe",2,8.0,8.0
0.0,0.3,DHL,"Deutsche Post, Springe",3,8.0,8.0
0.0,0.3,DHL,"Deutsche Post, Springe",4,13.0,13.0
0.0,0.3,DHL,"Deutsche Post, Springe",5,7.0,7.0
0.0,0.3,DHL,"Deutsche Post, Wunstorf",0,15.0,15.0
0.0,0.3,DHL,"Deutsche Post, Wunstorf",1,15.0,15.0
0.0,0.3,DHL,"Deutsche Post, Wunstorf",2,16.0,16.0
0.0,0.3,DHL,"Deutsche Post, Wunstorf",3,16.0,16.0
0.0,0.3,DHL,"Deutsche Post, Wunstorf",4,14.0,14.0
0.0,0.3,DHL,"Deutsche Post, Wunstorf",5,11.0,11.0
0.0,0.3,DHL,Dummy Seelze,0,17.0,17.0
0.0,0.3,DHL,Dummy Seelze,1,15.0,15.0
0.0,0.3,DHL,Dummy Seelze,2,16.0,16.0
0.0,0.3,DHL,Dummy Seelze,3,28.0,28.0
0.0,0.3,DHL,Dummy Seelze,4,17.0,17.0
0.0,0.3,DHL,Dummy Seelze,5,13.0,13.0
0.0,0.3,DHL,Dummy Sehnde,0,9.0,9.0
0.0,0.3,DHL,Dummy Sehnde,1,9.0,9.0
0.0,0.3,DHL,Dummy Sehnde,2,10.0,10.0
0.0,0.3,DHL,Dummy Sehnde,3,9.0,9.0
0.0,0.3,DHL,Dummy Sehnde,4,8.0,8.0
0.0,0.3,DHL,Dummy Sehnde,5,6.0,6.0
0.0,0.3,DHL,Dummy Uetze,0,5.0,5.0
0.0,0.3,DHL,Dummy Uetze,1,8.0,8.0
0.0,0.3,DHL,Dummy Uetze,2,7.0,7.0
0.0,0.3,DHL,Dummy Uetze,3,8.0,8.0
0.0,0.3,DHL,Dummy Uetze,4,6.0,6.0
0.0,0.3,DHL,Dummy Uetze,5,5.0,5.0
0.0,0.3,DHL,Dummy Wennigsen,0,10.0,10.0
0.0,0.3,DHL,Dummy Wennigsen,1,13.0,13.0
0.0,0.3,DHL,Dummy Wennigsen,2,12.0,12.0
0.0,0.3,DHL,Dummy Wennigsen,3,10.0,10.0
0.0,0.3,DHL,Dummy Wennigsen,4,12.0,12.0
0.0,0.3,DHL,Dummy Wennigsen,5,6.0,6.0
0.0,0.3,DHL,Paketzentrum / Zustellbasis Anderten,0,37.0,36.0
0.0,0.3,DHL,Paketzentrum / Zustellbasis Anderten,1,53.0,45.0
0.0,0.3,DHL,Paketzentrum / Zustellbasis Anderten,2,40.0,49.0
0.0,0.3,DHL,Paketzentrum / Zustellbasis Anderten,3,41.0,42.0
0.0,0.3,DHL,Paketzentrum / Zustellbasis Anderten,4,50.0,42.0
0.0,0.3,DHL,Paketzentrum / Zustellbasis Anderten,5,25.0,34.0
0.0,0.3,DHL,Zustellbasis Hannover am Güterbahnhof,0,103.0,98.0
0.0,0.3,DHL,Zustellbasis Hannover am Güterbahnhof,1,101.0,107.0
0.0,0.3,DHL,Zustellbasis Hannover am Güterbahnhof,2,124.0,110.0
0.0,0.3,DHL,Zustellbasis Hannover am Güterbahnhof,3,114.0,109.0
0.0,0.3,DHL,Zustellbasis Hannover am Güterbahnhof,4,99.0,99.0
0.0,0.3,DHL,Zustellbasis Hannover am Güterbahnhof,5,69.0,93.0
0.0,0.3,DHL,Zustellbasis Hannover-Süd,0,55.0,56.0
0.0,0.3,DHL,Zustellbasis Hannover-Süd,1,59.0,56.0
0.0,0.3,DHL,Zustellbasis Hannover-Süd,2,57.0,61.0
0.0,0.3,DHL,Zustellbasis Hannover-Süd,3,68.0,63.0
0.0,0.3,DHL,Zustellbasis Hannover-Süd,4,56.0,53.0
0.0,0.3,DHL,Zustellbasis Hannover-Süd,5,42.0,48.0
0.0,0.3,Amazon,Amazon Logistics HAJ8 in Garbsen,0,183.0,184.0
0.0,0.3,Amazon,Amazon Logistics HAJ8 in Garbsen,1,194.0,197.0
0.0,0.3,Amazon,Amazon Logistics HAJ8 in Garbsen,2,211.0,208.0
0.0,0.3,Amazon,Amazon Logistics HAJ8 in Garbsen,3,208.0,207.0
0.0,0.3,Amazon,Amazon Logistics HAJ8 in Garbsen,4,173.0,165.0
0.0,0.3,Amazon,Amazon Logistics HAJ8 in Garbsen,5,137.0,165.0
0.0,0.3,DPD,DPD Paketzentrum in Lehrte,0,88.0,87.0
0.0,0.3,DPD,DPD Paketzentrum in Lehrte,1,94.0,97.0
0.0,0.3,DPD,DPD Paketzentrum in Lehrte,2,101.0,98.0
0.0,0.3,DPD,DPD Paketzentrum in Lehrte,3,100.0,98.0
0.0,0.3,DPD,DPD Paketzentrum in Lehrte,4,90.0,89.0
0.0,0.3,DPD,DPD Paketzentrum in Lehrte,5,76.0,87.0
0.0,0.3,FedEx,FedEx Station - Heinz-Peter-Piper Str.,0,99.0,86.0
0.0,0.3,FedEx,FedEx Station - Heinz-Peter-Piper Str.,1,73.0,87.0
0.0,0.3,FedEx,FedEx Station - Heinz-Peter-Piper Str.,2,76.0,90.0
0.0,0.3,FedEx,FedEx Station - Heinz-Peter-Piper Str.,3,131.0,91.0
0.0,0.3,FedEx,FedEx Station - Heinz-Peter-Piper Str.,4,74.0,91.0
0.0,0.3,FedEx,FedEx Station - Heinz-Peter-Piper Str.,5,72.0,87.0
0.0,0.3,GLS,GLS in Hannover Laatzen,0,76.0,76.0
0.0,0.3,GLS,GLS in Hannover Laatzen,1,81.0,82.0
0.0,0.3,GLS,GLS in Hannover Laatzen,2,89.0,87.0
0.0,0.3,GLS,GLS in Hannover Laatzen,3,89.0,87.0
0.0,0.3,GLS,GLS in Hannover Laatzen,4,81.0,77.0
0.0,0.3,GLS,GLS in Hannover Laatzen,5,61.0,76.0
0.0,0.3,Hermes,Hermes LC Hannover Langenhagen,0,103.0,105.0
0.0,0.3,Hermes,Hermes LC Hannover Langenhagen,1,115.0,114.0
0.0,0.3,Hermes,Hermes LC Hannover Langenhagen,2,126.0,123.0
0.0,0.3,Hermes,Hermes LC Hannover Langenhagen,3,120.0,120.0
0.0,0.3,Hermes,Hermes LC Hannover Langenhagen,4,106.0,102.0
0.0,0.3,Hermes,Hermes LC Hannover Langenhagen,5,86.0,102.0
0.0,0.3,UPS,UPS Depot Hannover,0,93.0,97.0
0.0,0.3,UPS,UPS Depot Hannover,1,92.0,98.0
0.0,0.3,UPS,UPS Depot Hannover,2,117.0,109.0
0.0,0.3,UPS,UPS Depot Hannover,3,108.0,109.0
0.0,0.3,UPS,UPS Depot Hannover,4,106.0,109.0
0.0,0.3,UPS,UPS Depot Hannover,5,103.0,98.0
0.0,0.4,DHL,Brief- und Logistikzentrum in Pattensen (Hannover),0,17.0,20.0
0.0,0.4,DHL,Brief- und Logistikzentrum in Pattensen (Hannover),1,34.0,31.0
0.0,0.4,DHL,Brief- und Logistikzentrum in Pattensen (Hannover),2,19.0,23.0
0.0,0.4,DHL,Brief- und Logistikzentrum in Pattensen (Hannover),3,35.0,32.0
0.0,0.4,DHL,Brief- und Logistikzentrum in Pattensen (Hannover),4,16.0,19.0
0.0,0.4,DHL,Brief- und Logistikzentrum in Pattensen (Hannover),5,25.0,23.0
0.0,0.4,DHL,"Deutsche Post, Bantorf",0,10.0,10.0
0.0,0.4,DHL,"Deutsche Post, Bantorf",1,11.0,11.0
0.0,0.4,DHL,"Deutsche Post, Bantorf",2,13.0,13.0
0.0,0.4,DHL,"Deutsche Post, Bantorf",3,12.0,12.0
0.0,0.4,DHL,"Deutsche Post, Bantorf",4,10.0,10.0
0.0,0.4,DHL,"Deutsche Post, Bantorf",5,8.0,8.0
0.0,0.4,DHL,"Deutsche Post, Bissendorf",0,43.0,44.0
0.0,0.4,DHL,"Deutsche Post, Bissendorf",1,49.0,44.0
0.0,0.4,DHL,"Deutsche Post, Bissendorf",2,46.0,43.0
0.0,0.4,DHL,"Deutsche Post, Bissendorf",3,36.0,40.0
0.0,0.4,DHL,"Deutsche Post, Bissendorf",4,64.0,54.0
0.0,0.4,DHL,"Deutsche Post, Bissendorf",5,26.0,42.0
0.0,0.4,DHL,"Deutsche Post, Burgdorf",0,10.0,10.0
0.0,0.4,DHL,"Deutsche Post, Burgdorf",1,10.0,10.0
0.0,0.4,DHL,"Deutsche Post, Burgdorf",2,8.0,8.0
0.0,0.4,DHL,"Deutsche Post, Burgdorf",3,14.0,14.0
0.0,0.4,DHL,"Deutsche Post, Burgdorf",4,9.0,9.0
0.0,0.4,DHL,"Deutsche Post, Burgdorf",5,7.0,7.0
0.0,0.4,DHL,"Deutsche Post, Garbsen",0,12.0,12.0
0.0,0.4,DHL,"Deutsche Post, Garbsen",1,9.0,9.0
0.0,0.4,DHL,"Deutsche Post, Garbsen",2,19.0,19.0
0.0,0.4,DHL,"Deutsche Post, Garbsen",3,10.0,10.0
0.0,0.4,DHL,"Deutsche Post, Garbsen",4,16.0,16.0
0.0,0.4,DHL,"Deutsche Post, Garbsen",5,10.0,10.0
0.0,0.4,DHL,"Deutsche Post, Lehrte",0,9.0,9.0
0.0,0.4,DHL,"Deutsche Post, Lehrte",1,19.0,19.0
0.0,0.4,DHL,"Deutsche Post, Lehrte",2,17.0,17.0
0.0,0.4,DHL,"Deutsche Post, Lehrte",3,15.0,15.0
0.0,0.4,DHL,"Deutsche Post, Lehrte",4,13.0,13.0
0.0,0.4,DHL,"Deutsche Post, Lehrte",5,10.0,10.0
0.0,0.4,DHL,"Deutsche Post, Neustadt",0,13.0,13.0
0.0,0.4,DHL,"Deutsche Post, Neustadt",1,15.0,15.0
0.0,0.4,DHL,"Deutsche Post, Neustadt",2,16.0,16.0
0.0,0.4,DHL,"Deutsche Post, Neustadt",3,15.0,15.0
0.0,0.4,DHL,"Deutsche Post, Neustadt",4,13.0,13.0
0.0,0.4,DHL,"Deutsche Post, Neustadt",5,10.0,10.0
0.0,0.4,DHL,"Deutsche Post, Springe",0,9.0,9.0
0.0,0.4,DHL,"Deutsche Post, Springe",1,9.0,9.0
0.0,0.4,DHL,"Deutsche Post, Springe",2,11.0,11.0
0.0,0.4,DHL,"Deutsche Post, Springe",3,10.0,10.0
0.0,0.4,DHL,"Deutsche Post, Springe",4,6.0,6.0
0.0,0.4,DHL,"Deutsche Post, Springe",5,9.0,9.0
0.0,0.4,DHL,"Deutsche Post, Wunstorf",0,15.0,15.0
0.0,0.4,DHL,"Deutsche Post, Wunstorf",1,15.0,15.0
0.0,0.4,DHL,"Deutsche Post, Wunstorf",2,16.0,16.0
0.0,0.4,DHL,"Deutsche Post, Wunstorf",3,16.0,16.0
0.0,0.4,DHL,"Deutsche Post, Wunstorf",4,14.0,14.0
0.0,0.4,DHL,"Deutsche Post, Wunstorf",5,11.0,11.0
0.0,0.4,DHL,Dummy Seelze,0,17.0,17.0
0.0,0.4,DHL,Dummy Seelze,1,19.0,19.0
0.0,0.4,DHL,Dummy Seelze,2,14.0,14.0
0.0,0.4,DHL,Dummy Seelze,3,14.0,14.0
0.0,0.4,DHL,Dummy Seelze,4,29.0,29.0
0.0,0.4,DHL,Dummy Seelze,5,13.0,13.0
0.0,0.4,DHL,Dummy Sehnde,0,6.0,6.0
0.0,0.4,DHL,Dummy Sehnde,1,11.0,11.0
0.0,0.4,DHL,Dummy Sehnde,2,10.0,10.0
0.0,0.4,DHL,Dummy Sehnde,3,9.0,9.0
0.0,0.4,DHL,Dummy Sehnde,4,8.0,8.0
0.0,0.4,DHL,Dummy Sehnde,5,6.0,6.0
0.0,0.4,DHL,Dummy Uetze,0,8.0,8.0
0.0,0.4,DHL,Dummy Uetze,1,7.0,7.0
0.0,0.4,DHL,Dummy Uetze,2,7.0,7.0
0.0,0.4,DHL,Dummy Uetze,3,8.0,8.0
0.0,0.4,DHL,Dummy Uetze,4,6.0,6.0
0.0,0.4,DHL,Dummy Uetze,5,3.0,3.0
0.0,0.4,DHL,Dummy Wennigsen,0,7.0,7.0
0.0,0.4,DHL,Dummy Wennigsen,1,8.0,8.0
0.0,0.4,DHL,Dummy Wennigsen,2,19.0,19.0
0.0,0.4,DHL,Dummy Wennigsen,3,8.0,8.0
0.0,0.4,DHL,Dummy Wennigsen,4,7.0,7.0
0.0,0.4,DHL,Dummy Wennigsen,5,14.0,14.0
0.0,0.4,DHL,Paketzentrum / Zustellbasis Anderten,0,35.0,38.0
0.0,0.4,DHL,Paketzentrum / Zustellbasis Anderten,1,41.0,40.0
0.0,0.4,DHL,Paketzentrum / Zustellbasis Anderten,2,60.0,51.0
0.0,0.4,DHL,Paketzentrum / Zustellbasis Anderten,3,33.0,44.0
0.0,0.4,DHL,Paketzentrum / Zustellbasis Anderten,4,33.0,35.0
0.0,0.4,DHL,Paketzentrum / Zustellbasis Anderten,5,42.0,37.0
0.0,0.4,DHL,Zustellbasis Hannover am Güterbahnhof,0,105.0,100.0
0.0,0.4,DHL,Zustellbasis Hannover am Güterbahnhof,1,107.0,108.0
0.0,0.4,DHL,Zustellbasis Hannover am Güterbahnhof,2,113.0,109.0
0.0,0.4,DHL,Zustellbasis Hannover am Güterbahnhof,3,111.0,108.0
0.0,0.4,DHL,Zustellbasis Hannover am Güterbahnhof,4,97.0,94.0
0.0,0.4,DHL,Zustellbasis Hannover am Güterbahnhof,5,75.0,91.0
0.0,0.4,DHL,Zustellbasis Hannover-Süd,0,68.0,55.0
0.0,0.4,DHL,Zustellbasis Hannover-Süd,1,47.0,54.0
0.0,0.4,DHL,Zustellbasis Hannover-Süd,2,69.0,62.0
0.0,0.4,DHL,Zustellbasis Hannover-Süd,3,66.0,66.0
0.0,0.4,DHL,Zustellbasis Hannover-Süd,4,47.0,54.0
0.0,0.4,DHL,Zustellbasis Hannover-Süd,5,40.0,49.0
0.0,0.4,Amazon,Amazon Logistics HAJ8 in Garbsen,0,179.0,184.0
0.0,0.4,Amazon,Amazon Logistics HAJ8 in Garbsen,1,194.0,197.0
0.0,0.4,Amazon,Amazon Logistics HAJ8 in Garbsen,2,210.0,198.0
0.0,0.4,Amazon,Amazon Logistics HAJ8 in Garbsen,3,201.0,198.0
0.0,0.4,Amazon,Amazon Logistics HAJ8 in Garbsen,4,174.0,172.0
0.0,0.4,Amazon,Amazon Logistics HAJ8 in Garbsen,5,139.0,172.0
0.0,0.4,DPD,DPD Paketzentrum in Lehrte,0,93.0,87.0
0.0,0.4,DPD,DPD Paketzentrum in Lehrte,1,95.0,98.0
0.0,0.4,DPD,DPD Paketzentrum in Lehrte,2,98.0,98.0
0.0,0.4,DPD,DPD Paketzentrum in Lehrte,3,95.0,98.0
0.0,0.4,DPD,DPD Paketzentrum in Lehrte,4,99.0,87.0
0.0,0.4,DPD,DPD Paketzentrum in Lehrte,5,69.0,87.0
0.0,0.4,FedEx,FedEx Station - Heinz-Peter-Piper Str.,0,65.0,85.0
0.0,0.4,FedEx,FedEx Station - Heinz-Peter-Piper Str.,1,101.0,85.0
0.0,0.4,FedEx,FedEx Station - Heinz-Peter-Piper Str.,2,99.0,94.0
0.0,0.4,FedEx,FedEx Station - Heinz-Peter-Piper Str.,3,77.0,95.0
0.0,0.4,FedEx,FedEx Station - Heinz-Peter-Piper Str.,4,112.0,94.0
0.0,0.4,FedEx,FedEx Station - Heinz-Peter-Piper Str.,5,83.0,86.0
0.0,0.4,GLS,GLS in Hannover Laatzen,0,82.0,79.0
0.0,0.4,GLS,GLS in Hannover Laatzen,1,80.0,85.0
0.0,0.4,GLS,GLS in Hannover Laatzen,2,82.0,86.0
0.0,0.4,GLS,GLS in Hannover Laatzen,3,95.0,85.0
0.0,0.4,GLS,GLS in Hannover Laatzen,4,75.0,78.0
0.0,0.4,GLS,GLS in Hannover Laatzen,5,62.0,78.0
0.0,0.4,Hermes,Hermes LC Hannover Langenhagen,0,103.0,107.0
0.0,0.4,Hermes,Hermes LC Hannover Langenhagen,1,106.0,105.0
0.0,0.4,Hermes,Hermes LC Hannover Langenhagen,2,122.0,118.0
0.0,0.4,Hermes,Hermes LC Hannover Langenhagen,3,113.0,118.0
0.0,0.4,Hermes,Hermes LC Hannover Langenhagen,4,103.0,100.0
0.0,0.4,Hermes,Hermes LC Hannover Langenhagen,5,81.0,100.0
0.0,0.4,UPS,UPS Depot Hannover,0,134.0,98.0
0.0,0.4,UPS,UPS Depot Hannover,1,75.0,111.0
0.0,0.4,UPS,UPS Depot Hannover,2,97.0,111.0
0.0,0.4,UPS,UPS Depot Hannover,3,172.0,111.0
0.0,0.4,UPS,UPS Depot Hannover,4,67.0,109.0
0.0,0.4,UPS,UPS Depot Hannover,5,86.0,97.0
0.0,0.5,DHL,Brief- und Logistikzentrum in Pattensen (Hannover),0,32.0,20.0
0.0,0.5,DHL,Brief- und Logistikzentrum in Pattensen (Hannover),1,14.0,32.0
0.0,0.5,DHL,Brief- und Logistikzentrum in Pattensen (Hannover),2,17.0,20.0
0.0,0.5,DHL,Brief- und Logistikzentrum in Pattensen (Hannover),3,49.0,22.0
0.0,0.5,DHL,Brief- und Logistikzentrum in Pattensen (Hannover),4,19.0,31.0
0.0,0.5,DHL,Brief- und Logistikzentrum in Pattensen (Hannover),5,15.0,22.0
0.0,0.5,DHL,"Deutsche Post, Bantorf",0,17.0,6.0
0.0,0.5,DHL,"Deutsche Post, Bantorf",1,6.0,6.0
0.0,0.5,DHL,"Deutsche Post, Bantorf",2,7.0,22.0
0.0,0.5,DHL,"Deutsche Post, Bantorf",3,22.0,7.0
0.0,0.5,DHL,"Deutsche Post, Bantorf",4,6.0,6.0
0.0,0.5,DHL,"Deutsche Post, Bantorf",5,4.0,17.0
0.0,0.5,DHL,"Deutsche Post, Bissendorf",0,46.0,46.0
0.0,0.5,DHL,"Deutsche Post, Bissendorf",1,35.0,47.0
0.0,0.5,DHL,"Deutsche Post, Bissendorf",2,55.0,49.0
0.0,0.5,DHL,"Deutsche Post, Bissendorf",3,64.0,41.0
0.0,0.5,DHL,"Deutsche Post, Bissendorf",4,33.0,45.0
0.0,0.5,DHL,"Deutsche Post, Bissendorf",5,33.0,39.0
0.0,0.5,DHL,"Deutsche Post, Burgdorf",0,10.0,10.0
0.0,0.5,DHL,"Deutsche Post, Burgdorf",1,6.0,6.0
0.0,0.5,DHL,"Deutsche Post, Burgdorf",2,16.0,16.0
0.0,0.5,DHL,"Deutsche Post, Burgdorf",3,6.0,6.0
0.0,0.5,DHL,"Deutsche Post, Burgdorf",4,5.0,5.0
0.0,0.5,DHL,"Deutsche Post, Burgdorf",5,15.0,15.0
0.0,0.5,DHL,"Deutsche Post, Garbsen",0,12.0,12.0
0.0,0.5,DHL,"Deutsche Post, Garbsen",1,8.0,8.0
0.0,0.5,DHL,"Deutsche Post, Garbsen",2,20.0,20.0
0.0,0.5,DHL,"Deutsche Post, Garbsen",3,15.0,15.0
0.0,0.5,DHL,"Deutsche Post, Garbsen",4,8.0,8.0
0.0,0.5,DHL,"Deutsche Post, Garbsen",5,14.0,14.0
0.0,0.5,DHL,"Deutsche Post, Lehrte",0,8.0,8.0
0.0,0.5,DHL,"Deutsche Post, Lehrte",1,20.0,20.0
0.0,0.5,DHL,"Deutsche Post, Lehrte",2,17.0,17.0
0.0,0.5,DHL,"Deutsche Post, Lehrte",3,15.0,15.0
0.0,0.5,DHL,"Deutsche Post, Lehrte",4,13.0,13.0
0.0,0.5,DHL,"Deutsche Post, Lehrte",5,10.0,10.0
0.0,0.5,DHL,"Deutsche Post, Neustadt",0,17.0,17.0
0.0,0.5,DHL,"Deutsche Post, Neustadt",1,15.0,15.0
0.0,0.5,DHL,"Deutsche Post, Neustadt",2,16.0,16.0
0.0,0.5,DHL,"Deutsche Post, Neustadt",3,15.0,15.0
0.0,0.5,DHL,"Deutsche Post, Neustadt",4,13.0,13.0
0.0,0.5,DHL,"Deutsche Post, Neustadt",5,6.0,6.0
0.0,0.5,DHL,"Deutsche Post, Springe",0,9.0,9.0
0.0,0.5,DHL,"Deutsche Post, Springe",1,9.0,9.0
0.0,0.5,DHL,"Deutsche Post, Springe",2,6.0,6.0
0.0,0.5,DHL,"Deutsche Post, Springe",3,6.0,6.0
0.0,0.5,DHL,"Deutsche Post, Springe",4,17.0,17.0
0.0,0.5,DHL,"Deutsche Post, Springe",5,7.0,7.0
0.0,0.5,DHL,"Deutsche Post, Wunstorf",0,19.0,19.0
0.0,0.5,DHL,"Deutsche Post, Wunstorf",1,15.0,15.0
0.0,0.5,DHL,"Deutsche Post, Wunstorf",2,16.0,16.0
0.0,0.5,DHL,"Deutsche Post, Wunstorf",3,16.0,16.0
0.0,0.5,DHL,"Deutsche Post, Wunstorf",4,14.0,14.0
0.0,0.5,DHL,"Deutsche Post, Wunstorf",5,6.0,6.0
0.0,0.5,DHL,Dummy Seelze,0,13.0,17.0
0.0,0.5,DHL,Dummy Seelze,1,23.0,14.0
0.0,0.5,DHL,Dummy Seelze,2,12.0,21.0
0.0,0.5,DHL,Dummy Seelze,3,12.0,12.0
0.0,0.5,DHL,Dummy Seelze,4,32.0,19.0
0.0,0.5,DHL,Dummy Seelze,5,13.0,22.0
0.0,0.5,DHL,Dummy Sehnde,0,5.0,5.0
0.0,0.5,DHL,Dummy Sehnde,1,12.0,12.0
0.0,0.5,DHL,Dummy Sehnde,2,10.0,10.0
0.0,0.5,DHL,Dummy Sehnde,3,9.0,9.0
0.0,0.5,DHL,Dummy Sehnde,4,8.0,8.0
0.0,0.5,DHL,Dummy Sehnde,5,6.0,6.0
0.0,0.5,DHL,Dummy Uetze,0,7.0,7.0
0.0,0.5,DHL,Dummy Uetze,1,7.0,7.0
0.0,0.5,DHL,Dummy Uetze,2,7.0,7.0
0.0,0.5,DHL,Dummy Uetze,3,8.0,8.0
0.0,0.5,DHL,Dummy Uetze,4,6.0,6.0
0.0,0.5,DHL,Dummy Uetze,5,5.0,5.0
0.0,0.5,DHL,Dummy Wennigsen,0,17.0,17.0
0.0,0.5,DHL,Dummy Wennigsen,1,7.0,7.0
0.0,0.5,DHL,Dummy Wennigsen,2,16.0,16.0
0.0,0.5,DHL,Dummy Wennigsen,3,12.0,12.0
0.0,0.5,DHL,Dummy Wennigsen,4,6.0,6.0
0.0,0.5,DHL,Dummy Wennigsen,5,4.0,4.0
0.0,0.5,DHL,Paketzentrum / Zustellbasis Anderten,0,27.0,43.0
0.0,0.5,DHL,Paketzentrum / Zustellbasis Anderten,1,27.0,38.0
0.0,0.5,DHL,Paketzentrum / Zustellbasis Anderten,2,77.0,44.0
0.0,0.5,DHL,Paketzentrum / Zustellbasis Anderten,3,33.0,50.0
0.0,0.5,DHL,Paketzentrum / Zustellbasis Anderten,4,23.0,36.0
0.0,0.5,DHL,Paketzentrum / Zustellbasis Anderten,5,58.0,37.0
0.0,0.5,DHL,Zustellbasis Hannover am Güterbahnhof,0,108.0,99.0
0.0,0.5,DHL,Zustellbasis Hannover am Güterbahnhof,1,86.0,104.0
0.0,0.5,DHL,Zustellbasis Hannover am Güterbahnhof,2,109.0,104.0
0.0,0.5,DHL,Zustellbasis Hannover am Güterbahnhof,3,136.0,104.0
0.0,0.5,DHL,Zustellbasis Hannover am Güterbahnhof,4,81.0,101.0
0.0,0.5,DHL,Zustellbasis Hannover am Güterbahnhof,5,87.0,93.0
0.0,0.5,DHL,Zustellbasis Hannover-Süd,0,68.0,61.0
0.0,0.5,DHL,Zustellbasis Hannover-Süd,1,52.0,54.0
0.0,0.5,DHL,Zustellbasis Hannover-Süd,2,61.0,63.0
0.0,0.5,DHL,Zustellbasis Hannover-Süd,3,67.0,58.0
0.0,0.5,DHL,Zustellbasis Hannover-Süd,4,52.0,50.0
0.0,0.5,DHL,Zustellbasis Hannover-Süd,5,32.0,49.0
0.0,0.5,Amazon,Amazon Logistics HAJ8 in Garbsen,0,186.0,181.0
0.0,0.5,Amazon,Amazon Logistics HAJ8 in Garbsen,1,187.0,194.0
0.0,0.5,Amazon,Amazon Logistics HAJ8 in Garbsen,2,207.0,194.0
0.0,0.5,Amazon,Amazon Logistics HAJ8 in Garbsen,3,210.0,191.0
0.0,0.5,Amazon,Amazon Logistics HAJ8 in Garbsen,4,174.0,180.0
0.0,0.5,Amazon,Amazon Logistics HAJ8 in Garbsen,5,132.0,180.0
0.0,0.5,DPD,DPD Paketzentrum in Lehrte,0,94.0,91.0
0.0,0.5,DPD,DPD Paketzentrum in Lehrte,1,104.0,97.0
0.0,0.5,DPD,DPD Paketzentrum in Lehrte,2,90.0,97.0
0.0,0.5,DPD,DPD Paketzentrum in Lehrte,3,97.0,95.0
0.0,0.5,DPD,DPD Paketzentrum in Lehrte,4,103.0,91.0
0.0,0.5,DPD,DPD Paketzentrum in Lehrte,5,66.0,91.0
0.0,0.5,FedEx,FedEx Station - Heinz-Peter-Piper Str.,0,74.0,86.0
0.0,0.5,FedEx,FedEx Station - Heinz-Peter-Piper Str.,1,109.0,86.0
0.0,0.5,FedEx,FedEx Station - Heinz-Peter-Piper Str.,2,84.0,97.0
0.0,0.5,FedEx,FedEx Station - Heinz-Peter-Piper Str.,3,84.0,97.0
0.0,0.5,FedEx,FedEx Station - Heinz-Peter-Piper Str.,4,128.0,98.0
0.0,0.5,FedEx,FedEx Station - Heinz-Peter-Piper Str.,5,68.0,86.0
0.0,0.5,GLS,GLS in Hannover Laatzen,0,83.0,82.0
0.0,0.5,GLS,GLS in Hannover Laatzen,1,90.0,85.0
0.0,0.5,GLS,GLS in Hannover Laatzen,2,78.0,85.0
0.0,0.5,GLS,GLS in Hannover Laatzen,3,90.0,84.0
0.0,0.5,GLS,GLS in Hannover Laatzen,4,83.0,76.0
0.0,0.5,GLS,GLS in Hannover Laatzen,5,56.0,76.0
0.0,0.5,Hermes,Hermes LC Hannover Langenhagen,0,104.0,105.0
0.0,0.5,Hermes,Hermes LC Hannover Langenhagen,1,115.0,113.0
0.0,0.5,Hermes,Hermes LC Hannover Langenhagen,2,112.0,113.0
0.0,0.5,Hermes,Hermes LC Hannover Langenhagen,3,116.0,113.0
0.0,0.5,Hermes,Hermes LC Hannover Langenhagen,4,107.0,99.0
0.0,0.5,Hermes,Hermes LC Hannover Langenhagen,5,74.0,99.0
0.0,0.5,UPS,UPS Depot Hannover,0,88.0,102.0
0.0,0.5,UPS,UPS Depot Hannover,1,117.0,107.0
0.0,0.5,UPS,UPS Depot Hannover,2,111.0,109.0
0.0,0.5,UPS,UPS Depot Hannover,3,100.0,107.0
0.0,0.5,UPS,UPS Depot Hannover,4,92.0,109.0
0.0,0.5,UPS,UPS Depot Hannover,5,126.0,102.0
0.0,0.6,DHL,Brief- und Logistikzentrum in Pattensen (Hannover),0,23.0,23.0
0.0,0.6,DHL,Brief- und Logistikzentrum in Pattensen (Hannover),1,35.0,25.0
0.0,0.6,DHL,Brief- und Logistikzentrum in Pattensen (Hannover),2,13.0,25.0
0.0,0.6,DHL,Brief- und Logistikzentrum in Pattensen (Hannover),3,19.0,19.0
0.0,0.6,DHL,Brief- und Logistikzentrum in Pattensen (Hannover),4,43.0,31.0
0.0,0.6,DHL,Brief- und Logistikzentrum in Pattensen (Hannover),5,13.0,23.0
0.0,0.6,DHL,"Deutsche Post, Bantorf",0,5.0,5.0
0.0,0.6,DHL,"Deutsche Post, Bantorf",1,16.0,16.0
0.0,0.6,DHL,"Deutsche Post, Bantorf",2,6.0,6.0
0.0,0.6,DHL,"Deutsche Post, Bantorf",3,6.0,6.0
0.0,0.6,DHL,"Deutsche Post, Bantorf",4,23.0,23.0
0.0,0.6,DHL,"Deutsche Post, Bantorf",5,8.0,8.0
0.0,0.6,DHL,"Deutsche Post, Bissendorf",0,47.0,33.0
0.0,0.6,DHL,"Deutsche Post, Bissendorf",1,37.0,47.0
0.0,0.6,DHL,"Deutsche Post, Bissendorf",2,54.0,54.0
0.0,0.6,DHL,"Deutsche Post, Bissendorf",3,67.0,51.0
0.0,0.6,DHL,"Deutsche Post, Bissendorf",4,36.0,47.0
0.0,0.6,DHL,"Deutsche Post, Bissendorf",5,24.0,34.0
0.0,0.6,DHL,"Deutsche Post, Burgdorf",0,18.0,18.0
0.0,0.6,DHL,"Deutsche Post, Burgdorf",1,10.0,10.0
0.0,0.6,DHL,"Deutsche Post, Burgdorf",2,5.0,5.0
0.0,0.6,DHL,"Deutsche Post, Burgdorf",3,17.0,17.0
0.0,0.6,DHL,"Deutsche Post, Burgdorf",4,4.0,4.0
0.0,0.6,DHL,"Deutsche Post, Burgdorf",5,3.0,3.0
0.0,0.6,DHL,"Deutsche Post, Garbsen",0,12.0,12.0
0.0,0.6,DHL,"Deutsche Post, Garbsen",1,9.0,9.0
0.0,0.6,DHL,"Deutsche Post, Garbsen",2,18.0,18.0
0.0,0.6,DHL,"Deutsche Post, Garbsen",3,15.0,15.0
0.0,0.6,DHL,"Deutsche Post, Garbsen",4,6.0,6.0
0.0,0.6,DHL,"Deutsche Post, Garbsen",5,16.0,16.0
0.0,0.6,DHL,"Deutsche Post, Lehrte",0,6.0,6.0
0.0,0.6,DHL,"Deutsche Post, Lehrte",1,22.0,22.0
0.0,0.6,DHL,"Deutsche Post, Lehrte",2,17.0,17.0
0.0,0.6,DHL,"Deutsche Post, Lehrte",3,15.0,15.0
0.0,0.6,DHL,"Deutsche Post, Lehrte",4,6.0,6.0
0.0,0.6,DHL,"Deutsche Post, Lehrte",5,17.0,17.0
0.0,0.6,DHL,"Deutsche Post, Neustadt",0,6.0,6.0
0.0,0.6,DHL,"Deutsche Post, Neustadt",1,27.0,22.0
0.0,0.6,DHL,"Deutsche Post, Neustadt",2,16.0,16.0
0.0,0.6,DHL,"Deutsche Post, Neustadt",3,15.0,15.0
0.0,0.6,DHL,"Deutsche Post, Neustadt",4,13.0,6.0
0.0,0.6,DHL,"Deutsche Post, Neustadt",5,5.0,17.0
0.0,0.6,DHL,"Deutsche Post, Springe",0,17.0,17.0
0.0,0.6,DHL,"Deutsche Post, Springe",1,4.0,4.0
0.0,0.6,DHL,"Deutsche Post, Springe",2,15.0,15.0
0.0,0.6,DHL,"Deutsche Post, Springe",3,10.0,10.0
0.0,0.6,DHL,"Deutsche Post, Springe",4,4.0,4.0
0.0,0.6,DHL,"Deutsche Post, Springe",5,3.0,3.0
0.0,0.6,DHL,"Deutsche Post, Wunstorf",0,20.0,20.0
0.0,0.6,DHL,"Deutsche Post, Wunstorf",1,15.0,15.0
0.0,0.6,DHL,"Deutsche Post, Wunstorf",2,16.0,16.0
0.0,0.6,DHL,"Deutsche Post, Wunstorf",3,7.0,7.0
0.0,0.6,DHL,"Deutsche Post, Wunstorf",4,22.0,22.0
0.0,0.6,DHL,"Deutsche Post, Wunstorf",5,5.0,5.0
0.0,0.6,DHL,Dummy Seelze,0,33.0,19.0
0.0,0.6,DHL,Dummy Seelze,1,9.0,24.0
0.0,0.6,DHL,Dummy Seelze,2,9.0,9.0
0.0,0.6,DHL,Dummy Seelze,3,40.0,23.0
0.0,0.6,DHL,Dummy Seelze,4,8.0,25.0
0.0,0.6,DHL,Dummy Seelze,5,7.0,7.0
0.0,0.6,DHL,Dummy Sehnde,0,4.0,4.0
0.0,0.6,DHL,Dummy Sehnde,1,13.0,13.0
0.0,0.6,DHL,Dummy Sehnde,2,10.0,10.0
0.0,0.6,DHL,Dummy Sehnde,3,9.0,9.0
0.0,0.6,DHL,Dummy Sehnde,4,8.0,8.0
0.0,0.6,DHL,Dummy Sehnde,5,6.0,6.0
0.0,0.6,DHL,Dummy Uetze,0,3.0,3.0
0.0,0.6,DHL,Dummy Uetze,1,13.0,13.0
0.0,0.6,DHL,Dummy Uetze,2,7.0,7.0
0.0,0.6,DHL,Dummy Uetze,3,8.0,8.0
0.0,0.6,DHL,Dummy Uetze,4,6.0,6.0
0.0,0.6,DHL,Dummy Uetze,5,2.0,2.0
0.0,0.6,DHL,Dummy Wennigsen,0,12.0,12.0
0.0,0.6,DHL,Dummy Wennigsen,1,11.0,11.0
0.0,0.6,DHL,Dummy Wennigsen,2,6.0,6.0
0.0,0.6,DHL,Dummy Wennigsen,3,21.0,21.0
0.0,0.6,DHL,Dummy Wennigsen,4,5.0,5.0
0.0,0.6,DHL,Dummy Wennigsen,5,8.0,8.0
0.0,0.6,DHL,Paketzentrum / Zustellbasis Anderten,0,22.0,35.0
0.0,0.6,DHL,Paketzentrum / Zustellbasis Anderten,1,78.0,40.0
0.0,0.6,DHL,Paketzentrum / Zustellbasis Anderten,2,22.0,50.0
0.0,0.6,DHL,Paketzentrum / Zustellbasis Anderten,3,22.0,39.0
0.0,0.6,DHL,Paketzentrum / Zustellbasis Anderten,4,88.0,44.0
0.0,0.6,DHL,Paketzentrum / Zustellbasis Anderten,5,15.0,39.0
0.0,0.6,DHL,Zustellbasis Hannover am Güterbahnhof,0,96.0,94.0
0.0,0.6,DHL,Zustellbasis Hannover am Güterbahnhof,1,96.0,109.0
0.0,0.6,DHL,Zustellbasis Hannover am Güterbahnhof,2,118.0,109.0
0.0,0.6,DHL,Zustellbasis Hannover am Güterbahnhof,3,116.0,105.0
0.0,0.6,DHL,Zustellbasis Hannover am Güterbahnhof,4,107.0,105.0
0.0,0.6,DHL,Zustellbasis Hannover am Güterbahnhof,5,80.0,93.0
0.0,0.6,DHL,Zustellbasis Hannover-Süd,0,96.0,59.0
0.0,0.6,DHL,Zustellbasis Hannover-Süd,1,36.0,56.0
0.0,0.6,DHL,Zustellbasis Hannover-Süd,2,34.0,56.0
0.0,0.6,DHL,Zustellbasis Hannover-Süd,3,99.0,60.0
0.0,0.6,DHL,Zustellbasis Hannover-Süd,4,48.0,59.0
0.0,0.6,DHL,Zustellbasis Hannover-Süd,5,21.0,46.0
0.0,0.6,Amazon,Amazon Logistics HAJ8 in Garbsen,0,181.0,182.0
0.0,0.6,Amazon,Amazon Logistics HAJ8 in Garbsen,1,196.0,194.0
0.0,0.6,Amazon,Amazon Logistics HAJ8 in Garbsen,2,208.0,194.0
0.0,0.6,Amazon,Amazon Logistics HAJ8 in Garbsen,3,210.0,191.0
0.0,0.6,Amazon,Amazon Logistics HAJ8 in Garbsen,4,186.0,183.0
0.0,0.6,Amazon,Amazon Logistics HAJ8 in Garbsen,5,123.0,182.0
0.0,0.6,DPD,DPD Paketzentrum in Lehrte,0,100.0,89.0
0.0,0.6,DPD,DPD Paketzentrum in Lehrte,1,98.0,100.0
0.0,0.6,DPD,DPD Paketzentrum in Lehrte,2,92.0,102.0
0.0,0.6,DPD,DPD Paketzentrum in Lehrte,3,113.0,102.0
0.0,0.6,DPD,DPD Paketzentrum in Lehrte,4,94.0,91.0
0.0,0.6,DPD,DPD Paketzentrum in Lehrte,5,69.0,89.0
0.0,0.6,FedEx,FedEx Station - Heinz-Peter-Piper Str.,0,63.0,87.0
0.0,0.6,FedEx,FedEx Station - Heinz-Peter-Piper Str.,1,99.0,91.0
0.0,0.6,FedEx,FedEx Station - Heinz-Peter-Piper Str.,2,104.0,95.0
0.0,0.6,FedEx,FedEx Station - Heinz-Peter-Piper Str.,3,83.0,97.0
0.0,0.6,FedEx,FedEx Station - Heinz-Peter-Piper Str.,4,95.0,96.0
0.0,0.6,FedEx,FedEx Station - Heinz-Peter-Piper Str.,5,103.0,87.0
0.0,0.6,GLS,GLS in Hannover Laatzen,0,77.0,80.0
0.0,0.6,GLS,GLS in Hannover Laatzen,1,86.0,85.0
0.0,0.6,GLS,GLS in Hannover Laatzen,2,91.0,87.0
0.0,0.6,GLS,GLS in Hannover Laatzen,3,91.0,87.0
0.0,0.6,GLS,GLS in Hannover Laatzen,4,80.0,80.0
0.0,0.6,GLS,GLS in Hannover Laatzen,5,68.0,80.0
0.0,0.6,Hermes,Hermes LC Hannover Langenhagen,0,103.0,107.0
0.0,0.6,Hermes,Hermes LC Hannover Langenhagen,1,104.0,111.0
0.0,0.6,Hermes,Hermes LC Hannover Langenhagen,2,118.0,111.0
0.0,0.6,Hermes,Hermes LC Hannover Langenhagen,3,117.0,110.0
0.0,0.6,Hermes,Hermes LC Hannover Langenhagen,4,116.0,107.0
0.0,0.6,Hermes,Hermes LC Hannover Langenhagen,5,79.0,108.0
0.0,0.6,UPS,UPS Depot Hannover,0,101.0,100.0
0.0,0.6,UPS,UPS Depot Hannover,1,128.0,102.0
0.0,0.6,UPS,UPS Depot Hannover,2,83.0,115.0
0.0,0.6,UPS,UPS Depot Hannover,3,120.0,116.0
0.0,0.6,UPS,UPS Depot Hannover,4,140.0,113.0
0.0,0.6,UPS,UPS Depot Hannover,5,72.0,100.0
0.0,0.7,DHL,Brief- und Logistikzentrum in Pattensen (Hannover),0,9.0,18.0
0.0,0.7,DHL,Brief- und Logistikzentrum in Pattensen (Hannover),1,10.0,22.0
0.0,0.7,DHL,Brief- und Logistikzentrum in Pattensen (Hannover),2,60.0,35.0
0.0,0.7,DHL,Brief- und Logistikzentrum in Pattensen (Hannover),3,10.0,21.0
0.0,0.7,DHL,Brief- und Logistikzentrum in Pattensen (Hannover),4,9.0,23.0
0.0,0.7,DHL,Brief- und Logistikzentrum in Pattensen (Hannover),5,49.0,29.0
0.0,0.7,DHL,"Deutsche Post, Bantorf",0,21.0,21.0
0.0,0.7,DHL,"Deutsche Post, Bantorf",1,4.0,4.0
0.0,0.7,DHL,"Deutsche Post, Bantorf",2,20.0,20.0
0.0,0.7,DHL,"Deutsche Post, Bantorf",3,12.0,12.0
0.0,0.7,DHL,"Deutsche Post, Bantorf",4,4.0,4.0
0.0,0.7,DHL,"Deutsche Post, Bantorf",5,3.0,3.0
0.0,0.7,DHL,"Deutsche Post, Bissendorf",0,15.0,31.0
0.0,0.7,DHL,"Deutsche Post, Bissendorf",1,85.0,52.0
0.0,0.7,DHL,"Deutsche Post, Bissendorf",2,19.0,55.0
0.0,0.7,DHL,"Deutsche Post, Bissendorf",3,54.0,35.0
0.0,0.7,DHL,"Deutsche Post, Bissendorf",4,71.0,56.0
0.0,0.7,DHL,"Deutsche Post, Bissendorf",5,23.0,38.0
0.0,0.7,DHL,"Deutsche Post, Burgdorf",0,4.0,4.0
0.0,0.7,DHL,"Deutsche Post, Burgdorf",1,16.0,16.0
0.0,0.7,DHL,"Deutsche Post, Burgdorf",2,4.0,4.0
0.0,0.7,DHL,"Deutsche Post, Burgdorf",3,18.0,18.0
0.0,0.7,DHL,"Deutsche Post, Burgdorf",4,9.0,9.0
0.0,0.7,DHL,"Deutsche Post, Burgdorf",5,7.0,7.0
0.0,0.7,DHL,"Deutsche Post, Garbsen",0,8.0,8.0
0.0,0.7,DHL,"Deutsche Post, Garbsen",1,19.0,19.0
0.0,0.7,DHL,"Deutsche Post, Garbsen",2,10.0,10.0
0.0,0.7,DHL,"Deutsche Post, Garbsen",3,19.0,19.0
0.0,0.7,DHL,"Deutsche Post, Garbsen",4,8.0,8.0
0.0,0.7,DHL,"Deutsche Post, Garbsen",5,10.0,10.0
0.0,0.7,DHL,"Deutsche Post, Lehrte",0,5.0,5.0
0.0,0.7,DHL,"Deutsche Post, Lehrte",1,5.0,5.0
0.0,0.7,DHL,"Deutsche Post, Lehrte",2,35.0,35.0
0.0,0.7,DHL,"Deutsche Post, Lehrte",3,15.0,15.0
0.0,0.7,DHL,"Deutsche Post, Lehrte",4,13.0,13.0
0.0,0.7,DHL,"Deutsche Post, Lehrte",5,10.0,10.0
0.0,0.7,DHL,"Deutsche Post, Neustadt",0,5.0,5.0
0.0,0.7,DHL,"Deutsche Post, Neustadt",1,23.0,23.0
0.0,0.7,DHL,"Deutsche Post, Neustadt",2,16.0,16.0
0.0,0.7,DHL,"Deutsche Post, Neustadt",3,15.0,15.0
0.0,0.7,DHL,"Deutsche Post, Neustadt",4,5.0,5.0
0.0,0.7,DHL,"Deutsche Post, Neustadt",5,18.0,18.0
0.0,0.7,DHL,"Deutsche Post, Springe",0,9.0,9.0
0.0,0.7,DHL,"Deutsche Post, Springe",1,3.0,3.0
0.0,0.7,DHL,"Deutsche Post, Springe",2,16.0,16.0
0.0,0.7,DHL,"Deutsche Post, Springe",3,10.0,10.0
0.0,0.7,DHL,"Deutsche Post, Springe",4,3.0,3.0
0.0,0.7,DHL,"Deutsche Post, Springe",5,12.0,12.0
0.0,0.7,DHL,"Deutsche Post, Wunstorf",0,30.0,5.0
0.0,0.7,DHL,"Deutsche Post, Wunstorf",1,5.0,32.0
0.0,0.7,DHL,"Deutsche Post, Wunstorf",2,6.0,6.0
0.0,0.7,DHL,"Deutsche Post, Wunstorf",3,36.0,6.0
0.0,0.7,DHL,"Deutsche Post, Wunstorf",4,5.0,35.0
0.0,0.7,DHL,"Deutsche Post, Wunstorf",5,4.0,4.0
0.0,0.7,DHL,Dummy Seelze,0,7.0,7.0
0.0,0.7,DHL,Dummy Seelze,1,38.0,25.0
0.0,0.7,DHL,Dummy Seelze,2,7.0,22.0
0.0,0.7,DHL,Dummy Seelze,3,7.0,7.0
0.0,0.7,DHL,Dummy Seelze,4,41.0,27.0
0.0,0.7,DHL,Dummy Seelze,5,5.0,18.0
0.0,0.7,DHL,Dummy Sehnde,0,3.0,3.0
0.0,0.7,DHL,Dummy Sehnde,1,14.0,14.0
0.0,0.7,DHL,Dummy Sehnde,2,10.0,10.0
0.0,0.7,DHL,Dummy Sehnde,3,9.0,9.0
0.0,0.7,DHL,Dummy Sehnde,4,8.0,8.0
0.0,0.7,DHL,Dummy Sehnde,5,6.0,6.0
0.0,0.7,DHL,Dummy Uetze,0,13.0,13.0
0.0,0.7,DHL,Dummy Uetze,1,7.0,7.0
0.0,0.7,DHL,Dummy Uetze,2,7.0,7.0
0.0,0.7,DHL,Dummy Uetze,3,8.0,8.0
0.0,0.7,DHL,Dummy Uetze,4,2.0,2.0
0.0,0.7,DHL,Dummy Uetze,5,2.0,2.0
0.0,0.7,DHL,Dummy Wennigsen,0,4.0,4.0
0.0,0.7,DHL,Dummy Wennigsen,1,17.0,17.0
0.0,0.7,DHL,Dummy Wennigsen,2,4.0,4.0
0.0,0.7,DHL,Dummy Wennigsen,3,4.0,4.0
0.0,0.7,DHL,Dummy Wennigsen,4,24.0,24.0
0.0,0.7,DHL,Dummy Wennigsen,5,8.0,8.0
0.0,0.7,DHL,Paketzentrum / Zustellbasis Anderten,0,15.0,40.0
0.0,0.7,DHL,Paketzentrum / Zustellbasis Anderten,1,16.0,34.0
0.0,0.7,DHL,Paketzentrum / Zustellbasis Anderten,2,99.0,51.0
0.0,0.7,DHL,Paketzentrum / Zustellbasis Anderten,3,19.0,45.0
0.0,0.7,DHL,Paketzentrum / Zustellbasis Anderten,4,15.0,35.0
0.0,0.7,DHL,Paketzentrum / Zustellbasis Anderten,5,80.0,42.0
0.0,0.7,DHL,Zustellbasis Hannover am Güterbahnhof,0,115.0,86.0
0.0,0.7,DHL,Zustellbasis Hannover am Güterbahnhof,1,64.0,105.0
0.0,0.7,DHL,Zustellbasis Hannover am Güterbahnhof,2,121.0,111.0
0.0,0.7,DHL,Zustellbasis Hannover am Güterbahnhof,3,140.0,113.0
0.0,0.7,DHL,Zustellbasis Hannover am Güterbahnhof,4,77.0,110.0
0.0,0.7,DHL,Zustellbasis Hannover am Güterbahnhof,5,94.0,90.0
0.0,0.7,DHL,Zustellbasis Hannover-Süd,0,60.0,50.0
0.0,0.7,DHL,Zustellbasis Hannover-Süd,1,38.0,46.0
0.0,0.7,DHL,Zustellbasis Hannover-Süd,2,76.0,72.0
0.0,0.7,DHL,Zustellbasis Hannover-Süd,3,64.0,61.0
0.0,0.7,DHL,Zustellbasis Hannover-Süd,4,50.0,54.0
0.0,0.7,DHL,Zustellbasis Hannover-Süd,5,44.0,51.0
0.0,0.7,Amazon,Amazon Logistics HAJ8 in Garbsen,0,171.0,180.0
0.0,0.7,Amazon,Amazon Logistics HAJ8 in Garbsen,1,185.0,184.0
0.0,0.7,Amazon,Amazon Logistics HAJ8 in Garbsen,2,210.0,191.0
0.0,0.7,Amazon,Amazon Logistics HAJ8 in Garbsen,3,206.0,191.0
0.0,0.7,Amazon,Amazon Logistics HAJ8 in Garbsen,4,164.0,184.0
0.0,0.7,Amazon,Amazon Logistics HAJ8 in Garbsen,5,159.0,180.0
0.0,0.7,DPD,DPD Paketzentrum in Lehrte,0,96.0,93.0
0.0,0.7,DPD,DPD Paketzentrum in Lehrte,1,94.0,95.0
0.0,0.7,DPD,DPD Paketzentrum in Lehrte,2,105.0,102.0
0.0,0.7,DPD,DPD Paketzentrum in Lehrte,3,102.0,102.0
0.0,0.7,DPD,DPD Paketzentrum in Lehrte,4,103.0,101.0
0.0,0.7,DPD,DPD Paketzentrum in Lehrte,5,84.0,93.0
0.0,0.7,FedEx,FedEx Station - Heinz-Peter-Piper Str.,0,90.0,86.0
0.0,0.7,FedEx,FedEx Station - Heinz-Peter-Piper Str.,1,97.0,86.0
0.0,0.7,FedEx,FedEx Station - Heinz-Peter-Piper Str.,2,85.0,98.0
0.0,0.7,FedEx,FedEx Station - Heinz-Peter-Piper Str.,3,117.0,98.0
0.0,0.7,FedEx,FedEx Station - Heinz-Peter-Piper Str.,4,91.0,98.0
0.0,0.7,FedEx,FedEx Station - Heinz-Peter-Piper Str.,5,77.0,94.0
0.0,0.7,GLS,GLS in Hannover Laatzen,0,76.0,80.0
0.0,0.7,GLS,GLS in Hannover Laatzen,1,90.0,81.0
0.0,0.7,GLS,GLS in Hannover Laatzen,2,82.0,87.0
0.0,0.7,GLS,GLS in Hannover Laatzen,3,88.0,87.0
0.0,0.7,GLS,GLS in Hannover Laatzen,4,92.0,87.0
0.0,0.7,GLS,GLS in Hannover Laatzen,5,71.0,80.0
0.0,0.7,Hermes,Hermes LC Hannover Langenhagen,0,107.0,111.0
0.0,0.7,Hermes,Hermes LC Hannover Langenhagen,1,117.0,109.0
0.0,0.7,Hermes,Hermes LC Hannover Langenhagen,2,108.0,111.0
0.0,0.7,Hermes,Hermes LC Hannover Langenhagen,3,130.0,112.0
0.0,0.7,Hermes,Hermes LC Hannover Langenhagen,4,106.0,109.0
0.0,0.7,Hermes,Hermes LC Hannover Langenhagen,5,82.0,109.0
0.0,0.7,UPS,UPS Depot Hannover,0,122.0,100.0
0.0,0.7,UPS,UPS Depot Hannover,1,100.0,101.0
0.0,0.7,UPS,UPS Depot Hannover,2,94.0,121.0
0.0,0.7,UPS,UPS Depot Hannover,3,149.0,121.0
0.0,0.7,UPS,UPS Depot Hannover,4,110.0,110.0
0.0,0.7,UPS,UPS Depot Hannover,5,85.0,109.0
0.0,0.8,DHL,Brief- und Logistikzentrum in Pattensen (Hannover),0,55.0,30.0
0.0,0.8,DHL,Brief- und Logistikzentrum in Pattensen (Hannover),1,7.0,33.0
0.0,0.8,DHL,Brief- und Logistikzentrum in Pattensen (Hannover),2,7.0,7.0
0.0,0.8,DHL,Brief- und Logistikzentrum in Pattensen (Hannover),3,66.0,36.0
0.0,0.8,DHL,Brief- und Logistikzentrum in Pattensen (Hannover),4,6.0,35.0
0.0,0.8,DHL,Brief- und Logistikzentrum in Pattensen (Hannover),5,5.0,5.0
0.0,0.8,DHL,"Deutsche Post, Bantorf",0,23.0,23.0
0.0,0.8,DHL,"Deutsche Post, Bantorf",1,3.0,3.0
0.0,0.8,DHL,"Deutsche Post, Bantorf",2,21.0,21.0
0.0,0.8,DHL,"Deutsche Post, Bantorf",3,12.0,12.0
0.0,0.8,DHL,"Deutsche Post, Bantorf",4,3.0,3.0
0.0,0.8,DHL,"Deutsche Post, Bantorf",5,2.0,2.0
0.0,0.8,DHL,"Deutsche Post, Bissendorf",0,29.0,29.0
0.0,0.8,DHL,"Deutsche Post, Bissendorf",1,72.0,53.0
0.0,0.8,DHL,"Deutsche Post, Bissendorf",2,35.0,57.0
0.0,0.8,DHL,"Deutsche Post, Bissendorf",3,31.0,31.0
0.0,0.8,DHL,"Deutsche Post, Bissendorf",4,77.0,55.0
0.0,0.8,DHL,"Deutsche Post, Bissendorf",5,21.0,40.0
0.0,0.8,DHL,"Deutsche Post, Burgdorf",0,21.0,21.0
0.0,0.8,DHL,"Deutsche Post, Burgdorf",1,10.0,10.0
0.0,0.8,DHL,"Deutsche Post, Burgdorf",2,3.0,3.0
0.0,0.8,DHL,"Deutsche Post, Burgdorf",3,19.0,19.0
0.0,0.8,DHL,"Deutsche Post, Burgdorf",4,2.0,2.0
0.0,0.8,DHL,"Deutsche Post, Burgdorf",5,2.0,2.0
0.0,0.8,DHL,"Deutsche Post, Garbsen",0,8.0,8.0
0.0,0.8,DHL,"Deutsche Post, Garbsen",1,4.0,4.0
0.0,0.8,DHL,"Deutsche Post, Garbsen",2,18.0,18.0
0.0,0.8,DHL,"Deutsche Post, Garbsen",3,20.0,20.0
0.0,0.8,DHL,"Deutsche Post, Garbsen",4,4.0,4.0
0.0,0.8,DHL,"Deutsche Post, Garbsen",5,23.0,23.0
0.0,0.8,DHL,"Deutsche Post, Lehrte",0,3.0,3.0
0.0,0.8,DHL,"Deutsche Post, Lehrte",1,32.0,32.0
0.0,0.8,DHL,"Deutsche Post, Lehrte",2,4.0,4.0
0.0,0.8,DHL,"Deutsche Post, Lehrte",3,28.0,28.0
0.0,0.8,DHL,"Deutsche Post, Lehrte",4,13.0,13.0
0.0,0.8,DHL,"Deutsche Post, Lehrte",5,3.0,3.0
0.0,0.8,DHL,"Deutsche Post, Neustadt",0,3.0,3.0
0.0,0.8,DHL,"Deutsche Post, Neustadt",1,32.0,32.0
0.0,0.8,DHL,"Deutsche Post, Neustadt",2,4.0,4.0
0.0,0.8,DHL,"Deutsche Post, Neustadt",3,4.0,4.0
0.0,0.8,DHL,"Deutsche Post, Neustadt",4,37.0,37.0
0.0,0.8,DHL,"Deutsche Post, Neustadt",5,3.0,3.0
0.0,0.8,DHL,"Deutsche Post, Springe",0,2.0,2.0
0.0,0.8,DHL,"Deutsche Post, Springe",1,2.0,2.0
0.0,0.8,DHL,"Deutsche Post, Springe",2,24.0,24.0
0.0,0.8,DHL,"Deutsche Post, Springe",3,3.0,3.0
0.0,0.8,DHL,"Deutsche Post, Springe",4,2.0,2.0
0.0,0.8,DHL,"Deutsche Post, Springe",5,21.0,21.0
0.0,0.8,DHL,"Deutsche Post, Wunstorf",0,4.0,4.0
0.0,0.8,DHL,"Deutsche Post, Wunstorf",1,26.0,26.0
0.0,0.8,DHL,"Deutsche Post, Wunstorf",2,16.0,16.0
0.0,0.8,DHL,"Deutsche Post, Wunstorf",3,4.0,4.0
0.0,0.8,DHL,"Deutsche Post, Wunstorf",4,3.0,3.0
0.0,0.8,DHL,"Deutsche Post, Wunstorf",5,33.0,33.0
0.0,0.8,DHL,Dummy Seelze,0,39.0,25.0
0.0,0.8,DHL,Dummy Seelze,1,5.0,5.0
0.0,0.8,DHL,Dummy Seelze,2,5.0,23.0
0.0,0.8,DHL,Dummy Seelze,3,48.0,30.0
0.0,0.8,DHL,Dummy Seelze,4,5.0,5.0
0.0,0.8,DHL,Dummy Seelze,5,4.0,18.0
0.0,0.8,DHL,Dummy Sehnde,0,2.0,2.0
0.0,0.8,DHL,Dummy Sehnde,1,19.0,19.0
0.0,0.8,DHL,Dummy Sehnde,2,3.0,3.0
0.0,0.8,DHL,Dummy Sehnde,3,2.0,2.0
0.0,0.8,DHL,Dummy Sehnde,4,22.0,22.0
0.0,0.8,DHL,Dummy Sehnde,5,2.0,2.0
0.0,0.8,DHL,Dummy Uetze,0,14.0,14.0
0.0,0.8,DHL,Dummy Uetze,1,2.0,2.0
0.0,0.8,DHL,Dummy Uetze,2,12.0,12.0
0.0,0.8,DHL,Dummy Uetze,3,8.0,8.0
0.0,0.8,DHL,Dummy Uetze,4,2.0,2.0
0.0,0.8,DHL,Dummy Uetze,5,1.0,1.0
0.0,0.8,DHL,Dummy Wennigsen,0,9.0,9.0
0.0,0.8,DHL,Dummy Wennigsen,1,18.0,18.0
0.0,0.8,DHL,Dummy Wennigsen,2,4.0,4.0
0.0,0.8,DHL,Dummy Wennigsen,3,4.0,4.0
0.0,0.8,DHL,Dummy Wennigsen,4,27.0,27.0
0.0,0.8,DHL,Dummy Wennigsen,5,2.0,2.0
0.0,0.8,DHL,Paketzentrum / Zustellbasis Anderten,0,84.0,39.0
0.0,0.8,DHL,Paketzentrum / Zustellbasis Anderten,1,17.0,30.0
0.0,0.8,DHL,Paketzentrum / Zustellbasis Anderten,2,40.0,50.0
0.0,0.8,DHL,Paketzentrum / Zustellbasis Anderten,3,83.0,40.0
0.0,0.8,DHL,Paketzentrum / Zustellbasis Anderten,4,11.0,37.0
0.0,0.8,DHL,Paketzentrum / Zustellbasis Anderten,5,12.0,52.0
0.0,0.8,DHL,Zustellbasis Hannover am Güterbahnhof,0,58.0,101.0
0.0,0.8,DHL,Zustellbasis Hannover am Güterbahnhof,1,166.0,88.0
0.0,0.8,DHL,Zustellbasis Hannover am Güterbahnhof,2,70.0,111.0
0.0,0.8,DHL,Zustellbasis Hannover am Güterbahnhof,3,99.0,108.0
0.0,0.8,DHL,Zustellbasis Hannover am Güterbahnhof,4,165.0,102.0
0.0,0.8,DHL,Zustellbasis Hannover am Güterbahnhof,5,58.0,104.0
0.0,0.8,DHL,Zustellbasis Hannover-Süd,0,103.0,58.0
0.0,0.8,DHL,Zustellbasis Hannover-Süd,1,41.0,57.0
0.0,0.8,DHL,Zustellbasis Hannover-Süd,2,19.0,55.0
0.0,0.8,DHL,Zustellbasis Hannover-Süd,3,130.0,65.0
0.0,0.8,DHL,Zustellbasis Hannover-Süd,4,25.0,51.0
0.0,0.8,DHL,Zustellbasis Hannover-Süd,5,18.0,53.0
0.0,0.8,Amazon,Amazon Logistics HAJ8 in Garbsen,0,178.0,185.0
0.0,0.8,Amazon,Amazon Logistics HAJ8 in Garbsen,1,200.0,184.0
0.0,0.8,Amazon,Amazon Logistics HAJ8 in Garbsen,2,176.0,183.0
0.0,0.8,Amazon,Amazon Logistics HAJ8 in Garbsen,3,193.0,186.0
0.0,0.8,Amazon,Amazon Logistics HAJ8 in Garbsen,4,218.0,183.0
0.0,0.8,Amazon,Amazon Logistics HAJ8 in Garbsen,5,131.0,184.0
0.0,0.8,DPD,DPD Paketzentrum in Lehrte,0,111.0,95.0
0.0,0.8,DPD,DPD Paketzentrum in Lehrte,1,82.0,95.0
0.0,0.8,DPD,DPD Paketzentrum in Lehrte,2,106.0,109.0
0.0,0.8,DPD,DPD Paketzentrum in Lehrte,3,130.0,109.0
0.0,0.8,DPD,DPD Paketzentrum in Lehrte,4,91.0,106.0
0.0,0.8,DPD,DPD Paketzentrum in Lehrte,5,90.0,96.0
0.0,0.8,FedEx,FedEx Station - Heinz-Peter-Piper Str.,0,108.0,91.0
0.0,0.8,FedEx,FedEx Station - Heinz-Peter-Piper Str.,1,63.0,90.0
0.0,0.8,FedEx,FedEx Station - Heinz-Peter-Piper Str.,2,119.0,97.0
0.0,0.8,FedEx,FedEx Station - Heinz-Peter-Piper Str.,3,114.0,98.0
0.0,0.8,FedEx,FedEx Station - Heinz-Peter-Piper Str.,4,67.0,98.0
0.0,0.8,FedEx,FedEx Station - Heinz-Peter-Piper Str.,5,94.0,94.0
0.0,0.8,GLS,GLS in Hannover Laatzen,0,78.0,84.0
0.0,0.8,GLS,GLS in Hannover Laatzen,1,84.0,87.0
0.0,0.8,GLS,GLS in Hannover Laatzen,2,108.0,95.0
0.0,0.8,GLS,GLS in Hannover Laatzen,3,88.0,95.0
0.0,0.8,GLS,GLS in Hannover Laatzen,4,88.0,94.0
0.0,0.8,GLS,GLS in Hannover Laatzen,5,92.0,85.0
0.0,0.8,Hermes,Hermes LC Hannover Langenhagen,0,121.0,110.0
0.0,0.8,Hermes,Hermes LC Hannover Langenhagen,1,88.0,110.0
0.0,0.8,Hermes,Hermes LC Hannover Langenhagen,2,110.0,118.0
0.0,0.8,Hermes,Hermes LC Hannover Langenhagen,3,165.0,116.0
0.0,0.8,Hermes,Hermes LC Hannover Langenhagen,4,86.0,118.0
0.0,0.8,Hermes,Hermes LC Hannover Langenhagen,5,100.0,109.0
0.0,0.8,UPS,UPS Depot Hannover,0,117.0,101.0
0.0,0.8,UPS,UPS Depot Hannover,1,120.0,109.0
0.0,0.8,UPS,UPS Depot Hannover,2,82.0,118.0
0.0,0.8,UPS,UPS Depot Hannover,3,143.0,121.0
0.0,0.8,UPS,UPS Depot Hannover,4,134.0,120.0
0.0,0.8,UPS,UPS Depot Hannover,5,74.0,105.0
0.0,0.9,DHL,Brief- und Logistikzentrum in Pattensen (Hannover),0,59.0,31.0
0.0,0.9,DHL,Brief- und Logistikzentrum in Pattensen (Hannover),1,4.0,4.0
0.0,0.9,DHL,Brief- und Logistikzentrum in Pattensen (Hannover),2,4.0,38.0
0.0,0.9,DHL,Brief- und Logistikzentrum in Pattensen (Hannover),3,72.0,38.0
0.0,0.9,DHL,Brief- und Logistikzentrum in Pattensen (Hannover),4,4.0,4.0
0.0,0.9,DHL,Brief- und Logistikzentrum in Pattensen (Hannover),5,3.0,32.0
0.0,0.9,DHL,"Deutsche Post, Bantorf",0,16.0,16.0
0.0,0.9,DHL,"Deutsche Post, Bantorf",1,2.0,2.0
0.0,0.9,DHL,"Deutsche Post, Bantorf",2,22.0,22.0
0.0,0.9,DHL,"Deutsche Post, Bantorf",3,2.0,2.0
0.0,0.9,DHL,"Deutsche Post, Bantorf",4,20.0,20.0
0.0,0.9,DHL,"Deutsche Post, Bantorf",5,1.0,1.0
0.0,0.9,DHL,"Deutsche Post, Bissendorf",0,30.0,30.0
0.0,0.9,DHL,"Deutsche Post, Bissendorf",1,50.0,50.0
0.0,0.9,DHL,"Deutsche Post, Bissendorf",2,57.0,57.0
0.0,0.9,DHL,"Deutsche Post, Bissendorf",3,38.0,38.0
0.0,0.9,DHL,"Deutsche Post, Bissendorf",4,49.0,49.0
0.0,0.9,DHL,"Deutsche Post, Bissendorf",5,41.0,41.0
0.0,0.9,DHL,"Deutsche Post, Burgdorf",0,23.0,23.0
0.0,0.9,DHL,"Deutsche Post, Burgdorf",1,2.0,2.0
0.0,0.9,DHL,"Deutsche Post, Burgdorf",2,2.0,2.0
0.0,0.9,DHL,"Deutsche Post, Burgdorf",3,29.0,29.0
0.0,0.9,DHL,"Deutsche Post, Burgdorf",4,1.0,1.0
0.0,0.9,DHL,"Deutsche Post, Burgdorf",5,1.0,1.0
0.0,0.9,DHL,"Deutsche Post, Garbsen",0,16.0,16.0
0.0,0.9,DHL,"Deutsche Post, Garbsen",1,16.0,16.0
0.0,0.9,DHL,"Deutsche Post, Garbsen",2,2.0,2.0
0.0,0.9,DHL,"Deutsche Post, Garbsen",3,20.0,20.0
0.0,0.9,DHL,"Deutsche Post, Garbsen",4,19.0,19.0
0.0,0.9,DHL,"Deutsche Post, Garbsen",5,2.0,2.0
0.0,0.9,DHL,"Deutsche Post, Lehrte",0,2.0,2.0
0.0,0.9,DHL,"Deutsche Post, Lehrte",1,35.0,35.0
0.0,0.9,DHL,"Deutsche Post, Lehrte",2,2.0,2.0
0.0,0.9,DHL,"Deutsche Post, Lehrte",3,2.0,2.0
0.0,0.9,DHL,"Deutsche Post, Lehrte",4,41.0,41.0
0.0,0.9,DHL,"Deutsche Post, Lehrte",5,2.0,2.0
0.0,0.9,DHL,"Deutsche Post, Neustadt",0,33.0,2.0
0.0,0.9,DHL,"Deutsche Post, Neustadt",1,2.0,35.0
0.0,0.9,DHL,"Deutsche Post, Neustadt",2,2.0,2.0
0.0,0.9,DHL,"Deutsche Post, Neustadt",3,42.0,2.0
0.0,0.9,DHL,"Deutsche Post, Neustadt",4,2.0,41.0
0.0,0.9,DHL,"Deutsche Post, Neustadt",5,2.0,2.0
0.0,0.9,DHL,"Deutsche Post, Springe",0,22.0,22.0
0.0,0.9,DHL,"Deutsche Post, Springe",1,1.0,1.0
0.0,0.9,DHL,"Deutsche Post, Springe",2,2.0,2.0
0.0,0.9,DHL,"Deutsche Post, Springe",3,27.0,27.0
0.0,0.9,DHL,"Deutsche Post, Springe",4,1.0,1.0
0.0,0.9,DHL,"Deutsche Post, Springe",5,1.0,1.0
0.0,0.9,DHL,"Deutsche Post, Wunstorf",0,2.0,2.0
0.0,0.9,DHL,"Deutsche Post, Wunstorf",1,2.0,2.0
0.0,0.9,DHL,"Deutsche Post, Wunstorf",2,42.0,42.0
0.0,0.9,DHL,"Deutsche Post, Wunstorf",3,2.0,2.0
0.0,0.9,DHL,"Deutsche Post, Wunstorf",4,2.0,2.0
0.0,0.9,DHL,"Deutsche Post, Wunstorf",5,36.0,36.0
0.0,0.9,DHL,Dummy Seelze,0,3.0,3.0
0.0,0.9,DHL,Dummy Seelze,1,40.0,16.0
0.0,0.9,DHL,Dummy Seelze,2,3.0,31.0
0.0,0.9,DHL,Dummy Seelze,3,3.0,3.0
0.0,0.9,DHL,Dummy Seelze,4,49.0,22.0
0.0,0.9,DHL,Dummy Seelze,5,6.0,31.0
0.0,0.9,DHL,Dummy Sehnde,0,1.0,1.0
0.0,0.9,DHL,Dummy Sehnde,1,1.0,1.0
0.0,0.9,DHL,Dummy Sehnde,2,25.0,25.0
0.0,0.9,DHL,Dummy Sehnde,3,1.0,1.0
0.0,0.9,DHL,Dummy Sehnde,4,1.0,1.0
0.0,0.9,DHL,Dummy Sehnde,5,20.0,20.0
0.0,0.9,DHL,Dummy Uetze,0,1.0,1.0
0.0,0.9,DHL,Dummy Uetze,1,16.0,16.0
0.0,0.9,DHL,Dummy Uetze,2,1.0,1.0
0.0,0.9,DHL,Dummy Uetze,3,1.0,1.0
0.0,0.9,DHL,Dummy Uetze,4,19.0,19.0
0.0,0.9,DHL,Dummy Uetze,5,1.0,1.0
0.0,0.9,DHL,Dummy Wennigsen,0,13.0,13.0
0.0,0.9,DHL,Dummy Wennigsen,1,15.0,15.0
0.0,0.9,DHL,Dummy Wennigsen,2,2.0,2.0
0.0,0.9,DHL,Dummy Wennigsen,3,16.0,16.0
0.0,0.9,DHL,Dummy Wennigsen,4,16.0,16.0
0.0,0.9,DHL,Dummy Wennigsen,5,2.0,2.0
0.0,0.9,DHL,Paketzentrum / Zustellbasis Anderten,0,37.0,41.0
0.0,0.9,DHL,Paketzentrum / Zustellbasis Anderten,1,55.0,62.0
0.0,0.9,DHL,Paketzentrum / Zustellbasis Anderten,2,8.0,27.0
0.0,0.9,DHL,Paketzentrum / Zustellbasis Anderten,3,57.0,29.0
0.0,0.9,DHL,Paketzentrum / Zustellbasis Anderten,4,82.0,59.0
0.0,0.9,DHL,Paketzentrum / Zustellbasis Anderten,5,6.0,29.0
0.0,0.9,DHL,Zustellbasis Hannover am Güterbahnhof,0,124.0,109.0
0.0,0.9,DHL,Zustellbasis Hannover am Güterbahnhof,1,102.0,93.0
0.0,0.9,DHL,Zustellbasis Hannover am Güterbahnhof,2,46.0,95.0
0.0,0.9,DHL,Zustellbasis Hannover am Güterbahnhof,3,211.0,120.0
0.0,0.9,DHL,Zustellbasis Hannover am Güterbahnhof,4,53.0,96.0
0.0,0.9,DHL,Zustellbasis Hannover am Güterbahnhof,5,72.0,96.0
0.0,0.9,DHL,Zustellbasis Hannover-Süd,0,64.0,64.0
0.0,0.9,DHL,Zustellbasis Hannover-Süd,1,45.0,45.0
0.0,0.9,DHL,Zustellbasis Hannover-Süd,2,52.0,52.0
0.0,0.9,DHL,Zustellbasis Hannover-Süd,3,72.0,72.0
0.0,0.9,DHL,Zustellbasis Hannover-Süd,4,51.0,51.0
0.0,0.9,DHL,Zustellbasis Hannover-Süd,5,49.0,49.0
0.0,0.9,Amazon,Amazon Logistics HAJ8 in Garbsen,0,232.0,180.0
0.0,0.9,Amazon,Amazon Logistics HAJ8 in Garbsen,1,140.0,192.0
0.0,0.9,Amazon,Amazon Logistics HAJ8 in Garbsen,2,150.0,194.0
0.0,0.9,Amazon,Amazon Logistics HAJ8 in Garbsen,3,306.0,195.0
0.0,0.9,Amazon,Amazon Logistics HAJ8 in Garbsen,4,154.0,195.0
0.0,0.9,Amazon,Amazon Logistics HAJ8 in Garbsen,5,148.0,182.0
0.0,0.9,DPD,DPD Paketzentrum in Lehrte,0,107.0,100.0
0.0,0.9,DPD,DPD Paketzentrum in Lehrte,1,110.0,103.0
0.0,0.9,DPD,DPD Paketzentrum in Lehrte,2,93.0,113.0
0.0,0.9,DPD,DPD Paketzentrum in Lehrte,3,127.0,114.0
0.0,0.9,DPD,DPD Paketzentrum in Lehrte,4,120.0,113.0
0.0,0.9,DPD,DPD Paketzentrum in Lehrte,5,86.0,102.0
0.0,0.9,FedEx,FedEx Station - Heinz-Peter-Piper Str.,0,129.0,89.0
0.0,0.9,FedEx,FedEx Station - Heinz-Peter-Piper Str.,1,55.0,91.0
0.0,0.9,FedEx,FedEx Station - Heinz-Peter-Piper Str.,2,93.0,101.0
0.0,0.9,FedEx,FedEx Station - Heinz-Peter-Piper Str.,3,155.0,104.0
0.0,0.9,FedEx,FedEx Station - Heinz-Peter-Piper Str.,4,59.0,102.0
0.0,0.9,FedEx,FedEx Station - Heinz-Peter-Piper Str.,5,86.0,92.0
0.0,0.9,GLS,GLS in Hannover Laatzen,0,109.0,89.0
0.0,0.9,GLS,GLS in Hannover Laatzen,1,92.0,92.0
0.0,0.9,GLS,GLS in Hannover Laatzen,2,74.0,101.0
0.0,0.9,GLS,GLS in Hannover Laatzen,3,128.0,101.0
0.0,0.9,GLS,GLS in Hannover Laatzen,4,98.0,98.0
0.0,0.9,GLS,GLS in Hannover Laatzen,5,67.0,90.0
0.0,0.9,Hermes,Hermes LC Hannover Langenhagen,0,123.0,113.0
0.0,0.9,Hermes,Hermes LC Hannover Langenhagen,1,100.0,113.0
0.0,0.9,Hermes,Hermes LC Hannover Langenhagen,2,123.0,124.0
0.0,0.9,Hermes,Hermes LC Hannover Langenhagen,3,141.0,124.0
0.0,0.9,Hermes,Hermes LC Hannover Langenhagen,4,110.0,121.0
0.0,0.9,Hermes,Hermes LC Hannover Langenhagen,5,107.0,114.0
0.0,0.9,UPS,UPS Depot Hannover,0,142.0,105.0
0.0,0.9,UPS,UPS Depot Hannover,1,95.0,109.0
0.0,0.9,UPS,UPS Depot Hannover,2,89.0,122.0
0.0,0.9,UPS,UPS Depot Hannover,3,175.0,124.0
0.0,0.9,UPS,UPS Depot Hannover,4,105.0,121.0
0.0,0.9,UPS,UPS Depot Hannover,5,81.0,108.0
0.0,1.0,DHL,Brief- und Logistikzentrum in Pattensen (Hannover),0,0.0,13.0
0.0,1.0,DHL,Brief- und Logistikzentrum in Pattensen (Hannover),1,19.0,19.0
0.0,1.0,DHL,Brief- und Logistikzentrum in Pattensen (Hannover),2,54.0,38.0
0.0,1.0,DHL,Brief- und Logistikzentrum in Pattensen (Hannover),3,0.0,16.0
0.0,1.0,DHL,Brief- und Logistikzentrum in Pattensen (Hannover),4,22.0,22.0
0.0,1.0,DHL,Brief- und Logistikzentrum in Pattensen (Hannover),5,46.0,33.0
0.0,1.0,DHL,"Deutsche Post, Bantorf",0,27.0,27.0
0.0,1.0,DHL,"Deutsche Post, Bantorf",1,0.0,0.0
0.0,1.0,DHL,"Deutsche Post, Bantorf",2,0.0,0.0
0.0,1.0,DHL,"Deutsche Post, Bantorf",3,35.0,35.0
0.0,1.0,DHL,"Deutsche Post, Bantorf",4,0.0,0.0
0.0,1.0,DHL,"Deutsche Post, Bantorf",5,0.0,0.0
0.0,1.0,DHL,"Deutsche Post, Bissendorf",0,41.0,28.0
0.0,1.0,DHL,"Deutsche Post, Bissendorf",1,29.0,67.0
0.0,1.0,DHL,"Deutsche Post, Bissendorf",2,82.0,57.0
0.0,1.0,DHL,"Deutsche Post, Bissendorf",3,0.0,36.0
0.0,1.0,DHL,"Deutsche Post, Bissendorf",4,84.0,49.0
0.0,1.0,DHL,"Deutsche Post, Bissendorf",5,25.0,25.0
0.0,1.0,DHL,"Deutsche Post, Burgdorf",0,0.0,0.0
0.0,1.0,DHL,"Deutsche Post, Burgdorf",1,25.0,25.0
0.0,1.0,DHL,"Deutsche Post, Burgdorf",2,0.0,0.0
0.0,1.0,DHL,"Deutsche Post, Burgdorf",3,0.0,0.0
0.0,1.0,DHL,"Deutsche Post, Burgdorf",4,30.0,30.0
0.0,1.0,DHL,"Deutsche Post, Burgdorf",5,0.0,0.0
0.0,1.0,DHL,"Deutsche Post, Garbsen",0,16.0,16.0
0.0,1.0,DHL,"Deutsche Post, Garbsen",1,0.0,0.0
0.0,1.0,DHL,"Deutsche Post, Garbsen",2,19.0,19.0
0.0,1.0,DHL,"Deutsche Post, Garbsen",3,21.0,21.0
0.0,1.0,DHL,"Deutsche Post, Garbsen",4,0.0,0.0
0.0,1.0,DHL,"Deutsche Post, Garbsen",5,17.0,17.0
0.0,1.0,DHL,"Deutsche Post, Lehrte",0,0.0,0.0
0.0,1.0,DHL,"Deutsche Post, Lehrte",1,0.0,0.0
0.0,1.0,DHL,"Deutsche Post, Lehrte",2,44.0,44.0
0.0,1.0,DHL,"Deutsche Post, Lehrte",3,0.0,0.0
0.0,1.0,DHL,"Deutsche Post, Lehrte",4,0.0,0.0
0.0,1.0,DHL,"Deutsche Post, Lehrte",5,38.0,38.0
0.0,1.0,DHL,"Deutsche Post, Neustadt",0,0.0,0.0
0.0,1.0,DHL,"Deutsche Post, Neustadt",1,37.0,37.0
0.0,1.0,DHL,"Deutsche Post, Neustadt",2,0.0,0.0
0.0,1.0,DHL,"Deutsche Post, Neustadt",3,0.0,0.0
0.0,1.0,DHL,"Deutsche Post, Neustadt",4,44.0,44.0
0.0,1.0,DHL,"Deutsche Post, Neustadt",5,0.0,0.0
0.0,1.0,DHL,"Deutsche Post, Springe",0,0.0,0.0
0.0,1.0,DHL,"Deutsche Post, Springe",1,24.0,24.0
0.0,1.0,DHL,"Deutsche Post, Springe",2,0.0,0.0
0.0,1.0,DHL,"Deutsche Post, Springe",3,0.0,0.0
0.0,1.0,DHL,"Deutsche Post, Springe",4,28.0,28.0
0.0,1.0,DHL,"Deutsche Post, Springe",5,0.0,0.0
0.0,1.0,DHL,"Deutsche Post, Wunstorf",0,38.0,0.0
0.0,1.0,DHL,"Deutsche Post, Wunstorf",1,0.0,40.0
0.0,1.0,DHL,"Deutsche Post, Wunstorf",2,0.0,0.0
0.0,1.0,DHL,"Deutsche Post, Wunstorf",3,46.0,0.0
0.0,1.0,DHL,"Deutsche Post, Wunstorf",4,0.0,45.0
0.0,1.0,DHL,"Deutsche Post, Wunstorf",5,0.0,0.0
0.0,1.0,DHL,Dummy Seelze,0,27.0,27.0
0.0,1.0,DHL,Dummy Seelze,1,0.0,0.0
0.0,1.0,DHL,Dummy Seelze,2,23.0,23.0
0.0,1.0,DHL,Dummy Seelze,3,33.0,33.0
0.0,1.0,DHL,Dummy Seelze,4,0.0,0.0
0.0,1.0,DHL,Dummy Seelze,5,19.0,19.0
0.0,1.0,DHL,Dummy Sehnde,0,0.0,0.0
0.0,1.0,DHL,Dummy Sehnde,1,0.0,0.0
0.0,1.0,DHL,Dummy Sehnde,2,26.0,26.0
0.0,1.0,DHL,Dummy Sehnde,3,0.0,0.0
0.0,1.0,DHL,Dummy Sehnde,4,0.0,0.0
0.0,1.0,DHL,Dummy Sehnde,5,22.0,22.0
0.0,1.0,DHL,Dummy Uetze,0,0.0,0.0
0.0,1.0,DHL,Dummy Uetze,1,0.0,0.0
0.0,1.0,DHL,Dummy Uetze,2,20.0,20.0
0.0,1.0,DHL,Dummy Uetze,3,0.0,0.0
0.0,1.0,DHL,Dummy Uetze,4,0.0,0.0
0.0,1.0,DHL,Dummy Uetze,5,18.0,18.0
0.0,1.0,DHL,Dummy Wennigsen,0,0.0,0.0
0.0,1.0,DHL,Dummy Wennigsen,1,28.0,28.0
0.0,1.0,DHL,Dummy Wennigsen,2,0.0,0.0
0.0,1.0,DHL,Dummy Wennigsen,3,0.0,0.0
0.0,1.0,DHL,Dummy Wennigsen,4,32.0,32.0
0.0,1.0,DHL,Dummy Wennigsen,5,0.0,0.0
0.0,1.0,DHL,Paketzentrum / Zustellbasis Anderten,0,37.0,28.0
0.0,1.0,DHL,Paketzentrum / Zustellbasis Anderten,1,56.0,56.0
0.0,1.0,DHL,Paketzentrum / Zustellbasis Anderten,2,14.0,26.0
0.0,1.0,DHL,Paketzentrum / Zustellbasis Anderten,3,48.0,36.0
0.0,1.0,DHL,Paketzentrum / Zustellbasis Anderten,4,65.0,65.0
0.0,1.0,DHL,Paketzentrum / Zustellbasis Anderten,5,12.0,22.0
0.0,1.0,DHL,Zustellbasis Hannover am Güterbahnhof,0,0.0,83.0
0.0,1.0,DHL,Zustellbasis Hannover am Güterbahnhof,1,132.0,103.0
0.0,1.0,DHL,Zustellbasis Hannover am Güterbahnhof,2,161.0,108.0
0.0,1.0,DHL,Zustellbasis Hannover am Güterbahnhof,3,20.0,109.0
0.0,1.0,DHL,Zustellbasis Hannover am Güterbahnhof,4,95.0,80.0
0.0,1.0,DHL,Zustellbasis Hannover am Güterbahnhof,5,181.0,107.0
0.0,1.0,DHL,Zustellbasis Hannover-Süd,0,87.0,34.0
0.0,1.0,DHL,Zustellbasis Hannover-Süd,1,34.0,60.0
0.0,1.0,DHL,Zustellbasis Hannover-Süd,2,32.0,66.0
0.0,1.0,DHL,Zustellbasis Hannover-Süd,3,99.0,34.0
0.0,1.0,DHL,Zustellbasis Hannover-Süd,4,49.0,79.0
0.0,1.0,DHL,Zustellbasis Hannover-Süd,5,18.0,47.0
0.0,1.0,Amazon,Amazon Logistics HAJ8 in Garbsen,0,178.0,155.0
0.0,1.0,Amazon,Amazon Logistics HAJ8 in Garbsen,1,150.0,156.0
0.0,1.0,Amazon,Amazon Logistics HAJ8 in Garbsen,2,164.0,184.0
0.0,1.0,Amazon,Amazon Logistics HAJ8 in Garbsen,3,218.0,190.0
0.0,1.0,Amazon,Amazon Logistics HAJ8 in Garbsen,4,181.0,183.0
0.0,1.0,Amazon,Amazon Logistics HAJ8 in Garbsen,5,133.0,158.0
0.0,1.0,DPD,DPD Paketzentrum in Lehrte,0,79.0,71.0
0.0,1.0,DPD,DPD Paketzentrum in Lehrte,1,90.0,79.0
0.0,1.0,DPD,DPD Paketzentrum in Lehrte,2,57.0,80.0
0.0,1.0,DPD,DPD Paketzentrum in Lehrte,3,100.0,90.0
0.0,1.0,DPD,DPD Paketzentrum in Lehrte,4,103.0,90.0
0.0,1.0,DPD,DPD Paketzentrum in Lehrte,5,52.0,71.0
0.0,1.0,FedEx,FedEx Station - Heinz-Peter-Piper Str.,0,83.0,65.0
0.0,1.0,FedEx,FedEx Station - Heinz-Peter-Piper Str.,1,62.0,68.0
0.0,1.0,FedEx,FedEx Station - Heinz-Peter-Piper Str.,2,58.0,78.0
0.0,1.0,FedEx,FedEx Station - Heinz-Peter-Piper Str.,3,110.0,79.0
0.0,1.0,FedEx,FedEx Station - Heinz-Peter-Piper Str.,4,68.0,80.0
0.0,1.0,FedEx,FedEx Station - Heinz-Peter-Piper Str.,5,53.0,66.0
0.0,1.0,GLS,GLS in Hannover Laatzen,0,72.0,59.0
0.0,1.0,GLS,GLS in Hannover Laatzen,1,59.0,71.0
0.0,1.0,GLS,GLS in Hannover Laatzen,2,66.0,70.0
0.0,1.0,GLS,GLS in Hannover Laatzen,3,93.0,76.0
0.0,1.0,GLS,GLS in Hannover Laatzen,4,63.0,76.0
0.0,1.0,GLS,GLS in Hannover Laatzen,5,58.0,62.0
0.0,1.0,Hermes,Hermes LC Hannover Langenhagen,0,118.0,86.0
0.0,1.0,Hermes,Hermes LC Hannover Langenhagen,1,87.0,87.0
0.0,1.0,Hermes,Hermes LC Hannover Langenhagen,2,64.0,105.0
0.0,1.0,Hermes,Hermes LC Hannover Langenhagen,3,149.0,104.0
0.0,1.0,Hermes,Hermes LC Hannover Langenhagen,4,95.0,102.0
0.0,1.0,Hermes,Hermes LC Hannover Langenhagen,5,57.0,90.0
0.0,1.0,UPS,UPS Depot Hannover,0,112.0,83.0
0.0,1.0,UPS,UPS Depot Hannover,1,44.0,84.0
0.0,1.0,UPS,UPS Depot Hannover,2,96.0,98.0
0.0,1.0,UPS,UPS Depot Hannover,3,151.0,96.0
0.0,1.0,UPS,UPS Depot Hannover,4,43.0,98.0
0.0,1.0,UPS,UPS Depot Hannover,5,92.0,81.0
0.25,0.0,DHL,Brief- und Logistikzentrum in Pattensen (Hannover),0,26.0,26.0
0.25,0.0,DHL,Brief- und Logistikzentrum in Pattensen (Hannover),1,27.0,27.0
0.25,0.0,DHL,Brief- und Logistikzentrum in Pattensen (Hannover),2,28.0,28.0
0.25,0.0,DHL,Brief- und Logistikzentrum in Pattensen (Hannover),3,27.0,27.0
0.25,0.0,DHL,Brief- und Logistikzentrum in Pattensen (Hannover),4,24.0,24.0
0.25,0.0,DHL,Brief- und Logistikzentrum in Pattensen (Hannover),5,18.0,18.0
0.25,0.0,DHL,"Deutsche Post, Bantorf",0,10.0,10.0
0.25,0.0,DHL,"Deutsche Post, Bantorf",1,11.0,11.0
0.25,0.0,DHL,"Deutsche Post, Bantorf",2,13.0,13.0
0.25,0.0,DHL,"Deutsche Post, Bantorf",3,12.0,12.0
0.25,0.0,DHL,"Deutsche Post, Bantorf",4,10.0,10.0
0.25,0.0,DHL,"Deutsche Post, Bantorf",5,8.0,8.0
0.25,0.0,DHL,"Deutsche Post, Bissendorf",0,44.0,44.0
0.25,0.0,DHL,"Deutsche Post, Bissendorf",1,48.0,48.0
0.25,0.0,DHL,"Deutsche Post, Bissendorf",2,53.0,53.0
0.25,0.0,DHL,"Deutsche Post, Bissendorf",3,49.0,49.0
0.25,0.0,DHL,"Deutsche Post, Bissendorf",4,41.0,41.0
0.25,0.0,DHL,"Deutsche Post, Bissendorf",5,32.0,32.0
0.25,0.0,DHL,"Deutsche Post, Burgdorf",0,10.0,10.0
0.25,0.0,DHL,"Deutsche Post, Burgdorf",1,10.0,10.0
0.25,0.0,DHL,"Deutsche Post, Burgdorf",2,12.0,12.0
0.25,0.0,DHL,"Deutsche Post, Burgdorf",3,11.0,11.0
0.25,0.0,DHL,"Deutsche Post, Burgdorf",4,9.0,9.0
0.25,0.0,DHL,"Deutsche Post, Burgdorf",5,7.0,7.0
0.25,0.0,DHL,"Deutsche Post, Garbsen",0,12.0,12.0
0.25,0.0,DHL,"Deutsche Post, Garbsen",1,13.0,13.0
0.25,0.0,DHL,"Deutsche Post, Garbsen",2,15.0,15.0
0.25,0.0,DHL,"Deutsche Post, Garbsen",3,15.0,15.0
0.25,0.0,DHL,"Deutsche Post, Garbsen",4,12.0,12.0
0.25,0.0,DHL,"Deutsche Post, Garbsen",5,10.0,10.0
0.25,0.0,DHL,"Deutsche Post, Lehrte",0,14.0,14.0
0.25,0.0,DHL,"Deutsche Post, Lehrte",1,15.0,15.0
0.25,0.0,DHL,"Deutsche Post, Lehrte",2,17.0,17.0
0.25,0.0,DHL,"Deutsche Post, Lehrte",3,15.0,15.0
0.25,0.0,DHL,"Deutsche Post, Lehrte",4,13.0,13.0
0.25,0.0,DHL,"Deutsche Post, Lehrte",5,10.0,10.0
0.25,0.0,DHL,"Deutsche Post, Neustadt",0,13.0,13.0
0.25,0.0,DHL,"Deutsche Post, Neustadt",1,15.0,15.0
0.25,0.0,DHL,"Deutsche Post, Neustadt",2,16.0,16.0
0.25,0.0,DHL,"Deutsche Post, Neustadt",3,15.0,15.0
0.25,0.0,DHL,"Deutsche Post, Neustadt",4,13.0,13.0
0.25,0.0,DHL,"Deutsche Post, Neustadt",5,10.0,10.0
0.25,0.0,DHL,"Deutsche Post, Springe",0,9.0,9.0
0.25,0.0,DHL,"Deutsche Post, Springe",1,9.0,9.0
0.25,0.0,DHL,"Deutsche Post, Springe",2,11.0,11.0
0.25,0.0,DHL,"Deutsche Post, Springe",3,10.0,10.0
0.25,0.0,DHL,"Deutsche Post, Springe",4,9.0,9.0
0.25,0.0,DHL,"Deutsche Post, Springe",5,7.0,7.0
0.25,0.0,DHL,"Deutsche Post, Wunstorf",0,15.0,15.0
0.25,0.0,DHL,"Deutsche Post, Wunstorf",1,15.0,15.0
0.25,0.0,DHL,"Deutsche Post, Wunstorf",2,16.0,16.0
0.25,0.0,DHL,"Deutsche Post, Wunstorf",3,16.0,16.0
0.25,0.0,DHL,"Deutsche Post, Wunstorf",4,14.0,14.0
0.25,0.0,DHL,"Deutsche Post, Wunstorf",5,11.0,11.0
0.25,0.0,DHL,Dummy Seelze,0,17.0,17.0
0.25,0.0,DHL,Dummy Seelze,1,19.0,19.0
0.25,0.0,DHL,Dummy Seelze,2,21.0,21.0
0.25,0.0,DHL,Dummy Seelze,3,20.0,20.0
0.25,0.0,DHL,Dummy Seelze,4,17.0,17.0
0.25,0.0,DHL,Dummy Seelze,5,13.0,13.0
0.25,0.0,DHL,Dummy Sehnde,0,9.0,9.0
0.25,0.0,DHL,Dummy Sehnde,1,9.0,9.0
0.25,0.0,DHL,Dummy Sehnde,2,10.0,10.0
0.25,0.0,DHL,Dummy Sehnde,3,9.0,9.0
0.25,0.0,DHL,Dummy Sehnde,4,8.0,8.0
0.25,0.0,DHL,Dummy Sehnde,5,6.0,6.0
0.25,0.0,DHL,Dummy Uetze,0,7.0,7.0
0.25,0.0,DHL,Dummy Uetze,1,7.0,7.0
0.25,0.0,DHL,Dummy Uetze,2,7.0,7.0
0.25,0.0,DHL,Dummy Uetze,3,8.0,8.0
0.25,0.0,DHL,Dummy Uetze,4,6.0,6.0
0.25,0.0,DHL,Dummy Uetze,5,5.0,5.0
0.25,0.0,DHL,Dummy Wennigsen,0,11.0,11.0
0.25,0.0,DHL,Dummy Wennigsen,1,12.0,12.0
0.25,0.0,DHL,Dummy Wennigsen,2,12.0,12.0
0.25,0.0,DHL,Dummy Wennigsen,3,12.0,12.0
0.25,0.0,DHL,Dummy Wennigsen,4,10.0,10.0
0.25,0.0,DHL,Dummy Wennigsen,5,8.0,8.0
0.25,0.0,DHL,Paketzentrum / Zustellbasis Anderten,0,40.0,40.0
0.25,0.0,DHL,Paketzentrum / Zustellbasis Anderten,1,44.0,44.0
0.25,0.0,DHL,Paketzentrum / Zustellbasis Anderten,2,47.0,47.0
0.25,0.0,DHL,Paketzentrum / Zustellbasis Anderten,3,44.0,44.0
0.25,0.0,DHL,Paketzentrum / Zustellbasis Anderten,4,39.0,39.0
0.25,0.0,DHL,Paketzentrum / Zustellbasis Anderten,5,31.0,31.0
0.25,0.0,DHL,Zustellbasis Hannover am Güterbahnhof,0,102.0,102.0
0.25,0.0,DHL,Zustellbasis Hannover am Güterbahnhof,1,107.0,107.0
0.25,0.0,DHL,Zustellbasis Hannover am Güterbahnhof,2,122.0,122.0
0.25,0.0,DHL,Zustellbasis Hannover am Güterbahnhof,3,115.0,115.0
0.25,0.0,DHL,Zustellbasis Hannover am Güterbahnhof,4,97.0,97.0
0.25,0.0,DHL,Zustellbasis Hannover am Güterbahnhof,5,75.0,75.0
0.25,0.0,DHL,Zustellbasis Hannover-Süd,0,55.0,55.0
0.25,0.0,DHL,Zustellbasis Hannover-Süd,1,58.0,58.0
0.25,0.0,DHL,Zustellbasis Hannover-Süd,2,67.0,67.0
0.25,0.0,DHL,Zustellbasis Hannover-Süd,3,64.0,64.0
0.25,0.0,DHL,Zustellbasis Hannover-Süd,4,52.0,52.0
0.25,0.0,DHL,Zustellbasis Hannover-Süd,5,41.0,41.0
0.25,0.0,Amazon,Amazon Logistics HAJ8 in Garbsen,0,189.0,189.0
0.25,0.0,Amazon,Amazon Logistics HAJ8 in Garbsen,1,200.0,200.0
0.25,0.0,Amazon,Amazon Logistics HAJ8 in Garbsen,2,217.0,217.0
0.25,0.0,Amazon,Amazon Logistics HAJ8 in Garbsen,3,209.0,209.0
0.25,0.0,Amazon,Amazon Logistics HAJ8 in Garbsen,4,176.0,176.0
0.25,0.0,Amazon,Amazon Logistics HAJ8 in Garbsen,5,138.0,138.0
0.25,0.0,DPD,DPD Paketzentrum in Lehrte,0,93.0,93.0
0.25,0.0,DPD,DPD Paketzentrum in Lehrte,1,104.0,104.0
0.25,0.0,DPD,DPD Paketzentrum in Lehrte,2,118.0,118.0
0.25,0.0,DPD,DPD Paketzentrum in Lehrte,3,111.0,111.0
0.25,0.0,DPD,DPD Paketzentrum in Lehrte,4,90.0,90.0
0.25,0.0,DPD,DPD Paketzentrum in Lehrte,5,72.0,72.0
0.25,0.0,FedEx,FedEx Station - Heinz-Peter-Piper Str.,0,84.0,84.0
0.25,0.0,FedEx,FedEx Station - Heinz-Peter-Piper Str.,1,86.0,86.0
0.25,0.0,FedEx,FedEx Station - Heinz-Peter-Piper Str.,2,97.0,97.0
0.25,0.0,FedEx,FedEx Station - Heinz-Peter-Piper Str.,3,91.0,91.0
0.25,0.0,FedEx,FedEx Station - Heinz-Peter-Piper Str.,4,82.0,82.0
0.25,0.0,FedEx,FedEx Station - Heinz-Peter-Piper Str.,5,66.0,66.0
0.25,0.0,GLS,GLS in Hannover Laatzen,0,82.0,82.0
0.25,0.0,GLS,GLS in Hannover Laatzen,1,83.0,83.0
0.25,0.0,GLS,GLS in Hannover Laatzen,2,95.0,95.0
0.25,0.0,GLS,GLS in Hannover Laatzen,3,91.0,91.0
0.25,0.0,GLS,GLS in Hannover Laatzen,4,76.0,76.0
0.25,0.0,GLS,GLS in Hannover Laatzen,5,65.0,65.0
0.25,0.0,Hermes,Hermes LC Hannover Langenhagen,0,116.0,116.0
0.25,0.0,Hermes,Hermes LC Hannover Langenhagen,1,120.0,120.0
0.25,0.0,Hermes,Hermes LC Hannover Langenhagen,2,127.0,127.0
0.25,0.0,Hermes,Hermes LC Hannover Langenhagen,3,123.0,123.0
0.25,0.0,Hermes,Hermes LC Hannover Langenhagen,4,112.0,112.0
0.25,0.0,Hermes,Hermes LC Hannover Langenhagen,5,83.0,83.0
0.25,0.0,UPS,UPS Depot Hannover,0,100.0,100.0
0.25,0.0,UPS,UPS Depot Hannover,1,108.0,108.0
0.25,0.0,UPS,UPS Depot Hannover,2,118.0,118.0
0.25,0.0,UPS,UPS Depot Hannover,3,114.0,114.0
0.25,0.0,UPS,UPS Depot Hannover,4,95.0,95.0
0.25,0.0,UPS,UPS Depot Hannover,5,78.0,78.0
0.25,0.1,DHL,Brief- und Logistikzentrum in Pattensen (Hannover),0,24.0,24.0
0.25,0.1,DHL,Brief- und Logistikzentrum in Pattensen (Hannover),1,28.0,28.0
0.25,0.1,DHL,Brief- und Logistikzentrum in Pattensen (Hannover),2,27.0,27.0
0.25,0.1,DHL,Brief- und Logistikzentrum in Pattensen (Hannover),3,25.0,25.0
0.25,0.1,DHL,Brief- und Logistikzentrum in Pattensen (Hannover),4,25.0,25.0
0.25,0.1,DHL,Brief- und Logistikzentrum in Pattensen (Hannover),5,18.0,18.0
0.25,0.1,DHL,"Deutsche Post, Bantorf",0,10.0,10.0
0.25,0.1,DHL,"Deutsche Post, Bantorf",1,11.0,11.0
0.25,0.1,DHL,"Deutsche Post, Bantorf",2,13.0,13.0
0.25,0.1,DHL,"Deutsche Post, Bantorf",3,12.0,12.0
0.25,0.1,DHL,"Deutsche Post, Bantorf",4,10.0,10.0
0.25,0.1,DHL,"Deutsche Post, Bantorf",5,8.0,8.0
0.25,0.1,DHL,"Deutsche Post, Bissendorf",0,44.0,44.0
0.25,0.1,DHL,"Deutsche Post, Bissendorf",1,46.0,46.0
0.25,0.1,DHL,"Deutsche Post, Bissendorf",2,54.0,54.0
0.25,0.1,DHL,"Deutsche Post, Bissendorf",3,49.0,49.0
0.25,0.1,DHL,"Deutsche Post, Bissendorf",4,41.0,41.0
0.25,0.1,DHL,"Deutsche Post, Bissendorf",5,32.0,32.0
0.25,0.1,DHL,"Deutsche Post, Burgdorf",0,10.0,10.0
0.25,0.1,DHL,"Deutsche Post, Burgdorf",1,10.0,10.0
0.25,0.1,DHL,"Deutsche Post, Burgdorf",2,12.0,12.0
0.25,0.1,DHL,"Deutsche Post, Burgdorf",3,11.0,11.0
0.25,0.1,DHL,"Deutsche Post, Burgdorf",4,9.0,9.0
0.25,0.1,DHL,"Deutsche Post, Burgdorf",5,7.0,7.0
0.25,0.1,DHL,"Deutsche Post, Garbsen",0,12.0,12.0
0.25,0.1,DHL,"Deutsche Post, Garbsen",1,13.0,13.0
0.25,0.1,DHL,"Deutsche Post, Garbsen",2,15.0,15.0
0.25,0.1,DHL,"Deutsche Post, Garbsen",3,15.0,15.0
0.25,0.1,DHL,"Deutsche Post, Garbsen",4,12.0,12.0
0.25,0.1,DHL,"Deutsche Post, Garbsen",5,10.0,10.0
0.25,0.1,DHL,"Deutsche Post, Lehrte",0,14.0,14.0
0.25,0.1,DHL,"Deutsche Post, Lehrte",1,15.0,15.0
0.25,0.1,DHL,"Deutsche Post, Lehrte",2,17.0,17.0
0.25,0.1,DHL,"Deutsche Post, Lehrte",3,15.0,15.0
0.25,0.1,DHL,"Deutsche Post, Lehrte",4,13.0,13.0
0.25,0.1,DHL,"Deutsche Post, Lehrte",5,10.0,10.0
0.25,0.1,DHL,"Deutsche Post, Neustadt",0,13.0,13.0
0.25,0.1,DHL,"Deutsche Post, Neustadt",1,15.0,15.0
0.25,0.1,DHL,"Deutsche Post, Neustadt",2,16.0,16.0
0.25,0.1,DHL,"Deutsche Post, Neustadt",3,15.0,15.0
0.25,0.1,DHL,"Deutsche Post, Neustadt",4,13.0,13.0
0.25,0.1,DHL,"Deutsche Post, Neustadt",5,10.0,10.0
0.25,0.1,DHL,"Deutsche Post, Springe",0,9.0,9.0
0.25,0.1,DHL,"Deutsche Post, Springe",1,9.0,9.0
0.25,0.1,DHL,"Deutsche Post, Springe",2,11.0,11.0
0.25,0.1,DHL,"Deutsche Post, Springe",3,10.0,10.0
0.25,0.1,DHL,"Deutsche Post, Springe",4,9.0,9.0
0.25,0.1,DHL,"Deutsche Post, Springe",5,7.0,7.0
0.25,0.1,DHL,"Deutsche Post, Wunstorf",0,15.0,15.0
0.25,0.1,DHL,"Deutsche Post, Wunstorf",1,15.0,15.0
0.25,0.1,DHL,"Deutsche Post, Wunstorf",2,16.0,16.0
0.25,0.1,DHL,"Deutsche Post, Wunstorf",3,16.0,16.0
0.25,0.1,DHL,"Deutsche Post, Wunstorf",4,14.0,14.0
0.25,0.1,DHL,"Deutsche Post, Wunstorf",5,11.0,11.0
0.25,0.1,DHL,Dummy Seelze,0,17.0,17.0
0.25,0.1,DHL,Dummy Seelze,1,19.0,19.0
0.25,0.1,DHL,Dummy Seelze,2,19.0,19.0
0.25,0.1,DHL,Dummy Seelze,3,20.0,20.0
0.25,0.1,DHL,Dummy Seelze,4,17.0,17.0
0.25,0.1,DHL,Dummy Seelze,5,13.0,13.0
0.25,0.1,DHL,Dummy Sehnde,0,9.0,9.0
0.25,0.1,DHL,Dummy Sehnde,1,9.0,9.0
0.25,0.1,DHL,Dummy Sehnde,2,10.0,10.0
0.25,0.1,DHL,Dummy Sehnde,3,9.0,9.0
0.25,0.1,DHL,Dummy Sehnde,4,8.0,8.0
0.25,0.1,DHL,Dummy Sehnde,5,6.0,6.0
0.25,0.1,DHL,Dummy Uetze,0,7.0,7.0
0.25,0.1,DHL,Dummy Uetze,1,7.0,7.0
0.25,0.1,DHL,Dummy Uetze,2,7.0,7.0
0.25,0.1,DHL,Dummy Uetze,3,8.0,8.0
0.25,0.1,DHL,Dummy Uetze,4,6.0,6.0
0.25,0.1,DHL,Dummy Uetze,5,5.0,5.0
0.25,0.1,DHL,Dummy Wennigsen,0,10.0,10.0
0.25,0.1,DHL,Dummy Wennigsen,1,12.0,12.0
0.25,0.1,DHL,Dummy Wennigsen,2,12.0,12.0
0.25,0.1,DHL,Dummy Wennigsen,3,12.0,12.0
0.25,0.1,DHL,Dummy Wennigsen,4,10.0,10.0
0.25,0.1,DHL,Dummy Wennigsen,5,8.0,8.0
0.25,0.1,DHL,Paketzentrum / Zustellbasis Anderten,0,41.0,41.0
0.25,0.1,DHL,Paketzentrum / Zustellbasis Anderten,1,42.0,42.0
0.25,0.1,DHL,Paketzentrum / Zustellbasis Anderten,2,46.0,46.0
0.25,0.1,DHL,Paketzentrum / Zustellbasis Anderten,3,46.0,46.0
0.25,0.1,DHL,Paketzentrum / Zustellbasis Anderten,4,37.0,37.0
0.25,0.1,DHL,Paketzentrum / Zustellbasis Anderten,5,30.0,30.0
0.25,0.1,DHL,Zustellbasis Hannover am Güterbahnhof,0,100.0,101.0
0.25,0.1,DHL,Zustellbasis Hannover am Güterbahnhof,1,106.0,108.0
0.25,0.1,DHL,Zustellbasis Hannover am Güterbahnhof,2,122.0,117.0
0.25,0.1,DHL,Zustellbasis Hannover am Güterbahnhof,3,112.0,115.0
0.25,0.1,DHL,Zustellbasis Hannover am Güterbahnhof,4,96.0,95.0
0.25,0.1,DHL,Zustellbasis Hannover am Güterbahnhof,5,73.0,77.0
0.25,0.1,DHL,Zustellbasis Hannover-Süd,0,55.0,55.0
0.25,0.1,DHL,Zustellbasis Hannover-Süd,1,57.0,57.0
0.25,0.1,DHL,Zustellbasis Hannover-Süd,2,65.0,65.0
0.25,0.1,DHL,Zustellbasis Hannover-Süd,3,61.0,61.0
0.25,0.1,DHL,Zustellbasis Hannover-Süd,4,53.0,53.0
0.25,0.1,DHL,Zustellbasis Hannover-Süd,5,41.0,41.0
0.25,0.1,Amazon,Amazon Logistics HAJ8 in Garbsen,0,188.0,188.0
0.25,0.1,Amazon,Amazon Logistics HAJ8 in Garbsen,1,199.0,199.0
0.25,0.1,Amazon,Amazon Logistics HAJ8 in Garbsen,2,216.0,216.0
0.25,0.1,Amazon,Amazon Logistics HAJ8 in Garbsen,3,209.0,209.0
0.25,0.1,Amazon,Amazon Logistics HAJ8 in Garbsen,4,175.0,175.0
0.25,0.1,Amazon,Amazon Logistics HAJ8 in Garbsen,5,138.0,140.0
0.25,0.1,DPD,DPD Paketzentrum in Lehrte,0,91.0,94.0
0.25,0.1,DPD,DPD Paketzentrum in Lehrte,1,97.0,97.0
0.25,0.1,DPD,DPD Paketzentrum in Lehrte,2,112.0,109.0
0.25,0.1,DPD,DPD Paketzentrum in Lehrte,3,105.0,108.0
0.25,0.1,DPD,DPD Paketzentrum in Lehrte,4,90.0,89.0
0.25,0.1,DPD,DPD Paketzentrum in Lehrte,5,70.0,85.0
0.25,0.1,FedEx,FedEx Station - Heinz-Peter-Piper Str.,0,79.0,80.0
0.25,0.1,FedEx,FedEx Station - Heinz-Peter-Piper Str.,1,85.0,89.0
0.25,0.1,FedEx,FedEx Station - Heinz-Peter-Piper Str.,2,96.0,89.0
0.25,0.1,FedEx,FedEx Station - Heinz-Peter-Piper Str.,3,93.0,88.0
0.25,0.1,FedEx,FedEx Station - Heinz-Peter-Piper Str.,4,75.0,80.0
0.25,0.1,FedEx,FedEx Station - Heinz-Peter-Piper Str.,5,71.0,80.0
0.25,0.1,GLS,GLS in Hannover Laatzen,0,79.0,79.0
0.25,0.1,GLS,GLS in Hannover Laatzen,1,81.0,81.0
0.25,0.1,GLS,GLS in Hannover Laatzen,2,94.0,92.0
0.25,0.1,GLS,GLS in Hannover Laatzen,3,89.0,91.0
0.25,0.1,GLS,GLS in Hannover Laatzen,4,75.0,75.0
0.25,0.1,GLS,GLS in Hannover Laatzen,5,64.0,71.0
0.25,0.1,Hermes,Hermes LC Hannover Langenhagen,0,116.0,116.0
0.25,0.1,Hermes,Hermes LC Hannover Langenhagen,1,119.0,120.0
0.25,0.1,Hermes,Hermes LC Hannover Langenhagen,2,126.0,126.0
0.25,0.1,Hermes,Hermes LC Hannover Langenhagen,3,123.0,123.0
0.25,0.1,Hermes,Hermes LC Hannover Langenhagen,4,111.0,111.0
0.25,0.1,Hermes,Hermes LC Hannover Langenhagen,5,81.0,85.0
0.25,0.1,UPS,UPS Depot Hannover,0,99.0,95.0
0.25,0.1,UPS,UPS Depot Hannover,1,106.0,107.0
0.25,0.1,UPS,UPS Depot Hannover,2,116.0,107.0
0.25,0.1,UPS,UPS Depot Hannover,3,110.0,107.0
0.25,0.1,UPS,UPS Depot Hannover,4,93.0,96.0
0.25,0.1,UPS,UPS Depot Hannover,5,77.0,95.0
0.25,0.2,DHL,Brief- und Logistikzentrum in Pattensen (Hannover),0,22.0,22.0
0.25,0.2,DHL,Brief- und Logistikzentrum in Pattensen (Hannover),1,29.0,29.0
0.25,0.2,DHL,Brief- und Logistikzentrum in Pattensen (Hannover),2,25.0,25.0
0.25,0.2,DHL,Brief- und Logistikzentrum in Pattensen (Hannover),3,23.0,23.0
0.25,0.2,DHL,Brief- und Logistikzentrum in Pattensen (Hannover),4,29.0,29.0
0.25,0.2,DHL,Brief- und Logistikzentrum in Pattensen (Hannover),5,18.0,18.0
0.25,0.2,DHL,"Deutsche Post, Bantorf",0,10.0,10.0
0.25,0.2,DHL,"Deutsche Post, Bantorf",1,11.0,11.0
0.25,0.2,DHL,"Deutsche Post, Bantorf",2,13.0,13.0
0.25,0.2,DHL,"Deutsche Post, Bantorf",3,12.0,12.0
0.25,0.2,DHL,"Deutsche Post, Bantorf",4,10.0,10.0
0.25,0.2,DHL,"Deutsche Post, Bantorf",5,8.0,8.0
0.25,0.2,DHL,"Deutsche Post, Bissendorf",0,44.0,44.0
0.25,0.2,DHL,"Deutsche Post, Bissendorf",1,48.0,48.0
0.25,0.2,DHL,"Deutsche Post, Bissendorf",2,53.0,53.0
0.25,0.2,DHL,"Deutsche Post, Bissendorf",3,49.0,49.0
0.25,0.2,DHL,"Deutsche Post, Bissendorf",4,41.0,41.0
0.25,0.2,DHL,"Deutsche Post, Bissendorf",5,32.0,32.0
0.25,0.2,DHL,"Deutsche Post, Burgdorf",0,10.0,10.0
0.25,0.2,DHL,"Deutsche Post, Burgdorf",1,10.0,10.0
0.25,0.2,DHL,"Deutsche Post, Burgdorf",2,12.0,12.0
0.25,0.2,DHL,"Deutsche Post, Burgdorf",3,11.0,11.0
0.25,0.2,DHL,"Deutsche Post, Burgdorf",4,9.0,9.0
0.25,0.2,DHL,"Deutsche Post, Burgdorf",5,7.0,7.0
0.25,0.2,DHL,"Deutsche Post, Garbsen",0,12.0,12.0
0.25,0.2,DHL,"Deutsche Post, Garbsen",1,13.0,13.0
0.25,0.2,DHL,"Deutsche Post, Garbsen",2,15.0,15.0
0.25,0.2,DHL,"Deutsche Post, Garbsen",3,15.0,15.0
0.25,0.2,DHL,"Deutsche Post, Garbsen",4,12.0,12.0
0.25,0.2,DHL,"Deutsche Post, Garbsen",5,10.0,10.0
0.25,0.2,DHL,"Deutsche Post, Lehrte",0,14.0,14.0
0.25,0.2,DHL,"Deutsche Post, Lehrte",1,15.0,15.0
0.25,0.2,DHL,"Deutsche Post, Lehrte",2,17.0,17.0
0.25,0.2,DHL,"Deutsche Post, Lehrte",3,15.0,15.0
0.25,0.2,DHL,"Deutsche Post, Lehrte",4,13.0,13.0
0.25,0.2,DHL,"Deutsche Post, Lehrte",5,10.0,10.0
0.25,0.2,DHL,"Deutsche Post, Neustadt",0,13.0,13.0
0.25,0.2,DHL,"Deutsche Post, Neustadt",1,15.0,15.0
0.25,0.2,DHL,"Deutsche Post, Neustadt",2,16.0,16.0
0.25,0.2,DHL,"Deutsche Post, Neustadt",3,15.0,15.0
0.25,0.2,DHL,"Deutsche Post, Neustadt",4,13.0,13.0
0.25,0.2,DHL,"Deutsche Post, Neustadt",5,10.0,10.0
0.25,0.2,DHL,"Deutsche Post, Springe",0,9.0,9.0
0.25,0.2,DHL,"Deutsche Post, Springe",1,9.0,9.0
0.25,0.2,DHL,"Deutsche Post, Springe",2,11.0,11.0
0.25,0.2,DHL,"Deutsche Post, Springe",3,10.0,10.0
0.25,0.2,DHL,"Deutsche Post, Springe",4,9.0,9.0
0.25,0.2,DHL,"Deutsche Post, Springe",5,7.0,7.0
0.25,0.2,DHL,"Deutsche Post, Wunstorf",0,15.0,15.0
0.25,0.2,DHL,"Deutsche Post, Wunstorf",1,15.0,15.0
0.25,0.2,DHL,"Deutsche Post, Wunstorf",2,16.0,16.0
0.25,0.2,DHL,"Deutsche Post, Wunstorf",3,16.0,16.0
0.25,0.2,DHL,"Deutsche Post, Wunstorf",4,14.0,14.0
0.25,0.2,DHL,"Deutsche Post, Wunstorf",5,11.0,11.0
0.25,0.2,DHL,Dummy Seelze,0,17.0,17.0
0.25,0.2,DHL,Dummy Seelze,1,17.0,17.0
0.25,0.2,DHL,Dummy Seelze,2,22.0,22.0
0.25,0.2,DHL,Dummy Seelze,3,20.0,20.0
0.25,0.2,DHL,Dummy Seelze,4,17.0,17.0
0.25,0.2,DHL,Dummy Seelze,5,13.0,13.0
0.25,0.2,DHL,Dummy Sehnde,0,9.0,9.0
0.25,0.2,DHL,Dummy Sehnde,1,9.0,9.0
0.25,0.2,DHL,Dummy Sehnde,2,10.0,10.0
0.25,0.2,DHL,Dummy Sehnde,3,9.0,9.0
0.25,0.2,DHL,Dummy Sehnde,4,8.0,8.0
0.25,0.2,DHL,Dummy Sehnde,5,6.0,6.0
0.25,0.2,DHL,Dummy Uetze,0,7.0,7.0
0.25,0.2,DHL,Dummy Uetze,1,7.0,7.0
0.25,0.2,DHL,Dummy Uetze,2,7.0,7.0
0.25,0.2,DHL,Dummy Uetze,3,8.0,8.0
0.25,0.2,DHL,Dummy Uetze,4,6.0,6.0
0.25,0.2,DHL,Dummy Uetze,5,4.0,4.0
0.25,0.2,DHL,Dummy Wennigsen,0,10.0,10.0
0.25,0.2,DHL,Dummy Wennigsen,1,12.0,12.0
0.25,0.2,DHL,Dummy Wennigsen,2,12.0,12.0
0.25,0.2,DHL,Dummy Wennigsen,3,12.0,12.0
0.25,0.2,DHL,Dummy Wennigsen,4,10.0,10.0
0.25,0.2,DHL,Dummy Wennigsen,5,8.0,8.0
0.25,0.2,DHL,Paketzentrum / Zustellbasis Anderten,0,38.0,38.0
0.25,0.2,DHL,Paketzentrum / Zustellbasis Anderten,1,48.0,48.0
0.25,0.2,DHL,Paketzentrum / Zustellbasis Anderten,2,42.0,42.0
0.25,0.2,DHL,Paketzentrum / Zustellbasis Anderten,3,49.0,49.0
0.25,0.2,DHL,Paketzentrum / Zustellbasis Anderten,4,36.0,36.0
0.25,0.2,DHL,Paketzentrum / Zustellbasis Anderten,5,28.0,28.0
0.25,0.2,DHL,Zustellbasis Hannover am Güterbahnhof,0,98.0,102.0
0.25,0.2,DHL,Zustellbasis Hannover am Güterbahnhof,1,108.0,106.0
0.25,0.2,DHL,Zustellbasis Hannover am Güterbahnhof,2,117.0,114.0
0.25,0.2,DHL,Zustellbasis Hannover am Güterbahnhof,3,113.0,114.0
0.25,0.2,DHL,Zustellbasis Hannover am Güterbahnhof,4,96.0,88.0
0.25,0.2,DHL,Zustellbasis Hannover am Güterbahnhof,5,74.0,88.0
0.25,0.2,DHL,Zustellbasis Hannover-Süd,0,55.0,55.0
0.25,0.2,DHL,Zustellbasis Hannover-Süd,1,59.0,59.0
0.25,0.2,DHL,Zustellbasis Hannover-Süd,2,65.0,63.0
0.25,0.2,DHL,Zustellbasis Hannover-Süd,3,59.0,62.0
0.25,0.2,DHL,Zustellbasis Hannover-Süd,4,57.0,55.0
0.25,0.2,DHL,Zustellbasis Hannover-Süd,5,38.0,39.0
0.25,0.2,Amazon,Amazon Logistics HAJ8 in Garbsen,0,181.0,184.0
0.25,0.2,Amazon,Amazon Logistics HAJ8 in Garbsen,1,198.0,198.0
0.25,0.2,Amazon,Amazon Logistics HAJ8 in Garbsen,2,216.0,210.0
0.25,0.2,Amazon,Amazon Logistics HAJ8 in Garbsen,3,205.0,210.0
0.25,0.2,Amazon,Amazon Logistics HAJ8 in Garbsen,4,172.0,171.0
0.25,0.2,Amazon,Amazon Logistics HAJ8 in Garbsen,5,138.0,147.0
0.25,0.2,DPD,DPD Paketzentrum in Lehrte,0,92.0,92.0
0.25,0.2,DPD,DPD Paketzentrum in Lehrte,1,91.0,92.0
0.25,0.2,DPD,DPD Paketzentrum in Lehrte,2,105.0,101.0
0.25,0.2,DPD,DPD Paketzentrum in Lehrte,3,104.0,101.0
0.25,0.2,DPD,DPD Paketzentrum in Lehrte,4,90.0,89.0
0.25,0.2,DPD,DPD Paketzentrum in Lehrte,5,72.0,89.0
0.25,0.2,FedEx,FedEx Station - Heinz-Peter-Piper Str.,0,81.0,84.0
0.25,0.2,FedEx,FedEx Station - Heinz-Peter-Piper Str.,1,90.0,88.0
0.25,0.2,FedEx,FedEx Station - Heinz-Peter-Piper Str.,2,89.0,88.0
0.25,0.2,FedEx,FedEx Station - Heinz-Peter-Piper Str.,3,94.0,88.0
0.25,0.2,FedEx,FedEx Station - Heinz-Peter-Piper Str.,4,89.0,88.0
0.25,0.2,FedEx,FedEx Station - Heinz-Peter-Piper Str.,5,73.0,85.0
0.25,0.2,GLS,GLS in Hannover Laatzen,0,79.0,82.0
0.25,0.2,GLS,GLS in Hannover Laatzen,1,78.0,79.0
0.25,0.2,GLS,GLS in Hannover Laatzen,2,92.0,88.0
0.25,0.2,GLS,GLS in Hannover Laatzen,3,86.0,88.0
0.25,0.2,GLS,GLS in Hannover Laatzen,4,78.0,74.0
0.25,0.2,GLS,GLS in Hannover Laatzen,5,63.0,74.0
0.25,0.2,Hermes,Hermes LC Hannover Langenhagen,0,113.0,113.0
0.25,0.2,Hermes,Hermes LC Hannover Langenhagen,1,118.0,119.0
0.25,0.2,Hermes,Hermes LC Hannover Langenhagen,2,125.0,123.0
0.25,0.2,Hermes,Hermes LC Hannover Langenhagen,3,120.0,121.0
0.25,0.2,Hermes,Hermes LC Hannover Langenhagen,4,106.0,106.0
0.25,0.2,Hermes,Hermes LC Hannover Langenhagen,5,82.0,97.0
0.25,0.2,UPS,UPS Depot Hannover,0,94.0,102.0
0.25,0.2,UPS,UPS Depot Hannover,1,100.0,103.0
0.25,0.2,UPS,UPS Depot Hannover,2,113.0,103.0
0.25,0.2,UPS,UPS Depot Hannover,3,110.0,103.0
0.25,0.2,UPS,UPS Depot Hannover,4,98.0,103.0
0.25,0.2,UPS,UPS Depot Hannover,5,95.0,102.0
0.25,0.3,DHL,Brief- und Logistikzentrum in Pattensen (Hannover),0,26.0,26.0
0.25,0.3,DHL,Brief- und Logistikzentrum in Pattensen (Hannover),1,27.0,27.0
0.25,0.3,DHL,Brief- und Logistikzentrum in Pattensen (Hannover),2,28.0,28.0
0.25,0.3,DHL,Brief- und Logistikzentrum in Pattensen (Hannover),3,23.0,23.0
0.25,0.3,DHL,Brief- und Logistikzentrum in Pattensen (Hannover),4,26.0,26.0
0.25,0.3,DHL,Brief- und Logistikzentrum in Pattensen (Hannover),5,17.0,17.0
0.25,0.3,DHL,"Deutsche Post, Bantorf",0,10.0,10.0
0.25,0.3,DHL,"Deutsche Post, Bantorf",1,11.0,11.0
0.25,0.3,DHL,"Deutsche Post, Bantorf",2,13.0,13.0
0.25,0.3,DHL,"Deutsche Post, Bantorf",3,12.0,12.0
0.25,0.3,DHL,"Deutsche Post, Bantorf",4,10.0,10.0
0.25,0.3,DHL,"Deutsche Post, Bantorf",5,8.0,8.0
0.25,0.3,DHL,"Deutsche Post, Bissendorf",0,44.0,44.0
0.25,0.3,DHL,"Deutsche Post, Bissendorf",1,45.0,48.0
0.25,0.3,DHL,"Deutsche Post, Bissendorf",2,55.0,53.0
0.25,0.3,DHL,"Deutsche Post, Bissendorf",3,49.0,49.0
0.25,0.3,DHL,"Deutsche Post, Bissendorf",4,41.0,39.0
0.25,0.3,DHL,"Deutsche Post, Bissendorf",5,32.0,34.0
0.25,0.3,DHL,"Deutsche Post, Burgdorf",0,10.0,10.0
0.25,0.3,DHL,"Deutsche Post, Burgdorf",1,10.0,10.0
0.25,0.3,DHL,"Deutsche Post, Burgdorf",2,12.0,12.0
0.25,0.3,DHL,"Deutsche Post, Burgdorf",3,11.0,11.0
0.25,0.3,DHL,"Deutsche Post, Burgdorf",4,9.0,9.0
0.25,0.3,DHL,"Deutsche Post, Burgdorf",5,7.0,7.0
0.25,0.3,DHL,"Deutsche Post, Garbsen",0,12.0,12.0
0.25,0.3,DHL,"Deutsche Post, Garbsen",1,13.0,13.0
0.25,0.3,DHL,"Deutsche Post, Garbsen",2,15.0,15.0
0.25,0.3,DHL,"Deutsche Post, Garbsen",3,15.0,15.0
0.25,0.3,DHL,"Deutsche Post, Garbsen",4,12.0,12.0
0.25,0.3,DHL,"Deutsche Post, Garbsen",5,10.0,10.0
0.25,0.3,DHL,"Deutsche Post, Lehrte",0,14.0,14.0
0.25,0.3,DHL,"Deutsche Post, Lehrte",1,15.0,15.0
0.25,0.3,DHL,"Deutsche Post, Lehrte",2,17.0,17.0
0.25,0.3,DHL,"Deutsche Post, Lehrte",3,15.0,15.0
0.25,0.3,DHL,"Deutsche Post, Lehrte",4,13.0,13.0
0.25,0.3,DHL,"Deutsche Post, Lehrte",5,10.0,10.0
0.25,0.3,DHL,"Deutsche Post, Neustadt",0,13.0,13.0
0.25,0.3,DHL,"Deutsche Post, Neustadt",1,15.0,15.0
0.25,0.3,DHL,"Deutsche Post, Neustadt",2,16.0,16.0
0.25,0.3,DHL,"Deutsche Post, Neustadt",3,15.0,15.0
0.25,0.3,DHL,"Deutsche Post, Neustadt",4,13.0,13.0
0.25,0.3,DHL,"Deutsche Post, Neustadt",5,10.0,10.0
0.25,0.3,DHL,"Deutsche Post, Springe",0,9.0,9.0
0.25,0.3,DHL,"Deutsche Post, Springe",1,9.0,9.0
0.25,0.3,DHL,"Deutsche Post, Springe",2,11.0,11.0
0.25,0.3,DHL,"Deutsche Post, Springe",3,10.0,10.0
0.25,0.3,DHL,"Deutsche Post, Springe",4,9.0,9.0
0.25,0.3,DHL,"Deutsche Post, Springe",5,7.0,7.0
0.25,0.3,DHL,"Deutsche Post, Wunstorf",0,15.0,15.0
0.25,0.3,DHL,"Deutsche Post, Wunstorf",1,15.0,15.0
0.25,0.3,DHL,"Deutsche Post, Wunstorf",2,16.0,16.0
0.25,0.3,DHL,"Deutsche Post, Wunstorf",3,16.0,16.0
0.25,0.3,DHL,"Deutsche Post, Wunstorf",4,14.0,14.0
0.25,0.3,DHL,"Deutsche Post, Wunstorf",5,11.0,11.0
0.25,0.3,DHL,Dummy Seelze,0,17.0,17.0
0.25,0.3,DHL,Dummy Seelze,1,15.0,15.0
0.25,0.3,DHL,Dummy Seelze,2,24.0,24.0
0.25,0.3,DHL,Dummy Seelze,3,15.0,15.0
0.25,0.3,DHL,Dummy Seelze,4,20.0,20.0
0.25,0.3,DHL,Dummy Seelze,5,13.0,13.0
0.25,0.3,DHL,Dummy Sehnde,0,9.0,9.0
0.25,0.3,DHL,Dummy Sehnde,1,9.0,9.0
0.25,0.3,DHL,Dummy Sehnde,2,10.0,10.0
0.25,0.3,DHL,Dummy Sehnde,3,9.0,9.0
0.25,0.3,DHL,Dummy Sehnde,4,8.0,8.0
0.25,0.3,DHL,Dummy Sehnde,5,6.0,6.0
0.25,0.3,DHL,Dummy Uetze,0,7.0,7.0
0.25,0.3,DHL,Dummy Uetze,1,7.0,7.0
0.25,0.3,DHL,Dummy Uetze,2,7.0,7.0
0.25,0.3,DHL,Dummy Uetze,3,8.0,8.0
0.25,0.3,DHL,Dummy Uetze,4,6.0,6.0
0.25,0.3,DHL,Dummy Uetze,5,5.0,5.0
0.25,0.3,DHL,Dummy Wennigsen,0,12.0,12.0
0.25,0.3,DHL,Dummy Wennigsen,1,12.0,12.0
0.25,0.3,DHL,Dummy Wennigsen,2,12.0,12.0
0.25,0.3,DHL,Dummy Wennigsen,3,12.0,12.0
0.25,0.3,DHL,Dummy Wennigsen,4,10.0,10.0
0.25,0.3,DHL,Dummy Wennigsen,5,6.0,6.0
0.25,0.3,DHL,Paketzentrum / Zustellbasis Anderten,0,35.0,35.0
0.25,0.3,DHL,Paketzentrum / Zustellbasis Anderten,1,48.0,48.0
0.25,0.3,DHL,Paketzentrum / Zustellbasis Anderten,2,40.0,40.0
0.25,0.3,DHL,Paketzentrum / Zustellbasis Anderten,3,51.0,51.0
0.25,0.3,DHL,Paketzentrum / Zustellbasis Anderten,4,34.0,34.0
0.25,0.3,DHL,Paketzentrum / Zustellbasis Anderten,5,34.0,34.0
0.25,0.3,DHL,Zustellbasis Hannover am Güterbahnhof,0,109.0,102.0
0.25,0.3,DHL,Zustellbasis Hannover am Güterbahnhof,1,97.0,103.0
0.25,0.3,DHL,Zustellbasis Hannover am Güterbahnhof,2,121.0,113.0
0.25,0.3,DHL,Zustellbasis Hannover am Güterbahnhof,3,116.0,111.0
0.25,0.3,DHL,Zustellbasis Hannover am Güterbahnhof,4,96.0,94.0
0.25,0.3,DHL,Zustellbasis Hannover am Güterbahnhof,5,72.0,95.0
0.25,0.3,DHL,Zustellbasis Hannover-Süd,0,54.0,52.0
0.25,0.3,DHL,Zustellbasis Hannover-Süd,1,58.0,60.0
0.25,0.3,DHL,Zustellbasis Hannover-Süd,2,63.0,63.0
0.25,0.3,DHL,Zustellbasis Hannover-Süd,3,65.0,61.0
0.25,0.3,DHL,Zustellbasis Hannover-Süd,4,57.0,55.0
0.25,0.3,DHL,Zustellbasis Hannover-Süd,5,37.0,44.0
0.25,0.3,Amazon,Amazon Logistics HAJ8 in Garbsen,0,180.0,188.0
0.25,0.3,Amazon,Amazon Logistics HAJ8 in Garbsen,1,194.0,193.0
0.25,0.3,Amazon,Amazon Logistics HAJ8 in Garbsen,2,212.0,206.0
0.25,0.3,Amazon,Amazon Logistics HAJ8 in Garbsen,3,207.0,206.0
0.25,0.3,Amazon,Amazon Logistics HAJ8 in Garbsen,4,173.0,166.0
0.25,0.3,Amazon,Amazon Logistics HAJ8 in Garbsen,5,135.0,165.0
0.25,0.3,DPD,DPD Paketzentrum in Lehrte,0,89.0,90.0
0.25,0.3,DPD,DPD Paketzentrum in Lehrte,1,95.0,94.0
0.25,0.3,DPD,DPD Paketzentrum in Lehrte,2,96.0,97.0
0.25,0.3,DPD,DPD Paketzentrum in Lehrte,3,100.0,97.0
0.25,0.3,DPD,DPD Paketzentrum in Lehrte,4,91.0,89.0
0.25,0.3,DPD,DPD Paketzentrum in Lehrte,5,73.0,89.0
0.25,0.3,FedEx,FedEx Station - Heinz-Peter-Piper Str.,0,97.0,87.0
0.25,0.3,FedEx,FedEx Station - Heinz-Peter-Piper Str.,1,80.0,89.0
0.25,0.3,FedEx,FedEx Station - Heinz-Peter-Piper Str.,2,96.0,89.0
0.25,0.3,FedEx,FedEx Station - Heinz-Peter-Piper Str.,3,89.0,87.0
0.25,0.3,FedEx,FedEx Station - Heinz-Peter-Piper Str.,4,85.0,87.0
0.25,0.3,FedEx,FedEx Station - Heinz-Peter-Piper Str.,5,73.0,87.0
0.25,0.3,GLS,GLS in Hannover Laatzen,0,71.0,76.0
0.25,0.3,GLS,GLS in Hannover Laatzen,1,86.0,82.0
0.25,0.3,GLS,GLS in Hannover Laatzen,2,88.0,87.0
0.25,0.3,GLS,GLS in Hannover Laatzen,3,88.0,87.0
0.25,0.3,GLS,GLS in Hannover Laatzen,4,81.0,76.0
0.25,0.3,GLS,GLS in Hannover Laatzen,5,60.0,76.0
0.25,0.3,Hermes,Hermes LC Hannover Langenhagen,0,105.0,110.0
0.25,0.3,Hermes,Hermes LC Hannover Langenhagen,1,118.0,116.0
0.25,0.3,Hermes,Hermes LC Hannover Langenhagen,2,125.0,122.0
0.25,0.3,Hermes,Hermes LC Hannover Langenhagen,3,121.0,122.0
0.25,0.3,Hermes,Hermes LC Hannover Langenhagen,4,106.0,101.0
0.25,0.3,Hermes,Hermes LC Hannover Langenhagen,5,79.0,101.0
0.25,0.3,UPS,UPS Depot Hannover,0,93.0,102.0
0.25,0.3,UPS,UPS Depot Hannover,1,115.0,104.0
0.25,0.3,UPS,UPS Depot Hannover,2,95.0,104.0
0.25,0.3,UPS,UPS Depot Hannover,3,108.0,104.0
0.25,0.3,UPS,UPS Depot Hannover,4,130.0,102.0
0.25,0.3,UPS,UPS Depot Hannover,5,72.0,102.0
0.25,0.4,DHL,Brief- und Logistikzentrum in Pattensen (Hannover),0,17.0,17.0
0.25,0.4,DHL,Brief- und Logistikzentrum in Pattensen (Hannover),1,34.0,34.0
0.25,0.4,DHL,Brief- und Logistikzentrum in Pattensen (Hannover),2,26.0,26.0
0.25,0.4,DHL,Brief- und Logistikzentrum in Pattensen (Hannover),3,28.0,28.0
0.25,0.4,DHL,Brief- und Logistikzentrum in Pattensen (Hannover),4,20.0,20.0
0.25,0.4,DHL,Brief- und Logistikzentrum in Pattensen (Hannover),5,21.0,21.0
0.25,0.4,DHL,"Deutsche Post, Bantorf",0,10.0,10.0
0.25,0.4,DHL,"Deutsche Post, Bantorf",1,11.0,11.0
0.25,0.4,DHL,"Deutsche Post, Bantorf",2,13.0,13.0
0.25,0.4,DHL,"Deutsche Post, Bantorf",3,12.0,12.0
0.25,0.4,DHL,"Deutsche Post, Bantorf",4,10.0,10.0
0.25,0.4,DHL,"Deutsche Post, Bantorf",5,8.0,8.0
0.25,0.4,DHL,"Deutsche Post, Bissendorf",0,44.0,44.0
0.25,0.4,DHL,"Deutsche Post, Bissendorf",1,44.0,48.0
0.25,0.4,DHL,"Deutsche Post, Bissendorf",2,56.0,53.0
0.25,0.4,DHL,"Deutsche Post, Bissendorf",3,49.0,49.0
0.25,0.4,DHL,"Deutsche Post, Bissendorf",4,41.0,38.0
0.25,0.4,DHL,"Deutsche Post, Bissendorf",5,32.0,35.0
0.25,0.4,DHL,"Deutsche Post, Burgdorf",0,10.0,10.0
0.25,0.4,DHL,"Deutsche Post, Burgdorf",1,10.0,10.0
0.25,0.4,DHL,"Deutsche Post, Burgdorf",2,12.0,12.0
0.25,0.4,DHL,"Deutsche Post, Burgdorf",3,11.0,11.0
0.25,0.4,DHL,"Deutsche Post, Burgdorf",4,9.0,9.0
0.25,0.4,DHL,"Deutsche Post, Burgdorf",5,7.0,7.0
0.25,0.4,DHL,"Deutsche Post, Garbsen",0,12.0,12.0
0.25,0.4,DHL,"Deutsche Post, Garbsen",1,13.0,13.0
0.25,0.4,DHL,"Deutsche Post, Garbsen",2,15.0,15.0
0.25,0.4,DHL,"Deutsche Post, Garbsen",3,15.0,15.0
0.25,0.4,DHL,"Deutsche Post, Garbsen",4,12.0,12.0
0.25,0.4,DHL,"Deutsche Post, Garbsen",5,10.0,10.0
0.25,0.4,DHL,"Deutsche Post, Lehrte",0,14.0,14.0
0.25,0.4,DHL,"Deutsche Post, Lehrte",1,15.0,15.0
0.25,0.4,DHL,"Deutsche Post, Lehrte",2,17.0,17.0
0.25,0.4,DHL,"Deutsche Post, Lehrte",3,15.0,15.0
0.25,0.4,DHL,"Deutsche Post, Lehrte",4,13.0,13.0
0.25,0.4,DHL,"Deutsche Post, Lehrte",5,10.0,10.0
0.25,0.4,DHL,"Deutsche Post, Neustadt",0,13.0,13.0
0.25,0.4,DHL,"Deutsche Post, Neustadt",1,15.0,15.0
0.25,0.4,DHL,"Deutsche Post, Neustadt",2,16.0,16.0
0.25,0.4,DHL,"Deutsche Post, Neustadt",3,15.0,15.0
0.25,0.4,DHL,"Deutsche Post, Neustadt",4,13.0,13.0
0.25,0.4,DHL,"Deutsche Post, Neustadt",5,10.0,10.0
0.25,0.4,DHL,"Deutsche Post, Springe",0,9.0,9.0
0.25,0.4,DHL,"Deutsche Post, Springe",1,9.0,9.0
0.25,0.4,DHL,"Deutsche Post, Springe",2,11.0,11.0
0.25,0.4,DHL,"Deutsche Post, Springe",3,10.0,10.0
0.25,0.4,DHL,"Deutsche Post, Springe",4,6.0,6.0
0.25,0.4,DHL,"Deutsche Post, Springe",5,9.0,9.0
0.25,0.4,DHL,"Deutsche Post, Wunstorf",0,15.0,15.0
0.25,0.4,DHL,"Deutsche Post, Wunstorf",1,15.0,15.0
0.25,0.4,DHL,"Deutsche Post, Wunstorf",2,16.0,16.0
0.25,0.4,DHL,"Deutsche Post, Wunstorf",3,16.0,16.0
0.25,0.4,DHL,"Deutsche Post, Wunstorf",4,14.0,14.0
0.25,0.4,DHL,"Deutsche Post, Wunstorf",5,11.0,11.0
0.25,0.4,DHL,Dummy Seelze,0,17.0,17.0
0.25,0.4,DHL,Dummy Seelze,1,12.0,12.0
0.25,0.4,DHL,Dummy Seelze,2,26.0,26.0
0.25,0.4,DHL,Dummy Seelze,3,20.0,20.0
0.25,0.4,DHL,Dummy Seelze,4,17.0,17.0
0.25,0.4,DHL,Dummy Seelze,5,13.0,13.0
0.25,0.4,DHL,Dummy Sehnde,0,9.0,9.0
0.25,0.4,DHL,Dummy Sehnde,1,9.0,9.0
0.25,0.4,DHL,Dummy Sehnde,2,10.0,10.0
0.25,0.4,DHL,Dummy Sehnde,3,9.0,9.0
0.25,0.4,DHL,Dummy Sehnde,4,8.0,8.0
0.25,0.4,DHL,Dummy Sehnde,5,6.0,6.0
0.25,0.4,DHL,Dummy Uetze,0,8.0,8.0
0.25,0.4,DHL,Dummy Uetze,1,7.0,7.0
0.25,0.4,DHL,Dummy Uetze,2,7.0,7.0
0.25,0.4,DHL,Dummy Uetze,3,8.0,8.0
0.25,0.4,DHL,Dummy Uetze,4,6.0,6.0
0.25,0.4,DHL,Dummy Uetze,5,3.0,3.0
0.25,0.4,DHL,Dummy Wennigsen,0,13.0,13.0
0.25,0.4,DHL,Dummy Wennigsen,1,12.0,12.0
0.25,0.4,DHL,Dummy Wennigsen,2,12.0,12.0
0.25,0.4,DHL,Dummy Wennigsen,3,12.0,12.0
0.25,0.4,DHL,Dummy Wennigsen,4,10.0,10.0
0.25,0.4,DHL,Dummy Wennigsen,5,6.0,6.0
0.25,0.4,DHL,Paketzentrum / Zustellbasis Anderten,0,31.0,32.0
0.25,0.4,DHL,Paketzentrum / Zustellbasis Anderten,1,51.0,49.0
0.25,0.4,DHL,Paketzentrum / Zustellbasis Anderten,2,47.0,48.0
0.25,0.4,DHL,Paketzentrum / Zustellbasis Anderten,3,44.0,44.0
0.25,0.4,DHL,Paketzentrum / Zustellbasis Anderten,4,36.0,36.0
0.25,0.4,DHL,Paketzentrum / Zustellbasis Anderten,5,33.0,33.0
0.25,0.4,DHL,Zustellbasis Hannover am Güterbahnhof,0,111.0,99.0
0.25,0.4,DHL,Zustellbasis Hannover am Güterbahnhof,1,93.0,108.0
0.25,0.4,DHL,Zustellbasis Hannover am Güterbahnhof,2,124.0,111.0
0.25,0.4,DHL,Zustellbasis Hannover am Güterbahnhof,3,120.0,103.0
0.25,0.4,DHL,Zustellbasis Hannover am Güterbahnhof,4,89.0,100.0
0.25,0.4,DHL,Zustellbasis Hannover am Güterbahnhof,5,71.0,94.0
0.25,0.4,DHL,Zustellbasis Hannover-Süd,0,48.0,48.0
0.25,0.4,DHL,Zustellbasis Hannover-Süd,1,65.0,65.0
0.25,0.4,DHL,Zustellbasis Hannover-Süd,2,57.0,57.0
0.25,0.4,DHL,Zustellbasis Hannover-Süd,3,59.0,59.0
0.25,0.4,DHL,Zustellbasis Hannover-Süd,4,53.0,53.0
0.25,0.4,DHL,Zustellbasis Hannover-Süd,5,50.0,50.0
0.25,0.4,Amazon,Amazon Logistics HAJ8 in Garbsen,0,180.0,181.0
0.25,0.4,Amazon,Amazon Logistics HAJ8 in Garbsen,1,191.0,200.0
0.25,0.4,Amazon,Amazon Logistics HAJ8 in Garbsen,2,209.0,200.0
0.25,0.4,Amazon,Amazon Logistics HAJ8 in Garbsen,3,201.0,198.0
0.25,0.4,Amazon,Amazon Logistics HAJ8 in Garbsen,4,171.0,168.0
0.25,0.4,Amazon,Amazon Logistics HAJ8 in Garbsen,5,140.0,168.0
0.25,0.4,DPD,DPD Paketzentrum in Lehrte,0,87.0,88.0
0.25,0.4,DPD,DPD Paketzentrum in Lehrte,1,98.0,98.0
0.25,0.4,DPD,DPD Paketzentrum in Lehrte,2,94.0,98.0
0.25,0.4,DPD,DPD Paketzentrum in Lehrte,3,103.0,98.0
0.25,0.4,DPD,DPD Paketzentrum in Lehrte,4,95.0,90.0
0.25,0.4,DPD,DPD Paketzentrum in Lehrte,5,69.0,88.0
0.25,0.4,FedEx,FedEx Station - Heinz-Peter-Piper Str.,0,85.0,86.0
0.25,0.4,FedEx,FedEx Station - Heinz-Peter-Piper Str.,1,86.0,90.0
0.25,0.4,FedEx,FedEx Station - Heinz-Peter-Piper Str.,2,101.0,91.0
0.25,0.4,FedEx,FedEx Station - Heinz-Peter-Piper Str.,3,82.0,91.0
0.25,0.4,FedEx,FedEx Station - Heinz-Peter-Piper Str.,4,95.0,88.0
0.25,0.4,FedEx,FedEx Station - Heinz-Peter-Piper Str.,5,78.0,86.0
0.25,0.4,GLS,GLS in Hannover Laatzen,0,77.0,78.0
0.25,0.4,GLS,GLS in Hannover Laatzen,1,81.0,85.0
0.25,0.4,GLS,GLS in Hannover Laatzen,2,92.0,85.0
0.25,0.4,GLS,GLS in Hannover Laatzen,3,86.0,85.0
0.25,0.4,GLS,GLS in Hannover Laatzen,4,78.0,78.0
0.25,0.4,GLS,GLS in Hannover Laatzen,5,68.0,78.0
0.25,0.4,Hermes,Hermes LC Hannover Langenhagen,0,104.0,105.0
0.25,0.4,Hermes,Hermes LC Hannover Langenhagen,1,107.0,107.0
0.25,0.4,Hermes,Hermes LC Hannover Langenhagen,2,117.0,116.0
0.25,0.4,Hermes,Hermes LC Hannover Langenhagen,3,115.0,116.0
0.25,0.4,Hermes,Hermes LC Hannover Langenhagen,4,102.0,100.0
0.25,0.4,Hermes,Hermes LC Hannover Langenhagen,5,81.0,100.0
0.25,0.4,UPS,UPS Depot Hannover,0,90.0,105.0
0.25,0.4,UPS,UPS Depot Hannover,1,117.0,104.0
0.25,0.4,UPS,UPS Depot Hannover,2,82.0,105.0
0.25,0.4,UPS,UPS Depot Hannover,3,142.0,105.0
0.25,0.4,UPS,UPS Depot Hannover,4,94.0,104.0
0.25,0.4,UPS,UPS Depot Hannover,5,92.0,104.0
0.25,0.5,DHL,Brief- und Logistikzentrum in Pattensen (Hannover),0,27.0,27.0
0.25,0.5,DHL,Brief- und Logistikzentrum in Pattensen (Hannover),1,27.0,27.0
0.25,0.5,DHL,Brief- und Logistikzentrum in Pattensen (Hannover),2,28.0,28.0
0.25,0.5,DHL,Brief- und Logistikzentrum in Pattensen (Hannover),3,21.0,21.0
0.25,0.5,DHL,Brief- und Logistikzentrum in Pattensen (Hannover),4,29.0,29.0
0.25,0.5,DHL,Brief- und Logistikzentrum in Pattensen (Hannover),5,16.0,16.0
0.25,0.5,DHL,"Deutsche Post, Bantorf",0,10.0,10.0
0.25,0.5,DHL,"Deutsche Post, Bantorf",1,11.0,11.0
0.25,0.5,DHL,"Deutsche Post, Bantorf",2,13.0,13.0
0.25,0.5,DHL,"Deutsche Post, Bantorf",3,12.0,12.0
0.25,0.5,DHL,"Deutsche Post, Bantorf",4,10.0,10.0
0.25,0.5,DHL,"Deutsche Post, Bantorf",5,8.0,8.0
0.25,0.5,DHL,"Deutsche Post, Bissendorf",0,39.0,39.0
0.25,0.5,DHL,"Deutsche Post, Bissendorf",1,52.0,52.0
0.25,0.5,DHL,"Deutsche Post, Bissendorf",2,53.0,53.0
0.25,0.5,DHL,"Deutsche Post, Bissendorf",3,49.0,49.0
0.25,0.5,DHL,"Deutsche Post, Bissendorf",4,41.0,41.0
0.25,0.5,DHL,"Deutsche Post, Bissendorf",5,32.0,32.0
0.25,0.5,DHL,"Deutsche Post, Burgdorf",0,10.0,10.0
0.25,0.5,DHL,"Deutsche Post, Burgdorf",1,10.0,10.0
0.25,0.5,DHL,"Deutsche Post, Burgdorf",2,12.0,12.0
0.25,0.5,DHL,"Deutsche Post, Burgdorf",3,11.0,11.0
0.25,0.5,DHL,"Deutsche Post, Burgdorf",4,9.0,9.0
0.25,0.5,DHL,"Deutsche Post, Burgdorf",5,7.0,7.0
0.25,0.5,DHL,"Deutsche Post, Garbsen",0,12.0,12.0
0.25,0.5,DHL,"Deutsche Post, Garbsen",1,13.0,13.0
0.25,0.5,DHL,"Deutsche Post, Garbsen",2,15.0,15.0
0.25,0.5,DHL,"Deutsche Post, Garbsen",3,15.0,15.0
0.25,0.5,DHL,"Deutsche Post, Garbsen",4,12.0,12.0
0.25,0.5,DHL,"Deutsche Post, Garbsen",5,10.0,10.0
0.25,0.5,DHL,"Deutsche Post, Lehrte",0,14.0,14.0
0.25,0.5,DHL,"Deutsche Post, Lehrte",1,15.0,15.0
0.25,0.5,DHL,"Deutsche Post, Lehrte",2,17.0,17.0
0.25,0.5,DHL,"Deutsche Post, Lehrte",3,15.0,15.0
0.25,0.5,DHL,"Deutsche Post, Lehrte",4,13.0,13.0
0.25,0.5,DHL,"Deutsche Post, Lehrte",5,10.0,10.0
0.25,0.5,DHL,"Deutsche Post, Neustadt",0,13.0,13.0
0.25,0.5,DHL,"Deutsche Post, Neustadt",1,15.0,15.0
0.25,0.5,DHL,"Deutsche Post, Neustadt",2,16.0,16.0
0.25,0.5,DHL,"Deutsche Post, Neustadt",3,15.0,15.0
0.25,0.5,DHL,"Deutsche Post, Neustadt",4,13.0,13.0
0.25,0.5,DHL,"Deutsche Post, Neustadt",5,10.0,10.0
0.25,0.5,DHL,"Deutsche Post, Springe",0,9.0,9.0
0.25,0.5,DHL,"Deutsche Post, Springe",1,9.0,9.0
0.25,0.5,DHL,"Deutsche Post, Springe",2,11.0,11.0
0.25,0.5,DHL,"Deutsche Post, Springe",3,10.0,10.0
0.25,0.5,DHL,"Deutsche Post, Springe",4,9.0,9.0
0.25,0.5,DHL,"Deutsche Post, Springe",5,7.0,7.0
0.25,0.5,DHL,"Deutsche Post, Wunstorf",0,15.0,15.0
0.25,0.5,DHL,"Deutsche Post, Wunstorf",1,15.0,15.0
0.25,0.5,DHL,"Deutsche Post, Wunstorf",2,16.0,16.0
0.25,0.5,DHL,"Deutsche Post, Wunstorf",3,16.0,16.0
0.25,0.5,DHL,"Deutsche Post, Wunstorf",4,14.0,14.0
0.25,0.5,DHL,"Deutsche Post, Wunstorf",5,11.0,11.0
0.25,0.5,DHL,Dummy Seelze,0,17.0,17.0
0.25,0.5,DHL,Dummy Seelze,1,19.0,19.0
0.25,0.5,DHL,Dummy Seelze,2,21.0,21.0
0.25,0.5,DHL,Dummy Seelze,3,20.0,20.0
0.25,0.5,DHL,Dummy Seelze,4,17.0,17.0
0.25,0.5,DHL,Dummy Seelze,5,13.0,13.0
0.25,0.5,DHL,Dummy Sehnde,0,9.0,9.0
0.25,0.5,DHL,Dummy Sehnde,1,9.0,9.0
0.25,0.5,DHL,Dummy Sehnde,2,10.0,10.0
0.25,0.5,DHL,Dummy Sehnde,3,9.0,9.0
0.25,0.5,DHL,Dummy Sehnde,4,8.0,8.0
0.25,0.5,DHL,Dummy Sehnde,5,6.0,6.0
0.25,0.5,DHL,Dummy Uetze,0,7.0,7.0
0.25,0.5,DHL,Dummy Uetze,1,7.0,7.0
0.25,0.5,DHL,Dummy Uetze,2,7.0,7.0
0.25,0.5,DHL,Dummy Uetze,3,8.0,8.0
0.25,0.5,DHL,Dummy Uetze,4,6.0,6.0
0.25,0.5,DHL,Dummy Uetze,5,5.0,5.0
0.25,0.5,DHL,Dummy Wennigsen,0,6.0,6.0
0.25,0.5,DHL,Dummy Wennigsen,1,15.0,15.0
0.25,0.5,DHL,Dummy Wennigsen,2,12.0,12.0
0.25,0.5,DHL,Dummy Wennigsen,3,12.0,12.0
0.25,0.5,DHL,Dummy Wennigsen,4,10.0,10.0
0.25,0.5,DHL,Dummy Wennigsen,5,8.0,8.0
0.25,0.5,DHL,Paketzentrum / Zustellbasis Anderten,0,40.0,40.0
0.25,0.5,DHL,Paketzentrum / Zustellbasis Anderten,1,44.0,44.0
0.25,0.5,DHL,Paketzentrum / Zustellbasis Anderten,2,47.0,47.0
0.25,0.5,DHL,Paketzentrum / Zustellbasis Anderten,3,44.0,44.0
0.25,0.5,DHL,Paketzentrum / Zustellbasis Anderten,4,33.0,33.0
0.25,0.5,DHL,Paketzentrum / Zustellbasis Anderten,5,35.0,35.0
0.25,0.5,DHL,Zustellbasis Hannover am Güterbahnhof,0,106.0,97.0
0.25,0.5,DHL,Zustellbasis Hannover am Güterbahnhof,1,90.0,111.0
0.25,0.5,DHL,Zustellbasis Hannover am Güterbahnhof,2,137.0,113.0
0.25,0.5,DHL,Zustellbasis Hannover am Güterbahnhof,3,102.0,110.0
0.25,0.5,DHL,Zustellbasis Hannover am Güterbahnhof,4,107.0,92.0
0.25,0.5,DHL,Zustellbasis Hannover am Güterbahnhof,5,69.0,91.0
0.25,0.5,DHL,Zustellbasis Hannover-Süd,0,55.0,55.0
0.25,0.5,DHL,Zustellbasis Hannover-Süd,1,58.0,58.0
0.25,0.5,DHL,Zustellbasis Hannover-Süd,2,52.0,60.0
0.25,0.5,DHL,Zustellbasis Hannover-Süd,3,77.0,63.0
0.25,0.5,DHL,Zustellbasis Hannover-Süd,4,52.0,55.0
0.25,0.5,DHL,Zustellbasis Hannover-Süd,5,41.0,43.0
0.25,0.5,Amazon,Amazon Logistics HAJ8 in Garbsen,0,176.0,183.0
0.25,0.5,Amazon,Amazon Logistics HAJ8 in Garbsen,1,199.0,193.0
0.25,0.5,Amazon,Amazon Logistics HAJ8 in Garbsen,2,207.0,192.0
0.25,0.5,Amazon,Amazon Logistics HAJ8 in Garbsen,3,198.0,193.0
0.25,0.5,Amazon,Amazon Logistics HAJ8 in Garbsen,4,188.0,183.0
0.25,0.5,Amazon,Amazon Logistics HAJ8 in Garbsen,5,129.0,182.0
0.25,0.5,DPD,DPD Paketzentrum in Lehrte,0,93.0,91.0
0.25,0.5,DPD,DPD Paketzentrum in Lehrte,1,94.0,97.0
0.25,0.5,DPD,DPD Paketzentrum in Lehrte,2,109.0,98.0
0.25,0.5,DPD,DPD Paketzentrum in Lehrte,3,95.0,98.0
0.25,0.5,DPD,DPD Paketzentrum in Lehrte,4,93.0,91.0
0.25,0.5,DPD,DPD Paketzentrum in Lehrte,5,71.0,91.0
0.25,0.5,FedEx,FedEx Station - Heinz-Peter-Piper Str.,0,84.0,88.0
0.25,0.5,FedEx,FedEx Station - Heinz-Peter-Piper Str.,1,100.0,91.0
0.25,0.5,FedEx,FedEx Station - Heinz-Peter-Piper Str.,2,90.0,90.0
0.25,0.5,FedEx,FedEx Station - Heinz-Peter-Piper Str.,3,95.0,90.0
0.25,0.5,FedEx,FedEx Station - Heinz-Peter-Piper Str.,4,92.0,89.0
0.25,0.5,FedEx,FedEx Station - Heinz-Peter-Piper Str.,5,72.0,88.0
0.25,0.5,GLS,GLS in Hannover Laatzen,0,79.0,80.0
0.25,0.5,GLS,GLS in Hannover Laatzen,1,82.0,84.0
0.25,0.5,GLS,GLS in Hannover Laatzen,2,90.0,84.0
0.25,0.5,GLS,GLS in Hannover Laatzen,3,84.0,84.0
0.25,0.5,GLS,GLS in Hannover Laatzen,4,81.0,80.0
0.25,0.5,GLS,GLS in Hannover Laatzen,5,65.0,80.0
0.25,0.5,Hermes,Hermes LC Hannover Langenhagen,0,105.0,107.0
0.25,0.5,Hermes,Hermes LC Hannover Langenhagen,1,112.0,113.0
0.25,0.5,Hermes,Hermes LC Hannover Langenhagen,2,123.0,113.0
0.25,0.5,Hermes,Hermes LC Hannover Langenhagen,3,110.0,113.0
0.25,0.5,Hermes,Hermes LC Hannover Langenhagen,4,109.0,102.0
0.25,0.5,Hermes,Hermes LC Hannover Langenhagen,5,75.0,102.0
0.25,0.5,UPS,UPS Depot Hannover,0,102.0,101.0
0.25,0.5,UPS,UPS Depot Hannover,1,111.0,107.0
0.25,0.5,UPS,UPS Depot Hannover,2,97.0,107.0
0.25,0.5,UPS,UPS Depot Hannover,3,122.0,105.0
0.25,0.5,UPS,UPS Depot Hannover,4,98.0,105.0
0.25,0.5,UPS,UPS Depot Hannover,5,89.0,101.0
0.25,0.6,DHL,Brief- und Logistikzentrum in Pattensen (Hannover),0,27.0,27.0
0.25,0.6,DHL,Brief- und Logistikzentrum in Pattensen (Hannover),1,27.0,27.0
0.25,0.6,DHL,Brief- und Logistikzentrum in Pattensen (Hannover),2,28.0,28.0
0.25,0.6,DHL,Brief- und Logistikzentrum in Pattensen (Hannover),3,27.0,27.0
0.25,0.6,DHL,Brief- und Logistikzentrum in Pattensen (Hannover),4,24.0,24.0
0.25,0.6,DHL,Brief- und Logistikzentrum in Pattensen (Hannover),5,16.0,16.0
0.25,0.6,DHL,"Deutsche Post, Bantorf",0,10.0,10.0
0.25,0.6,DHL,"Deutsche Post, Bantorf",1,11.0,11.0
0.25,0.6,DHL,"Deutsche Post, Bantorf",2,13.0,13.0
0.25,0.6,DHL,"Deutsche Post, Bantorf",3,12.0,12.0
0.25,0.6,DHL,"Deutsche Post, Bantorf",4,10.0,10.0
0.25,0.6,DHL,"Deutsche Post, Bantorf",5,8.0,8.0
0.25,0.6,DHL,"Deutsche Post, Bissendorf",0,44.0,44.0
0.25,0.6,DHL,"Deutsche Post, Bissendorf",1,48.0,48.0
0.25,0.6,DHL,"Deutsche Post, Bissendorf",2,53.0,53.0
0.25,0.6,DHL,"Deutsche Post, Bissendorf",3,49.0,49.0
0.25,0.6,DHL,"Deutsche Post, Bissendorf",4,41.0,41.0
0.25,0.6,DHL,"Deutsche Post, Bissendorf",5,32.0,32.0
0.25,0.6,DHL,"Deutsche Post, Burgdorf",0,10.0,10.0
0.25,0.6,DHL,"Deutsche Post, Burgdorf",1,10.0,10.0
0.25,0.6,DHL,"Deutsche Post, Burgdorf",2,12.0,12.0
0.25,0.6,DHL,"Deutsche Post, Burgdorf",3,11.0,11.0
0.25,0.6,DHL,"Deutsche Post, Burgdorf",4,9.0,9.0
0.25,0.6,DHL,"Deutsche Post, Burgdorf",5,7.0,7.0
0.25,0.6,DHL,"Deutsche Post, Garbsen",0,12.0,12.0
0.25,0.6,DHL,"Deutsche Post, Garbsen",1,13.0,13.0
0.25,0.6,DHL,"Deutsche Post, Garbsen",2,15.0,15.0
0.25,0.6,DHL,"Deutsche Post, Garbsen",3,15.0,15.0
0.25,0.6,DHL,"Deutsche Post, Garbsen",4,12.0,12.0
0.25,0.6,DHL,"Deutsche Post, Garbsen",5,10.0,10.0
0.25,0.6,DHL,"Deutsche Post, Lehrte",0,14.0,14.0
0.25,0.6,DHL,"Deutsche Post, Lehrte",1,15.0,15.0
0.25,0.6,DHL,"Deutsche Post, Lehrte",2,17.0,17.0
0.25,0.6,DHL,"Deutsche Post, Lehrte",3,15.0,15.0
0.25,0.6,DHL,"Deutsche Post, Lehrte",4,13.0,13.0
0.25,0.6,DHL,"Deutsche Post, Lehrte",5,10.0,10.0
0.25,0.6,DHL,"Deutsche Post, Neustadt",0,13.0,13.0
0.25,0.6,DHL,"Deutsche Post, Neustadt",1,15.0,15.0
0.25,0.6,DHL,"Deutsche Post, Neustadt",2,16.0,16.0
0.25,0.6,DHL,"Deutsche Post, Neustadt",3,15.0,15.0
0.25,0.6,DHL,"Deutsche Post, Neustadt",4,13.0,13.0
0.25,0.6,DHL,"Deutsche Post, Neustadt",5,10.0,10.0
0.25,0.6,DHL,"Deutsche Post, Springe",0,9.0,9.0
0.25,0.6,DHL,"Deutsche Post, Springe",1,9.0,9.0
0.25,0.6,DHL,"Deutsche Post, Springe",2,11.0,11.0
0.25,0.6,DHL,"Deutsche Post, Springe",3,10.0,10.0
0.25,0.6,DHL,"Deutsche Post, Springe",4,9.0,9.0
0.25,0.6,DHL,"Deutsche Post, Springe",5,7.0,7.0
0.25,0.6,DHL,"Deutsche Post, Wunstorf",0,15.0,15.0
0.25,0.6,DHL,"Deutsche Post, Wunstorf",1,15.0,15.0
0.25,0.6,DHL,"Deutsche Post, Wunstorf",2,16.0,16.0
0.25,0.6,DHL,"Deutsche Post, Wunstorf",3,16.0,16.0
0.25,0.6,DHL,"Deutsche Post, Wunstorf",4,14.0,14.0
0.25,0.6,DHL,"Deutsche Post, Wunstorf",5,11.0,11.0
0.25,0.6,DHL,Dummy Seelze,0,17.0,17.0
0.25,0.6,DHL,Dummy Seelze,1,19.0,19.0
0.25,0.6,DHL,Dummy Seelze,2,21.0,21.0
0.25,0.6,DHL,Dummy Seelze,3,20.0,20.0
0.25,0.6,DHL,Dummy Seelze,4,17.0,17.0
0.25,0.6,DHL,Dummy Seelze,5,13.0,13.0
0.25,0.6,DHL,Dummy Sehnde,0,9.0,9.0
0.25,0.6,DHL,Dummy Sehnde,1,9.0,9.0
0.25,0.6,DHL,Dummy Sehnde,2,10.0,10.0
0.25,0.6,DHL,Dummy Sehnde,3,9.0,9.0
0.25,0.6,DHL,Dummy Sehnde,4,8.0,8.0
0.25,0.6,DHL,Dummy Sehnde,5,6.0,6.0
0.25,0.6,DHL,Dummy Uetze,0,7.0,7.0
0.25,0.6,DHL,Dummy Uetze,1,7.0,7.0
0.25,0.6,DHL,Dummy Uetze,2,7.0,7.0
0.25,0.6,DHL,Dummy Uetze,3,8.0,8.0
0.25,0.6,DHL,Dummy Uetze,4,6.0,6.0
0.25,0.6,DHL,Dummy Uetze,5,5.0,5.0
0.25,0.6,DHL,Dummy Wennigsen,0,8.0,8.0
0.25,0.6,DHL,Dummy Wennigsen,1,14.0,14.0
0.25,0.6,DHL,Dummy Wennigsen,2,12.0,12.0
0.25,0.6,DHL,Dummy Wennigsen,3,12.0,12.0
0.25,0.6,DHL,Dummy Wennigsen,4,7.0,7.0
0.25,0.6,DHL,Dummy Wennigsen,5,10.0,10.0
0.25,0.6,DHL,Paketzentrum / Zustellbasis Anderten,0,43.0,43.0
0.25,0.6,DHL,Paketzentrum / Zustellbasis Anderten,1,38.0,38.0
0.25,0.6,DHL,Paketzentrum / Zustellbasis Anderten,2,52.0,52.0
0.25,0.6,DHL,Paketzentrum / Zustellbasis Anderten,3,44.0,44.0
0.25,0.6,DHL,Paketzentrum / Zustellbasis Anderten,4,36.0,36.0
0.25,0.6,DHL,Paketzentrum / Zustellbasis Anderten,5,29.0,29.0
0.25,0.6,DHL,Zustellbasis Hannover am Güterbahnhof,0,102.0,102.0
0.25,0.6,DHL,Zustellbasis Hannover am Güterbahnhof,1,101.0,107.0
0.25,0.6,DHL,Zustellbasis Hannover am Güterbahnhof,2,127.0,115.0
0.25,0.6,DHL,Zustellbasis Hannover am Güterbahnhof,3,108.0,115.0
0.25,0.6,DHL,Zustellbasis Hannover am Güterbahnhof,4,92.0,93.0
0.25,0.6,DHL,Zustellbasis Hannover am Güterbahnhof,5,84.0,85.0
0.25,0.6,DHL,Zustellbasis Hannover-Süd,0,55.0,55.0
0.25,0.6,DHL,Zustellbasis Hannover-Süd,1,58.0,58.0
0.25,0.6,DHL,Zustellbasis Hannover-Süd,2,47.0,50.0
0.25,0.6,DHL,Zustellbasis Hannover-Süd,3,78.0,72.0
0.25,0.6,DHL,Zustellbasis Hannover-Süd,4,48.0,51.0
0.25,0.6,DHL,Zustellbasis Hannover-Süd,5,45.0,45.0
0.25,0.6,Amazon,Amazon Logistics HAJ8 in Garbsen,0,158.0,186.0
0.25,0.6,Amazon,Amazon Logistics HAJ8 in Garbsen,1,216.0,188.0
0.25,0.6,Amazon,Amazon Logistics HAJ8 in Garbsen,2,196.0,188.0
0.25,0.6,Amazon,Amazon Logistics HAJ8 in Garbsen,3,206.0,186.0
0.25,0.6,Amazon,Amazon Logistics HAJ8 in Garbsen,4,186.0,187.0
0.25,0.6,Amazon,Amazon Logistics HAJ8 in Garbsen,5,139.0,186.0
0.25,0.6,DPD,DPD Paketzentrum in Lehrte,0,91.0,95.0
0.25,0.6,DPD,DPD Paketzentrum in Lehrte,1,101.0,95.0
0.25,0.6,DPD,DPD Paketzentrum in Lehrte,2,100.0,97.0
0.25,0.6,DPD,DPD Paketzentrum in Lehrte,3,104.0,96.0
0.25,0.6,DPD,DPD Paketzentrum in Lehrte,4,94.0,96.0
0.25,0.6,DPD,DPD Paketzentrum in Lehrte,5,74.0,95.0
0.25,0.6,FedEx,FedEx Station - Heinz-Peter-Piper Str.,0,83.0,88.0
0.25,0.6,FedEx,FedEx Station - Heinz-Peter-Piper Str.,1,111.0,92.0
0.25,0.6,FedEx,FedEx Station - Heinz-Peter-Piper Str.,2,84.0,93.0
0.25,0.6,FedEx,FedEx Station - Heinz-Peter-Piper Str.,3,90.0,91.0
0.25,0.6,FedEx,FedEx Station - Heinz-Peter-Piper Str.,4,111.0,91.0
0.25,0.6,FedEx,FedEx Station - Heinz-Peter-Piper Str.,5,57.0,87.0
0.25,0.6,GLS,GLS in Hannover Laatzen,0,79.0,81.0
0.25,0.6,GLS,GLS in Hannover Laatzen,1,84.0,85.0
0.25,0.6,GLS,GLS in Hannover Laatzen,2,90.0,85.0
0.25,0.6,GLS,GLS in Hannover Laatzen,3,84.0,85.0
0.25,0.6,GLS,GLS in Hannover Laatzen,4,81.0,82.0
0.25,0.6,GLS,GLS in Hannover Laatzen,5,68.0,81.0
0.25,0.6,Hermes,Hermes LC Hannover Langenhagen,0,106.0,107.0
0.25,0.6,Hermes,Hermes LC Hannover Langenhagen,1,106.0,112.0
0.25,0.6,Hermes,Hermes LC Hannover Langenhagen,2,125.0,112.0
0.25,0.6,Hermes,Hermes LC Hannover Langenhagen,3,113.0,111.0
0.25,0.6,Hermes,Hermes LC Hannover Langenhagen,4,107.0,107.0
0.25,0.6,Hermes,Hermes LC Hannover Langenhagen,5,83.0,107.0
0.25,0.6,UPS,UPS Depot Hannover,0,104.0,104.0
0.25,0.6,UPS,UPS Depot Hannover,1,106.0,105.0
0.25,0.6,UPS,UPS Depot Hannover,2,117.0,110.0
0.25,0.6,UPS,UPS Depot Hannover,3,116.0,110.0
0.25,0.6,UPS,UPS Depot Hannover,4,108.0,105.0
0.25,0.6,UPS,UPS Depot Hannover,5,83.0,104.0
0.25,0.7,DHL,Brief- und Logistikzentrum in Pattensen (Hannover),0,22.0,22.0
0.25,0.7,DHL,Brief- und Logistikzentrum in Pattensen (Hannover),1,30.0,30.0
0.25,0.7,DHL,Brief- und Logistikzentrum in Pattensen (Hannover),2,28.0,28.0
0.25,0.7,DHL,Brief- und Logistikzentrum in Pattensen (Hannover),3,23.0,23.0
0.25,0.7,DHL,Brief- und Logistikzentrum in Pattensen (Hannover),4,27.0,27.0
0.25,0.7,DHL,Brief- und Logistikzentrum in Pattensen (Hannover),5,18.0,18.0
0.25,0.7,DHL,"Deutsche Post, Bantorf",0,10.0,10.0
0.25,0.7,DHL,"Deutsche Post, Bantorf",1,11.0,11.0
0.25,0.7,DHL,"Deutsche Post, Bantorf",2,13.0,13.0
0.25,0.7,DHL,"Deutsche Post, Bantorf",3,12.0,12.0
0.25,0.7,DHL,"Deutsche Post, Bantorf",4,10.0,10.0
0.25,0.7,DHL,"Deutsche Post, Bantorf",5,8.0,8.0
0.25,0.7,DHL,"Deutsche Post, Bissendorf",0,44.0,44.0
0.25,0.7,DHL,"Deutsche Post, Bissendorf",1,48.0,48.0
0.25,0.7,DHL,"Deutsche Post, Bissendorf",2,53.0,53.0
0.25,0.7,DHL,"Deutsche Post, Bissendorf",3,49.0,49.0
0.25,0.7,DHL,"Deutsche Post, Bissendorf",4,41.0,41.0
0.25,0.7,DHL,"Deutsche Post, Bissendorf",5,32.0,32.0
0.25,0.7,DHL,"Deutsche Post, Burgdorf",0,10.0,10.0
0.25,0.7,DHL,"Deutsche Post, Burgdorf",1,10.0,10.0
0.25,0.7,DHL,"Deutsche Post, Burgdorf",2,12.0,12.0
0.25,0.7,DHL,"Deutsche Post, Burgdorf",3,11.0,11.0
0.25,0.7,DHL,"Deutsche Post, Burgdorf",4,9.0,9.0
0.25,0.7,DHL,"Deutsche Post, Burgdorf",5,7.0,7.0
0.25,0.7,DHL,"Deutsche Post, Garbsen",0,12.0,12.0
0.25,0.7,DHL,"Deutsche Post, Garbsen",1,13.0,13.0
0.25,0.7,DHL,"Deutsche Post, Garbsen",2,15.0,15.0
0.25,0.7,DHL,"Deutsche Post, Garbsen",3,15.0,15.0
0.25,0.7,DHL,"Deutsche Post, Garbsen",4,12.0,12.0
0.25,0.7,DHL,"Deutsche Post, Garbsen",5,10.0,10.0
0.25,0.7,DHL,"Deutsche Post, Lehrte",0,14.0,14.0
0.25,0.7,DHL,"Deutsche Post, Lehrte",1,15.0,15.0
0.25,0.7,DHL,"Deutsche Post, Lehrte",2,17.0,17.0
0.25,0.7,DHL,"Deutsche Post, Lehrte",3,15.0,15.0
0.25,0.7,DHL,"Deutsche Post, Lehrte",4,13.0,13.0
0.25,0.7,DHL,"Deutsche Post, Lehrte",5,10.0,10.0
0.25,0.7,DHL,"Deutsche Post, Neustadt",0,13.0,13.0
0.25,0.7,DHL,"Deutsche Post, Neustadt",1,15.0,15.0
0.25,0.7,DHL,"Deutsche Post, Neustadt",2,16.0,16.0
0.25,0.7,DHL,"Deutsche Post, Neustadt",3,15.0,15.0
0.25,0.7,DHL,"Deutsche Post, Neustadt",4,13.0,13.0
0.25,0.7,DHL,"Deutsche Post, Neustadt",5,10.0,10.0
0.25,0.7,DHL,"Deutsche Post, Springe",0,9.0,9.0
0.25,0.7,DHL,"Deutsche Post, Springe",1,3.0,3.0
0.25,0.7,DHL,"Deutsche Post, Springe",2,16.0,16.0
0.25,0.7,DHL,"Deutsche Post, Springe",3,10.0,10.0
0.25,0.7,DHL,"Deutsche Post, Springe",4,9.0,9.0
0.25,0.7,DHL,"Deutsche Post, Springe",5,7.0,7.0
0.25,0.7,DHL,"Deutsche Post, Wunstorf",0,15.0,15.0
0.25,0.7,DHL,"Deutsche Post, Wunstorf",1,15.0,15.0
0.25,0.7,DHL,"Deutsche Post, Wunstorf",2,16.0,16.0
0.25,0.7,DHL,"Deutsche Post, Wunstorf",3,16.0,16.0
0.25,0.7,DHL,"Deutsche Post, Wunstorf",4,14.0,14.0
0.25,0.7,DHL,"Deutsche Post, Wunstorf",5,11.0,11.0
0.25,0.7,DHL,Dummy Seelze,0,17.0,17.0
0.25,0.7,DHL,Dummy Seelze,1,19.0,19.0
0.25,0.7,DHL,Dummy Seelze,2,7.0,7.0
0.25,0.7,DHL,Dummy Seelze,3,32.0,32.0
0.25,0.7,DHL,Dummy Seelze,4,17.0,17.0
0.25,0.7,DHL,Dummy Seelze,5,13.0,13.0
0.25,0.7,DHL,Dummy Sehnde,0,9.0,9.0
0.25,0.7,DHL,Dummy Sehnde,1,9.0,9.0
0.25,0.7,DHL,Dummy Sehnde,2,10.0,10.0
0.25,0.7,DHL,Dummy Sehnde,3,9.0,9.0
0.25,0.7,DHL,Dummy Sehnde,4,8.0,8.0
0.25,0.7,DHL,Dummy Sehnde,5,6.0,6.0
0.25,0.7,DHL,Dummy Uetze,0,7.0,7.0
0.25,0.7,DHL,Dummy Uetze,1,7.0,7.0
0.25,0.7,DHL,Dummy Uetze,2,7.0,7.0
0.25,0.7,DHL,Dummy Uetze,3,8.0,8.0
0.25,0.7,DHL,Dummy Uetze,4,2.0,2.0
0.25,0.7,DHL,Dummy Uetze,5,8.0,8.0
0.25,0.7,DHL,Dummy Wennigsen,0,8.0,8.0
0.25,0.7,DHL,Dummy Wennigsen,1,14.0,14.0
0.25,0.7,DHL,Dummy Wennigsen,2,12.0,12.0
0.25,0.7,DHL,Dummy Wennigsen,3,12.0,12.0
0.25,0.7,DHL,Dummy Wennigsen,4,10.0,10.0
0.25,0.7,DHL,Dummy Wennigsen,5,8.0,8.0
0.25,0.7,DHL,Paketzentrum / Zustellbasis Anderten,0,40.0,40.0
0.25,0.7,DHL,Paketzentrum / Zustellbasis Anderten,1,44.0,44.0
0.25,0.7,DHL,Paketzentrum / Zustellbasis Anderten,2,47.0,47.0
0.25,0.7,DHL,Paketzentrum / Zustellbasis Anderten,3,44.0,44.0
0.25,0.7,DHL,Paketzentrum / Zustellbasis Anderten,4,34.0,34.0
0.25,0.7,DHL,Paketzentrum / Zustellbasis Anderten,5,35.0,35.0
0.25,0.7,DHL,Zustellbasis Hannover am Güterbahnhof,0,102.0,102.0
0.25,0.7,DHL,Zustellbasis Hannover am Güterbahnhof,1,107.0,107.0
0.25,0.7,DHL,Zustellbasis Hannover am Güterbahnhof,2,122.0,118.0
0.25,0.7,DHL,Zustellbasis Hannover am Güterbahnhof,3,103.0,118.0
0.25,0.7,DHL,Zustellbasis Hannover am Güterbahnhof,4,107.0,90.0
0.25,0.7,DHL,Zustellbasis Hannover am Güterbahnhof,5,75.0,80.0
0.25,0.7,DHL,Zustellbasis Hannover-Süd,0,55.0,55.0
0.25,0.7,DHL,Zustellbasis Hannover-Süd,1,58.0,58.0
0.25,0.7,DHL,Zustellbasis Hannover-Süd,2,41.0,45.0
0.25,0.7,DHL,Zustellbasis Hannover-Süd,3,87.0,79.0
0.25,0.7,DHL,Zustellbasis Hannover-Süd,4,52.0,55.0
0.25,0.7,DHL,Zustellbasis Hannover-Süd,5,41.0,41.0
0.25,0.7,Amazon,Amazon Logistics HAJ8 in Garbsen,0,178.0,185.0
0.25,0.7,Amazon,Amazon Logistics HAJ8 in Garbsen,1,187.0,185.0
0.25,0.7,Amazon,Amazon Logistics HAJ8 in Garbsen,2,195.0,184.0
0.25,0.7,Amazon,Amazon Logistics HAJ8 in Garbsen,3,217.0,186.0
0.25,0.7,Amazon,Amazon Logistics HAJ8 in Garbsen,4,180.0,184.0
0.25,0.7,Amazon,Amazon Logistics HAJ8 in Garbsen,5,129.0,185.0
0.25,0.7,DPD,DPD Paketzentrum in Lehrte,0,81.0,93.0
0.25,0.7,DPD,DPD Paketzentrum in Lehrte,1,109.0,97.0
0.25,0.7,DPD,DPD Paketzentrum in Lehrte,2,98.0,101.0
0.25,0.7,DPD,DPD Paketzentrum in Lehrte,3,102.0,101.0
0.25,0.7,DPD,DPD Paketzentrum in Lehrte,4,102.0,99.0
0.25,0.7,DPD,DPD Paketzentrum in Lehrte,5,88.0,93.0
0.25,0.7,FedEx,FedEx Station - Heinz-Peter-Piper Str.,0,88.0,91.0
0.25,0.7,FedEx,FedEx Station - Heinz-Peter-Piper Str.,1,99.0,91.0
0.25,0.7,FedEx,FedEx Station - Heinz-Peter-Piper Str.,2,94.0,91.0
0.25,0.7,FedEx,FedEx Station - Heinz-Peter-Piper Str.,3,97.0,92.0
0.25,0.7,FedEx,FedEx Station - Heinz-Peter-Piper Str.,4,94.0,91.0
0.25,0.7,FedEx,FedEx Station - Heinz-Peter-Piper Str.,5,69.0,92.0
0.25,0.7,GLS,GLS in Hannover Laatzen,0,79.0,83.0
0.25,0.7,GLS,GLS in Hannover Laatzen,1,86.0,83.0
0.25,0.7,GLS,GLS in Hannover Laatzen,2,71.0,83.0
0.25,0.7,GLS,GLS in Hannover Laatzen,3,101.0,83.0
0.25,0.7,GLS,GLS in Hannover Laatzen,4,79.0,81.0
0.25,0.7,GLS,GLS in Hannover Laatzen,5,71.0,81.0
0.25,0.7,Hermes,Hermes LC Hannover Langenhagen,0,90.0,106.0
0.25,0.7,Hermes,Hermes LC Hannover Langenhagen,1,108.0,113.0
0.25,0.7,Hermes,Hermes LC Hannover Langenhagen,2,138.0,114.0
0.25,0.7,Hermes,Hermes LC Hannover Langenhagen,3,104.0,113.0
0.25,0.7,Hermes,Hermes LC Hannover Langenhagen,4,118.0,110.0
0.25,0.7,Hermes,Hermes LC Hannover Langenhagen,5,90.0,106.0
0.25,0.7,UPS,UPS Depot Hannover,0,81.0,106.0
0.25,0.7,UPS,UPS Depot Hannover,1,124.0,114.0
0.25,0.7,UPS,UPS Depot Hannover,2,114.0,113.0
0.25,0.7,UPS,UPS Depot Hannover,3,114.0,114.0
0.25,0.7,UPS,UPS Depot Hannover,4,102.0,105.0
0.25,0.7,UPS,UPS Depot Hannover,5,110.0,105.0
0.25,0.8,DHL,Brief- und Logistikzentrum in Pattensen (Hannover),0,28.0,28.0
0.25,0.8,DHL,Brief- und Logistikzentrum in Pattensen (Hannover),1,27.0,27.0
0.25,0.8,DHL,Brief- und Logistikzentrum in Pattensen (Hannover),2,28.0,28.0
0.25,0.8,DHL,Brief- und Logistikzentrum in Pattensen (Hannover),3,27.0,27.0
0.25,0.8,DHL,Brief- und Logistikzentrum in Pattensen (Hannover),4,24.0,24.0
0.25,0.8,DHL,Brief- und Logistikzentrum in Pattensen (Hannover),5,15.0,15.0
0.25,0.8,DHL,"Deutsche Post, Bantorf",0,10.0,10.0
0.25,0.8,DHL,"Deutsche Post, Bantorf",1,11.0,11.0
0.25,0.8,DHL,"Deutsche Post, Bantorf",2,13.0,13.0
0.25,0.8,DHL,"Deutsche Post, Bantorf",3,12.0,12.0
0.25,0.8,DHL,"Deutsche Post, Bantorf",4,10.0,10.0
0.25,0.8,DHL,"Deutsche Post, Bantorf",5,8.0,8.0
0.25,0.8,DHL,"Deutsche Post, Bissendorf",0,44.0,44.0
0.25,0.8,DHL,"Deutsche Post, Bissendorf",1,39.0,39.0
0.25,0.8,DHL,"Deutsche Post, Bissendorf",2,61.0,61.0
0.25,0.8,DHL,"Deutsche Post, Bissendorf",3,49.0,49.0
0.25,0.8,DHL,"Deutsche Post, Bissendorf",4,41.0,41.0
0.25,0.8,DHL,"Deutsche Post, Bissendorf",5,32.0,32.0
0.25,0.8,DHL,"Deutsche Post, Burgdorf",0,10.0,10.0
0.25,0.8,DHL,"Deutsche Post, Burgdorf",1,10.0,10.0
0.25,0.8,DHL,"Deutsche Post, Burgdorf",2,3.0,3.0
0.25,0.8,DHL,"Deutsche Post, Burgdorf",3,19.0,19.0
0.25,0.8,DHL,"Deutsche Post, Burgdorf",4,9.0,9.0
0.25,0.8,DHL,"Deutsche Post, Burgdorf",5,7.0,7.0
0.25,0.8,DHL,"Deutsche Post, Garbsen",0,12.0,12.0
0.25,0.8,DHL,"Deutsche Post, Garbsen",1,13.0,13.0
0.25,0.8,DHL,"Deutsche Post, Garbsen",2,9.0,9.0
0.25,0.8,DHL,"Deutsche Post, Garbsen",3,20.0,20.0
0.25,0.8,DHL,"Deutsche Post, Garbsen",4,12.0,12.0
0.25,0.8,DHL,"Deutsche Post, Garbsen",5,10.0,10.0
0.25,0.8,DHL,"Deutsche Post, Lehrte",0,14.0,14.0
0.25,0.8,DHL,"Deutsche Post, Lehrte",1,15.0,15.0
0.25,0.8,DHL,"Deutsche Post, Lehrte",2,17.0,17.0
0.25,0.8,DHL,"Deutsche Post, Lehrte",3,15.0,15.0
0.25,0.8,DHL,"Deutsche Post, Lehrte",4,13.0,13.0
0.25,0.8,DHL,"Deutsche Post, Lehrte",5,10.0,10.0
0.25,0.8,DHL,"Deutsche Post, Neustadt",0,13.0,13.0
0.25,0.8,DHL,"Deutsche Post, Neustadt",1,15.0,15.0
0.25,0.8,DHL,"Deutsche Post, Neustadt",2,16.0,16.0
0.25,0.8,DHL,"Deutsche Post, Neustadt",3,15.0,15.0
0.25,0.8,DHL,"Deutsche Post, Neustadt",4,13.0,13.0
0.25,0.8,DHL,"Deutsche Post, Neustadt",5,10.0,10.0
0.25,0.8,DHL,"Deutsche Post, Springe",0,9.0,9.0
0.25,0.8,DHL,"Deutsche Post, Springe",1,2.0,2.0
0.25,0.8,DHL,"Deutsche Post, Springe",2,17.0,17.0
0.25,0.8,DHL,"Deutsche Post, Springe",3,10.0,10.0
0.25,0.8,DHL,"Deutsche Post, Springe",4,2.0,2.0
0.25,0.8,DHL,"Deutsche Post, Springe",5,13.0,13.0
0.25,0.8,DHL,"Deutsche Post, Wunstorf",0,15.0,15.0
0.25,0.8,DHL,"Deutsche Post, Wunstorf",1,15.0,15.0
0.25,0.8,DHL,"Deutsche Post, Wunstorf",2,16.0,16.0
0.25,0.8,DHL,"Deutsche Post, Wunstorf",3,16.0,16.0
0.25,0.8,DHL,"Deutsche Post, Wunstorf",4,14.0,14.0
0.25,0.8,DHL,"Deutsche Post, Wunstorf",5,11.0,11.0
0.25,0.8,DHL,Dummy Seelze,0,17.0,17.0
0.25,0.8,DHL,Dummy Seelze,1,19.0,19.0
0.25,0.8,DHL,Dummy Seelze,2,21.0,21.0
0.25,0.8,DHL,Dummy Seelze,3,14.0,14.0
0.25,0.8,DHL,Dummy Seelze,4,22.0,22.0
0.25,0.8,DHL,Dummy Seelze,5,13.0,13.0
0.25,0.8,DHL,Dummy Sehnde,0,9.0,9.0
0.25,0.8,DHL,Dummy Sehnde,1,9.0,9.0
0.25,0.8,DHL,Dummy Sehnde,2,10.0,10.0
0.25,0.8,DHL,Dummy Sehnde,3,9.0,9.0
0.25,0.8,DHL,Dummy Sehnde,4,8.0,8.0
0.25,0.8,DHL,Dummy Sehnde,5,6.0,6.0
0.25,0.8,DHL,Dummy Uetze,0,7.0,7.0
0.25,0.8,DHL,Dummy Uetze,1,7.0,7.0
0.25,0.8,DHL,Dummy Uetze,2,7.0,7.0
0.25,0.8,DHL,Dummy Uetze,3,8.0,8.0
0.25,0.8,DHL,Dummy Uetze,4,6.0,6.0
0.25,0.8,DHL,Dummy Uetze,5,5.0,5.0
0.25,0.8,DHL,Dummy Wennigsen,0,9.0,9.0
0.25,0.8,DHL,Dummy Wennigsen,1,15.0,15.0
0.25,0.8,DHL,Dummy Wennigsen,2,12.0,12.0
0.25,0.8,DHL,Dummy Wennigsen,3,12.0,12.0
0.25,0.8,DHL,Dummy Wennigsen,4,6.0,6.0
0.25,0.8,DHL,Dummy Wennigsen,5,8.0,8.0
0.25,0.8,DHL,Paketzentrum / Zustellbasis Anderten,0,40.0,40.0
0.25,0.8,DHL,Paketzentrum / Zustellbasis Anderten,1,44.0,44.0
0.25,0.8,DHL,Paketzentrum / Zustellbasis Anderten,2,47.0,47.0
0.25,0.8,DHL,Paketzentrum / Zustellbasis Anderten,3,44.0,44.0
0.25,0.8,DHL,Paketzentrum / Zustellbasis Anderten,4,32.0,32.0
0.25,0.8,DHL,Paketzentrum / Zustellbasis Anderten,5,36.0,36.0
0.25,0.8,DHL,Zustellbasis Hannover am Güterbahnhof,0,102.0,102.0
0.25,0.8,DHL,Zustellbasis Hannover am Güterbahnhof,1,107.0,107.0
0.25,0.8,DHL,Zustellbasis Hannover am Güterbahnhof,2,122.0,122.0
0.25,0.8,DHL,Zustellbasis Hannover am Güterbahnhof,3,115.0,115.0
0.25,0.8,DHL,Zustellbasis Hannover am Güterbahnhof,4,93.0,93.0
0.25,0.8,DHL,Zustellbasis Hannover am Güterbahnhof,5,78.0,78.0
0.25,0.8,DHL,Zustellbasis Hannover-Süd,0,55.0,55.0
0.25,0.8,DHL,Zustellbasis Hannover-Süd,1,58.0,58.0
0.25,0.8,DHL,Zustellbasis Hannover-Süd,2,60.0,60.0
0.25,0.8,DHL,Zustellbasis Hannover-Süd,3,66.0,66.0
0.25,0.8,DHL,Zustellbasis Hannover-Süd,4,55.0,55.0
0.25,0.8,DHL,Zustellbasis Hannover-Süd,5,41.0,41.0
0.25,0.8,Amazon,Amazon Logistics HAJ8 in Garbsen,0,164.0,185.0
0.25,0.8,Amazon,Amazon Logistics HAJ8 in Garbsen,1,179.0,185.0
0.25,0.8,Amazon,Amazon Logistics HAJ8 in Garbsen,2,232.0,184.0
0.25,0.8,Amazon,Amazon Logistics HAJ8 in Garbsen,3,177.0,187.0
0.25,0.8,Amazon,Amazon Logistics HAJ8 in Garbsen,4,218.0,184.0
0.25,0.8,Amazon,Amazon Logistics HAJ8 in Garbsen,5,123.0,184.0
0.25,0.8,DPD,DPD Paketzentrum in Lehrte,0,91.0,98.0
0.25,0.8,DPD,DPD Paketzentrum in Lehrte,1,101.0,99.0
0.25,0.8,DPD,DPD Paketzentrum in Lehrte,2,108.0,104.0
0.25,0.8,DPD,DPD Paketzentrum in Lehrte,3,105.0,104.0
0.25,0.8,DPD,DPD Paketzentrum in Lehrte,4,101.0,98.0
0.25,0.8,DPD,DPD Paketzentrum in Lehrte,5,90.0,98.0
0.25,0.8,FedEx,FedEx Station - Heinz-Peter-Piper Str.,0,81.0,92.0
0.25,0.8,FedEx,FedEx Station - Heinz-Peter-Piper Str.,1,85.0,93.0
0.25,0.8,FedEx,FedEx Station - Heinz-Peter-Piper Str.,2,102.0,93.0
0.25,0.8,FedEx,FedEx Station - Heinz-Peter-Piper Str.,3,106.0,93.0
0.25,0.8,FedEx,FedEx Station - Heinz-Peter-Piper Str.,4,83.0,93.0
0.25,0.8,FedEx,FedEx Station - Heinz-Peter-Piper Str.,5,90.0,93.0
0.25,0.8,GLS,GLS in Hannover Laatzen,0,87.0,86.0
0.25,0.8,GLS,GLS in Hannover Laatzen,1,93.0,88.0
0.25,0.8,GLS,GLS in Hannover Laatzen,2,86.0,89.0
0.25,0.8,GLS,GLS in Hannover Laatzen,3,96.0,89.0
0.25,0.8,GLS,GLS in Hannover Laatzen,4,93.0,88.0
0.25,0.8,GLS,GLS in Hannover Laatzen,5,69.0,86.0
0.25,0.8,Hermes,Hermes LC Hannover Langenhagen,0,109.0,111.0
0.25,0.8,Hermes,Hermes LC Hannover Langenhagen,1,109.0,112.0
0.25,0.8,Hermes,Hermes LC Hannover Langenhagen,2,120.0,112.0
0.25,0.8,Hermes,Hermes LC Hannover Langenhagen,3,131.0,112.0
0.25,0.8,Hermes,Hermes LC Hannover Langenhagen,4,109.0,113.0
0.25,0.8,Hermes,Hermes LC Hannover Langenhagen,5,83.0,111.0
0.25,0.8,UPS,UPS Depot Hannover,0,94.0,107.0
0.25,0.8,UPS,UPS Depot Hannover,1,126.0,113.0
0.25,0.8,UPS,UPS Depot Hannover,2,96.0,114.0
0.25,0.8,UPS,UPS Depot Hannover,3,128.0,112.0
0.25,0.8,UPS,UPS Depot Hannover,4,120.0,107.0
0.25,0.8,UPS,UPS Depot Hannover,5,87.0,107.0
0.25,0.9,DHL,Brief- und Logistikzentrum in Pattensen (Hannover),0,21.0,21.0
0.25,0.9,DHL,Brief- und Logistikzentrum in Pattensen (Hannover),1,31.0,31.0
0.25,0.9,DHL,Brief- und Logistikzentrum in Pattensen (Hannover),2,28.0,28.0
0.25,0.9,DHL,Brief- und Logistikzentrum in Pattensen (Hannover),3,22.0,22.0
0.25,0.9,DHL,Brief- und Logistikzentrum in Pattensen (Hannover),4,28.0,28.0
0.25,0.9,DHL,Brief- und Logistikzentrum in Pattensen (Hannover),5,18.0,18.0
0.25,0.9,DHL,"Deutsche Post, Bantorf",0,10.0,10.0
0.25,0.9,DHL,"Deutsche Post, Bantorf",1,11.0,11.0
0.25,0.9,DHL,"Deutsche Post, Bantorf",2,13.0,13.0
0.25,0.9,DHL,"Deutsche Post, Bantorf",3,12.0,12.0
0.25,0.9,DHL,"Deutsche Post, Bantorf",4,10.0,10.0
0.25,0.9,DHL,"Deutsche Post, Bantorf",5,8.0,8.0
0.25,0.9,DHL,"Deutsche Post, Bissendorf",0,36.0,36.0
0.25,0.9,DHL,"Deutsche Post, Bissendorf",1,45.0,45.0
0.25,0.9,DHL,"Deutsche Post, Bissendorf",2,62.0,62.0
0.25,0.9,DHL,"Deutsche Post, Bissendorf",3,49.0,49.0
0.25,0.9,DHL,"Deutsche Post, Bissendorf",4,41.0,41.0
0.25,0.9,DHL,"Deutsche Post, Bissendorf",5,32.0,32.0
0.25,0.9,DHL,"Deutsche Post, Burgdorf",0,10.0,10.0
0.25,0.9,DHL,"Deutsche Post, Burgdorf",1,10.0,10.0
0.25,0.9,DHL,"Deutsche Post, Burgdorf",2,12.0,12.0
0.25,0.9,DHL,"Deutsche Post, Burgdorf",3,11.0,11.0
0.25,0.9,DHL,"Deutsche Post, Burgdorf",4,9.0,9.0
0.25,0.9,DHL,"Deutsche Post, Burgdorf",5,7.0,7.0
0.25,0.9,DHL,"Deutsche Post, Garbsen",0,12.0,12.0
0.25,0.9,DHL,"Deutsche Post, Garbsen",1,7.0,7.0
0.25,0.9,DHL,"Deutsche Post, Garbsen",2,20.0,20.0
0.25,0.9,DHL,"Deutsche Post, Garbsen",3,8.0,8.0
0.25,0.9,DHL,"Deutsche Post, Garbsen",4,18.0,18.0
0.25,0.9,DHL,"Deutsche Post, Garbsen",5,10.0,10.0
0.25,0.9,DHL,"Deutsche Post, Lehrte",0,14.0,14.0
0.25,0.9,DHL,"Deutsche Post, Lehrte",1,15.0,15.0
0.25,0.9,DHL,"Deutsche Post, Lehrte",2,17.0,17.0
0.25,0.9,DHL,"Deutsche Post, Lehrte",3,15.0,15.0
0.25,0.9,DHL,"Deutsche Post, Lehrte",4,13.0,13.0
0.25,0.9,DHL,"Deutsche Post, Lehrte",5,10.0,10.0
0.25,0.9,DHL,"Deutsche Post, Neustadt",0,13.0,13.0
0.25,0.9,DHL,"Deutsche Post, Neustadt",1,15.0,15.0
0.25,0.9,DHL,"Deutsche Post, Neustadt",2,16.0,16.0
0.25,0.9,DHL,"Deutsche Post, Neustadt",3,15.0,15.0
0.25,0.9,DHL,"Deutsche Post, Neustadt",4,13.0,13.0
0.25,0.9,DHL,"Deutsche Post, Neustadt",5,10.0,10.0
0.25,0.9,DHL,"Deutsche Post, Springe",0,9.0,9.0
0.25,0.9,DHL,"Deutsche Post, Springe",1,1.0,1.0
0.25,0.9,DHL,"Deutsche Post, Springe",2,18.0,18.0
0.25,0.9,DHL,"Deutsche Post, Springe",3,10.0,10.0
0.25,0.9,DHL,"Deutsche Post, Springe",4,1.0,1.0
0.25,0.9,DHL,"Deutsche Post, Springe",5,14.0,14.0
0.25,0.9,DHL,"Deutsche Post, Wunstorf",0,15.0,15.0
0.25,0.9,DHL,"Deutsche Post, Wunstorf",1,15.0,15.0
0.25,0.9,DHL,"Deutsche Post, Wunstorf",2,16.0,16.0
0.25,0.9,DHL,"Deutsche Post, Wunstorf",3,16.0,16.0
0.25,0.9,DHL,"Deutsche Post, Wunstorf",4,14.0,14.0
0.25,0.9,DHL,"Deutsche Post, Wunstorf",5,11.0,11.0
0.25,0.9,DHL,Dummy Seelze,0,17.0,17.0
0.25,0.9,DHL,Dummy Seelze,1,19.0,19.0
0.25,0.9,DHL,Dummy Seelze,2,21.0,21.0
0.25,0.9,DHL,Dummy Seelze,3,20.0,20.0
0.25,0.9,DHL,Dummy Seelze,4,17.0,17.0
0.25,0.9,DHL,Dummy Seelze,5,13.0,13.0
0.25,0.9,DHL,Dummy Sehnde,0,9.0,9.0
0.25,0.9,DHL,Dummy Sehnde,1,1.0,1.0
0.25,0.9,DHL,Dummy Sehnde,2,17.0,17.0
0.25,0.9,DHL,Dummy Sehnde,3,9.0,9.0
0.25,0.9,DHL,Dummy Sehnde,4,8.0,8.0
0.25,0.9,DHL,Dummy Sehnde,5,6.0,6.0
0.25,0.9,DHL,Dummy Uetze,0,10.0,10.0
0.25,0.9,DHL,Dummy Uetze,1,7.0,7.0
0.25,0.9,DHL,Dummy Uetze,2,7.0,7.0
0.25,0.9,DHL,Dummy Uetze,3,8.0,8.0
0.25,0.9,DHL,Dummy Uetze,4,6.0,6.0
0.25,0.9,DHL,Dummy Uetze,5,1.0,1.0
0.25,0.9,DHL,Dummy Wennigsen,0,17.0,17.0
0.25,0.9,DHL,Dummy Wennigsen,1,12.0,12.0
0.25,0.9,DHL,Dummy Wennigsen,2,12.0,12.0
0.25,0.9,DHL,Dummy Wennigsen,3,12.0,12.0
0.25,0.9,DHL,Dummy Wennigsen,4,10.0,10.0
0.25,0.9,DHL,Dummy Wennigsen,5,2.0,2.0
0.25,0.9,DHL,Paketzentrum / Zustellbasis Anderten,0,40.0,40.0
0.25,0.9,DHL,Paketzentrum / Zustellbasis Anderten,1,44.0,44.0
0.25,0.9,DHL,Paketzentrum / Zustellbasis Anderten,2,47.0,47.0
0.25,0.9,DHL,Paketzentrum / Zustellbasis Anderten,3,44.0,44.0
0.25,0.9,DHL,Paketzentrum / Zustellbasis Anderten,4,32.0,32.0
0.25,0.9,DHL,Paketzentrum / Zustellbasis Anderten,5,37.0,37.0
0.25,0.9,DHL,Zustellbasis Hannover am Güterbahnhof,0,102.0,102.0
0.25,0.9,DHL,Zustellbasis Hannover am Güterbahnhof,1,107.0,107.0
0.25,0.9,DHL,Zustellbasis Hannover am Güterbahnhof,2,122.0,117.0
0.25,0.9,DHL,Zustellbasis Hannover am Güterbahnhof,3,99.0,119.0
0.25,0.9,DHL,Zustellbasis Hannover am Güterbahnhof,4,110.0,88.0
0.25,0.9,DHL,Zustellbasis Hannover am Güterbahnhof,5,75.0,82.0
0.25,0.9,DHL,Zustellbasis Hannover-Süd,0,55.0,55.0
0.25,0.9,DHL,Zustellbasis Hannover-Süd,1,58.0,58.0
0.25,0.9,DHL,Zustellbasis Hannover-Süd,2,53.0,53.0
0.25,0.9,DHL,Zustellbasis Hannover-Süd,3,76.0,76.0
0.25,0.9,DHL,Zustellbasis Hannover-Süd,4,52.0,52.0
0.25,0.9,DHL,Zustellbasis Hannover-Süd,5,41.0,41.0
0.25,0.9,Amazon,Amazon Logistics HAJ8 in Garbsen,0,165.0,188.0
0.25,0.9,Amazon,Amazon Logistics HAJ8 in Garbsen,1,191.0,189.0
0.25,0.9,Amazon,Amazon Logistics HAJ8 in Garbsen,2,212.0,189.0
0.25,0.9,Amazon,Amazon Logistics HAJ8 in Garbsen,3,213.0,188.0
0.25,0.9,Amazon,Amazon Logistics HAJ8 in Garbsen,4,171.0,188.0
0.25,0.9,Amazon,Amazon Logistics HAJ8 in Garbsen,5,162.0,187.0
0.25,0.9,DPD,DPD Paketzentrum in Lehrte,0,93.0,102.0
0.25,0.9,DPD,DPD Paketzentrum in Lehrte,1,98.0,104.0
0.25,0.9,DPD,DPD Paketzentrum in Lehrte,2,120.0,108.0
0.25,0.9,DPD,DPD Paketzentrum in Lehrte,3,106.0,108.0
0.25,0.9,DPD,DPD Paketzentrum in Lehrte,4,106.0,106.0
0.25,0.9,DPD,DPD Paketzentrum in Lehrte,5,100.0,102.0
0.25,0.9,FedEx,FedEx Station - Heinz-Peter-Piper Str.,0,93.0,94.0
0.25,0.9,FedEx,FedEx Station - Heinz-Peter-Piper Str.,1,92.0,92.0
0.25,0.9,FedEx,FedEx Station - Heinz-Peter-Piper Str.,2,101.0,93.0
0.25,0.9,FedEx,FedEx Station - Heinz-Peter-Piper Str.,3,91.0,94.0
0.25,0.9,FedEx,FedEx Station - Heinz-Peter-Piper Str.,4,103.0,93.0
0.25,0.9,FedEx,FedEx Station - Heinz-Peter-Piper Str.,5,73.0,92.0
0.25,0.9,GLS,GLS in Hannover Laatzen,0,88.0,88.0
0.25,0.9,GLS,GLS in Hannover Laatzen,1,92.0,88.0
0.25,0.9,GLS,GLS in Hannover Laatzen,2,88.0,95.0
0.25,0.9,GLS,GLS in Hannover Laatzen,3,100.0,95.0
0.25,0.9,GLS,GLS in Hannover Laatzen,4,99.0,95.0
0.25,0.9,GLS,GLS in Hannover Laatzen,5,82.0,90.0
0.25,0.9,Hermes,Hermes LC Hannover Langenhagen,0,102.0,117.0
0.25,0.9,Hermes,Hermes LC Hannover Langenhagen,1,114.0,118.0
0.25,0.9,Hermes,Hermes LC Hannover Langenhagen,2,138.0,118.0
0.25,0.9,Hermes,Hermes LC Hannover Langenhagen,3,114.0,117.0
0.25,0.9,Hermes,Hermes LC Hannover Langenhagen,4,122.0,118.0
0.25,0.9,Hermes,Hermes LC Hannover Langenhagen,5,106.0,116.0
0.25,0.9,UPS,UPS Depot Hannover,0,101.0,109.0
0.25,0.9,UPS,UPS Depot Hannover,1,105.0,109.0
0.25,0.9,UPS,UPS Depot Hannover,2,122.0,116.0
0.25,0.9,UPS,UPS Depot Hannover,3,127.0,116.0
0.25,0.9,UPS,UPS Depot Hannover,4,109.0,109.0
0.25,0.9,UPS,UPS Depot Hannover,5,98.0,110.0
0.25,1.0,DHL,Brief- und Logistikzentrum in Pattensen (Hannover),0,29.0,29.0
0.25,1.0,DHL,Brief- und Logistikzentrum in Pattensen (Hannover),1,13.0,21.0
0.25,1.0,DHL,Brief- und Logistikzentrum in Pattensen (Hannover),2,40.0,33.0
0.25,1.0,DHL,Brief- und Logistikzentrum in Pattensen (Hannover),3,21.0,21.0
0.25,1.0,DHL,Brief- und Logistikzentrum in Pattensen (Hannover),4,29.0,22.0
0.25,1.0,DHL,Brief- und Logistikzentrum in Pattensen (Hannover),5,14.0,21.0
0.25,1.0,DHL,"Deutsche Post, Bantorf",0,17.0,17.0
0.25,1.0,DHL,"Deutsche Post, Bantorf",1,0.0,0.0
0.25,1.0,DHL,"Deutsche Post, Bantorf",2,23.0,23.0
0.25,1.0,DHL,"Deutsche Post, Bantorf",3,12.0,12.0
0.25,1.0,DHL,"Deutsche Post, Bantorf",4,10.0,10.0
0.25,1.0,DHL,"Deutsche Post, Bantorf",5,0.0,0.0
0.25,1.0,DHL,"Deutsche Post, Bissendorf",0,24.0,35.0
0.25,1.0,DHL,"Deutsche Post, Bissendorf",1,66.0,44.0
0.25,1.0,DHL,"Deutsche Post, Bissendorf",2,29.0,54.0
0.25,1.0,DHL,"Deutsche Post, Bissendorf",3,72.0,47.0
0.25,1.0,DHL,"Deutsche Post, Bissendorf",4,32.0,44.0
0.25,1.0,DHL,"Deutsche Post, Bissendorf",5,40.0,40.0
0.25,1.0,DHL,"Deutsche Post, Burgdorf",0,0.0,0.0
0.25,1.0,DHL,"Deutsche Post, Burgdorf",1,19.0,19.0
0.25,1.0,DHL,"Deutsche Post, Burgdorf",2,0.0,0.0
0.25,1.0,DHL,"Deutsche Post, Burgdorf",3,22.0,22.0
0.25,1.0,DHL,"Deutsche Post, Burgdorf",4,0.0,0.0
0.25,1.0,DHL,"Deutsche Post, Burgdorf",5,15.0,15.0
0.25,1.0,DHL,"Deutsche Post, Garbsen",0,6.0,6.0
0.25,1.0,DHL,"Deutsche Post, Garbsen",1,18.0,18.0
0.25,1.0,DHL,"Deutsche Post, Garbsen",2,7.0,7.0
0.25,1.0,DHL,"Deutsche Post, Garbsen",3,22.0,22.0
0.25,1.0,DHL,"Deutsche Post, Garbsen",4,0.0,0.0
0.25,1.0,DHL,"Deutsche Post, Garbsen",5,20.0,20.0
0.25,1.0,DHL,"Deutsche Post, Lehrte",0,14.0,14.0
0.25,1.0,DHL,"Deutsche Post, Lehrte",1,15.0,15.0
0.25,1.0,DHL,"Deutsche Post, Lehrte",2,17.0,17.0
0.25,1.0,DHL,"Deutsche Post, Lehrte",3,15.0,15.0
0.25,1.0,DHL,"Deutsche Post, Lehrte",4,13.0,13.0
0.25,1.0,DHL,"Deutsche Post, Lehrte",5,10.0,10.0
0.25,1.0,DHL,"Deutsche Post, Neustadt",0,13.0,13.0
0.25,1.0,DHL,"Deutsche Post, Neustadt",1,15.0,15.0
0.25,1.0,DHL,"Deutsche Post, Neustadt",2,16.0,16.0
0.25,1.0,DHL,"Deutsche Post, Neustadt",3,15.0,15.0
0.25,1.0,DHL,"Deutsche Post, Neustadt",4,0.0,0.0
0.25,1.0,DHL,"Deutsche Post, Neustadt",5,23.0,23.0
0.25,1.0,DHL,"Deutsche Post, Springe",0,9.0,9.0
0.25,1.0,DHL,"Deutsche Post, Springe",1,0.0,0.0
0.25,1.0,DHL,"Deutsche Post, Springe",2,19.0,19.0
0.25,1.0,DHL,"Deutsche Post, Springe",3,0.0,0.0
0.25,1.0,DHL,"Deutsche Post, Springe",4,18.0,18.0
0.25,1.0,DHL,"Deutsche Post, Springe",5,7.0,7.0
0.25,1.0,DHL,"Deutsche Post, Wunstorf",0,25.0,25.0
0.25,1.0,DHL,"Deutsche Post, Wunstorf",1,15.0,15.0
0.25,1.0,DHL,"Deutsche Post, Wunstorf",2,16.0,16.0
0.25,1.0,DHL,"Deutsche Post, Wunstorf",3,16.0,16.0
0.25,1.0,DHL,"Deutsche Post, Wunstorf",4,14.0,14.0
0.25,1.0,DHL,"Deutsche Post, Wunstorf",5,0.0,0.0
0.25,1.0,DHL,Dummy Seelze,0,17.0,17.0
0.25,1.0,DHL,Dummy Seelze,1,8.0,8.0
0.25,1.0,DHL,Dummy Seelze,2,22.0,22.0
0.25,1.0,DHL,Dummy Seelze,3,16.0,16.0
0.25,1.0,DHL,Dummy Seelze,4,28.0,28.0
0.25,1.0,DHL,Dummy Seelze,5,13.0,13.0
0.25,1.0,DHL,Dummy Sehnde,0,14.0,14.0
0.25,1.0,DHL,Dummy Sehnde,1,0.0,0.0
0.25,1.0,DHL,Dummy Sehnde,2,18.0,18.0
0.25,1.0,DHL,Dummy Sehnde,3,9.0,9.0
0.25,1.0,DHL,Dummy Sehnde,4,8.0,8.0
0.25,1.0,DHL,Dummy Sehnde,5,0.0,0.0
0.25,1.0,DHL,Dummy Uetze,0,0.0,0.0
0.25,1.0,DHL,Dummy Uetze,1,13.0,13.0
0.25,1.0,DHL,Dummy Uetze,2,0.0,0.0
0.25,1.0,DHL,Dummy Uetze,3,15.0,15.0
0.25,1.0,DHL,Dummy Uetze,4,0.0,0.0
0.25,1.0,DHL,Dummy Uetze,5,10.0,10.0
0.25,1.0,DHL,Dummy Wennigsen,0,17.0,17.0
0.25,1.0,DHL,Dummy Wennigsen,1,6.0,6.0
0.25,1.0,DHL,Dummy Wennigsen,2,17.0,17.0
0.25,1.0,DHL,Dummy Wennigsen,3,6.0,6.0
0.25,1.0,DHL,Dummy Wennigsen,4,15.0,15.0
0.25,1.0,DHL,Dummy Wennigsen,5,0.0,0.0
0.25,1.0,DHL,Paketzentrum / Zustellbasis Anderten,0,43.0,43.0
0.25,1.0,DHL,Paketzentrum / Zustellbasis Anderten,1,29.0,33.0
0.25,1.0,DHL,Paketzentrum / Zustellbasis Anderten,2,59.0,51.0
0.25,1.0,DHL,Paketzentrum / Zustellbasis Anderten,3,39.0,44.0
0.25,1.0,DHL,Paketzentrum / Zustellbasis Anderten,4,39.0,39.0
0.25,1.0,DHL,Paketzentrum / Zustellbasis Anderten,5,30.0,30.0
0.25,1.0,DHL,Zustellbasis Hannover am Güterbahnhof,0,105.0,102.0
0.25,1.0,DHL,Zustellbasis Hannover am Güterbahnhof,1,101.0,107.0
0.25,1.0,DHL,Zustellbasis Hannover am Güterbahnhof,2,120.0,109.0
0.25,1.0,DHL,Zustellbasis Hannover am Güterbahnhof,3,109.0,109.0
0.25,1.0,DHL,Zustellbasis Hannover am Güterbahnhof,4,102.0,103.0
0.25,1.0,DHL,Zustellbasis Hannover am Güterbahnhof,5,75.0,83.0
0.25,1.0,DHL,Zustellbasis Hannover-Süd,0,58.0,58.0
0.25,1.0,DHL,Zustellbasis Hannover-Süd,1,44.0,44.0
0.25,1.0,DHL,Zustellbasis Hannover-Süd,2,72.0,66.0
0.25,1.0,DHL,Zustellbasis Hannover-Süd,3,44.0,55.0
0.25,1.0,DHL,Zustellbasis Hannover-Süd,4,69.0,64.0
0.25,1.0,DHL,Zustellbasis Hannover-Süd,5,41.0,41.0
0.25,1.0,Amazon,Amazon Logistics HAJ8 in Garbsen,0,160.0,173.0
0.25,1.0,Amazon,Amazon Logistics HAJ8 in Garbsen,1,184.0,173.0
0.25,1.0,Amazon,Amazon Logistics HAJ8 in Garbsen,2,178.0,176.0
0.25,1.0,Amazon,Amazon Logistics HAJ8 in Garbsen,3,201.0,176.0
0.25,1.0,Amazon,Amazon Logistics HAJ8 in Garbsen,4,181.0,176.0
0.25,1.0,Amazon,Amazon Logistics HAJ8 in Garbsen,5,133.0,176.0
0.25,1.0,DPD,DPD Paketzentrum in Lehrte,0,84.0,78.0
0.25,1.0,DPD,DPD Paketzentrum in Lehrte,1,72.0,78.0
0.25,1.0,DPD,DPD Paketzentrum in Lehrte,2,89.0,85.0
0.25,1.0,DPD,DPD Paketzentrum in Lehrte,3,81.0,87.0
0.25,1.0,DPD,DPD Paketzentrum in Lehrte,4,111.0,84.0
0.25,1.0,DPD,DPD Paketzentrum in Lehrte,5,44.0,79.0
0.25,1.0,FedEx,FedEx Station - Heinz-Peter-Piper Str.,0,66.0,70.0
0.25,1.0,FedEx,FedEx Station - Heinz-Peter-Piper Str.,1,74.0,72.0
0.25,1.0,FedEx,FedEx Station - Heinz-Peter-Piper Str.,2,74.0,74.0
0.25,1.0,FedEx,FedEx Station - Heinz-Peter-Piper Str.,3,92.0,75.0
0.25,1.0,FedEx,FedEx Station - Heinz-Peter-Piper Str.,4,67.0,75.0
0.25,1.0,FedEx,FedEx Station - Heinz-Peter-Piper Str.,5,63.0,72.0
0.25,1.0,GLS,GLS in Hannover Laatzen,0,63.0,70.0
0.25,1.0,GLS,GLS in Hannover Laatzen,1,67.0,69.0
0.25,1.0,GLS,GLS in Hannover Laatzen,2,67.0,70.0
0.25,1.0,GLS,GLS in Hannover Laatzen,3,87.0,72.0
0.25,1.0,GLS,GLS in Hannover Laatzen,4,71.0,69.0
0.25,1.0,GLS,GLS in Hannover Laatzen,5,56.0,69.0
0.25,1.0,Hermes,Hermes LC Hannover Langenhagen,0,90.0,96.0
0.25,1.0,Hermes,Hermes LC Hannover Langenhagen,1,115.0,96.0
0.25,1.0,Hermes,Hermes LC Hannover Langenhagen,2,70.0,97.0
0.25,1.0,Hermes,Hermes LC Hannover Langenhagen,3,127.0,99.0
0.25,1.0,Hermes,Hermes LC Hannover Langenhagen,4,103.0,97.0
0.25,1.0,Hermes,Hermes LC Hannover Langenhagen,5,66.0,96.0
0.25,1.0,UPS,UPS Depot Hannover,0,91.0,90.0
0.25,1.0,UPS,UPS Depot Hannover,1,79.0,93.0
0.25,1.0,UPS,UPS Depot Hannover,2,105.0,94.0
0.25,1.0,UPS,UPS Depot Hannover,3,99.0,91.0
0.25,1.0,UPS,UPS Depot Hannover,4,105.0,90.0
0.25,1.0,UPS,UPS Depot Hannover,5,62.0,91.0
0.5,0.0,DHL,Brief- und Logistikzentrum in Pattensen (Hannover),0,26.0,26.0
0.5,0.0,DHL,Brief- und Logistikzentrum in Pattensen (Hannover),1,27.0,27.0
0.5,0.0,DHL,Brief- und Logistikzentrum in Pattensen (Hannover),2,28.0,28.0
0.5,0.0,DHL,Brief- und Logistikzentrum in Pattensen (Hannover),3,27.0,27.0
0.5,0.0,DHL,Brief- und Logistikzentrum in Pattensen (Hannover),4,24.0,24.0
0.5,0.0,DHL,Brief- und Logistikzentrum in Pattensen (Hannover),5,18.0,18.0
0.5,0.0,DHL,"Deutsche Post, Bantorf",0,10.0,10.0
0.5,0.0,DHL,"Deutsche Post, Bantorf",1,11.0,11.0
0.5,0.0,DHL,"Deutsche Post, Bantorf",2,13.0,13.0
0.5,0.0,DHL,"Deutsche Post, Bantorf",3,12.0,12.0
0.5,0.0,DHL,"Deutsche Post, Bantorf",4,10.0,10.0
0.5,0.0,DHL,"Deutsche Post, Bantorf",5,8.0,8.0
0.5,0.0,DHL,"Deutsche Post, Bissendorf",0,44.0,44.0
0.5,0.0,DHL,"Deutsche Post, Bissendorf",1,48.0,48.0
0.5,0.0,DHL,"Deutsche Post, Bissendorf",2,53.0,53.0
0.5,0.0,DHL,"Deutsche Post, Bissendorf",3,49.0,49.0
0.5,0.0,DHL,"Deutsche Post, Bissendorf",4,41.0,41.0
0.5,0.0,DHL,"Deutsche Post, Bissendorf",5,32.0,32.0
0.5,0.0,DHL,"Deutsche Post, Burgdorf",0,10.0,10.0
0.5,0.0,DHL,"Deutsche Post, Burgdorf",1,10.0,10.0
0.5,0.0,DHL,"Deutsche Post, Burgdorf",2,12.0,12.0
0.5,0.0,DHL,"Deutsche Post, Burgdorf",3,11.0,11.0
0.5,0.0,DHL,"Deutsche Post, Burgdorf",4,9.0,9.0
0.5,0.0,DHL,"Deutsche Post, Burgdorf",5,7.0,7.0
0.5,0.0,DHL,"Deutsche Post, Garbsen",0,12.0,12.0
0.5,0.0,DHL,"Deutsche Post, Garbsen",1,13.0,13.0
0.5,0.0,DHL,"Deutsche Post, Garbsen",2,15.0,15.0
0.5,0.0,DHL,"Deutsche Post, Garbsen",3,15.0,15.0
0.5,0.0,DHL,"Deutsche Post, Garbsen",4,12.0,12.0
0.5,0.0,DHL,"Deutsche Post, Garbsen",5,10.0,10.0
0.5,0.0,DHL,"Deutsche Post, Lehrte",0,14.0,14.0
0.5,0.0,DHL,"Deutsche Post, Lehrte",1,15.0,15.0
0.5,0.0,DHL,"Deutsche Post, Lehrte",2,17.0,17.0
0.5,0.0,DHL,"Deutsche Post, Lehrte",3,15.0,15.0
0.5,0.0,DHL,"Deutsche Post, Lehrte",4,13.0,13.0
0.5,0.0,DHL,"Deutsche Post, Lehrte",5,10.0,10.0
0.5,0.0,DHL,"Deutsche Post, Neustadt",0,13.0,13.0
0.5,0.0,DHL,"Deutsche Post, Neustadt",1,15.0,15.0
0.5,0.0,DHL,"Deutsche Post, Neustadt",2,16.0,16.0
0.5,0.0,DHL,"Deutsche Post, Neustadt",3,15.0,15.0
0.5,0.0,DHL,"Deutsche Post, Neustadt",4,13.0,13.0
0.5,0.0,DHL,"Deutsche Post, Neustadt",5,10.0,10.0
0.5,0.0,DHL,"Deutsche Post, Springe",0,9.0,9.0
0.5,0.0,DHL,"Deutsche Post, Springe",1,9.0,9.0
0.5,0.0,DHL,"Deutsche Post, Springe",2,11.0,11.0
0.5,0.0,DHL,"Deutsche Post, Springe",3,10.0,10.0
0.5,0.0,DHL,"Deutsche Post, Springe",4,9.0,9.0
0.5,0.0,DHL,"Deutsche Post, Springe",5,7.0,7.0
0.5,0.0,DHL,"Deutsche Post, Wunstorf",0,15.0,15.0
0.5,0.0,DHL,"Deutsche Post, Wunstorf",1,15.0,15.0
0.5,0.0,DHL,"Deutsche Post, Wunstorf",2,16.0,16.0
0.5,0.0,DHL,"Deutsche Post, Wunstorf",3,16.0,16.0
0.5,0.0,DHL,"Deutsche Post, Wunstorf",4,14.0,14.0
0.5,0.0,DHL,"Deutsche Post, Wunstorf",5,11.0,11.0
0.5,0.0,DHL,Dummy Seelze,0,17.0,17.0
0.5,0.0,DHL,Dummy Seelze,1,19.0,19.0
0.5,0.0,DHL,Dummy Seelze,2,21.0,21.0
0.5,0.0,DHL,Dummy Seelze,3,20.0,20.0
0.5,0.0,DHL,Dummy Seelze,4,17.0,17.0
0.5,0.0,DHL,Dummy Seelze,5,13.0,13.0
0.5,0.0,DHL,Dummy Sehnde,0,9.0,9.0
0.5,0.0,DHL,Dummy Sehnde,1,9.0,9.0
0.5,0.0,DHL,Dummy Sehnde,2,10.0,10.0
0.5,0.0,DHL,Dummy Sehnde,3,9.0,9.0
0.5,0.0,DHL,Dummy Sehnde,4,8.0,8.0
0.5,0.0,DHL,Dummy Sehnde,5,6.0,6.0
0.5,0.0,DHL,Dummy Uetze,0,7.0,7.0
0.5,0.0,DHL,Dummy Uetze,1,7.0,7.0
0.5,0.0,DHL,Dummy Uetze,2,7.0,7.0
0.5,0.0,DHL,Dummy Uetze,3,8.0,8.0
0.5,0.0,DHL,Dummy Uetze,4,6.0,6.0
0.5,0.0,DHL,Dummy Uetze,5,5.0,5.0
0.5,0.0,DHL,Dummy Wennigsen,0,11.0,11.0
0.5,0.0,DHL,Dummy Wennigsen,1,12.0,12.0
0.5,0.0,DHL,Dummy Wennigsen,2,12.0,12.0
0.5,0.0,DHL,Dummy Wennigsen,3,12.0,12.0
0.5,0.0,DHL,Dummy Wennigsen,4,10.0,10.0
0.5,0.0,DHL,Dummy Wennigsen,5,8.0,8.0
0.5,0.0,DHL,Paketzentrum / Zustellbasis Anderten,0,40.0,40.0
0.5,0.0,DHL,Paketzentrum / Zustellbasis Anderten,1,44.0,44.0
0.5,0.0,DHL,Paketzentrum / Zustellbasis Anderten,2,47.0,47.0
0.5,0.0,DHL,Paketzentrum / Zustellbasis Anderten,3,44.0,44.0
0.5,0.0,DHL,Paketzentrum / Zustellbasis Anderten,4,39.0,39.0
0.5,0.0,DHL,Paketzentrum / Zustellbasis Anderten,5,31.0,31.0
0.5,0.0,DHL,Zustellbasis Hannover am Güterbahnhof,0,102.0,102.0
0.5,0.0,DHL,Zustellbasis Hannover am Güterbahnhof,1,107.0,107.0
0.5,0.0,DHL,Zustellbasis Hannover am Güterbahnhof,2,122.0,122.0
0.5,0.0,DHL,Zustellbasis Hannover am Güterbahnhof,3,115.0,115.0
0.5,0.0,DHL,Zustellbasis Hannover am Güterbahnhof,4,97.0,97.0
0.5,0.0,DHL,Zustellbasis Hannover am Güterbahnhof,5,75.0,75.0
0.5,0.0,DHL,Zustellbasis Hannover-Süd,0,55.0,55.0
0.5,0.0,DHL,Zustellbasis Hannover-Süd,1,58.0,58.0
0.5,0.0,DHL,Zustellbasis Hannover-Süd,2,67.0,67.0
0.5,0.0,DHL,Zustellbasis Hannover-Süd,3,64.0,64.0
0.5,0.0,DHL,Zustellbasis Hannover-Süd,4,52.0,52.0
0.5,0.0,DHL,Zustellbasis Hannover-Süd,5,41.0,41.0
0.5,0.0,Amazon,Amazon Logistics HAJ8 in Garbsen,0,189.0,189.0
0.5,0.0,Amazon,Amazon Logistics HAJ8 in Garbsen,1,200.0,200.0
0.5,0.0,Amazon,Amazon Logistics HAJ8 in Garbsen,2,217.0,217.0
0.5,0.0,Amazon,Amazon Logistics HAJ8 in Garbsen,3,209.0,209.0
0.5,0.0,Amazon,Amazon Logistics HAJ8 in Garbsen,4,176.0,176.0
0.5,0.0,Amazon,Amazon Logistics HAJ8 in Garbsen,5,138.0,138.0
0.5,0.0,DPD,DPD Paketzentrum in Lehrte,0,93.0,93.0
0.5,0.0,DPD,DPD Paketzentrum in Lehrte,1,104.0,104.0
0.5,0.0,DPD,DPD Paketzentrum in Lehrte,2,118.0,118.0
0.5,0.0,DPD,DPD Paketzentrum in Lehrte,3,111.0,111.0
0.5,0.0,DPD,DPD Paketzentrum in Lehrte,4,90.0,90.0
0.5,0.0,DPD,DPD Paketzentrum in Lehrte,5,72.0,72.0
0.5,0.0,FedEx,FedEx Station - Heinz-Peter-Piper Str.,0,84.0,84.0
0.5,0.0,FedEx,FedEx Station - Heinz-Peter-Piper Str.,1,86.0,86.0
0.5,0.0,FedEx,FedEx Station - Heinz-Peter-Piper Str.,2,97.0,97.0
0.5,0.0,FedEx,FedEx Station - Heinz-Peter-Piper Str.,3,91.0,91.0
0.5,0.0,FedEx,FedEx Station - Heinz-Peter-Piper Str.,4,82.0,82.0
0.5,0.0,FedEx,FedEx Station - Heinz-Peter-Piper Str.,5,66.0,66.0
0.5,0.0,GLS,GLS in Hannover Laatzen,0,82.0,82.0
0.5,0.0,GLS,GLS in Hannover Laatzen,1,83.0,83.0
0.5,0.0,GLS,GLS in Hannover Laatzen,2,95.0,95.0
0.5,0.0,GLS,GLS in Hannover Laatzen,3,91.0,91.0
0.5,0.0,GLS,GLS in Hannover Laatzen,4,76.0,76.0
0.5,0.0,GLS,GLS in Hannover Laatzen,5,65.0,65.0
0.5,0.0,Hermes,Hermes LC Hannover Langenhagen,0,116.0,116.0
0.5,0.0,Hermes,Hermes LC Hannover Langenhagen,1,120.0,120.0
0.5,0.0,Hermes,Hermes LC Hannover Langenhagen,2,127.0,127.0
0.5,0.0,Hermes,Hermes LC Hannover Langenhagen,3,123.0,123.0
0.5,0.0,Hermes,Hermes LC Hannover Langenhagen,4,112.0,112.0
0.5,0.0,Hermes,Hermes LC Hannover Langenhagen,5,83.0,83.0
0.5,0.0,UPS,UPS Depot Hannover,0,100.0,100.0
0.5,0.0,UPS,UPS Depot Hannover,1,108.0,108.0
0.5,0.0,UPS,UPS Depot Hannover,2,118.0,118.0
0.5,0.0,UPS,UPS Depot Hannover,3,114.0,114.0
0.5,0.0,UPS,UPS Depot Hannover,4,95.0,95.0
0.5,0.0,UPS,UPS Depot Hannover,5,78.0,78.0
0.5,0.1,DHL,Brief- und Logistikzentrum in Pattensen (Hannover),0,24.0,24.0
0.5,0.1,DHL,Brief- und Logistikzentrum in Pattensen (Hannover),1,28.0,28.0
0.5,0.1,DHL,Brief- und Logistikzentrum in Pattensen (Hannover),2,27.0,27.0
0.5,0.1,DHL,Brief- und Logistikzentrum in Pattensen (Hannover),3,25.0,25.0
0.5,0.1,DHL,Brief- und Logistikzentrum in Pattensen (Hannover),4,25.0,25.0
0.5,0.1,DHL,Brief- und Logistikzentrum in Pattensen (Hannover),5,18.0,18.0
0.5,0.1,DHL,"Deutsche Post, Bantorf",0,10.0,10.0
0.5,0.1,DHL,"Deutsche Post, Bantorf",1,11.0,11.0
0.5,0.1,DHL,"Deutsche Post, Bantorf",2,13.0,13.0
0.5,0.1,DHL,"Deutsche Post, Bantorf",3,12.0,12.0
0.5,0.1,DHL,"Deutsche Post, Bantorf",4,10.0,10.0
0.5,0.1,DHL,"Deutsche Post, Bantorf",5,8.0,8.0
0.5,0.1,DHL,"Deutsche Post, Bissendorf",0,44.0,44.0
0.5,0.1,DHL,"Deutsche Post, Bissendorf",1,48.0,48.0
0.5,0.1,DHL,"Deutsche Post, Bissendorf",2,53.0,53.0
0.5,0.1,DHL,"Deutsche Post, Bissendorf",3,49.0,49.0
0.5,0.1,DHL,"Deutsche Post, Bissendorf",4,41.0,41.0
0.5,0.1,DHL,"Deutsche Post, Bissendorf",5,32.0,32.0
0.5,0.1,DHL,"Deutsche Post, Burgdorf",0,10.0,10.0
0.5,0.1,DHL,"Deutsche Post, Burgdorf",1,10.0,10.0
0.5,0.1,DHL,"Deutsche Post, Burgdorf",2,12.0,12.0
0.5,0.1,DHL,"Deutsche Post, Burgdorf",3,11.0,11.0
0.5,0.1,DHL,"Deutsche Post, Burgdorf",4,9.0,9.0
0.5,0.1,DHL,"Deutsche Post, Burgdorf",5,7.0,7.0
0.5,0.1,DHL,"Deutsche Post, Garbsen",0,12.0,12.0
0.5,0.1,DHL,"Deutsche Post, Garbsen",1,13.0,13.0
0.5,0.1,DHL,"Deutsche Post, Garbsen",2,15.0,15.0
0.5,0.1,DHL,"Deutsche Post, Garbsen",3,15.0,15.0
0.5,0.1,DHL,"Deutsche Post, Garbsen",4,12.0,12.0
0.5,0.1,DHL,"Deutsche Post, Garbsen",5,10.0,10.0
0.5,0.1,DHL,"Deutsche Post, Lehrte",0,14.0,14.0
0.5,0.1,DHL,"Deutsche Post, Lehrte",1,15.0,15.0
0.5,0.1,DHL,"Deutsche Post, Lehrte",2,17.0,17.0
0.5,0.1,DHL,"Deutsche Post, Lehrte",3,15.0,15.0
0.5,0.1,DHL,"Deutsche Post, Lehrte",4,13.0,13.0
0.5,0.1,DHL,"Deutsche Post, Lehrte",5,10.0,10.0
0.5,0.1,DHL,"Deutsche Post, Neustadt",0,13.0,13.0
0.5,0.1,DHL,"Deutsche Post, Neustadt",1,15.0,15.0
0.5,0.1,DHL,"Deutsche Post, Neustadt",2,16.0,16.0
0.5,0.1,DHL,"Deutsche Post, Neustadt",3,15.0,15.0
0.5,0.1,DHL,"Deutsche Post, Neustadt",4,13.0,13.0
0.5,0.1,DHL,"Deutsche Post, Neustadt",5,10.0,10.0
0.5,0.1,DHL,"Deutsche Post, Springe",0,9.0,9.0
0.5,0.1,DHL,"Deutsche Post, Springe",1,9.0,9.0
0.5,0.1,DHL,"Deutsche Post, Springe",2,11.0,11.0
0.5,0.1,DHL,"Deutsche Post, Springe",3,10.0,10.0
0.5,0.1,DHL,"Deutsche Post, Springe",4,9.0,9.0
0.5,0.1,DHL,"Deutsche Post, Springe",5,7.0,7.0
0.5,0.1,DHL,"Deutsche Post, Wunstorf",0,15.0,15.0
0.5,0.1,DHL,"Deutsche Post, Wunstorf",1,15.0,15.0
0.5,0.1,DHL,"Deutsche Post, Wunstorf",2,16.0,16.0
0.5,0.1,DHL,"Deutsche Post, Wunstorf",3,16.0,16.0
0.5,0.1,DHL,"Deutsche Post, Wunstorf",4,14.0,14.0
0.5,0.1,DHL,"Deutsche Post, Wunstorf",5,11.0,11.0
0.5,0.1,DHL,Dummy Seelze,0,17.0,17.0
0.5,0.1,DHL,Dummy Seelze,1,19.0,19.0
0.5,0.1,DHL,Dummy Seelze,2,19.0,19.0
0.5,0.1,DHL,Dummy Seelze,3,20.0,20.0
0.5,0.1,DHL,Dummy Seelze,4,17.0,17.0
0.5,0.1,DHL,Dummy Seelze,5,13.0,13.0
0.5,0.1,DHL,Dummy Sehnde,0,9.0,9.0
0.5,0.1,DHL,Dummy Sehnde,1,9.0,9.0
0.5,0.1,DHL,Dummy Sehnde,2,10.0,10.0
0.5,0.1,DHL,Dummy Sehnde,3,9.0,9.0
0.5,0.1,DHL,Dummy Sehnde,4,8.0,8.0
0.5,0.1,DHL,Dummy Sehnde,5,6.0,6.0
0.5,0.1,DHL,Dummy Uetze,0,7.0,7.0
0.5,0.1,DHL,Dummy Uetze,1,7.0,7.0
0.5,0.1,DHL,Dummy Uetze,2,7.0,7.0
0.5,0.1,DHL,Dummy Uetze,3,8.0,8.0
0.5,0.1,DHL,Dummy Uetze,4,6.0,6.0
0.5,0.1,DHL,Dummy Uetze,5,5.0,5.0
0.5,0.1,DHL,Dummy Wennigsen,0,10.0,10.0
0.5,0.1,DHL,Dummy Wennigsen,1,12.0,12.0
0.5,0.1,DHL,Dummy Wennigsen,2,12.0,12.0
0.5,0.1,DHL,Dummy Wennigsen,3,12.0,12.0
0.5,0.1,DHL,Dummy Wennigsen,4,10.0,10.0
0.5,0.1,DHL,Dummy Wennigsen,5,8.0,8.0
0.5,0.1,DHL,Paketzentrum / Zustellbasis Anderten,0,38.0,38.0
0.5,0.1,DHL,Paketzentrum / Zustellbasis Anderten,1,44.0,44.0
0.5,0.1,DHL,Paketzentrum / Zustellbasis Anderten,2,45.0,45.0
0.5,0.1,DHL,Paketzentrum / Zustellbasis Anderten,3,46.0,46.0
0.5,0.1,DHL,Paketzentrum / Zustellbasis Anderten,4,37.0,37.0
0.5,0.1,DHL,Paketzentrum / Zustellbasis Anderten,5,31.0,31.0
0.5,0.1,DHL,Zustellbasis Hannover am Güterbahnhof,0,99.0,100.0
0.5,0.1,DHL,Zustellbasis Hannover am Güterbahnhof,1,106.0,108.0
0.5,0.1,DHL,Zustellbasis Hannover am Güterbahnhof,2,121.0,117.0
0.5,0.1,DHL,Zustellbasis Hannover am Güterbahnhof,3,114.0,117.0
0.5,0.1,DHL,Zustellbasis Hannover am Güterbahnhof,4,94.0,94.0
0.5,0.1,DHL,Zustellbasis Hannover am Güterbahnhof,5,75.0,77.0
0.5,0.1,DHL,Zustellbasis Hannover-Süd,0,55.0,55.0
0.5,0.1,DHL,Zustellbasis Hannover-Süd,1,58.0,58.0
0.5,0.1,DHL,Zustellbasis Hannover-Süd,2,65.0,65.0
0.5,0.1,DHL,Zustellbasis Hannover-Süd,3,61.0,61.0
0.5,0.1,DHL,Zustellbasis Hannover-Süd,4,53.0,53.0
0.5,0.1,DHL,Zustellbasis Hannover-Süd,5,41.0,41.0
0.5,0.1,Amazon,Amazon Logistics HAJ8 in Garbsen,0,188.0,188.0
0.5,0.1,Amazon,Amazon Logistics HAJ8 in Garbsen,1,198.0,198.0
0.5,0.1,Amazon,Amazon Logistics HAJ8 in Garbsen,2,216.0,216.0
0.5,0.1,Amazon,Amazon Logistics HAJ8 in Garbsen,3,209.0,209.0
0.5,0.1,Amazon,Amazon Logistics HAJ8 in Garbsen,4,174.0,174.0
0.5,0.1,Amazon,Amazon Logistics HAJ8 in Garbsen,5,138.0,140.0
0.5,0.1,DPD,DPD Paketzentrum in Lehrte,0,91.0,94.0
0.5,0.1,DPD,DPD Paketzentrum in Lehrte,1,99.0,100.0
0.5,0.1,DPD,DPD Paketzentrum in Lehrte,2,113.0,111.0
0.5,0.1,DPD,DPD Paketzentrum in Lehrte,3,104.0,106.0
0.5,0.1,DPD,DPD Paketzentrum in Lehrte,4,88.0,88.0
0.5,0.1,DPD,DPD Paketzentrum in Lehrte,5,71.0,87.0
0.5,0.1,FedEx,FedEx Station - Heinz-Peter-Piper Str.,0,83.0,83.0
0.5,0.1,FedEx,FedEx Station - Heinz-Peter-Piper Str.,1,82.0,87.0
0.5,0.1,FedEx,FedEx Station - Heinz-Peter-Piper Str.,2,99.0,87.0
0.5,0.1,FedEx,FedEx Station - Heinz-Peter-Piper Str.,3,84.0,87.0
0.5,0.1,FedEx,FedEx Station - Heinz-Peter-Piper Str.,4,77.0,81.0
0.5,0.1,FedEx,FedEx Station - Heinz-Peter-Piper Str.,5,69.0,81.0
0.5,0.1,GLS,GLS in Hannover Laatzen,0,79.0,79.0
0.5,0.1,GLS,GLS in Hannover Laatzen,1,80.0,80.0
0.5,0.1,GLS,GLS in Hannover Laatzen,2,94.0,92.0
0.5,0.1,GLS,GLS in Hannover Laatzen,3,88.0,90.0
0.5,0.1,GLS,GLS in Hannover Laatzen,4,76.0,75.0
0.5,0.1,GLS,GLS in Hannover Laatzen,5,63.0,70.0
0.5,0.1,Hermes,Hermes LC Hannover Langenhagen,0,116.0,116.0
0.5,0.1,Hermes,Hermes LC Hannover Langenhagen,1,119.0,119.0
0.5,0.1,Hermes,Hermes LC Hannover Langenhagen,2,126.0,126.0
0.5,0.1,Hermes,Hermes LC Hannover Langenhagen,3,123.0,123.0
0.5,0.1,Hermes,Hermes LC Hannover Langenhagen,4,111.0,111.0
0.5,0.1,Hermes,Hermes LC Hannover Langenhagen,5,81.0,84.0
0.5,0.1,UPS,UPS Depot Hannover,0,96.0,95.0
0.5,0.1,UPS,UPS Depot Hannover,1,103.0,109.0
0.5,0.1,UPS,UPS Depot Hannover,2,119.0,109.0
0.5,0.1,UPS,UPS Depot Hannover,3,109.0,108.0
0.5,0.1,UPS,UPS Depot Hannover,4,96.0,97.0
0.5,0.1,UPS,UPS Depot Hannover,5,81.0,95.0
0.5,0.2,DHL,Brief- und Logistikzentrum in Pattensen (Hannover),0,22.0,22.0
0.5,0.2,DHL,Brief- und Logistikzentrum in Pattensen (Hannover),1,29.0,29.0
0.5,0.2,DHL,Brief- und Logistikzentrum in Pattensen (Hannover),2,25.0,25.0
0.5,0.2,DHL,Brief- und Logistikzentrum in Pattensen (Hannover),3,29.0,29.0
0.5,0.2,DHL,Brief- und Logistikzentrum in Pattensen (Hannover),4,23.0,23.0
0.5,0.2,DHL,Brief- und Logistikzentrum in Pattensen (Hannover),5,18.0,18.0
0.5,0.2,DHL,"Deutsche Post, Bantorf",0,10.0,10.0
0.5,0.2,DHL,"Deutsche Post, Bantorf",1,11.0,11.0
0.5,0.2,DHL,"Deutsche Post, Bantorf",2,13.0,13.0
0.5,0.2,DHL,"Deutsche Post, Bantorf",3,12.0,12.0
0.5,0.2,DHL,"Deutsche Post, Bantorf",4,10.0,10.0
0.5,0.2,DHL,"Deutsche Post, Bantorf",5,8.0,8.0
0.5,0.2,DHL,"Deutsche Post, Bissendorf",0,44.0,44.0
0.5,0.2,DHL,"Deutsche Post, Bissendorf",1,48.0,48.0
0.5,0.2,DHL,"Deutsche Post, Bissendorf",2,53.0,53.0
0.5,0.2,DHL,"Deutsche Post, Bissendorf",3,49.0,49.0
0.5,0.2,DHL,"Deutsche Post, Bissendorf",4,41.0,41.0
0.5,0.2,DHL,"Deutsche Post, Bissendorf",5,32.0,32.0
0.5,0.2,DHL,"Deutsche Post, Burgdorf",0,10.0,10.0
0.5,0.2,DHL,"Deutsche Post, Burgdorf",1,10.0,10.0
0.5,0.2,DHL,"Deutsche Post, Burgdorf",2,12.0,12.0
0.5,0.2,DHL,"Deutsche Post, Burgdorf",3,11.0,11.0
0.5,0.2,DHL,"Deutsche Post, Burgdorf",4,9.0,9.0
0.5,0.2,DHL,"Deutsche Post, Burgdorf",5,7.0,7.0
0.5,0.2,DHL,"Deutsche Post, Garbsen",0,12.0,12.0
0.5,0.2,DHL,"Deutsche Post, Garbsen",1,13.0,13.0
0.5,0.2,DHL,"Deutsche Post, Garbsen",2,15.0,15.0
0.5,0.2,DHL,"Deutsche Post, Garbsen",3,15.0,15.0
0.5,0.2,DHL,"Deutsche Post, Garbsen",4,12.0,12.0
0.5,0.2,DHL,"Deutsche Post, Garbsen",5,10.0,10.0
0.5,0.2,DHL,"Deutsche Post, Lehrte",0,14.0,14.0
0.5,0.2,DHL,"Deutsche Post, Lehrte",1,15.0,15.0
0.5,0.2,DHL,"Deutsche Post, Lehrte",2,17.0,17.0
0.5,0.2,DHL,"Deutsche Post, Lehrte",3,15.0,15.0
0.5,0.2,DHL,"Deutsche Post, Lehrte",4,13.0,13.0
0.5,0.2,DHL,"Deutsche Post, Lehrte",5,10.0,10.0
0.5,0.2,DHL,"Deutsche Post, Neustadt",0,13.0,13.0
0.5,0.2,DHL,"Deutsche Post, Neustadt",1,15.0,15.0
0.5,0.2,DHL,"Deutsche Post, Neustadt",2,16.0,16.0
0.5,0.2,DHL,"Deutsche Post, Neustadt",3,15.0,15.0
0.5,0.2,DHL,"Deutsche Post, Neustadt",4,13.0,13.0
0.5,0.2,DHL,"Deutsche Post, Neustadt",5,10.0,10.0
0.5,0.2,DHL,"Deutsche Post, Springe",0,9.0,9.0
0.5,0.2,DHL,"Deutsche Post, Springe",1,9.0,9.0
0.5,0.2,DHL,"Deutsche Post, Springe",2,11.0,11.0
0.5,0.2,DHL,"Deutsche Post, Springe",3,10.0,10.0
0.5,0.2,DHL,"Deutsche Post, Springe",4,9.0,9.0
0.5,0.2,DHL,"Deutsche Post, Springe",5,7.0,7.0
0.5,0.2,DHL,"Deutsche Post, Wunstorf",0,15.0,15.0
0.5,0.2,DHL,"Deutsche Post, Wunstorf",1,15.0,15.0
0.5,0.2,DHL,"Deutsche Post, Wunstorf",2,16.0,16.0
0.5,0.2,DHL,"Deutsche Post, Wunstorf",3,16.0,16.0
0.5,0.2,DHL,"Deutsche Post, Wunstorf",4,14.0,14.0
0.5,0.2,DHL,"Deutsche Post, Wunstorf",5,11.0,11.0
0.5,0.2,DHL,Dummy Seelze,0,17.0,17.0
0.5,0.2,DHL,Dummy Seelze,1,19.0,19.0
0.5,0.2,DHL,Dummy Seelze,2,17.0,17.0
0.5,0.2,DHL,Dummy Seelze,3,22.0,22.0
0.5,0.2,DHL,Dummy Seelze,4,17.0,17.0
0.5,0.2,DHL,Dummy Seelze,5,13.0,13.0
0.5,0.2,DHL,Dummy Sehnde,0,9.0,9.0
0.5,0.2,DHL,Dummy Sehnde,1,9.0,9.0
0.5,0.2,DHL,Dummy Sehnde,2,10.0,10.0
0.5,0.2,DHL,Dummy Sehnde,3,9.0,9.0
0.5,0.2,DHL,Dummy Sehnde,4,8.0,8.0
0.5,0.2,DHL,Dummy Sehnde,5,6.0,6.0
0.5,0.2,DHL,Dummy Uetze,0,7.0,7.0
0.5,0.2,DHL,Dummy Uetze,1,7.0,7.0
0.5,0.2,DHL,Dummy Uetze,2,7.0,7.0
0.5,0.2,DHL,Dummy Uetze,3,8.0,8.0
0.5,0.2,DHL,Dummy Uetze,4,6.0,6.0
0.5,0.2,DHL,Dummy Uetze,5,5.0,5.0
0.5,0.2,DHL,Dummy Wennigsen,0,11.0,11.0
0.5,0.2,DHL,Dummy Wennigsen,1,12.0,12.0
0.5,0.2,DHL,Dummy Wennigsen,2,12.0,12.0
0.5,0.2,DHL,Dummy Wennigsen,3,12.0,12.0
0.5,0.2,DHL,Dummy Wennigsen,4,10.0,10.0
0.5,0.2,DHL,Dummy Wennigsen,5,8.0,8.0
0.5,0.2,DHL,Paketzentrum / Zustellbasis Anderten,0,40.0,40.0
0.5,0.2,DHL,Paketzentrum / Zustellbasis Anderten,1,42.0,42.0
0.5,0.2,DHL,Paketzentrum / Zustellbasis Anderten,2,49.0,49.0
0.5,0.2,DHL,Paketzentrum / Zustellbasis Anderten,3,44.0,44.0
0.5,0.2,DHL,Paketzentrum / Zustellbasis Anderten,4,36.0,36.0
0.5,0.2,DHL,Paketzentrum / Zustellbasis Anderten,5,32.0,32.0
0.5,0.2,DHL,Zustellbasis Hannover am Güterbahnhof,0,103.0,102.0
0.5,0.2,DHL,Zustellbasis Hannover am Güterbahnhof,1,107.0,106.0
0.5,0.2,DHL,Zustellbasis Hannover am Güterbahnhof,2,115.0,117.0
0.5,0.2,DHL,Zustellbasis Hannover am Güterbahnhof,3,112.0,112.0
0.5,0.2,DHL,Zustellbasis Hannover am Güterbahnhof,4,101.0,91.0
0.5,0.2,DHL,Zustellbasis Hannover am Güterbahnhof,5,70.0,84.0
0.5,0.2,DHL,Zustellbasis Hannover-Süd,0,55.0,55.0
0.5,0.2,DHL,Zustellbasis Hannover-Süd,1,58.0,58.0
0.5,0.2,DHL,Zustellbasis Hannover-Süd,2,61.0,61.0
0.5,0.2,DHL,Zustellbasis Hannover-Süd,3,67.0,67.0
0.5,0.2,DHL,Zustellbasis Hannover-Süd,4,49.0,49.0
0.5,0.2,DHL,Zustellbasis Hannover-Süd,5,42.0,42.0
0.5,0.2,Amazon,Amazon Logistics HAJ8 in Garbsen,0,183.0,185.0
0.5,0.2,Amazon,Amazon Logistics HAJ8 in Garbsen,1,198.0,199.0
0.5,0.2,Amazon,Amazon Logistics HAJ8 in Garbsen,2,215.0,211.0
0.5,0.2,Amazon,Amazon Logistics HAJ8 in Garbsen,3,205.0,210.0
0.5,0.2,Amazon,Amazon Logistics HAJ8 in Garbsen,4,173.0,173.0
0.5,0.2,Amazon,Amazon Logistics HAJ8 in Garbsen,5,138.0,150.0
0.5,0.2,DPD,DPD Paketzentrum in Lehrte,0,89.0,89.0
0.5,0.2,DPD,DPD Paketzentrum in Lehrte,1,93.0,95.0
0.5,0.2,DPD,DPD Paketzentrum in Lehrte,2,105.0,103.0
0.5,0.2,DPD,DPD Paketzentrum in Lehrte,3,104.0,103.0
0.5,0.2,DPD,DPD Paketzentrum in Lehrte,4,90.0,86.0
0.5,0.2,DPD,DPD Paketzentrum in Lehrte,5,69.0,86.0
0.5,0.2,FedEx,FedEx Station - Heinz-Peter-Piper Str.,0,79.0,84.0
0.5,0.2,FedEx,FedEx Station - Heinz-Peter-Piper Str.,1,94.0,88.0
0.5,0.2,FedEx,FedEx Station - Heinz-Peter-Piper Str.,2,97.0,88.0
0.5,0.2,FedEx,FedEx Station - Heinz-Peter-Piper Str.,3,90.0,89.0
0.5,0.2,FedEx,FedEx Station - Heinz-Peter-Piper Str.,4,84.0,88.0
0.5,0.2,FedEx,FedEx Station - Heinz-Peter-Piper Str.,5,69.0,84.0
0.5,0.2,GLS,GLS in Hannover Laatzen,0,79.0,83.0
0.5,0.2,GLS,GLS in Hannover Laatzen,1,81.0,82.0
0.5,0.2,GLS,GLS in Hannover Laatzen,2,91.0,88.0
0.5,0.2,GLS,GLS in Hannover Laatzen,3,87.0,88.0
0.5,0.2,GLS,GLS in Hannover Laatzen,4,77.0,75.0
0.5,0.2,GLS,GLS in Hannover Laatzen,5,62.0,74.0
0.5,0.2,Hermes,Hermes LC Hannover Langenhagen,0,110.0,110.0
0.5,0.2,Hermes,Hermes LC Hannover Langenhagen,1,117.0,118.0
0.5,0.2,Hermes,Hermes LC Hannover Langenhagen,2,125.0,123.0
0.5,0.2,Hermes,Hermes LC Hannover Langenhagen,3,120.0,121.0
0.5,0.2,Hermes,Hermes LC Hannover Langenhagen,4,106.0,106.0
0.5,0.2,Hermes,Hermes LC Hannover Langenhagen,5,81.0,99.0
0.5,0.2,UPS,UPS Depot Hannover,0,104.0,97.0
0.5,0.2,UPS,UPS Depot Hannover,1,93.0,108.0
0.5,0.2,UPS,UPS Depot Hannover,2,111.0,108.0
0.5,0.2,UPS,UPS Depot Hannover,3,127.0,108.0
0.5,0.2,UPS,UPS Depot Hannover,4,97.0,101.0
0.5,0.2,UPS,UPS Depot Hannover,5,78.0,97.0
0.5,0.3,DHL,Brief- und Logistikzentrum in Pattensen (Hannover),0,26.0,26.0
0.5,0.3,DHL,Brief- und Logistikzentrum in Pattensen (Hannover),1,27.0,27.0
0.5,0.3,DHL,Brief- und Logistikzentrum in Pattensen (Hannover),2,28.0,28.0
0.5,0.3,DHL,Brief- und Logistikzentrum in Pattensen (Hannover),3,27.0,27.0
0.5,0.3,DHL,Brief- und Logistikzentrum in Pattensen (Hannover),4,24.0,24.0
0.5,0.3,DHL,Brief- und Logistikzentrum in Pattensen (Hannover),5,18.0,18.0
0.5,0.3,DHL,"Deutsche Post, Bantorf",0,10.0,10.0
0.5,0.3,DHL,"Deutsche Post, Bantorf",1,11.0,11.0
0.5,0.3,DHL,"Deutsche Post, Bantorf",2,13.0,13.0
0.5,0.3,DHL,"Deutsche Post, Bantorf",3,12.0,12.0
0.5,0.3,DHL,"Deutsche Post, Bantorf",4,10.0,10.0
0.5,0.3,DHL,"Deutsche Post, Bantorf",5,8.0,8.0
0.5,0.3,DHL,"Deutsche Post, Bissendorf",0,44.0,44.0
0.5,0.3,DHL,"Deutsche Post, Bissendorf",1,48.0,48.0
0.5,0.3,DHL,"Deutsche Post, Bissendorf",2,53.0,53.0
0.5,0.3,DHL,"Deutsche Post, Bissendorf",3,49.0,49.0
0.5,0.3,DHL,"Deutsche Post, Bissendorf",4,41.0,41.0
0.5,0.3,DHL,"Deutsche Post, Bissendorf",5,32.0,32.0
0.5,0.3,DHL,"Deutsche Post, Burgdorf",0,10.0,10.0
0.5,0.3,DHL,"Deutsche Post, Burgdorf",1,10.0,10.0
0.5,0.3,DHL,"Deutsche Post, Burgdorf",2,12.0,12.0
0.5,0.3,DHL,"Deutsche Post, Burgdorf",3,11.0,11.0
0.5,0.3,DHL,"Deutsche Post, Burgdorf",4,9.0,9.0
0.5,0.3,DHL,"Deutsche Post, Burgdorf",5,7.0,7.0
0.5,0.3,DHL,"Deutsche Post, Garbsen",0,12.0,12.0
0.5,0.3,DHL,"Deutsche Post, Garbsen",1,13.0,13.0
0.5,0.3,DHL,"Deutsche Post, Garbsen",2,15.0,15.0
0.5,0.3,DHL,"Deutsche Post, Garbsen",3,15.0,15.0
0.5,0.3,DHL,"Deutsche Post, Garbsen",4,12.0,12.0
0.5,0.3,DHL,"Deutsche Post, Garbsen",5,10.0,10.0
0.5,0.3,DHL,"Deutsche Post, Lehrte",0,14.0,14.0
0.5,0.3,DHL,"Deutsche Post, Lehrte",1,15.0,15.0
0.5,0.3,DHL,"Deutsche Post, Lehrte",2,17.0,17.0
0.5,0.3,DHL,"Deutsche Post, Lehrte",3,15.0,15.0
0.5,0.3,DHL,"Deutsche Post, Lehrte",4,13.0,13.0
0.5,0.3,DHL,"Deutsche Post, Lehrte",5,10.0,10.0
0.5,0.3,DHL,"Deutsche Post, Neustadt",0,13.0,13.0
0.5,0.3,DHL,"Deutsche Post, Neustadt",1,15.0,15.0
0.5,0.3,DHL,"Deutsche Post, Neustadt",2,16.0,16.0
0.5,0.3,DHL,"Deutsche Post, Neustadt",3,15.0,15.0
0.5,0.3,DHL,"Deutsche Post, Neustadt",4,13.0,13.0
0.5,0.3,DHL,"Deutsche Post, Neustadt",5,10.0,10.0
0.5,0.3,DHL,"Deutsche Post, Springe",0,9.0,9.0
0.5,0.3,DHL,"Deutsche Post, Springe",1,9.0,9.0
0.5,0.3,DHL,"Deutsche Post, Springe",2,11.0,11.0
0.5,0.3,DHL,"Deutsche Post, Springe",3,10.0,10.0
0.5,0.3,DHL,"Deutsche Post, Springe",4,9.0,9.0
0.5,0.3,DHL,"Deutsche Post, Springe",5,7.0,7.0
0.5,0.3,DHL,"Deutsche Post, Wunstorf",0,15.0,15.0
0.5,0.3,DHL,"Deutsche Post, Wunstorf",1,15.0,15.0
0.5,0.3,DHL,"Deutsche Post, Wunstorf",2,16.0,16.0
0.5,0.3,DHL,"Deutsche Post, Wunstorf",3,16.0,16.0
0.5,0.3,DHL,"Deutsche Post, Wunstorf",4,14.0,14.0
0.5,0.3,DHL,"Deutsche Post, Wunstorf",5,11.0,11.0
0.5,0.3,DHL,Dummy Seelze,0,17.0,17.0
0.5,0.3,DHL,Dummy Seelze,1,19.0,19.0
0.5,0.3,DHL,Dummy Seelze,2,21.0,21.0
0.5,0.3,DHL,Dummy Seelze,3,20.0,20.0
0.5,0.3,DHL,Dummy Seelze,4,17.0,17.0
0.5,0.3,DHL,Dummy Seelze,5,13.0,13.0
0.5,0.3,DHL,Dummy Sehnde,0,9.0,9.0
0.5,0.3,DHL,Dummy Sehnde,1,9.0,9.0
0.5,0.3,DHL,Dummy Sehnde,2,10.0,10.0
0.5,0.3,DHL,Dummy Sehnde,3,9.0,9.0
0.5,0.3,DHL,Dummy Sehnde,4,8.0,8.0
0.5,0.3,DHL,Dummy Sehnde,5,6.0,6.0
0.5,0.3,DHL,Dummy Uetze,0,7.0,7.0
0.5,0.3,DHL,Dummy Uetze,1,7.0,7.0
0.5,0.3,DHL,Dummy Uetze,2,7.0,7.0
0.5,0.3,DHL,Dummy Uetze,3,8.0,8.0
0.5,0.3,DHL,Dummy Uetze,4,6.0,6.0
0.5,0.3,DHL,Dummy Uetze,5,5.0,5.0
0.5,0.3,DHL,Dummy Wennigsen,0,11.0,11.0
0.5,0.3,DHL,Dummy Wennigsen,1,12.0,12.0
0.5,0.3,DHL,Dummy Wennigsen,2,12.0,12.0
0.5,0.3,DHL,Dummy Wennigsen,3,12.0,12.0
0.5,0.3,DHL,Dummy Wennigsen,4,10.0,10.0
0.5,0.3,DHL,Dummy Wennigsen,5,8.0,8.0
0.5,0.3,DHL,Paketzentrum / Zustellbasis Anderten,0,40.0,40.0
0.5,0.3,DHL,Paketzentrum / Zustellbasis Anderten,1,44.0,44.0
0.5,0.3,DHL,Paketzentrum / Zustellbasis Anderten,2,47.0,47.0
0.5,0.3,DHL,Paketzentrum / Zustellbasis Anderten,3,44.0,44.0
0.5,0.3,DHL,Paketzentrum / Zustellbasis Anderten,4,37.0,37.0
0.5,0.3,DHL,Paketzentrum / Zustellbasis Anderten,5,32.0,32.0
0.5,0.3,DHL,Zustellbasis Hannover am Güterbahnhof,0,106.0,101.0
0.5,0.3,DHL,Zustellbasis Hannover am Güterbahnhof,1,101.0,107.0
0.5,0.3,DHL,Zustellbasis Hannover am Güterbahnhof,2,127.0,118.0
0.5,0.3,DHL,Zustellbasis Hannover am Güterbahnhof,3,108.0,116.0
0.5,0.3,DHL,Zustellbasis Hannover am Güterbahnhof,4,102.0,87.0
0.5,0.3,DHL,Zustellbasis Hannover am Güterbahnhof,5,69.0,87.0
0.5,0.3,DHL,Zustellbasis Hannover-Süd,0,55.0,55.0
0.5,0.3,DHL,Zustellbasis Hannover-Süd,1,58.0,58.0
0.5,0.3,DHL,Zustellbasis Hannover-Süd,2,58.0,58.0
0.5,0.3,DHL,Zustellbasis Hannover-Süd,3,69.0,69.0
0.5,0.3,DHL,Zustellbasis Hannover-Süd,4,52.0,52.0
0.5,0.3,DHL,Zustellbasis Hannover-Süd,5,41.0,41.0
0.5,0.3,Amazon,Amazon Logistics HAJ8 in Garbsen,0,178.0,182.0
0.5,0.3,Amazon,Amazon Logistics HAJ8 in Garbsen,1,195.0,198.0
0.5,0.3,Amazon,Amazon Logistics HAJ8 in Garbsen,2,210.0,207.0
0.5,0.3,Amazon,Amazon Logistics HAJ8 in Garbsen,3,208.0,207.0
0.5,0.3,Amazon,Amazon Logistics HAJ8 in Garbsen,4,171.0,163.0
0.5,0.3,Amazon,Amazon Logistics HAJ8 in Garbsen,5,133.0,163.0
0.5,0.3,DPD,DPD Paketzentrum in Lehrte,0,86.0,89.0
0.5,0.3,DPD,DPD Paketzentrum in Lehrte,1,97.0,97.0
0.5,0.3,DPD,DPD Paketzentrum in Lehrte,2,97.0,99.0
0.5,0.3,DPD,DPD Paketzentrum in Lehrte,3,103.0,99.0
0.5,0.3,DPD,DPD Paketzentrum in Lehrte,4,94.0,86.0
0.5,0.3,DPD,DPD Paketzentrum in Lehrte,5,70.0,86.0
0.5,0.3,FedEx,FedEx Station - Heinz-Peter-Piper Str.,0,85.0,87.0
0.5,0.3,FedEx,FedEx Station - Heinz-Peter-Piper Str.,1,92.0,88.0
0.5,0.3,FedEx,FedEx Station - Heinz-Peter-Piper Str.,2,93.0,88.0
0.5,0.3,FedEx,FedEx Station - Heinz-Peter-Piper Str.,3,86.0,88.0
0.5,0.3,FedEx,FedEx Station - Heinz-Peter-Piper Str.,4,93.0,88.0
0.5,0.3,FedEx,FedEx Station - Heinz-Peter-Piper Str.,5,70.0,87.0
0.5,0.3,GLS,GLS in Hannover Laatzen,0,76.0,76.0
0.5,0.3,GLS,GLS in Hannover Laatzen,1,84.0,84.0
0.5,0.3,GLS,GLS in Hannover Laatzen,2,83.0,85.0
0.5,0.3,GLS,GLS in Hannover Laatzen,3,92.0,85.0
0.5,0.3,GLS,GLS in Hannover Laatzen,4,80.0,78.0
0.5,0.3,GLS,GLS in Hannover Laatzen,5,62.0,76.0
0.5,0.3,Hermes,Hermes LC Hannover Langenhagen,0,104.0,111.0
0.5,0.3,Hermes,Hermes LC Hannover Langenhagen,1,114.0,115.0
0.5,0.3,Hermes,Hermes LC Hannover Langenhagen,2,127.0,123.0
0.5,0.3,Hermes,Hermes LC Hannover Langenhagen,3,122.0,123.0
0.5,0.3,Hermes,Hermes LC Hannover Langenhagen,4,103.0,97.0
0.5,0.3,Hermes,Hermes LC Hannover Langenhagen,5,80.0,97.0
0.5,0.3,UPS,UPS Depot Hannover,0,104.0,102.0
0.5,0.3,UPS,UPS Depot Hannover,1,108.0,108.0
0.5,0.3,UPS,UPS Depot Hannover,2,108.0,108.0
0.5,0.3,UPS,UPS Depot Hannover,3,121.0,108.0
0.5,0.3,UPS,UPS Depot Hannover,4,102.0,100.0
0.5,0.3,UPS,UPS Depot Hannover,5,75.0,100.0
0.5,0.4,DHL,Brief- und Logistikzentrum in Pattensen (Hannover),0,26.0,26.0
0.5,0.4,DHL,Brief- und Logistikzentrum in Pattensen (Hannover),1,27.0,27.0
0.5,0.4,DHL,Brief- und Logistikzentrum in Pattensen (Hannover),2,28.0,28.0
0.5,0.4,DHL,Brief- und Logistikzentrum in Pattensen (Hannover),3,27.0,27.0
0.5,0.4,DHL,Brief- und Logistikzentrum in Pattensen (Hannover),4,24.0,24.0
0.5,0.4,DHL,Brief- und Logistikzentrum in Pattensen (Hannover),5,18.0,18.0
0.5,0.4,DHL,"Deutsche Post, Bantorf",0,10.0,10.0
0.5,0.4,DHL,"Deutsche Post, Bantorf",1,11.0,11.0
0.5,0.4,DHL,"Deutsche Post, Bantorf",2,13.0,13.0
0.5,0.4,DHL,"Deutsche Post, Bantorf",3,12.0,12.0
0.5,0.4,DHL,"Deutsche Post, Bantorf",4,10.0,10.0
0.5,0.4,DHL,"Deutsche Post, Bantorf",5,8.0,8.0
0.5,0.4,DHL,"Deutsche Post, Bissendorf",0,44.0,44.0
0.5,0.4,DHL,"Deutsche Post, Bissendorf",1,48.0,48.0
0.5,0.4,DHL,"Deutsche Post, Bissendorf",2,53.0,53.0
0.5,0.4,DHL,"Deutsche Post, Bissendorf",3,49.0,49.0
0.5,0.4,DHL,"Deutsche Post, Bissendorf",4,41.0,41.0
0.5,0.4,DHL,"Deutsche Post, Bissendorf",5,32.0,32.0
0.5,0.4,DHL,"Deutsche Post, Burgdorf",0,10.0,10.0
0.5,0.4,DHL,"Deutsche Post, Burgdorf",1,10.0,10.0
0.5,0.4,DHL,"Deutsche Post, Burgdorf",2,12.0,12.0
0.5,0.4,DHL,"Deutsche Post, Burgdorf",3,11.0,11.0
0.5,0.4,DHL,"Deutsche Post, Burgdorf",4,9.0,9.0
0.5,0.4,DHL,"Deutsche Post, Burgdorf",5,7.0,7.0
0.5,0.4,DHL,"Deutsche Post, Garbsen",0,12.0,12.0
0.5,0.4,DHL,"Deutsche Post, Garbsen",1,13.0,13.0
0.5,0.4,DHL,"Deutsche Post, Garbsen",2,15.0,15.0
0.5,0.4,DHL,"Deutsche Post, Garbsen",3,15.0,15.0
0.5,0.4,DHL,"Deutsche Post, Garbsen",4,12.0,12.0
0.5,0.4,DHL,"Deutsche Post, Garbsen",5,10.0,10.0
0.5,0.4,DHL,"Deutsche Post, Lehrte",0,14.0,14.0
0.5,0.4,DHL,"Deutsche Post, Lehrte",1,15.0,15.0
0.5,0.4,DHL,"Deutsche Post, Lehrte",2,17.0,17.0
0.5,0.4,DHL,"Deutsche Post, Lehrte",3,15.0,15.0
0.5,0.4,DHL,"Deutsche Post, Lehrte",4,13.0,13.0
0.5,0.4,DHL,"Deutsche Post, Lehrte",5,10.0,10.0
0.5,0.4,DHL,"Deutsche Post, Neustadt",0,13.0,13.0
0.5,0.4,DHL,"Deutsche Post, Neustadt",1,15.0,15.0
0.5,0.4,DHL,"Deutsche Post, Neustadt",2,16.0,16.0
0.5,0.4,DHL,"Deutsche Post, Neustadt",3,15.0,15.0
0.5,0.4,DHL,"Deutsche Post, Neustadt",4,13.0,13.0
0.5,0.4,DHL,"Deutsche Post, Neustadt",5,10.0,10.0
0.5,0.4,DHL,"Deutsche Post, Springe",0,9.0,9.0
0.5,0.4,DHL,"Deutsche Post, Springe",1,9.0,9.0
0.5,0.4,DHL,"Deutsche Post, Springe",2,11.0,11.0
0.5,0.4,DHL,"Deutsche Post, Springe",3,10.0,10.0
0.5,0.4,DHL,"Deutsche Post, Springe",4,9.0,9.0
0.5,0.4,DHL,"Deutsche Post, Springe",5,7.0,7.0
0.5,0.4,DHL,"Deutsche Post, Wunstorf",0,15.0,15.0
0.5,0.4,DHL,"Deutsche Post, Wunstorf",1,15.0,15.0
0.5,0.4,DHL,"Deutsche Post, Wunstorf",2,16.0,16.0
0.5,0.4,DHL,"Deutsche Post, Wunstorf",3,16.0,16.0
0.5,0.4,DHL,"Deutsche Post, Wunstorf",4,14.0,14.0
0.5,0.4,DHL,"Deutsche Post, Wunstorf",5,11.0,11.0
0.5,0.4,DHL,Dummy Seelze,0,17.0,17.0
0.5,0.4,DHL,Dummy Seelze,1,19.0,19.0
0.5,0.4,DHL,Dummy Seelze,2,21.0,21.0
0.5,0.4,DHL,Dummy Seelze,3,20.0,20.0
0.5,0.4,DHL,Dummy Seelze,4,17.0,17.0
0.5,0.4,DHL,Dummy Seelze,5,13.0,13.0
0.5,0.4,DHL,Dummy Sehnde,0,9.0,9.0
0.5,0.4,DHL,Dummy Sehnde,1,9.0,9.0
0.5,0.4,DHL,Dummy Sehnde,2,10.0,10.0
0.5,0.4,DHL,Dummy Sehnde,3,9.0,9.0
0.5,0.4,DHL,Dummy Sehnde,4,8.0,8.0
0.5,0.4,DHL,Dummy Sehnde,5,6.0,6.0
0.5,0.4,DHL,Dummy Uetze,0,7.0,7.0
0.5,0.4,DHL,Dummy Uetze,1,7.0,7.0
0.5,0.4,DHL,Dummy Uetze,2,7.0,7.0
0.5,0.4,DHL,Dummy Uetze,3,8.0,8.0
0.5,0.4,DHL,Dummy Uetze,4,6.0,6.0
0.5,0.4,DHL,Dummy Uetze,5,5.0,5.0
0.5,0.4,DHL,Dummy Wennigsen,0,11.0,11.0
0.5,0.4,DHL,Dummy Wennigsen,1,12.0,12.0
0.5,0.4,DHL,Dummy Wennigsen,2,12.0,12.0
0.5,0.4,DHL,Dummy Wennigsen,3,12.0,12.0
0.5,0.4,DHL,Dummy Wennigsen,4,10.0,10.0
0.5,0.4,DHL,Dummy Wennigsen,5,8.0,8.0
0.5,0.4,DHL,Paketzentrum / Zustellbasis Anderten,0,40.0,40.0
0.5,0.4,DHL,Paketzentrum / Zustellbasis Anderten,1,35.0,35.0
0.5,0.4,DHL,Paketzentrum / Zustellbasis Anderten,2,55.0,55.0
0.5,0.4,DHL,Paketzentrum / Zustellbasis Anderten,3,44.0,44.0
0.5,0.4,DHL,Paketzentrum / Zustellbasis Anderten,4,39.0,39.0
0.5,0.4,DHL,Paketzentrum / Zustellbasis Anderten,5,31.0,31.0
0.5,0.4,DHL,Zustellbasis Hannover am Güterbahnhof,0,102.0,102.0
0.5,0.4,DHL,Zustellbasis Hannover am Güterbahnhof,1,107.0,107.0
0.5,0.4,DHL,Zustellbasis Hannover am Güterbahnhof,2,122.0,118.0
0.5,0.4,DHL,Zustellbasis Hannover am Güterbahnhof,3,111.0,117.0
0.5,0.4,DHL,Zustellbasis Hannover am Güterbahnhof,4,99.0,97.0
0.5,0.4,DHL,Zustellbasis Hannover am Güterbahnhof,5,75.0,75.0
0.5,0.4,DHL,Zustellbasis Hannover-Süd,0,55.0,55.0
0.5,0.4,DHL,Zustellbasis Hannover-Süd,1,58.0,58.0
0.5,0.4,DHL,Zustellbasis Hannover-Süd,2,57.0,57.0
0.5,0.4,DHL,Zustellbasis Hannover-Süd,3,72.0,72.0
0.5,0.4,DHL,Zustellbasis Hannover-Süd,4,52.0,52.0
0.5,0.4,DHL,Zustellbasis Hannover-Süd,5,41.0,41.0
0.5,0.4,Amazon,Amazon Logistics HAJ8 in Garbsen,0,174.0,183.0
0.5,0.4,Amazon,Amazon Logistics HAJ8 in Garbsen,1,192.0,195.0
0.5,0.4,Amazon,Amazon Logistics HAJ8 in Garbsen,2,212.0,206.0
0.5,0.4,Amazon,Amazon Logistics HAJ8 in Garbsen,3,209.0,206.0
0.5,0.4,Amazon,Amazon Logistics HAJ8 in Garbsen,4,175.0,164.0
0.5,0.4,Amazon,Amazon Logistics HAJ8 in Garbsen,5,137.0,164.0
0.5,0.4,DPD,DPD Paketzentrum in Lehrte,0,91.0,90.0
0.5,0.4,DPD,DPD Paketzentrum in Lehrte,1,95.0,98.0
0.5,0.4,DPD,DPD Paketzentrum in Lehrte,2,106.0,98.0
0.5,0.4,DPD,DPD Paketzentrum in Lehrte,3,99.0,97.0
0.5,0.4,DPD,DPD Paketzentrum in Lehrte,4,89.0,88.0
0.5,0.4,DPD,DPD Paketzentrum in Lehrte,5,68.0,88.0
0.5,0.4,FedEx,FedEx Station - Heinz-Peter-Piper Str.,0,81.0,86.0
0.5,0.4,FedEx,FedEx Station - Heinz-Peter-Piper Str.,1,88.0,90.0
0.5,0.4,FedEx,FedEx Station - Heinz-Peter-Piper Str.,2,102.0,90.0
0.5,0.4,FedEx,FedEx Station - Heinz-Peter-Piper Str.,3,95.0,88.0
0.5,0.4,FedEx,FedEx Station - Heinz-Peter-Piper Str.,4,82.0,87.0
0.5,0.4,FedEx,FedEx Station - Heinz-Peter-Piper Str.,5,78.0,86.0
0.5,0.4,GLS,GLS in Hannover Laatzen,0,79.0,78.0
0.5,0.4,GLS,GLS in Hannover Laatzen,1,82.0,82.0
0.5,0.4,GLS,GLS in Hannover Laatzen,2,83.0,83.0
0.5,0.4,GLS,GLS in Hannover Laatzen,3,89.0,83.0
0.5,0.4,GLS,GLS in Hannover Laatzen,4,81.0,78.0
0.5,0.4,GLS,GLS in Hannover Laatzen,5,59.0,78.0
0.5,0.4,Hermes,Hermes LC Hannover Langenhagen,0,107.0,108.0
0.5,0.4,Hermes,Hermes LC Hannover Langenhagen,1,109.0,111.0
0.5,0.4,Hermes,Hermes LC Hannover Langenhagen,2,121.0,115.0
0.5,0.4,Hermes,Hermes LC Hannover Langenhagen,3,111.0,115.0
0.5,0.4,Hermes,Hermes LC Hannover Langenhagen,4,107.0,98.0
0.5,0.4,Hermes,Hermes LC Hannover Langenhagen,5,82.0,98.0
0.5,0.4,UPS,UPS Depot Hannover,0,103.0,100.0
0.5,0.4,UPS,UPS Depot Hannover,1,105.0,108.0
0.5,0.4,UPS,UPS Depot Hannover,2,106.0,108.0
0.5,0.4,UPS,UPS Depot Hannover,3,122.0,108.0
0.5,0.4,UPS,UPS Depot Hannover,4,97.0,99.0
0.5,0.4,UPS,UPS Depot Hannover,5,84.0,99.0
0.5,0.5,DHL,Brief- und Logistikzentrum in Pattensen (Hannover),0,26.0,26.0
0.5,0.5,DHL,Brief- und Logistikzentrum in Pattensen (Hannover),1,27.0,27.0
0.5,0.5,DHL,Brief- und Logistikzentrum in Pattensen (Hannover),2,28.0,28.0
0.5,0.5,DHL,Brief- und Logistikzentrum in Pattensen (Hannover),3,27.0,27.0
0.5,0.5,DHL,Brief- und Logistikzentrum in Pattensen (Hannover),4,24.0,24.0
0.5,0.5,DHL,Brief- und Logistikzentrum in Pattensen (Hannover),5,18.0,18.0
0.5,0.5,DHL,"Deutsche Post, Bantorf",0,10.0,10.0
0.5,0.5,DHL,"Deutsche Post, Bantorf",1,11.0,11.0
0.5,0.5,DHL,"Deutsche Post, Bantorf",2,13.0,13.0
0.5,0.5,DHL,"Deutsche Post, Bantorf",3,12.0,12.0
0.5,0.5,DHL,"Deutsche Post, Bantorf",4,10.0,10.0
0.5,0.5,DHL,"Deutsche Post, Bantorf",5,8.0,8.0
0.5,0.5,DHL,"Deutsche Post, Bissendorf",0,44.0,44.0
0.5,0.5,DHL,"Deutsche Post, Bissendorf",1,48.0,48.0
0.5,0.5,DHL,"Deutsche Post, Bissendorf",2,53.0,53.0
0.5,0.5,DHL,"Deutsche Post, Bissendorf",3,49.0,49.0
0.5,0.5,DHL,"Deutsche Post, Bissendorf",4,41.0,41.0
0.5,0.5,DHL,"Deutsche Post, Bissendorf",5,32.0,32.0
0.5,0.5,DHL,"Deutsche Post, Burgdorf",0,10.0,10.0
0.5,0.5,DHL,"Deutsche Post, Burgdorf",1,10.0,10.0
0.5,0.5,DHL,"Deutsche Post, Burgdorf",2,12.0,12.0
0.5,0.5,DHL,"Deutsche Post, Burgdorf",3,11.0,11.0
0.5,0.5,DHL,"Deutsche Post, Burgdorf",4,9.0,9.0
0.5,0.5,DHL,"Deutsche Post, Burgdorf",5,7.0,7.0
0.5,0.5,DHL,"Deutsche Post, Garbsen",0,12.0,12.0
0.5,0.5,DHL,"Deutsche Post, Garbsen",1,13.0,13.0
0.5,0.5,DHL,"Deutsche Post, Garbsen",2,15.0,15.0
0.5,0.5,DHL,"Deutsche Post, Garbsen",3,15.0,15.0
0.5,0.5,DHL,"Deutsche Post, Garbsen",4,12.0,12.0
0.5,0.5,DHL,"Deutsche Post, Garbsen",5,10.0,10.0
0.5,0.5,DHL,"Deutsche Post, Lehrte",0,14.0,14.0
0.5,0.5,DHL,"Deutsche Post, Lehrte",1,15.0,15.0
0.5,0.5,DHL,"Deutsche Post, Lehrte",2,17.0,17.0
0.5,0.5,DHL,"Deutsche Post, Lehrte",3,15.0,15.0
0.5,0.5,DHL,"Deutsche Post, Lehrte",4,13.0,13.0
0.5,0.5,DHL,"Deutsche Post, Lehrte",5,10.0,10.0
0.5,0.5,DHL,"Deutsche Post, Neustadt",0,13.0,13.0
0.5,0.5,DHL,"Deutsche Post, Neustadt",1,15.0,15.0
0.5,0.5,DHL,"Deutsche Post, Neustadt",2,16.0,16.0
0.5,0.5,DHL,"Deutsche Post, Neustadt",3,15.0,15.0
0.5,0.5,DHL,"Deutsche Post, Neustadt",4,13.0,13.0
0.5,0.5,DHL,"Deutsche Post, Neustadt",5,10.0,10.0
0.5,0.5,DHL,"Deutsche Post, Springe",0,9.0,9.0
0.5,0.5,DHL,"Deutsche Post, Springe",1,9.0,9.0
0.5,0.5,DHL,"Deutsche Post, Springe",2,11.0,11.0
0.5,0.5,DHL,"Deutsche Post, Springe",3,10.0,10.0
0.5,0.5,DHL,"Deutsche Post, Springe",4,9.0,9.0
0.5,0.5,DHL,"Deutsche Post, Springe",5,7.0,7.0
0.5,0.5,DHL,"Deutsche Post, Wunstorf",0,15.0,15.0
0.5,0.5,DHL,"Deutsche Post, Wunstorf",1,15.0,15.0
0.5,0.5,DHL,"Deutsche Post, Wunstorf",2,16.0,16.0
0.5,0.5,DHL,"Deutsche Post, Wunstorf",3,16.0,16.0
0.5,0.5,DHL,"Deutsche Post, Wunstorf",4,14.0,14.0
0.5,0.5,DHL,"Deutsche Post, Wunstorf",5,11.0,11.0
0.5,0.5,DHL,Dummy Seelze,0,17.0,17.0
0.5,0.5,DHL,Dummy Seelze,1,19.0,19.0
0.5,0.5,DHL,Dummy Seelze,2,21.0,21.0
0.5,0.5,DHL,Dummy Seelze,3,20.0,20.0
0.5,0.5,DHL,Dummy Seelze,4,17.0,17.0
0.5,0.5,DHL,Dummy Seelze,5,13.0,13.0
0.5,0.5,DHL,Dummy Sehnde,0,9.0,9.0
0.5,0.5,DHL,Dummy Sehnde,1,9.0,9.0
0.5,0.5,DHL,Dummy Sehnde,2,10.0,10.0
0.5,0.5,DHL,Dummy Sehnde,3,9.0,9.0
0.5,0.5,DHL,Dummy Sehnde,4,8.0,8.0
0.5,0.5,DHL,Dummy Sehnde,5,6.0,6.0
0.5,0.5,DHL,Dummy Uetze,0,7.0,7.0
0.5,0.5,DHL,Dummy Uetze,1,7.0,7.0
0.5,0.5,DHL,Dummy Uetze,2,7.0,7.0
0.5,0.5,DHL,Dummy Uetze,3,8.0,8.0
0.5,0.5,DHL,Dummy Uetze,4,6.0,6.0
0.5,0.5,DHL,Dummy Uetze,5,5.0,5.0
0.5,0.5,DHL,Dummy Wennigsen,0,11.0,11.0
0.5,0.5,DHL,Dummy Wennigsen,1,12.0,12.0
0.5,0.5,DHL,Dummy Wennigsen,2,12.0,12.0
0.5,0.5,DHL,Dummy Wennigsen,3,12.0,12.0
0.5,0.5,DHL,Dummy Wennigsen,4,10.0,10.0
0.5,0.5,DHL,Dummy Wennigsen,5,8.0,8.0
0.5,0.5,DHL,Paketzentrum / Zustellbasis Anderten,0,40.0,40.0
0.5,0.5,DHL,Paketzentrum / Zustellbasis Anderten,1,44.0,44.0
0.5,0.5,DHL,Paketzentrum / Zustellbasis Anderten,2,47.0,47.0
0.5,0.5,DHL,Paketzentrum / Zustellbasis Anderten,3,44.0,44.0
0.5,0.5,DHL,Paketzentrum / Zustellbasis Anderten,4,35.0,35.0
0.5,0.5,DHL,Paketzentrum / Zustellbasis Anderten,5,33.0,33.0
0.5,0.5,DHL,Zustellbasis Hannover am Güterbahnhof,0,102.0,102.0
0.5,0.5,DHL,Zustellbasis Hannover am Güterbahnhof,1,107.0,107.0
0.5,0.5,DHL,Zustellbasis Hannover am Güterbahnhof,2,122.0,122.0
0.5,0.5,DHL,Zustellbasis Hannover am Güterbahnhof,3,115.0,115.0
0.5,0.5,DHL,Zustellbasis Hannover am Güterbahnhof,4,97.0,97.0
0.5,0.5,DHL,Zustellbasis Hannover am Güterbahnhof,5,75.0,75.0
0.5,0.5,DHL,Zustellbasis Hannover-Süd,0,55.0,55.0
0.5,0.5,DHL,Zustellbasis Hannover-Süd,1,58.0,58.0
0.5,0.5,DHL,Zustellbasis Hannover-Süd,2,67.0,67.0
0.5,0.5,DHL,Zustellbasis Hannover-Süd,3,64.0,64.0
0.5,0.5,DHL,Zustellbasis Hannover-Süd,4,52.0,52.0
0.5,0.5,DHL,Zustellbasis Hannover-Süd,5,41.0,41.0
0.5,0.5,Amazon,Amazon Logistics HAJ8 in Garbsen,0,173.0,180.0
0.5,0.5,Amazon,Amazon Logistics HAJ8 in Garbsen,1,190.0,196.0
0.5,0.5,Amazon,Amazon Logistics HAJ8 in Garbsen,2,218.0,197.0
0.5,0.5,Amazon,Amazon Logistics HAJ8 in Garbsen,3,211.0,193.0
0.5,0.5,Amazon,Amazon Logistics HAJ8 in Garbsen,4,173.0,180.0
0.5,0.5,Amazon,Amazon Logistics HAJ8 in Garbsen,5,139.0,180.0
0.5,0.5,DPD,DPD Paketzentrum in Lehrte,0,86.0,90.0
0.5,0.5,DPD,DPD Paketzentrum in Lehrte,1,90.0,98.0
0.5,0.5,DPD,DPD Paketzentrum in Lehrte,2,107.0,98.0
0.5,0.5,DPD,DPD Paketzentrum in Lehrte,3,101.0,98.0
0.5,0.5,DPD,DPD Paketzentrum in Lehrte,4,87.0,90.0
0.5,0.5,DPD,DPD Paketzentrum in Lehrte,5,81.0,90.0
0.5,0.5,FedEx,FedEx Station - Heinz-Peter-Piper Str.,0,92.0,89.0
0.5,0.5,FedEx,FedEx Station - Heinz-Peter-Piper Str.,1,91.0,90.0
0.5,0.5,FedEx,FedEx Station - Heinz-Peter-Piper Str.,2,93.0,90.0
0.5,0.5,FedEx,FedEx Station - Heinz-Peter-Piper Str.,3,91.0,90.0
0.5,0.5,FedEx,FedEx Station - Heinz-Peter-Piper Str.,4,108.0,89.0
0.5,0.5,FedEx,FedEx Station - Heinz-Peter-Piper Str.,5,55.0,89.0
0.5,0.5,GLS,GLS in Hannover Laatzen,0,77.0,81.0
0.5,0.5,GLS,GLS in Hannover Laatzen,1,80.0,83.0
0.5,0.5,GLS,GLS in Hannover Laatzen,2,95.0,84.0
0.5,0.5,GLS,GLS in Hannover Laatzen,3,87.0,84.0
0.5,0.5,GLS,GLS in Hannover Laatzen,4,76.0,81.0
0.5,0.5,GLS,GLS in Hannover Laatzen,5,66.0,81.0
0.5,0.5,Hermes,Hermes LC Hannover Langenhagen,0,104.0,111.0
0.5,0.5,Hermes,Hermes LC Hannover Langenhagen,1,112.0,112.0
0.5,0.5,Hermes,Hermes LC Hannover Langenhagen,2,120.0,112.0
0.5,0.5,Hermes,Hermes LC Hannover Langenhagen,3,107.0,111.0
0.5,0.5,Hermes,Hermes LC Hannover Langenhagen,4,107.0,100.0
0.5,0.5,Hermes,Hermes LC Hannover Langenhagen,5,77.0,100.0
0.5,0.5,UPS,UPS Depot Hannover,0,108.0,100.0
0.5,0.5,UPS,UPS Depot Hannover,1,96.0,110.0
0.5,0.5,UPS,UPS Depot Hannover,2,123.0,110.0
0.5,0.5,UPS,UPS Depot Hannover,3,118.0,106.0
0.5,0.5,UPS,UPS Depot Hannover,4,100.0,104.0
0.5,0.5,UPS,UPS Depot Hannover,5,81.0,100.0
0.5,0.6,DHL,Brief- und Logistikzentrum in Pattensen (Hannover),0,26.0,26.0
0.5,0.6,DHL,Brief- und Logistikzentrum in Pattensen (Hannover),1,27.0,27.0
0.5,0.6,DHL,Brief- und Logistikzentrum in Pattensen (Hannover),2,28.0,28.0
0.5,0.6,DHL,Brief- und Logistikzentrum in Pattensen (Hannover),3,27.0,27.0
0.5,0.6,DHL,Brief- und Logistikzentrum in Pattensen (Hannover),4,24.0,24.0
0.5,0.6,DHL,Brief- und Logistikzentrum in Pattensen (Hannover),5,18.0,18.0
0.5,0.6,DHL,"Deutsche Post, Bantorf",0,10.0,10.0
0.5,0.6,DHL,"Deutsche Post, Bantorf",1,11.0,11.0
0.5,0.6,DHL,"Deutsche Post, Bantorf",2,13.0,13.0
0.5,0.6,DHL,"Deutsche Post, Bantorf",3,12.0,12.0
0.5,0.6,DHL,"Deutsche Post, Bantorf",4,10.0,10.0
0.5,0.6,DHL,"Deutsche Post, Bantorf",5,8.0,8.0
0.5,0.6,DHL,"Deutsche Post, Bissendorf",0,44.0,44.0
0.5,0.6,DHL,"Deutsche Post, Bissendorf",1,48.0,48.0
0.5,0.6,DHL,"Deutsche Post, Bissendorf",2,53.0,53.0
0.5,0.6,DHL,"Deutsche Post, Bissendorf",3,49.0,49.0
0.5,0.6,DHL,"Deutsche Post, Bissendorf",4,41.0,41.0
0.5,0.6,DHL,"Deutsche Post, Bissendorf",5,32.0,32.0
0.5,0.6,DHL,"Deutsche Post, Burgdorf",0,10.0,10.0
0.5,0.6,DHL,"Deutsche Post, Burgdorf",1,10.0,10.0
0.5,0.6,DHL,"Deutsche Post, Burgdorf",2,12.0,12.0
0.5,0.6,DHL,"Deutsche Post, Burgdorf",3,11.0,11.0
0.5,0.6,DHL,"Deutsche Post, Burgdorf",4,9.0,9.0
0.5,0.6,DHL,"Deutsche Post, Burgdorf",5,7.0,7.0
0.5,0.6,DHL,"Deutsche Post, Garbsen",0,12.0,12.0
0.5,0.6,DHL,"Deutsche Post, Garbsen",1,13.0,13.0
0.5,0.6,DHL,"Deutsche Post, Garbsen",2,15.0,15.0
0.5,0.6,DHL,"Deutsche Post, Garbsen",3,15.0,15.0
0.5,0.6,DHL,"Deutsche Post, Garbsen",4,12.0,12.0
0.5,0.6,DHL,"Deutsche Post, Garbsen",5,10.0,10.0
0.5,0.6,DHL,"Deutsche Post, Lehrte",0,14.0,14.0
0.5,0.6,DHL,"Deutsche Post, Lehrte",1,15.0,15.0
0.5,0.6,DHL,"Deutsche Post, Lehrte",2,17.0,17.0
0.5,0.6,DHL,"Deutsche Post, Lehrte",3,15.0,15.0
0.5,0.6,DHL,"Deutsche Post, Lehrte",4,13.0,13.0
0.5,0.6,DHL,"Deutsche Post, Lehrte",5,10.0,10.0
0.5,0.6,DHL,"Deutsche Post, Neustadt",0,13.0,13.0
0.5,0.6,DHL,"Deutsche Post, Neustadt",1,15.0,15.0
0.5,0.6,DHL,"Deutsche Post, Neustadt",2,16.0,16.0
0.5,0.6,DHL,"Deutsche Post, Neustadt",3,15.0,15.0
0.5,0.6,DHL,"Deutsche Post, Neustadt",4,13.0,13.0
0.5,0.6,DHL,"Deutsche Post, Neustadt",5,10.0,10.0
0.5,0.6,DHL,"Deutsche Post, Springe",0,9.0,9.0
0.5,0.6,DHL,"Deutsche Post, Springe",1,9.0,9.0
0.5,0.6,DHL,"Deutsche Post, Springe",2,11.0,11.0
0.5,0.6,DHL,"Deutsche Post, Springe",3,10.0,10.0
0.5,0.6,DHL,"Deutsche Post, Springe",4,9.0,9.0
0.5,0.6,DHL,"Deutsche Post, Springe",5,7.0,7.0
0.5,0.6,DHL,"Deutsche Post, Wunstorf",0,15.0,15.0
0.5,0.6,DHL,"Deutsche Post, Wunstorf",1,15.0,15.0
0.5,0.6,DHL,"Deutsche Post, Wunstorf",2,16.0,16.0
0.5,0.6,DHL,"Deutsche Post, Wunstorf",3,16.0,16.0
0.5,0.6,DHL,"Deutsche Post, Wunstorf",4,14.0,14.0
0.5,0.6,DHL,"Deutsche Post, Wunstorf",5,11.0,11.0
0.5,0.6,DHL,Dummy Seelze,0,17.0,17.0
0.5,0.6,DHL,Dummy Seelze,1,19.0,19.0
0.5,0.6,DHL,Dummy Seelze,2,21.0,21.0
0.5,0.6,DHL,Dummy Seelze,3,20.0,20.0
0.5,0.6,DHL,Dummy Seelze,4,17.0,17.0
0.5,0.6,DHL,Dummy Seelze,5,13.0,13.0
0.5,0.6,DHL,Dummy Sehnde,0,9.0,9.0
0.5,0.6,DHL,Dummy Sehnde,1,9.0,9.0
0.5,0.6,DHL,Dummy Sehnde,2,10.0,10.0
0.5,0.6,DHL,Dummy Sehnde,3,9.0,9.0
0.5,0.6,DHL,Dummy Sehnde,4,8.0,8.0
0.5,0.6,DHL,Dummy Sehnde,5,6.0,6.0
0.5,0.6,DHL,Dummy Uetze,0,7.0,7.0
0.5,0.6,DHL,Dummy Uetze,1,7.0,7.0
0.5,0.6,DHL,Dummy Uetze,2,7.0,7.0
0.5,0.6,DHL,Dummy Uetze,3,8.0,8.0
0.5,0.6,DHL,Dummy Uetze,4,6.0,6.0
0.5,0.6,DHL,Dummy Uetze,5,5.0,5.0
0.5,0.6,DHL,Dummy Wennigsen,0,11.0,11.0
0.5,0.6,DHL,Dummy Wennigsen,1,12.0,12.0
0.5,0.6,DHL,Dummy Wennigsen,2,12.0,12.0
0.5,0.6,DHL,Dummy Wennigsen,3,12.0,12.0
0.5,0.6,DHL,Dummy Wennigsen,4,10.0,10.0
0.5,0.6,DHL,Dummy Wennigsen,5,8.0,8.0
0.5,0.6,DHL,Paketzentrum / Zustellbasis Anderten,0,40.0,40.0
0.5,0.6,DHL,Paketzentrum / Zustellbasis Anderten,1,44.0,44.0
0.5,0.6,DHL,Paketzentrum / Zustellbasis Anderten,2,47.0,47.0
0.5,0.6,DHL,Paketzentrum / Zustellbasis Anderten,3,44.0,44.0
0.5,0.6,DHL,Paketzentrum / Zustellbasis Anderten,4,39.0,39.0
0.5,0.6,DHL,Paketzentrum / Zustellbasis Anderten,5,31.0,31.0
0.5,0.6,DHL,Zustellbasis Hannover am Güterbahnhof,0,102.0,102.0
0.5,0.6,DHL,Zustellbasis Hannover am Güterbahnhof,1,107.0,107.0
0.5,0.6,DHL,Zustellbasis Hannover am Güterbahnhof,2,122.0,122.0
0.5,0.6,DHL,Zustellbasis Hannover am Güterbahnhof,3,115.0,115.0
0.5,0.6,DHL,Zustellbasis Hannover am Güterbahnhof,4,97.0,97.0
0.5,0.6,DHL,Zustellbasis Hannover am Güterbahnhof,5,75.0,75.0
0.5,0.6,DHL,Zustellbasis Hannover-Süd,0,55.0,55.0
0.5,0.6,DHL,Zustellbasis Hannover-Süd,1,58.0,58.0
0.5,0.6,DHL,Zustellbasis Hannover-Süd,2,67.0,67.0
0.5,0.6,DHL,Zustellbasis Hannover-Süd,3,64.0,64.0
0.5,0.6,DHL,Zustellbasis Hannover-Süd,4,52.0,52.0
0.5,0.6,DHL,Zustellbasis Hannover-Süd,5,41.0,41.0
0.5,0.6,Amazon,Amazon Logistics HAJ8 in Garbsen,0,182.0,184.0
0.5,0.6,Amazon,Amazon Logistics HAJ8 in Garbsen,1,197.0,194.0
0.5,0.6,Amazon,Amazon Logistics HAJ8 in Garbsen,2,213.0,194.0
0.5,0.6,Amazon,Amazon Logistics HAJ8 in Garbsen,3,203.0,187.0
0.5,0.6,Amazon,Amazon Logistics HAJ8 in Garbsen,4,172.0,184.0
0.5,0.6,Amazon,Amazon Logistics HAJ8 in Garbsen,5,140.0,183.0
0.5,0.6,DPD,DPD Paketzentrum in Lehrte,0,80.0,90.0
0.5,0.6,DPD,DPD Paketzentrum in Lehrte,1,104.0,97.0
0.5,0.6,DPD,DPD Paketzentrum in Lehrte,2,98.0,98.0
0.5,0.6,DPD,DPD Paketzentrum in Lehrte,3,100.0,98.0
0.5,0.6,DPD,DPD Paketzentrum in Lehrte,4,101.0,94.0
0.5,0.6,DPD,DPD Paketzentrum in Lehrte,5,72.0,90.0
0.5,0.6,FedEx,FedEx Station - Heinz-Peter-Piper Str.,0,88.0,91.0
0.5,0.6,FedEx,FedEx Station - Heinz-Peter-Piper Str.,1,97.0,89.0
0.5,0.6,FedEx,FedEx Station - Heinz-Peter-Piper Str.,2,91.0,91.0
0.5,0.6,FedEx,FedEx Station - Heinz-Peter-Piper Str.,3,85.0,91.0
0.5,0.6,FedEx,FedEx Station - Heinz-Peter-Piper Str.,4,116.0,89.0
0.5,0.6,FedEx,FedEx Station - Heinz-Peter-Piper Str.,5,56.0,90.0
0.5,0.6,GLS,GLS in Hannover Laatzen,0,74.0,80.0
0.5,0.6,GLS,GLS in Hannover Laatzen,1,89.0,83.0
0.5,0.6,GLS,GLS in Hannover Laatzen,2,83.0,84.0
0.5,0.6,GLS,GLS in Hannover Laatzen,3,84.0,84.0
0.5,0.6,GLS,GLS in Hannover Laatzen,4,86.0,80.0
0.5,0.6,GLS,GLS in Hannover Laatzen,5,65.0,80.0
0.5,0.6,Hermes,Hermes LC Hannover Langenhagen,0,109.0,112.0
0.5,0.6,Hermes,Hermes LC Hannover Langenhagen,1,116.0,112.0
0.5,0.6,Hermes,Hermes LC Hannover Langenhagen,2,115.0,110.0
0.5,0.6,Hermes,Hermes LC Hannover Langenhagen,3,112.0,107.0
0.5,0.6,Hermes,Hermes LC Hannover Langenhagen,4,107.0,107.0
0.5,0.6,Hermes,Hermes LC Hannover Langenhagen,5,78.0,107.0
0.5,0.6,UPS,UPS Depot Hannover,0,99.0,108.0
0.5,0.6,UPS,UPS Depot Hannover,1,106.0,105.0
0.5,0.6,UPS,UPS Depot Hannover,2,112.0,108.0
0.5,0.6,UPS,UPS Depot Hannover,3,132.0,108.0
0.5,0.6,UPS,UPS Depot Hannover,4,92.0,105.0
0.5,0.6,UPS,UPS Depot Hannover,5,87.0,105.0
0.5,0.7,DHL,Brief- und Logistikzentrum in Pattensen (Hannover),0,26.0,26.0
0.5,0.7,DHL,Brief- und Logistikzentrum in Pattensen (Hannover),1,27.0,27.0
0.5,0.7,DHL,Brief- und Logistikzentrum in Pattensen (Hannover),2,28.0,28.0
0.5,0.7,DHL,Brief- und Logistikzentrum in Pattensen (Hannover),3,27.0,27.0
0.5,0.7,DHL,Brief- und Logistikzentrum in Pattensen (Hannover),4,24.0,24.0
0.5,0.7,DHL,Brief- und Logistikzentrum in Pattensen (Hannover),5,18.0,18.0
0.5,0.7,DHL,"Deutsche Post, Bantorf",0,10.0,10.0
0.5,0.7,DHL,"Deutsche Post, Bantorf",1,11.0,11.0
0.5,0.7,DHL,"Deutsche Post, Bantorf",2,13.0,13.0
0.5,0.7,DHL,"Deutsche Post, Bantorf",3,12.0,12.0
0.5,0.7,DHL,"Deutsche Post, Bantorf",4,10.0,10.0
0.5,0.7,DHL,"Deutsche Post, Bantorf",5,8.0,8.0
0.5,0.7,DHL,"Deutsche Post, Bissendorf",0,44.0,44.0
0.5,0.7,DHL,"Deutsche Post, Bissendorf",1,48.0,48.0
0.5,0.7,DHL,"Deutsche Post, Bissendorf",2,53.0,53.0
0.5,0.7,DHL,"Deutsche Post, Bissendorf",3,49.0,49.0
0.5,0.7,DHL,"Deutsche Post, Bissendorf",4,41.0,41.0
0.5,0.7,DHL,"Deutsche Post, Bissendorf",5,32.0,32.0
0.5,0.7,DHL,"Deutsche Post, Burgdorf",0,10.0,10.0
0.5,0.7,DHL,"Deutsche Post, Burgdorf",1,10.0,10.0
0.5,0.7,DHL,"Deutsche Post, Burgdorf",2,12.0,12.0
0.5,0.7,DHL,"Deutsche Post, Burgdorf",3,11.0,11.0
0.5,0.7,DHL,"Deutsche Post, Burgdorf",4,9.0,9.0
0.5,0.7,DHL,"Deutsche Post, Burgdorf",5,7.0,7.0
0.5,0.7,DHL,"Deutsche Post, Garbsen",0,12.0,12.0
0.5,0.7,DHL,"Deutsche Post, Garbsen",1,13.0,13.0
0.5,0.7,DHL,"Deutsche Post, Garbsen",2,15.0,15.0
0.5,0.7,DHL,"Deutsche Post, Garbsen",3,15.0,15.0
0.5,0.7,DHL,"Deutsche Post, Garbsen",4,12.0,12.0
0.5,0.7,DHL,"Deutsche Post, Garbsen",5,10.0,10.0
0.5,0.7,DHL,"Deutsche Post, Lehrte",0,14.0,14.0
0.5,0.7,DHL,"Deutsche Post, Lehrte",1,15.0,15.0
0.5,0.7,DHL,"Deutsche Post, Lehrte",2,17.0,17.0
0.5,0.7,DHL,"Deutsche Post, Lehrte",3,15.0,15.0
0.5,0.7,DHL,"Deutsche Post, Lehrte",4,13.0,13.0
0.5,0.7,DHL,"Deutsche Post, Lehrte",5,10.0,10.0
0.5,0.7,DHL,"Deutsche Post, Neustadt",0,13.0,13.0
0.5,0.7,DHL,"Deutsche Post, Neustadt",1,15.0,15.0
0.5,0.7,DHL,"Deutsche Post, Neustadt",2,16.0,16.0
0.5,0.7,DHL,"Deutsche Post, Neustadt",3,15.0,15.0
0.5,0.7,DHL,"Deutsche Post, Neustadt",4,13.0,13.0
0.5,0.7,DHL,"Deutsche Post, Neustadt",5,10.0,10.0
0.5,0.7,DHL,"Deutsche Post, Springe",0,9.0,9.0
0.5,0.7,DHL,"Deutsche Post, Springe",1,9.0,9.0
0.5,0.7,DHL,"Deutsche Post, Springe",2,11.0,11.0
0.5,0.7,DHL,"Deutsche Post, Springe",3,10.0,10.0
0.5,0.7,DHL,"Deutsche Post, Springe",4,9.0,9.0
0.5,0.7,DHL,"Deutsche Post, Springe",5,7.0,7.0
0.5,0.7,DHL,"Deutsche Post, Wunstorf",0,15.0,15.0
0.5,0.7,DHL,"Deutsche Post, Wunstorf",1,15.0,15.0
0.5,0.7,DHL,"Deutsche Post, Wunstorf",2,16.0,16.0
0.5,0.7,DHL,"Deutsche Post, Wunstorf",3,16.0,16.0
0.5,0.7,DHL,"Deutsche Post, Wunstorf",4,14.0,14.0
0.5,0.7,DHL,"Deutsche Post, Wunstorf",5,11.0,11.0
0.5,0.7,DHL,Dummy Seelze,0,17.0,17.0
0.5,0.7,DHL,Dummy Seelze,1,19.0,19.0
0.5,0.7,DHL,Dummy Seelze,2,21.0,21.0
0.5,0.7,DHL,Dummy Seelze,3,20.0,20.0
0.5,0.7,DHL,Dummy Seelze,4,17.0,17.0
0.5,0.7,DHL,Dummy Seelze,5,13.0,13.0
0.5,0.7,DHL,Dummy Sehnde,0,9.0,9.0
0.5,0.7,DHL,Dummy Sehnde,1,9.0,9.0
0.5,0.7,DHL,Dummy Sehnde,2,10.0,10.0
0.5,0.7,DHL,Dummy Sehnde,3,9.0,9.0
0.5,0.7,DHL,Dummy Sehnde,4,8.0,8.0
0.5,0.7,DHL,Dummy Sehnde,5,6.0,6.0
0.5,0.7,DHL,Dummy Uetze,0,7.0,7.0
0.5,0.7,DHL,Dummy Uetze,1,7.0,7.0
0.5,0.7,DHL,Dummy Uetze,2,7.0,7.0
0.5,0.7,DHL,Dummy Uetze,3,8.0,8.0
0.5,0.7,DHL,Dummy Uetze,4,6.0,6.0
0.5,0.7,DHL,Dummy Uetze,5,5.0,5.0
0.5,0.7,DHL,Dummy Wennigsen,0,11.0,11.0
0.5,0.7,DHL,Dummy Wennigsen,1,12.0,12.0
0.5,0.7,DHL,Dummy Wennigsen,2,12.0,12.0
0.5,0.7,DHL,Dummy Wennigsen,3,12.0,12.0
0.5,0.7,DHL,Dummy Wennigsen,4,10.0,10.0
0.5,0.7,DHL,Dummy Wennigsen,5,8.0,8.0
0.5,0.7,DHL,Paketzentrum / Zustellbasis Anderten,0,40.0,40.0
0.5,0.7,DHL,Paketzentrum / Zustellbasis Anderten,1,44.0,44.0
0.5,0.7,DHL,Paketzentrum / Zustellbasis Anderten,2,47.0,47.0
0.5,0.7,DHL,Paketzentrum / Zustellbasis Anderten,3,44.0,44.0
0.5,0.7,DHL,Paketzentrum / Zustellbasis Anderten,4,39.0,39.0
0.5,0.7,DHL,Paketzentrum / Zustellbasis Anderten,5,31.0,31.0
0.5,0.7,DHL,Zustellbasis Hannover am Güterbahnhof,0,102.0,102.0
0.5,0.7,DHL,Zustellbasis Hannover am Güterbahnhof,1,107.0,107.0
0.5,0.7,DHL,Zustellbasis Hannover am Güterbahnhof,2,122.0,122.0
0.5,0.7,DHL,Zustellbasis Hannover am Güterbahnhof,3,115.0,115.0
0.5,0.7,DHL,Zustellbasis Hannover am Güterbahnhof,4,97.0,97.0
0.5,0.7,DHL,Zustellbasis Hannover am Güterbahnhof,5,75.0,75.0
0.5,0.7,DHL,Zustellbasis Hannover-Süd,0,55.0,55.0
0.5,0.7,DHL,Zustellbasis Hannover-Süd,1,58.0,58.0
0.5,0.7,DHL,Zustellbasis Hannover-Süd,2,67.0,67.0
0.5,0.7,DHL,Zustellbasis Hannover-Süd,3,64.0,64.0
0.5,0.7,DHL,Zustellbasis Hannover-Süd,4,52.0,52.0
0.5,0.7,DHL,Zustellbasis Hannover-Süd,5,41.0,41.0
0.5,0.7,Amazon,Amazon Logistics HAJ8 in Garbsen,0,163.0,184.0
0.5,0.7,Amazon,Amazon Logistics HAJ8 in Garbsen,1,195.0,185.0
0.5,0.7,Amazon,Amazon Logistics HAJ8 in Garbsen,2,213.0,186.0
0.5,0.7,Amazon,Amazon Logistics HAJ8 in Garbsen,3,202.0,186.0
0.5,0.7,Amazon,Amazon Logistics HAJ8 in Garbsen,4,172.0,184.0
0.5,0.7,Amazon,Amazon Logistics HAJ8 in Garbsen,5,146.0,184.0
0.5,0.7,DPD,DPD Paketzentrum in Lehrte,0,91.0,95.0
0.5,0.7,DPD,DPD Paketzentrum in Lehrte,1,93.0,96.0
0.5,0.7,DPD,DPD Paketzentrum in Lehrte,2,96.0,97.0
0.5,0.7,DPD,DPD Paketzentrum in Lehrte,3,113.0,97.0
0.5,0.7,DPD,DPD Paketzentrum in Lehrte,4,92.0,97.0
0.5,0.7,DPD,DPD Paketzentrum in Lehrte,5,81.0,95.0
0.5,0.7,FedEx,FedEx Station - Heinz-Peter-Piper Str.,0,88.0,87.0
0.5,0.7,FedEx,FedEx Station - Heinz-Peter-Piper Str.,1,88.0,87.0
0.5,0.7,FedEx,FedEx Station - Heinz-Peter-Piper Str.,2,93.0,93.0
0.5,0.7,FedEx,FedEx Station - Heinz-Peter-Piper Str.,3,105.0,93.0
0.5,0.7,FedEx,FedEx Station - Heinz-Peter-Piper Str.,4,81.0,90.0
0.5,0.7,FedEx,FedEx Station - Heinz-Peter-Piper Str.,5,78.0,87.0
0.5,0.7,GLS,GLS in Hannover Laatzen,0,77.0,81.0
0.5,0.7,GLS,GLS in Hannover Laatzen,1,80.0,82.0
0.5,0.7,GLS,GLS in Hannover Laatzen,2,88.0,84.0
0.5,0.7,GLS,GLS in Hannover Laatzen,3,91.0,84.0
0.5,0.7,GLS,GLS in Hannover Laatzen,4,77.0,81.0
0.5,0.7,GLS,GLS in Hannover Laatzen,5,72.0,82.0
0.5,0.7,Hermes,Hermes LC Hannover Langenhagen,0,101.0,110.0
0.5,0.7,Hermes,Hermes LC Hannover Langenhagen,1,110.0,111.0
0.5,0.7,Hermes,Hermes LC Hannover Langenhagen,2,128.0,112.0
0.5,0.7,Hermes,Hermes LC Hannover Langenhagen,3,111.0,112.0
0.5,0.7,Hermes,Hermes LC Hannover Langenhagen,4,118.0,110.0
0.5,0.7,Hermes,Hermes LC Hannover Langenhagen,5,81.0,111.0
0.5,0.7,UPS,UPS Depot Hannover,0,110.0,103.0
0.5,0.7,UPS,UPS Depot Hannover,1,99.0,107.0
0.5,0.7,UPS,UPS Depot Hannover,2,121.0,114.0
0.5,0.7,UPS,UPS Depot Hannover,3,117.0,114.0
0.5,0.7,UPS,UPS Depot Hannover,4,108.0,102.0
0.5,0.7,UPS,UPS Depot Hannover,5,82.0,102.0
0.5,0.8,DHL,Brief- und Logistikzentrum in Pattensen (Hannover),0,26.0,26.0
0.5,0.8,DHL,Brief- und Logistikzentrum in Pattensen (Hannover),1,27.0,27.0
0.5,0.8,DHL,Brief- und Logistikzentrum in Pattensen (Hannover),2,28.0,28.0
0.5,0.8,DHL,Brief- und Logistikzentrum in Pattensen (Hannover),3,27.0,27.0
0.5,0.8,DHL,Brief- und Logistikzentrum in Pattensen (Hannover),4,24.0,24.0
0.5,0.8,DHL,Brief- und Logistikzentrum in Pattensen (Hannover),5,18.0,18.0
0.5,0.8,DHL,"Deutsche Post, Bantorf",0,10.0,10.0
0.5,0.8,DHL,"Deutsche Post, Bantorf",1,11.0,11.0
0.5,0.8,DHL,"Deutsche Post, Bantorf",2,13.0,13.0
0.5,0.8,DHL,"Deutsche Post, Bantorf",3,12.0,12.0
0.5,0.8,DHL,"Deutsche Post, Bantorf",4,10.0,10.0
0.5,0.8,DHL,"Deutsche Post, Bantorf",5,8.0,8.0
0.5,0.8,DHL,"Deutsche Post, Bissendorf",0,44.0,44.0
0.5,0.8,DHL,"Deutsche Post, Bissendorf",1,48.0,48.0
0.5,0.8,DHL,"Deutsche Post, Bissendorf",2,53.0,53.0
0.5,0.8,DHL,"Deutsche Post, Bissendorf",3,49.0,49.0
0.5,0.8,DHL,"Deutsche Post, Bissendorf",4,41.0,41.0
0.5,0.8,DHL,"Deutsche Post, Bissendorf",5,32.0,32.0
0.5,0.8,DHL,"Deutsche Post, Burgdorf",0,10.0,10.0
0.5,0.8,DHL,"Deutsche Post, Burgdorf",1,10.0,10.0
0.5,0.8,DHL,"Deutsche Post, Burgdorf",2,12.0,12.0
0.5,0.8,DHL,"Deutsche Post, Burgdorf",3,11.0,11.0
0.5,0.8,DHL,"Deutsche Post, Burgdorf",4,9.0,9.0
0.5,0.8,DHL,"Deutsche Post, Burgdorf",5,7.0,7.0
0.5,0.8,DHL,"Deutsche Post, Garbsen",0,12.0,12.0
0.5,0.8,DHL,"Deutsche Post, Garbsen",1,13.0,13.0
0.5,0.8,DHL,"Deutsche Post, Garbsen",2,15.0,15.0
0.5,0.8,DHL,"Deutsche Post, Garbsen",3,15.0,15.0
0.5,0.8,DHL,"Deutsche Post, Garbsen",4,12.0,12.0
0.5,0.8,DHL,"Deutsche Post, Garbsen",5,10.0,10.0
0.5,0.8,DHL,"Deutsche Post, Lehrte",0,14.0,14.0
0.5,0.8,DHL,"Deutsche Post, Lehrte",1,15.0,15.0
0.5,0.8,DHL,"Deutsche Post, Lehrte",2,17.0,17.0
0.5,0.8,DHL,"Deutsche Post, Lehrte",3,15.0,15.0
0.5,0.8,DHL,"Deutsche Post, Lehrte",4,13.0,13.0
0.5,0.8,DHL,"Deutsche Post, Lehrte",5,10.0,10.0
0.5,0.8,DHL,"Deutsche Post, Neustadt",0,13.0,13.0
0.5,0.8,DHL,"Deutsche Post, Neustadt",1,15.0,15.0
0.5,0.8,DHL,"Deutsche Post, Neustadt",2,16.0,16.0
0.5,0.8,DHL,"Deutsche Post, Neustadt",3,15.0,15.0
0.5,0.8,DHL,"Deutsche Post, Neustadt",4,13.0,13.0
0.5,0.8,DHL,"Deutsche Post, Neustadt",5,10.0,10.0
0.5,0.8,DHL,"Deutsche Post, Springe",0,9.0,9.0
0.5,0.8,DHL,"Deutsche Post, Springe",1,9.0,9.0
0.5,0.8,DHL,"Deutsche Post, Springe",2,11.0,11.0
0.5,0.8,DHL,"Deutsche Post, Springe",3,10.0,10.0
0.5,0.8,DHL,"Deutsche Post, Springe",4,9.0,9.0
0.5,0.8,DHL,"Deutsche Post, Springe",5,7.0,7.0
0.5,0.8,DHL,"Deutsche Post, Wunstorf",0,15.0,15.0
0.5,0.8,DHL,"Deutsche Post, Wunstorf",1,15.0,15.0
0.5,0.8,DHL,"Deutsche Post, Wunstorf",2,16.0,16.0
0.5,0.8,DHL,"Deutsche Post, Wunstorf",3,16.0,16.0
0.5,0.8,DHL,"Deutsche Post, Wunstorf",4,14.0,14.0
0.5,0.8,DHL,"Deutsche Post, Wunstorf",5,11.0,11.0
0.5,0.8,DHL,Dummy Seelze,0,17.0,17.0
0.5,0.8,DHL,Dummy Seelze,1,19.0,19.0
0.5,0.8,DHL,Dummy Seelze,2,21.0,21.0
0.5,0.8,DHL,Dummy Seelze,3,20.0,20.0
0.5,0.8,DHL,Dummy Seelze,4,17.0,17.0
0.5,0.8,DHL,Dummy Seelze,5,13.0,13.0
0.5,0.8,DHL,Dummy Sehnde,0,9.0,9.0
0.5,0.8,DHL,Dummy Sehnde,1,9.0,9.0
0.5,0.8,DHL,Dummy Sehnde,2,10.0,10.0
0.5,0.8,DHL,Dummy Sehnde,3,9.0,9.0
0.5,0.8,DHL,Dummy Sehnde,4,8.0,8.0
0.5,0.8,DHL,Dummy Sehnde,5,6.0,6.0
0.5,0.8,DHL,Dummy Uetze,0,7.0,7.0
0.5,0.8,DHL,Dummy Uetze,1,7.0,7.0
0.5,0.8,DHL,Dummy Uetze,2,7.0,7.0
0.5,0.8,DHL,Dummy Uetze,3,8.0,8.0
0.5,0.8,DHL,Dummy Uetze,4,6.0,6.0
0.5,0.8,DHL,Dummy Uetze,5,5.0,5.0
0.5,0.8,DHL,Dummy Wennigsen,0,11.0,11.0
0.5,0.8,DHL,Dummy Wennigsen,1,12.0,12.0
0.5,0.8,DHL,Dummy Wennigsen,2,12.0,12.0
0.5,0.8,DHL,Dummy Wennigsen,3,12.0,12.0
0.5,0.8,DHL,Dummy Wennigsen,4,10.0,10.0
0.5,0.8,DHL,Dummy Wennigsen,5,8.0,8.0
0.5,0.8,DHL,Paketzentrum / Zustellbasis Anderten,0,40.0,40.0
0.5,0.8,DHL,Paketzentrum / Zustellbasis Anderten,1,44.0,44.0
0.5,0.8,DHL,Paketzentrum / Zustellbasis Anderten,2,47.0,47.0
0.5,0.8,DHL,Paketzentrum / Zustellbasis Anderten,3,44.0,44.0
0.5,0.8,DHL,Paketzentrum / Zustellbasis Anderten,4,39.0,39.0
0.5,0.8,DHL,Paketzentrum / Zustellbasis Anderten,5,31.0,31.0
0.5,0.8,DHL,Zustellbasis Hannover am Güterbahnhof,0,102.0,102.0
0.5,0.8,DHL,Zustellbasis Hannover am Güterbahnhof,1,107.0,107.0
0.5,0.8,DHL,Zustellbasis Hannover am Güterbahnhof,2,122.0,122.0
0.5,0.8,DHL,Zustellbasis Hannover am Güterbahnhof,3,115.0,115.0
0.5,0.8,DHL,Zustellbasis Hannover am Güterbahnhof,4,97.0,97.0
0.5,0.8,DHL,Zustellbasis Hannover am Güterbahnhof,5,75.0,75.0
0.5,0.8,DHL,Zustellbasis Hannover-Süd,0,55.0,55.0
0.5,0.8,DHL,Zustellbasis Hannover-Süd,1,58.0,58.0
0.5,0.8,DHL,Zustellbasis Hannover-Süd,2,67.0,67.0
0.5,0.8,DHL,Zustellbasis Hannover-Süd,3,64.0,64.0
0.5,0.8,DHL,Zustellbasis Hannover-Süd,4,52.0,52.0
0.5,0.8,DHL,Zustellbasis Hannover-Süd,5,41.0,41.0
0.5,0.8,Amazon,Amazon Logistics HAJ8 in Garbsen,0,193.0,185.0
0.5,0.8,Amazon,Amazon Logistics HAJ8 in Garbsen,1,202.0,187.0
0.5,0.8,Amazon,Amazon Logistics HAJ8 in Garbsen,2,207.0,187.0
0.5,0.8,Amazon,Amazon Logistics HAJ8 in Garbsen,3,201.0,188.0
0.5,0.8,Amazon,Amazon Logistics HAJ8 in Garbsen,4,177.0,185.0
0.5,0.8,Amazon,Amazon Logistics HAJ8 in Garbsen,5,126.0,186.0
0.5,0.8,DPD,DPD Paketzentrum in Lehrte,0,86.0,95.0
0.5,0.8,DPD,DPD Paketzentrum in Lehrte,1,95.0,95.0
0.5,0.8,DPD,DPD Paketzentrum in Lehrte,2,111.0,106.0
0.5,0.8,DPD,DPD Paketzentrum in Lehrte,3,111.0,106.0
0.5,0.8,DPD,DPD Paketzentrum in Lehrte,4,91.0,96.0
0.5,0.8,DPD,DPD Paketzentrum in Lehrte,5,90.0,95.0
0.5,0.8,FedEx,FedEx Station - Heinz-Peter-Piper Str.,0,79.0,90.0
0.5,0.8,FedEx,FedEx Station - Heinz-Peter-Piper Str.,1,106.0,91.0
0.5,0.8,FedEx,FedEx Station - Heinz-Peter-Piper Str.,2,90.0,92.0
0.5,0.8,FedEx,FedEx Station - Heinz-Peter-Piper Str.,3,96.0,92.0
0.5,0.8,FedEx,FedEx Station - Heinz-Peter-Piper Str.,4,96.0,90.0
0.5,0.8,FedEx,FedEx Station - Heinz-Peter-Piper Str.,5,71.0,91.0
0.5,0.8,GLS,GLS in Hannover Laatzen,0,86.0,84.0
0.5,0.8,GLS,GLS in Hannover Laatzen,1,86.0,84.0
0.5,0.8,GLS,GLS in Hannover Laatzen,2,87.0,89.0
0.5,0.8,GLS,GLS in Hannover Laatzen,3,98.0,89.0
0.5,0.8,GLS,GLS in Hannover Laatzen,4,88.0,87.0
0.5,0.8,GLS,GLS in Hannover Laatzen,5,69.0,85.0
0.5,0.8,Hermes,Hermes LC Hannover Langenhagen,0,102.0,114.0
0.5,0.8,Hermes,Hermes LC Hannover Langenhagen,1,116.0,112.0
0.5,0.8,Hermes,Hermes LC Hannover Langenhagen,2,127.0,114.0
0.5,0.8,Hermes,Hermes LC Hannover Langenhagen,3,117.0,112.0
0.5,0.8,Hermes,Hermes LC Hannover Langenhagen,4,109.0,112.0
0.5,0.8,Hermes,Hermes LC Hannover Langenhagen,5,91.0,112.0
0.5,0.8,UPS,UPS Depot Hannover,0,94.0,105.0
0.5,0.8,UPS,UPS Depot Hannover,1,113.0,111.0
0.5,0.8,UPS,UPS Depot Hannover,2,117.0,110.0
0.5,0.8,UPS,UPS Depot Hannover,3,124.0,111.0
0.5,0.8,UPS,UPS Depot Hannover,4,96.0,107.0
0.5,0.8,UPS,UPS Depot Hannover,5,95.0,105.0
0.5,0.9,DHL,Brief- und Logistikzentrum in Pattensen (Hannover),0,26.0,26.0
0.5,0.9,DHL,Brief- und Logistikzentrum in Pattensen (Hannover),1,27.0,27.0
0.5,0.9,DHL,Brief- und Logistikzentrum in Pattensen (Hannover),2,28.0,28.0
0.5,0.9,DHL,Brief- und Logistikzentrum in Pattensen (Hannover),3,27.0,27.0
0.5,0.9,DHL,Brief- und Logistikzentrum in Pattensen (Hannover),4,24.0,24.0
0.5,0.9,DHL,Brief- und Logistikzentrum in Pattensen (Hannover),5,18.0,18.0
0.5,0.9,DHL,"Deutsche Post, Bantorf",0,10.0,10.0
0.5,0.9,DHL,"Deutsche Post, Bantorf",1,11.0,11.0
0.5,0.9,DHL,"Deutsche Post, Bantorf",2,13.0,13.0
0.5,0.9,DHL,"Deutsche Post, Bantorf",3,12.0,12.0
0.5,0.9,DHL,"Deutsche Post, Bantorf",4,10.0,10.0
0.5,0.9,DHL,"Deutsche Post, Bantorf",5,8.0,8.0
0.5,0.9,DHL,"Deutsche Post, Bissendorf",0,44.0,44.0
0.5,0.9,DHL,"Deutsche Post, Bissendorf",1,48.0,48.0
0.5,0.9,DHL,"Deutsche Post, Bissendorf",2,53.0,53.0
0.5,0.9,DHL,"Deutsche Post, Bissendorf",3,49.0,49.0
0.5,0.9,DHL,"Deutsche Post, Bissendorf",4,41.0,41.0
0.5,0.9,DHL,"Deutsche Post, Bissendorf",5,32.0,32.0
0.5,0.9,DHL,"Deutsche Post, Burgdorf",0,10.0,10.0
0.5,0.9,DHL,"Deutsche Post, Burgdorf",1,10.0,10.0
0.5,0.9,DHL,"Deutsche Post, Burgdorf",2,12.0,12.0
0.5,0.9,DHL,"Deutsche Post, Burgdorf",3,11.0,11.0
0.5,0.9,DHL,"Deutsche Post, Burgdorf",4,9.0,9.0
0.5,0.9,DHL,"Deutsche Post, Burgdorf",5,7.0,7.0
0.5,0.9,DHL,"Deutsche Post, Garbsen",0,12.0,12.0
0.5,0.9,DHL,"Deutsche Post, Garbsen",1,13.0,13.0
0.5,0.9,DHL,"Deutsche Post, Garbsen",2,15.0,15.0
0.5,0.9,DHL,"Deutsche Post, Garbsen",3,15.0,15.0
0.5,0.9,DHL,"Deutsche Post, Garbsen",4,12.0,12.0
0.5,0.9,DHL,"Deutsche Post, Garbsen",5,10.0,10.0
0.5,0.9,DHL,"Deutsche Post, Lehrte",0,14.0,14.0
0.5,0.9,DHL,"Deutsche Post, Lehrte",1,15.0,15.0
0.5,0.9,DHL,"Deutsche Post, Lehrte",2,17.0,17.0
0.5,0.9,DHL,"Deutsche Post, Lehrte",3,15.0,15.0
0.5,0.9,DHL,"Deutsche Post, Lehrte",4,13.0,13.0
0.5,0.9,DHL,"Deutsche Post, Lehrte",5,10.0,10.0
0.5,0.9,DHL,"Deutsche Post, Neustadt",0,13.0,13.0
0.5,0.9,DHL,"Deutsche Post, Neustadt",1,15.0,15.0
0.5,0.9,DHL,"Deutsche Post, Neustadt",2,16.0,16.0
0.5,0.9,DHL,"Deutsche Post, Neustadt",3,15.0,15.0
0.5,0.9,DHL,"Deutsche Post, Neustadt",4,13.0,13.0
0.5,0.9,DHL,"Deutsche Post, Neustadt",5,10.0,10.0
0.5,0.9,DHL,"Deutsche Post, Springe",0,9.0,9.0
0.5,0.9,DHL,"Deutsche Post, Springe",1,9.0,9.0
0.5,0.9,DHL,"Deutsche Post, Springe",2,11.0,11.0
0.5,0.9,DHL,"Deutsche Post, Springe",3,10.0,10.0
0.5,0.9,DHL,"Deutsche Post, Springe",4,9.0,9.0
0.5,0.9,DHL,"Deutsche Post, Springe",5,7.0,7.0
0.5,0.9,DHL,"Deutsche Post, Wunstorf",0,15.0,15.0
0.5,0.9,DHL,"Deutsche Post, Wunstorf",1,15.0,15.0
0.5,0.9,DHL,"Deutsche Post, Wunstorf",2,16.0,16.0
0.5,0.9,DHL,"Deutsche Post, Wunstorf",3,16.0,16.0
0.5,0.9,DHL,"Deutsche Post, Wunstorf",4,14.0,14.0
0.5,0.9,DHL,"Deutsche Post, Wunstorf",5,11.0,11.0
0.5,0.9,DHL,Dummy Seelze,0,17.0,17.0
0.5,0.9,DHL,Dummy Seelze,1,19.0,19.0
0.5,0.9,DHL,Dummy Seelze,2,21.0,21.0
0.5,0.9,DHL,Dummy Seelze,3,20.0,20.0
0.5,0.9,DHL,Dummy Seelze,4,17.0,17.0
0.5,0.9,DHL,Dummy Seelze,5,13.0,13.0
0.5,0.9,DHL,Dummy Sehnde,0,9.0,9.0
0.5,0.9,DHL,Dummy Sehnde,1,9.0,9.0
0.5,0.9,DHL,Dummy Sehnde,2,10.0,10.0
0.5,0.9,DHL,Dummy Sehnde,3,9.0,9.0
0.5,0.9,DHL,Dummy Sehnde,4,8.0,8.0
0.5,0.9,DHL,Dummy Sehnde,5,6.0,6.0
0.5,0.9,DHL,Dummy Uetze,0,7.0,7.0
0.5,0.9,DHL,Dummy Uetze,1,7.0,7.0
0.5,0.9,DHL,Dummy Uetze,2,7.0,7.0
0.5,0.9,DHL,Dummy Uetze,3,8.0,8.0
0.5,0.9,DHL,Dummy Uetze,4,6.0,6.0
0.5,0.9,DHL,Dummy Uetze,5,5.0,5.0
0.5,0.9,DHL,Dummy Wennigsen,0,11.0,11.0
0.5,0.9,DHL,Dummy Wennigsen,1,12.0,12.0
0.5,0.9,DHL,Dummy Wennigsen,2,12.0,12.0
0.5,0.9,DHL,Dummy Wennigsen,3,12.0,12.0
0.5,0.9,DHL,Dummy Wennigsen,4,10.0,10.0
0.5,0.9,DHL,Dummy Wennigsen,5,8.0,8.0
0.5,0.9,DHL,Paketzentrum / Zustellbasis Anderten,0,40.0,40.0
0.5,0.9,DHL,Paketzentrum / Zustellbasis Anderten,1,44.0,44.0
0.5,0.9,DHL,Paketzentrum / Zustellbasis Anderten,2,47.0,47.0
0.5,0.9,DHL,Paketzentrum / Zustellbasis Anderten,3,44.0,44.0
0.5,0.9,DHL,Paketzentrum / Zustellbasis Anderten,4,39.0,39.0
0.5,0.9,DHL,Paketzentrum / Zustellbasis Anderten,5,31.0,31.0
0.5,0.9,DHL,Zustellbasis Hannover am Güterbahnhof,0,102.0,102.0
0.5,0.9,DHL,Zustellbasis Hannover am Güterbahnhof,1,107.0,107.0
0.5,0.9,DHL,Zustellbasis Hannover am Güterbahnhof,2,122.0,122.0
0.5,0.9,DHL,Zustellbasis Hannover am Güterbahnhof,3,115.0,115.0
0.5,0.9,DHL,Zustellbasis Hannover am Güterbahnhof,4,97.0,97.0
0.5,0.9,DHL,Zustellbasis Hannover am Güterbahnhof,5,75.0,75.0
0.5,0.9,DHL,Zustellbasis Hannover-Süd,0,55.0,55.0
0.5,0.9,DHL,Zustellbasis Hannover-Süd,1,58.0,58.0
0.5,0.9,DHL,Zustellbasis Hannover-Süd,2,67.0,67.0
0.5,0.9,DHL,Zustellbasis Hannover-Süd,3,64.0,64.0
0.5,0.9,DHL,Zustellbasis Hannover-Süd,4,52.0,52.0
0.5,0.9,DHL,Zustellbasis Hannover-Süd,5,41.0,41.0
0.5,0.9,Amazon,Amazon Logistics HAJ8 in Garbsen,0,177.0,189.0
0.5,0.9,Amazon,Amazon Logistics HAJ8 in Garbsen,1,204.0,187.0
0.5,0.9,Amazon,Amazon Logistics HAJ8 in Garbsen,2,206.0,189.0
0.5,0.9,Amazon,Amazon Logistics HAJ8 in Garbsen,3,215.0,189.0
0.5,0.9,Amazon,Amazon Logistics HAJ8 in Garbsen,4,175.0,188.0
0.5,0.9,Amazon,Amazon Logistics HAJ8 in Garbsen,5,140.0,187.0
0.5,0.9,DPD,DPD Paketzentrum in Lehrte,0,97.0,102.0
0.5,0.9,DPD,DPD Paketzentrum in Lehrte,1,90.0,102.0
0.5,0.9,DPD,DPD Paketzentrum in Lehrte,2,125.0,103.0
0.5,0.9,DPD,DPD Paketzentrum in Lehrte,3,89.0,102.0
0.5,0.9,DPD,DPD Paketzentrum in Lehrte,4,122.0,102.0
0.5,0.9,DPD,DPD Paketzentrum in Lehrte,5,81.0,103.0
0.5,0.9,FedEx,FedEx Station - Heinz-Peter-Piper Str.,0,88.0,92.0
0.5,0.9,FedEx,FedEx Station - Heinz-Peter-Piper Str.,1,87.0,91.0
0.5,0.9,FedEx,FedEx Station - Heinz-Peter-Piper Str.,2,108.0,92.0
0.5,0.9,FedEx,FedEx Station - Heinz-Peter-Piper Str.,3,93.0,91.0
0.5,0.9,FedEx,FedEx Station - Heinz-Peter-Piper Str.,4,88.0,92.0
0.5,0.9,FedEx,FedEx Station - Heinz-Peter-Piper Str.,5,75.0,92.0
0.5,0.9,GLS,GLS in Hannover Laatzen,0,89.0,87.0
0.5,0.9,GLS,GLS in Hannover Laatzen,1,87.0,87.0
0.5,0.9,GLS,GLS in Hannover Laatzen,2,91.0,92.0
0.5,0.9,GLS,GLS in Hannover Laatzen,3,89.0,92.0
0.5,0.9,GLS,GLS in Hannover Laatzen,4,114.0,92.0
0.5,0.9,GLS,GLS in Hannover Laatzen,5,62.0,87.0
0.5,0.9,Hermes,Hermes LC Hannover Langenhagen,0,111.0,116.0
0.5,0.9,Hermes,Hermes LC Hannover Langenhagen,1,115.0,118.0
0.5,0.9,Hermes,Hermes LC Hannover Langenhagen,2,131.0,116.0
0.5,0.9,Hermes,Hermes LC Hannover Langenhagen,3,108.0,118.0
0.5,0.9,Hermes,Hermes LC Hannover Langenhagen,4,141.0,116.0
0.5,0.9,Hermes,Hermes LC Hannover Langenhagen,5,83.0,116.0
0.5,0.9,UPS,UPS Depot Hannover,0,104.0,108.0
0.5,0.9,UPS,UPS Depot Hannover,1,110.0,108.0
0.5,0.9,UPS,UPS Depot Hannover,2,109.0,112.0
0.5,0.9,UPS,UPS Depot Hannover,3,135.0,112.0
0.5,0.9,UPS,UPS Depot Hannover,4,103.0,108.0
0.5,0.9,UPS,UPS Depot Hannover,5,86.0,109.0
0.5,1.0,DHL,Brief- und Logistikzentrum in Pattensen (Hannover),0,26.0,26.0
0.5,1.0,DHL,Brief- und Logistikzentrum in Pattensen (Hannover),1,27.0,27.0
0.5,1.0,DHL,Brief- und Logistikzentrum in Pattensen (Hannover),2,28.0,28.0
0.5,1.0,DHL,Brief- und Logistikzentrum in Pattensen (Hannover),3,27.0,27.0
0.5,1.0,DHL,Brief- und Logistikzentrum in Pattensen (Hannover),4,24.0,24.0
0.5,1.0,DHL,Brief- und Logistikzentrum in Pattensen (Hannover),5,18.0,18.0
0.5,1.0,DHL,"Deutsche Post, Bantorf",0,10.0,10.0
0.5,1.0,DHL,"Deutsche Post, Bantorf",1,11.0,11.0
0.5,1.0,DHL,"Deutsche Post, Bantorf",2,13.0,13.0
0.5,1.0,DHL,"Deutsche Post, Bantorf",3,12.0,12.0
0.5,1.0,DHL,"Deutsche Post, Bantorf",4,10.0,10.0
0.5,1.0,DHL,"Deutsche Post, Bantorf",5,8.0,8.0
0.5,1.0,DHL,"Deutsche Post, Bissendorf",0,44.0,44.0
0.5,1.0,DHL,"Deutsche Post, Bissendorf",1,48.0,48.0
0.5,1.0,DHL,"Deutsche Post, Bissendorf",2,53.0,53.0
0.5,1.0,DHL,"Deutsche Post, Bissendorf",3,49.0,49.0
0.5,1.0,DHL,"Deutsche Post, Bissendorf",4,41.0,41.0
0.5,1.0,DHL,"Deutsche Post, Bissendorf",5,32.0,32.0
0.5,1.0,DHL,"Deutsche Post, Burgdorf",0,10.0,10.0
0.5,1.0,DHL,"Deutsche Post, Burgdorf",1,10.0,10.0
0.5,1.0,DHL,"Deutsche Post, Burgdorf",2,12.0,12.0
0.5,1.0,DHL,"Deutsche Post, Burgdorf",3,11.0,11.0
0.5,1.0,DHL,"Deutsche Post, Burgdorf",4,9.0,9.0
0.5,1.0,DHL,"Deutsche Post, Burgdorf",5,7.0,7.0
0.5,1.0,DHL,"Deutsche Post, Garbsen",0,12.0,12.0
0.5,1.0,DHL,"Deutsche Post, Garbsen",1,13.0,13.0
0.5,1.0,DHL,"Deutsche Post, Garbsen",2,15.0,15.0
0.5,1.0,DHL,"Deutsche Post, Garbsen",3,15.0,15.0
0.5,1.0,DHL,"Deutsche Post, Garbsen",4,12.0,12.0
0.5,1.0,DHL,"Deutsche Post, Garbsen",5,10.0,10.0
0.5,1.0,DHL,"Deutsche Post, Lehrte",0,14.0,14.0
0.5,1.0,DHL,"Deutsche Post, Lehrte",1,15.0,15.0
0.5,1.0,DHL,"Deutsche Post, Lehrte",2,17.0,17.0
0.5,1.0,DHL,"Deutsche Post, Lehrte",3,15.0,15.0
0.5,1.0,DHL,"Deutsche Post, Lehrte",4,13.0,13.0
0.5,1.0,DHL,"Deutsche Post, Lehrte",5,10.0,10.0
0.5,1.0,DHL,"Deutsche Post, Neustadt",0,13.0,13.0
0.5,1.0,DHL,"Deutsche Post, Neustadt",1,15.0,15.0
0.5,1.0,DHL,"Deutsche Post, Neustadt",2,16.0,16.0
0.5,1.0,DHL,"Deutsche Post, Neustadt",3,15.0,15.0
0.5,1.0,DHL,"Deutsche Post, Neustadt",4,13.0,13.0
0.5,1.0,DHL,"Deutsche Post, Neustadt",5,10.0,10.0
0.5,1.0,DHL,"Deutsche Post, Springe",0,9.0,9.0
0.5,1.0,DHL,"Deutsche Post, Springe",1,9.0,9.0
0.5,1.0,DHL,"Deutsche Post, Springe",2,11.0,11.0
0.5,1.0,DHL,"Deutsche Post, Springe",3,10.0,10.0
0.5,1.0,DHL,"Deutsche Post, Springe",4,9.0,9.0
0.5,1.0,DHL,"Deutsche Post, Springe",5,7.0,7.0
0.5,1.0,DHL,"Deutsche Post, Wunstorf",0,15.0,15.0
0.5,1.0,DHL,"Deutsche Post, Wunstorf",1,15.0,15.0
0.5,1.0,DHL,"Deutsche Post, Wunstorf",2,16.0,16.0
0.5,1.0,DHL,"Deutsche Post, Wunstorf",3,16.0,16.0
0.5,1.0,DHL,"Deutsche Post, Wunstorf",4,14.0,14.0
0.5,1.0,DHL,"Deutsche Post, Wunstorf",5,11.0,11.0
0.5,1.0,DHL,Dummy Seelze,0,17.0,17.0
0.5,1.0,DHL,Dummy Seelze,1,19.0,19.0
0.5,1.0,DHL,Dummy Seelze,2,21.0,21.0
0.5,1.0,DHL,Dummy Seelze,3,20.0,20.0
0.5,1.0,DHL,Dummy Seelze,4,17.0,17.0
0.5,1.0,DHL,Dummy Seelze,5,13.0,13.0
0.5,1.0,DHL,Dummy Sehnde,0,9.0,9.0
0.5,1.0,DHL,Dummy Sehnde,1,9.0,9.0
0.5,1.0,DHL,Dummy Sehnde,2,10.0,10.0
0.5,1.0,DHL,Dummy Sehnde,3,9.0,9.0
0.5,1.0,DHL,Dummy Sehnde,4,8.0,8.0
0.5,1.0,DHL,Dummy Sehnde,5,6.0,6.0
0.5,1.0,DHL,Dummy Uetze,0,7.0,7.0
0.5,1.0,DHL,Dummy Uetze,1,7.0,7.0
0.5,1.0,DHL,Dummy Uetze,2,7.0,7.0
0.5,1.0,DHL,Dummy Uetze,3,8.0,8.0
0.5,1.0,DHL,Dummy Uetze,4,6.0,6.0
0.5,1.0,DHL,Dummy Uetze,5,5.0,5.0
0.5,1.0,DHL,Dummy Wennigsen,0,11.0,11.0
0.5,1.0,DHL,Dummy Wennigsen,1,12.0,12.0
0.5,1.0,DHL,Dummy Wennigsen,2,12.0,12.0
0.5,1.0,DHL,Dummy Wennigsen,3,12.0,12.0
0.5,1.0,DHL,Dummy Wennigsen,4,10.0,10.0
0.5,1.0,DHL,Dummy Wennigsen,5,8.0,8.0
0.5,1.0,DHL,Paketzentrum / Zustellbasis Anderten,0,40.0,40.0
0.5,1.0,DHL,Paketzentrum / Zustellbasis Anderten,1,44.0,44.0
0.5,1.0,DHL,Paketzentrum / Zustellbasis Anderten,2,47.0,47.0
0.5,1.0,DHL,Paketzentrum / Zustellbasis Anderten,3,44.0,44.0
0.5,1.0,DHL,Paketzentrum / Zustellbasis Anderten,4,39.0,39.0
0.5,1.0,DHL,Paketzentrum / Zustellbasis Anderten,5,31.0,31.0
0.5,1.0,DHL,Zustellbasis Hannover am Güterbahnhof,0,102.0,102.0
0.5,1.0,DHL,Zustellbasis Hannover am Güterbahnhof,1,107.0,107.0
0.5,1.0,DHL,Zustellbasis Hannover am Güterbahnhof,2,122.0,122.0
0.5,1.0,DHL,Zustellbasis Hannover am Güterbahnhof,3,115.0,115.0
0.5,1.0,DHL,Zustellbasis Hannover am Güterbahnhof,4,97.0,97.0
0.5,1.0,DHL,Zustellbasis Hannover am Güterbahnhof,5,75.0,75.0
0.5,1.0,DHL,Zustellbasis Hannover-Süd,0,55.0,55.0
0.5,1.0,DHL,Zustellbasis Hannover-Süd,1,58.0,58.0
0.5,1.0,DHL,Zustellbasis Hannover-Süd,2,67.0,67.0
0.5,1.0,DHL,Zustellbasis Hannover-Süd,3,64.0,64.0
0.5,1.0,DHL,Zustellbasis Hannover-Süd,4,52.0,52.0
0.5,1.0,DHL,Zustellbasis Hannover-Süd,5,41.0,41.0
0.5,1.0,Amazon,Amazon Logistics HAJ8 in Garbsen,0,152.0,177.0
0.5,1.0,Amazon,Amazon Logistics HAJ8 in Garbsen,1,214.0,182.0
0.5,1.0,Amazon,Amazon Logistics HAJ8 in Garbsen,2,195.0,182.0
0.5,1.0,Amazon,Amazon Logistics HAJ8 in Garbsen,3,190.0,182.0
0.5,1.0,Amazon,Amazon Logistics HAJ8 in Garbsen,4,191.0,182.0
0.5,1.0,Amazon,Amazon Logistics HAJ8 in Garbsen,5,128.0,179.0
0.5,1.0,DPD,DPD Paketzentrum in Lehrte,0,71.0,83.0
0.5,1.0,DPD,DPD Paketzentrum in Lehrte,1,73.0,85.0
0.5,1.0,DPD,DPD Paketzentrum in Lehrte,2,94.0,83.0
0.5,1.0,DPD,DPD Paketzentrum in Lehrte,3,95.0,85.0
0.5,1.0,DPD,DPD Paketzentrum in Lehrte,4,94.0,83.0
0.5,1.0,DPD,DPD Paketzentrum in Lehrte,5,66.0,84.0
0.5,1.0,FedEx,FedEx Station - Heinz-Peter-Piper Str.,0,64.0,72.0
0.5,1.0,FedEx,FedEx Station - Heinz-Peter-Piper Str.,1,86.0,81.0
0.5,1.0,FedEx,FedEx Station - Heinz-Peter-Piper Str.,2,82.0,81.0
0.5,1.0,FedEx,FedEx Station - Heinz-Peter-Piper Str.,3,87.0,78.0
0.5,1.0,FedEx,FedEx Station - Heinz-Peter-Piper Str.,4,65.0,72.0
0.5,1.0,FedEx,FedEx Station - Heinz-Peter-Piper Str.,5,70.0,73.0
0.5,1.0,GLS,GLS in Hannover Laatzen,0,70.0,70.0
0.5,1.0,GLS,GLS in Hannover Laatzen,1,76.0,71.0
0.5,1.0,GLS,GLS in Hannover Laatzen,2,54.0,70.0
0.5,1.0,GLS,GLS in Hannover Laatzen,3,100.0,71.0
0.5,1.0,GLS,GLS in Hannover Laatzen,4,61.0,71.0
0.5,1.0,GLS,GLS in Hannover Laatzen,5,56.0,70.0
0.5,1.0,Hermes,Hermes LC Hannover Langenhagen,0,88.0,100.0
0.5,1.0,Hermes,Hermes LC Hannover Langenhagen,1,110.0,99.0
0.5,1.0,Hermes,Hermes LC Hannover Langenhagen,2,90.0,100.0
0.5,1.0,Hermes,Hermes LC Hannover Langenhagen,3,129.0,99.0
0.5,1.0,Hermes,Hermes LC Hannover Langenhagen,4,91.0,101.0
0.5,1.0,Hermes,Hermes LC Hannover Langenhagen,5,79.0,99.0
0.5,1.0,UPS,UPS Depot Hannover,0,94.0,94.0
0.5,1.0,UPS,UPS Depot Hannover,1,84.0,96.0
0.5,1.0,UPS,UPS Depot Hannover,2,115.0,96.0
0.5,1.0,UPS,UPS Depot Hannover,3,103.0,96.0
0.5,1.0,UPS,UPS Depot Hannover,4,95.0,92.0
0.5,1.0,UPS,UPS Depot Hannover,5,67.0,92.0
0.75,0.0,DHL,Brief- und Logistikzentrum in Pattensen (Hannover),0,26.0,26.0
0.75,0.0,DHL,Brief- und Logistikzentrum in Pattensen (Hannover),1,27.0,27.0
0.75,0.0,DHL,Brief- und Logistikzentrum in Pattensen (Hannover),2,28.0,28.0
0.75,0.0,DHL,Brief- und Logistikzentrum in Pattensen (Hannover),3,27.0,27.0
0.75,0.0,DHL,Brief- und Logistikzentrum in Pattensen (Hannover),4,24.0,24.0
0.75,0.0,DHL,Brief- und Logistikzentrum in Pattensen (Hannover),5,18.0,18.0
0.75,0.0,DHL,"Deutsche Post, Bantorf",0,10.0,10.0
0.75,0.0,DHL,"Deutsche Post, Bantorf",1,11.0,11.0
0.75,0.0,DHL,"Deutsche Post, Bantorf",2,13.0,13.0
0.75,0.0,DHL,"Deutsche Post, Bantorf",3,12.0,12.0
0.75,0.0,DHL,"Deutsche Post, Bantorf",4,10.0,10.0
0.75,0.0,DHL,"Deutsche Post, Bantorf",5,8.0,8.0
0.75,0.0,DHL,"Deutsche Post, Bissendorf",0,44.0,44.0
0.75,0.0,DHL,"Deutsche Post, Bissendorf",1,48.0,48.0
0.75,0.0,DHL,"Deutsche Post, Bissendorf",2,53.0,53.0
0.75,0.0,DHL,"Deutsche Post, Bissendorf",3,49.0,49.0
0.75,0.0,DHL,"Deutsche Post, Bissendorf",4,41.0,41.0
0.75,0.0,DHL,"Deutsche Post, Bissendorf",5,32.0,32.0
0.75,0.0,DHL,"Deutsche Post, Burgdorf",0,10.0,10.0
0.75,0.0,DHL,"Deutsche Post, Burgdorf",1,10.0,10.0
0.75,0.0,DHL,"Deutsche Post, Burgdorf",2,12.0,12.0
0.75,0.0,DHL,"Deutsche Post, Burgdorf",3,11.0,11.0
0.75,0.0,DHL,"Deutsche Post, Burgdorf",4,9.0,9.0
0.75,0.0,DHL,"Deutsche Post, Burgdorf",5,7.0,7.0
0.75,0.0,DHL,"Deutsche Post, Garbsen",0,12.0,12.0
0.75,0.0,DHL,"Deutsche Post, Garbsen",1,13.0,13.0
0.75,0.0,DHL,"Deutsche Post, Garbsen",2,15.0,15.0
0.75,0.0,DHL,"Deutsche Post, Garbsen",3,15.0,15.0
0.75,0.0,DHL,"Deutsche Post, Garbsen",4,12.0,12.0
0.75,0.0,DHL,"Deutsche Post, Garbsen",5,10.0,10.0
0.75,0.0,DHL,"Deutsche Post, Lehrte",0,14.0,14.0
0.75,0.0,DHL,"Deutsche Post, Lehrte",1,15.0,15.0
0.75,0.0,DHL,"Deutsche Post, Lehrte",2,17.0,17.0
0.75,0.0,DHL,"Deutsche Post, Lehrte",3,15.0,15.0
0.75,0.0,DHL,"Deutsche Post, Lehrte",4,13.0,13.0
0.75,0.0,DHL,"Deutsche Post, Lehrte",5,10.0,10.0
0.75,0.0,DHL,"Deutsche Post, Neustadt",0,13.0,13.0
0.75,0.0,DHL,"Deutsche Post, Neustadt",1,15.0,15.0
0.75,0.0,DHL,"Deutsche Post, Neustadt",2,16.0,16.0
0.75,0.0,DHL,"Deutsche Post, Neustadt",3,15.0,15.0
0.75,0.0,DHL,"Deutsche Post, Neustadt",4,13.0,13.0
0.75,0.0,DHL,"Deutsche Post, Neustadt",5,10.0,10.0
0.75,0.0,DHL,"Deutsche Post, Springe",0,9.0,9.0
0.75,0.0,DHL,"Deutsche Post, Springe",1,9.0,9.0
0.75,0.0,DHL,"Deutsche Post, Springe",2,11.0,11.0
0.75,0.0,DHL,"Deutsche Post, Springe",3,10.0,10.0
0.75,0.0,DHL,"Deutsche Post, Springe",4,9.0,9.0
0.75,0.0,DHL,"Deutsche Post, Springe",5,7.0,7.0
0.75,0.0,DHL,"Deutsche Post, Wunstorf",0,15.0,15.0
0.75,0.0,DHL,"Deutsche Post, Wunstorf",1,15.0,15.0
0.75,0.0,DHL,"Deutsche Post, Wunstorf",2,16.0,16.0
0.75,0.0,DHL,"Deutsche Post, Wunstorf",3,16.0,16.0
0.75,0.0,DHL,"Deutsche Post, Wunstorf",4,14.0,14.0
0.75,0.0,DHL,"Deutsche Post, Wunstorf",5,11.0,11.0
0.75,0.0,DHL,Dummy Seelze,0,17.0,17.0
0.75,0.0,DHL,Dummy Seelze,1,19.0,19.0
0.75,0.0,DHL,Dummy Seelze,2,21.0,21.0
0.75,0.0,DHL,Dummy Seelze,3,20.0,20.0
0.75,0.0,DHL,Dummy Seelze,4,17.0,17.0
0.75,0.0,DHL,Dummy Seelze,5,13.0,13.0
0.75,0.0,DHL,Dummy Sehnde,0,9.0,9.0
0.75,0.0,DHL,Dummy Sehnde,1,9.0,9.0
0.75,0.0,DHL,Dummy Sehnde,2,10.0,10.0
0.75,0.0,DHL,Dummy Sehnde,3,9.0,9.0
0.75,0.0,DHL,Dummy Sehnde,4,8.0,8.0
0.75,0.0,DHL,Dummy Sehnde,5,6.0,6.0
0.75,0.0,DHL,Dummy Uetze,0,7.0,7.0
0.75,0.0,DHL,Dummy Uetze,1,7.0,7.0
0.75,0.0,DHL,Dummy Uetze,2,7.0,7.0
0.75,0.0,DHL,Dummy Uetze,3,8.0,8.0
0.75,0.0,DHL,Dummy Uetze,4,6.0,6.0
0.75,0.0,DHL,Dummy Uetze,5,5.0,5.0
0.75,0.0,DHL,Dummy Wennigsen,0,11.0,11.0
0.75,0.0,DHL,Dummy Wennigsen,1,12.0,12.0
0.75,0.0,DHL,Dummy Wennigsen,2,12.0,12.0
0.75,0.0,DHL,Dummy Wennigsen,3,12.0,12.0
0.75,0.0,DHL,Dummy Wennigsen,4,10.0,10.0
0.75,0.0,DHL,Dummy Wennigsen,5,8.0,8.0
0.75,0.0,DHL,Paketzentrum / Zustellbasis Anderten,0,40.0,40.0
0.75,0.0,DHL,Paketzentrum / Zustellbasis Anderten,1,44.0,44.0
0.75,0.0,DHL,Paketzentrum / Zustellbasis Anderten,2,47.0,47.0
0.75,0.0,DHL,Paketzentrum / Zustellbasis Anderten,3,44.0,44.0
0.75,0.0,DHL,Paketzentrum / Zustellbasis Anderten,4,39.0,39.0
0.75,0.0,DHL,Paketzentrum / Zustellbasis Anderten,5,31.0,31.0
0.75,0.0,DHL,Zustellbasis Hannover am Güterbahnhof,0,102.0,102.0
0.75,0.0,DHL,Zustellbasis Hannover am Güterbahnhof,1,107.0,107.0
0.75,0.0,DHL,Zustellbasis Hannover am Güterbahnhof,2,122.0,122.0
0.75,0.0,DHL,Zustellbasis Hannover am Güterbahnhof,3,115.0,115.0
0.75,0.0,DHL,Zustellbasis Hannover am Güterbahnhof,4,97.0,97.0
0.75,0.0,DHL,Zustellbasis Hannover am Güterbahnhof,5,75.0,75.0
0.75,0.0,DHL,Zustellbasis Hannover-Süd,0,55.0,55.0
0.75,0.0,DHL,Zustellbasis Hannover-Süd,1,58.0,58.0
0.75,0.0,DHL,Zustellbasis Hannover-Süd,2,67.0,67.0
0.75,0.0,DHL,Zustellbasis Hannover-Süd,3,64.0,64.0
0.75,0.0,DHL,Zustellbasis Hannover-Süd,4,52.0,52.0
0.75,0.0,DHL,Zustellbasis Hannover-Süd,5,41.0,41.0
0.75,0.0,Amazon,Amazon Logistics HAJ8 in Garbsen,0,189.0,189.0
0.75,0.0,Amazon,Amazon Logistics HAJ8 in Garbsen,1,200.0,200.0
0.75,0.0,Amazon,Amazon Logistics HAJ8 in Garbsen,2,217.0,217.0
0.75,0.0,Amazon,Amazon Logistics HAJ8 in Garbsen,3,209.0,209.0
0.75,0.0,Amazon,Amazon Logistics HAJ8 in Garbsen,4,176.0,176.0
0.75,0.0,Amazon,Amazon Logistics HAJ8 in Garbsen,5,138.0,138.0
0.75,0.0,DPD,DPD Paketzentrum in Lehrte,0,93.0,93.0
0.75,0.0,DPD,DPD Paketzentrum in Lehrte,1,104.0,104.0
0.75,0.0,DPD,DPD Paketzentrum in Lehrte,2,118.0,118.0
0.75,0.0,DPD,DPD Paketzentrum in Lehrte,3,111.0,111.0
0.75,0.0,DPD,DPD Paketzentrum in Lehrte,4,90.0,90.0
0.75,0.0,DPD,DPD Paketzentrum in Lehrte,5,72.0,72.0
0.75,0.0,FedEx,FedEx Station - Heinz-Peter-Piper Str.,0,84.0,84.0
0.75,0.0,FedEx,FedEx Station - Heinz-Peter-Piper Str.,1,86.0,86.0
0.75,0.0,FedEx,FedEx Station - Heinz-Peter-Piper Str.,2,97.0,97.0
0.75,0.0,FedEx,FedEx Station - Heinz-Peter-Piper Str.,3,91.0,91.0
0.75,0.0,FedEx,FedEx Station - Heinz-Peter-Piper Str.,4,82.0,82.0
0.75,0.0,FedEx,FedEx Station - Heinz-Peter-Piper Str.,5,66.0,66.0
0.75,0.0,GLS,GLS in Hannover Laatzen,0,82.0,82.0
0.75,0.0,GLS,GLS in Hannover Laatzen,1,83.0,83.0
0.75,0.0,GLS,GLS in Hannover Laatzen,2,95.0,95.0
0.75,0.0,GLS,GLS in Hannover Laatzen,3,91.0,91.0
0.75,0.0,GLS,GLS in Hannover Laatzen,4,76.0,76.0
0.75,0.0,GLS,GLS in Hannover Laatzen,5,65.0,65.0
0.75,0.0,Hermes,Hermes LC Hannover Langenhagen,0,116.0,116.0
0.75,0.0,Hermes,Hermes LC Hannover Langenhagen,1,120.0,120.0
0.75,0.0,Hermes,Hermes LC Hannover Langenhagen,2,127.0,127.0
0.75,0.0,Hermes,Hermes LC Hannover Langenhagen,3,123.0,123.0
0.75,0.0,Hermes,Hermes LC Hannover Langenhagen,4,112.0,112.0
0.75,0.0,Hermes,Hermes LC Hannover Langenhagen,5,83.0,83.0
0.75,0.0,UPS,UPS Depot Hannover,0,100.0,100.0
0.75,0.0,UPS,UPS Depot Hannover,1,108.0,108.0
0.75,0.0,UPS,UPS Depot Hannover,2,118.0,118.0
0.75,0.0,UPS,UPS Depot Hannover,3,114.0,114.0
0.75,0.0,UPS,UPS Depot Hannover,4,95.0,95.0
0.75,0.0,UPS,UPS Depot Hannover,5,78.0,78.0
0.75,0.1,DHL,Brief- und Logistikzentrum in Pattensen (Hannover),0,25.0,25.0
0.75,0.1,DHL,Brief- und Logistikzentrum in Pattensen (Hannover),1,28.0,28.0
0.75,0.1,DHL,Brief- und Logistikzentrum in Pattensen (Hannover),2,28.0,28.0
0.75,0.1,DHL,Brief- und Logistikzentrum in Pattensen (Hannover),3,25.0,25.0
0.75,0.1,DHL,Brief- und Logistikzentrum in Pattensen (Hannover),4,24.0,24.0
0.75,0.1,DHL,Brief- und Logistikzentrum in Pattensen (Hannover),5,18.0,18.0
0.75,0.1,DHL,"Deutsche Post, Bantorf",0,10.0,10.0
0.75,0.1,DHL,"Deutsche Post, Bantorf",1,11.0,11.0
0.75,0.1,DHL,"Deutsche Post, Bantorf",2,13.0,13.0
0.75,0.1,DHL,"Deutsche Post, Bantorf",3,12.0,12.0
0.75,0.1,DHL,"Deutsche Post, Bantorf",4,10.0,10.0
0.75,0.1,DHL,"Deutsche Post, Bantorf",5,8.0,8.0
0.75,0.1,DHL,"Deutsche Post, Bissendorf",0,44.0,44.0
0.75,0.1,DHL,"Deutsche Post, Bissendorf",1,48.0,48.0
0.75,0.1,DHL,"Deutsche Post, Bissendorf",2,53.0,53.0
0.75,0.1,DHL,"Deutsche Post, Bissendorf",3,49.0,49.0
0.75,0.1,DHL,"Deutsche Post, Bissendorf",4,41.0,41.0
0.75,0.1,DHL,"Deutsche Post, Bissendorf",5,32.0,32.0
0.75,0.1,DHL,"Deutsche Post, Burgdorf",0,10.0,10.0
0.75,0.1,DHL,"Deutsche Post, Burgdorf",1,10.0,10.0
0.75,0.1,DHL,"Deutsche Post, Burgdorf",2,12.0,12.0
0.75,0.1,DHL,"Deutsche Post, Burgdorf",3,11.0,11.0
0.75,0.1,DHL,"Deutsche Post, Burgdorf",4,9.0,9.0
0.75,0.1,DHL,"Deutsche Post, Burgdorf",5,7.0,7.0
0.75,0.1,DHL,"Deutsche Post, Garbsen",0,12.0,12.0
0.75,0.1,DHL,"Deutsche Post, Garbsen",1,13.0,13.0
0.75,0.1,DHL,"Deutsche Post, Garbsen",2,15.0,15.0
0.75,0.1,DHL,"Deutsche Post, Garbsen",3,15.0,15.0
0.75,0.1,DHL,"Deutsche Post, Garbsen",4,12.0,12.0
0.75,0.1,DHL,"Deutsche Post, Garbsen",5,10.0,10.0
0.75,0.1,DHL,"Deutsche Post, Lehrte",0,14.0,14.0
0.75,0.1,DHL,"Deutsche Post, Lehrte",1,15.0,15.0
0.75,0.1,DHL,"Deutsche Post, Lehrte",2,17.0,17.0
0.75,0.1,DHL,"Deutsche Post, Lehrte",3,15.0,15.0
0.75,0.1,DHL,"Deutsche Post, Lehrte",4,13.0,13.0
0.75,0.1,DHL,"Deutsche Post, Lehrte",5,10.0,10.0
0.75,0.1,DHL,"Deutsche Post, Neustadt",0,13.0,13.0
0.75,0.1,DHL,"Deutsche Post, Neustadt",1,15.0,15.0
0.75,0.1,DHL,"Deutsche Post, Neustadt",2,16.0,16.0
0.75,0.1,DHL,"Deutsche Post, Neustadt",3,15.0,15.0
0.75,0.1,DHL,"Deutsche Post, Neustadt",4,13.0,13.0
0.75,0.1,DHL,"Deutsche Post, Neustadt",5,10.0,10.0
0.75,0.1,DHL,"Deutsche Post, Springe",0,9.0,9.0
0.75,0.1,DHL,"Deutsche Post, Springe",1,9.0,9.0
0.75,0.1,DHL,"Deutsche Post, Springe",2,11.0,11.0
0.75,0.1,DHL,"Deutsche Post, Springe",3,10.0,10.0
0.75,0.1,DHL,"Deutsche Post, Springe",4,9.0,9.0
0.75,0.1,DHL,"Deutsche Post, Springe",5,7.0,7.0
0.75,0.1,DHL,"Deutsche Post, Wunstorf",0,15.0,15.0
0.75,0.1,DHL,"Deutsche Post, Wunstorf",1,15.0,15.0
0.75,0.1,DHL,"Deutsche Post, Wunstorf",2,16.0,16.0
0.75,0.1,DHL,"Deutsche Post, Wunstorf",3,16.0,16.0
0.75,0.1,DHL,"Deutsche Post, Wunstorf",4,14.0,14.0
0.75,0.1,DHL,"Deutsche Post, Wunstorf",5,11.0,11.0
0.75,0.1,DHL,Dummy Seelze,0,17.0,17.0
0.75,0.1,DHL,Dummy Seelze,1,19.0,19.0
0.75,0.1,DHL,Dummy Seelze,2,19.0,19.0
0.75,0.1,DHL,Dummy Seelze,3,20.0,20.0
0.75,0.1,DHL,Dummy Seelze,4,17.0,17.0
0.75,0.1,DHL,Dummy Seelze,5,13.0,13.0
0.75,0.1,DHL,Dummy Sehnde,0,9.0,9.0
0.75,0.1,DHL,Dummy Sehnde,1,9.0,9.0
0.75,0.1,DHL,Dummy Sehnde,2,10.0,10.0
0.75,0.1,DHL,Dummy Sehnde,3,9.0,9.0
0.75,0.1,DHL,Dummy Sehnde,4,8.0,8.0
0.75,0.1,DHL,Dummy Sehnde,5,6.0,6.0
0.75,0.1,DHL,Dummy Uetze,0,7.0,7.0
0.75,0.1,DHL,Dummy Uetze,1,7.0,7.0
0.75,0.1,DHL,Dummy Uetze,2,7.0,7.0
0.75,0.1,DHL,Dummy Uetze,3,8.0,8.0
0.75,0.1,DHL,Dummy Uetze,4,6.0,6.0
0.75,0.1,DHL,Dummy Uetze,5,5.0,5.0
0.75,0.1,DHL,Dummy Wennigsen,0,10.0,10.0
0.75,0.1,DHL,Dummy Wennigsen,1,12.0,12.0
0.75,0.1,DHL,Dummy Wennigsen,2,12.0,12.0
0.75,0.1,DHL,Dummy Wennigsen,3,12.0,12.0
0.75,0.1,DHL,Dummy Wennigsen,4,10.0,10.0
0.75,0.1,DHL,Dummy Wennigsen,5,8.0,8.0
0.75,0.1,DHL,Paketzentrum / Zustellbasis Anderten,0,38.0,38.0
0.75,0.1,DHL,Paketzentrum / Zustellbasis Anderten,1,44.0,44.0
0.75,0.1,DHL,Paketzentrum / Zustellbasis Anderten,2,45.0,45.0
0.75,0.1,DHL,Paketzentrum / Zustellbasis Anderten,3,46.0,46.0
0.75,0.1,DHL,Paketzentrum / Zustellbasis Anderten,4,37.0,37.0
0.75,0.1,DHL,Paketzentrum / Zustellbasis Anderten,5,31.0,31.0
0.75,0.1,DHL,Zustellbasis Hannover am Güterbahnhof,0,99.0,100.0
0.75,0.1,DHL,Zustellbasis Hannover am Güterbahnhof,1,106.0,107.0
0.75,0.1,DHL,Zustellbasis Hannover am Güterbahnhof,2,120.0,117.0
0.75,0.1,DHL,Zustellbasis Hannover am Güterbahnhof,3,114.0,115.0
0.75,0.1,DHL,Zustellbasis Hannover am Güterbahnhof,4,97.0,94.0
0.75,0.1,DHL,Zustellbasis Hannover am Güterbahnhof,5,72.0,78.0
0.75,0.1,DHL,Zustellbasis Hannover-Süd,0,55.0,55.0
0.75,0.1,DHL,Zustellbasis Hannover-Süd,1,58.0,58.0
0.75,0.1,DHL,Zustellbasis Hannover-Süd,2,65.0,65.0
0.75,0.1,DHL,Zustellbasis Hannover-Süd,3,61.0,61.0
0.75,0.1,DHL,Zustellbasis Hannover-Süd,4,53.0,53.0
0.75,0.1,DHL,Zustellbasis Hannover-Süd,5,41.0,41.0
0.75,0.1,Amazon,Amazon Logistics HAJ8 in Garbsen,0,188.0,188.0
0.75,0.1,Amazon,Amazon Logistics HAJ8 in Garbsen,1,198.0,198.0
0.75,0.1,Amazon,Amazon Logistics HAJ8 in Garbsen,2,216.0,216.0
0.75,0.1,Amazon,Amazon Logistics HAJ8 in Garbsen,3,209.0,209.0
0.75,0.1,Amazon,Amazon Logistics HAJ8 in Garbsen,4,174.0,174.0
0.75,0.1,Amazon,Amazon Logistics HAJ8 in Garbsen,5,138.0,140.0
0.75,0.1,DPD,DPD Paketzentrum in Lehrte,0,90.0,92.0
0.75,0.1,DPD,DPD Paketzentrum in Lehrte,1,98.0,98.0
0.75,0.1,DPD,DPD Paketzentrum in Lehrte,2,111.0,108.0
0.75,0.1,DPD,DPD Paketzentrum in Lehrte,3,105.0,108.0
0.75,0.1,DPD,DPD Paketzentrum in Lehrte,4,87.0,88.0
0.75,0.1,DPD,DPD Paketzentrum in Lehrte,5,72.0,85.0
0.75,0.1,FedEx,FedEx Station - Heinz-Peter-Piper Str.,0,85.0,81.0
0.75,0.1,FedEx,FedEx Station - Heinz-Peter-Piper Str.,1,80.0,88.0
0.75,0.1,FedEx,FedEx Station - Heinz-Peter-Piper Str.,2,100.0,88.0
0.75,0.1,FedEx,FedEx Station - Heinz-Peter-Piper Str.,3,89.0,87.0
0.75,0.1,FedEx,FedEx Station - Heinz-Peter-Piper Str.,4,71.0,80.0
0.75,0.1,FedEx,FedEx Station - Heinz-Peter-Piper Str.,5,72.0,80.0
0.75,0.1,GLS,GLS in Hannover Laatzen,0,79.0,79.0
0.75,0.1,GLS,GLS in Hannover Laatzen,1,81.0,81.0
0.75,0.1,GLS,GLS in Hannover Laatzen,2,93.0,92.0
0.75,0.1,GLS,GLS in Hannover Laatzen,3,87.0,88.0
0.75,0.1,GLS,GLS in Hannover Laatzen,4,75.0,75.0
0.75,0.1,GLS,GLS in Hannover Laatzen,5,63.0,70.0
0.75,0.1,Hermes,Hermes LC Hannover Langenhagen,0,116.0,116.0
0.75,0.1,Hermes,Hermes LC Hannover Langenhagen,1,119.0,119.0
0.75,0.1,Hermes,Hermes LC Hannover Langenhagen,2,126.0,126.0
0.75,0.1,Hermes,Hermes LC Hannover Langenhagen,3,123.0,123.0
0.75,0.1,Hermes,Hermes LC Hannover Langenhagen,4,110.0,110.0
0.75,0.1,Hermes,Hermes LC Hannover Langenhagen,5,82.0,84.0
0.75,0.1,UPS,UPS Depot Hannover,0,103.0,100.0
0.75,0.1,UPS,UPS Depot Hannover,1,103.0,110.0
0.75,0.1,UPS,UPS Depot Hannover,2,117.0,110.0
0.75,0.1,UPS,UPS Depot Hannover,3,110.0,109.0
0.75,0.1,UPS,UPS Depot Hannover,4,100.0,96.0
0.75,0.1,UPS,UPS Depot Hannover,5,77.0,95.0
0.75,0.2,DHL,Brief- und Logistikzentrum in Pattensen (Hannover),0,26.0,26.0
0.75,0.2,DHL,Brief- und Logistikzentrum in Pattensen (Hannover),1,27.0,27.0
0.75,0.2,DHL,Brief- und Logistikzentrum in Pattensen (Hannover),2,28.0,28.0
0.75,0.2,DHL,Brief- und Logistikzentrum in Pattensen (Hannover),3,27.0,27.0
0.75,0.2,DHL,Brief- und Logistikzentrum in Pattensen (Hannover),4,24.0,24.0
0.75,0.2,DHL,Brief- und Logistikzentrum in Pattensen (Hannover),5,18.0,18.0
0.75,0.2,DHL,"Deutsche Post, Bantorf",0,10.0,10.0
0.75,0.2,DHL,"Deutsche Post, Bantorf",1,11.0,11.0
0.75,0.2,DHL,"Deutsche Post, Bantorf",2,13.0,13.0
0.75,0.2,DHL,"Deutsche Post, Bantorf",3,12.0,12.0
0.75,0.2,DHL,"Deutsche Post, Bantorf",4,10.0,10.0
0.75,0.2,DHL,"Deutsche Post, Bantorf",5,8.0,8.0
0.75,0.2,DHL,"Deutsche Post, Bissendorf",0,44.0,44.0
0.75,0.2,DHL,"Deutsche Post, Bissendorf",1,48.0,48.0
0.75,0.2,DHL,"Deutsche Post, Bissendorf",2,53.0,53.0
0.75,0.2,DHL,"Deutsche Post, Bissendorf",3,49.0,49.0
0.75,0.2,DHL,"Deutsche Post, Bissendorf",4,41.0,41.0
0.75,0.2,DHL,"Deutsche Post, Bissendorf",5,32.0,32.0
0.75,0.2,DHL,"Deutsche Post, Burgdorf",0,10.0,10.0
0.75,0.2,DHL,"Deutsche Post, Burgdorf",1,10.0,10.0
0.75,0.2,DHL,"Deutsche Post, Burgdorf",2,12.0,12.0
0.75,0.2,DHL,"Deutsche Post, Burgdorf",3,11.0,11.0
0.75,0.2,DHL,"Deutsche Post, Burgdorf",4,9.0,9.0
0.75,0.2,DHL,"Deutsche Post, Burgdorf",5,7.0,7.0
0.75,0.2,DHL,"Deutsche Post, Garbsen",0,12.0,12.0
0.75,0.2,DHL,"Deutsche Post, Garbsen",1,13.0,13.0
0.75,0.2,DHL,"Deutsche Post, Garbsen",2,15.0,15.0
0.75,0.2,DHL,"Deutsche Post, Garbsen",3,15.0,15.0
0.75,0.2,DHL,"Deutsche Post, Garbsen",4,12.0,12.0
0.75,0.2,DHL,"Deutsche Post, Garbsen",5,10.0,10.0
0.75,0.2,DHL,"Deutsche Post, Lehrte",0,14.0,14.0
0.75,0.2,DHL,"Deutsche Post, Lehrte",1,15.0,15.0
0.75,0.2,DHL,"Deutsche Post, Lehrte",2,17.0,17.0
0.75,0.2,DHL,"Deutsche Post, Lehrte",3,15.0,15.0
0.75,0.2,DHL,"Deutsche Post, Lehrte",4,13.0,13.0
0.75,0.2,DHL,"Deutsche Post, Lehrte",5,10.0,10.0
0.75,0.2,DHL,"Deutsche Post, Neustadt",0,13.0,13.0
0.75,0.2,DHL,"Deutsche Post, Neustadt",1,15.0,15.0
0.75,0.2,DHL,"Deutsche Post, Neustadt",2,16.0,16.0
0.75,0.2,DHL,"Deutsche Post, Neustadt",3,15.0,15.0
0.75,0.2,DHL,"Deutsche Post, Neustadt",4,13.0,13.0
0.75,0.2,DHL,"Deutsche Post, Neustadt",5,10.0,10.0
0.75,0.2,DHL,"Deutsche Post, Springe",0,9.0,9.0
0.75,0.2,DHL,"Deutsche Post, Springe",1,9.0,9.0
0.75,0.2,DHL,"Deutsche Post, Springe",2,11.0,11.0
0.75,0.2,DHL,"Deutsche Post, Springe",3,10.0,10.0
0.75,0.2,DHL,"Deutsche Post, Springe",4,9.0,9.0
0.75,0.2,DHL,"Deutsche Post, Springe",5,7.0,7.0
0.75,0.2,DHL,"Deutsche Post, Wunstorf",0,15.0,15.0
0.75,0.2,DHL,"Deutsche Post, Wunstorf",1,15.0,15.0
0.75,0.2,DHL,"Deutsche Post, Wunstorf",2,16.0,16.0
0.75,0.2,DHL,"Deutsche Post, Wunstorf",3,16.0,16.0
0.75,0.2,DHL,"Deutsche Post, Wunstorf",4,14.0,14.0
0.75,0.2,DHL,"Deutsche Post, Wunstorf",5,11.0,11.0
0.75,0.2,DHL,Dummy Seelze,0,17.0,17.0
0.75,0.2,DHL,Dummy Seelze,1,19.0,19.0
0.75,0.2,DHL,Dummy Seelze,2,21.0,21.0
0.75,0.2,DHL,Dummy Seelze,3,20.0,20.0
0.75,0.2,DHL,Dummy Seelze,4,17.0,17.0
0.75,0.2,DHL,Dummy Seelze,5,13.0,13.0
0.75,0.2,DHL,Dummy Sehnde,0,9.0,9.0
0.75,0.2,DHL,Dummy Sehnde,1,9.0,9.0
0.75,0.2,DHL,Dummy Sehnde,2,10.0,10.0
0.75,0.2,DHL,Dummy Sehnde,3,9.0,9.0
0.75,0.2,DHL,Dummy Sehnde,4,8.0,8.0
0.75,0.2,DHL,Dummy Sehnde,5,6.0,6.0
0.75,0.2,DHL,Dummy Uetze,0,7.0,7.0
0.75,0.2,DHL,Dummy Uetze,1,7.0,7.0
0.75,0.2,DHL,Dummy Uetze,2,7.0,7.0
0.75,0.2,DHL,Dummy Uetze,3,8.0,8.0
0.75,0.2,DHL,Dummy Uetze,4,6.0,6.0
0.75,0.2,DHL,Dummy Uetze,5,5.0,5.0
0.75,0.2,DHL,Dummy Wennigsen,0,11.0,11.0
0.75,0.2,DHL,Dummy Wennigsen,1,12.0,12.0
0.75,0.2,DHL,Dummy Wennigsen,2,12.0,12.0
0.75,0.2,DHL,Dummy Wennigsen,3,12.0,12.0
0.75,0.2,DHL,Dummy Wennigsen,4,10.0,10.0
0.75,0.2,DHL,Dummy Wennigsen,5,8.0,8.0
0.75,0.2,DHL,Paketzentrum / Zustellbasis Anderten,0,40.0,40.0
0.75,0.2,DHL,Paketzentrum / Zustellbasis Anderten,1,44.0,44.0
0.75,0.2,DHL,Paketzentrum / Zustellbasis Anderten,2,47.0,47.0
0.75,0.2,DHL,Paketzentrum / Zustellbasis Anderten,3,44.0,44.0
0.75,0.2,DHL,Paketzentrum / Zustellbasis Anderten,4,37.0,37.0
0.75,0.2,DHL,Paketzentrum / Zustellbasis Anderten,5,31.0,31.0
0.75,0.2,DHL,Zustellbasis Hannover am Güterbahnhof,0,103.0,102.0
0.75,0.2,DHL,Zustellbasis Hannover am Güterbahnhof,1,105.0,106.0
0.75,0.2,DHL,Zustellbasis Hannover am Güterbahnhof,2,123.0,119.0
0.75,0.2,DHL,Zustellbasis Hannover am Güterbahnhof,3,110.0,115.0
0.75,0.2,DHL,Zustellbasis Hannover am Güterbahnhof,4,99.0,92.0
0.75,0.2,DHL,Zustellbasis Hannover am Güterbahnhof,5,70.0,82.0
0.75,0.2,DHL,Zustellbasis Hannover-Süd,0,55.0,55.0
0.75,0.2,DHL,Zustellbasis Hannover-Süd,1,58.0,58.0
0.75,0.2,DHL,Zustellbasis Hannover-Süd,2,64.0,64.0
0.75,0.2,DHL,Zustellbasis Hannover-Süd,3,65.0,65.0
0.75,0.2,DHL,Zustellbasis Hannover-Süd,4,49.0,49.0
0.75,0.2,DHL,Zustellbasis Hannover-Süd,5,42.0,42.0
0.75,0.2,Amazon,Amazon Logistics HAJ8 in Garbsen,0,183.0,186.0
0.75,0.2,Amazon,Amazon Logistics HAJ8 in Garbsen,1,197.0,198.0
0.75,0.2,Amazon,Amazon Logistics HAJ8 in Garbsen,2,215.0,211.0
0.75,0.2,Amazon,Amazon Logistics HAJ8 in Garbsen,3,205.0,210.0
0.75,0.2,Amazon,Amazon Logistics HAJ8 in Garbsen,4,171.0,171.0
0.75,0.2,Amazon,Amazon Logistics HAJ8 in Garbsen,5,139.0,150.0
0.75,0.2,DPD,DPD Paketzentrum in Lehrte,0,89.0,90.0
0.75,0.2,DPD,DPD Paketzentrum in Lehrte,1,89.0,89.0
0.75,0.2,DPD,DPD Paketzentrum in Lehrte,2,103.0,104.0
0.75,0.2,DPD,DPD Paketzentrum in Lehrte,3,109.0,104.0
0.75,0.2,DPD,DPD Paketzentrum in Lehrte,4,86.0,85.0
0.75,0.2,DPD,DPD Paketzentrum in Lehrte,5,70.0,85.0
0.75,0.2,FedEx,FedEx Station - Heinz-Peter-Piper Str.,0,80.0,85.0
0.75,0.2,FedEx,FedEx Station - Heinz-Peter-Piper Str.,1,92.0,87.0
0.75,0.2,FedEx,FedEx Station - Heinz-Peter-Piper Str.,2,95.0,87.0
0.75,0.2,FedEx,FedEx Station - Heinz-Peter-Piper Str.,3,92.0,87.0
0.75,0.2,FedEx,FedEx Station - Heinz-Peter-Piper Str.,4,80.0,86.0
0.75,0.2,FedEx,FedEx Station - Heinz-Peter-Piper Str.,5,70.0,84.0
0.75,0.2,GLS,GLS in Hannover Laatzen,0,79.0,81.0
0.75,0.2,GLS,GLS in Hannover Laatzen,1,78.0,80.0
0.75,0.2,GLS,GLS in Hannover Laatzen,2,92.0,89.0
0.75,0.2,GLS,GLS in Hannover Laatzen,3,89.0,89.0
0.75,0.2,GLS,GLS in Hannover Laatzen,4,76.0,74.0
0.75,0.2,GLS,GLS in Hannover Laatzen,5,63.0,74.0
0.75,0.2,Hermes,Hermes LC Hannover Langenhagen,0,111.0,111.0
0.75,0.2,Hermes,Hermes LC Hannover Langenhagen,1,117.0,118.0
0.75,0.2,Hermes,Hermes LC Hannover Langenhagen,2,126.0,123.0
0.75,0.2,Hermes,Hermes LC Hannover Langenhagen,3,121.0,122.0
0.75,0.2,Hermes,Hermes LC Hannover Langenhagen,4,107.0,107.0
0.75,0.2,Hermes,Hermes LC Hannover Langenhagen,5,81.0,100.0
0.75,0.2,UPS,UPS Depot Hannover,0,93.0,99.0
0.75,0.2,UPS,UPS Depot Hannover,1,110.0,106.0
0.75,0.2,UPS,UPS Depot Hannover,2,109.0,106.0
0.75,0.2,UPS,UPS Depot Hannover,3,112.0,105.0
0.75,0.2,UPS,UPS Depot Hannover,4,99.0,100.0
0.75,0.2,UPS,UPS Depot Hannover,5,84.0,99.0
0.75,0.3,DHL,Brief- und Logistikzentrum in Pattensen (Hannover),0,26.0,26.0
0.75,0.3,DHL,Brief- und Logistikzentrum in Pattensen (Hannover),1,27.0,27.0
0.75,0.3,DHL,Brief- und Logistikzentrum in Pattensen (Hannover),2,28.0,28.0
0.75,0.3,DHL,Brief- und Logistikzentrum in Pattensen (Hannover),3,27.0,27.0
0.75,0.3,DHL,Brief- und Logistikzentrum in Pattensen (Hannover),4,24.0,24.0
0.75,0.3,DHL,Brief- und Logistikzentrum in Pattensen (Hannover),5,18.0,18.0
0.75,0.3,DHL,"Deutsche Post, Bantorf",0,10.0,10.0
0.75,0.3,DHL,"Deutsche Post, Bantorf",1,11.0,11.0
0.75,0.3,DHL,"Deutsche Post, Bantorf",2,13.0,13.0
0.75,0.3,DHL,"Deutsche Post, Bantorf",3,12.0,12.0
0.75,0.3,DHL,"Deutsche Post, Bantorf",4,10.0,10.0
0.75,0.3,DHL,"Deutsche Post, Bantorf",5,8.0,8.0
0.75,0.3,DHL,"Deutsche Post, Bissendorf",0,44.0,44.0
0.75,0.3,DHL,"Deutsche Post, Bissendorf",1,48.0,48.0
0.75,0.3,DHL,"Deutsche Post, Bissendorf",2,53.0,53.0
0.75,0.3,DHL,"Deutsche Post, Bissendorf",3,49.0,49.0
0.75,0.3,DHL,"Deutsche Post, Bissendorf",4,41.0,41.0
0.75,0.3,DHL,"Deutsche Post, Bissendorf",5,32.0,32.0
0.75,0.3,DHL,"Deutsche Post, Burgdorf",0,10.0,10.0
0.75,0.3,DHL,"Deutsche Post, Burgdorf",1,10.0,10.0
0.75,0.3,DHL,"Deutsche Post, Burgdorf",2,12.0,12.0
0.75,0.3,DHL,"Deutsche Post, Burgdorf",3,11.0,11.0
0.75,0.3,DHL,"Deutsche Post, Burgdorf",4,9.0,9.0
0.75,0.3,DHL,"Deutsche Post, Burgdorf",5,7.0,7.0
0.75,0.3,DHL,"Deutsche Post, Garbsen",0,12.0,12.0
0.75,0.3,DHL,"Deutsche Post, Garbsen",1,13.0,13.0
0.75,0.3,DHL,"Deutsche Post, Garbsen",2,15.0,15.0
0.75,0.3,DHL,"Deutsche Post, Garbsen",3,15.0,15.0
0.75,0.3,DHL,"Deutsche Post, Garbsen",4,12.0,12.0
0.75,0.3,DHL,"Deutsche Post, Garbsen",5,10.0,10.0
0.75,0.3,DHL,"Deutsche Post, Lehrte",0,14.0,14.0
0.75,0.3,DHL,"Deutsche Post, Lehrte",1,15.0,15.0
0.75,0.3,DHL,"Deutsche Post, Lehrte",2,17.0,17.0
0.75,0.3,DHL,"Deutsche Post, Lehrte",3,15.0,15.0
0.75,0.3,DHL,"Deutsche Post, Lehrte",4,13.0,13.0
0.75,0.3,DHL,"Deutsche Post, Lehrte",5,10.0,10.0
0.75,0.3,DHL,"Deutsche Post, Neustadt",0,13.0,13.0
0.75,0.3,DHL,"Deutsche Post, Neustadt",1,15.0,15.0
0.75,0.3,DHL,"Deutsche Post, Neustadt",2,16.0,16.0
0.75,0.3,DHL,"Deutsche Post, Neustadt",3,15.0,15.0
0.75,0.3,DHL,"Deutsche Post, Neustadt",4,13.0,13.0
0.75,0.3,DHL,"Deutsche Post, Neustadt",5,10.0,10.0
0.75,0.3,DHL,"Deutsche Post, Springe",0,9.0,9.0
0.75,0.3,DHL,"Deutsche Post, Springe",1,9.0,9.0
0.75,0.3,DHL,"Deutsche Post, Springe",2,11.0,11.0
0.75,0.3,DHL,"Deutsche Post, Springe",3,10.0,10.0
0.75,0.3,DHL,"Deutsche Post, Springe",4,9.0,9.0
0.75,0.3,DHL,"Deutsche Post, Springe",5,7.0,7.0
0.75,0.3,DHL,"Deutsche Post, Wunstorf",0,15.0,15.0
0.75,0.3,DHL,"Deutsche Post, Wunstorf",1,15.0,15.0
0.75,0.3,DHL,"Deutsche Post, Wunstorf",2,16.0,16.0
0.75,0.3,DHL,"Deutsche Post, Wunstorf",3,16.0,16.0
0.75,0.3,DHL,"Deutsche Post, Wunstorf",4,14.0,14.0
0.75,0.3,DHL,"Deutsche Post, Wunstorf",5,11.0,11.0
0.75,0.3,DHL,Dummy Seelze,0,17.0,17.0
0.75,0.3,DHL,Dummy Seelze,1,19.0,19.0
0.75,0.3,DHL,Dummy Seelze,2,21.0,21.0
0.75,0.3,DHL,Dummy Seelze,3,20.0,20.0
0.75,0.3,DHL,Dummy Seelze,4,17.0,17.0
0.75,0.3,DHL,Dummy Seelze,5,13.0,13.0
0.75,0.3,DHL,Dummy Sehnde,0,9.0,9.0
0.75,0.3,DHL,Dummy Sehnde,1,9.0,9.0
0.75,0.3,DHL,Dummy Sehnde,2,10.0,10.0
0.75,0.3,DHL,Dummy Sehnde,3,9.0,9.0
0.75,0.3,DHL,Dummy Sehnde,4,8.0,8.0
0.75,0.3,DHL,Dummy Sehnde,5,6.0,6.0
0.75,0.3,DHL,Dummy Uetze,0,7.0,7.0
0.75,0.3,DHL,Dummy Uetze,1,7.0,7.0
0.75,0.3,DHL,Dummy Uetze,2,7.0,7.0
0.75,0.3,DHL,Dummy Uetze,3,8.0,8.0
0.75,0.3,DHL,Dummy Uetze,4,6.0,6.0
0.75,0.3,DHL,Dummy Uetze,5,5.0,5.0
0.75,0.3,DHL,Dummy Wennigsen,0,11.0,11.0
0.75,0.3,DHL,Dummy Wennigsen,1,12.0,12.0
0.75,0.3,DHL,Dummy Wennigsen,2,12.0,12.0
0.75,0.3,DHL,Dummy Wennigsen,3,12.0,12.0
0.75,0.3,DHL,Dummy Wennigsen,4,10.0,10.0
0.75,0.3,DHL,Dummy Wennigsen,5,8.0,8.0
0.75,0.3,DHL,Paketzentrum / Zustellbasis Anderten,0,40.0,40.0
0.75,0.3,DHL,Paketzentrum / Zustellbasis Anderten,1,44.0,44.0
0.75,0.3,DHL,Paketzentrum / Zustellbasis Anderten,2,47.0,47.0
0.75,0.3,DHL,Paketzentrum / Zustellbasis Anderten,3,44.0,44.0
0.75,0.3,DHL,Paketzentrum / Zustellbasis Anderten,4,37.0,37.0
0.75,0.3,DHL,Paketzentrum / Zustellbasis Anderten,5,32.0,32.0
0.75,0.3,DHL,Zustellbasis Hannover am Güterbahnhof,0,102.0,102.0
0.75,0.3,DHL,Zustellbasis Hannover am Güterbahnhof,1,107.0,107.0
0.75,0.3,DHL,Zustellbasis Hannover am Güterbahnhof,2,122.0,122.0
0.75,0.3,DHL,Zustellbasis Hannover am Güterbahnhof,3,115.0,115.0
0.75,0.3,DHL,Zustellbasis Hannover am Güterbahnhof,4,97.0,97.0
0.75,0.3,DHL,Zustellbasis Hannover am Güterbahnhof,5,75.0,75.0
0.75,0.3,DHL,Zustellbasis Hannover-Süd,0,55.0,55.0
0.75,0.3,DHL,Zustellbasis Hannover-Süd,1,58.0,58.0
0.75,0.3,DHL,Zustellbasis Hannover-Süd,2,60.0,60.0
0.75,0.3,DHL,Zustellbasis Hannover-Süd,3,68.0,68.0
0.75,0.3,DHL,Zustellbasis Hannover-Süd,4,52.0,52.0
0.75,0.3,DHL,Zustellbasis Hannover-Süd,5,41.0,41.0
0.75,0.3,Amazon,Amazon Logistics HAJ8 in Garbsen,0,179.0,183.0
0.75,0.3,Amazon,Amazon Logistics HAJ8 in Garbsen,1,193.0,193.0
0.75,0.3,Amazon,Amazon Logistics HAJ8 in Garbsen,2,209.0,206.0
0.75,0.3,Amazon,Amazon Logistics HAJ8 in Garbsen,3,205.0,206.0
0.75,0.3,Amazon,Amazon Logistics HAJ8 in Garbsen,4,168.0,163.0
0.75,0.3,Amazon,Amazon Logistics HAJ8 in Garbsen,5,139.0,163.0
0.75,0.3,DPD,DPD Paketzentrum in Lehrte,0,89.0,90.0
0.75,0.3,DPD,DPD Paketzentrum in Lehrte,1,91.0,94.0
0.75,0.3,DPD,DPD Paketzentrum in Lehrte,2,103.0,99.0
0.75,0.3,DPD,DPD Paketzentrum in Lehrte,3,101.0,99.0
0.75,0.3,DPD,DPD Paketzentrum in Lehrte,4,91.0,86.0
0.75,0.3,DPD,DPD Paketzentrum in Lehrte,5,71.0,86.0
0.75,0.3,FedEx,FedEx Station - Heinz-Peter-Piper Str.,0,89.0,87.0
0.75,0.3,FedEx,FedEx Station - Heinz-Peter-Piper Str.,1,87.0,89.0
0.75,0.3,FedEx,FedEx Station - Heinz-Peter-Piper Str.,2,99.0,89.0
0.75,0.3,FedEx,FedEx Station - Heinz-Peter-Piper Str.,3,93.0,88.0
0.75,0.3,FedEx,FedEx Station - Heinz-Peter-Piper Str.,4,87.0,87.0
0.75,0.3,FedEx,FedEx Station - Heinz-Peter-Piper Str.,5,63.0,87.0
0.75,0.3,GLS,GLS in Hannover Laatzen,0,77.0,75.0
0.75,0.3,GLS,GLS in Hannover Laatzen,1,83.0,83.0
0.75,0.3,GLS,GLS in Hannover Laatzen,2,85.0,87.0
0.75,0.3,GLS,GLS in Hannover Laatzen,3,94.0,87.0
0.75,0.3,GLS,GLS in Hannover Laatzen,4,75.0,75.0
0.75,0.3,GLS,GLS in Hannover Laatzen,5,62.0,75.0
0.75,0.3,Hermes,Hermes LC Hannover Langenhagen,0,105.0,113.0
0.75,0.3,Hermes,Hermes LC Hannover Langenhagen,1,116.0,115.0
0.75,0.3,Hermes,Hermes LC Hannover Langenhagen,2,125.0,120.0
0.75,0.3,Hermes,Hermes LC Hannover Langenhagen,3,120.0,120.0
0.75,0.3,Hermes,Hermes LC Hannover Langenhagen,4,104.0,99.0
0.75,0.3,Hermes,Hermes LC Hannover Langenhagen,5,79.0,99.0
0.75,0.3,UPS,UPS Depot Hannover,0,100.0,94.0
0.75,0.3,UPS,UPS Depot Hannover,1,106.0,112.0
0.75,0.3,UPS,UPS Depot Hannover,2,120.0,112.0
0.75,0.3,UPS,UPS Depot Hannover,3,111.0,112.0
0.75,0.3,UPS,UPS Depot Hannover,4,102.0,94.0
0.75,0.3,UPS,UPS Depot Hannover,5,77.0,94.0
0.75,0.4,DHL,Brief- und Logistikzentrum in Pattensen (Hannover),0,26.0,26.0
0.75,0.4,DHL,Brief- und Logistikzentrum in Pattensen (Hannover),1,27.0,27.0
0.75,0.4,DHL,Brief- und Logistikzentrum in Pattensen (Hannover),2,28.0,28.0
0.75,0.4,DHL,Brief- und Logistikzentrum in Pattensen (Hannover),3,27.0,27.0
0.75,0.4,DHL,Brief- und Logistikzentrum in Pattensen (Hannover),4,24.0,24.0
0.75,0.4,DHL,Brief- und Logistikzentrum in Pattensen (Hannover),5,18.0,18.0
0.75,0.4,DHL,"Deutsche Post, Bantorf",0,10.0,10.0
0.75,0.4,DHL,"Deutsche Post, Bantorf",1,11.0,11.0
0.75,0.4,DHL,"Deutsche Post, Bantorf",2,13.0,13.0
0.75,0.4,DHL,"Deutsche Post, Bantorf",3,12.0,12.0
0.75,0.4,DHL,"Deutsche Post, Bantorf",4,10.0,10.0
0.75,0.4,DHL,"Deutsche Post, Bantorf",5,8.0,8.0
0.75,0.4,DHL,"Deutsche Post, Bissendorf",0,44.0,44.0
0.75,0.4,DHL,"Deutsche Post, Bissendorf",1,48.0,48.0
0.75,0.4,DHL,"Deutsche Post, Bissendorf",2,53.0,53.0
0.75,0.4,DHL,"Deutsche Post, Bissendorf",3,49.0,49.0
0.75,0.4,DHL,"Deutsche Post, Bissendorf",4,41.0,41.0
0.75,0.4,DHL,"Deutsche Post, Bissendorf",5,32.0,32.0
0.75,0.4,DHL,"Deutsche Post, Burgdorf",0,10.0,10.0
0.75,0.4,DHL,"Deutsche Post, Burgdorf",1,10.0,10.0
0.75,0.4,DHL,"Deutsche Post, Burgdorf",2,12.0,12.0
0.75,0.4,DHL,"Deutsche Post, Burgdorf",3,11.0,11.0
0.75,0.4,DHL,"Deutsche Post, Burgdorf",4,9.0,9.0
0.75,0.4,DHL,"Deutsche Post, Burgdorf",5,7.0,7.0
0.75,0.4,DHL,"Deutsche Post, Garbsen",0,12.0,12.0
0.75,0.4,DHL,"Deutsche Post, Garbsen",1,13.0,13.0
0.75,0.4,DHL,"Deutsche Post, Garbsen",2,15.0,15.0
0.75,0.4,DHL,"Deutsche Post, Garbsen",3,15.0,15.0
0.75,0.4,DHL,"Deutsche Post, Garbsen",4,12.0,12.0
0.75,0.4,DHL,"Deutsche Post, Garbsen",5,10.0,10.0
0.75,0.4,DHL,"Deutsche Post, Lehrte",0,14.0,14.0
0.75,0.4,DHL,"Deutsche Post, Lehrte",1,15.0,15.0
0.75,0.4,DHL,"Deutsche Post, Lehrte",2,17.0,17.0
0.75,0.4,DHL,"Deutsche Post, Lehrte",3,15.0,15.0
0.75,0.4,DHL,"Deutsche Post, Lehrte",4,13.0,13.0
0.75,0.4,DHL,"Deutsche Post, Lehrte",5,10.0,10.0
0.75,0.4,DHL,"Deutsche Post, Neustadt",0,13.0,13.0
0.75,0.4,DHL,"Deutsche Post, Neustadt",1,15.0,15.0
0.75,0.4,DHL,"Deutsche Post, Neustadt",2,16.0,16.0
0.75,0.4,DHL,"Deutsche Post, Neustadt",3,15.0,15.0
0.75,0.4,DHL,"Deutsche Post, Neustadt",4,13.0,13.0
0.75,0.4,DHL,"Deutsche Post, Neustadt",5,10.0,10.0
0.75,0.4,DHL,"Deutsche Post, Springe",0,9.0,9.0
0.75,0.4,DHL,"Deutsche Post, Springe",1,9.0,9.0
0.75,0.4,DHL,"Deutsche Post, Springe",2,11.0,11.0
0.75,0.4,DHL,"Deutsche Post, Springe",3,10.0,10.0
0.75,0.4,DHL,"Deutsche Post, Springe",4,9.0,9.0
0.75,0.4,DHL,"Deutsche Post, Springe",5,7.0,7.0
0.75,0.4,DHL,"Deutsche Post, Wunstorf",0,15.0,15.0
0.75,0.4,DHL,"Deutsche Post, Wunstorf",1,15.0,15.0
0.75,0.4,DHL,"Deutsche Post, Wunstorf",2,16.0,16.0
0.75,0.4,DHL,"Deutsche Post, Wunstorf",3,16.0,16.0
0.75,0.4,DHL,"Deutsche Post, Wunstorf",4,14.0,14.0
0.75,0.4,DHL,"Deutsche Post, Wunstorf",5,11.0,11.0
0.75,0.4,DHL,Dummy Seelze,0,17.0,17.0
0.75,0.4,DHL,Dummy Seelze,1,19.0,19.0
0.75,0.4,DHL,Dummy Seelze,2,21.0,21.0
0.75,0.4,DHL,Dummy Seelze,3,20.0,20.0
0.75,0.4,DHL,Dummy Seelze,4,17.0,17.0
0.75,0.4,DHL,Dummy Seelze,5,13.0,13.0
0.75,0.4,DHL,Dummy Sehnde,0,9.0,9.0
0.75,0.4,DHL,Dummy Sehnde,1,9.0,9.0
0.75,0.4,DHL,Dummy Sehnde,2,10.0,10.0
0.75,0.4,DHL,Dummy Sehnde,3,9.0,9.0
0.75,0.4,DHL,Dummy Sehnde,4,8.0,8.0
0.75,0.4,DHL,Dummy Sehnde,5,6.0,6.0
0.75,0.4,DHL,Dummy Uetze,0,7.0,7.0
0.75,0.4,DHL,Dummy Uetze,1,7.0,7.0
0.75,0.4,DHL,Dummy Uetze,2,7.0,7.0
0.75,0.4,DHL,Dummy Uetze,3,8.0,8.0
0.75,0.4,DHL,Dummy Uetze,4,6.0,6.0
0.75,0.4,DHL,Dummy Uetze,5,5.0,5.0
0.75,0.4,DHL,Dummy Wennigsen,0,11.0,11.0
0.75,0.4,DHL,Dummy Wennigsen,1,12.0,12.0
0.75,0.4,DHL,Dummy Wennigsen,2,12.0,12.0
0.75,0.4,DHL,Dummy Wennigsen,3,12.0,12.0
0.75,0.4,DHL,Dummy Wennigsen,4,10.0,10.0
0.75,0.4,DHL,Dummy Wennigsen,5,8.0,8.0
0.75,0.4,DHL,Paketzentrum / Zustellbasis Anderten,0,40.0,40.0
0.75,0.4,DHL,Paketzentrum / Zustellbasis Anderten,1,44.0,44.0
0.75,0.4,DHL,Paketzentrum / Zustellbasis Anderten,2,47.0,47.0
0.75,0.4,DHL,Paketzentrum / Zustellbasis Anderten,3,44.0,44.0
0.75,0.4,DHL,Paketzentrum / Zustellbasis Anderten,4,39.0,39.0
0.75,0.4,DHL,Paketzentrum / Zustellbasis Anderten,5,31.0,31.0
0.75,0.4,DHL,Zustellbasis Hannover am Güterbahnhof,0,102.0,102.0
0.75,0.4,DHL,Zustellbasis Hannover am Güterbahnhof,1,107.0,107.0
0.75,0.4,DHL,Zustellbasis Hannover am Güterbahnhof,2,122.0,122.0
0.75,0.4,DHL,Zustellbasis Hannover am Güterbahnhof,3,115.0,115.0
0.75,0.4,DHL,Zustellbasis Hannover am Güterbahnhof,4,97.0,97.0
0.75,0.4,DHL,Zustellbasis Hannover am Güterbahnhof,5,75.0,75.0
0.75,0.4,DHL,Zustellbasis Hannover-Süd,0,55.0,55.0
0.75,0.4,DHL,Zustellbasis Hannover-Süd,1,58.0,58.0
0.75,0.4,DHL,Zustellbasis Hannover-Süd,2,67.0,67.0
0.75,0.4,DHL,Zustellbasis Hannover-Süd,3,64.0,64.0
0.75,0.4,DHL,Zustellbasis Hannover-Süd,4,52.0,52.0
0.75,0.4,DHL,Zustellbasis Hannover-Süd,5,41.0,41.0
0.75,0.4,Amazon,Amazon Logistics HAJ8 in Garbsen,0,173.0,183.0
0.75,0.4,Amazon,Amazon Logistics HAJ8 in Garbsen,1,195.0,197.0
0.75,0.4,Amazon,Amazon Logistics HAJ8 in Garbsen,2,210.0,204.0
0.75,0.4,Amazon,Amazon Logistics HAJ8 in Garbsen,3,211.0,204.0
0.75,0.4,Amazon,Amazon Logistics HAJ8 in Garbsen,4,174.0,166.0
0.75,0.4,Amazon,Amazon Logistics HAJ8 in Garbsen,5,139.0,166.0
0.75,0.4,DPD,DPD Paketzentrum in Lehrte,0,91.0,88.0
0.75,0.4,DPD,DPD Paketzentrum in Lehrte,1,96.0,98.0
0.75,0.4,DPD,DPD Paketzentrum in Lehrte,2,105.0,98.0
0.75,0.4,DPD,DPD Paketzentrum in Lehrte,3,95.0,98.0
0.75,0.4,DPD,DPD Paketzentrum in Lehrte,4,92.0,89.0
0.75,0.4,DPD,DPD Paketzentrum in Lehrte,5,70.0,88.0
0.75,0.4,FedEx,FedEx Station - Heinz-Peter-Piper Str.,0,96.0,87.0
0.75,0.4,FedEx,FedEx Station - Heinz-Peter-Piper Str.,1,78.0,89.0
0.75,0.4,FedEx,FedEx Station - Heinz-Peter-Piper Str.,2,105.0,89.0
0.75,0.4,FedEx,FedEx Station - Heinz-Peter-Piper Str.,3,87.0,87.0
0.75,0.4,FedEx,FedEx Station - Heinz-Peter-Piper Str.,4,96.0,87.0
0.75,0.4,FedEx,FedEx Station - Heinz-Peter-Piper Str.,5,58.0,87.0
0.75,0.4,GLS,GLS in Hannover Laatzen,0,81.0,81.0
0.75,0.4,GLS,GLS in Hannover Laatzen,1,80.0,79.0
0.75,0.4,GLS,GLS in Hannover Laatzen,2,85.0,89.0
0.75,0.4,GLS,GLS in Hannover Laatzen,3,94.0,89.0
0.75,0.4,GLS,GLS in Hannover Laatzen,4,79.0,77.0
0.75,0.4,GLS,GLS in Hannover Laatzen,5,59.0,77.0
0.75,0.4,Hermes,Hermes LC Hannover Langenhagen,0,103.0,105.0
0.75,0.4,Hermes,Hermes LC Hannover Langenhagen,1,112.0,111.0
0.75,0.4,Hermes,Hermes LC Hannover Langenhagen,2,116.0,111.0
0.75,0.4,Hermes,Hermes LC Hannover Langenhagen,3,109.0,112.0
0.75,0.4,Hermes,Hermes LC Hannover Langenhagen,4,110.0,105.0
0.75,0.4,Hermes,Hermes LC Hannover Langenhagen,5,79.0,105.0
0.75,0.4,UPS,UPS Depot Hannover,0,94.0,98.0
0.75,0.4,UPS,UPS Depot Hannover,1,108.0,110.0
0.75,0.4,UPS,UPS Depot Hannover,2,118.0,112.0
0.75,0.4,UPS,UPS Depot Hannover,3,114.0,112.0
0.75,0.4,UPS,UPS Depot Hannover,4,100.0,98.0
0.75,0.4,UPS,UPS Depot Hannover,5,86.0,98.0
0.75,0.5,DHL,Brief- und Logistikzentrum in Pattensen (Hannover),0,26.0,26.0
0.75,0.5,DHL,Brief- und Logistikzentrum in Pattensen (Hannover),1,27.0,27.0
0.75,0.5,DHL,Brief- und Logistikzentrum in Pattensen (Hannover),2,28.0,28.0
0.75,0.5,DHL,Brief- und Logistikzentrum in Pattensen (Hannover),3,27.0,27.0
0.75,0.5,DHL,Brief- und Logistikzentrum in Pattensen (Hannover),4,24.0,24.0
0.75,0.5,DHL,Brief- und Logistikzentrum in Pattensen (Hannover),5,18.0,18.0
0.75,0.5,DHL,"Deutsche Post, Bantorf",0,10.0,10.0
0.75,0.5,DHL,"Deutsche Post, Bantorf",1,11.0,11.0
0.75,0.5,DHL,"Deutsche Post, Bantorf",2,13.0,13.0
0.75,0.5,DHL,"Deutsche Post, Bantorf",3,12.0,12.0
0.75,0.5,DHL,"Deutsche Post, Bantorf",4,10.0,10.0
0.75,0.5,DHL,"Deutsche Post, Bantorf",5,8.0,8.0
0.75,0.5,DHL,"Deutsche Post, Bissendorf",0,44.0,44.0
0.75,0.5,DHL,"Deutsche Post, Bissendorf",1,48.0,48.0
0.75,0.5,DHL,"Deutsche Post, Bissendorf",2,53.0,53.0
0.75,0.5,DHL,"Deutsche Post, Bissendorf",3,49.0,49.0
0.75,0.5,DHL,"Deutsche Post, Bissendorf",4,41.0,41.0
0.75,0.5,DHL,"Deutsche Post, Bissendorf",5,32.0,32.0
0.75,0.5,DHL,"Deutsche Post, Burgdorf",0,10.0,10.0
0.75,0.5,DHL,"Deutsche Post, Burgdorf",1,10.0,10.0
0.75,0.5,DHL,"Deutsche Post, Burgdorf",2,12.0,12.0
0.75,0.5,DHL,"Deutsche Post, Burgdorf",3,11.0,11.0
0.75,0.5,DHL,"Deutsche Post, Burgdorf",4,9.0,9.0
0.75,0.5,DHL,"Deutsche Post, Burgdorf",5,7.0,7.0
0.75,0.5,DHL,"Deutsche Post, Garbsen",0,12.0,12.0
0.75,0.5,DHL,"Deutsche Post, Garbsen",1,13.0,13.0
0.75,0.5,DHL,"Deutsche Post, Garbsen",2,15.0,15.0
0.75,0.5,DHL,"Deutsche Post, Garbsen",3,15.0,15.0
0.75,0.5,DHL,"Deutsche Post, Garbsen",4,12.0,12.0
0.75,0.5,DHL,"Deutsche Post, Garbsen",5,10.0,10.0
0.75,0.5,DHL,"Deutsche Post, Lehrte",0,14.0,14.0
0.75,0.5,DHL,"Deutsche Post, Lehrte",1,15.0,15.0
0.75,0.5,DHL,"Deutsche Post, Lehrte",2,17.0,17.0
0.75,0.5,DHL,"Deutsche Post, Lehrte",3,15.0,15.0
0.75,0.5,DHL,"Deutsche Post, Lehrte",4,13.0,13.0
0.75,0.5,DHL,"Deutsche Post, Lehrte",5,10.0,10.0
0.75,0.5,DHL,"Deutsche Post, Neustadt",0,13.0,13.0
0.75,0.5,DHL,"Deutsche Post, Neustadt",1,15.0,15.0
0.75,0.5,DHL,"Deutsche Post, Neustadt",2,16.0,16.0
0.75,0.5,DHL,"Deutsche Post, Neustadt",3,15.0,15.0
0.75,0.5,DHL,"Deutsche Post, Neustadt",4,13.0,13.0
0.75,0.5,DHL,"Deutsche Post, Neustadt",5,10.0,10.0
0.75,0.5,DHL,"Deutsche Post, Springe",0,9.0,9.0
0.75,0.5,DHL,"Deutsche Post, Springe",1,9.0,9.0
0.75,0.5,DHL,"Deutsche Post, Springe",2,11.0,11.0
0.75,0.5,DHL,"Deutsche Post, Springe",3,10.0,10.0
0.75,0.5,DHL,"Deutsche Post, Springe",4,9.0,9.0
0.75,0.5,DHL,"Deutsche Post, Springe",5,7.0,7.0
0.75,0.5,DHL,"Deutsche Post, Wunstorf",0,15.0,15.0
0.75,0.5,DHL,"Deutsche Post, Wunstorf",1,15.0,15.0
0.75,0.5,DHL,"Deutsche Post, Wunstorf",2,16.0,16.0
0.75,0.5,DHL,"Deutsche Post, Wunstorf",3,16.0,16.0
0.75,0.5,DHL,"Deutsche Post, Wunstorf",4,14.0,14.0
0.75,0.5,DHL,"Deutsche Post, Wunstorf",5,11.0,11.0
0.75,0.5,DHL,Dummy Seelze,0,17.0,17.0
0.75,0.5,DHL,Dummy Seelze,1,19.0,19.0
0.75,0.5,DHL,Dummy Seelze,2,21.0,21.0
0.75,0.5,DHL,Dummy Seelze,3,20.0,20.0
0.75,0.5,DHL,Dummy Seelze,4,17.0,17.0
0.75,0.5,DHL,Dummy Seelze,5,13.0,13.0
0.75,0.5,DHL,Dummy Sehnde,0,9.0,9.0
0.75,0.5,DHL,Dummy Sehnde,1,9.0,9.0
0.75,0.5,DHL,Dummy Sehnde,2,10.0,10.0
0.75,0.5,DHL,Dummy Sehnde,3,9.0,9.0
0.75,0.5,DHL,Dummy Sehnde,4,8.0,8.0
0.75,0.5,DHL,Dummy Sehnde,5,6.0,6.0
0.75,0.5,DHL,Dummy Uetze,0,7.0,7.0
0.75,0.5,DHL,Dummy Uetze,1,7.0,7.0
0.75,0.5,DHL,Dummy Uetze,2,7.0,7.0
0.75,0.5,DHL,Dummy Uetze,3,8.0,8.0
0.75,0.5,DHL,Dummy Uetze,4,6.0,6.0
0.75,0.5,DHL,Dummy Uetze,5,5.0,5.0
0.75,0.5,DHL,Dummy Wennigsen,0,11.0,11.0
0.75,0.5,DHL,Dummy Wennigsen,1,12.0,12.0
0.75,0.5,DHL,Dummy Wennigsen,2,12.0,12.0
0.75,0.5,DHL,Dummy Wennigsen,3,12.0,12.0
0.75,0.5,DHL,Dummy Wennigsen,4,10.0,10.0
0.75,0.5,DHL,Dummy Wennigsen,5,8.0,8.0
0.75,0.5,DHL,Paketzentrum / Zustellbasis Anderten,0,40.0,40.0
0.75,0.5,DHL,Paketzentrum / Zustellbasis Anderten,1,44.0,44.0
0.75,0.5,DHL,Paketzentrum / Zustellbasis Anderten,2,47.0,47.0
0.75,0.5,DHL,Paketzentrum / Zustellbasis Anderten,3,44.0,44.0
0.75,0.5,DHL,Paketzentrum / Zustellbasis Anderten,4,39.0,39.0
0.75,0.5,DHL,Paketzentrum / Zustellbasis Anderten,5,31.0,31.0
0.75,0.5,DHL,Zustellbasis Hannover am Güterbahnhof,0,102.0,102.0
0.75,0.5,DHL,Zustellbasis Hannover am Güterbahnhof,1,107.0,107.0
0.75,0.5,DHL,Zustellbasis Hannover am Güterbahnhof,2,122.0,122.0
0.75,0.5,DHL,Zustellbasis Hannover am Güterbahnhof,3,115.0,115.0
0.75,0.5,DHL,Zustellbasis Hannover am Güterbahnhof,4,97.0,97.0
0.75,0.5,DHL,Zustellbasis Hannover am Güterbahnhof,5,75.0,75.0
0.75,0.5,DHL,Zustellbasis Hannover-Süd,0,55.0,55.0
0.75,0.5,DHL,Zustellbasis Hannover-Süd,1,58.0,58.0
0.75,0.5,DHL,Zustellbasis Hannover-Süd,2,67.0,67.0
0.75,0.5,DHL,Zustellbasis Hannover-Süd,3,64.0,64.0
0.75,0.5,DHL,Zustellbasis Hannover-Süd,4,52.0,52.0
0.75,0.5,DHL,Zustellbasis Hannover-Süd,5,41.0,41.0
0.75,0.5,Amazon,Amazon Logistics HAJ8 in Garbsen,0,180.0,188.0
0.75,0.5,Amazon,Amazon Logistics HAJ8 in Garbsen,1,194.0,199.0
0.75,0.5,Amazon,Amazon Logistics HAJ8 in Garbsen,2,213.0,200.0
0.75,0.5,Amazon,Amazon Logistics HAJ8 in Garbsen,3,206.0,195.0
0.75,0.5,Amazon,Amazon Logistics HAJ8 in Garbsen,4,171.0,171.0
0.75,0.5,Amazon,Amazon Logistics HAJ8 in Garbsen,5,137.0,171.0
0.75,0.5,DPD,DPD Paketzentrum in Lehrte,0,91.0,92.0
0.75,0.5,DPD,DPD Paketzentrum in Lehrte,1,92.0,98.0
0.75,0.5,DPD,DPD Paketzentrum in Lehrte,2,103.0,98.0
0.75,0.5,DPD,DPD Paketzentrum in Lehrte,3,101.0,96.0
0.75,0.5,DPD,DPD Paketzentrum in Lehrte,4,93.0,92.0
0.75,0.5,DPD,DPD Paketzentrum in Lehrte,5,70.0,92.0
0.75,0.5,FedEx,FedEx Station - Heinz-Peter-Piper Str.,0,89.0,88.0
0.75,0.5,FedEx,FedEx Station - Heinz-Peter-Piper Str.,1,90.0,91.0
0.75,0.5,FedEx,FedEx Station - Heinz-Peter-Piper Str.,2,91.0,90.0
0.75,0.5,FedEx,FedEx Station - Heinz-Peter-Piper Str.,3,104.0,91.0
0.75,0.5,FedEx,FedEx Station - Heinz-Peter-Piper Str.,4,86.0,89.0
0.75,0.5,FedEx,FedEx Station - Heinz-Peter-Piper Str.,5,69.0,88.0
0.75,0.5,GLS,GLS in Hannover Laatzen,0,74.0,79.0
0.75,0.5,GLS,GLS in Hannover Laatzen,1,84.0,84.0
0.75,0.5,GLS,GLS in Hannover Laatzen,2,91.0,84.0
0.75,0.5,GLS,GLS in Hannover Laatzen,3,83.0,83.0
0.75,0.5,GLS,GLS in Hannover Laatzen,4,81.0,78.0
0.75,0.5,GLS,GLS in Hannover Laatzen,5,62.0,78.0
0.75,0.5,Hermes,Hermes LC Hannover Langenhagen,0,107.0,111.0
0.75,0.5,Hermes,Hermes LC Hannover Langenhagen,1,113.0,111.0
0.75,0.5,Hermes,Hermes LC Hannover Langenhagen,2,117.0,111.0
0.75,0.5,Hermes,Hermes LC Hannover Langenhagen,3,112.0,108.0
0.75,0.5,Hermes,Hermes LC Hannover Langenhagen,4,104.0,101.0
0.75,0.5,Hermes,Hermes LC Hannover Langenhagen,5,78.0,101.0
0.75,0.5,UPS,UPS Depot Hannover,0,98.0,99.0
0.75,0.5,UPS,UPS Depot Hannover,1,111.0,111.0
0.75,0.5,UPS,UPS Depot Hannover,2,118.0,111.0
0.75,0.5,UPS,UPS Depot Hannover,3,117.0,110.0
0.75,0.5,UPS,UPS Depot Hannover,4,100.0,100.0
0.75,0.5,UPS,UPS Depot Hannover,5,80.0,99.0
0.75,0.6,DHL,Brief- und Logistikzentrum in Pattensen (Hannover),0,26.0,26.0
0.75,0.6,DHL,Brief- und Logistikzentrum in Pattensen (Hannover),1,27.0,27.0
0.75,0.6,DHL,Brief- und Logistikzentrum in Pattensen (Hannover),2,28.0,28.0
0.75,0.6,DHL,Brief- und Logistikzentrum in Pattensen (Hannover),3,27.0,27.0
0.75,0.6,DHL,Brief- und Logistikzentrum in Pattensen (Hannover),4,24.0,24.0
0.75,0.6,DHL,Brief- und Logistikzentrum in Pattensen (Hannover),5,18.0,18.0
0.75,0.6,DHL,"Deutsche Post, Bantorf",0,10.0,10.0
0.75,0.6,DHL,"Deutsche Post, Bantorf",1,11.0,11.0
0.75,0.6,DHL,"Deutsche Post, Bantorf",2,13.0,13.0
0.75,0.6,DHL,"Deutsche Post, Bantorf",3,12.0,12.0
0.75,0.6,DHL,"Deutsche Post, Bantorf",4,10.0,10.0
0.75,0.6,DHL,"Deutsche Post, Bantorf",5,8.0,8.0
0.75,0.6,DHL,"Deutsche Post, Bissendorf",0,44.0,44.0
0.75,0.6,DHL,"Deutsche Post, Bissendorf",1,48.0,48.0
0.75,0.6,DHL,"Deutsche Post, Bissendorf",2,53.0,53.0
0.75,0.6,DHL,"Deutsche Post, Bissendorf",3,49.0,49.0
0.75,0.6,DHL,"Deutsche Post, Bissendorf",4,41.0,41.0
0.75,0.6,DHL,"Deutsche Post, Bissendorf",5,32.0,32.0
0.75,0.6,DHL,"Deutsche Post, Burgdorf",0,10.0,10.0
0.75,0.6,DHL,"Deutsche Post, Burgdorf",1,10.0,10.0
0.75,0.6,DHL,"Deutsche Post, Burgdorf",2,12.0,12.0
0.75,0.6,DHL,"Deutsche Post, Burgdorf",3,11.0,11.0
0.75,0.6,DHL,"Deutsche Post, Burgdorf",4,9.0,9.0
0.75,0.6,DHL,"Deutsche Post, Burgdorf",5,7.0,7.0
0.75,0.6,DHL,"Deutsche Post, Garbsen",0,12.0,12.0
0.75,0.6,DHL,"Deutsche Post, Garbsen",1,13.0,13.0
0.75,0.6,DHL,"Deutsche Post, Garbsen",2,15.0,15.0
0.75,0.6,DHL,"Deutsche Post, Garbsen",3,15.0,15.0
0.75,0.6,DHL,"Deutsche Post, Garbsen",4,12.0,12.0
0.75,0.6,DHL,"Deutsche Post, Garbsen",5,10.0,10.0
0.75,0.6,DHL,"Deutsche Post, Lehrte",0,14.0,14.0
0.75,0.6,DHL,"Deutsche Post, Lehrte",1,15.0,15.0
0.75,0.6,DHL,"Deutsche Post, Lehrte",2,17.0,17.0
0.75,0.6,DHL,"Deutsche Post, Lehrte",3,15.0,15.0
0.75,0.6,DHL,"Deutsche Post, Lehrte",4,13.0,13.0
0.75,0.6,DHL,"Deutsche Post, Lehrte",5,10.0,10.0
0.75,0.6,DHL,"Deutsche Post, Neustadt",0,13.0,13.0
0.75,0.6,DHL,"Deutsche Post, Neustadt",1,15.0,15.0
0.75,0.6,DHL,"Deutsche Post, Neustadt",2,16.0,16.0
0.75,0.6,DHL,"Deutsche Post, Neustadt",3,15.0,15.0
0.75,0.6,DHL,"Deutsche Post, Neustadt",4,13.0,13.0
0.75,0.6,DHL,"Deutsche Post, Neustadt",5,10.0,10.0
0.75,0.6,DHL,"Deutsche Post, Springe",0,9.0,9.0
0.75,0.6,DHL,"Deutsche Post, Springe",1,9.0,9.0
0.75,0.6,DHL,"Deutsche Post, Springe",2,11.0,11.0
0.75,0.6,DHL,"Deutsche Post, Springe",3,10.0,10.0
0.75,0.6,DHL,"Deutsche Post, Springe",4,9.0,9.0
0.75,0.6,DHL,"Deutsche Post, Springe",5,7.0,7.0
0.75,0.6,DHL,"Deutsche Post, Wunstorf",0,15.0,15.0
0.75,0.6,DHL,"Deutsche Post, Wunstorf",1,15.0,15.0
0.75,0.6,DHL,"Deutsche Post, Wunstorf",2,16.0,16.0
0.75,0.6,DHL,"Deutsche Post, Wunstorf",3,16.0,16.0
0.75,0.6,DHL,"Deutsche Post, Wunstorf",4,14.0,14.0
0.75,0.6,DHL,"Deutsche Post, Wunstorf",5,11.0,11.0
0.75,0.6,DHL,Dummy Seelze,0,17.0,17.0
0.75,0.6,DHL,Dummy Seelze,1,19.0,19.0
0.75,0.6,DHL,Dummy Seelze,2,21.0,21.0
0.75,0.6,DHL,Dummy Seelze,3,20.0,20.0
0.75,0.6,DHL,Dummy Seelze,4,17.0,17.0
0.75,0.6,DHL,Dummy Seelze,5,13.0,13.0
0.75,0.6,DHL,Dummy Sehnde,0,9.0,9.0
0.75,0.6,DHL,Dummy Sehnde,1,9.0,9.0
0.75,0.6,DHL,Dummy Sehnde,2,10.0,10.0
0.75,0.6,DHL,Dummy Sehnde,3,9.0,9.0
0.75,0.6,DHL,Dummy Sehnde,4,8.0,8.0
0.75,0.6,DHL,Dummy Sehnde,5,6.0,6.0
0.75,0.6,DHL,Dummy Uetze,0,7.0,7.0
0.75,0.6,DHL,Dummy Uetze,1,7.0,7.0
0.75,0.6,DHL,Dummy Uetze,2,7.0,7.0
0.75,0.6,DHL,Dummy Uetze,3,8.0,8.0
0.75,0.6,DHL,Dummy Uetze,4,6.0,6.0
0.75,0.6,DHL,Dummy Uetze,5,5.0,5.0
0.75,0.6,DHL,Dummy Wennigsen,0,11.0,11.0
0.75,0.6,DHL,Dummy Wennigsen,1,12.0,12.0
0.75,0.6,DHL,Dummy Wennigsen,2,12.0,12.0
0.75,0.6,DHL,Dummy Wennigsen,3,12.0,12.0
0.75,0.6,DHL,Dummy Wennigsen,4,10.0,10.0
0.75,0.6,DHL,Dummy Wennigsen,5,8.0,8.0
0.75,0.6,DHL,Paketzentrum / Zustellbasis Anderten,0,40.0,40.0
0.75,0.6,DHL,Paketzentrum / Zustellbasis Anderten,1,44.0,44.0
0.75,0.6,DHL,Paketzentrum / Zustellbasis Anderten,2,47.0,47.0
0.75,0.6,DHL,Paketzentrum / Zustellbasis Anderten,3,44.0,44.0
0.75,0.6,DHL,Paketzentrum / Zustellbasis Anderten,4,39.0,39.0
0.75,0.6,DHL,Paketzentrum / Zustellbasis Anderten,5,31.0,31.0
0.75,0.6,DHL,Zustellbasis Hannover am Güterbahnhof,0,102.0,102.0
0.75,0.6,DHL,Zustellbasis Hannover am Güterbahnhof,1,107.0,107.0
0.75,0.6,DHL,Zustellbasis Hannover am Güterbahnhof,2,122.0,122.0
0.75,0.6,DHL,Zustellbasis Hannover am Güterbahnhof,3,115.0,115.0
0.75,0.6,DHL,Zustellbasis Hannover am Güterbahnhof,4,97.0,97.0
0.75,0.6,DHL,Zustellbasis Hannover am Güterbahnhof,5,75.0,75.0
0.75,0.6,DHL,Zustellbasis Hannover-Süd,0,55.0,55.0
0.75,0.6,DHL,Zustellbasis Hannover-Süd,1,58.0,58.0
0.75,0.6,DHL,Zustellbasis Hannover-Süd,2,67.0,67.0
0.75,0.6,DHL,Zustellbasis Hannover-Süd,3,64.0,64.0
0.75,0.6,DHL,Zustellbasis Hannover-Süd,4,52.0,52.0
0.75,0.6,DHL,Zustellbasis Hannover-Süd,5,41.0,41.0
0.75,0.6,Amazon,Amazon Logistics HAJ8 in Garbsen,0,178.0,182.0
0.75,0.6,Amazon,Amazon Logistics HAJ8 in Garbsen,1,199.0,199.0
0.75,0.6,Amazon,Amazon Logistics HAJ8 in Garbsen,2,213.0,199.0
0.75,0.6,Amazon,Amazon Logistics HAJ8 in Garbsen,3,208.0,196.0
0.75,0.6,Amazon,Amazon Logistics HAJ8 in Garbsen,4,167.0,174.0
0.75,0.6,Amazon,Amazon Logistics HAJ8 in Garbsen,5,145.0,174.0
0.75,0.6,DPD,DPD Paketzentrum in Lehrte,0,89.0,94.0
0.75,0.6,DPD,DPD Paketzentrum in Lehrte,1,98.0,96.0
0.75,0.6,DPD,DPD Paketzentrum in Lehrte,2,100.0,96.0
0.75,0.6,DPD,DPD Paketzentrum in Lehrte,3,106.0,96.0
0.75,0.6,DPD,DPD Paketzentrum in Lehrte,4,92.0,96.0
0.75,0.6,DPD,DPD Paketzentrum in Lehrte,5,72.0,94.0
0.75,0.6,FedEx,FedEx Station - Heinz-Peter-Piper Str.,0,89.0,89.0
0.75,0.6,FedEx,FedEx Station - Heinz-Peter-Piper Str.,1,88.0,89.0
0.75,0.6,FedEx,FedEx Station - Heinz-Peter-Piper Str.,2,102.0,89.0
0.75,0.6,FedEx,FedEx Station - Heinz-Peter-Piper Str.,3,94.0,89.0
0.75,0.6,FedEx,FedEx Station - Heinz-Peter-Piper Str.,4,85.0,89.0
0.75,0.6,FedEx,FedEx Station - Heinz-Peter-Piper Str.,5,72.0,88.0
0.75,0.6,GLS,GLS in Hannover Laatzen,0,74.0,82.0
0.75,0.6,GLS,GLS in Hannover Laatzen,1,82.0,81.0
0.75,0.6,GLS,GLS in Hannover Laatzen,2,84.0,82.0
0.75,0.6,GLS,GLS in Hannover Laatzen,3,93.0,81.0
0.75,0.6,GLS,GLS in Hannover Laatzen,4,76.0,81.0
0.75,0.6,GLS,GLS in Hannover Laatzen,5,65.0,82.0
0.75,0.6,Hermes,Hermes LC Hannover Langenhagen,0,105.0,108.0
0.75,0.6,Hermes,Hermes LC Hannover Langenhagen,1,113.0,113.0
0.75,0.6,Hermes,Hermes LC Hannover Langenhagen,2,122.0,113.0
0.75,0.6,Hermes,Hermes LC Hannover Langenhagen,3,115.0,111.0
0.75,0.6,Hermes,Hermes LC Hannover Langenhagen,4,106.0,107.0
0.75,0.6,Hermes,Hermes LC Hannover Langenhagen,5,83.0,107.0
0.75,0.6,UPS,UPS Depot Hannover,0,97.0,102.0
0.75,0.6,UPS,UPS Depot Hannover,1,115.0,110.0
0.75,0.6,UPS,UPS Depot Hannover,2,110.0,110.0
0.75,0.6,UPS,UPS Depot Hannover,3,123.0,110.0
0.75,0.6,UPS,UPS Depot Hannover,4,96.0,102.0
0.75,0.6,UPS,UPS Depot Hannover,5,87.0,102.0
0.75,0.7,DHL,Brief- und Logistikzentrum in Pattensen (Hannover),0,26.0,26.0
0.75,0.7,DHL,Brief- und Logistikzentrum in Pattensen (Hannover),1,27.0,27.0
0.75,0.7,DHL,Brief- und Logistikzentrum in Pattensen (Hannover),2,28.0,28.0
0.75,0.7,DHL,Brief- und Logistikzentrum in Pattensen (Hannover),3,27.0,27.0
0.75,0.7,DHL,Brief- und Logistikzentrum in Pattensen (Hannover),4,24.0,24.0
0.75,0.7,DHL,Brief- und Logistikzentrum in Pattensen (Hannover),5,18.0,18.0
0.75,0.7,DHL,"Deutsche Post, Bantorf",0,10.0,10.0
0.75,0.7,DHL,"Deutsche Post, Bantorf",1,11.0,11.0
0.75,0.7,DHL,"Deutsche Post, Bantorf",2,13.0,13.0
0.75,0.7,DHL,"Deutsche Post, Bantorf",3,12.0,12.0
0.75,0.7,DHL,"Deutsche Post, Bantorf",4,10.0,10.0
0.75,0.7,DHL,"Deutsche Post, Bantorf",5,8.0,8.0
0.75,0.7,DHL,"Deutsche Post, Bissendorf",0,44.0,44.0
0.75,0.7,DHL,"Deutsche Post, Bissendorf",1,48.0,48.0
0.75,0.7,DHL,"Deutsche Post, Bissendorf",2,53.0,53.0
0.75,0.7,DHL,"Deutsche Post, Bissendorf",3,49.0,49.0
0.75,0.7,DHL,"Deutsche Post, Bissendorf",4,41.0,41.0
0.75,0.7,DHL,"Deutsche Post, Bissendorf",5,32.0,32.0
0.75,0.7,DHL,"Deutsche Post, Burgdorf",0,10.0,10.0
0.75,0.7,DHL,"Deutsche Post, Burgdorf",1,10.0,10.0
0.75,0.7,DHL,"Deutsche Post, Burgdorf",2,12.0,12.0
0.75,0.7,DHL,"Deutsche Post, Burgdorf",3,11.0,11.0
0.75,0.7,DHL,"Deutsche Post, Burgdorf",4,9.0,9.0
0.75,0.7,DHL,"Deutsche Post, Burgdorf",5,7.0,7.0
0.75,0.7,DHL,"Deutsche Post, Garbsen",0,12.0,12.0
0.75,0.7,DHL,"Deutsche Post, Garbsen",1,13.0,13.0
0.75,0.7,DHL,"Deutsche Post, Garbsen",2,15.0,15.0
0.75,0.7,DHL,"Deutsche Post, Garbsen",3,15.0,15.0
0.75,0.7,DHL,"Deutsche Post, Garbsen",4,12.0,12.0
0.75,0.7,DHL,"Deutsche Post, Garbsen",5,10.0,10.0
0.75,0.7,DHL,"Deutsche Post, Lehrte",0,14.0,14.0
0.75,0.7,DHL,"Deutsche Post, Lehrte",1,15.0,15.0
0.75,0.7,DHL,"Deutsche Post, Lehrte",2,17.0,17.0
0.75,0.7,DHL,"Deutsche Post, Lehrte",3,15.0,15.0
0.75,0.7,DHL,"Deutsche Post, Lehrte",4,13.0,13.0
0.75,0.7,DHL,"Deutsche Post, Lehrte",5,10.0,10.0
0.75,0.7,DHL,"Deutsche Post, Neustadt",0,13.0,13.0
0.75,0.7,DHL,"Deutsche Post, Neustadt",1,15.0,15.0
0.75,0.7,DHL,"Deutsche Post, Neustadt",2,16.0,16.0
0.75,0.7,DHL,"Deutsche Post, Neustadt",3,15.0,15.0
0.75,0.7,DHL,"Deutsche Post, Neustadt",4,13.0,13.0
0.75,0.7,DHL,"Deutsche Post, Neustadt",5,10.0,10.0
0.75,0.7,DHL,"Deutsche Post, Springe",0,9.0,9.0
0.75,0.7,DHL,"Deutsche Post, Springe",1,9.0,9.0
0.75,0.7,DHL,"Deutsche Post, Springe",2,11.0,11.0
0.75,0.7,DHL,"Deutsche Post, Springe",3,10.0,10.0
0.75,0.7,DHL,"Deutsche Post, Springe",4,9.0,9.0
0.75,0.7,DHL,"Deutsche Post, Springe",5,7.0,7.0
0.75,0.7,DHL,"Deutsche Post, Wunstorf",0,15.0,15.0
0.75,0.7,DHL,"Deutsche Post, Wunstorf",1,15.0,15.0
0.75,0.7,DHL,"Deutsche Post, Wunstorf",2,16.0,16.0
0.75,0.7,DHL,"Deutsche Post, Wunstorf",3,16.0,16.0
0.75,0.7,DHL,"Deutsche Post, Wunstorf",4,14.0,14.0
0.75,0.7,DHL,"Deutsche Post, Wunstorf",5,11.0,11.0
0.75,0.7,DHL,Dummy Seelze,0,17.0,17.0
0.75,0.7,DHL,Dummy Seelze,1,19.0,19.0
0.75,0.7,DHL,Dummy Seelze,2,21.0,21.0
0.75,0.7,DHL,Dummy Seelze,3,20.0,20.0
0.75,0.7,DHL,Dummy Seelze,4,17.0,17.0
0.75,0.7,DHL,Dummy Seelze,5,13.0,13.0
0.75,0.7,DHL,Dummy Sehnde,0,9.0,9.0
0.75,0.7,DHL,Dummy Sehnde,1,9.0,9.0
0.75,0.7,DHL,Dummy Sehnde,2,10.0,10.0
0.75,0.7,DHL,Dummy Sehnde,3,9.0,9.0
0.75,0.7,DHL,Dummy Sehnde,4,8.0,8.0
0.75,0.7,DHL,Dummy Sehnde,5,6.0,6.0
0.75,0.7,DHL,Dummy Uetze,0,7.0,7.0
0.75,0.7,DHL,Dummy Uetze,1,7.0,7.0
0.75,0.7,DHL,Dummy Uetze,2,7.0,7.0
0.75,0.7,DHL,Dummy Uetze,3,8.0,8.0
0.75,0.7,DHL,Dummy Uetze,4,6.0,6.0
0.75,0.7,DHL,Dummy Uetze,5,5.0,5.0
0.75,0.7,DHL,Dummy Wennigsen,0,11.0,11.0
0.75,0.7,DHL,Dummy Wennigsen,1,12.0,12.0
0.75,0.7,DHL,Dummy Wennigsen,2,12.0,12.0
0.75,0.7,DHL,Dummy Wennigsen,3,12.0,12.0
0.75,0.7,DHL,Dummy Wennigsen,4,10.0,10.0
0.75,0.7,DHL,Dummy Wennigsen,5,8.0,8.0
0.75,0.7,DHL,Paketzentrum / Zustellbasis Anderten,0,40.0,40.0
0.75,0.7,DHL,Paketzentrum / Zustellbasis Anderten,1,44.0,44.0
0.75,0.7,DHL,Paketzentrum / Zustellbasis Anderten,2,47.0,47.0
0.75,0.7,DHL,Paketzentrum / Zustellbasis Anderten,3,44.0,44.0
0.75,0.7,DHL,Paketzentrum / Zustellbasis Anderten,4,39.0,39.0
0.75,0.7,DHL,Paketzentrum / Zustellbasis Anderten,5,31.0,31.0
0.75,0.7,DHL,Zustellbasis Hannover am Güterbahnhof,0,102.0,102.0
0.75,0.7,DHL,Zustellbasis Hannover am Güterbahnhof,1,107.0,107.0
0.75,0.7,DHL,Zustellbasis Hannover am Güterbahnhof,2,122.0,122.0
0.75,0.7,DHL,Zustellbasis Hannover am Güterbahnhof,3,115.0,115.0
0.75,0.7,DHL,Zustellbasis Hannover am Güterbahnhof,4,97.0,97.0
0.75,0.7,DHL,Zustellbasis Hannover am Güterbahnhof,5,75.0,75.0
0.75,0.7,DHL,Zustellbasis Hannover-Süd,0,55.0,55.0
0.75,0.7,DHL,Zustellbasis Hannover-Süd,1,58.0,58.0
0.75,0.7,DHL,Zustellbasis Hannover-Süd,2,67.0,67.0
0.75,0.7,DHL,Zustellbasis Hannover-Süd,3,64.0,64.0
0.75,0.7,DHL,Zustellbasis Hannover-Süd,4,52.0,52.0
0.75,0.7,DHL,Zustellbasis Hannover-Süd,5,41.0,41.0
0.75,0.7,Amazon,Amazon Logistics HAJ8 in Garbsen,0,166.0,184.0
0.75,0.7,Amazon,Amazon Logistics HAJ8 in Garbsen,1,204.0,195.0
0.75,0.7,Amazon,Amazon Logistics HAJ8 in Garbsen,2,213.0,195.0
0.75,0.7,Amazon,Amazon Logistics HAJ8 in Garbsen,3,212.0,194.0
0.75,0.7,Amazon,Amazon Logistics HAJ8 in Garbsen,4,168.0,176.0
0.75,0.7,Amazon,Amazon Logistics HAJ8 in Garbsen,5,137.0,176.0
0.75,0.7,DPD,DPD Paketzentrum in Lehrte,0,84.0,94.0
0.75,0.7,DPD,DPD Paketzentrum in Lehrte,1,105.0,99.0
0.75,0.7,DPD,DPD Paketzentrum in Lehrte,2,97.0,99.0
0.75,0.7,DPD,DPD Paketzentrum in Lehrte,3,116.0,99.0
0.75,0.7,DPD,DPD Paketzentrum in Lehrte,4,89.0,94.0
0.75,0.7,DPD,DPD Paketzentrum in Lehrte,5,76.0,94.0
0.75,0.7,FedEx,FedEx Station - Heinz-Peter-Piper Str.,0,91.0,87.0
0.75,0.7,FedEx,FedEx Station - Heinz-Peter-Piper Str.,1,90.0,92.0
0.75,0.7,FedEx,FedEx Station - Heinz-Peter-Piper Str.,2,84.0,92.0
0.75,0.7,FedEx,FedEx Station - Heinz-Peter-Piper Str.,3,112.0,91.0
0.75,0.7,FedEx,FedEx Station - Heinz-Peter-Piper Str.,4,76.0,87.0
0.75,0.7,FedEx,FedEx Station - Heinz-Peter-Piper Str.,5,78.0,87.0
0.75,0.7,GLS,GLS in Hannover Laatzen,0,81.0,82.0
0.75,0.7,GLS,GLS in Hannover Laatzen,1,79.0,84.0
0.75,0.7,GLS,GLS in Hannover Laatzen,2,98.0,84.0
0.75,0.7,GLS,GLS in Hannover Laatzen,3,84.0,84.0
0.75,0.7,GLS,GLS in Hannover Laatzen,4,83.0,83.0
0.75,0.7,GLS,GLS in Hannover Laatzen,5,66.0,82.0
0.75,0.7,Hermes,Hermes LC Hannover Langenhagen,0,103.0,110.0
0.75,0.7,Hermes,Hermes LC Hannover Langenhagen,1,120.0,111.0
0.75,0.7,Hermes,Hermes LC Hannover Langenhagen,2,117.0,111.0
0.75,0.7,Hermes,Hermes LC Hannover Langenhagen,3,109.0,111.0
0.75,0.7,Hermes,Hermes LC Hannover Langenhagen,4,116.0,109.0
0.75,0.7,Hermes,Hermes LC Hannover Langenhagen,5,83.0,108.0
0.75,0.7,UPS,UPS Depot Hannover,0,104.0,101.0
0.75,0.7,UPS,UPS Depot Hannover,1,112.0,113.0
0.75,0.7,UPS,UPS Depot Hannover,2,119.0,113.0
0.75,0.7,UPS,UPS Depot Hannover,3,112.0,113.0
0.75,0.7,UPS,UPS Depot Hannover,4,111.0,101.0
0.75,0.7,UPS,UPS Depot Hannover,5,78.0,101.0
0.75,0.8,DHL,Brief- und Logistikzentrum in Pattensen (Hannover),0,26.0,26.0
0.75,0.8,DHL,Brief- und Logistikzentrum in Pattensen (Hannover),1,27.0,27.0
0.75,0.8,DHL,Brief- und Logistikzentrum in Pattensen (Hannover),2,28.0,28.0
0.75,0.8,DHL,Brief- und Logistikzentrum in Pattensen (Hannover),3,27.0,27.0
0.75,0.8,DHL,Brief- und Logistikzentrum in Pattensen (Hannover),4,24.0,24.0
0.75,0.8,DHL,Brief- und Logistikzentrum in Pattensen (Hannover),5,18.0,18.0
0.75,0.8,DHL,"Deutsche Post, Bantorf",0,10.0,10.0
0.75,0.8,DHL,"Deutsche Post, Bantorf",1,11.0,11.0
0.75,0.8,DHL,"Deutsche Post, Bantorf",2,13.0,13.0
0.75,0.8,DHL,"Deutsche Post, Bantorf",3,12.0,12.0
0.75,0.8,DHL,"Deutsche Post, Bantorf",4,10.0,10.0
0.75,0.8,DHL,"Deutsche Post, Bantorf",5,8.0,8.0
0.75,0.8,DHL,"Deutsche Post, Bissendorf",0,44.0,44.0
0.75,0.8,DHL,"Deutsche Post, Bissendorf",1,48.0,48.0
0.75,0.8,DHL,"Deutsche Post, Bissendorf",2,53.0,53.0
0.75,0.8,DHL,"Deutsche Post, Bissendorf",3,49.0,49.0
0.75,0.8,DHL,"Deutsche Post, Bissendorf",4,41.0,41.0
0.75,0.8,DHL,"Deutsche Post, Bissendorf",5,32.0,32.0
0.75,0.8,DHL,"Deutsche Post, Burgdorf",0,10.0,10.0
0.75,0.8,DHL,"Deutsche Post, Burgdorf",1,10.0,10.0
0.75,0.8,DHL,"Deutsche Post, Burgdorf",2,12.0,12.0
0.75,0.8,DHL,"Deutsche Post, Burgdorf",3,11.0,11.0
0.75,0.8,DHL,"Deutsche Post, Burgdorf",4,9.0,9.0
0.75,0.8,DHL,"Deutsche Post, Burgdorf",5,7.0,7.0
0.75,0.8,DHL,"Deutsche Post, Garbsen",0,12.0,12.0
0.75,0.8,DHL,"Deutsche Post, Garbsen",1,13.0,13.0
0.75,0.8,DHL,"Deutsche Post, Garbsen",2,15.0,15.0
0.75,0.8,DHL,"Deutsche Post, Garbsen",3,15.0,15.0
0.75,0.8,DHL,"Deutsche Post, Garbsen",4,12.0,12.0
0.75,0.8,DHL,"Deutsche Post, Garbsen",5,10.0,10.0
0.75,0.8,DHL,"Deutsche Post, Lehrte",0,14.0,14.0
0.75,0.8,DHL,"Deutsche Post, Lehrte",1,15.0,15.0
0.75,0.8,DHL,"Deutsche Post, Lehrte",2,17.0,17.0
0.75,0.8,DHL,"Deutsche Post, Lehrte",3,15.0,15.0
0.75,0.8,DHL,"Deutsche Post, Lehrte",4,13.0,13.0
0.75,0.8,DHL,"Deutsche Post, Lehrte",5,10.0,10.0
0.75,0.8,DHL,"Deutsche Post, Neustadt",0,13.0,13.0
0.75,0.8,DHL,"Deutsche Post, Neustadt",1,15.0,15.0
0.75,0.8,DHL,"Deutsche Post, Neustadt",2,16.0,16.0
0.75,0.8,DHL,"Deutsche Post, Neustadt",3,15.0,15.0
0.75,0.8,DHL,"Deutsche Post, Neustadt",4,13.0,13.0
0.75,0.8,DHL,"Deutsche Post, Neustadt",5,10.0,10.0
0.75,0.8,DHL,"Deutsche Post, Springe",0,9.0,9.0
0.75,0.8,DHL,"Deutsche Post, Springe",1,9.0,9.0
0.75,0.8,DHL,"Deutsche Post, Springe",2,11.0,11.0
0.75,0.8,DHL,"Deutsche Post, Springe",3,10.0,10.0
0.75,0.8,DHL,"Deutsche Post, Springe",4,9.0,9.0
0.75,0.8,DHL,"Deutsche Post, Springe",5,7.0,7.0
0.75,0.8,DHL,"Deutsche Post, Wunstorf",0,15.0,15.0
0.75,0.8,DHL,"Deutsche Post, Wunstorf",1,15.0,15.0
0.75,0.8,DHL,"Deutsche Post, Wunstorf",2,16.0,16.0
0.75,0.8,DHL,"Deutsche Post, Wunstorf",3,16.0,16.0
0.75,0.8,DHL,"Deutsche Post, Wunstorf",4,14.0,14.0
0.75,0.8,DHL,"Deutsche Post, Wunstorf",5,11.0,11.0
0.75,0.8,DHL,Dummy Seelze,0,17.0,17.0
0.75,0.8,DHL,Dummy Seelze,1,19.0,19.0
0.75,0.8,DHL,Dummy Seelze,2,21.0,21.0
0.75,0.8,DHL,Dummy Seelze,3,20.0,20.0
0.75,0.8,DHL,Dummy Seelze,4,17.0,17.0
0.75,0.8,DHL,Dummy Seelze,5,13.0,13.0
0.75,0.8,DHL,Dummy Sehnde,0,9.0,9.0
0.75,0.8,DHL,Dummy Sehnde,1,9.0,9.0
0.75,0.8,DHL,Dummy Sehnde,2,10.0,10.0
0.75,0.8,DHL,Dummy Sehnde,3,9.0,9.0
0.75,0.8,DHL,Dummy Sehnde,4,8.0,8.0
0.75,0.8,DHL,Dummy Sehnde,5,6.0,6.0
0.75,0.8,DHL,Dummy Uetze,0,7.0,7.0
0.75,0.8,DHL,Dummy Uetze,1,7.0,7.0
0.75,0.8,DHL,Dummy Uetze,2,7.0,7.0
0.75,0.8,DHL,Dummy Uetze,3,8.0,8.0
0.75,0.8,DHL,Dummy Uetze,4,6.0,6.0
0.75,0.8,DHL,Dummy Uetze,5,5.0,5.0
0.75,0.8,DHL,Dummy Wennigsen,0,11.0,11.0
0.75,0.8,DHL,Dummy Wennigsen,1,12.0,12.0
0.75,0.8,DHL,Dummy Wennigsen,2,12.0,12.0
0.75,0.8,DHL,Dummy Wennigsen,3,12.0,12.0
0.75,0.8,DHL,Dummy Wennigsen,4,10.0,10.0
0.75,0.8,DHL,Dummy Wennigsen,5,8.0,8.0
0.75,0.8,DHL,Paketzentrum / Zustellbasis Anderten,0,40.0,40.0
0.75,0.8,DHL,Paketzentrum / Zustellbasis Anderten,1,44.0,44.0
0.75,0.8,DHL,Paketzentrum / Zustellbasis Anderten,2,47.0,47.0
0.75,0.8,DHL,Paketzentrum / Zustellbasis Anderten,3,44.0,44.0
0.75,0.8,DHL,Paketzentrum / Zustellbasis Anderten,4,39.0,39.0
0.75,0.8,DHL,Paketzentrum / Zustellbasis Anderten,5,31.0,31.0
0.75,0.8,DHL,Zustellbasis Hannover am Güterbahnhof,0,102.0,102.0
0.75,0.8,DHL,Zustellbasis Hannover am Güterbahnhof,1,107.0,107.0
0.75,0.8,DHL,Zustellbasis Hannover am Güterbahnhof,2,122.0,122.0
0.75,0.8,DHL,Zustellbasis Hannover am Güterbahnhof,3,115.0,115.0
0.75,0.8,DHL,Zustellbasis Hannover am Güterbahnhof,4,97.0,97.0
0.75,0.8,DHL,Zustellbasis Hannover am Güterbahnhof,5,75.0,75.0
0.75,0.8,DHL,Zustellbasis Hannover-Süd,0,55.0,55.0
0.75,0.8,DHL,Zustellbasis Hannover-Süd,1,58.0,58.0
0.75,0.8,DHL,Zustellbasis Hannover-Süd,2,67.0,67.0
0.75,0.8,DHL,Zustellbasis Hannover-Süd,3,64.0,64.0
0.75,0.8,DHL,Zustellbasis Hannover-Süd,4,52.0,52.0
0.75,0.8,DHL,Zustellbasis Hannover-Süd,5,41.0,41.0
0.75,0.8,Amazon,Amazon Logistics HAJ8 in Garbsen,0,174.0,180.0
0.75,0.8,Amazon,Amazon Logistics HAJ8 in Garbsen,1,214.0,203.0
0.75,0.8,Amazon,Amazon Logistics HAJ8 in Garbsen,2,203.0,206.0
0.75,0.8,Amazon,Amazon Logistics HAJ8 in Garbsen,3,206.0,206.0
0.75,0.8,Amazon,Amazon Logistics HAJ8 in Garbsen,4,173.0,164.0
0.75,0.8,Amazon,Amazon Logistics HAJ8 in Garbsen,5,144.0,164.0
0.75,0.8,DPD,DPD Paketzentrum in Lehrte,0,92.0,99.0
0.75,0.8,DPD,DPD Paketzentrum in Lehrte,1,97.0,98.0
0.75,0.8,DPD,DPD Paketzentrum in Lehrte,2,110.0,99.0
0.75,0.8,DPD,DPD Paketzentrum in Lehrte,3,105.0,100.0
0.75,0.8,DPD,DPD Paketzentrum in Lehrte,4,105.0,98.0
0.75,0.8,DPD,DPD Paketzentrum in Lehrte,5,75.0,99.0
0.75,0.8,FedEx,FedEx Station - Heinz-Peter-Piper Str.,0,86.0,85.0
0.75,0.8,FedEx,FedEx Station - Heinz-Peter-Piper Str.,1,91.0,95.0
0.75,0.8,FedEx,FedEx Station - Heinz-Peter-Piper Str.,2,102.0,95.0
0.75,0.8,FedEx,FedEx Station - Heinz-Peter-Piper Str.,3,96.0,94.0
0.75,0.8,FedEx,FedEx Station - Heinz-Peter-Piper Str.,4,85.0,85.0
0.75,0.8,FedEx,FedEx Station - Heinz-Peter-Piper Str.,5,74.0,85.0
0.75,0.8,GLS,GLS in Hannover Laatzen,0,77.0,82.0
0.75,0.8,GLS,GLS in Hannover Laatzen,1,91.0,88.0
0.75,0.8,GLS,GLS in Hannover Laatzen,2,90.0,88.0
0.75,0.8,GLS,GLS in Hannover Laatzen,3,97.0,88.0
0.75,0.8,GLS,GLS in Hannover Laatzen,4,81.0,82.0
0.75,0.8,GLS,GLS in Hannover Laatzen,5,71.0,82.0
0.75,0.8,Hermes,Hermes LC Hannover Langenhagen,0,97.0,108.0
0.75,0.8,Hermes,Hermes LC Hannover Langenhagen,1,121.0,114.0
0.75,0.8,Hermes,Hermes LC Hannover Langenhagen,2,120.0,115.0
0.75,0.8,Hermes,Hermes LC Hannover Langenhagen,3,118.0,115.0
0.75,0.8,Hermes,Hermes LC Hannover Langenhagen,4,107.0,108.0
0.75,0.8,Hermes,Hermes LC Hannover Langenhagen,5,98.0,107.0
0.75,0.8,UPS,UPS Depot Hannover,0,104.0,101.0
0.75,0.8,UPS,UPS Depot Hannover,1,109.0,113.0
0.75,0.8,UPS,UPS Depot Hannover,2,123.0,113.0
0.75,0.8,UPS,UPS Depot Hannover,3,108.0,113.0
0.75,0.8,UPS,UPS Depot Hannover,4,109.0,101.0
0.75,0.8,UPS,UPS Depot Hannover,5,84.0,101.0
0.75,0.9,DHL,Brief- und Logistikzentrum in Pattensen (Hannover),0,26.0,26.0
0.75,0.9,DHL,Brief- und Logistikzentrum in Pattensen (Hannover),1,27.0,27.0
0.75,0.9,DHL,Brief- und Logistikzentrum in Pattensen (Hannover),2,28.0,28.0
0.75,0.9,DHL,Brief- und Logistikzentrum in Pattensen (Hannover),3,27.0,27.0
0.75,0.9,DHL,Brief- und Logistikzentrum in Pattensen (Hannover),4,24.0,24.0
0.75,0.9,DHL,Brief- und Logistikzentrum in Pattensen (Hannover),5,18.0,18.0
0.75,0.9,DHL,"Deutsche Post, Bantorf",0,10.0,10.0
0.75,0.9,DHL,"Deutsche Post, Bantorf",1,11.0,11.0
0.75,0.9,DHL,"Deutsche Post, Bantorf",2,13.0,13.0
0.75,0.9,DHL,"Deutsche Post, Bantorf",3,12.0,12.0
0.75,0.9,DHL,"Deutsche Post, Bantorf",4,10.0,10.0
0.75,0.9,DHL,"Deutsche Post, Bantorf",5,8.0,8.0
0.75,0.9,DHL,"Deutsche Post, Bissendorf",0,44.0,44.0
0.75,0.9,DHL,"Deutsche Post, Bissendorf",1,48.0,48.0
0.75,0.9,DHL,"Deutsche Post, Bissendorf",2,53.0,53.0
0.75,0.9,DHL,"Deutsche Post, Bissendorf",3,49.0,49.0
0.75,0.9,DHL,"Deutsche Post, Bissendorf",4,41.0,41.0
0.75,0.9,DHL,"Deutsche Post, Bissendorf",5,32.0,32.0
0.75,0.9,DHL,"Deutsche Post, Burgdorf",0,10.0,10.0
0.75,0.9,DHL,"Deutsche Post, Burgdorf",1,10.0,10.0
0.75,0.9,DHL,"Deutsche Post, Burgdorf",2,12.0,12.0
0.75,0.9,DHL,"Deutsche Post, Burgdorf",3,11.0,11.0
0.75,0.9,DHL,"Deutsche Post, Burgdorf",4,9.0,9.0
0.75,0.9,DHL,"Deutsche Post, Burgdorf",5,7.0,7.0
0.75,0.9,DHL,"Deutsche Post, Garbsen",0,12.0,12.0
0.75,0.9,DHL,"Deutsche Post, Garbsen",1,13.0,13.0
0.75,0.9,DHL,"Deutsche Post, Garbsen",2,15.0,15.0
0.75,0.9,DHL,"Deutsche Post, Garbsen",3,15.0,15.0
0.75,0.9,DHL,"Deutsche Post, Garbsen",4,12.0,12.0
0.75,0.9,DHL,"Deutsche Post, Garbsen",5,10.0,10.0
0.75,0.9,DHL,"Deutsche Post, Lehrte",0,14.0,14.0
0.75,0.9,DHL,"Deutsche Post, Lehrte",1,15.0,15.0
0.75,0.9,DHL,"Deutsche Post, Lehrte",2,17.0,17.0
0.75,0.9,DHL,"Deutsche Post, Lehrte",3,15.0,15.0
0.75,0.9,DHL,"Deutsche Post, Lehrte",4,13.0,13.0
0.75,0.9,DHL,"Deutsche Post, Lehrte",5,10.0,10.0
0.75,0.9,DHL,"Deutsche Post, Neustadt",0,13.0,13.0
0.75,0.9,DHL,"Deutsche Post, Neustadt",1,15.0,15.0
0.75,0.9,DHL,"Deutsche Post, Neustadt",2,16.0,16.0
0.75,0.9,DHL,"Deutsche Post, Neustadt",3,15.0,15.0
0.75,0.9,DHL,"Deutsche Post, Neustadt",4,13.0,13.0
0.75,0.9,DHL,"Deutsche Post, Neustadt",5,10.0,10.0
0.75,0.9,DHL,"Deutsche Post, Springe",0,9.0,9.0
0.75,0.9,DHL,"Deutsche Post, Springe",1,9.0,9.0
0.75,0.9,DHL,"Deutsche Post, Springe",2,11.0,11.0
0.75,0.9,DHL,"Deutsche Post, Springe",3,10.0,10.0
0.75,0.9,DHL,"Deutsche Post, Springe",4,9.0,9.0
0.75,0.9,DHL,"Deutsche Post, Springe",5,7.0,7.0
0.75,0.9,DHL,"Deutsche Post, Wunstorf",0,15.0,15.0
0.75,0.9,DHL,"Deutsche Post, Wunstorf",1,15.0,15.0
0.75,0.9,DHL,"Deutsche Post, Wunstorf",2,16.0,16.0
0.75,0.9,DHL,"Deutsche Post, Wunstorf",3,16.0,16.0
0.75,0.9,DHL,"Deutsche Post, Wunstorf",4,14.0,14.0
0.75,0.9,DHL,"Deutsche Post, Wunstorf",5,11.0,11.0
0.75,0.9,DHL,Dummy Seelze,0,17.0,17.0
0.75,0.9,DHL,Dummy Seelze,1,19.0,19.0
0.75,0.9,DHL,Dummy Seelze,2,21.0,21.0
0.75,0.9,DHL,Dummy Seelze,3,20.0,20.0
0.75,0.9,DHL,Dummy Seelze,4,17.0,17.0
0.75,0.9,DHL,Dummy Seelze,5,13.0,13.0
0.75,0.9,DHL,Dummy Sehnde,0,9.0,9.0
0.75,0.9,DHL,Dummy Sehnde,1,9.0,9.0
0.75,0.9,DHL,Dummy Sehnde,2,10.0,10.0
0.75,0.9,DHL,Dummy Sehnde,3,9.0,9.0
0.75,0.9,DHL,Dummy Sehnde,4,8.0,8.0
0.75,0.9,DHL,Dummy Sehnde,5,6.0,6.0
0.75,0.9,DHL,Dummy Uetze,0,7.0,7.0
0.75,0.9,DHL,Dummy Uetze,1,7.0,7.0
0.75,0.9,DHL,Dummy Uetze,2,7.0,7.0
0.75,0.9,DHL,Dummy Uetze,3,8.0,8.0
0.75,0.9,DHL,Dummy Uetze,4,6.0,6.0
0.75,0.9,DHL,Dummy Uetze,5,5.0,5.0
0.75,0.9,DHL,Dummy Wennigsen,0,11.0,11.0
0.75,0.9,DHL,Dummy Wennigsen,1,12.0,12.0
0.75,0.9,DHL,Dummy Wennigsen,2,12.0,12.0
0.75,0.9,DHL,Dummy Wennigsen,3,12.0,12.0
0.75,0.9,DHL,Dummy Wennigsen,4,10.0,10.0
0.75,0.9,DHL,Dummy Wennigsen,5,8.0,8.0
0.75,0.9,DHL,Paketzentrum / Zustellbasis Anderten,0,40.0,40.0
0.75,0.9,DHL,Paketzentrum / Zustellbasis Anderten,1,44.0,44.0
0.75,0.9,DHL,Paketzentrum / Zustellbasis Anderten,2,47.0,47.0
0.75,0.9,DHL,Paketzentrum / Zustellbasis Anderten,3,44.0,44.0
0.75,0.9,DHL,Paketzentrum / Zustellbasis Anderten,4,39.0,39.0
0.75,0.9,DHL,Paketzentrum / Zustellbasis Anderten,5,31.0,31.0
0.75,0.9,DHL,Zustellbasis Hannover am Güterbahnhof,0,102.0,102.0
0.75,0.9,DHL,Zustellbasis Hannover am Güterbahnhof,1,107.0,107.0
0.75,0.9,DHL,Zustellbasis Hannover am Güterbahnhof,2,122.0,122.0
0.75,0.9,DHL,Zustellbasis Hannover am Güterbahnhof,3,115.0,115.0
0.75,0.9,DHL,Zustellbasis Hannover am Güterbahnhof,4,97.0,97.0
0.75,0.9,DHL,Zustellbasis Hannover am Güterbahnhof,5,75.0,75.0
0.75,0.9,DHL,Zustellbasis Hannover-Süd,0,55.0,55.0
0.75,0.9,DHL,Zustellbasis Hannover-Süd,1,58.0,58.0
0.75,0.9,DHL,Zustellbasis Hannover-Süd,2,67.0,67.0
0.75,0.9,DHL,Zustellbasis Hannover-Süd,3,64.0,64.0
0.75,0.9,DHL,Zustellbasis Hannover-Süd,4,52.0,52.0
0.75,0.9,DHL,Zustellbasis Hannover-Süd,5,41.0,41.0
0.75,0.9,Amazon,Amazon Logistics HAJ8 in Garbsen,0,169.0,189.0
0.75,0.9,Amazon,Amazon Logistics HAJ8 in Garbsen,1,217.0,200.0
0.75,0.9,Amazon,Amazon Logistics HAJ8 in Garbsen,2,217.0,214.0
0.75,0.9,Amazon,Amazon Logistics HAJ8 in Garbsen,3,209.0,212.0
0.75,0.9,Amazon,Amazon Logistics HAJ8 in Garbsen,4,176.0,161.0
0.75,0.9,Amazon,Amazon Logistics HAJ8 in Garbsen,5,138.0,157.0
0.75,0.9,DPD,DPD Paketzentrum in Lehrte,0,96.0,101.0
0.75,0.9,DPD,DPD Paketzentrum in Lehrte,1,96.0,103.0
0.75,0.9,DPD,DPD Paketzentrum in Lehrte,2,119.0,103.0
0.75,0.9,DPD,DPD Paketzentrum in Lehrte,3,97.0,101.0
0.75,0.9,DPD,DPD Paketzentrum in Lehrte,4,114.0,101.0
0.75,0.9,DPD,DPD Paketzentrum in Lehrte,5,78.0,102.0
0.75,0.9,FedEx,FedEx Station - Heinz-Peter-Piper Str.,0,84.0,90.0
0.75,0.9,FedEx,FedEx Station - Heinz-Peter-Piper Str.,1,92.0,90.0
0.75,0.9,FedEx,FedEx Station - Heinz-Peter-Piper Str.,2,99.0,91.0
0.75,0.9,FedEx,FedEx Station - Heinz-Peter-Piper Str.,3,100.0,90.0
0.75,0.9,FedEx,FedEx Station - Heinz-Peter-Piper Str.,4,79.0,91.0
0.75,0.9,FedEx,FedEx Station - Heinz-Peter-Piper Str.,5,80.0,90.0
0.75,0.9,GLS,GLS in Hannover Laatzen,0,71.0,88.0
0.75,0.9,GLS,GLS in Hannover Laatzen,1,98.0,88.0
0.75,0.9,GLS,GLS in Hannover Laatzen,2,98.0,88.0
0.75,0.9,GLS,GLS in Hannover Laatzen,3,80.0,89.0
0.75,0.9,GLS,GLS in Hannover Laatzen,4,101.0,88.0
0.75,0.9,GLS,GLS in Hannover Laatzen,5,71.0,89.0
0.75,0.9,Hermes,Hermes LC Hannover Langenhagen,0,94.0,109.0
0.75,0.9,Hermes,Hermes LC Hannover Langenhagen,1,133.0,121.0
0.75,0.9,Hermes,Hermes LC Hannover Langenhagen,2,122.0,122.0
0.75,0.9,Hermes,Hermes LC Hannover Langenhagen,3,121.0,122.0
0.75,0.9,Hermes,Hermes LC Hannover Langenhagen,4,111.0,108.0
0.75,0.9,Hermes,Hermes LC Hannover Langenhagen,5,101.0,108.0
0.75,0.9,UPS,UPS Depot Hannover,0,100.0,101.0
0.75,0.9,UPS,UPS Depot Hannover,1,116.0,114.0
0.75,0.9,UPS,UPS Depot Hannover,2,117.0,114.0
0.75,0.9,UPS,UPS Depot Hannover,3,118.0,114.0
0.75,0.9,UPS,UPS Depot Hannover,4,103.0,101.0
0.75,0.9,UPS,UPS Depot Hannover,5,86.0,101.0
0.75,1.0,DHL,Brief- und Logistikzentrum in Pattensen (Hannover),0,26.0,26.0
0.75,1.0,DHL,Brief- und Logistikzentrum in Pattensen (Hannover),1,27.0,27.0
0.75,1.0,DHL,Brief- und Logistikzentrum in Pattensen (Hannover),2,28.0,28.0
0.75,1.0,DHL,Brief- und Logistikzentrum in Pattensen (Hannover),3,27.0,27.0
0.75,1.0,DHL,Brief- und Logistikzentrum in Pattensen (Hannover),4,24.0,24.0
0.75,1.0,DHL,Brief- und Logistikzentrum in Pattensen (Hannover),5,18.0,18.0
0.75,1.0,DHL,"Deutsche Post, Bantorf",0,10.0,10.0
0.75,1.0,DHL,"Deutsche Post, Bantorf",1,11.0,11.0
0.75,1.0,DHL,"Deutsche Post, Bantorf",2,13.0,13.0
0.75,1.0,DHL,"Deutsche Post, Bantorf",3,12.0,12.0
0.75,1.0,DHL,"Deutsche Post, Bantorf",4,10.0,10.0
0.75,1.0,DHL,"Deutsche Post, Bantorf",5,8.0,8.0
0.75,1.0,DHL,"Deutsche Post, Bissendorf",0,44.0,44.0
0.75,1.0,DHL,"Deutsche Post, Bissendorf",1,48.0,48.0
0.75,1.0,DHL,"Deutsche Post, Bissendorf",2,53.0,53.0
0.75,1.0,DHL,"Deutsche Post, Bissendorf",3,49.0,49.0
0.75,1.0,DHL,"Deutsche Post, Bissendorf",4,41.0,41.0
0.75,1.0,DHL,"Deutsche Post, Bissendorf",5,32.0,32.0
0.75,1.0,DHL,"Deutsche Post, Burgdorf",0,10.0,10.0
0.75,1.0,DHL,"Deutsche Post, Burgdorf",1,10.0,10.0
0.75,1.0,DHL,"Deutsche Post, Burgdorf",2,12.0,12.0
0.75,1.0,DHL,"Deutsche Post, Burgdorf",3,11.0,11.0
0.75,1.0,DHL,"Deutsche Post, Burgdorf",4,9.0,9.0
0.75,1.0,DHL,"Deutsche Post, Burgdorf",5,7.0,7.0
0.75,1.0,DHL,"Deutsche Post, Garbsen",0,12.0,12.0
0.75,1.0,DHL,"Deutsche Post, Garbsen",1,13.0,13.0
0.75,1.0,DHL,"Deutsche Post, Garbsen",2,15.0,15.0
0.75,1.0,DHL,"Deutsche Post, Garbsen",3,15.0,15.0
0.75,1.0,DHL,"Deutsche Post, Garbsen",4,12.0,12.0
0.75,1.0,DHL,"Deutsche Post, Garbsen",5,10.0,10.0
0.75,1.0,DHL,"Deutsche Post, Lehrte",0,14.0,14.0
0.75,1.0,DHL,"Deutsche Post, Lehrte",1,15.0,15.0
0.75,1.0,DHL,"Deutsche Post, Lehrte",2,17.0,17.0
0.75,1.0,DHL,"Deutsche Post, Lehrte",3,15.0,15.0
0.75,1.0,DHL,"Deutsche Post, Lehrte",4,13.0,13.0
0.75,1.0,DHL,"Deutsche Post, Lehrte",5,10.0,10.0
0.75,1.0,DHL,"Deutsche Post, Neustadt",0,13.0,13.0
0.75,1.0,DHL,"Deutsche Post, Neustadt",1,15.0,15.0
0.75,1.0,DHL,"Deutsche Post, Neustadt",2,16.0,16.0
0.75,1.0,DHL,"Deutsche Post, Neustadt",3,15.0,15.0
0.75,1.0,DHL,"Deutsche Post, Neustadt",4,13.0,13.0
0.75,1.0,DHL,"Deutsche Post, Neustadt",5,10.0,10.0
0.75,1.0,DHL,"Deutsche Post, Springe",0,9.0,9.0
0.75,1.0,DHL,"Deutsche Post, Springe",1,9.0,9.0
0.75,1.0,DHL,"Deutsche Post, Springe",2,11.0,11.0
0.75,1.0,DHL,"Deutsche Post, Springe",3,10.0,10.0
0.75,1.0,DHL,"Deutsche Post, Springe",4,9.0,9.0
0.75,1.0,DHL,"Deutsche Post, Springe",5,7.0,7.0
0.75,1.0,DHL,"Deutsche Post, Wunstorf",0,15.0,15.0
0.75,1.0,DHL,"Deutsche Post, Wunstorf",1,15.0,15.0
0.75,1.0,DHL,"Deutsche Post, Wunstorf",2,16.0,16.0
0.75,1.0,DHL,"Deutsche Post, Wunstorf",3,16.0,16.0
0.75,1.0,DHL,"Deutsche Post, Wunstorf",4,14.0,14.0
0.75,1.0,DHL,"Deutsche Post, Wunstorf",5,11.0,11.0
0.75,1.0,DHL,Dummy Seelze,0,17.0,17.0
0.75,1.0,DHL,Dummy Seelze,1,19.0,19.0
0.75,1.0,DHL,Dummy Seelze,2,21.0,21.0
0.75,1.0,DHL,Dummy Seelze,3,20.0,20.0
0.75,1.0,DHL,Dummy Seelze,4,17.0,17.0
0.75,1.0,DHL,Dummy Seelze,5,13.0,13.0
0.75,1.0,DHL,Dummy Sehnde,0,9.0,9.0
0.75,1.0,DHL,Dummy Sehnde,1,9.0,9.0
0.75,1.0,DHL,Dummy Sehnde,2,10.0,10.0
0.75,1.0,DHL,Dummy Sehnde,3,9.0,9.0
0.75,1.0,DHL,Dummy Sehnde,4,8.0,8.0
0.75,1.0,DHL,Dummy Sehnde,5,6.0,6.0
0.75,1.0,DHL,Dummy Uetze,0,7.0,7.0
0.75,1.0,DHL,Dummy Uetze,1,7.0,7.0
0.75,1.0,DHL,Dummy Uetze,2,7.0,7.0
0.75,1.0,DHL,Dummy Uetze,3,8.0,8.0
0.75,1.0,DHL,Dummy Uetze,4,6.0,6.0
0.75,1.0,DHL,Dummy Uetze,5,5.0,5.0
0.75,1.0,DHL,Dummy Wennigsen,0,11.0,11.0
0.75,1.0,DHL,Dummy Wennigsen,1,12.0,12.0
0.75,1.0,DHL,Dummy Wennigsen,2,12.0,12.0
0.75,1.0,DHL,Dummy Wennigsen,3,12.0,12.0
0.75,1.0,DHL,Dummy Wennigsen,4,10.0,10.0
0.75,1.0,DHL,Dummy Wennigsen,5,8.0,8.0
0.75,1.0,DHL,Paketzentrum / Zustellbasis Anderten,0,40.0,40.0
0.75,1.0,DHL,Paketzentrum / Zustellbasis Anderten,1,44.0,44.0
0.75,1.0,DHL,Paketzentrum / Zustellbasis Anderten,2,47.0,47.0
0.75,1.0,DHL,Paketzentrum / Zustellbasis Anderten,3,44.0,44.0
0.75,1.0,DHL,Paketzentrum / Zustellbasis Anderten,4,39.0,39.0
0.75,1.0,DHL,Paketzentrum / Zustellbasis Anderten,5,31.0,31.0
0.75,1.0,DHL,Zustellbasis Hannover am Güterbahnhof,0,102.0,102.0
0.75,1.0,DHL,Zustellbasis Hannover am Güterbahnhof,1,107.0,107.0
0.75,1.0,DHL,Zustellbasis Hannover am Güterbahnhof,2,122.0,122.0
0.75,1.0,DHL,Zustellbasis Hannover am Güterbahnhof,3,115.0,115.0
0.75,1.0,DHL,Zustellbasis Hannover am Güterbahnhof,4,97.0,97.0
0.75,1.0,DHL,Zustellbasis Hannover am Güterbahnhof,5,75.0,75.0
0.75,1.0,DHL,Zustellbasis Hannover-Süd,0,55.0,55.0
0.75,1.0,DHL,Zustellbasis Hannover-Süd,1,58.0,58.0
0.75,1.0,DHL,Zustellbasis Hannover-Süd,2,67.0,67.0
0.75,1.0,DHL,Zustellbasis Hannover-Süd,3,64.0,64.0
0.75,1.0,DHL,Zustellbasis Hannover-Süd,4,52.0,52.0
0.75,1.0,DHL,Zustellbasis Hannover-Süd,5,41.0,41.0
0.75,1.0,Amazon,Amazon Logistics HAJ8 in Garbsen,0,180.0,177.0
0.75,1.0,Amazon,Amazon Logistics HAJ8 in Garbsen,1,198.0,205.0
0.75,1.0,Amazon,Amazon Logistics HAJ8 in Garbsen,2,208.0,205.0
0.75,1.0,Amazon,Amazon Logistics HAJ8 in Garbsen,3,197.0,201.0
0.75,1.0,Amazon,Amazon Logistics HAJ8 in Garbsen,4,187.0,165.0
0.75,1.0,Amazon,Amazon Logistics HAJ8 in Garbsen,5,140.0,161.0
0.75,1.0,DPD,DPD Paketzentrum in Lehrte,0,80.0,85.0
0.75,1.0,DPD,DPD Paketzentrum in Lehrte,1,85.0,88.0
0.75,1.0,DPD,DPD Paketzentrum in Lehrte,2,100.0,88.0
0.75,1.0,DPD,DPD Paketzentrum in Lehrte,3,85.0,85.0
0.75,1.0,DPD,DPD Paketzentrum in Lehrte,4,99.0,87.0
0.75,1.0,DPD,DPD Paketzentrum in Lehrte,5,62.0,85.0
0.75,1.0,FedEx,FedEx Station - Heinz-Peter-Piper Str.,0,69.0,75.0
0.75,1.0,FedEx,FedEx Station - Heinz-Peter-Piper Str.,1,82.0,81.0
0.75,1.0,FedEx,FedEx Station - Heinz-Peter-Piper Str.,2,90.0,81.0
0.75,1.0,FedEx,FedEx Station - Heinz-Peter-Piper Str.,3,84.0,80.0
0.75,1.0,FedEx,FedEx Station - Heinz-Peter-Piper Str.,4,66.0,76.0
0.75,1.0,FedEx,FedEx Station - Heinz-Peter-Piper Str.,5,69.0,74.0
0.75,1.0,GLS,GLS in Hannover Laatzen,0,54.0,73.0
0.75,1.0,GLS,GLS in Hannover Laatzen,1,83.0,72.0
0.75,1.0,GLS,GLS in Hannover Laatzen,2,74.0,73.0
0.75,1.0,GLS,GLS in Hannover Laatzen,3,84.0,73.0
0.75,1.0,GLS,GLS in Hannover Laatzen,4,66.0,72.0
0.75,1.0,GLS,GLS in Hannover Laatzen,5,68.0,71.0
0.75,1.0,Hermes,Hermes LC Hannover Langenhagen,0,87.0,100.0
0.75,1.0,Hermes,Hermes LC Hannover Langenhagen,1,108.0,102.0
0.75,1.0,Hermes,Hermes LC Hannover Langenhagen,2,105.0,101.0
0.75,1.0,Hermes,Hermes LC Hannover Langenhagen,3,117.0,101.0
0.75,1.0,Hermes,Hermes LC Hannover Langenhagen,4,89.0,103.0
0.75,1.0,Hermes,Hermes LC Hannover Langenhagen,5,92.0,101.0
0.75,1.0,UPS,UPS Depot Hannover,0,99.0,90.0
0.75,1.0,UPS,UPS Depot Hannover,1,93.0,105.0
0.75,1.0,UPS,UPS Depot Hannover,2,116.0,105.0
0.75,1.0,UPS,UPS Depot Hannover,3,102.0,103.0
0.75,1.0,UPS,UPS Depot Hannover,4,99.0,89.0
0.75,1.0,UPS,UPS Depot Hannover,5,69.0,90.0
1.0,0.0,DHL,Brief- und Logistikzentrum in Pattensen (Hannover),0,26.0,26.0
1.0,0.0,DHL,Brief- und Logistikzentrum in Pattensen (Hannover),1,27.0,27.0
1.0,0.0,DHL,Brief- und Logistikzentrum in Pattensen (Hannover),2,28.0,28.0
1.0,0.0,DHL,Brief- und Logistikzentrum in Pattensen (Hannover),3,27.0,27.0
1.0,0.0,DHL,Brief- und Logistikzentrum in Pattensen (Hannover),4,24.0,24.0
1.0,0.0,DHL,Brief- und Logistikzentrum in Pattensen (Hannover),5,18.0,18.0
1.0,0.0,DHL,"Deutsche Post, Bantorf",0,10.0,10.0
1.0,0.0,DHL,"Deutsche Post, Bantorf",1,11.0,11.0
1.0,0.0,DHL,"Deutsche Post, Bantorf",2,13.0,13.0
1.0,0.0,DHL,"Deutsche Post, Bantorf",3,12.0,12.0
1.0,0.0,DHL,"Deutsche Post, Bantorf",4,10.0,10.0
1.0,0.0,DHL,"Deutsche Post, Bantorf",5,8.0,8.0
1.0,0.0,DHL,"Deutsche Post, Bissendorf",0,44.0,44.0
1.0,0.0,DHL,"Deutsche Post, Bissendorf",1,48.0,48.0
1.0,0.0,DHL,"Deutsche Post, Bissendorf",2,53.0,53.0
1.0,0.0,DHL,"Deutsche Post, Bissendorf",3,49.0,49.0
1.0,0.0,DHL,"Deutsche Post, Bissendorf",4,41.0,41.0
1.0,0.0,DHL,"Deutsche Post, Bissendorf",5,32.0,32.0
1.0,0.0,DHL,"Deutsche Post, Burgdorf",0,10.0,10.0
1.0,0.0,DHL,"Deutsche Post, Burgdorf",1,10.0,10.0
1.0,0.0,DHL,"Deutsche Post, Burgdorf",2,12.0,12.0
1.0,0.0,DHL,"Deutsche Post, Burgdorf",3,11.0,11.0
1.0,0.0,DHL,"Deutsche Post, Burgdorf",4,9.0,9.0
1.0,0.0,DHL,"Deutsche Post, Burgdorf",5,7.0,7.0
1.0,0.0,DHL,"Deutsche Post, Garbsen",0,12.0,12.0
1.0,0.0,DHL,"Deutsche Post, Garbsen",1,13.0,13.0
1.0,0.0,DHL,"Deutsche Post, Garbsen",2,15.0,15.0
1.0,0.0,DHL,"Deutsche Post, Garbsen",3,15.0,15.0
1.0,0.0,DHL,"Deutsche Post, Garbsen",4,12.0,12.0
1.0,0.0,DHL,"Deutsche Post, Garbsen",5,10.0,10.0
1.0,0.0,DHL,"Deutsche Post, Lehrte",0,14.0,14.0
1.0,0.0,DHL,"Deutsche Post, Lehrte",1,15.0,15.0
1.0,0.0,DHL,"Deutsche Post, Lehrte",2,17.0,17.0
1.0,0.0,DHL,"Deutsche Post, Lehrte",3,15.0,15.0
1.0,0.0,DHL,"Deutsche Post, Lehrte",4,13.0,13.0
1.0,0.0,DHL,"Deutsche Post, Lehrte",5,10.0,10.0
1.0,0.0,DHL,"Deutsche Post, Neustadt",0,13.0,13.0
1.0,0.0,DHL,"Deutsche Post, Neustadt",1,15.0,15.0
1.0,0.0,DHL,"Deutsche Post, Neustadt",2,16.0,16.0
1.0,0.0,DHL,"Deutsche Post, Neustadt",3,15.0,15.0
1.0,0.0,DHL,"Deutsche Post, Neustadt",4,13.0,13.0
1.0,0.0,DHL,"Deutsche Post, Neustadt",5,10.0,10.0
1.0,0.0,DHL,"Deutsche Post, Springe",0,9.0,9.0
1.0,0.0,DHL,"Deutsche Post, Springe",1,9.0,9.0
1.0,0.0,DHL,"Deutsche Post, Springe",2,11.0,11.0
1.0,0.0,DHL,"Deutsche Post, Springe",3,10.0,10.0
1.0,0.0,DHL,"Deutsche Post, Springe",4,9.0,9.0
1.0,0.0,DHL,"Deutsche Post, Springe",5,7.0,7.0
1.0,0.0,DHL,"Deutsche Post, Wunstorf",0,15.0,15.0
1.0,0.0,DHL,"Deutsche Post, Wunstorf",1,15.0,15.0
1.0,0.0,DHL,"Deutsche Post, Wunstorf",2,16.0,16.0
1.0,0.0,DHL,"Deutsche Post, Wunstorf",3,16.0,16.0
1.0,0.0,DHL,"Deutsche Post, Wunstorf",4,14.0,14.0
1.0,0.0,DHL,"Deutsche Post, Wunstorf",5,11.0,11.0
1.0,0.0,DHL,Dummy Seelze,0,17.0,17.0
1.0,0.0,DHL,Dummy Seelze,1,19.0,19.0
1.0,0.0,DHL,Dummy Seelze,2,21.0,21.0
1.0,0.0,DHL,Dummy Seelze,3,20.0,20.0
1.0,0.0,DHL,Dummy Seelze,4,17.0,17.0
1.0,0.0,DHL,Dummy Seelze,5,13.0,13.0
1.0,0.0,DHL,Dummy Sehnde,0,9.0,9.0
1.0,0.0,DHL,Dummy Sehnde,1,9.0,9.0
1.0,0.0,DHL,Dummy Sehnde,2,10.0,10.0
1.0,0.0,DHL,Dummy Sehnde,3,9.0,9.0
1.0,0.0,DHL,Dummy Sehnde,4,8.0,8.0
1.0,0.0,DHL,Dummy Sehnde,5,6.0,6.0
1.0,0.0,DHL,Dummy Uetze,0,7.0,7.0
1.0,0.0,DHL,Dummy Uetze,1,7.0,7.0
1.0,0.0,DHL,Dummy Uetze,2,7.0,7.0
1.0,0.0,DHL,Dummy Uetze,3,8.0,8.0
1.0,0.0,DHL,Dummy Uetze,4,6.0,6.0
1.0,0.0,DHL,Dummy Uetze,5,5.0,5.0
1.0,0.0,DHL,Dummy Wennigsen,0,11.0,11.0
1.0,0.0,DHL,Dummy Wennigsen,1,12.0,12.0
1.0,0.0,DHL,Dummy Wennigsen,2,12.0,12.0
1.0,0.0,DHL,Dummy Wennigsen,3,12.0,12.0
1.0,0.0,DHL,Dummy Wennigsen,4,10.0,10.0
1.0,0.0,DHL,Dummy Wennigsen,5,8.0,8.0
1.0,0.0,DHL,Paketzentrum / Zustellbasis Anderten,0,40.0,40.0
1.0,0.0,DHL,Paketzentrum / Zustellbasis Anderten,1,44.0,44.0
1.0,0.0,DHL,Paketzentrum / Zustellbasis Anderten,2,47.0,47.0
1.0,0.0,DHL,Paketzentrum / Zustellbasis Anderten,3,44.0,44.0
1.0,0.0,DHL,Paketzentrum / Zustellbasis Anderten,4,39.0,39.0
1.0,0.0,DHL,Paketzentrum / Zustellbasis Anderten,5,31.0,31.0
1.0,0.0,DHL,Zustellbasis Hannover am Güterbahnhof,0,102.0,102.0
1.0,0.0,DHL,Zustellbasis Hannover am Güterbahnhof,1,107.0,107.0
1.0,0.0,DHL,Zustellbasis Hannover am Güterbahnhof,2,122.0,122.0
1.0,0.0,DHL,Zustellbasis Hannover am Güterbahnhof,3,115.0,115.0
1.0,0.0,DHL,Zustellbasis Hannover am Güterbahnhof,4,97.0,97.0
1.0,0.0,DHL,Zustellbasis Hannover am Güterbahnhof,5,75.0,75.0
1.0,0.0,DHL,Zustellbasis Hannover-Süd,0,55.0,55.0
1.0,0.0,DHL,Zustellbasis Hannover-Süd,1,58.0,58.0
1.0,0.0,DHL,Zustellbasis Hannover-Süd,2,67.0,67.0
1.0,0.0,DHL,Zustellbasis Hannover-Süd,3,64.0,64.0
1.0,0.0,DHL,Zustellbasis Hannover-Süd,4,52.0,52.0
1.0,0.0,DHL,Zustellbasis Hannover-Süd,5,41.0,41.0
1.0,0.0,Amazon,Amazon Logistics HAJ8 in Garbsen,0,189.0,189.0
1.0,0.0,Amazon,Amazon Logistics HAJ8 in Garbsen,1,200.0,200.0
1.0,0.0,Amazon,Amazon Logistics HAJ8 in Garbsen,2,217.0,217.0
1.0,0.0,Amazon,Amazon Logistics HAJ8 in Garbsen,3,209.0,209.0
1.0,0.0,Amazon,Amazon Logistics HAJ8 in Garbsen,4,176.0,176.0
1.0,0.0,Amazon,Amazon Logistics HAJ8 in Garbsen,5,138.0,138.0
1.0,0.0,DPD,DPD Paketzentrum in Lehrte,0,93.0,93.0
1.0,0.0,DPD,DPD Paketzentrum in Lehrte,1,104.0,104.0
1.0,0.0,DPD,DPD Paketzentrum in Lehrte,2,118.0,118.0
1.0,0.0,DPD,DPD Paketzentrum in Lehrte,3,111.0,111.0
1.0,0.0,DPD,DPD Paketzentrum in Lehrte,4,90.0,90.0
1.0,0.0,DPD,DPD Paketzentrum in Lehrte,5,72.0,72.0
1.0,0.0,FedEx,FedEx Station - Heinz-Peter-Piper Str.,0,84.0,84.0
1.0,0.0,FedEx,FedEx Station - Heinz-Peter-Piper Str.,1,86.0,86.0
1.0,0.0,FedEx,FedEx Station - Heinz-Peter-Piper Str.,2,97.0,97.0
1.0,0.0,FedEx,FedEx Station - Heinz-Peter-Piper Str.,3,91.0,91.0
1.0,0.0,FedEx,FedEx Station - Heinz-Peter-Piper Str.,4,82.0,82.0
1.0,0.0,FedEx,FedEx Station - Heinz-Peter-Piper Str.,5,66.0,66.0
1.0,0.0,GLS,GLS in Hannover Laatzen,0,82.0,82.0
1.0,0.0,GLS,GLS in Hannover Laatzen,1,83.0,83.0
1.0,0.0,GLS,GLS in Hannover Laatzen,2,95.0,95.0
1.0,0.0,GLS,GLS in Hannover Laatzen,3,91.0,91.0
1.0,0.0,GLS,GLS in Hannover Laatzen,4,76.0,76.0
1.0,0.0,GLS,GLS in Hannover Laatzen,5,65.0,65.0
1.0,0.0,Hermes,Hermes LC Hannover Langenhagen,0,116.0,116.0
1.0,0.0,Hermes,Hermes LC Hannover Langenhagen,1,120.0,120.0
1.0,0.0,Hermes,Hermes LC Hannover Langenhagen,2,127.0,127.0
1.0,0.0,Hermes,Hermes LC Hannover Langenhagen,3,123.0,123.0
1.0,0.0,Hermes,Hermes LC Hannover Langenhagen,4,112.0,112.0
1.0,0.0,Hermes,Hermes LC Hannover Langenhagen,5,83.0,83.0
1.0,0.0,UPS,UPS Depot Hannover,0,100.0,100.0
1.0,0.0,UPS,UPS Depot Hannover,1,108.0,108.0
1.0,0.0,UPS,UPS Depot Hannover,2,118.0,118.0
1.0,0.0,UPS,UPS Depot Hannover,3,114.0,114.0
1.0,0.0,UPS,UPS Depot Hannover,4,95.0,95.0
1.0,0.0,UPS,UPS Depot Hannover,5,78.0,78.0
1.0,0.1,DHL,Brief- und Logistikzentrum in Pattensen (Hannover),0,26.0,26.0
1.0,0.1,DHL,Brief- und Logistikzentrum in Pattensen (Hannover),1,26.0,26.0
1.0,0.1,DHL,Brief- und Logistikzentrum in Pattensen (Hannover),2,28.0,28.0
1.0,0.1,DHL,Brief- und Logistikzentrum in Pattensen (Hannover),3,25.0,25.0
1.0,0.1,DHL,Brief- und Logistikzentrum in Pattensen (Hannover),4,24.0,24.0
1.0,0.1,DHL,Brief- und Logistikzentrum in Pattensen (Hannover),5,18.0,18.0
1.0,0.1,DHL,"Deutsche Post, Bantorf",0,10.0,10.0
1.0,0.1,DHL,"Deutsche Post, Bantorf",1,11.0,11.0
1.0,0.1,DHL,"Deutsche Post, Bantorf",2,13.0,13.0
1.0,0.1,DHL,"Deutsche Post, Bantorf",3,12.0,12.0
1.0,0.1,DHL,"Deutsche Post, Bantorf",4,10.0,10.0
1.0,0.1,DHL,"Deutsche Post, Bantorf",5,8.0,8.0
1.0,0.1,DHL,"Deutsche Post, Bissendorf",0,44.0,44.0
1.0,0.1,DHL,"Deutsche Post, Bissendorf",1,48.0,48.0
1.0,0.1,DHL,"Deutsche Post, Bissendorf",2,53.0,53.0
1.0,0.1,DHL,"Deutsche Post, Bissendorf",3,49.0,49.0
1.0,0.1,DHL,"Deutsche Post, Bissendorf",4,41.0,41.0
1.0,0.1,DHL,"Deutsche Post, Bissendorf",5,32.0,32.0
1.0,0.1,DHL,"Deutsche Post, Burgdorf",0,10.0,10.0
1.0,0.1,DHL,"Deutsche Post, Burgdorf",1,10.0,10.0
1.0,0.1,DHL,"Deutsche Post, Burgdorf",2,12.0,12.0
1.0,0.1,DHL,"Deutsche Post, Burgdorf",3,11.0,11.0
1.0,0.1,DHL,"Deutsche Post, Burgdorf",4,9.0,9.0
1.0,0.1,DHL,"Deutsche Post, Burgdorf",5,7.0,7.0
1.0,0.1,DHL,"Deutsche Post, Garbsen",0,12.0,12.0
1.0,0.1,DHL,"Deutsche Post, Garbsen",1,13.0,13.0
1.0,0.1,DHL,"Deutsche Post, Garbsen",2,15.0,15.0
1.0,0.1,DHL,"Deutsche Post, Garbsen",3,15.0,15.0
1.0,0.1,DHL,"Deutsche Post, Garbsen",4,12.0,12.0
1.0,0.1,DHL,"Deutsche Post, Garbsen",5,10.0,10.0
1.0,0.1,DHL,"Deutsche Post, Lehrte",0,14.0,14.0
1.0,0.1,DHL,"Deutsche Post, Lehrte",1,15.0,15.0
1.0,0.1,DHL,"Deutsche Post, Lehrte",2,17.0,17.0
1.0,0.1,DHL,"Deutsche Post, Lehrte",3,15.0,15.0
1.0,0.1,DHL,"Deutsche Post, Lehrte",4,13.0,13.0
1.0,0.1,DHL,"Deutsche Post, Lehrte",5,10.0,10.0
1.0,0.1,DHL,"Deutsche Post, Neustadt",0,13.0,13.0
1.0,0.1,DHL,"Deutsche Post, Neustadt",1,15.0,15.0
1.0,0.1,DHL,"Deutsche Post, Neustadt",2,16.0,16.0
1.0,0.1,DHL,"Deutsche Post, Neustadt",3,15.0,15.0
1.0,0.1,DHL,"Deutsche Post, Neustadt",4,13.0,13.0
1.0,0.1,DHL,"Deutsche Post, Neustadt",5,10.0,10.0
1.0,0.1,DHL,"Deutsche Post, Springe",0,9.0,9.0
1.0,0.1,DHL,"Deutsche Post, Springe",1,9.0,9.0
1.0,0.1,DHL,"Deutsche Post, Springe",2,11.0,11.0
1.0,0.1,DHL,"Deutsche Post, Springe",3,10.0,10.0
1.0,0.1,DHL,"Deutsche Post, Springe",4,9.0,9.0
1.0,0.1,DHL,"Deutsche Post, Springe",5,7.0,7.0
1.0,0.1,DHL,"Deutsche Post, Wunstorf",0,15.0,15.0
1.0,0.1,DHL,"Deutsche Post, Wunstorf",1,15.0,15.0
1.0,0.1,DHL,"Deutsche Post, Wunstorf",2,16.0,16.0
1.0,0.1,DHL,"Deutsche Post, Wunstorf",3,16.0,16.0
1.0,0.1,DHL,"Deutsche Post, Wunstorf",4,14.0,14.0
1.0,0.1,DHL,"Deutsche Post, Wunstorf",5,11.0,11.0
1.0,0.1,DHL,Dummy Seelze,0,17.0,17.0
1.0,0.1,DHL,Dummy Seelze,1,19.0,19.0
1.0,0.1,DHL,Dummy Seelze,2,19.0,19.0
1.0,0.1,DHL,Dummy Seelze,3,20.0,20.0
1.0,0.1,DHL,Dummy Seelze,4,17.0,17.0
1.0,0.1,DHL,Dummy Seelze,5,13.0,13.0
1.0,0.1,DHL,Dummy Sehnde,0,9.0,9.0
1.0,0.1,DHL,Dummy Sehnde,1,9.0,9.0
1.0,0.1,DHL,Dummy Sehnde,2,10.0,10.0
1.0,0.1,DHL,Dummy Sehnde,3,9.0,9.0
1.0,0.1,DHL,Dummy Sehnde,4,8.0,8.0
1.0,0.1,DHL,Dummy Sehnde,5,6.0,6.0
1.0,0.1,DHL,Dummy Uetze,0,7.0,7.0
1.0,0.1,DHL,Dummy Uetze,1,7.0,7.0
1.0,0.1,DHL,Dummy Uetze,2,7.0,7.0
1.0,0.1,DHL,Dummy Uetze,3,8.0,8.0
1.0,0.1,DHL,Dummy Uetze,4,6.0,6.0
1.0,0.1,DHL,Dummy Uetze,5,5.0,5.0
1.0,0.1,DHL,Dummy Wennigsen,0,10.0,10.0
1.0,0.1,DHL,Dummy Wennigsen,1,12.0,12.0
1.0,0.1,DHL,Dummy Wennigsen,2,12.0,12.0
1.0,0.1,DHL,Dummy Wennigsen,3,12.0,12.0
1.0,0.1,DHL,Dummy Wennigsen,4,10.0,10.0
1.0,0.1,DHL,Dummy Wennigsen,5,8.0,8.0
1.0,0.1,DHL,Paketzentrum / Zustellbasis Anderten,0,38.0,38.0
1.0,0.1,DHL,Paketzentrum / Zustellbasis Anderten,1,44.0,44.0
1.0,0.1,DHL,Paketzentrum / Zustellbasis Anderten,2,47.0,47.0
1.0,0.1,DHL,Paketzentrum / Zustellbasis Anderten,3,44.0,44.0
1.0,0.1,DHL,Paketzentrum / Zustellbasis Anderten,4,37.0,37.0
1.0,0.1,DHL,Paketzentrum / Zustellbasis Anderten,5,31.0,31.0
1.0,0.1,DHL,Zustellbasis Hannover am Güterbahnhof,0,102.0,102.0
1.0,0.1,DHL,Zustellbasis Hannover am Güterbahnhof,1,105.0,107.0
1.0,0.1,DHL,Zustellbasis Hannover am Güterbahnhof,2,123.0,119.0
1.0,0.1,DHL,Zustellbasis Hannover am Güterbahnhof,3,113.0,115.0
1.0,0.1,DHL,Zustellbasis Hannover am Güterbahnhof,4,97.0,95.0
1.0,0.1,DHL,Zustellbasis Hannover am Güterbahnhof,5,73.0,78.0
1.0,0.1,DHL,Zustellbasis Hannover-Süd,0,55.0,55.0
1.0,0.1,DHL,Zustellbasis Hannover-Süd,1,58.0,58.0
1.0,0.1,DHL,Zustellbasis Hannover-Süd,2,64.0,64.0
1.0,0.1,DHL,Zustellbasis Hannover-Süd,3,62.0,62.0
1.0,0.1,DHL,Zustellbasis Hannover-Süd,4,53.0,53.0
1.0,0.1,DHL,Zustellbasis Hannover-Süd,5,41.0,41.0
1.0,0.1,Amazon,Amazon Logistics HAJ8 in Garbsen,0,188.0,188.0
1.0,0.1,Amazon,Amazon Logistics HAJ8 in Garbsen,1,199.0,199.0
1.0,0.1,Amazon,Amazon Logistics HAJ8 in Garbsen,2,216.0,216.0
1.0,0.1,Amazon,Amazon Logistics HAJ8 in Garbsen,3,209.0,209.0
1.0,0.1,Amazon,Amazon Logistics HAJ8 in Garbsen,4,174.0,174.0
1.0,0.1,Amazon,Amazon Logistics HAJ8 in Garbsen,5,138.0,140.0
1.0,0.1,DPD,DPD Paketzentrum in Lehrte,0,92.0,94.0
1.0,0.1,DPD,DPD Paketzentrum in Lehrte,1,98.0,98.0
1.0,0.1,DPD,DPD Paketzentrum in Lehrte,2,115.0,109.0
1.0,0.1,DPD,DPD Paketzentrum in Lehrte,3,101.0,107.0
1.0,0.1,DPD,DPD Paketzentrum in Lehrte,4,88.0,89.0
1.0,0.1,DPD,DPD Paketzentrum in Lehrte,5,69.0,85.0
1.0,0.1,FedEx,FedEx Station - Heinz-Peter-Piper Str.,0,83.0,83.0
1.0,0.1,FedEx,FedEx Station - Heinz-Peter-Piper Str.,1,81.0,90.0
1.0,0.1,FedEx,FedEx Station - Heinz-Peter-Piper Str.,2,102.0,90.0
1.0,0.1,FedEx,FedEx Station - Heinz-Peter-Piper Str.,3,87.0,87.0
1.0,0.1,FedEx,FedEx Station - Heinz-Peter-Piper Str.,4,82.0,80.0
1.0,0.1,FedEx,FedEx Station - Heinz-Peter-Piper Str.,5,64.0,80.0
1.0,0.1,GLS,GLS in Hannover Laatzen,0,79.0,79.0
1.0,0.1,GLS,GLS in Hannover Laatzen,1,80.0,80.0
1.0,0.1,GLS,GLS in Hannover Laatzen,2,93.0,92.0
1.0,0.1,GLS,GLS in Hannover Laatzen,3,88.0,88.0
1.0,0.1,GLS,GLS in Hannover Laatzen,4,75.0,75.0
1.0,0.1,GLS,GLS in Hannover Laatzen,5,63.0,71.0
1.0,0.1,Hermes,Hermes LC Hannover Langenhagen,0,116.0,116.0
1.0,0.1,Hermes,Hermes LC Hannover Langenhagen,1,119.0,120.0
1.0,0.1,Hermes,Hermes LC Hannover Langenhagen,2,126.0,126.0
1.0,0.1,Hermes,Hermes LC Hannover Langenhagen,3,123.0,123.0
1.0,0.1,Hermes,Hermes LC Hannover Langenhagen,4,110.0,110.0
1.0,0.1,Hermes,Hermes LC Hannover Langenhagen,5,81.0,85.0
1.0,0.1,UPS,UPS Depot Hannover,0,96.0,95.0
1.0,0.1,UPS,UPS Depot Hannover,1,102.0,109.0
1.0,0.1,UPS,UPS Depot Hannover,2,116.0,109.0
1.0,0.1,UPS,UPS Depot Hannover,3,107.0,109.0
1.0,0.1,UPS,UPS Depot Hannover,4,98.0,94.0
1.0,0.1,UPS,UPS Depot Hannover,5,80.0,94.0
1.0,0.2,DHL,Brief- und Logistikzentrum in Pattensen (Hannover),0,26.0,26.0
1.0,0.2,DHL,Brief- und Logistikzentrum in Pattensen (Hannover),1,27.0,27.0
1.0,0.2,DHL,Brief- und Logistikzentrum in Pattensen (Hannover),2,28.0,28.0
1.0,0.2,DHL,Brief- und Logistikzentrum in Pattensen (Hannover),3,27.0,27.0
1.0,0.2,DHL,Brief- und Logistikzentrum in Pattensen (Hannover),4,24.0,24.0
1.0,0.2,DHL,Brief- und Logistikzentrum in Pattensen (Hannover),5,18.0,18.0
1.0,0.2,DHL,"Deutsche Post, Bantorf",0,10.0,10.0
1.0,0.2,DHL,"Deutsche Post, Bantorf",1,11.0,11.0
1.0,0.2,DHL,"Deutsche Post, Bantorf",2,13.0,13.0
1.0,0.2,DHL,"Deutsche Post, Bantorf",3,12.0,12.0
1.0,0.2,DHL,"Deutsche Post, Bantorf",4,10.0,10.0
1.0,0.2,DHL,"Deutsche Post, Bantorf",5,8.0,8.0
1.0,0.2,DHL,"Deutsche Post, Bissendorf",0,44.0,44.0
1.0,0.2,DHL,"Deutsche Post, Bissendorf",1,48.0,48.0
1.0,0.2,DHL,"Deutsche Post, Bissendorf",2,53.0,53.0
1.0,0.2,DHL,"Deutsche Post, Bissendorf",3,49.0,49.0
1.0,0.2,DHL,"Deutsche Post, Bissendorf",4,41.0,41.0
1.0,0.2,DHL,"Deutsche Post, Bissendorf",5,32.0,32.0
1.0,0.2,DHL,"Deutsche Post, Burgdorf",0,10.0,10.0
1.0,0.2,DHL,"Deutsche Post, Burgdorf",1,10.0,10.0
1.0,0.2,DHL,"Deutsche Post, Burgdorf",2,12.0,12.0
1.0,0.2,DHL,"Deutsche Post, Burgdorf",3,11.0,11.0
1.0,0.2,DHL,"Deutsche Post, Burgdorf",4,9.0,9.0
1.0,0.2,DHL,"Deutsche Post, Burgdorf",5,7.0,7.0
1.0,0.2,DHL,"Deutsche Post, Garbsen",0,12.0,12.0
1.0,0.2,DHL,"Deutsche Post, Garbsen",1,13.0,13.0
1.0,0.2,DHL,"Deutsche Post, Garbsen",2,15.0,15.0
1.0,0.2,DHL,"Deutsche Post, Garbsen",3,15.0,15.0
1.0,0.2,DHL,"Deutsche Post, Garbsen",4,12.0,12.0
1.0,0.2,DHL,"Deutsche Post, Garbsen",5,10.0,10.0
1.0,0.2,DHL,"Deutsche Post, Lehrte",0,14.0,14.0
1.0,0.2,DHL,"Deutsche Post, Lehrte",1,15.0,15.0
1.0,0.2,DHL,"Deutsche Post, Lehrte",2,17.0,17.0
1.0,0.2,DHL,"Deutsche Post, Lehrte",3,15.0,15.0
1.0,0.2,DHL,"Deutsche Post, Lehrte",4,13.0,13.0
1.0,0.2,DHL,"Deutsche Post, Lehrte",5,10.0,10.0
1.0,0.2,DHL,"Deutsche Post, Neustadt",0,13.0,13.0
1.0,0.2,DHL,"Deutsche Post, Neustadt",1,15.0,15.0
1.0,0.2,DHL,"Deutsche Post, Neustadt",2,16.0,16.0
1.0,0.2,DHL,"Deutsche Post, Neustadt",3,15.0,15.0
1.0,0.2,DHL,"Deutsche Post, Neustadt",4,13.0,13.0
1.0,0.2,DHL,"Deutsche Post, Neustadt",5,10.0,10.0
1.0,0.2,DHL,"Deutsche Post, Springe",0,9.0,9.0
1.0,0.2,DHL,"Deutsche Post, Springe",1,9.0,9.0
1.0,0.2,DHL,"Deutsche Post, Springe",2,11.0,11.0
1.0,0.2,DHL,"Deutsche Post, Springe",3,10.0,10.0
1.0,0.2,DHL,"Deutsche Post, Springe",4,9.0,9.0
1.0,0.2,DHL,"Deutsche Post, Springe",5,7.0,7.0
1.0,0.2,DHL,"Deutsche Post, Wunstorf",0,15.0,15.0
1.0,0.2,DHL,"Deutsche Post, Wunstorf",1,15.0,15.0
1.0,0.2,DHL,"Deutsche Post, Wunstorf",2,16.0,16.0
1.0,0.2,DHL,"Deutsche Post, Wunstorf",3,16.0,16.0
1.0,0.2,DHL,"Deutsche Post, Wunstorf",4,14.0,14.0
1.0,0.2,DHL,"Deutsche Post, Wunstorf",5,11.0,11.0
1.0,0.2,DHL,Dummy Seelze,0,17.0,17.0
1.0,0.2,DHL,Dummy Seelze,1,19.0,19.0
1.0,0.2,DHL,Dummy Seelze,2,21.0,21.0
1.0,0.2,DHL,Dummy Seelze,3,20.0,20.0
1.0,0.2,DHL,Dummy Seelze,4,17.0,17.0
1.0,0.2,DHL,Dummy Seelze,5,13.0,13.0
1.0,0.2,DHL,Dummy Sehnde,0,9.0,9.0
1.0,0.2,DHL,Dummy Sehnde,1,9.0,9.0
1.0,0.2,DHL,Dummy Sehnde,2,10.0,10.0
1.0,0.2,DHL,Dummy Sehnde,3,9.0,9.0
1.0,0.2,DHL,Dummy Sehnde,4,8.0,8.0
1.0,0.2,DHL,Dummy Sehnde,5,6.0,6.0
1.0,0.2,DHL,Dummy Uetze,0,7.0,7.0
1.0,0.2,DHL,Dummy Uetze,1,7.0,7.0
1.0,0.2,DHL,Dummy Uetze,2,7.0,7.0
1.0,0.2,DHL,Dummy Uetze,3,8.0,8.0
1.0,0.2,DHL,Dummy Uetze,4,6.0,6.0
1.0,0.2,DHL,Dummy Uetze,5,5.0,5.0
1.0,0.2,DHL,Dummy Wennigsen,0,11.0,11.0
1.0,0.2,DHL,Dummy Wennigsen,1,12.0,12.0
1.0,0.2,DHL,Dummy Wennigsen,2,12.0,12.0
1.0,0.2,DHL,Dummy Wennigsen,3,12.0,12.0
1.0,0.2,DHL,Dummy Wennigsen,4,10.0,10.0
1.0,0.2,DHL,Dummy Wennigsen,5,8.0,8.0
1.0,0.2,DHL,Paketzentrum / Zustellbasis Anderten,0,40.0,40.0
1.0,0.2,DHL,Paketzentrum / Zustellbasis Anderten,1,44.0,44.0
1.0,0.2,DHL,Paketzentrum / Zustellbasis Anderten,2,47.0,47.0
1.0,0.2,DHL,Paketzentrum / Zustellbasis Anderten,3,44.0,44.0
1.0,0.2,DHL,Paketzentrum / Zustellbasis Anderten,4,37.0,37.0
1.0,0.2,DHL,Paketzentrum / Zustellbasis Anderten,5,31.0,31.0
1.0,0.2,DHL,Zustellbasis Hannover am Güterbahnhof,0,102.0,102.0
1.0,0.2,DHL,Zustellbasis Hannover am Güterbahnhof,1,107.0,107.0
1.0,0.2,DHL,Zustellbasis Hannover am Güterbahnhof,2,122.0,120.0
1.0,0.2,DHL,Zustellbasis Hannover am Güterbahnhof,3,111.0,115.0
1.0,0.2,DHL,Zustellbasis Hannover am Güterbahnhof,4,98.0,93.0
1.0,0.2,DHL,Zustellbasis Hannover am Güterbahnhof,5,71.0,79.0
1.0,0.2,DHL,Zustellbasis Hannover-Süd,0,55.0,55.0
1.0,0.2,DHL,Zustellbasis Hannover-Süd,1,58.0,58.0
1.0,0.2,DHL,Zustellbasis Hannover-Süd,2,64.0,64.0
1.0,0.2,DHL,Zustellbasis Hannover-Süd,3,65.0,65.0
1.0,0.2,DHL,Zustellbasis Hannover-Süd,4,49.0,49.0
1.0,0.2,DHL,Zustellbasis Hannover-Süd,5,42.0,42.0
1.0,0.2,Amazon,Amazon Logistics HAJ8 in Garbsen,0,184.0,188.0
1.0,0.2,Amazon,Amazon Logistics HAJ8 in Garbsen,1,198.0,197.0
1.0,0.2,Amazon,Amazon Logistics HAJ8 in Garbsen,2,215.0,211.0
1.0,0.2,Amazon,Amazon Logistics HAJ8 in Garbsen,3,206.0,209.0
1.0,0.2,Amazon,Amazon Logistics HAJ8 in Garbsen,4,170.0,170.0
1.0,0.2,Amazon,Amazon Logistics HAJ8 in Garbsen,5,138.0,150.0
1.0,0.2,DPD,DPD Paketzentrum in Lehrte,0,92.0,90.0
1.0,0.2,DPD,DPD Paketzentrum in Lehrte,1,93.0,93.0
1.0,0.2,DPD,DPD Paketzentrum in Lehrte,2,103.0,104.0
1.0,0.2,DPD,DPD Paketzentrum in Lehrte,3,109.0,104.0
1.0,0.2,DPD,DPD Paketzentrum in Lehrte,4,87.0,84.0
1.0,0.2,DPD,DPD Paketzentrum in Lehrte,5,67.0,84.0
1.0,0.2,FedEx,FedEx Station - Heinz-Peter-Piper Str.,0,78.0,80.0
1.0,0.2,FedEx,FedEx Station - Heinz-Peter-Piper Str.,1,92.0,92.0
1.0,0.2,FedEx,FedEx Station - Heinz-Peter-Piper Str.,2,96.0,93.0
1.0,0.2,FedEx,FedEx Station - Heinz-Peter-Piper Str.,3,88.0,93.0
1.0,0.2,FedEx,FedEx Station - Heinz-Peter-Piper Str.,4,85.0,78.0
1.0,0.2,FedEx,FedEx Station - Heinz-Peter-Piper Str.,5,69.0,78.0
1.0,0.2,GLS,GLS in Hannover Laatzen,0,78.0,84.0
1.0,0.2,GLS,GLS in Hannover Laatzen,1,80.0,78.0
1.0,0.2,GLS,GLS in Hannover Laatzen,2,94.0,88.0
1.0,0.2,GLS,GLS in Hannover Laatzen,3,87.0,88.0
1.0,0.2,GLS,GLS in Hannover Laatzen,4,76.0,74.0
1.0,0.2,GLS,GLS in Hannover Laatzen,5,64.0,74.0
1.0,0.2,Hermes,Hermes LC Hannover Langenhagen,0,110.0,110.0
1.0,0.2,Hermes,Hermes LC Hannover Langenhagen,1,116.0,117.0
1.0,0.2,Hermes,Hermes LC Hannover Langenhagen,2,125.0,122.0
1.0,0.2,Hermes,Hermes LC Hannover Langenhagen,3,120.0,122.0
1.0,0.2,Hermes,Hermes LC Hannover Langenhagen,4,106.0,106.0
1.0,0.2,Hermes,Hermes LC Hannover Langenhagen,5,78.0,100.0
1.0,0.2,UPS,UPS Depot Hannover,0,97.0,95.0
1.0,0.2,UPS,UPS Depot Hannover,1,107.0,111.0
1.0,0.2,UPS,UPS Depot Hannover,2,119.0,111.0
1.0,0.2,UPS,UPS Depot Hannover,3,113.0,111.0
1.0,0.2,UPS,UPS Depot Hannover,4,93.0,95.0
1.0,0.2,UPS,UPS Depot Hannover,5,86.0,95.0
1.0,0.3,DHL,Brief- und Logistikzentrum in Pattensen (Hannover),0,26.0,26.0
1.0,0.3,DHL,Brief- und Logistikzentrum in Pattensen (Hannover),1,27.0,27.0
1.0,0.3,DHL,Brief- und Logistikzentrum in Pattensen (Hannover),2,28.0,28.0
1.0,0.3,DHL,Brief- und Logistikzentrum in Pattensen (Hannover),3,27.0,27.0
1.0,0.3,DHL,Brief- und Logistikzentrum in Pattensen (Hannover),4,24.0,24.0
1.0,0.3,DHL,Brief- und Logistikzentrum in Pattensen (Hannover),5,18.0,18.0
1.0,0.3,DHL,"Deutsche Post, Bantorf",0,10.0,10.0
1.0,0.3,DHL,"Deutsche Post, Bantorf",1,11.0,11.0
1.0,0.3,DHL,"Deutsche Post, Bantorf",2,13.0,13.0
1.0,0.3,DHL,"Deutsche Post, Bantorf",3,12.0,12.0
1.0,0.3,DHL,"Deutsche Post, Bantorf",4,10.0,10.0
1.0,0.3,DHL,"Deutsche Post, Bantorf",5,8.0,8.0
1.0,0.3,DHL,"Deutsche Post, Bissendorf",0,44.0,44.0
1.0,0.3,DHL,"Deutsche Post, Bissendorf",1,48.0,48.0
1.0,0.3,DHL,"Deutsche Post, Bissendorf",2,53.0,53.0
1.0,0.3,DHL,"Deutsche Post, Bissendorf",3,49.0,49.0
1.0,0.3,DHL,"Deutsche Post, Bissendorf",4,41.0,41.0
1.0,0.3,DHL,"Deutsche Post, Bissendorf",5,32.0,32.0
1.0,0.3,DHL,"Deutsche Post, Burgdorf",0,10.0,10.0
1.0,0.3,DHL,"Deutsche Post, Burgdorf",1,10.0,10.0
1.0,0.3,DHL,"Deutsche Post, Burgdorf",2,12.0,12.0
1.0,0.3,DHL,"Deutsche Post, Burgdorf",3,11.0,11.0
1.0,0.3,DHL,"Deutsche Post, Burgdorf",4,9.0,9.0
1.0,0.3,DHL,"Deutsche Post, Burgdorf",5,7.0,7.0
1.0,0.3,DHL,"Deutsche Post, Garbsen",0,12.0,12.0
1.0,0.3,DHL,"Deutsche Post, Garbsen",1,13.0,13.0
1.0,0.3,DHL,"Deutsche Post, Garbsen",2,15.0,15.0
1.0,0.3,DHL,"Deutsche Post, Garbsen",3,15.0,15.0
1.0,0.3,DHL,"Deutsche Post, Garbsen",4,12.0,12.0
1.0,0.3,DHL,"Deutsche Post, Garbsen",5,10.0,10.0
1.0,0.3,DHL,"Deutsche Post, Lehrte",0,14.0,14.0
1.0,0.3,DHL,"Deutsche Post, Lehrte",1,15.0,15.0
1.0,0.3,DHL,"Deutsche Post, Lehrte",2,17.0,17.0
1.0,0.3,DHL,"Deutsche Post, Lehrte",3,15.0,15.0
1.0,0.3,DHL,"Deutsche Post, Lehrte",4,13.0,13.0
1.0,0.3,DHL,"Deutsche Post, Lehrte",5,10.0,10.0
1.0,0.3,DHL,"Deutsche Post, Neustadt",0,13.0,13.0
1.0,0.3,DHL,"Deutsche Post, Neustadt",1,15.0,15.0
1.0,0.3,DHL,"Deutsche Post, Neustadt",2,16.0,16.0
1.0,0.3,DHL,"Deutsche Post, Neustadt",3,15.0,15.0
1.0,0.3,DHL,"Deutsche Post, Neustadt",4,13.0,13.0
1.0,0.3,DHL,"Deutsche Post, Neustadt",5,10.0,10.0
1.0,0.3,DHL,"Deutsche Post, Springe",0,9.0,9.0
1.0,0.3,DHL,"Deutsche Post, Springe",1,9.0,9.0
1.0,0.3,DHL,"Deutsche Post, Springe",2,11.0,11.0
1.0,0.3,DHL,"Deutsche Post, Springe",3,10.0,10.0
1.0,0.3,DHL,"Deutsche Post, Springe",4,9.0,9.0
1.0,0.3,DHL,"Deutsche Post, Springe",5,7.0,7.0
1.0,0.3,DHL,"Deutsche Post, Wunstorf",0,15.0,15.0
1.0,0.3,DHL,"Deutsche Post, Wunstorf",1,15.0,15.0
1.0,0.3,DHL,"Deutsche Post, Wunstorf",2,16.0,16.0
1.0,0.3,DHL,"Deutsche Post, Wunstorf",3,16.0,16.0
1.0,0.3,DHL,"Deutsche Post, Wunstorf",4,14.0,14.0
1.0,0.3,DHL,"Deutsche Post, Wunstorf",5,11.0,11.0
1.0,0.3,DHL,Dummy Seelze,0,17.0,17.0
1.0,0.3,DHL,Dummy Seelze,1,19.0,19.0
1.0,0.3,DHL,Dummy Seelze,2,21.0,21.0
1.0,0.3,DHL,Dummy Seelze,3,20.0,20.0
1.0,0.3,DHL,Dummy Seelze,4,17.0,17.0
1.0,0.3,DHL,Dummy Seelze,5,13.0,13.0
1.0,0.3,DHL,Dummy Sehnde,0,9.0,9.0
1.0,0.3,DHL,Dummy Sehnde,1,9.0,9.0
1.0,0.3,DHL,Dummy Sehnde,2,10.0,10.0
1.0,0.3,DHL,Dummy Sehnde,3,9.0,9.0
1.0,0.3,DHL,Dummy Sehnde,4,8.0,8.0
1.0,0.3,DHL,Dummy Sehnde,5,6.0,6.0
1.0,0.3,DHL,Dummy Uetze,0,7.0,7.0
1.0,0.3,DHL,Dummy Uetze,1,7.0,7.0
1.0,0.3,DHL,Dummy Uetze,2,7.0,7.0
1.0,0.3,DHL,Dummy Uetze,3,8.0,8.0
1.0,0.3,DHL,Dummy Uetze,4,6.0,6.0
1.0,0.3,DHL,Dummy Uetze,5,5.0,5.0
1.0,0.3,DHL,Dummy Wennigsen,0,11.0,11.0
1.0,0.3,DHL,Dummy Wennigsen,1,12.0,12.0
1.0,0.3,DHL,Dummy Wennigsen,2,12.0,12.0
1.0,0.3,DHL,Dummy Wennigsen,3,12.0,12.0
1.0,0.3,DHL,Dummy Wennigsen,4,10.0,10.0
1.0,0.3,DHL,Dummy Wennigsen,5,8.0,8.0
1.0,0.3,DHL,Paketzentrum / Zustellbasis Anderten,0,40.0,40.0
1.0,0.3,DHL,Paketzentrum / Zustellbasis Anderten,1,44.0,44.0
1.0,0.3,DHL,Paketzentrum / Zustellbasis Anderten,2,47.0,47.0
1.0,0.3,DHL,Paketzentrum / Zustellbasis Anderten,3,44.0,44.0
1.0,0.3,DHL,Paketzentrum / Zustellbasis Anderten,4,39.0,39.0
1.0,0.3,DHL,Paketzentrum / Zustellbasis Anderten,5,31.0,31.0
1.0,0.3,DHL,Zustellbasis Hannover am Güterbahnhof,0,102.0,102.0
1.0,0.3,DHL,Zustellbasis Hannover am Güterbahnhof,1,107.0,107.0
1.0,0.3,DHL,Zustellbasis Hannover am Güterbahnhof,2,122.0,122.0
1.0,0.3,DHL,Zustellbasis Hannover am Güterbahnhof,3,115.0,115.0
1.0,0.3,DHL,Zustellbasis Hannover am Güterbahnhof,4,97.0,97.0
1.0,0.3,DHL,Zustellbasis Hannover am Güterbahnhof,5,75.0,75.0
1.0,0.3,DHL,Zustellbasis Hannover-Süd,0,55.0,55.0
1.0,0.3,DHL,Zustellbasis Hannover-Süd,1,58.0,58.0
1.0,0.3,DHL,Zustellbasis Hannover-Süd,2,67.0,67.0
1.0,0.3,DHL,Zustellbasis Hannover-Süd,3,64.0,64.0
1.0,0.3,DHL,Zustellbasis Hannover-Süd,4,52.0,52.0
1.0,0.3,DHL,Zustellbasis Hannover-Süd,5,41.0,41.0
1.0,0.3,Amazon,Amazon Logistics HAJ8 in Garbsen,0,178.0,184.0
1.0,0.3,Amazon,Amazon Logistics HAJ8 in Garbsen,1,193.0,196.0
1.0,0.3,Amazon,Amazon Logistics HAJ8 in Garbsen,2,212.0,207.0
1.0,0.3,Amazon,Amazon Logistics HAJ8 in Garbsen,3,208.0,203.0
1.0,0.3,Amazon,Amazon Logistics HAJ8 in Garbsen,4,174.0,165.0
1.0,0.3,Amazon,Amazon Logistics HAJ8 in Garbsen,5,134.0,165.0
1.0,0.3,DPD,DPD Paketzentrum in Lehrte,0,86.0,89.0
1.0,0.3,DPD,DPD Paketzentrum in Lehrte,1,93.0,95.0
1.0,0.3,DPD,DPD Paketzentrum in Lehrte,2,105.0,100.0
1.0,0.3,DPD,DPD Paketzentrum in Lehrte,3,101.0,100.0
1.0,0.3,DPD,DPD Paketzentrum in Lehrte,4,92.0,86.0
1.0,0.3,DPD,DPD Paketzentrum in Lehrte,5,73.0,86.0
1.0,0.3,FedEx,FedEx Station - Heinz-Peter-Piper Str.,0,90.0,84.0
1.0,0.3,FedEx,FedEx Station - Heinz-Peter-Piper Str.,1,81.0,87.0
1.0,0.3,FedEx,FedEx Station - Heinz-Peter-Piper Str.,2,104.0,92.0
1.0,0.3,FedEx,FedEx Station - Heinz-Peter-Piper Str.,3,87.0,92.0
1.0,0.3,FedEx,FedEx Station - Heinz-Peter-Piper Str.,4,88.0,84.0
1.0,0.3,FedEx,FedEx Station - Heinz-Peter-Piper Str.,5,66.0,85.0
1.0,0.3,GLS,GLS in Hannover Laatzen,0,76.0,77.0
1.0,0.3,GLS,GLS in Hannover Laatzen,1,82.0,81.0
1.0,0.3,GLS,GLS in Hannover Laatzen,2,86.0,88.0
1.0,0.3,GLS,GLS in Hannover Laatzen,3,92.0,88.0
1.0,0.3,GLS,GLS in Hannover Laatzen,4,81.0,75.0
1.0,0.3,GLS,GLS in Hannover Laatzen,5,60.0,75.0
1.0,0.3,Hermes,Hermes LC Hannover Langenhagen,0,107.0,112.0
1.0,0.3,Hermes,Hermes LC Hannover Langenhagen,1,112.0,113.0
1.0,0.3,Hermes,Hermes LC Hannover Langenhagen,2,124.0,120.0
1.0,0.3,Hermes,Hermes LC Hannover Langenhagen,3,120.0,120.0
1.0,0.3,Hermes,Hermes LC Hannover Langenhagen,4,105.0,100.0
1.0,0.3,Hermes,Hermes LC Hannover Langenhagen,5,81.0,100.0
1.0,0.3,UPS,UPS Depot Hannover,0,95.0,98.0
1.0,0.3,UPS,UPS Depot Hannover,1,108.0,110.0
1.0,0.3,UPS,UPS Depot Hannover,2,117.0,111.0
1.0,0.3,UPS,UPS Depot Hannover,3,113.0,110.0
1.0,0.3,UPS,UPS Depot Hannover,4,97.0,97.0
1.0,0.3,UPS,UPS Depot Hannover,5,86.0,96.0
1.0,0.4,DHL,Brief- und Logistikzentrum in Pattensen (Hannover),0,26.0,26.0
1.0,0.4,DHL,Brief- und Logistikzentrum in Pattensen (Hannover),1,27.0,27.0
1.0,0.4,DHL,Brief- und Logistikzentrum in Pattensen (Hannover),2,28.0,28.0
1.0,0.4,DHL,Brief- und Logistikzentrum in Pattensen (Hannover),3,27.0,27.0
1.0,0.4,DHL,Brief- und Logistikzentrum in Pattensen (Hannover),4,24.0,24.0
1.0,0.4,DHL,Brief- und Logistikzentrum in Pattensen (Hannover),5,18.0,18.0
1.0,0.4,DHL,"Deutsche Post, Bantorf",0,10.0,10.0
1.0,0.4,DHL,"Deutsche Post, Bantorf",1,11.0,11.0
1.0,0.4,DHL,"Deutsche Post, Bantorf",2,13.0,13.0
1.0,0.4,DHL,"Deutsche Post, Bantorf",3,12.0,12.0
1.0,0.4,DHL,"Deutsche Post, Bantorf",4,10.0,10.0
1.0,0.4,DHL,"Deutsche Post, Bantorf",5,8.0,8.0
1.0,0.4,DHL,"Deutsche Post, Bissendorf",0,44.0,44.0
1.0,0.4,DHL,"Deutsche Post, Bissendorf",1,48.0,48.0
1.0,0.4,DHL,"Deutsche Post, Bissendorf",2,53.0,53.0
1.0,0.4,DHL,"Deutsche Post, Bissendorf",3,49.0,49.0
1.0,0.4,DHL,"Deutsche Post, Bissendorf",4,41.0,41.0
1.0,0.4,DHL,"Deutsche Post, Bissendorf",5,32.0,32.0
1.0,0.4,DHL,"Deutsche Post, Burgdorf",0,10.0,10.0
1.0,0.4,DHL,"Deutsche Post, Burgdorf",1,10.0,10.0
1.0,0.4,DHL,"Deutsche Post, Burgdorf",2,12.0,12.0
1.0,0.4,DHL,"Deutsche Post, Burgdorf",3,11.0,11.0
1.0,0.4,DHL,"Deutsche Post, Burgdorf",4,9.0,9.0
1.0,0.4,DHL,"Deutsche Post, Burgdorf",5,7.0,7.0
1.0,0.4,DHL,"Deutsche Post, Garbsen",0,12.0,12.0
1.0,0.4,DHL,"Deutsche Post, Garbsen",1,13.0,13.0
1.0,0.4,DHL,"Deutsche Post, Garbsen",2,15.0,15.0
1.0,0.4,DHL,"Deutsche Post, Garbsen",3,15.0,15.0
1.0,0.4,DHL,"Deutsche Post, Garbsen",4,12.0,12.0
1.0,0.4,DHL,"Deutsche Post, Garbsen",5,10.0,10.0
1.0,0.4,DHL,"Deutsche Post, Lehrte",0,14.0,14.0
1.0,0.4,DHL,"Deutsche Post, Lehrte",1,15.0,15.0
1.0,0.4,DHL,"Deutsche Post, Lehrte",2,17.0,17.0
1.0,0.4,DHL,"Deutsche Post, Lehrte",3,15.0,15.0
1.0,0.4,DHL,"Deutsche Post, Lehrte",4,13.0,13.0
1.0,0.4,DHL,"Deutsche Post, Lehrte",5,10.0,10.0
1.0,0.4,DHL,"Deutsche Post, Neustadt",0,13.0,13.0
1.0,0.4,DHL,"Deutsche Post, Neustadt",1,15.0,15.0
1.0,0.4,DHL,"Deutsche Post, Neustadt",2,16.0,16.0
1.0,0.4,DHL,"Deutsche Post, Neustadt",3,15.0,15.0
1.0,0.4,DHL,"Deutsche Post, Neustadt",4,13.0,13.0
1.0,0.4,DHL,"Deutsche Post, Neustadt",5,10.0,10.0
1.0,0.4,DHL,"Deutsche Post, Springe",0,9.0,9.0
1.0,0.4,DHL,"Deutsche Post, Springe",1,9.0,9.0
1.0,0.4,DHL,"Deutsche Post, Springe",2,11.0,11.0
1.0,0.4,DHL,"Deutsche Post, Springe",3,10.0,10.0
1.0,0.4,DHL,"Deutsche Post, Springe",4,9.0,9.0
1.0,0.4,DHL,"Deutsche Post, Springe",5,7.0,7.0
1.0,0.4,DHL,"Deutsche Post, Wunstorf",0,15.0,15.0
1.0,0.4,DHL,"Deutsche Post, Wunstorf",1,15.0,15.0
1.0,0.4,DHL,"Deutsche Post, Wunstorf",2,16.0,16.0
1.0,0.4,DHL,"Deutsche Post, Wunstorf",3,16.0,16.0
1.0,0.4,DHL,"Deutsche Post, Wunstorf",4,14.0,14.0
1.0,0.4,DHL,"Deutsche Post, Wunstorf",5,11.0,11.0
1.0,0.4,DHL,Dummy Seelze,0,17.0,17.0
1.0,0.4,DHL,Dummy Seelze,1,19.0,19.0
1.0,0.4,DHL,Dummy Seelze,2,21.0,21.0
1.0,0.4,DHL,Dummy Seelze,3,20.0,20.0
1.0,0.4,DHL,Dummy Seelze,4,17.0,17.0
1.0,0.4,DHL,Dummy Seelze,5,13.0,13.0
1.0,0.4,DHL,Dummy Sehnde,0,9.0,9.0
1.0,0.4,DHL,Dummy Sehnde,1,9.0,9.0
1.0,0.4,DHL,Dummy Sehnde,2,10.0,10.0
1.0,0.4,DHL,Dummy Sehnde,3,9.0,9.0
1.0,0.4,DHL,Dummy Sehnde,4,8.0,8.0
1.0,0.4,DHL,Dummy Sehnde,5,6.0,6.0
1.0,0.4,DHL,Dummy Uetze,0,7.0,7.0
1.0,0.4,DHL,Dummy Uetze,1,7.0,7.0
1.0,0.4,DHL,Dummy Uetze,2,7.0,7.0
1.0,0.4,DHL,Dummy Uetze,3,8.0,8.0
1.0,0.4,DHL,Dummy Uetze,4,6.0,6.0
1.0,0.4,DHL,Dummy Uetze,5,5.0,5.0
1.0,0.4,DHL,Dummy Wennigsen,0,11.0,11.0
1.0,0.4,DHL,Dummy Wennigsen,1,12.0,12.0
1.0,0.4,DHL,Dummy Wennigsen,2,12.0,12.0
1.0,0.4,DHL,Dummy Wennigsen,3,12.0,12.0
1.0,0.4,DHL,Dummy Wennigsen,4,10.0,10.0
1.0,0.4,DHL,Dummy Wennigsen,5,8.0,8.0
1.0,0.4,DHL,Paketzentrum / Zustellbasis Anderten,0,40.0,40.0
1.0,0.4,DHL,Paketzentrum / Zustellbasis Anderten,1,44.0,44.0
1.0,0.4,DHL,Paketzentrum / Zustellbasis Anderten,2,47.0,47.0
1.0,0.4,DHL,Paketzentrum / Zustellbasis Anderten,3,44.0,44.0
1.0,0.4,DHL,Paketzentrum / Zustellbasis Anderten,4,39.0,39.0
1.0,0.4,DHL,Paketzentrum / Zustellbasis Anderten,5,31.0,31.0
1.0,0.4,DHL,Zustellbasis Hannover am Güterbahnhof,0,102.0,102.0
1.0,0.4,DHL,Zustellbasis Hannover am Güterbahnhof,1,107.0,107.0
1.0,0.4,DHL,Zustellbasis Hannover am Güterbahnhof,2,122.0,122.0
1.0,0.4,DHL,Zustellbasis Hannover am Güterbahnhof,3,115.0,115.0
1.0,0.4,DHL,Zustellbasis Hannover am Güterbahnhof,4,97.0,97.0
1.0,0.4,DHL,Zustellbasis Hannover am Güterbahnhof,5,75.0,75.0
1.0,0.4,DHL,Zustellbasis Hannover-Süd,0,55.0,55.0
1.0,0.4,DHL,Zustellbasis Hannover-Süd,1,58.0,58.0
1.0,0.4,DHL,Zustellbasis Hannover-Süd,2,67.0,67.0
1.0,0.4,DHL,Zustellbasis Hannover-Süd,3,64.0,64.0
1.0,0.4,DHL,Zustellbasis Hannover-Süd,4,52.0,52.0
1.0,0.4,DHL,Zustellbasis Hannover-Süd,5,41.0,41.0
1.0,0.4,Amazon,Amazon Logistics HAJ8 in Garbsen,0,181.0,183.0
1.0,0.4,Amazon,Amazon Logistics HAJ8 in Garbsen,1,186.0,196.0
1.0,0.4,Amazon,Amazon Logistics HAJ8 in Garbsen,2,220.0,205.0
1.0,0.4,Amazon,Amazon Logistics HAJ8 in Garbsen,3,196.0,205.0
1.0,0.4,Amazon,Amazon Logistics HAJ8 in Garbsen,4,178.0,166.0
1.0,0.4,Amazon,Amazon Logistics HAJ8 in Garbsen,5,137.0,165.0
1.0,0.4,DPD,DPD Paketzentrum in Lehrte,0,85.0,89.0
1.0,0.4,DPD,DPD Paketzentrum in Lehrte,1,94.0,97.0
1.0,0.4,DPD,DPD Paketzentrum in Lehrte,2,106.0,97.0
1.0,0.4,DPD,DPD Paketzentrum in Lehrte,3,98.0,97.0
1.0,0.4,DPD,DPD Paketzentrum in Lehrte,4,88.0,88.0
1.0,0.4,DPD,DPD Paketzentrum in Lehrte,5,74.0,88.0
1.0,0.4,FedEx,FedEx Station - Heinz-Peter-Piper Str.,0,88.0,84.0
1.0,0.4,FedEx,FedEx Station - Heinz-Peter-Piper Str.,1,81.0,87.0
1.0,0.4,FedEx,FedEx Station - Heinz-Peter-Piper Str.,2,105.0,91.0
1.0,0.4,FedEx,FedEx Station - Heinz-Peter-Piper Str.,3,84.0,91.0
1.0,0.4,FedEx,FedEx Station - Heinz-Peter-Piper Str.,4,94.0,84.0
1.0,0.4,FedEx,FedEx Station - Heinz-Peter-Piper Str.,5,64.0,85.0
1.0,0.4,GLS,GLS in Hannover Laatzen,0,77.0,77.0
1.0,0.4,GLS,GLS in Hannover Laatzen,1,80.0,82.0
1.0,0.4,GLS,GLS in Hannover Laatzen,2,87.0,86.0
1.0,0.4,GLS,GLS in Hannover Laatzen,3,90.0,86.0
1.0,0.4,GLS,GLS in Hannover Laatzen,4,78.0,77.0
1.0,0.4,GLS,GLS in Hannover Laatzen,5,67.0,77.0
1.0,0.4,Hermes,Hermes LC Hannover Langenhagen,0,106.0,109.0
1.0,0.4,Hermes,Hermes LC Hannover Langenhagen,1,109.0,112.0
1.0,0.4,Hermes,Hermes LC Hannover Langenhagen,2,119.0,115.0
1.0,0.4,Hermes,Hermes LC Hannover Langenhagen,3,113.0,115.0
1.0,0.4,Hermes,Hermes LC Hannover Langenhagen,4,106.0,100.0
1.0,0.4,Hermes,Hermes LC Hannover Langenhagen,5,80.0,100.0
1.0,0.4,UPS,UPS Depot Hannover,0,113.0,100.0
1.0,0.4,UPS,UPS Depot Hannover,1,99.0,110.0
1.0,0.4,UPS,UPS Depot Hannover,2,120.0,110.0
1.0,0.4,UPS,UPS Depot Hannover,3,112.0,110.0
1.0,0.4,UPS,UPS Depot Hannover,4,105.0,97.0
1.0,0.4,UPS,UPS Depot Hannover,5,73.0,97.0
1.0,0.5,DHL,Brief- und Logistikzentrum in Pattensen (Hannover),0,26.0,26.0
1.0,0.5,DHL,Brief- und Logistikzentrum in Pattensen (Hannover),1,27.0,27.0
1.0,0.5,DHL,Brief- und Logistikzentrum in Pattensen (Hannover),2,28.0,28.0
1.0,0.5,DHL,Brief- und Logistikzentrum in Pattensen (Hannover),3,27.0,27.0
1.0,0.5,DHL,Brief- und Logistikzentrum in Pattensen (Hannover),4,24.0,24.0
1.0,0.5,DHL,Brief- und Logistikzentrum in Pattensen (Hannover),5,18.0,18.0
1.0,0.5,DHL,"Deutsche Post, Bantorf",0,10.0,10.0
1.0,0.5,DHL,"Deutsche Post, Bantorf",1,11.0,11.0
1.0,0.5,DHL,"Deutsche Post, Bantorf",2,13.0,13.0
1.0,0.5,DHL,"Deutsche Post, Bantorf",3,12.0,12.0
1.0,0.5,DHL,"Deutsche Post, Bantorf",4,10.0,10.0
1.0,0.5,DHL,"Deutsche Post, Bantorf",5,8.0,8.0
1.0,0.5,DHL,"Deutsche Post, Bissendorf",0,44.0,44.0
1.0,0.5,DHL,"Deutsche Post, Bissendorf",1,48.0,48.0
1.0,0.5,DHL,"Deutsche Post, Bissendorf",2,53.0,53.0
1.0,0.5,DHL,"Deutsche Post, Bissendorf",3,49.0,49.0
1.0,0.5,DHL,"Deutsche Post, Bissendorf",4,41.0,41.0
1.0,0.5,DHL,"Deutsche Post, Bissendorf",5,32.0,32.0
1.0,0.5,DHL,"Deutsche Post, Burgdorf",0,10.0,10.0
1.0,0.5,DHL,"Deutsche Post, Burgdorf",1,10.0,10.0
1.0,0.5,DHL,"Deutsche Post, Burgdorf",2,12.0,12.0
1.0,0.5,DHL,"Deutsche Post, Burgdorf",3,11.0,11.0
1.0,0.5,DHL,"Deutsche Post, Burgdorf",4,9.0,9.0
1.0,0.5,DHL,"Deutsche Post, Burgdorf",5,7.0,7.0
1.0,0.5,DHL,"Deutsche Post, Garbsen",0,12.0,12.0
1.0,0.5,DHL,"Deutsche Post, Garbsen",1,13.0,13.0
1.0,0.5,DHL,"Deutsche Post, Garbsen",2,15.0,15.0
1.0,0.5,DHL,"Deutsche Post, Garbsen",3,15.0,15.0
1.0,0.5,DHL,"Deutsche Post, Garbsen",4,12.0,12.0
1.0,0.5,DHL,"Deutsche Post, Garbsen",5,10.0,10.0
1.0,0.5,DHL,"Deutsche Post, Lehrte",0,14.0,14.0
1.0,0.5,DHL,"Deutsche Post, Lehrte",1,15.0,15.0
1.0,0.5,DHL,"Deutsche Post, Lehrte",2,17.0,17.0
1.0,0.5,DHL,"Deutsche Post, Lehrte",3,15.0,15.0
1.0,0.5,DHL,"Deutsche Post, Lehrte",4,13.0,13.0
1.0,0.5,DHL,"Deutsche Post, Lehrte",5,10.0,10.0
1.0,0.5,DHL,"Deutsche Post, Neustadt",0,13.0,13.0
1.0,0.5,DHL,"Deutsche Post, Neustadt",1,15.0,15.0
1.0,0.5,DHL,"Deutsche Post, Neustadt",2,16.0,16.0
1.0,0.5,DHL,"Deutsche Post, Neustadt",3,15.0,15.0
1.0,0.5,DHL,"Deutsche Post, Neustadt",4,13.0,13.0
1.0,0.5,DHL,"Deutsche Post, Neustadt",5,10.0,10.0
1.0,0.5,DHL,"Deutsche Post, Springe",0,9.0,9.0
1.0,0.5,DHL,"Deutsche Post, Springe",1,9.0,9.0
1.0,0.5,DHL,"Deutsche Post, Springe",2,11.0,11.0
1.0,0.5,DHL,"Deutsche Post, Springe",3,10.0,10.0
1.0,0.5,DHL,"Deutsche Post, Springe",4,9.0,9.0
1.0,0.5,DHL,"Deutsche Post, Springe",5,7.0,7.0
1.0,0.5,DHL,"Deutsche Post, Wunstorf",0,15.0,15.0
1.0,0.5,DHL,"Deutsche Post, Wunstorf",1,15.0,15.0
1.0,0.5,DHL,"Deutsche Post, Wunstorf",2,16.0,16.0
1.0,0.5,DHL,"Deutsche Post, Wunstorf",3,16.0,16.0
1.0,0.5,DHL,"Deutsche Post, Wunstorf",4,14.0,14.0
1.0,0.5,DHL,"Deutsche Post, Wunstorf",5,11.0,11.0
1.0,0.5,DHL,Dummy Seelze,0,17.0,17.0
1.0,0.5,DHL,Dummy Seelze,1,19.0,19.0
1.0,0.5,DHL,Dummy Seelze,2,21.0,21.0
1.0,0.5,DHL,Dummy Seelze,3,20.0,20.0
1.0,0.5,DHL,Dummy Seelze,4,17.0,17.0
1.0,0.5,DHL,Dummy Seelze,5,13.0,13.0
1.0,0.5,DHL,Dummy Sehnde,0,9.0,9.0
1.0,0.5,DHL,Dummy Sehnde,1,9.0,9.0
1.0,0.5,DHL,Dummy Sehnde,2,10.0,10.0
1.0,0.5,DHL,Dummy Sehnde,3,9.0,9.0
1.0,0.5,DHL,Dummy Sehnde,4,8.0,8.0
1.0,0.5,DHL,Dummy Sehnde,5,6.0,6.0
1.0,0.5,DHL,Dummy Uetze,0,7.0,7.0
1.0,0.5,DHL,Dummy Uetze,1,7.0,7.0
1.0,0.5,DHL,Dummy Uetze,2,7.0,7.0
1.0,0.5,DHL,Dummy Uetze,3,8.0,8.0
1.0,0.5,DHL,Dummy Uetze,4,6.0,6.0
1.0,0.5,DHL,Dummy Uetze,5,5.0,5.0
1.0,0.5,DHL,Dummy Wennigsen,0,11.0,11.0
1.0,0.5,DHL,Dummy Wennigsen,1,12.0,12.0
1.0,0.5,DHL,Dummy Wennigsen,2,12.0,12.0
1.0,0.5,DHL,Dummy Wennigsen,3,12.0,12.0
1.0,0.5,DHL,Dummy Wennigsen,4,10.0,10.0
1.0,0.5,DHL,Dummy Wennigsen,5,8.0,8.0
1.0,0.5,DHL,Paketzentrum / Zustellbasis Anderten,0,40.0,40.0
1.0,0.5,DHL,Paketzentrum / Zustellbasis Anderten,1,44.0,44.0
1.0,0.5,DHL,Paketzentrum / Zustellbasis Anderten,2,47.0,47.0
1.0,0.5,DHL,Paketzentrum / Zustellbasis Anderten,3,44.0,44.0
1.0,0.5,DHL,Paketzentrum / Zustellbasis Anderten,4,39.0,39.0
1.0,0.5,DHL,Paketzentrum / Zustellbasis Anderten,5,31.0,31.0
1.0,0.5,DHL,Zustellbasis Hannover am Güterbahnhof,0,102.0,102.0
1.0,0.5,DHL,Zustellbasis Hannover am Güterbahnhof,1,107.0,107.0
1.0,0.5,DHL,Zustellbasis Hannover am Güterbahnhof,2,122.0,122.0
1.0,0.5,DHL,Zustellbasis Hannover am Güterbahnhof,3,115.0,115.0
1.0,0.5,DHL,Zustellbasis Hannover am Güterbahnhof,4,97.0,97.0
1.0,0.5,DHL,Zustellbasis Hannover am Güterbahnhof,5,75.0,75.0
1.0,0.5,DHL,Zustellbasis Hannover-Süd,0,55.0,55.0
1.0,0.5,DHL,Zustellbasis Hannover-Süd,1,58.0,58.0
1.0,0.5,DHL,Zustellbasis Hannover-Süd,2,67.0,67.0
1.0,0.5,DHL,Zustellbasis Hannover-Süd,3,64.0,64.0
1.0,0.5,DHL,Zustellbasis Hannover-Süd,4,52.0,52.0
1.0,0.5,DHL,Zustellbasis Hannover-Süd,5,41.0,41.0
1.0,0.5,Amazon,Amazon Logistics HAJ8 in Garbsen,0,179.0,186.0
1.0,0.5,Amazon,Amazon Logistics HAJ8 in Garbsen,1,207.0,203.0
1.0,0.5,Amazon,Amazon Logistics HAJ8 in Garbsen,2,204.0,206.0
1.0,0.5,Amazon,Amazon Logistics HAJ8 in Garbsen,3,209.0,205.0
1.0,0.5,Amazon,Amazon Logistics HAJ8 in Garbsen,4,182.0,167.0
1.0,0.5,Amazon,Amazon Logistics HAJ8 in Garbsen,5,131.0,167.0
1.0,0.5,DPD,DPD Paketzentrum in Lehrte,0,86.0,89.0
1.0,0.5,DPD,DPD Paketzentrum in Lehrte,1,92.0,99.0
1.0,0.5,DPD,DPD Paketzentrum in Lehrte,2,107.0,98.0
1.0,0.5,DPD,DPD Paketzentrum in Lehrte,3,103.0,99.0
1.0,0.5,DPD,DPD Paketzentrum in Lehrte,4,91.0,89.0
1.0,0.5,DPD,DPD Paketzentrum in Lehrte,5,73.0,89.0
1.0,0.5,FedEx,FedEx Station - Heinz-Peter-Piper Str.,0,89.0,84.0
1.0,0.5,FedEx,FedEx Station - Heinz-Peter-Piper Str.,1,86.0,92.0
1.0,0.5,FedEx,FedEx Station - Heinz-Peter-Piper Str.,2,103.0,93.0
1.0,0.5,FedEx,FedEx Station - Heinz-Peter-Piper Str.,3,90.0,93.0
1.0,0.5,FedEx,FedEx Station - Heinz-Peter-Piper Str.,4,93.0,87.0
1.0,0.5,FedEx,FedEx Station - Heinz-Peter-Piper Str.,5,67.0,84.0
1.0,0.5,GLS,GLS in Hannover Laatzen,0,73.0,82.0
1.0,0.5,GLS,GLS in Hannover Laatzen,1,85.0,82.0
1.0,0.5,GLS,GLS in Hannover Laatzen,2,89.0,82.0
1.0,0.5,GLS,GLS in Hannover Laatzen,3,88.0,80.0
1.0,0.5,GLS,GLS in Hannover Laatzen,4,79.0,79.0
1.0,0.5,GLS,GLS in Hannover Laatzen,5,62.0,79.0
1.0,0.5,Hermes,Hermes LC Hannover Langenhagen,0,108.0,112.0
1.0,0.5,Hermes,Hermes LC Hannover Langenhagen,1,113.0,113.0
1.0,0.5,Hermes,Hermes LC Hannover Langenhagen,2,121.0,113.0
1.0,0.5,Hermes,Hermes LC Hannover Langenhagen,3,114.0,109.0
1.0,0.5,Hermes,Hermes LC Hannover Langenhagen,4,101.0,104.0
1.0,0.5,Hermes,Hermes LC Hannover Langenhagen,5,77.0,104.0
1.0,0.5,UPS,UPS Depot Hannover,0,106.0,99.0
1.0,0.5,UPS,UPS Depot Hannover,1,97.0,109.0
1.0,0.5,UPS,UPS Depot Hannover,2,133.0,112.0
1.0,0.5,UPS,UPS Depot Hannover,3,101.0,112.0
1.0,0.5,UPS,UPS Depot Hannover,4,112.0,97.0
1.0,0.5,UPS,UPS Depot Hannover,5,75.0,97.0
1.0,0.6,DHL,Brief- und Logistikzentrum in Pattensen (Hannover),0,26.0,26.0
1.0,0.6,DHL,Brief- und Logistikzentrum in Pattensen (Hannover),1,27.0,27.0
1.0,0.6,DHL,Brief- und Logistikzentrum in Pattensen (Hannover),2,28.0,28.0
1.0,0.6,DHL,Brief- und Logistikzentrum in Pattensen (Hannover),3,27.0,27.0
1.0,0.6,DHL,Brief- und Logistikzentrum in Pattensen (Hannover),4,24.0,24.0
1.0,0.6,DHL,Brief- und Logistikzentrum in Pattensen (Hannover),5,18.0,18.0
1.0,0.6,DHL,"Deutsche Post, Bantorf",0,10.0,10.0
1.0,0.6,DHL,"Deutsche Post, Bantorf",1,11.0,11.0
1.0,0.6,DHL,"Deutsche Post, Bantorf",2,13.0,13.0
1.0,0.6,DHL,"Deutsche Post, Bantorf",3,12.0,12.0
1.0,0.6,DHL,"Deutsche Post, Bantorf",4,10.0,10.0
1.0,0.6,DHL,"Deutsche Post, Bantorf",5,8.0,8.0
1.0,0.6,DHL,"Deutsche Post, Bissendorf",0,44.0,44.0
1.0,0.6,DHL,"Deutsche Post, Bissendorf",1,48.0,48.0
1.0,0.6,DHL,"Deutsche Post, Bissendorf",2,53.0,53.0
1.0,0.6,DHL,"Deutsche Post, Bissendorf",3,49.0,49.0
1.0,0.6,DHL,"Deutsche Post, Bissendorf",4,41.0,41.0
1.0,0.6,DHL,"Deutsche Post, Bissendorf",5,32.0,32.0
1.0,0.6,DHL,"Deutsche Post, Burgdorf",0,10.0,10.0
1.0,0.6,DHL,"Deutsche Post, Burgdorf",1,10.0,10.0
1.0,0.6,DHL,"Deutsche Post, Burgdorf",2,12.0,12.0
1.0,0.6,DHL,"Deutsche Post, Burgdorf",3,11.0,11.0
1.0,0.6,DHL,"Deutsche Post, Burgdorf",4,9.0,9.0
1.0,0.6,DHL,"Deutsche Post, Burgdorf",5,7.0,7.0
1.0,0.6,DHL,"Deutsche Post, Garbsen",0,12.0,12.0
1.0,0.6,DHL,"Deutsche Post, Garbsen",1,13.0,13.0
1.0,0.6,DHL,"Deutsche Post, Garbsen",2,15.0,15.0
1.0,0.6,DHL,"Deutsche Post, Garbsen",3,15.0,15.0
1.0,0.6,DHL,"Deutsche Post, Garbsen",4,12.0,12.0
1.0,0.6,DHL,"Deutsche Post, Garbsen",5,10.0,10.0
1.0,0.6,DHL,"Deutsche Post, Lehrte",0,14.0,14.0
1.0,0.6,DHL,"Deutsche Post, Lehrte",1,15.0,15.0
1.0,0.6,DHL,"Deutsche Post, Lehrte",2,17.0,17.0
1.0,0.6,DHL,"Deutsche Post, Lehrte",3,15.0,15.0
1.0,0.6,DHL,"Deutsche Post, Lehrte",4,13.0,13.0
1.0,0.6,DHL,"Deutsche Post, Lehrte",5,10.0,10.0
1.0,0.6,DHL,"Deutsche Post, Neustadt",0,13.0,13.0
1.0,0.6,DHL,"Deutsche Post, Neustadt",1,15.0,15.0
1.0,0.6,DHL,"Deutsche Post, Neustadt",2,16.0,16.0
1.0,0.6,DHL,"Deutsche Post, Neustadt",3,15.0,15.0
1.0,0.6,DHL,"Deutsche Post, Neustadt",4,13.0,13.0
1.0,0.6,DHL,"Deutsche Post, Neustadt",5,10.0,10.0
1.0,0.6,DHL,"Deutsche Post, Springe",0,9.0,9.0
1.0,0.6,DHL,"Deutsche Post, Springe",1,9.0,9.0
1.0,0.6,DHL,"Deutsche Post, Springe",2,11.0,11.0
1.0,0.6,DHL,"Deutsche Post, Springe",3,10.0,10.0
1.0,0.6,DHL,"Deutsche Post, Springe",4,9.0,9.0
1.0,0.6,DHL,"Deutsche Post, Springe",5,7.0,7.0
1.0,0.6,DHL,"Deutsche Post, Wunstorf",0,15.0,15.0
1.0,0.6,DHL,"Deutsche Post, Wunstorf",1,15.0,15.0
1.0,0.6,DHL,"Deutsche Post, Wunstorf",2,16.0,16.0
1.0,0.6,DHL,"Deutsche Post, Wunstorf",3,16.0,16.0
1.0,0.6,DHL,"Deutsche Post, Wunstorf",4,14.0,14.0
1.0,0.6,DHL,"Deutsche Post, Wunstorf",5,11.0,11.0
1.0,0.6,DHL,Dummy Seelze,0,17.0,17.0
1.0,0.6,DHL,Dummy Seelze,1,19.0,19.0
1.0,0.6,DHL,Dummy Seelze,2,21.0,21.0
1.0,0.6,DHL,Dummy Seelze,3,20.0,20.0
1.0,0.6,DHL,Dummy Seelze,4,17.0,17.0
1.0,0.6,DHL,Dummy Seelze,5,13.0,13.0
1.0,0.6,DHL,Dummy Sehnde,0,9.0,9.0
1.0,0.6,DHL,Dummy Sehnde,1,9.0,9.0
1.0,0.6,DHL,Dummy Sehnde,2,10.0,10.0
1.0,0.6,DHL,Dummy Sehnde,3,9.0,9.0
1.0,0.6,DHL,Dummy Sehnde,4,8.0,8.0
1.0,0.6,DHL,Dummy Sehnde,5,6.0,6.0
1.0,0.6,DHL,Dummy Uetze,0,7.0,7.0
1.0,0.6,DHL,Dummy Uetze,1,7.0,7.0
1.0,0.6,DHL,Dummy Uetze,2,7.0,7.0
1.0,0.6,DHL,Dummy Uetze,3,8.0,8.0
1.0,0.6,DHL,Dummy Uetze,4,6.0,6.0
1.0,0.6,DHL,Dummy Uetze,5,5.0,5.0
1.0,0.6,DHL,Dummy Wennigsen,0,11.0,11.0
1.0,0.6,DHL,Dummy Wennigsen,1,12.0,12.0
1.0,0.6,DHL,Dummy Wennigsen,2,12.0,12.0
1.0,0.6,DHL,Dummy Wennigsen,3,12.0,12.0
1.0,0.6,DHL,Dummy Wennigsen,4,10.0,10.0
1.0,0.6,DHL,Dummy Wennigsen,5,8.0,8.0
1.0,0.6,DHL,Paketzentrum / Zustellbasis Anderten,0,40.0,40.0
1.0,0.6,DHL,Paketzentrum / Zustellbasis Anderten,1,44.0,44.0
1.0,0.6,DHL,Paketzentrum / Zustellbasis Anderten,2,47.0,47.0
1.0,0.6,DHL,Paketzentrum / Zustellbasis Anderten,3,44.0,44.0
1.0,0.6,DHL,Paketzentrum / Zustellbasis Anderten,4,39.0,39.0
1.0,0.6,DHL,Paketzentrum / Zustellbasis Anderten,5,31.0,31.0
1.0,0.6,DHL,Zustellbasis Hannover am Güterbahnhof,0,102.0,102.0
1.0,0.6,DHL,Zustellbasis Hannover am Güterbahnhof,1,107.0,107.0
1.0,0.6,DHL,Zustellbasis Hannover am Güterbahnhof,2,122.0,122.0
1.0,0.6,DHL,Zustellbasis Hannover am Güterbahnhof,3,115.0,115.0
1.0,0.6,DHL,Zustellbasis Hannover am Güterbahnhof,4,97.0,97.0
1.0,0.6,DHL,Zustellbasis Hannover am Güterbahnhof,5,75.0,75.0
1.0,0.6,DHL,Zustellbasis Hannover-Süd,0,55.0,55.0
1.0,0.6,DHL,Zustellbasis Hannover-Süd,1,58.0,58.0
1.0,0.6,DHL,Zustellbasis Hannover-Süd,2,67.0,67.0
1.0,0.6,DHL,Zustellbasis Hannover-Süd,3,64.0,64.0
1.0,0.6,DHL,Zustellbasis Hannover-Süd,4,52.0,52.0
1.0,0.6,DHL,Zustellbasis Hannover-Süd,5,41.0,41.0
1.0,0.6,Amazon,Amazon Logistics HAJ8 in Garbsen,0,182.0,185.0
1.0,0.6,Amazon,Amazon Logistics HAJ8 in Garbsen,1,199.0,203.0
1.0,0.6,Amazon,Amazon Logistics HAJ8 in Garbsen,2,215.0,207.0
1.0,0.6,Amazon,Amazon Logistics HAJ8 in Garbsen,3,215.0,207.0
1.0,0.6,Amazon,Amazon Logistics HAJ8 in Garbsen,4,165.0,163.0
1.0,0.6,Amazon,Amazon Logistics HAJ8 in Garbsen,5,141.0,163.0
1.0,0.6,DPD,DPD Paketzentrum in Lehrte,0,87.0,94.0
1.0,0.6,DPD,DPD Paketzentrum in Lehrte,1,94.0,98.0
1.0,0.6,DPD,DPD Paketzentrum in Lehrte,2,99.0,98.0
1.0,0.6,DPD,DPD Paketzentrum in Lehrte,3,110.0,94.0
1.0,0.6,DPD,DPD Paketzentrum in Lehrte,4,95.0,96.0
1.0,0.6,DPD,DPD Paketzentrum in Lehrte,5,73.0,94.0
1.0,0.6,FedEx,FedEx Station - Heinz-Peter-Piper Str.,0,87.0,85.0
1.0,0.6,FedEx,FedEx Station - Heinz-Peter-Piper Str.,1,86.0,92.0
1.0,0.6,FedEx,FedEx Station - Heinz-Peter-Piper Str.,2,101.0,91.0
1.0,0.6,FedEx,FedEx Station - Heinz-Peter-Piper Str.,3,91.0,91.0
1.0,0.6,FedEx,FedEx Station - Heinz-Peter-Piper Str.,4,92.0,86.0
1.0,0.6,FedEx,FedEx Station - Heinz-Peter-Piper Str.,5,69.0,85.0
1.0,0.6,GLS,GLS in Hannover Laatzen,0,77.0,76.0
1.0,0.6,GLS,GLS in Hannover Laatzen,1,82.0,85.0
1.0,0.6,GLS,GLS in Hannover Laatzen,2,92.0,85.0
1.0,0.6,GLS,GLS in Hannover Laatzen,3,84.0,84.0
1.0,0.6,GLS,GLS in Hannover Laatzen,4,77.0,75.0
1.0,0.6,GLS,GLS in Hannover Laatzen,5,63.0,75.0
1.0,0.6,Hermes,Hermes LC Hannover Langenhagen,0,109.0,112.0
1.0,0.6,Hermes,Hermes LC Hannover Langenhagen,1,104.0,112.0
1.0,0.6,Hermes,Hermes LC Hannover Langenhagen,2,130.0,110.0
1.0,0.6,Hermes,Hermes LC Hannover Langenhagen,3,108.0,111.0
1.0,0.6,Hermes,Hermes LC Hannover Langenhagen,4,111.0,110.0
1.0,0.6,Hermes,Hermes LC Hannover Langenhagen,5,83.0,110.0
1.0,0.6,UPS,UPS Depot Hannover,0,91.0,98.0
1.0,0.6,UPS,UPS Depot Hannover,1,118.0,113.0
1.0,0.6,UPS,UPS Depot Hannover,2,118.0,113.0
1.0,0.6,UPS,UPS Depot Hannover,3,111.0,113.0
1.0,0.6,UPS,UPS Depot Hannover,4,101.0,97.0
1.0,0.6,UPS,UPS Depot Hannover,5,87.0,97.0
1.0,0.7,DHL,Brief- und Logistikzentrum in Pattensen (Hannover),0,26.0,26.0
1.0,0.7,DHL,Brief- und Logistikzentrum in Pattensen (Hannover),1,27.0,27.0
1.0,0.7,DHL,Brief- und Logistikzentrum in Pattensen (Hannover),2,28.0,28.0
1.0,0.7,DHL,Brief- und Logistikzentrum in Pattensen (Hannover),3,27.0,27.0
1.0,0.7,DHL,Brief- und Logistikzentrum in Pattensen (Hannover),4,24.0,24.0
1.0,0.7,DHL,Brief- und Logistikzentrum in Pattensen (Hannover),5,18.0,18.0
1.0,0.7,DHL,"Deutsche Post, Bantorf",0,10.0,10.0
1.0,0.7,DHL,"Deutsche Post, Bantorf",1,11.0,11.0
1.0,0.7,DHL,"Deutsche Post, Bantorf",2,13.0,13.0
1.0,0.7,DHL,"Deutsche Post, Bantorf",3,12.0,12.0
1.0,0.7,DHL,"Deutsche Post, Bantorf",4,10.0,10.0
1.0,0.7,DHL,"Deutsche Post, Bantorf",5,8.0,8.0
1.0,0.7,DHL,"Deutsche Post, Bissendorf",0,44.0,44.0
1.0,0.7,DHL,"Deutsche Post, Bissendorf",1,48.0,48.0
1.0,0.7,DHL,"Deutsche Post, Bissendorf",2,53.0,53.0
1.0,0.7,DHL,"Deutsche Post, Bissendorf",3,49.0,49.0
1.0,0.7,DHL,"Deutsche Post, Bissendorf",4,41.0,41.0
1.0,0.7,DHL,"Deutsche Post, Bissendorf",5,32.0,32.0
1.0,0.7,DHL,"Deutsche Post, Burgdorf",0,10.0,10.0
1.0,0.7,DHL,"Deutsche Post, Burgdorf",1,10.0,10.0
1.0,0.7,DHL,"Deutsche Post, Burgdorf",2,12.0,12.0
1.0,0.7,DHL,"Deutsche Post, Burgdorf",3,11.0,11.0
1.0,0.7,DHL,"Deutsche Post, Burgdorf",4,9.0,9.0
1.0,0.7,DHL,"Deutsche Post, Burgdorf",5,7.0,7.0
1.0,0.7,DHL,"Deutsche Post, Garbsen",0,12.0,12.0
1.0,0.7,DHL,"Deutsche Post, Garbsen",1,13.0,13.0
1.0,0.7,DHL,"Deutsche Post, Garbsen",2,15.0,15.0
1.0,0.7,DHL,"Deutsche Post, Garbsen",3,15.0,15.0
1.0,0.7,DHL,"Deutsche Post, Garbsen",4,12.0,12.0
1.0,0.7,DHL,"Deutsche Post, Garbsen",5,10.0,10.0
1.0,0.7,DHL,"Deutsche Post, Lehrte",0,14.0,14.0
1.0,0.7,DHL,"Deutsche Post, Lehrte",1,15.0,15.0
1.0,0.7,DHL,"Deutsche Post, Lehrte",2,17.0,17.0
1.0,0.7,DHL,"Deutsche Post, Lehrte",3,15.0,15.0
1.0,0.7,DHL,"Deutsche Post, Lehrte",4,13.0,13.0
1.0,0.7,DHL,"Deutsche Post, Lehrte",5,10.0,10.0
1.0,0.7,DHL,"Deutsche Post, Neustadt",0,13.0,13.0
1.0,0.7,DHL,"Deutsche Post, Neustadt",1,15.0,15.0
1.0,0.7,DHL,"Deutsche Post, Neustadt",2,16.0,16.0
1.0,0.7,DHL,"Deutsche Post, Neustadt",3,15.0,15.0
1.0,0.7,DHL,"Deutsche Post, Neustadt",4,13.0,13.0
1.0,0.7,DHL,"Deutsche Post, Neustadt",5,10.0,10.0
1.0,0.7,DHL,"Deutsche Post, Springe",0,9.0,9.0
1.0,0.7,DHL,"Deutsche Post, Springe",1,9.0,9.0
1.0,0.7,DHL,"Deutsche Post, Springe",2,11.0,11.0
1.0,0.7,DHL,"Deutsche Post, Springe",3,10.0,10.0
1.0,0.7,DHL,"Deutsche Post, Springe",4,9.0,9.0
1.0,0.7,DHL,"Deutsche Post, Springe",5,7.0,7.0
1.0,0.7,DHL,"Deutsche Post, Wunstorf",0,15.0,15.0
1.0,0.7,DHL,"Deutsche Post, Wunstorf",1,15.0,15.0
1.0,0.7,DHL,"Deutsche Post, Wunstorf",2,16.0,16.0
1.0,0.7,DHL,"Deutsche Post, Wunstorf",3,16.0,16.0
1.0,0.7,DHL,"Deutsche Post, Wunstorf",4,14.0,14.0
1.0,0.7,DHL,"Deutsche Post, Wunstorf",5,11.0,11.0
1.0,0.7,DHL,Dummy Seelze,0,17.0,17.0
1.0,0.7,DHL,Dummy Seelze,1,19.0,19.0
1.0,0.7,DHL,Dummy Seelze,2,21.0,21.0
1.0,0.7,DHL,Dummy Seelze,3,20.0,20.0
1.0,0.7,DHL,Dummy Seelze,4,17.0,17.0
1.0,0.7,DHL,Dummy Seelze,5,13.0,13.0
1.0,0.7,DHL,Dummy Sehnde,0,9.0,9.0
1.0,0.7,DHL,Dummy Sehnde,1,9.0,9.0
1.0,0.7,DHL,Dummy Sehnde,2,10.0,10.0
1.0,0.7,DHL,Dummy Sehnde,3,9.0,9.0
1.0,0.7,DHL,Dummy Sehnde,4,8.0,8.0
1.0,0.7,DHL,Dummy Sehnde,5,6.0,6.0
1.0,0.7,DHL,Dummy Uetze,0,7.0,7.0
1.0,0.7,DHL,Dummy Uetze,1,7.0,7.0
1.0,0.7,DHL,Dummy Uetze,2,7.0,7.0
1.0,0.7,DHL,Dummy Uetze,3,8.0,8.0
1.0,0.7,DHL,Dummy Uetze,4,6.0,6.0
1.0,0.7,DHL,Dummy Uetze,5,5.0,5.0
1.0,0.7,DHL,Dummy Wennigsen,0,11.0,11.0
1.0,0.7,DHL,Dummy Wennigsen,1,12.0,12.0
1.0,0.7,DHL,Dummy Wennigsen,2,12.0,12.0
1.0,0.7,DHL,Dummy Wennigsen,3,12.0,12.0
1.0,0.7,DHL,Dummy Wennigsen,4,10.0,10.0
1.0,0.7,DHL,Dummy Wennigsen,5,8.0,8.0
1.0,0.7,DHL,Paketzentrum / Zustellbasis Anderten,0,40.0,40.0
1.0,0.7,DHL,Paketzentrum / Zustellbasis Anderten,1,44.0,44.0
1.0,0.7,DHL,Paketzentrum / Zustellbasis Anderten,2,47.0,47.0
1.0,0.7,DHL,Paketzentrum / Zustellbasis Anderten,3,44.0,44.0
1.0,0.7,DHL,Paketzentrum / Zustellbasis Anderten,4,39.0,39.0
1.0,0.7,DHL,Paketzentrum / Zustellbasis Anderten,5,31.0,31.0
1.0,0.7,DHL,Zustellbasis Hannover am Güterbahnhof,0,102.0,102.0
1.0,0.7,DHL,Zustellbasis Hannover am Güterbahnhof,1,107.0,107.0
1.0,0.7,DHL,Zustellbasis Hannover am Güterbahnhof,2,122.0,122.0
1.0,0.7,DHL,Zustellbasis Hannover am Güterbahnhof,3,115.0,115.0
1.0,0.7,DHL,Zustellbasis Hannover am Güterbahnhof,4,97.0,97.0
1.0,0.7,DHL,Zustellbasis Hannover am Güterbahnhof,5,75.0,75.0
1.0,0.7,DHL,Zustellbasis Hannover-Süd,0,55.0,55.0
1.0,0.7,DHL,Zustellbasis Hannover-Süd,1,58.0,58.0
1.0,0.7,DHL,Zustellbasis Hannover-Süd,2,67.0,67.0
1.0,0.7,DHL,Zustellbasis Hannover-Süd,3,64.0,64.0
1.0,0.7,DHL,Zustellbasis Hannover-Süd,4,52.0,52.0
1.0,0.7,DHL,Zustellbasis Hannover-Süd,5,41.0,41.0
1.0,0.7,Amazon,Amazon Logistics HAJ8 in Garbsen,0,177.0,189.0
1.0,0.7,Amazon,Amazon Logistics HAJ8 in Garbsen,1,207.0,200.0
1.0,0.7,Amazon,Amazon Logistics HAJ8 in Garbsen,2,217.0,212.0
1.0,0.7,Amazon,Amazon Logistics HAJ8 in Garbsen,3,209.0,210.0
1.0,0.7,Amazon,Amazon Logistics HAJ8 in Garbsen,4,164.0,160.0
1.0,0.7,Amazon,Amazon Logistics HAJ8 in Garbsen,5,144.0,152.0
1.0,0.7,DPD,DPD Paketzentrum in Lehrte,0,80.0,95.0
1.0,0.7,DPD,DPD Paketzentrum in Lehrte,1,103.0,97.0
1.0,0.7,DPD,DPD Paketzentrum in Lehrte,2,103.0,97.0
1.0,0.7,DPD,DPD Paketzentrum in Lehrte,3,109.0,97.0
1.0,0.7,DPD,DPD Paketzentrum in Lehrte,4,90.0,95.0
1.0,0.7,DPD,DPD Paketzentrum in Lehrte,5,84.0,95.0
1.0,0.7,FedEx,FedEx Station - Heinz-Peter-Piper Str.,0,86.0,83.0
1.0,0.7,FedEx,FedEx Station - Heinz-Peter-Piper Str.,1,89.0,93.0
1.0,0.7,FedEx,FedEx Station - Heinz-Peter-Piper Str.,2,102.0,94.0
1.0,0.7,FedEx,FedEx Station - Heinz-Peter-Piper Str.,3,93.0,93.0
1.0,0.7,FedEx,FedEx Station - Heinz-Peter-Piper Str.,4,87.0,84.0
1.0,0.7,FedEx,FedEx Station - Heinz-Peter-Piper Str.,5,71.0,83.0
1.0,0.7,GLS,GLS in Hannover Laatzen,0,79.0,81.0
1.0,0.7,GLS,GLS in Hannover Laatzen,1,78.0,85.0
1.0,0.7,GLS,GLS in Hannover Laatzen,2,96.0,85.0
1.0,0.7,GLS,GLS in Hannover Laatzen,3,90.0,83.0
1.0,0.7,GLS,GLS in Hannover Laatzen,4,76.0,82.0
1.0,0.7,GLS,GLS in Hannover Laatzen,5,69.0,81.0
1.0,0.7,Hermes,Hermes LC Hannover Langenhagen,0,109.0,112.0
1.0,0.7,Hermes,Hermes LC Hannover Langenhagen,1,106.0,112.0
1.0,0.7,Hermes,Hermes LC Hannover Langenhagen,2,143.0,112.0
1.0,0.7,Hermes,Hermes LC Hannover Langenhagen,3,92.0,111.0
1.0,0.7,Hermes,Hermes LC Hannover Langenhagen,4,122.0,110.0
1.0,0.7,Hermes,Hermes LC Hannover Langenhagen,5,79.0,110.0
1.0,0.7,UPS,UPS Depot Hannover,0,113.0,100.0
1.0,0.7,UPS,UPS Depot Hannover,1,98.0,111.0
1.0,0.7,UPS,UPS Depot Hannover,2,128.0,112.0
1.0,0.7,UPS,UPS Depot Hannover,3,104.0,112.0
1.0,0.7,UPS,UPS Depot Hannover,4,114.0,99.0
1.0,0.7,UPS,UPS Depot Hannover,5,74.0,99.0
1.0,0.8,DHL,Brief- und Logistikzentrum in Pattensen (Hannover),0,26.0,26.0
1.0,0.8,DHL,Brief- und Logistikzentrum in Pattensen (Hannover),1,27.0,27.0
1.0,0.8,DHL,Brief- und Logistikzentrum in Pattensen (Hannover),2,28.0,28.0
1.0,0.8,DHL,Brief- und Logistikzentrum in Pattensen (Hannover),3,27.0,27.0
1.0,0.8,DHL,Brief- und Logistikzentrum in Pattensen (Hannover),4,24.0,24.0
1.0,0.8,DHL,Brief- und Logistikzentrum in Pattensen (Hannover),5,18.0,18.0
1.0,0.8,DHL,"Deutsche Post, Bantorf",0,10.0,10.0
1.0,0.8,DHL,"Deutsche Post, Bantorf",1,11.0,11.0
1.0,0.8,DHL,"Deutsche Post, Bantorf",2,13.0,13.0
1.0,0.8,DHL,"Deutsche Post, Bantorf",3,12.0,12.0
1.0,0.8,DHL,"Deutsche Post, Bantorf",4,10.0,10.0
1.0,0.8,DHL,"Deutsche Post, Bantorf",5,8.0,8.0
1.0,0.8,DHL,"Deutsche Post, Bissendorf",0,44.0,44.0
1.0,0.8,DHL,"Deutsche Post, Bissendorf",1,48.0,48.0
1.0,0.8,DHL,"Deutsche Post, Bissendorf",2,53.0,53.0
1.0,0.8,DHL,"Deutsche Post, Bissendorf",3,49.0,49.0
1.0,0.8,DHL,"Deutsche Post, Bissendorf",4,41.0,41.0
1.0,0.8,DHL,"Deutsche Post, Bissendorf",5,32.0,32.0
1.0,0.8,DHL,"Deutsche Post, Burgdorf",0,10.0,10.0
1.0,0.8,DHL,"Deutsche Post, Burgdorf",1,10.0,10.0
1.0,0.8,DHL,"Deutsche Post, Burgdorf",2,12.0,12.0
1.0,0.8,DHL,"Deutsche Post, Burgdorf",3,11.0,11.0
1.0,0.8,DHL,"Deutsche Post, Burgdorf",4,9.0,9.0
1.0,0.8,DHL,"Deutsche Post, Burgdorf",5,7.0,7.0
1.0,0.8,DHL,"Deutsche Post, Garbsen",0,12.0,12.0
1.0,0.8,DHL,"Deutsche Post, Garbsen",1,13.0,13.0
1.0,0.8,DHL,"Deutsche Post, Garbsen",2,15.0,15.0
1.0,0.8,DHL,"Deutsche Post, Garbsen",3,15.0,15.0
1.0,0.8,DHL,"Deutsche Post, Garbsen",4,12.0,12.0
1.0,0.8,DHL,"Deutsche Post, Garbsen",5,10.0,10.0
1.0,0.8,DHL,"Deutsche Post, Lehrte",0,14.0,14.0
1.0,0.8,DHL,"Deutsche Post, Lehrte",1,15.0,15.0
1.0,0.8,DHL,"Deutsche Post, Lehrte",2,17.0,17.0
1.0,0.8,DHL,"Deutsche Post, Lehrte",3,15.0,15.0
1.0,0.8,DHL,"Deutsche Post, Lehrte",4,13.0,13.0
1.0,0.8,DHL,"Deutsche Post, Lehrte",5,10.0,10.0
1.0,0.8,DHL,"Deutsche Post, Neustadt",0,13.0,13.0
1.0,0.8,DHL,"Deutsche Post, Neustadt",1,15.0,15.0
1.0,0.8,DHL,"Deutsche Post, Neustadt",2,16.0,16.0
1.0,0.8,DHL,"Deutsche Post, Neustadt",3,15.0,15.0
1.0,0.8,DHL,"Deutsche Post, Neustadt",4,13.0,13.0
1.0,0.8,DHL,"Deutsche Post, Neustadt",5,10.0,10.0
1.0,0.8,DHL,"Deutsche Post, Springe",0,9.0,9.0
1.0,0.8,DHL,"Deutsche Post, Springe",1,9.0,9.0
1.0,0.8,DHL,"Deutsche Post, Springe",2,11.0,11.0
1.0,0.8,DHL,"Deutsche Post, Springe",3,10.0,10.0
1.0,0.8,DHL,"Deutsche Post, Springe",4,9.0,9.0
1.0,0.8,DHL,"Deutsche Post, Springe",5,7.0,7.0
1.0,0.8,DHL,"Deutsche Post, Wunstorf",0,15.0,15.0
1.0,0.8,DHL,"Deutsche Post, Wunstorf",1,15.0,15.0
1.0,0.8,DHL,"Deutsche Post, Wunstorf",2,16.0,16.0
1.0,0.8,DHL,"Deutsche Post, Wunstorf",3,16.0,16.0
1.0,0.8,DHL,"Deutsche Post, Wunstorf",4,14.0,14.0
1.0,0.8,DHL,"Deutsche Post, Wunstorf",5,11.0,11.0
1.0,0.8,DHL,Dummy Seelze,0,17.0,17.0
1.0,0.8,DHL,Dummy Seelze,1,19.0,19.0
1.0,0.8,DHL,Dummy Seelze,2,21.0,21.0
1.0,0.8,DHL,Dummy Seelze,3,20.0,20.0
1.0,0.8,DHL,Dummy Seelze,4,17.0,17.0
1.0,0.8,DHL,Dummy Seelze,5,13.0,13.0
1.0,0.8,DHL,Dummy Sehnde,0,9.0,9.0
1.0,0.8,DHL,Dummy Sehnde,1,9.0,9.0
1.0,0.8,DHL,Dummy Sehnde,2,10.0,10.0
1.0,0.8,DHL,Dummy Sehnde,3,9.0,9.0
1.0,0.8,DHL,Dummy Sehnde,4,8.0,8.0
1.0,0.8,DHL,Dummy Sehnde,5,6.0,6.0
1.0,0.8,DHL,Dummy Uetze,0,7.0,7.0
1.0,0.8,DHL,Dummy Uetze,1,7.0,7.0
1.0,0.8,DHL,Dummy Uetze,2,7.0,7.0
1.0,0.8,DHL,Dummy Uetze,3,8.0,8.0
1.0,0.8,DHL,Dummy Uetze,4,6.0,6.0
1.0,0.8,DHL,Dummy Uetze,5,5.0,5.0
1.0,0.8,DHL,Dummy Wennigsen,0,11.0,11.0
1.0,0.8,DHL,Dummy Wennigsen,1,12.0,12.0
1.0,0.8,DHL,Dummy Wennigsen,2,12.0,12.0
1.0,0.8,DHL,Dummy Wennigsen,3,12.0,12.0
1.0,0.8,DHL,Dummy Wennigsen,4,10.0,10.0
1.0,0.8,DHL,Dummy Wennigsen,5,8.0,8.0
1.0,0.8,DHL,Paketzentrum / Zustellbasis Anderten,0,40.0,40.0
1.0,0.8,DHL,Paketzentrum / Zustellbasis Anderten,1,44.0,44.0
1.0,0.8,DHL,Paketzentrum / Zustellbasis Anderten,2,47.0,47.0
1.0,0.8,DHL,Paketzentrum / Zustellbasis Anderten,3,44.0,44.0
1.0,0.8,DHL,Paketzentrum / Zustellbasis Anderten,4,39.0,39.0
1.0,0.8,DHL,Paketzentrum / Zustellbasis Anderten,5,31.0,31.0
1.0,0.8,DHL,Zustellbasis Hannover am Güterbahnhof,0,102.0,102.0
1.0,0.8,DHL,Zustellbasis Hannover am Güterbahnhof,1,107.0,107.0
1.0,0.8,DHL,Zustellbasis Hannover am Güterbahnhof,2,122.0,122.0
1.0,0.8,DHL,Zustellbasis Hannover am Güterbahnhof,3,115.0,115.0
1.0,0.8,DHL,Zustellbasis Hannover am Güterbahnhof,4,97.0,97.0
1.0,0.8,DHL,Zustellbasis Hannover am Güterbahnhof,5,75.0,75.0
1.0,0.8,DHL,Zustellbasis Hannover-Süd,0,55.0,55.0
1.0,0.8,DHL,Zustellbasis Hannover-Süd,1,58.0,58.0
1.0,0.8,DHL,Zustellbasis Hannover-Süd,2,67.0,67.0
1.0,0.8,DHL,Zustellbasis Hannover-Süd,3,64.0,64.0
1.0,0.8,DHL,Zustellbasis Hannover-Süd,4,52.0,52.0
1.0,0.8,DHL,Zustellbasis Hannover-Süd,5,41.0,41.0
1.0,0.8,Amazon,Amazon Logistics HAJ8 in Garbsen,0,189.0,189.0
1.0,0.8,Amazon,Amazon Logistics HAJ8 in Garbsen,1,200.0,200.0
1.0,0.8,Amazon,Amazon Logistics HAJ8 in Garbsen,2,217.0,217.0
1.0,0.8,Amazon,Amazon Logistics HAJ8 in Garbsen,3,209.0,209.0
1.0,0.8,Amazon,Amazon Logistics HAJ8 in Garbsen,4,176.0,176.0
1.0,0.8,Amazon,Amazon Logistics HAJ8 in Garbsen,5,138.0,138.0
1.0,0.8,DPD,DPD Paketzentrum in Lehrte,0,74.0,94.0
1.0,0.8,DPD,DPD Paketzentrum in Lehrte,1,123.0,103.0
1.0,0.8,DPD,DPD Paketzentrum in Lehrte,2,82.0,103.0
1.0,0.8,DPD,DPD Paketzentrum in Lehrte,3,125.0,103.0
1.0,0.8,DPD,DPD Paketzentrum in Lehrte,4,83.0,93.0
1.0,0.8,DPD,DPD Paketzentrum in Lehrte,5,89.0,93.0
1.0,0.8,FedEx,FedEx Station - Heinz-Peter-Piper Str.,0,83.0,81.0
1.0,0.8,FedEx,FedEx Station - Heinz-Peter-Piper Str.,1,92.0,95.0
1.0,0.8,FedEx,FedEx Station - Heinz-Peter-Piper Str.,2,99.0,95.0
1.0,0.8,FedEx,FedEx Station - Heinz-Peter-Piper Str.,3,97.0,95.0
1.0,0.8,FedEx,FedEx Station - Heinz-Peter-Piper Str.,4,84.0,83.0
1.0,0.8,FedEx,FedEx Station - Heinz-Peter-Piper Str.,5,76.0,81.0
1.0,0.8,GLS,GLS in Hannover Laatzen,0,65.0,83.0
1.0,0.8,GLS,GLS in Hannover Laatzen,1,104.0,83.0
1.0,0.8,GLS,GLS in Hannover Laatzen,2,67.0,86.0
1.0,0.8,GLS,GLS in Hannover Laatzen,3,116.0,86.0
1.0,0.8,GLS,GLS in Hannover Laatzen,4,65.0,83.0
1.0,0.8,GLS,GLS in Hannover Laatzen,5,82.0,83.0
1.0,0.8,Hermes,Hermes LC Hannover Langenhagen,0,99.0,110.0
1.0,0.8,Hermes,Hermes LC Hannover Langenhagen,1,131.0,118.0
1.0,0.8,Hermes,Hermes LC Hannover Langenhagen,2,102.0,118.0
1.0,0.8,Hermes,Hermes LC Hannover Langenhagen,3,143.0,117.0
1.0,0.8,Hermes,Hermes LC Hannover Langenhagen,4,94.0,105.0
1.0,0.8,Hermes,Hermes LC Hannover Langenhagen,5,100.0,104.0
1.0,0.8,UPS,UPS Depot Hannover,0,102.0,98.0
1.0,0.8,UPS,UPS Depot Hannover,1,113.0,116.0
1.0,0.8,UPS,UPS Depot Hannover,2,119.0,117.0
1.0,0.8,UPS,UPS Depot Hannover,3,117.0,117.0
1.0,0.8,UPS,UPS Depot Hannover,4,97.0,94.0
1.0,0.8,UPS,UPS Depot Hannover,5,86.0,94.0
1.0,0.9,DHL,Brief- und Logistikzentrum in Pattensen (Hannover),0,26.0,26.0
1.0,0.9,DHL,Brief- und Logistikzentrum in Pattensen (Hannover),1,27.0,27.0
1.0,0.9,DHL,Brief- und Logistikzentrum in Pattensen (Hannover),2,28.0,28.0
1.0,0.9,DHL,Brief- und Logistikzentrum in Pattensen (Hannover),3,27.0,27.0
1.0,0.9,DHL,Brief- und Logistikzentrum in Pattensen (Hannover),4,24.0,24.0
1.0,0.9,DHL,Brief- und Logistikzentrum in Pattensen (Hannover),5,18.0,18.0
1.0,0.9,DHL,"Deutsche Post, Bantorf",0,10.0,10.0
1.0,0.9,DHL,"Deutsche Post, Bantorf",1,11.0,11.0
1.0,0.9,DHL,"Deutsche Post, Bantorf",2,13.0,13.0
1.0,0.9,DHL,"Deutsche Post, Bantorf",3,12.0,12.0
1.0,0.9,DHL,"Deutsche Post, Bantorf",4,10.0,10.0
1.0,0.9,DHL,"Deutsche Post, Bantorf",5,8.0,8.0
1.0,0.9,DHL,"Deutsche Post, Bissendorf",0,44.0,44.0
1.0,0.9,DHL,"Deutsche Post, Bissendorf",1,48.0,48.0
1.0,0.9,DHL,"Deutsche Post, Bissendorf",2,53.0,53.0
1.0,0.9,DHL,"Deutsche Post, Bissendorf",3,49.0,49.0
1.0,0.9,DHL,"Deutsche Post, Bissendorf",4,41.0,41.0
1.0,0.9,DHL,"Deutsche Post, Bissendorf",5,32.0,32.0
1.0,0.9,DHL,"Deutsche Post, Burgdorf",0,10.0,10.0
1.0,0.9,DHL,"Deutsche Post, Burgdorf",1,10.0,10.0
1.0,0.9,DHL,"Deutsche Post, Burgdorf",2,12.0,12.0
1.0,0.9,DHL,"Deutsche Post, Burgdorf",3,11.0,11.0
1.0,0.9,DHL,"Deutsche Post, Burgdorf",4,9.0,9.0
1.0,0.9,DHL,"Deutsche Post, Burgdorf",5,7.0,7.0
1.0,0.9,DHL,"Deutsche Post, Garbsen",0,12.0,12.0
1.0,0.9,DHL,"Deutsche Post, Garbsen",1,13.0,13.0
1.0,0.9,DHL,"Deutsche Post, Garbsen",2,15.0,15.0
1.0,0.9,DHL,"Deutsche Post, Garbsen",3,15.0,15.0
1.0,0.9,DHL,"Deutsche Post, Garbsen",4,12.0,12.0
1.0,0.9,DHL,"Deutsche Post, Garbsen",5,10.0,10.0
1.0,0.9,DHL,"Deutsche Post, Lehrte",0,14.0,14.0
1.0,0.9,DHL,"Deutsche Post, Lehrte",1,15.0,15.0
1.0,0.9,DHL,"Deutsche Post, Lehrte",2,17.0,17.0
1.0,0.9,DHL,"Deutsche Post, Lehrte",3,15.0,15.0
1.0,0.9,DHL,"Deutsche Post, Lehrte",4,13.0,13.0
1.0,0.9,DHL,"Deutsche Post, Lehrte",5,10.0,10.0
1.0,0.9,DHL,"Deutsche Post, Neustadt",0,13.0,13.0
1.0,0.9,DHL,"Deutsche Post, Neustadt",1,15.0,15.0
1.0,0.9,DHL,"Deutsche Post, Neustadt",2,16.0,16.0
1.0,0.9,DHL,"Deutsche Post, Neustadt",3,15.0,15.0
1.0,0.9,DHL,"Deutsche Post, Neustadt",4,13.0,13.0
1.0,0.9,DHL,"Deutsche Post, Neustadt",5,10.0,10.0
1.0,0.9,DHL,"Deutsche Post, Springe",0,9.0,9.0
1.0,0.9,DHL,"Deutsche Post, Springe",1,9.0,9.0
1.0,0.9,DHL,"Deutsche Post, Springe",2,11.0,11.0
1.0,0.9,DHL,"Deutsche Post, Springe",3,10.0,10.0
1.0,0.9,DHL,"Deutsche Post, Springe",4,9.0,9.0
1.0,0.9,DHL,"Deutsche Post, Springe",5,7.0,7.0
1.0,0.9,DHL,"Deutsche Post, Wunstorf",0,15.0,15.0
1.0,0.9,DHL,"Deutsche Post, Wunstorf",1,15.0,15.0
1.0,0.9,DHL,"Deutsche Post, Wunstorf",2,16.0,16.0
1.0,0.9,DHL,"Deutsche Post, Wunstorf",3,16.0,16.0
1.0,0.9,DHL,"Deutsche Post, Wunstorf",4,14.0,14.0
1.0,0.9,DHL,"Deutsche Post, Wunstorf",5,11.0,11.0
1.0,0.9,DHL,Dummy Seelze,0,17.0,17.0
1.0,0.9,DHL,Dummy Seelze,1,19.0,19.0
1.0,0.9,DHL,Dummy Seelze,2,21.0,21.0
1.0,0.9,DHL,Dummy Seelze,3,20.0,20.0
1.0,0.9,DHL,Dummy Seelze,4,17.0,17.0
1.0,0.9,DHL,Dummy Seelze,5,13.0,13.0
1.0,0.9,DHL,Dummy Sehnde,0,9.0,9.0
1.0,0.9,DHL,Dummy Sehnde,1,9.0,9.0
1.0,0.9,DHL,Dummy Sehnde,2,10.0,10.0
1.0,0.9,DHL,Dummy Sehnde,3,9.0,9.0
1.0,0.9,DHL,Dummy Sehnde,4,8.0,8.0
1.0,0.9,DHL,Dummy Sehnde,5,6.0,6.0
1.0,0.9,DHL,Dummy Uetze,0,7.0,7.0
1.0,0.9,DHL,Dummy Uetze,1,7.0,7.0
1.0,0.9,DHL,Dummy Uetze,2,7.0,7.0
1.0,0.9,DHL,Dummy Uetze,3,8.0,8.0
1.0,0.9,DHL,Dummy Uetze,4,6.0,6.0
1.0,0.9,DHL,Dummy Uetze,5,5.0,5.0
1.0,0.9,DHL,Dummy Wennigsen,0,11.0,11.0
1.0,0.9,DHL,Dummy Wennigsen,1,12.0,12.0
1.0,0.9,DHL,Dummy Wennigsen,2,12.0,12.0
1.0,0.9,DHL,Dummy Wennigsen,3,12.0,12.0
1.0,0.9,DHL,Dummy Wennigsen,4,10.0,10.0
1.0,0.9,DHL,Dummy Wennigsen,5,8.0,8.0
1.0,0.9,DHL,Paketzentrum / Zustellbasis Anderten,0,40.0,40.0
1.0,0.9,DHL,Paketzentrum / Zustellbasis Anderten,1,44.0,44.0
1.0,0.9,DHL,Paketzentrum / Zustellbasis Anderten,2,47.0,47.0
1.0,0.9,DHL,Paketzentrum / Zustellbasis Anderten,3,44.0,44.0
1.0,0.9,DHL,Paketzentrum / Zustellbasis Anderten,4,39.0,39.0
1.0,0.9,DHL,Paketzentrum / Zustellbasis Anderten,5,31.0,31.0
1.0,0.9,DHL,Zustellbasis Hannover am Güterbahnhof,0,102.0,102.0
1.0,0.9,DHL,Zustellbasis Hannover am Güterbahnhof,1,107.0,107.0
1.0,0.9,DHL,Zustellbasis Hannover am Güterbahnhof,2,122.0,122.0
1.0,0.9,DHL,Zustellbasis Hannover am Güterbahnhof,3,115.0,115.0
1.0,0.9,DHL,Zustellbasis Hannover am Güterbahnhof,4,97.0,97.0
1.0,0.9,DHL,Zustellbasis Hannover am Güterbahnhof,5,75.0,75.0
1.0,0.9,DHL,Zustellbasis Hannover-Süd,0,55.0,55.0
1.0,0.9,DHL,Zustellbasis Hannover-Süd,1,58.0,58.0
1.0,0.9,DHL,Zustellbasis Hannover-Süd,2,67.0,67.0
1.0,0.9,DHL,Zustellbasis Hannover-Süd,3,64.0,64.0
1.0,0.9,DHL,Zustellbasis Hannover-Süd,4,52.0,52.0
1.0,0.9,DHL,Zustellbasis Hannover-Süd,5,41.0,41.0
1.0,0.9,Amazon,Amazon Logistics HAJ8 in Garbsen,0,189.0,189.0
1.0,0.9,Amazon,Amazon Logistics HAJ8 in Garbsen,1,200.0,200.0
1.0,0.9,Amazon,Amazon Logistics HAJ8 in Garbsen,2,217.0,217.0
1.0,0.9,Amazon,Amazon Logistics HAJ8 in Garbsen,3,209.0,209.0
1.0,0.9,Amazon,Amazon Logistics HAJ8 in Garbsen,4,176.0,176.0
1.0,0.9,Amazon,Amazon Logistics HAJ8 in Garbsen,5,138.0,138.0
1.0,0.9,DPD,DPD Paketzentrum in Lehrte,0,109.0,97.0
1.0,0.9,DPD,DPD Paketzentrum in Lehrte,1,76.0,100.0
1.0,0.9,DPD,DPD Paketzentrum in Lehrte,2,139.0,106.0
1.0,0.9,DPD,DPD Paketzentrum in Lehrte,3,84.0,107.0
1.0,0.9,DPD,DPD Paketzentrum in Lehrte,4,124.0,98.0
1.0,0.9,DPD,DPD Paketzentrum in Lehrte,5,64.0,97.0
1.0,0.9,FedEx,FedEx Station - Heinz-Peter-Piper Str.,0,78.0,82.0
1.0,0.9,FedEx,FedEx Station - Heinz-Peter-Piper Str.,1,101.0,94.0
1.0,0.9,FedEx,FedEx Station - Heinz-Peter-Piper Str.,2,85.0,95.0
1.0,0.9,FedEx,FedEx Station - Heinz-Peter-Piper Str.,3,112.0,95.0
1.0,0.9,FedEx,FedEx Station - Heinz-Peter-Piper Str.,4,76.0,82.0
1.0,0.9,FedEx,FedEx Station - Heinz-Peter-Piper Str.,5,78.0,82.0
1.0,0.9,GLS,GLS in Hannover Laatzen,0,59.0,86.0
1.0,0.9,GLS,GLS in Hannover Laatzen,1,113.0,86.0
1.0,0.9,GLS,GLS in Hannover Laatzen,2,64.0,87.0
1.0,0.9,GLS,GLS in Hannover Laatzen,3,129.0,86.0
1.0,0.9,GLS,GLS in Hannover Laatzen,4,59.0,86.0
1.0,0.9,GLS,GLS in Hannover Laatzen,5,87.0,87.0
1.0,0.9,Hermes,Hermes LC Hannover Langenhagen,0,115.0,114.0
1.0,0.9,Hermes,Hermes LC Hannover Langenhagen,1,105.0,116.0
1.0,0.9,Hermes,Hermes LC Hannover Langenhagen,2,138.0,116.0
1.0,0.9,Hermes,Hermes LC Hannover Langenhagen,3,121.0,114.0
1.0,0.9,Hermes,Hermes LC Hannover Langenhagen,4,114.0,115.0
1.0,0.9,Hermes,Hermes LC Hannover Langenhagen,5,85.0,115.0
1.0,0.9,UPS,UPS Depot Hannover,0,104.0,99.0
1.0,0.9,UPS,UPS Depot Hannover,1,109.0,114.0
1.0,0.9,UPS,UPS Depot Hannover,2,123.0,114.0
1.0,0.9,UPS,UPS Depot Hannover,3,111.0,114.0
1.0,0.9,UPS,UPS Depot Hannover,4,107.0,100.0
1.0,0.9,UPS,UPS Depot Hannover,5,83.0,100.0
1.0,1.0,DHL,Brief- und Logistikzentrum in Pattensen (Hannover),0,26.0,26.0
1.0,1.0,DHL,Brief- und Logistikzentrum in Pattensen (Hannover),1,27.0,27.0
1.0,1.0,DHL,Brief- und Logistikzentrum in Pattensen (Hannover),2,28.0,28.0
1.0,1.0,DHL,Brief- und Logistikzentrum in Pattensen (Hannover),3,27.0,27.0
1.0,1.0,DHL,Brief- und Logistikzentrum in Pattensen (Hannover),4,24.0,24.0
1.0,1.0,DHL,Brief- und Logistikzentrum in Pattensen (Hannover),5,18.0,18.0
1.0,1.0,DHL,"Deutsche Post, Bantorf",0,10.0,10.0
1.0,1.0,DHL,"Deutsche Post, Bantorf",1,11.0,11.0
1.0,1.0,DHL,"Deutsche Post, Bantorf",2,13.0,13.0
1.0,1.0,DHL,"Deutsche Post, Bantorf",3,12.0,12.0
1.0,1.0,DHL,"Deutsche Post, Bantorf",4,10.0,10.0
1.0,1.0,DHL,"Deutsche Post, Bantorf",5,8.0,8.0
1.0,1.0,DHL,"Deutsche Post, Bissendorf",0,44.0,44.0
1.0,1.0,DHL,"Deutsche Post, Bissendorf",1,48.0,48.0
1.0,1.0,DHL,"Deutsche Post, Bissendorf",2,53.0,53.0
1.0,1.0,DHL,"Deutsche Post, Bissendorf",3,49.0,49.0
1.0,1.0,DHL,"Deutsche Post, Bissendorf",4,41.0,41.0
1.0,1.0,DHL,"Deutsche Post, Bissendorf",5,32.0,32.0
1.0,1.0,DHL,"Deutsche Post, Burgdorf",0,10.0,10.0
1.0,1.0,DHL,"Deutsche Post, Burgdorf",1,10.0,10.0
1.0,1.0,DHL,"Deutsche Post, Burgdorf",2,12.0,12.0
1.0,1.0,DHL,"Deutsche Post, Burgdorf",3,11.0,11.0
1.0,1.0,DHL,"Deutsche Post, Burgdorf",4,9.0,9.0
1.0,1.0,DHL,"Deutsche Post, Burgdorf",5,7.0,7.0
1.0,1.0,DHL,"Deutsche Post, Garbsen",0,12.0,12.0
1.0,1.0,DHL,"Deutsche Post, Garbsen",1,13.0,13.0
1.0,1.0,DHL,"Deutsche Post, Garbsen",2,15.0,15.0
1.0,1.0,DHL,"Deutsche Post, Garbsen",3,15.0,15.0
1.0,1.0,DHL,"Deutsche Post, Garbsen",4,12.0,12.0
1.0,1.0,DHL,"Deutsche Post, Garbsen",5,10.0,10.0
1.0,1.0,DHL,"Deutsche Post, Lehrte",0,14.0,14.0
1.0,1.0,DHL,"Deutsche Post, Lehrte",1,15.0,15.0
1.0,1.0,DHL,"Deutsche Post, Lehrte",2,17.0,17.0
1.0,1.0,DHL,"Deutsche Post, Lehrte",3,15.0,15.0
1.0,1.0,DHL,"Deutsche Post, Lehrte",4,13.0,13.0
1.0,1.0,DHL,"Deutsche Post, Lehrte",5,10.0,10.0
1.0,1.0,DHL,"Deutsche Post, Neustadt",0,13.0,13.0
1.0,1.0,DHL,"Deutsche Post, Neustadt",1,15.0,15.0
1.0,1.0,DHL,"Deutsche Post, Neustadt",2,16.0,16.0
1.0,1.0,DHL,"Deutsche Post, Neustadt",3,15.0,15.0
1.0,1.0,DHL,"Deutsche Post, Neustadt",4,13.0,13.0
1.0,1.0,DHL,"Deutsche Post, Neustadt",5,10.0,10.0
1.0,1.0,DHL,"Deutsche Post, Springe",0,9.0,9.0
1.0,1.0,DHL,"Deutsche Post, Springe",1,9.0,9.0
1.0,1.0,DHL,"Deutsche Post, Springe",2,11.0,11.0
1.0,1.0,DHL,"Deutsche Post, Springe",3,10.0,10.0
1.0,1.0,DHL,"Deutsche Post, Springe",4,9.0,9.0
1.0,1.0,DHL,"Deutsche Post, Springe",5,7.0,7.0
1.0,1.0,DHL,"Deutsche Post, Wunstorf",0,15.0,15.0
1.0,1.0,DHL,"Deutsche Post, Wunstorf",1,15.0,15.0
1.0,1.0,DHL,"Deutsche Post, Wunstorf",2,16.0,16.0
1.0,1.0,DHL,"Deutsche Post, Wunstorf",3,16.0,16.0
1.0,1.0,DHL,"Deutsche Post, Wunstorf",4,14.0,14.0
1.0,1.0,DHL,"Deutsche Post, Wunstorf",5,11.0,11.0
1.0,1.0,DHL,Dummy Seelze,0,17.0,17.0
1.0,1.0,DHL,Dummy Seelze,1,19.0,19.0
1.0,1.0,DHL,Dummy Seelze,2,21.0,21.0
1.0,1.0,DHL,Dummy Seelze,3,20.0,20.0
1.0,1.0,DHL,Dummy Seelze,4,17.0,17.0
1.0,1.0,DHL,Dummy Seelze,5,13.0,13.0
1.0,1.0,DHL,Dummy Sehnde,0,9.0,9.0
1.0,1.0,DHL,Dummy Sehnde,1,9.0,9.0
1.0,1.0,DHL,Dummy Sehnde,2,10.0,10.0
1.0,1.0,DHL,Dummy Sehnde,3,9.0,9.0
1.0,1.0,DHL,Dummy Sehnde,4,8.0,8.0
1.0,1.0,DHL,Dummy Sehnde,5,6.0,6.0
1.0,1.0,DHL,Dummy Uetze,0,7.0,7.0
1.0,1.0,DHL,Dummy Uetze,1,7.0,7.0
1.0,1.0,DHL,Dummy Uetze,2,7.0,7.0
1.0,1.0,DHL,Dummy Uetze,3,8.0,8.0
1.0,1.0,DHL,Dummy Uetze,4,6.0,6.0
1.0,1.0,DHL,Dummy Uetze,5,5.0,5.0
1.0,1.0,DHL,Dummy Wennigsen,0,11.0,11.0
1.0,1.0,DHL,Dummy Wennigsen,1,12.0,12.0
1.0,1.0,DHL,Dummy Wennigsen,2,12.0,12.0
1.0,1.0,DHL,Dummy Wennigsen,3,12.0,12.0
1.0,1.0,DHL,Dummy Wennigsen,4,10.0,10.0
1.0,1.0,DHL,Dummy Wennigsen,5,8.0,8.0
1.0,1.0,DHL,Paketzentrum / Zustellbasis Anderten,0,40.0,40.0
1.0,1.0,DHL,Paketzentrum / Zustellbasis Anderten,1,44.0,44.0
1.0,1.0,DHL,Paketzentrum / Zustellbasis Anderten,2,47.0,47.0
1.0,1.0,DHL,Paketzentrum / Zustellbasis Anderten,3,44.0,44.0
1.0,1.0,DHL,Paketzentrum / Zustellbasis Anderten,4,39.0,39.0
1.0,1.0,DHL,Paketzentrum / Zustellbasis Anderten,5,31.0,31.0
1.0,1.0,DHL,Zustellbasis Hannover am Güterbahnhof,0,102.0,102.0
1.0,1.0,DHL,Zustellbasis Hannover am Güterbahnhof,1,107.0,107.0
1.0,1.0,DHL,Zustellbasis Hannover am Güterbahnhof,2,122.0,122.0
1.0,1.0,DHL,Zustellbasis Hannover am Güterbahnhof,3,115.0,115.0
1.0,1.0,DHL,Zustellbasis Hannover am Güterbahnhof,4,97.0,97.0
1.0,1.0,DHL,Zustellbasis Hannover am Güterbahnhof,5,75.0,75.0
1.0,1.0,DHL,Zustellbasis Hannover-Süd,0,55.0,55.0
1.0,1.0,DHL,Zustellbasis Hannover-Süd,1,58.0,58.0
1.0,1.0,DHL,Zustellbasis Hannover-Süd,2,67.0,67.0
1.0,1.0,DHL,Zustellbasis Hannover-Süd,3,64.0,64.0
1.0,1.0,DHL,Zustellbasis Hannover-Süd,4,52.0,52.0
1.0,1.0,DHL,Zustellbasis Hannover-Süd,5,41.0,41.0
1.0,1.0,Amazon,Amazon Logistics HAJ8 in Garbsen,0,189.0,189.0
1.0,1.0,Amazon,Amazon Logistics HAJ8 in Garbsen,1,202.0,200.0
1.0,1.0,Amazon,Amazon Logistics HAJ8 in Garbsen,2,217.0,215.0
1.0,1.0,Amazon,Amazon Logistics HAJ8 in Garbsen,3,209.0,211.0
1.0,1.0,Amazon,Amazon Logistics HAJ8 in Garbsen,4,176.0,169.0
1.0,1.0,Amazon,Amazon Logistics HAJ8 in Garbsen,5,133.0,145.0
1.0,1.0,DPD,DPD Paketzentrum in Lehrte,0,79.0,90.0
1.0,1.0,DPD,DPD Paketzentrum in Lehrte,1,92.0,89.0
1.0,1.0,DPD,DPD Paketzentrum in Lehrte,2,106.0,90.0
1.0,1.0,DPD,DPD Paketzentrum in Lehrte,3,83.0,89.0
1.0,1.0,DPD,DPD Paketzentrum in Lehrte,4,98.0,88.0
1.0,1.0,DPD,DPD Paketzentrum in Lehrte,5,67.0,89.0
1.0,1.0,FedEx,FedEx Station - Heinz-Peter-Piper Str.,0,71.0,73.0
1.0,1.0,FedEx,FedEx Station - Heinz-Peter-Piper Str.,1,87.0,85.0
1.0,1.0,FedEx,FedEx Station - Heinz-Peter-Piper Str.,2,87.0,87.0
1.0,1.0,FedEx,FedEx Station - Heinz-Peter-Piper Str.,3,87.0,87.0
1.0,1.0,FedEx,FedEx Station - Heinz-Peter-Piper Str.,4,77.0,74.0
1.0,1.0,FedEx,FedEx Station - Heinz-Peter-Piper Str.,5,67.0,73.0
1.0,1.0,GLS,GLS in Hannover Laatzen,0,58.0,73.0
1.0,1.0,GLS,GLS in Hannover Laatzen,1,86.0,74.0
1.0,1.0,GLS,GLS in Hannover Laatzen,2,75.0,75.0
1.0,1.0,GLS,GLS in Hannover Laatzen,3,81.0,75.0
1.0,1.0,GLS,GLS in Hannover Laatzen,4,74.0,73.0
1.0,1.0,GLS,GLS in Hannover Laatzen,5,67.0,75.0
1.0,1.0,Hermes,Hermes LC Hannover Langenhagen,0,91.0,104.0
1.0,1.0,Hermes,Hermes LC Hannover Langenhagen,1,105.0,104.0
1.0,1.0,Hermes,Hermes LC Hannover Langenhagen,2,123.0,105.0
1.0,1.0,Hermes,Hermes LC Hannover Langenhagen,3,106.0,106.0
1.0,1.0,Hermes,Hermes LC Hannover Langenhagen,4,103.0,105.0
1.0,1.0,Hermes,Hermes LC Hannover Langenhagen,5,89.0,104.0
1.0,1.0,UPS,UPS Depot Hannover,0,100.0,93.0
1.0,1.0,UPS,UPS Depot Hannover,1,97.0,105.0
1.0,1.0,UPS,UPS Depot Hannover,2,119.0,105.0
1.0,1.0,UPS,UPS Depot Hannover,3,94.0,102.0
1.0,1.0,UPS,UPS Depot Hannover,4,107.0,93.0
1.0,1.0,UPS,UPS Depot Hannover,5,68.0,92.0
2.0,0.0,DHL,Brief- und Logistikzentrum in Pattensen (Hannover),0,26.0,26.0
2.0,0.0,DHL,Brief- und Logistikzentrum in Pattensen (Hannover),1,27.0,27.0
2.0,0.0,DHL,Brief- und Logistikzentrum in Pattensen (Hannover),2,28.0,28.0
2.0,0.0,DHL,Brief- und Logistikzentrum in Pattensen (Hannover),3,27.0,27.0
2.0,0.0,DHL,Brief- und Logistikzentrum in Pattensen (Hannover),4,24.0,24.0
2.0,0.0,DHL,Brief- und Logistikzentrum in Pattensen (Hannover),5,18.0,18.0
2.0,0.0,DHL,"Deutsche Post, Bantorf",0,10.0,10.0
2.0,0.0,DHL,"Deutsche Post, Bantorf",1,11.0,11.0
2.0,0.0,DHL,"Deutsche Post, Bantorf",2,13.0,13.0
2.0,0.0,DHL,"Deutsche Post, Bantorf",3,12.0,12.0
2.0,0.0,DHL,"Deutsche Post, Bantorf",4,10.0,10.0
2.0,0.0,DHL,"Deutsche Post, Bantorf",5,8.0,8.0
2.0,0.0,DHL,"Deutsche Post, Bissendorf",0,44.0,44.0
2.0,0.0,DHL,"Deutsche Post, Bissendorf",1,48.0,48.0
2.0,0.0,DHL,"Deutsche Post, Bissendorf",2,53.0,53.0
2.0,0.0,DHL,"Deutsche Post, Bissendorf",3,49.0,49.0
2.0,0.0,DHL,"Deutsche Post, Bissendorf",4,41.0,41.0
2.0,0.0,DHL,"Deutsche Post, Bissendorf",5,32.0,32.0
2.0,0.0,DHL,"Deutsche Post, Burgdorf",0,10.0,10.0
2.0,0.0,DHL,"Deutsche Post, Burgdorf",1,10.0,10.0
2.0,0.0,DHL,"Deutsche Post, Burgdorf",2,12.0,12.0
2.0,0.0,DHL,"Deutsche Post, Burgdorf",3,11.0,11.0
2.0,0.0,DHL,"Deutsche Post, Burgdorf",4,9.0,9.0
2.0,0.0,DHL,"Deutsche Post, Burgdorf",5,7.0,7.0
2.0,0.0,DHL,"Deutsche Post, Garbsen",0,12.0,12.0
2.0,0.0,DHL,"Deutsche Post, Garbsen",1,13.0,13.0
2.0,0.0,DHL,"Deutsche Post, Garbsen",2,15.0,15.0
2.0,0.0,DHL,"Deutsche Post, Garbsen",3,15.0,15.0
2.0,0.0,DHL,"Deutsche Post, Garbsen",4,12.0,12.0
2.0,0.0,DHL,"Deutsche Post, Garbsen",5,10.0,10.0
2.0,0.0,DHL,"Deutsche Post, Lehrte",0,14.0,14.0
2.0,0.0,DHL,"Deutsche Post, Lehrte",1,15.0,15.0
2.0,0.0,DHL,"Deutsche Post, Lehrte",2,17.0,17.0
2.0,0.0,DHL,"Deutsche Post, Lehrte",3,15.0,15.0
2.0,0.0,DHL,"Deutsche Post, Lehrte",4,13.0,13.0
2.0,0.0,DHL,"Deutsche Post, Lehrte",5,10.0,10.0
2.0,0.0,DHL,"Deutsche Post, Neustadt",0,13.0,13.0
2.0,0.0,DHL,"Deutsche Post, Neustadt",1,15.0,15.0
2.0,0.0,DHL,"Deutsche Post, Neustadt",2,16.0,16.0
2.0,0.0,DHL,"Deutsche Post, Neustadt",3,15.0,15.0
2.0,0.0,DHL,"Deutsche Post, Neustadt",4,13.0,13.0
2.0,0.0,DHL,"Deutsche Post, Neustadt",5,10.0,10.0
2.0,0.0,DHL,"Deutsche Post, Springe",0,9.0,9.0
2.0,0.0,DHL,"Deutsche Post, Springe",1,9.0,9.0
2.0,0.0,DHL,"Deutsche Post, Springe",2,11.0,11.0
2.0,0.0,DHL,"Deutsche Post, Springe",3,10.0,10.0
2.0,0.0,DHL,"Deutsche Post, Springe",4,9.0,9.0
2.0,0.0,DHL,"Deutsche Post, Springe",5,7.0,7.0
2.0,0.0,DHL,"Deutsche Post, Wunstorf",0,15.0,15.0
2.0,0.0,DHL,"Deutsche Post, Wunstorf",1,15.0,15.0
2.0,0.0,DHL,"Deutsche Post, Wunstorf",2,16.0,16.0
2.0,0.0,DHL,"Deutsche Post, Wunstorf",3,16.0,16.0
2.0,0.0,DHL,"Deutsche Post, Wunstorf",4,14.0,14.0
2.0,0.0,DHL,"Deutsche Post, Wunstorf",5,11.0,11.0
2.0,0.0,DHL,Dummy Seelze,0,17.0,17.0
2.0,0.0,DHL,Dummy Seelze,1,19.0,19.0
2.0,0.0,DHL,Dummy Seelze,2,21.0,21.0
2.0,0.0,DHL,Dummy Seelze,3,20.0,20.0
2.0,0.0,DHL,Dummy Seelze,4,17.0,17.0
2.0,0.0,DHL,Dummy Seelze,5,13.0,13.0
2.0,0.0,DHL,Dummy Sehnde,0,9.0,9.0
2.0,0.0,DHL,Dummy Sehnde,1,9.0,9.0
2.0,0.0,DHL,Dummy Sehnde,2,10.0,10.0
2.0,0.0,DHL,Dummy Sehnde,3,9.0,9.0
2.0,0.0,DHL,Dummy Sehnde,4,8.0,8.0
2.0,0.0,DHL,Dummy Sehnde,5,6.0,6.0
2.0,0.0,DHL,Dummy Uetze,0,7.0,7.0
2.0,0.0,DHL,Dummy Uetze,1,7.0,7.0
2.0,0.0,DHL,Dummy Uetze,2,7.0,7.0
2.0,0.0,DHL,Dummy Uetze,3,8.0,8.0
2.0,0.0,DHL,Dummy Uetze,4,6.0,6.0
2.0,0.0,DHL,Dummy Uetze,5,5.0,5.0
2.0,0.0,DHL,Dummy Wennigsen,0,11.0,11.0
2.0,0.0,DHL,Dummy Wennigsen,1,12.0,12.0
2.0,0.0,DHL,Dummy Wennigsen,2,12.0,12.0
2.0,0.0,DHL,Dummy Wennigsen,3,12.0,12.0
2.0,0.0,DHL,Dummy Wennigsen,4,10.0,10.0
2.0,0.0,DHL,Dummy Wennigsen,5,8.0,8.0
2.0,0.0,DHL,Paketzentrum / Zustellbasis Anderten,0,40.0,40.0
2.0,0.0,DHL,Paketzentrum / Zustellbasis Anderten,1,44.0,44.0
2.0,0.0,DHL,Paketzentrum / Zustellbasis Anderten,2,47.0,47.0
2.0,0.0,DHL,Paketzentrum / Zustellbasis Anderten,3,44.0,44.0
2.0,0.0,DHL,Paketzentrum / Zustellbasis Anderten,4,39.0,39.0
2.0,0.0,DHL,Paketzentrum / Zustellbasis Anderten,5,31.0,31.0
2.0,0.0,DHL,Zustellbasis Hannover am Güterbahnhof,0,102.0,102.0
2.0,0.0,DHL,Zustellbasis Hannover am Güterbahnhof,1,107.0,107.0
2.0,0.0,DHL,Zustellbasis Hannover am Güterbahnhof,2,122.0,122.0
2.0,0.0,DHL,Zustellbasis Hannover am Güterbahnhof,3,115.0,115.0
2.0,0.0,DHL,Zustellbasis Hannover am Güterbahnhof,4,97.0,97.0
2.0,0.0,DHL,Zustellbasis Hannover am Güterbahnhof,5,75.0,75.0
2.0,0.0,DHL,Zustellbasis Hannover-Süd,0,55.0,55.0
2.0,0.0,DHL,Zustellbasis Hannover-Süd,1,58.0,58.0
2.0,0.0,DHL,Zustellbasis Hannover-Süd,2,67.0,67.0
2.0,0.0,DHL,Zustellbasis Hannover-Süd,3,64.0,64.0
2.0,0.0,DHL,Zustellbasis Hannover-Süd,4,52.0,52.0
2.0,0.0,DHL,Zustellbasis Hannover-Süd,5,41.0,41.0
2.0,0.0,Amazon,Amazon Logistics HAJ8 in Garbsen,0,189.0,189.0
2.0,0.0,Amazon,Amazon Logistics HAJ8 in Garbsen,1,200.0,200.0
2.0,0.0,Amazon,Amazon Logistics HAJ8 in Garbsen,2,217.0,217.0
2.0,0.0,Amazon,Amazon Logistics HAJ8 in Garbsen,3,209.0,209.0
2.0,0.0,Amazon,Amazon Logistics HAJ8 in Garbsen,4,176.0,176.0
2.0,0.0,Amazon,Amazon Logistics HAJ8 in Garbsen,5,138.0,138.0
2.0,0.0,DPD,DPD Paketzentrum in Lehrte,0,93.0,93.0
2.0,0.0,DPD,DPD Paketzentrum in Lehrte,1,104.0,104.0
2.0,0.0,DPD,DPD Paketzentrum in Lehrte,2,118.0,118.0
2.0,0.0,DPD,DPD Paketzentrum in Lehrte,3,111.0,111.0
2.0,0.0,DPD,DPD Paketzentrum in Lehrte,4,90.0,90.0
2.0,0.0,DPD,DPD Paketzentrum in Lehrte,5,72.0,72.0
2.0,0.0,FedEx,FedEx Station - Heinz-Peter-Piper Str.,0,84.0,84.0
2.0,0.0,FedEx,FedEx Station - Heinz-Peter-Piper Str.,1,86.0,86.0
2.0,0.0,FedEx,FedEx Station - Heinz-Peter-Piper Str.,2,97.0,97.0
2.0,0.0,FedEx,FedEx Station - Heinz-Peter-Piper Str.,3,91.0,91.0
2.0,0.0,FedEx,FedEx Station - Heinz-Peter-Piper Str.,4,82.0,82.0
2.0,0.0,FedEx,FedEx Station - Heinz-Peter-Piper Str.,5,66.0,66.0
2.0,0.0,GLS,GLS in Hannover Laatzen,0,82.0,82.0
2.0,0.0,GLS,GLS in Hannover Laatzen,1,83.0,83.0
2.0,0.0,GLS,GLS in Hannover Laatzen,2,95.0,95.0
2.0,0.0,GLS,GLS in Hannover Laatzen,3,91.0,91.0
2.0,0.0,GLS,GLS in Hannover Laatzen,4,76.0,76.0
2.0,0.0,GLS,GLS in Hannover Laatzen,5,65.0,65.0
2.0,0.0,Hermes,Hermes LC Hannover Langenhagen,0,116.0,116.0
2.0,0.0,Hermes,Hermes LC Hannover Langenhagen,1,120.0,120.0
2.0,0.0,Hermes,Hermes LC Hannover Langenhagen,2,127.0,127.0
2.0,0.0,Hermes,Hermes LC Hannover Langenhagen,3,123.0,123.0
2.0,0.0,Hermes,Hermes LC Hannover Langenhagen,4,112.0,112.0
2.0,0.0,Hermes,Hermes LC Hannover Langenhagen,5,83.0,83.0
2.0,0.0,UPS,UPS Depot Hannover,0,100.0,100.0
2.0,0.0,UPS,UPS Depot Hannover,1,108.0,108.0
2.0,0.0,UPS,UPS Depot Hannover,2,118.0,118.0
2.0,0.0,UPS,UPS Depot Hannover,3,114.0,114.0
2.0,0.0,UPS,UPS Depot Hannover,4,95.0,95.0
2.0,0.0,UPS,UPS Depot Hannover,5,78.0,78.0
2.0,0.1,DHL,Brief- und Logistikzentrum in Pattensen (Hannover),0,26.0,26.0
2.0,0.1,DHL,Brief- und Logistikzentrum in Pattensen (Hannover),1,27.0,27.0
2.0,0.1,DHL,Brief- und Logistikzentrum in Pattensen (Hannover),2,28.0,28.0
2.0,0.1,DHL,Brief- und Logistikzentrum in Pattensen (Hannover),3,27.0,27.0
2.0,0.1,DHL,Brief- und Logistikzentrum in Pattensen (Hannover),4,24.0,24.0
2.0,0.1,DHL,Brief- und Logistikzentrum in Pattensen (Hannover),5,18.0,18.0
2.0,0.1,DHL,"Deutsche Post, Bantorf",0,10.0,10.0
2.0,0.1,DHL,"Deutsche Post, Bantorf",1,11.0,11.0
2.0,0.1,DHL,"Deutsche Post, Bantorf",2,13.0,13.0
2.0,0.1,DHL,"Deutsche Post, Bantorf",3,12.0,12.0
2.0,0.1,DHL,"Deutsche Post, Bantorf",4,10.0,10.0
2.0,0.1,DHL,"Deutsche Post, Bantorf",5,8.0,8.0
2.0,0.1,DHL,"Deutsche Post, Bissendorf",0,44.0,44.0
2.0,0.1,DHL,"Deutsche Post, Bissendorf",1,48.0,48.0
2.0,0.1,DHL,"Deutsche Post, Bissendorf",2,53.0,53.0
2.0,0.1,DHL,"Deutsche Post, Bissendorf",3,49.0,49.0
2.0,0.1,DHL,"Deutsche Post, Bissendorf",4,41.0,41.0
2.0,0.1,DHL,"Deutsche Post, Bissendorf",5,32.0,32.0
2.0,0.1,DHL,"Deutsche Post, Burgdorf",0,10.0,10.0
2.0,0.1,DHL,"Deutsche Post, Burgdorf",1,10.0,10.0
2.0,0.1,DHL,"Deutsche Post, Burgdorf",2,12.0,12.0
2.0,0.1,DHL,"Deutsche Post, Burgdorf",3,11.0,11.0
2.0,0.1,DHL,"Deutsche Post, Burgdorf",4,9.0,9.0
2.0,0.1,DHL,"Deutsche Post, Burgdorf",5,7.0,7.0
2.0,0.1,DHL,"Deutsche Post, Garbsen",0,12.0,12.0
2.0,0.1,DHL,"Deutsche Post, Garbsen",1,13.0,13.0
2.0,0.1,DHL,"Deutsche Post, Garbsen",2,15.0,15.0
2.0,0.1,DHL,"Deutsche Post, Garbsen",3,15.0,15.0
2.0,0.1,DHL,"Deutsche Post, Garbsen",4,12.0,12.0
2.0,0.1,DHL,"Deutsche Post, Garbsen",5,10.0,10.0
2.0,0.1,DHL,"Deutsche Post, Lehrte",0,14.0,14.0
2.0,0.1,DHL,"Deutsche Post, Lehrte",1,15.0,15.0
2.0,0.1,DHL,"Deutsche Post, Lehrte",2,17.0,17.0
2.0,0.1,DHL,"Deutsche Post, Lehrte",3,15.0,15.0
2.0,0.1,DHL,"Deutsche Post, Lehrte",4,13.0,13.0
2.0,0.1,DHL,"Deutsche Post, Lehrte",5,10.0,10.0
2.0,0.1,DHL,"Deutsche Post, Neustadt",0,13.0,13.0
2.0,0.1,DHL,"Deutsche Post, Neustadt",1,15.0,15.0
2.0,0.1,DHL,"Deutsche Post, Neustadt",2,16.0,16.0
2.0,0.1,DHL,"Deutsche Post, Neustadt",3,15.0,15.0
2.0,0.1,DHL,"Deutsche Post, Neustadt",4,13.0,13.0
2.0,0.1,DHL,"Deutsche Post, Neustadt",5,10.0,10.0
2.0,0.1,DHL,"Deutsche Post, Springe",0,9.0,9.0
2.0,0.1,DHL,"Deutsche Post, Springe",1,9.0,9.0
2.0,0.1,DHL,"Deutsche Post, Springe",2,11.0,11.0
2.0,0.1,DHL,"Deutsche Post, Springe",3,10.0,10.0
2.0,0.1,DHL,"Deutsche Post, Springe",4,9.0,9.0
2.0,0.1,DHL,"Deutsche Post, Springe",5,7.0,7.0
2.0,0.1,DHL,"Deutsche Post, Wunstorf",0,15.0,15.0
2.0,0.1,DHL,"Deutsche Post, Wunstorf",1,15.0,15.0
2.0,0.1,DHL,"Deutsche Post, Wunstorf",2,16.0,16.0
2.0,0.1,DHL,"Deutsche Post, Wunstorf",3,16.0,16.0
2.0,0.1,DHL,"Deutsche Post, Wunstorf",4,14.0,14.0
2.0,0.1,DHL,"Deutsche Post, Wunstorf",5,11.0,11.0
2.0,0.1,DHL,Dummy Seelze,0,17.0,17.0
2.0,0.1,DHL,Dummy Seelze,1,19.0,19.0
2.0,0.1,DHL,Dummy Seelze,2,21.0,21.0
2.0,0.1,DHL,Dummy Seelze,3,20.0,20.0
2.0,0.1,DHL,Dummy Seelze,4,17.0,17.0
2.0,0.1,DHL,Dummy Seelze,5,13.0,13.0
2.0,0.1,DHL,Dummy Sehnde,0,9.0,9.0
2.0,0.1,DHL,Dummy Sehnde,1,9.0,9.0
2.0,0.1,DHL,Dummy Sehnde,2,10.0,10.0
2.0,0.1,DHL,Dummy Sehnde,3,9.0,9.0
2.0,0.1,DHL,Dummy Sehnde,4,8.0,8.0
2.0,0.1,DHL,Dummy Sehnde,5,6.0,6.0
2.0,0.1,DHL,Dummy Uetze,0,7.0,7.0
2.0,0.1,DHL,Dummy Uetze,1,7.0,7.0
2.0,0.1,DHL,Dummy Uetze,2,7.0,7.0
2.0,0.1,DHL,Dummy Uetze,3,8.0,8.0
2.0,0.1,DHL,Dummy Uetze,4,6.0,6.0
2.0,0.1,DHL,Dummy Uetze,5,5.0,5.0
2.0,0.1,DHL,Dummy Wennigsen,0,11.0,11.0
2.0,0.1,DHL,Dummy Wennigsen,1,12.0,12.0
2.0,0.1,DHL,Dummy Wennigsen,2,12.0,12.0
2.0,0.1,DHL,Dummy Wennigsen,3,12.0,12.0
2.0,0.1,DHL,Dummy Wennigsen,4,10.0,10.0
2.0,0.1,DHL,Dummy Wennigsen,5,8.0,8.0
2.0,0.1,DHL,Paketzentrum / Zustellbasis Anderten,0,38.0,38.0
2.0,0.1,DHL,Paketzentrum / Zustellbasis Anderten,1,44.0,44.0
2.0,0.1,DHL,Paketzentrum / Zustellbasis Anderten,2,47.0,47.0
2.0,0.1,DHL,Paketzentrum / Zustellbasis Anderten,3,44.0,44.0
2.0,0.1,DHL,Paketzentrum / Zustellbasis Anderten,4,37.0,37.0
2.0,0.1,DHL,Paketzentrum / Zustellbasis Anderten,5,31.0,31.0
2.0,0.1,DHL,Zustellbasis Hannover am Güterbahnhof,0,102.0,102.0
2.0,0.1,DHL,Zustellbasis Hannover am Güterbahnhof,1,106.0,107.0
2.0,0.1,DHL,Zustellbasis Hannover am Güterbahnhof,2,121.0,119.0
2.0,0.1,DHL,Zustellbasis Hannover am Güterbahnhof,3,115.0,117.0
2.0,0.1,DHL,Zustellbasis Hannover am Güterbahnhof,4,94.0,94.0
2.0,0.1,DHL,Zustellbasis Hannover am Güterbahnhof,5,75.0,76.0
2.0,0.1,DHL,Zustellbasis Hannover-Süd,0,55.0,55.0
2.0,0.1,DHL,Zustellbasis Hannover-Süd,1,58.0,58.0
2.0,0.1,DHL,Zustellbasis Hannover-Süd,2,64.0,64.0
2.0,0.1,DHL,Zustellbasis Hannover-Süd,3,61.0,61.0
2.0,0.1,DHL,Zustellbasis Hannover-Süd,4,53.0,53.0
2.0,0.1,DHL,Zustellbasis Hannover-Süd,5,41.0,41.0
2.0,0.1,Amazon,Amazon Logistics HAJ8 in Garbsen,0,188.0,188.0
2.0,0.1,Amazon,Amazon Logistics HAJ8 in Garbsen,1,199.0,199.0
2.0,0.1,Amazon,Amazon Logistics HAJ8 in Garbsen,2,216.0,216.0
2.0,0.1,Amazon,Amazon Logistics HAJ8 in Garbsen,3,209.0,209.0
2.0,0.1,Amazon,Amazon Logistics HAJ8 in Garbsen,4,174.0,174.0
2.0,0.1,Amazon,Amazon Logistics HAJ8 in Garbsen,5,138.0,139.0
2.0,0.1,DPD,DPD Paketzentrum in Lehrte,0,93.0,93.0
2.0,0.1,DPD,DPD Paketzentrum in Lehrte,1,98.0,98.0
2.0,0.1,DPD,DPD Paketzentrum in Lehrte,2,115.0,111.0
2.0,0.1,DPD,DPD Paketzentrum in Lehrte,3,107.0,111.0
2.0,0.1,DPD,DPD Paketzentrum in Lehrte,4,88.0,87.0
2.0,0.1,DPD,DPD Paketzentrum in Lehrte,5,70.0,86.0
2.0,0.1,FedEx,FedEx Station - Heinz-Peter-Piper Str.,0,83.0,80.0
2.0,0.1,FedEx,FedEx Station - Heinz-Peter-Piper Str.,1,88.0,90.0
2.0,0.1,FedEx,FedEx Station - Heinz-Peter-Piper Str.,2,93.0,91.0
2.0,0.1,FedEx,FedEx Station - Heinz-Peter-Piper Str.,3,91.0,90.0
2.0,0.1,FedEx,FedEx Station - Heinz-Peter-Piper Str.,4,82.0,76.0
2.0,0.1,FedEx,FedEx Station - Heinz-Peter-Piper Str.,5,65.0,75.0
2.0,0.1,GLS,GLS in Hannover Laatzen,0,79.0,79.0
2.0,0.1,GLS,GLS in Hannover Laatzen,1,82.0,82.0
2.0,0.1,GLS,GLS in Hannover Laatzen,2,95.0,92.0
2.0,0.1,GLS,GLS in Hannover Laatzen,3,87.0,89.0
2.0,0.1,GLS,GLS in Hannover Laatzen,4,76.0,76.0
2.0,0.1,GLS,GLS in Hannover Laatzen,5,64.0,69.0
2.0,0.1,Hermes,Hermes LC Hannover Langenhagen,0,116.0,116.0
2.0,0.1,Hermes,Hermes LC Hannover Langenhagen,1,119.0,120.0
2.0,0.1,Hermes,Hermes LC Hannover Langenhagen,2,126.0,126.0
2.0,0.1,Hermes,Hermes LC Hannover Langenhagen,3,123.0,123.0
2.0,0.1,Hermes,Hermes LC Hannover Langenhagen,4,110.0,110.0
2.0,0.1,Hermes,Hermes LC Hannover Langenhagen,5,81.0,85.0
2.0,0.1,UPS,UPS Depot Hannover,0,102.0,101.0
2.0,0.1,UPS,UPS Depot Hannover,1,103.0,105.0
2.0,0.1,UPS,UPS Depot Hannover,2,116.0,111.0
2.0,0.1,UPS,UPS Depot Hannover,3,113.0,111.0
2.0,0.1,UPS,UPS Depot Hannover,4,98.0,88.0
2.0,0.1,UPS,UPS Depot Hannover,5,75.0,88.0
2.0,0.2,DHL,Brief- und Logistikzentrum in Pattensen (Hannover),0,26.0,26.0
2.0,0.2,DHL,Brief- und Logistikzentrum in Pattensen (Hannover),1,27.0,27.0
2.0,0.2,DHL,Brief- und Logistikzentrum in Pattensen (Hannover),2,28.0,28.0
2.0,0.2,DHL,Brief- und Logistikzentrum in Pattensen (Hannover),3,27.0,27.0
2.0,0.2,DHL,Brief- und Logistikzentrum in Pattensen (Hannover),4,24.0,24.0
2.0,0.2,DHL,Brief- und Logistikzentrum in Pattensen (Hannover),5,18.0,18.0
2.0,0.2,DHL,"Deutsche Post, Bantorf",0,10.0,10.0
2.0,0.2,DHL,"Deutsche Post, Bantorf",1,11.0,11.0
2.0,0.2,DHL,"Deutsche Post, Bantorf",2,13.0,13.0
2.0,0.2,DHL,"Deutsche Post, Bantorf",3,12.0,12.0
2.0,0.2,DHL,"Deutsche Post, Bantorf",4,10.0,10.0
2.0,0.2,DHL,"Deutsche Post, Bantorf",5,8.0,8.0
2.0,0.2,DHL,"Deutsche Post, Bissendorf",0,44.0,44.0
2.0,0.2,DHL,"Deutsche Post, Bissendorf",1,48.0,48.0
2.0,0.2,DHL,"Deutsche Post, Bissendorf",2,53.0,53.0
2.0,0.2,DHL,"Deutsche Post, Bissendorf",3,49.0,49.0
2.0,0.2,DHL,"Deutsche Post, Bissendorf",4,41.0,41.0
2.0,0.2,DHL,"Deutsche Post, Bissendorf",5,32.0,32.0
2.0,0.2,DHL,"Deutsche Post, Burgdorf",0,10.0,10.0
2.0,0.2,DHL,"Deutsche Post, Burgdorf",1,10.0,10.0
2.0,0.2,DHL,"Deutsche Post, Burgdorf",2,12.0,12.0
2.0,0.2,DHL,"Deutsche Post, Burgdorf",3,11.0,11.0
2.0,0.2,DHL,"Deutsche Post, Burgdorf",4,9.0,9.0
2.0,0.2,DHL,"Deutsche Post, Burgdorf",5,7.0,7.0
2.0,0.2,DHL,"Deutsche Post, Garbsen",0,12.0,12.0
2.0,0.2,DHL,"Deutsche Post, Garbsen",1,13.0,13.0
2.0,0.2,DHL,"Deutsche Post, Garbsen",2,15.0,15.0
2.0,0.2,DHL,"Deutsche Post, Garbsen",3,15.0,15.0
2.0,0.2,DHL,"Deutsche Post, Garbsen",4,12.0,12.0
2.0,0.2,DHL,"Deutsche Post, Garbsen",5,10.0,10.0
2.0,0.2,DHL,"Deutsche Post, Lehrte",0,14.0,14.0
2.0,0.2,DHL,"Deutsche Post, Lehrte",1,15.0,15.0
2.0,0.2,DHL,"Deutsche Post, Lehrte",2,17.0,17.0
2.0,0.2,DHL,"Deutsche Post, Lehrte",3,15.0,15.0
2.0,0.2,DHL,"Deutsche Post, Lehrte",4,13.0,13.0
2.0,0.2,DHL,"Deutsche Post, Lehrte",5,10.0,10.0
2.0,0.2,DHL,"Deutsche Post, Neustadt",0,13.0,13.0
2.0,0.2,DHL,"Deutsche Post, Neustadt",1,15.0,15.0
2.0,0.2,DHL,"Deutsche Post, Neustadt",2,16.0,16.0
2.0,0.2,DHL,"Deutsche Post, Neustadt",3,15.0,15.0
2.0,0.2,DHL,"Deutsche Post, Neustadt",4,13.0,13.0
2.0,0.2,DHL,"Deutsche Post, Neustadt",5,10.0,10.0
2.0,0.2,DHL,"Deutsche Post, Springe",0,9.0,9.0
2.0,0.2,DHL,"Deutsche Post, Springe",1,9.0,9.0
2.0,0.2,DHL,"Deutsche Post, Springe",2,11.0,11.0
2.0,0.2,DHL,"Deutsche Post, Springe",3,10.0,10.0
2.0,0.2,DHL,"Deutsche Post, Springe",4,9.0,9.0
2.0,0.2,DHL,"Deutsche Post, Springe",5,7.0,7.0
2.0,0.2,DHL,"Deutsche Post, Wunstorf",0,15.0,15.0
2.0,0.2,DHL,"Deutsche Post, Wunstorf",1,15.0,15.0
2.0,0.2,DHL,"Deutsche Post, Wunstorf",2,16.0,16.0
2.0,0.2,DHL,"Deutsche Post, Wunstorf",3,16.0,16.0
2.0,0.2,DHL,"Deutsche Post, Wunstorf",4,14.0,14.0
2.0,0.2,DHL,"Deutsche Post, Wunstorf",5,11.0,11.0
2.0,0.2,DHL,Dummy Seelze,0,17.0,17.0
2.0,0.2,DHL,Dummy Seelze,1,19.0,19.0
2.0,0.2,DHL,Dummy Seelze,2,21.0,21.0
2.0,0.2,DHL,Dummy Seelze,3,20.0,20.0
2.0,0.2,DHL,Dummy Seelze,4,17.0,17.0
2.0,0.2,DHL,Dummy Seelze,5,13.0,13.0
2.0,0.2,DHL,Dummy Sehnde,0,9.0,9.0
2.0,0.2,DHL,Dummy Sehnde,1,9.0,9.0
2.0,0.2,DHL,Dummy Sehnde,2,10.0,10.0
2.0,0.2,DHL,Dummy Sehnde,3,9.0,9.0
2.0,0.2,DHL,Dummy Sehnde,4,8.0,8.0
2.0,0.2,DHL,Dummy Sehnde,5,6.0,6.0
2.0,0.2,DHL,Dummy Uetze,0,7.0,7.0
2.0,0.2,DHL,Dummy Uetze,1,7.0,7.0
2.0,0.2,DHL,Dummy Uetze,2,7.0,7.0
2.0,0.2,DHL,Dummy Uetze,3,8.0,8.0
2.0,0.2,DHL,Dummy Uetze,4,6.0,6.0
2.0,0.2,DHL,Dummy Uetze,5,5.0,5.0
2.0,0.2,DHL,Dummy Wennigsen,0,11.0,11.0
2.0,0.2,DHL,Dummy Wennigsen,1,12.0,12.0
2.0,0.2,DHL,Dummy Wennigsen,2,12.0,12.0
2.0,0.2,DHL,Dummy Wennigsen,3,12.0,12.0
2.0,0.2,DHL,Dummy Wennigsen,4,10.0,10.0
2.0,0.2,DHL,Dummy Wennigsen,5,8.0,8.0
2.0,0.2,DHL,Paketzentrum / Zustellbasis Anderten,0,40.0,40.0
2.0,0.2,DHL,Paketzentrum / Zustellbasis Anderten,1,44.0,44.0
2.0,0.2,DHL,Paketzentrum / Zustellbasis Anderten,2,47.0,47.0
2.0,0.2,DHL,Paketzentrum / Zustellbasis Anderten,3,44.0,44.0
2.0,0.2,DHL,Paketzentrum / Zustellbasis Anderten,4,39.0,39.0
2.0,0.2,DHL,Paketzentrum / Zustellbasis Anderten,5,31.0,31.0
2.0,0.2,DHL,Zustellbasis Hannover am Güterbahnhof,0,102.0,102.0
2.0,0.2,DHL,Zustellbasis Hannover am Güterbahnhof,1,107.0,107.0
2.0,0.2,DHL,Zustellbasis Hannover am Güterbahnhof,2,122.0,122.0
2.0,0.2,DHL,Zustellbasis Hannover am Güterbahnhof,3,115.0,115.0
2.0,0.2,DHL,Zustellbasis Hannover am Güterbahnhof,4,97.0,97.0
2.0,0.2,DHL,Zustellbasis Hannover am Güterbahnhof,5,75.0,75.0
2.0,0.2,DHL,Zustellbasis Hannover-Süd,0,55.0,55.0
2.0,0.2,DHL,Zustellbasis Hannover-Süd,1,58.0,58.0
2.0,0.2,DHL,Zustellbasis Hannover-Süd,2,67.0,67.0
2.0,0.2,DHL,Zustellbasis Hannover-Süd,3,64.0,64.0
2.0,0.2,DHL,Zustellbasis Hannover-Süd,4,52.0,52.0
2.0,0.2,DHL,Zustellbasis Hannover-Süd,5,41.0,41.0
2.0,0.2,Amazon,Amazon Logistics HAJ8 in Garbsen,0,182.0,185.0
2.0,0.2,Amazon,Amazon Logistics HAJ8 in Garbsen,1,198.0,199.0
2.0,0.2,Amazon,Amazon Logistics HAJ8 in Garbsen,2,214.0,211.0
2.0,0.2,Amazon,Amazon Logistics HAJ8 in Garbsen,3,203.0,206.0
2.0,0.2,Amazon,Amazon Logistics HAJ8 in Garbsen,4,170.0,169.0
2.0,0.2,Amazon,Amazon Logistics HAJ8 in Garbsen,5,138.0,152.0
2.0,0.2,DPD,DPD Paketzentrum in Lehrte,0,88.0,89.0
2.0,0.2,DPD,DPD Paketzentrum in Lehrte,1,97.0,97.0
2.0,0.2,DPD,DPD Paketzentrum in Lehrte,2,106.0,103.0
2.0,0.2,DPD,DPD Paketzentrum in Lehrte,3,106.0,103.0
2.0,0.2,DPD,DPD Paketzentrum in Lehrte,4,92.0,86.0
2.0,0.2,DPD,DPD Paketzentrum in Lehrte,5,70.0,86.0
2.0,0.2,FedEx,FedEx Station - Heinz-Peter-Piper Str.,0,86.0,83.0
2.0,0.2,FedEx,FedEx Station - Heinz-Peter-Piper Str.,1,84.0,86.0
2.0,0.2,FedEx,FedEx Station - Heinz-Peter-Piper Str.,2,101.0,93.0
2.0,0.2,FedEx,FedEx Station - Heinz-Peter-Piper Str.,3,85.0,92.0
2.0,0.2,FedEx,FedEx Station - Heinz-Peter-Piper Str.,4,87.0,79.0
2.0,0.2,FedEx,FedEx Station - Heinz-Peter-Piper Str.,5,66.0,77.0
2.0,0.2,GLS,GLS in Hannover Laatzen,0,80.0,81.0
2.0,0.2,GLS,GLS in Hannover Laatzen,1,81.0,82.0
2.0,0.2,GLS,GLS in Hannover Laatzen,2,87.0,89.0
2.0,0.2,GLS,GLS in Hannover Laatzen,3,95.0,89.0
2.0,0.2,GLS,GLS in Hannover Laatzen,4,76.0,77.0
2.0,0.2,GLS,GLS in Hannover Laatzen,5,63.0,76.0
2.0,0.2,Hermes,Hermes LC Hannover Langenhagen,0,110.0,110.0
2.0,0.2,Hermes,Hermes LC Hannover Langenhagen,1,117.0,119.0
2.0,0.2,Hermes,Hermes LC Hannover Langenhagen,2,127.0,123.0
2.0,0.2,Hermes,Hermes LC Hannover Langenhagen,3,121.0,123.0
2.0,0.2,Hermes,Hermes LC Hannover Langenhagen,4,108.0,108.0
2.0,0.2,Hermes,Hermes LC Hannover Langenhagen,5,78.0,96.0
2.0,0.2,UPS,UPS Depot Hannover,0,94.0,99.0
2.0,0.2,UPS,UPS Depot Hannover,1,115.0,111.0
2.0,0.2,UPS,UPS Depot Hannover,2,111.0,113.0
2.0,0.2,UPS,UPS Depot Hannover,3,119.0,112.0
2.0,0.2,UPS,UPS Depot Hannover,4,92.0,90.0
2.0,0.2,UPS,UPS Depot Hannover,5,81.0,90.0
2.0,0.3,DHL,Brief- und Logistikzentrum in Pattensen (Hannover),0,26.0,26.0
2.0,0.3,DHL,Brief- und Logistikzentrum in Pattensen (Hannover),1,27.0,27.0
2.0,0.3,DHL,Brief- und Logistikzentrum in Pattensen (Hannover),2,28.0,28.0
2.0,0.3,DHL,Brief- und Logistikzentrum in Pattensen (Hannover),3,27.0,27.0
2.0,0.3,DHL,Brief- und Logistikzentrum in Pattensen (Hannover),4,24.0,24.0
2.0,0.3,DHL,Brief- und Logistikzentrum in Pattensen (Hannover),5,18.0,18.0
2.0,0.3,DHL,"Deutsche Post, Bantorf",0,10.0,10.0
2.0,0.3,DHL,"Deutsche Post, Bantorf",1,11.0,11.0
2.0,0.3,DHL,"Deutsche Post, Bantorf",2,13.0,13.0
2.0,0.3,DHL,"Deutsche Post, Bantorf",3,12.0,12.0
2.0,0.3,DHL,"Deutsche Post, Bantorf",4,10.0,10.0
2.0,0.3,DHL,"Deutsche Post, Bantorf",5,8.0,8.0
2.0,0.3,DHL,"Deutsche Post, Bissendorf",0,44.0,44.0
2.0,0.3,DHL,"Deutsche Post, Bissendorf",1,48.0,48.0
2.0,0.3,DHL,"Deutsche Post, Bissendorf",2,53.0,53.0
2.0,0.3,DHL,"Deutsche Post, Bissendorf",3,49.0,49.0
2.0,0.3,DHL,"Deutsche Post, Bissendorf",4,41.0,41.0
2.0,0.3,DHL,"Deutsche Post, Bissendorf",5,32.0,32.0
2.0,0.3,DHL,"Deutsche Post, Burgdorf",0,10.0,10.0
2.0,0.3,DHL,"Deutsche Post, Burgdorf",1,10.0,10.0
2.0,0.3,DHL,"Deutsche Post, Burgdorf",2,12.0,12.0
2.0,0.3,DHL,"Deutsche Post, Burgdorf",3,11.0,11.0
2.0,0.3,DHL,"Deutsche Post, Burgdorf",4,9.0,9.0
2.0,0.3,DHL,"Deutsche Post, Burgdorf",5,7.0,7.0
2.0,0.3,DHL,"Deutsche Post, Garbsen",0,12.0,12.0
2.0,0.3,DHL,"Deutsche Post, Garbsen",1,13.0,13.0
2.0,0.3,DHL,"Deutsche Post, Garbsen",2,15.0,15.0
2.0,0.3,DHL,"Deutsche Post, Garbsen",3,15.0,15.0
2.0,0.3,DHL,"Deutsche Post, Garbsen",4,12.0,12.0
2.0,0.3,DHL,"Deutsche Post, Garbsen",5,10.0,10.0
2.0,0.3,DHL,"Deutsche Post, Lehrte",0,14.0,14.0
2.0,0.3,DHL,"Deutsche Post, Lehrte",1,15.0,15.0
2.0,0.3,DHL,"Deutsche Post, Lehrte",2,17.0,17.0
2.0,0.3,DHL,"Deutsche Post, Lehrte",3,15.0,15.0
2.0,0.3,DHL,"Deutsche Post, Lehrte",4,13.0,13.0
2.0,0.3,DHL,"Deutsche Post, Lehrte",5,10.0,10.0
2.0,0.3,DHL,"Deutsche Post, Neustadt",0,13.0,13.0
2.0,0.3,DHL,"Deutsche Post, Neustadt",1,15.0,15.0
2.0,0.3,DHL,"Deutsche Post, Neustadt",2,16.0,16.0
2.0,0.3,DHL,"Deutsche Post, Neustadt",3,15.0,15.0
2.0,0.3,DHL,"Deutsche Post, Neustadt",4,13.0,13.0
2.0,0.3,DHL,"Deutsche Post, Neustadt",5,10.0,10.0
2.0,0.3,DHL,"Deutsche Post, Springe",0,9.0,9.0
2.0,0.3,DHL,"Deutsche Post, Springe",1,9.0,9.0
2.0,0.3,DHL,"Deutsche Post, Springe",2,11.0,11.0
2.0,0.3,DHL,"Deutsche Post, Springe",3,10.0,10.0
2.0,0.3,DHL,"Deutsche Post, Springe",4,9.0,9.0
2.0,0.3,DHL,"Deutsche Post, Springe",5,7.0,7.0
2.0,0.3,DHL,"Deutsche Post, Wunstorf",0,15.0,15.0
2.0,0.3,DHL,"Deutsche Post, Wunstorf",1,15.0,15.0
2.0,0.3,DHL,"Deutsche Post, Wunstorf",2,16.0,16.0
2.0,0.3,DHL,"Deutsche Post, Wunstorf",3,16.0,16.0
2.0,0.3,DHL,"Deutsche Post, Wunstorf",4,14.0,14.0
2.0,0.3,DHL,"Deutsche Post, Wunstorf",5,11.0,11.0
2.0,0.3,DHL,Dummy Seelze,0,17.0,17.0
2.0,0.3,DHL,Dummy Seelze,1,19.0,19.0
2.0,0.3,DHL,Dummy Seelze,2,21.0,21.0
2.0,0.3,DHL,Dummy Seelze,3,20.0,20.0
2.0,0.3,DHL,Dummy Seelze,4,17.0,17.0
2.0,0.3,DHL,Dummy Seelze,5,13.0,13.0
2.0,0.3,DHL,Dummy Sehnde,0,9.0,9.0
2.0,0.3,DHL,Dummy Sehnde,1,9.0,9.0
2.0,0.3,DHL,Dummy Sehnde,2,10.0,10.0
2.0,0.3,DHL,Dummy Sehnde,3,9.0,9.0
2.0,0.3,DHL,Dummy Sehnde,4,8.0,8.0
2.0,0.3,DHL,Dummy Sehnde,5,6.0,6.0
2.0,0.3,DHL,Dummy Uetze,0,7.0,7.0
2.0,0.3,DHL,Dummy Uetze,1,7.0,7.0
2.0,0.3,DHL,Dummy Uetze,2,7.0,7.0
2.0,0.3,DHL,Dummy Uetze,3,8.0,8.0
2.0,0.3,DHL,Dummy Uetze,4,6.0,6.0
2.0,0.3,DHL,Dummy Uetze,5,5.0,5.0
2.0,0.3,DHL,Dummy Wennigsen,0,11.0,11.0
2.0,0.3,DHL,Dummy Wennigsen,1,12.0,12.0
2.0,0.3,DHL,Dummy Wennigsen,2,12.0,12.0
2.0,0.3,DHL,Dummy Wennigsen,3,12.0,12.0
2.0,0.3,DHL,Dummy Wennigsen,4,10.0,10.0
2.0,0.3,DHL,Dummy Wennigsen,5,8.0,8.0
2.0,0.3,DHL,Paketzentrum / Zustellbasis Anderten,0,40.0,40.0
2.0,0.3,DHL,Paketzentrum / Zustellbasis Anderten,1,44.0,44.0
2.0,0.3,DHL,Paketzentrum / Zustellbasis Anderten,2,47.0,47.0
2.0,0.3,DHL,Paketzentrum / Zustellbasis Anderten,3,44.0,44.0
2.0,0.3,DHL,Paketzentrum / Zustellbasis Anderten,4,39.0,39.0
2.0,0.3,DHL,Paketzentrum / Zustellbasis Anderten,5,31.0,31.0
2.0,0.3,DHL,Zustellbasis Hannover am Güterbahnhof,0,102.0,102.0
2.0,0.3,DHL,Zustellbasis Hannover am Güterbahnhof,1,107.0,107.0
2.0,0.3,DHL,Zustellbasis Hannover am Güterbahnhof,2,122.0,122.0
2.0,0.3,DHL,Zustellbasis Hannover am Güterbahnhof,3,115.0,115.0
2.0,0.3,DHL,Zustellbasis Hannover am Güterbahnhof,4,97.0,97.0
2.0,0.3,DHL,Zustellbasis Hannover am Güterbahnhof,5,75.0,75.0
2.0,0.3,DHL,Zustellbasis Hannover-Süd,0,55.0,55.0
2.0,0.3,DHL,Zustellbasis Hannover-Süd,1,58.0,58.0
2.0,0.3,DHL,Zustellbasis Hannover-Süd,2,67.0,67.0
2.0,0.3,DHL,Zustellbasis Hannover-Süd,3,64.0,64.0
2.0,0.3,DHL,Zustellbasis Hannover-Süd,4,52.0,52.0
2.0,0.3,DHL,Zustellbasis Hannover-Süd,5,41.0,41.0
2.0,0.3,Amazon,Amazon Logistics HAJ8 in Garbsen,0,177.0,185.0
2.0,0.3,Amazon,Amazon Logistics HAJ8 in Garbsen,1,196.0,196.0
2.0,0.3,Amazon,Amazon Logistics HAJ8 in Garbsen,2,211.0,208.0
2.0,0.3,Amazon,Amazon Logistics HAJ8 in Garbsen,3,208.0,207.0
2.0,0.3,Amazon,Amazon Logistics HAJ8 in Garbsen,4,171.0,164.0
2.0,0.3,Amazon,Amazon Logistics HAJ8 in Garbsen,5,135.0,162.0
2.0,0.3,DPD,DPD Paketzentrum in Lehrte,0,87.0,89.0
2.0,0.3,DPD,DPD Paketzentrum in Lehrte,1,94.0,96.0
2.0,0.3,DPD,DPD Paketzentrum in Lehrte,2,105.0,104.0
2.0,0.3,DPD,DPD Paketzentrum in Lehrte,3,103.0,104.0
2.0,0.3,DPD,DPD Paketzentrum in Lehrte,4,93.0,82.0
2.0,0.3,DPD,DPD Paketzentrum in Lehrte,5,70.0,82.0
2.0,0.3,FedEx,FedEx Station - Heinz-Peter-Piper Str.,0,82.0,82.0
2.0,0.3,FedEx,FedEx Station - Heinz-Peter-Piper Str.,1,91.0,88.0
2.0,0.3,FedEx,FedEx Station - Heinz-Peter-Piper Str.,2,93.0,94.0
2.0,0.3,FedEx,FedEx Station - Heinz-Peter-Piper Str.,3,94.0,91.0
2.0,0.3,FedEx,FedEx Station - Heinz-Peter-Piper Str.,4,80.0,80.0
2.0,0.3,FedEx,FedEx Station - Heinz-Peter-Piper Str.,5,69.0,74.0
2.0,0.3,GLS,GLS in Hannover Laatzen,0,76.0,77.0
2.0,0.3,GLS,GLS in Hannover Laatzen,1,80.0,81.0
2.0,0.3,GLS,GLS in Hannover Laatzen,2,89.0,88.0
2.0,0.3,GLS,GLS in Hannover Laatzen,3,92.0,88.0
2.0,0.3,GLS,GLS in Hannover Laatzen,4,75.0,74.0
2.0,0.3,GLS,GLS in Hannover Laatzen,5,62.0,74.0
2.0,0.3,Hermes,Hermes LC Hannover Langenhagen,0,105.0,112.0
2.0,0.3,Hermes,Hermes LC Hannover Langenhagen,1,116.0,115.0
2.0,0.3,Hermes,Hermes LC Hannover Langenhagen,2,124.0,122.0
2.0,0.3,Hermes,Hermes LC Hannover Langenhagen,3,123.0,121.0
2.0,0.3,Hermes,Hermes LC Hannover Langenhagen,4,103.0,98.0
2.0,0.3,Hermes,Hermes LC Hannover Langenhagen,5,80.0,98.0
2.0,0.3,UPS,UPS Depot Hannover,0,99.0,99.0
2.0,0.3,UPS,UPS Depot Hannover,1,112.0,110.0
2.0,0.3,UPS,UPS Depot Hannover,2,112.0,115.0
2.0,0.3,UPS,UPS Depot Hannover,3,119.0,111.0
2.0,0.3,UPS,UPS Depot Hannover,4,91.0,90.0
2.0,0.3,UPS,UPS Depot Hannover,5,82.0,90.0
2.0,0.4,DHL,Brief- und Logistikzentrum in Pattensen (Hannover),0,26.0,26.0
2.0,0.4,DHL,Brief- und Logistikzentrum in Pattensen (Hannover),1,27.0,27.0
2.0,0.4,DHL,Brief- und Logistikzentrum in Pattensen (Hannover),2,28.0,28.0
2.0,0.4,DHL,Brief- und Logistikzentrum in Pattensen (Hannover),3,27.0,27.0
2.0,0.4,DHL,Brief- und Logistikzentrum in Pattensen (Hannover),4,24.0,24.0
2.0,0.4,DHL,Brief- und Logistikzentrum in Pattensen (Hannover),5,18.0,18.0
2.0,0.4,DHL,"Deutsche Post, Bantorf",0,10.0,10.0
2.0,0.4,DHL,"Deutsche Post, Bantorf",1,11.0,11.0
2.0,0.4,DHL,"Deutsche Post, Bantorf",2,13.0,13.0
2.0,0.4,DHL,"Deutsche Post, Bantorf",3,12.0,12.0
2.0,0.4,DHL,"Deutsche Post, Bantorf",4,10.0,10.0
2.0,0.4,DHL,"Deutsche Post, Bantorf",5,8.0,8.0
2.0,0.4,DHL,"Deutsche Post, Bissendorf",0,44.0,44.0
2.0,0.4,DHL,"Deutsche Post, Bissendorf",1,48.0,48.0
2.0,0.4,DHL,"Deutsche Post, Bissendorf",2,53.0,53.0
2.0,0.4,DHL,"Deutsche Post, Bissendorf",3,49.0,49.0
2.0,0.4,DHL,"Deutsche Post, Bissendorf",4,41.0,41.0
2.0,0.4,DHL,"Deutsche Post, Bissendorf",5,32.0,32.0
2.0,0.4,DHL,"Deutsche Post, Burgdorf",0,10.0,10.0
2.0,0.4,DHL,"Deutsche Post, Burgdorf",1,10.0,10.0
2.0,0.4,DHL,"Deutsche Post, Burgdorf",2,12.0,12.0
2.0,0.4,DHL,"Deutsche Post, Burgdorf",3,11.0,11.0
2.0,0.4,DHL,"Deutsche Post, Burgdorf",4,9.0,9.0
2.0,0.4,DHL,"Deutsche Post, Burgdorf",5,7.0,7.0
2.0,0.4,DHL,"Deutsche Post, Garbsen",0,12.0,12.0
2.0,0.4,DHL,"Deutsche Post, Garbsen",1,13.0,13.0
2.0,0.4,DHL,"Deutsche Post, Garbsen",2,15.0,15.0
2.0,0.4,DHL,"Deutsche Post, Garbsen",3,15.0,15.0
2.0,0.4,DHL,"Deutsche Post, Garbsen",4,12.0,12.0
2.0,0.4,DHL,"Deutsche Post, Garbsen",5,10.0,10.0
2.0,0.4,DHL,"Deutsche Post, Lehrte",0,14.0,14.0
2.0,0.4,DHL,"Deutsche Post, Lehrte",1,15.0,15.0
2.0,0.4,DHL,"Deutsche Post, Lehrte",2,17.0,17.0
2.0,0.4,DHL,"Deutsche Post, Lehrte",3,15.0,15.0
2.0,0.4,DHL,"Deutsche Post, Lehrte",4,13.0,13.0
2.0,0.4,DHL,"Deutsche Post, Lehrte",5,10.0,10.0
2.0,0.4,DHL,"Deutsche Post, Neustadt",0,13.0,13.0
2.0,0.4,DHL,"Deutsche Post, Neustadt",1,15.0,15.0
2.0,0.4,DHL,"Deutsche Post, Neustadt",2,16.0,16.0
2.0,0.4,DHL,"Deutsche Post, Neustadt",3,15.0,15.0
2.0,0.4,DHL,"Deutsche Post, Neustadt",4,13.0,13.0
2.0,0.4,DHL,"Deutsche Post, Neustadt",5,10.0,10.0
2.0,0.4,DHL,"Deutsche Post, Springe",0,9.0,9.0
2.0,0.4,DHL,"Deutsche Post, Springe",1,9.0,9.0
2.0,0.4,DHL,"Deutsche Post, Springe",2,11.0,11.0
2.0,0.4,DHL,"Deutsche Post, Springe",3,10.0,10.0
2.0,0.4,DHL,"Deutsche Post, Springe",4,9.0,9.0
2.0,0.4,DHL,"Deutsche Post, Springe",5,7.0,7.0
2.0,0.4,DHL,"Deutsche Post, Wunstorf",0,15.0,15.0
2.0,0.4,DHL,"Deutsche Post, Wunstorf",1,15.0,15.0
2.0,0.4,DHL,"Deutsche Post, Wunstorf",2,16.0,16.0
2.0,0.4,DHL,"Deutsche Post, Wunstorf",3,16.0,16.0
2.0,0.4,DHL,"Deutsche Post, Wunstorf",4,14.0,14.0
2.0,0.4,DHL,"Deutsche Post, Wunstorf",5,11.0,11.0
2.0,0.4,DHL,Dummy Seelze,0,17.0,17.0
2.0,0.4,DHL,Dummy Seelze,1,19.0,19.0
2.0,0.4,DHL,Dummy Seelze,2,21.0,21.0
2.0,0.4,DHL,Dummy Seelze,3,20.0,20.0
2.0,0.4,DHL,Dummy Seelze,4,17.0,17.0
2.0,0.4,DHL,Dummy Seelze,5,13.0,13.0
2.0,0.4,DHL,Dummy Sehnde,0,9.0,9.0
2.0,0.4,DHL,Dummy Sehnde,1,9.0,9.0
2.0,0.4,DHL,Dummy Sehnde,2,10.0,10.0
2.0,0.4,DHL,Dummy Sehnde,3,9.0,9.0
2.0,0.4,DHL,Dummy Sehnde,4,8.0,8.0
2.0,0.4,DHL,Dummy Sehnde,5,6.0,6.0
2.0,0.4,DHL,Dummy Uetze,0,7.0,7.0
2.0,0.4,DHL,Dummy Uetze,1,7.0,7.0
2.0,0.4,DHL,Dummy Uetze,2,7.0,7.0
2.0,0.4,DHL,Dummy Uetze,3,8.0,8.0
2.0,0.4,DHL,Dummy Uetze,4,6.0,6.0
2.0,0.4,DHL,Dummy Uetze,5,5.0,5.0
2.0,0.4,DHL,Dummy Wennigsen,0,11.0,11.0
2.0,0.4,DHL,Dummy Wennigsen,1,12.0,12.0
2.0,0.4,DHL,Dummy Wennigsen,2,12.0,12.0
2.0,0.4,DHL,Dummy Wennigsen,3,12.0,12.0
2.0,0.4,DHL,Dummy Wennigsen,4,10.0,10.0
2.0,0.4,DHL,Dummy Wennigsen,5,8.0,8.0
2.0,0.4,DHL,Paketzentrum / Zustellbasis Anderten,0,40.0,40.0
2.0,0.4,DHL,Paketzentrum / Zustellbasis Anderten,1,44.0,44.0
2.0,0.4,DHL,Paketzentrum / Zustellbasis Anderten,2,47.0,47.0
2.0,0.4,DHL,Paketzentrum / Zustellbasis Anderten,3,44.0,44.0
2.0,0.4,DHL,Paketzentrum / Zustellbasis Anderten,4,39.0,39.0
2.0,0.4,DHL,Paketzentrum / Zustellbasis Anderten,5,31.0,31.0
2.0,0.4,DHL,Zustellbasis Hannover am Güterbahnhof,0,102.0,102.0
2.0,0.4,DHL,Zustellbasis Hannover am Güterbahnhof,1,107.0,107.0
2.0,0.4,DHL,Zustellbasis Hannover am Güterbahnhof,2,122.0,122.0
2.0,0.4,DHL,Zustellbasis Hannover am Güterbahnhof,3,115.0,115.0
2.0,0.4,DHL,Zustellbasis Hannover am Güterbahnhof,4,97.0,97.0
2.0,0.4,DHL,Zustellbasis Hannover am Güterbahnhof,5,75.0,75.0
2.0,0.4,DHL,Zustellbasis Hannover-Süd,0,55.0,55.0
2.0,0.4,DHL,Zustellbasis Hannover-Süd,1,58.0,58.0
2.0,0.4,DHL,Zustellbasis Hannover-Süd,2,67.0,67.0
2.0,0.4,DHL,Zustellbasis Hannover-Süd,3,64.0,64.0
2.0,0.4,DHL,Zustellbasis Hannover-Süd,4,52.0,52.0
2.0,0.4,DHL,Zustellbasis Hannover-Süd,5,41.0,41.0
2.0,0.4,Amazon,Amazon Logistics HAJ8 in Garbsen,0,182.0,188.0
2.0,0.4,Amazon,Amazon Logistics HAJ8 in Garbsen,1,202.0,200.0
2.0,0.4,Amazon,Amazon Logistics HAJ8 in Garbsen,2,215.0,211.0
2.0,0.4,Amazon,Amazon Logistics HAJ8 in Garbsen,3,202.0,210.0
2.0,0.4,Amazon,Amazon Logistics HAJ8 in Garbsen,4,177.0,166.0
2.0,0.4,Amazon,Amazon Logistics HAJ8 in Garbsen,5,136.0,149.0
2.0,0.4,DPD,DPD Paketzentrum in Lehrte,0,90.0,88.0
2.0,0.4,DPD,DPD Paketzentrum in Lehrte,1,95.0,100.0
2.0,0.4,DPD,DPD Paketzentrum in Lehrte,2,107.0,101.0
2.0,0.4,DPD,DPD Paketzentrum in Lehrte,3,99.0,101.0
2.0,0.4,DPD,DPD Paketzentrum in Lehrte,4,92.0,86.0
2.0,0.4,DPD,DPD Paketzentrum in Lehrte,5,72.0,86.0
2.0,0.4,FedEx,FedEx Station - Heinz-Peter-Piper Str.,0,85.0,84.0
2.0,0.4,FedEx,FedEx Station - Heinz-Peter-Piper Str.,1,87.0,87.0
2.0,0.4,FedEx,FedEx Station - Heinz-Peter-Piper Str.,2,98.0,96.0
2.0,0.4,FedEx,FedEx Station - Heinz-Peter-Piper Str.,3,90.0,88.0
2.0,0.4,FedEx,FedEx Station - Heinz-Peter-Piper Str.,4,83.0,79.0
2.0,0.4,FedEx,FedEx Station - Heinz-Peter-Piper Str.,5,67.0,79.0
2.0,0.4,GLS,GLS in Hannover Laatzen,0,77.0,79.0
2.0,0.4,GLS,GLS in Hannover Laatzen,1,83.0,81.0
2.0,0.4,GLS,GLS in Hannover Laatzen,2,83.0,86.0
2.0,0.4,GLS,GLS in Hannover Laatzen,3,90.0,86.0
2.0,0.4,GLS,GLS in Hannover Laatzen,4,77.0,75.0
2.0,0.4,GLS,GLS in Hannover Laatzen,5,63.0,75.0
2.0,0.4,Hermes,Hermes LC Hannover Langenhagen,0,106.0,108.0
2.0,0.4,Hermes,Hermes LC Hannover Langenhagen,1,109.0,117.0
2.0,0.4,Hermes,Hermes LC Hannover Langenhagen,2,122.0,118.0
2.0,0.4,Hermes,Hermes LC Hannover Langenhagen,3,117.0,118.0
2.0,0.4,Hermes,Hermes LC Hannover Langenhagen,4,106.0,100.0
2.0,0.4,Hermes,Hermes LC Hannover Langenhagen,5,85.0,100.0
2.0,0.4,UPS,UPS Depot Hannover,0,98.0,100.0
2.0,0.4,UPS,UPS Depot Hannover,1,112.0,108.0
2.0,0.4,UPS,UPS Depot Hannover,2,116.0,118.0
2.0,0.4,UPS,UPS Depot Hannover,3,116.0,109.0
2.0,0.4,UPS,UPS Depot Hannover,4,96.0,92.0
2.0,0.4,UPS,UPS Depot Hannover,5,79.0,92.0
2.0,0.5,DHL,Brief- und Logistikzentrum in Pattensen (Hannover),0,26.0,26.0
2.0,0.5,DHL,Brief- und Logistikzentrum in Pattensen (Hannover),1,27.0,27.0
2.0,0.5,DHL,Brief- und Logistikzentrum in Pattensen (Hannover),2,28.0,28.0
2.0,0.5,DHL,Brief- und Logistikzentrum in Pattensen (Hannover),3,27.0,27.0
2.0,0.5,DHL,Brief- und Logistikzentrum in Pattensen (Hannover),4,24.0,24.0
2.0,0.5,DHL,Brief- und Logistikzentrum in Pattensen (Hannover),5,18.0,18.0
2.0,0.5,DHL,"Deutsche Post, Bantorf",0,10.0,10.0
2.0,0.5,DHL,"Deutsche Post, Bantorf",1,11.0,11.0
2.0,0.5,DHL,"Deutsche Post, Bantorf",2,13.0,13.0
2.0,0.5,DHL,"Deutsche Post, Bantorf",3,12.0,12.0
2.0,0.5,DHL,"Deutsche Post, Bantorf",4,10.0,10.0
2.0,0.5,DHL,"Deutsche Post, Bantorf",5,8.0,8.0
2.0,0.5,DHL,"Deutsche Post, Bissendorf",0,44.0,44.0
2.0,0.5,DHL,"Deutsche Post, Bissendorf",1,48.0,48.0
2.0,0.5,DHL,"Deutsche Post, Bissendorf",2,53.0,53.0
2.0,0.5,DHL,"Deutsche Post, Bissendorf",3,49.0,49.0
2.0,0.5,DHL,"Deutsche Post, Bissendorf",4,41.0,41.0
2.0,0.5,DHL,"Deutsche Post, Bissendorf",5,32.0,32.0
2.0,0.5,DHL,"Deutsche Post, Burgdorf",0,10.0,10.0
2.0,0.5,DHL,"Deutsche Post, Burgdorf",1,10.0,10.0
2.0,0.5,DHL,"Deutsche Post, Burgdorf",2,12.0,12.0
2.0,0.5,DHL,"Deutsche Post, Burgdorf",3,11.0,11.0
2.0,0.5,DHL,"Deutsche Post, Burgdorf",4,9.0,9.0
2.0,0.5,DHL,"Deutsche Post, Burgdorf",5,7.0,7.0
2.0,0.5,DHL,"Deutsche Post, Garbsen",0,12.0,12.0
2.0,0.5,DHL,"Deutsche Post, Garbsen",1,13.0,13.0
2.0,0.5,DHL,"Deutsche Post, Garbsen",2,15.0,15.0
2.0,0.5,DHL,"Deutsche Post, Garbsen",3,15.0,15.0
2.0,0.5,DHL,"Deutsche Post, Garbsen",4,12.0,12.0
2.0,0.5,DHL,"Deutsche Post, Garbsen",5,10.0,10.0
2.0,0.5,DHL,"Deutsche Post, Lehrte",0,14.0,14.0
2.0,0.5,DHL,"Deutsche Post, Lehrte",1,15.0,15.0
2.0,0.5,DHL,"Deutsche Post, Lehrte",2,17.0,17.0
2.0,0.5,DHL,"Deutsche Post, Lehrte",3,15.0,15.0
2.0,0.5,DHL,"Deutsche Post, Lehrte",4,13.0,13.0
2.0,0.5,DHL,"Deutsche Post, Lehrte",5,10.0,10.0
2.0,0.5,DHL,"Deutsche Post, Neustadt",0,13.0,13.0
2.0,0.5,DHL,"Deutsche Post, Neustadt",1,15.0,15.0
2.0,0.5,DHL,"Deutsche Post, Neustadt",2,16.0,16.0
2.0,0.5,DHL,"Deutsche Post, Neustadt",3,15.0,15.0
2.0,0.5,DHL,"Deutsche Post, Neustadt",4,13.0,13.0
2.0,0.5,DHL,"Deutsche Post, Neustadt",5,10.0,10.0
2.0,0.5,DHL,"Deutsche Post, Springe",0,9.0,9.0
2.0,0.5,DHL,"Deutsche Post, Springe",1,9.0,9.0
2.0,0.5,DHL,"Deutsche Post, Springe",2,11.0,11.0
2.0,0.5,DHL,"Deutsche Post, Springe",3,10.0,10.0
2.0,0.5,DHL,"Deutsche Post, Springe",4,9.0,9.0
2.0,0.5,DHL,"Deutsche Post, Springe",5,7.0,7.0
2.0,0.5,DHL,"Deutsche Post, Wunstorf",0,15.0,15.0
2.0,0.5,DHL,"Deutsche Post, Wunstorf",1,15.0,15.0
2.0,0.5,DHL,"Deutsche Post, Wunstorf",2,16.0,16.0
2.0,0.5,DHL,"Deutsche Post, Wunstorf",3,16.0,16.0
2.0,0.5,DHL,"Deutsche Post, Wunstorf",4,14.0,14.0
2.0,0.5,DHL,"Deutsche Post, Wunstorf",5,11.0,11.0
2.0,0.5,DHL,Dummy Seelze,0,17.0,17.0
2.0,0.5,DHL,Dummy Seelze,1,19.0,19.0
2.0,0.5,DHL,Dummy Seelze,2,21.0,21.0
2.0,0.5,DHL,Dummy Seelze,3,20.0,20.0
2.0,0.5,DHL,Dummy Seelze,4,17.0,17.0
2.0,0.5,DHL,Dummy Seelze,5,13.0,13.0
2.0,0.5,DHL,Dummy Sehnde,0,9.0,9.0
2.0,0.5,DHL,Dummy Sehnde,1,9.0,9.0
2.0,0.5,DHL,Dummy Sehnde,2,10.0,10.0
2.0,0.5,DHL,Dummy Sehnde,3,9.0,9.0
2.0,0.5,DHL,Dummy Sehnde,4,8.0,8.0
2.0,0.5,DHL,Dummy Sehnde,5,6.0,6.0
2.0,0.5,DHL,Dummy Uetze,0,7.0,7.0
2.0,0.5,DHL,Dummy Uetze,1,7.0,7.0
2.0,0.5,DHL,Dummy Uetze,2,7.0,7.0
2.0,0.5,DHL,Dummy Uetze,3,8.0,8.0
2.0,0.5,DHL,Dummy Uetze,4,6.0,6.0
2.0,0.5,DHL,Dummy Uetze,5,5.0,5.0
2.0,0.5,DHL,Dummy Wennigsen,0,11.0,11.0
2.0,0.5,DHL,Dummy Wennigsen,1,12.0,12.0
2.0,0.5,DHL,Dummy Wennigsen,2,12.0,12.0
2.0,0.5,DHL,Dummy Wennigsen,3,12.0,12.0
2.0,0.5,DHL,Dummy Wennigsen,4,10.0,10.0
2.0,0.5,DHL,Dummy Wennigsen,5,8.0,8.0
2.0,0.5,DHL,Paketzentrum / Zustellbasis Anderten,0,40.0,40.0
2.0,0.5,DHL,Paketzentrum / Zustellbasis Anderten,1,44.0,44.0
2.0,0.5,DHL,Paketzentrum / Zustellbasis Anderten,2,47.0,47.0
2.0,0.5,DHL,Paketzentrum / Zustellbasis Anderten,3,44.0,44.0
2.0,0.5,DHL,Paketzentrum / Zustellbasis Anderten,4,39.0,39.0
2.0,0.5,DHL,Paketzentrum / Zustellbasis Anderten,5,31.0,31.0
2.0,0.5,DHL,Zustellbasis Hannover am Güterbahnhof,0,102.0,102.0
2.0,0.5,DHL,Zustellbasis Hannover am Güterbahnhof,1,107.0,107.0
2.0,0.5,DHL,Zustellbasis Hannover am Güterbahnhof,2,122.0,122.0
2.0,0.5,DHL,Zustellbasis Hannover am Güterbahnhof,3,115.0,115.0
2.0,0.5,DHL,Zustellbasis Hannover am Güterbahnhof,4,97.0,97.0
2.0,0.5,DHL,Zustellbasis Hannover am Güterbahnhof,5,75.0,75.0
2.0,0.5,DHL,Zustellbasis Hannover-Süd,0,55.0,55.0
2.0,0.5,DHL,Zustellbasis Hannover-Süd,1,58.0,58.0
2.0,0.5,DHL,Zustellbasis Hannover-Süd,2,67.0,67.0
2.0,0.5,DHL,Zustellbasis Hannover-Süd,3,64.0,64.0
2.0,0.5,DHL,Zustellbasis Hannover-Süd,4,52.0,52.0
2.0,0.5,DHL,Zustellbasis Hannover-Süd,5,41.0,41.0
2.0,0.5,Amazon,Amazon Logistics HAJ8 in Garbsen,0,189.0,189.0
2.0,0.5,Amazon,Amazon Logistics HAJ8 in Garbsen,1,200.0,200.0
2.0,0.5,Amazon,Amazon Logistics HAJ8 in Garbsen,2,217.0,217.0
2.0,0.5,Amazon,Amazon Logistics HAJ8 in Garbsen,3,209.0,209.0
2.0,0.5,Amazon,Amazon Logistics HAJ8 in Garbsen,4,176.0,176.0
2.0,0.5,Amazon,Amazon Logistics HAJ8 in Garbsen,5,138.0,138.0
2.0,0.5,DPD,DPD Paketzentrum in Lehrte,0,82.0,89.0
2.0,0.5,DPD,DPD Paketzentrum in Lehrte,1,107.0,105.0
2.0,0.5,DPD,DPD Paketzentrum in Lehrte,2,101.0,105.0
2.0,0.5,DPD,DPD Paketzentrum in Lehrte,3,107.0,105.0
2.0,0.5,DPD,DPD Paketzentrum in Lehrte,4,94.0,86.0
2.0,0.5,DPD,DPD Paketzentrum in Lehrte,5,72.0,86.0
2.0,0.5,FedEx,FedEx Station - Heinz-Peter-Piper Str.,0,84.0,84.0
2.0,0.5,FedEx,FedEx Station - Heinz-Peter-Piper Str.,1,86.0,86.0
2.0,0.5,FedEx,FedEx Station - Heinz-Peter-Piper Str.,2,93.0,94.0
2.0,0.5,FedEx,FedEx Station - Heinz-Peter-Piper Str.,3,96.0,92.0
2.0,0.5,FedEx,FedEx Station - Heinz-Peter-Piper Str.,4,80.0,80.0
2.0,0.5,FedEx,FedEx Station - Heinz-Peter-Piper Str.,5,69.0,74.0
2.0,0.5,GLS,GLS in Hannover Laatzen,0,73.0,78.0
2.0,0.5,GLS,GLS in Hannover Laatzen,1,88.0,84.0
2.0,0.5,GLS,GLS in Hannover Laatzen,2,84.0,85.0
2.0,0.5,GLS,GLS in Hannover Laatzen,3,88.0,85.0
2.0,0.5,GLS,GLS in Hannover Laatzen,4,78.0,73.0
2.0,0.5,GLS,GLS in Hannover Laatzen,5,65.0,73.0
2.0,0.5,Hermes,Hermes LC Hannover Langenhagen,0,101.0,113.0
2.0,0.5,Hermes,Hermes LC Hannover Langenhagen,1,121.0,119.0
2.0,0.5,Hermes,Hermes LC Hannover Langenhagen,2,118.0,119.0
2.0,0.5,Hermes,Hermes LC Hannover Langenhagen,3,114.0,117.0
2.0,0.5,Hermes,Hermes LC Hannover Langenhagen,4,115.0,98.0
2.0,0.5,Hermes,Hermes LC Hannover Langenhagen,5,79.0,98.0
2.0,0.5,UPS,UPS Depot Hannover,0,102.0,100.0
2.0,0.5,UPS,UPS Depot Hannover,1,108.0,108.0
2.0,0.5,UPS,UPS Depot Hannover,2,121.0,116.0
2.0,0.5,UPS,UPS Depot Hannover,3,112.0,115.0
2.0,0.5,UPS,UPS Depot Hannover,4,100.0,92.0
2.0,0.5,UPS,UPS Depot Hannover,5,77.0,90.0
2.0,0.6,DHL,Brief- und Logistikzentrum in Pattensen (Hannover),0,26.0,26.0
2.0,0.6,DHL,Brief- und Logistikzentrum in Pattensen (Hannover),1,27.0,27.0
2.0,0.6,DHL,Brief- und Logistikzentrum in Pattensen (Hannover),2,28.0,28.0
2.0,0.6,DHL,Brief- und Logistikzentrum in Pattensen (Hannover),3,27.0,27.0
2.0,0.6,DHL,Brief- und Logistikzentrum in Pattensen (Hannover),4,24.0,24.0
2.0,0.6,DHL,Brief- und Logistikzentrum in Pattensen (Hannover),5,18.0,18.0
2.0,0.6,DHL,"Deutsche Post, Bantorf",0,10.0,10.0
2.0,0.6,DHL,"Deutsche Post, Bantorf",1,11.0,11.0
2.0,0.6,DHL,"Deutsche Post, Bantorf",2,13.0,13.0
2.0,0.6,DHL,"Deutsche Post, Bantorf",3,12.0,12.0
2.0,0.6,DHL,"Deutsche Post, Bantorf",4,10.0,10.0
2.0,0.6,DHL,"Deutsche Post, Bantorf",5,8.0,8.0
2.0,0.6,DHL,"Deutsche Post, Bissendorf",0,44.0,44.0
2.0,0.6,DHL,"Deutsche Post, Bissendorf",1,48.0,48.0
2.0,0.6,DHL,"Deutsche Post, Bissendorf",2,53.0,53.0
2.0,0.6,DHL,"Deutsche Post, Bissendorf",3,49.0,49.0
2.0,0.6,DHL,"Deutsche Post, Bissendorf",4,41.0,41.0
2.0,0.6,DHL,"Deutsche Post, Bissendorf",5,32.0,32.0
2.0,0.6,DHL,"Deutsche Post, Burgdorf",0,10.0,10.0
2.0,0.6,DHL,"Deutsche Post, Burgdorf",1,10.0,10.0
2.0,0.6,DHL,"Deutsche Post, Burgdorf",2,12.0,12.0
2.0,0.6,DHL,"Deutsche Post, Burgdorf",3,11.0,11.0
2.0,0.6,DHL,"Deutsche Post, Burgdorf",4,9.0,9.0
2.0,0.6,DHL,"Deutsche Post, Burgdorf",5,7.0,7.0
2.0,0.6,DHL,"Deutsche Post, Garbsen",0,12.0,12.0
2.0,0.6,DHL,"Deutsche Post, Garbsen",1,13.0,13.0
2.0,0.6,DHL,"Deutsche Post, Garbsen",2,15.0,15.0
2.0,0.6,DHL,"Deutsche Post, Garbsen",3,15.0,15.0
2.0,0.6,DHL,"Deutsche Post, Garbsen",4,12.0,12.0
2.0,0.6,DHL,"Deutsche Post, Garbsen",5,10.0,10.0
2.0,0.6,DHL,"Deutsche Post, Lehrte",0,14.0,14.0
2.0,0.6,DHL,"Deutsche Post, Lehrte",1,15.0,15.0
2.0,0.6,DHL,"Deutsche Post, Lehrte",2,17.0,17.0
2.0,0.6,DHL,"Deutsche Post, Lehrte",3,15.0,15.0
2.0,0.6,DHL,"Deutsche Post, Lehrte",4,13.0,13.0
2.0,0.6,DHL,"Deutsche Post, Lehrte",5,10.0,10.0
2.0,0.6,DHL,"Deutsche Post, Neustadt",0,13.0,13.0
2.0,0.6,DHL,"Deutsche Post, Neustadt",1,15.0,15.0
2.0,0.6,DHL,"Deutsche Post, Neustadt",2,16.0,16.0
2.0,0.6,DHL,"Deutsche Post, Neustadt",3,15.0,15.0
2.0,0.6,DHL,"Deutsche Post, Neustadt",4,13.0,13.0
2.0,0.6,DHL,"Deutsche Post, Neustadt",5,10.0,10.0
2.0,0.6,DHL,"Deutsche Post, Springe",0,9.0,9.0
2.0,0.6,DHL,"Deutsche Post, Springe",1,9.0,9.0
2.0,0.6,DHL,"Deutsche Post, Springe",2,11.0,11.0
2.0,0.6,DHL,"Deutsche Post, Springe",3,10.0,10.0
2.0,0.6,DHL,"Deutsche Post, Springe",4,9.0,9.0
2.0,0.6,DHL,"Deutsche Post, Springe",5,7.0,7.0
2.0,0.6,DHL,"Deutsche Post, Wunstorf",0,15.0,15.0
2.0,0.6,DHL,"Deutsche Post, Wunstorf",1,15.0,15.0
2.0,0.6,DHL,"Deutsche Post, Wunstorf",2,16.0,16.0
2.0,0.6,DHL,"Deutsche Post, Wunstorf",3,16.0,16.0
2.0,0.6,DHL,"Deutsche Post, Wunstorf",4,14.0,14.0
2.0,0.6,DHL,"Deutsche Post, Wunstorf",5,11.0,11.0
2.0,0.6,DHL,Dummy Seelze,0,17.0,17.0
2.0,0.6,DHL,Dummy Seelze,1,19.0,19.0
2.0,0.6,DHL,Dummy Seelze,2,21.0,21.0
2.0,0.6,DHL,Dummy Seelze,3,20.0,20.0
2.0,0.6,DHL,Dummy Seelze,4,17.0,17.0
2.0,0.6,DHL,Dummy Seelze,5,13.0,13.0
2.0,0.6,DHL,Dummy Sehnde,0,9.0,9.0
2.0,0.6,DHL,Dummy Sehnde,1,9.0,9.0
2.0,0.6,DHL,Dummy Sehnde,2,10.0,10.0
2.0,0.6,DHL,Dummy Sehnde,3,9.0,9.0
2.0,0.6,DHL,Dummy Sehnde,4,8.0,8.0
2.0,0.6,DHL,Dummy Sehnde,5,6.0,6.0
2.0,0.6,DHL,Dummy Uetze,0,7.0,7.0
2.0,0.6,DHL,Dummy Uetze,1,7.0,7.0
2.0,0.6,DHL,Dummy Uetze,2,7.0,7.0
2.0,0.6,DHL,Dummy Uetze,3,8.0,8.0
2.0,0.6,DHL,Dummy Uetze,4,6.0,6.0
2.0,0.6,DHL,Dummy Uetze,5,5.0,5.0
2.0,0.6,DHL,Dummy Wennigsen,0,11.0,11.0
2.0,0.6,DHL,Dummy Wennigsen,1,12.0,12.0
2.0,0.6,DHL,Dummy Wennigsen,2,12.0,12.0
2.0,0.6,DHL,Dummy Wennigsen,3,12.0,12.0
2.0,0.6,DHL,Dummy Wennigsen,4,10.0,10.0
2.0,0.6,DHL,Dummy Wennigsen,5,8.0,8.0
2.0,0.6,DHL,Paketzentrum / Zustellbasis Anderten,0,40.0,40.0
2.0,0.6,DHL,Paketzentrum / Zustellbasis Anderten,1,44.0,44.0
2.0,0.6,DHL,Paketzentrum / Zustellbasis Anderten,2,47.0,47.0
2.0,0.6,DHL,Paketzentrum / Zustellbasis Anderten,3,44.0,44.0
2.0,0.6,DHL,Paketzentrum / Zustellbasis Anderten,4,39.0,39.0
2.0,0.6,DHL,Paketzentrum / Zustellbasis Anderten,5,31.0,31.0
2.0,0.6,DHL,Zustellbasis Hannover am Güterbahnhof,0,102.0,102.0
2.0,0.6,DHL,Zustellbasis Hannover am Güterbahnhof,1,107.0,107.0
2.0,0.6,DHL,Zustellbasis Hannover am Güterbahnhof,2,122.0,122.0
2.0,0.6,DHL,Zustellbasis Hannover am Güterbahnhof,3,115.0,115.0
2.0,0.6,DHL,Zustellbasis Hannover am Güterbahnhof,4,97.0,97.0
2.0,0.6,DHL,Zustellbasis Hannover am Güterbahnhof,5,75.0,75.0
2.0,0.6,DHL,Zustellbasis Hannover-Süd,0,55.0,55.0
2.0,0.6,DHL,Zustellbasis Hannover-Süd,1,58.0,58.0
2.0,0.6,DHL,Zustellbasis Hannover-Süd,2,67.0,67.0
2.0,0.6,DHL,Zustellbasis Hannover-Süd,3,64.0,64.0
2.0,0.6,DHL,Zustellbasis Hannover-Süd,4,52.0,52.0
2.0,0.6,DHL,Zustellbasis Hannover-Süd,5,41.0,41.0
2.0,0.6,Amazon,Amazon Logistics HAJ8 in Garbsen,0,189.0,189.0
2.0,0.6,Amazon,Amazon Logistics HAJ8 in Garbsen,1,200.0,200.0
2.0,0.6,Amazon,Amazon Logistics HAJ8 in Garbsen,2,217.0,217.0
2.0,0.6,Amazon,Amazon Logistics HAJ8 in Garbsen,3,209.0,209.0
2.0,0.6,Amazon,Amazon Logistics HAJ8 in Garbsen,4,176.0,176.0
2.0,0.6,Amazon,Amazon Logistics HAJ8 in Garbsen,5,138.0,138.0
2.0,0.6,DPD,DPD Paketzentrum in Lehrte,0,90.0,92.0
2.0,0.6,DPD,DPD Paketzentrum in Lehrte,1,98.0,104.0
2.0,0.6,DPD,DPD Paketzentrum in Lehrte,2,112.0,107.0
2.0,0.6,DPD,DPD Paketzentrum in Lehrte,3,103.0,107.0
2.0,0.6,DPD,DPD Paketzentrum in Lehrte,4,96.0,86.0
2.0,0.6,DPD,DPD Paketzentrum in Lehrte,5,72.0,86.0
2.0,0.6,FedEx,FedEx Station - Heinz-Peter-Piper Str.,0,85.0,84.0
2.0,0.6,FedEx,FedEx Station - Heinz-Peter-Piper Str.,1,84.0,84.0
2.0,0.6,FedEx,FedEx Station - Heinz-Peter-Piper Str.,2,102.0,95.0
2.0,0.6,FedEx,FedEx Station - Heinz-Peter-Piper Str.,3,87.0,94.0
2.0,0.6,FedEx,FedEx Station - Heinz-Peter-Piper Str.,4,87.0,80.0
2.0,0.6,FedEx,FedEx Station - Heinz-Peter-Piper Str.,5,66.0,78.0
2.0,0.6,GLS,GLS in Hannover Laatzen,0,74.0,80.0
2.0,0.6,GLS,GLS in Hannover Laatzen,1,87.0,84.0
2.0,0.6,GLS,GLS in Hannover Laatzen,2,86.0,86.0
2.0,0.6,GLS,GLS in Hannover Laatzen,3,87.0,86.0
2.0,0.6,GLS,GLS in Hannover Laatzen,4,78.0,75.0
2.0,0.6,GLS,GLS in Hannover Laatzen,5,66.0,75.0
2.0,0.6,Hermes,Hermes LC Hannover Langenhagen,0,109.0,116.0
2.0,0.6,Hermes,Hermes LC Hannover Langenhagen,1,120.0,120.0
2.0,0.6,Hermes,Hermes LC Hannover Langenhagen,2,127.0,126.0
2.0,0.6,Hermes,Hermes LC Hannover Langenhagen,3,113.0,117.0
2.0,0.6,Hermes,Hermes LC Hannover Langenhagen,4,113.0,101.0
2.0,0.6,Hermes,Hermes LC Hannover Langenhagen,5,83.0,100.0
2.0,0.6,UPS,UPS Depot Hannover,0,98.0,100.0
2.0,0.6,UPS,UPS Depot Hannover,1,113.0,108.0
2.0,0.6,UPS,UPS Depot Hannover,2,116.0,118.0
2.0,0.6,UPS,UPS Depot Hannover,3,115.0,109.0
2.0,0.6,UPS,UPS Depot Hannover,4,98.0,92.0
2.0,0.6,UPS,UPS Depot Hannover,5,78.0,92.0
2.0,0.7,DHL,Brief- und Logistikzentrum in Pattensen (Hannover),0,26.0,26.0
2.0,0.7,DHL,Brief- und Logistikzentrum in Pattensen (Hannover),1,27.0,27.0
2.0,0.7,DHL,Brief- und Logistikzentrum in Pattensen (Hannover),2,28.0,28.0
2.0,0.7,DHL,Brief- und Logistikzentrum in Pattensen (Hannover),3,27.0,27.0
2.0,0.7,DHL,Brief- und Logistikzentrum in Pattensen (Hannover),4,24.0,24.0
2.0,0.7,DHL,Brief- und Logistikzentrum in Pattensen (Hannover),5,18.0,18.0
2.0,0.7,DHL,"Deutsche Post, Bantorf",0,10.0,10.0
2.0,0.7,DHL,"Deutsche Post, Bantorf",1,11.0,11.0
2.0,0.7,DHL,"Deutsche Post, Bantorf",2,13.0,13.0
2.0,0.7,DHL,"Deutsche Post, Bantorf",3,12.0,12.0
2.0,0.7,DHL,"Deutsche Post, Bantorf",4,10.0,10.0
2.0,0.7,DHL,"Deutsche Post, Bantorf",5,8.0,8.0
2.0,0.7,DHL,"Deutsche Post, Bissendorf",0,44.0,44.0
2.0,0.7,DHL,"Deutsche Post, Bissendorf",1,48.0,48.0
2.0,0.7,DHL,"Deutsche Post, Bissendorf",2,53.0,53.0
2.0,0.7,DHL,"Deutsche Post, Bissendorf",3,49.0,49.0
2.0,0.7,DHL,"Deutsche Post, Bissendorf",4,41.0,41.0
2.0,0.7,DHL,"Deutsche Post, Bissendorf",5,32.0,32.0
2.0,0.7,DHL,"Deutsche Post, Burgdorf",0,10.0,10.0
2.0,0.7,DHL,"Deutsche Post, Burgdorf",1,10.0,10.0
2.0,0.7,DHL,"Deutsche Post, Burgdorf",2,12.0,12.0
2.0,0.7,DHL,"Deutsche Post, Burgdorf",3,11.0,11.0
2.0,0.7,DHL,"Deutsche Post, Burgdorf",4,9.0,9.0
2.0,0.7,DHL,"Deutsche Post, Burgdorf",5,7.0,7.0
2.0,0.7,DHL,"Deutsche Post, Garbsen",0,12.0,12.0
2.0,0.7,DHL,"Deutsche Post, Garbsen",1,13.0,13.0
2.0,0.7,DHL,"Deutsche Post, Garbsen",2,15.0,15.0
2.0,0.7,DHL,"Deutsche Post, Garbsen",3,15.0,15.0
2.0,0.7,DHL,"Deutsche Post, Garbsen",4,12.0,12.0
2.0,0.7,DHL,"Deutsche Post, Garbsen",5,10.0,10.0
2.0,0.7,DHL,"Deutsche Post, Lehrte",0,14.0,14.0
2.0,0.7,DHL,"Deutsche Post, Lehrte",1,15.0,15.0
2.0,0.7,DHL,"Deutsche Post, Lehrte",2,17.0,17.0
2.0,0.7,DHL,"Deutsche Post, Lehrte",3,15.0,15.0
2.0,0.7,DHL,"Deutsche Post, Lehrte",4,13.0,13.0
2.0,0.7,DHL,"Deutsche Post, Lehrte",5,10.0,10.0
2.0,0.7,DHL,"Deutsche Post, Neustadt",0,13.0,13.0
2.0,0.7,DHL,"Deutsche Post, Neustadt",1,15.0,15.0
2.0,0.7,DHL,"Deutsche Post, Neustadt",2,16.0,16.0
2.0,0.7,DHL,"Deutsche Post, Neustadt",3,15.0,15.0
2.0,0.7,DHL,"Deutsche Post, Neustadt",4,13.0,13.0
2.0,0.7,DHL,"Deutsche Post, Neustadt",5,10.0,10.0
2.0,0.7,DHL,"Deutsche Post, Springe",0,9.0,9.0
2.0,0.7,DHL,"Deutsche Post, Springe",1,9.0,9.0
2.0,0.7,DHL,"Deutsche Post, Springe",2,11.0,11.0
2.0,0.7,DHL,"Deutsche Post, Springe",3,10.0,10.0
2.0,0.7,DHL,"Deutsche Post, Springe",4,9.0,9.0
2.0,0.7,DHL,"Deutsche Post, Springe",5,7.0,7.0
2.0,0.7,DHL,"Deutsche Post, Wunstorf",0,15.0,15.0
2.0,0.7,DHL,"Deutsche Post, Wunstorf",1,15.0,15.0
2.0,0.7,DHL,"Deutsche Post, Wunstorf",2,16.0,16.0
2.0,0.7,DHL,"Deutsche Post, Wunstorf",3,16.0,16.0
2.0,0.7,DHL,"Deutsche Post, Wunstorf",4,14.0,14.0
2.0,0.7,DHL,"Deutsche Post, Wunstorf",5,11.0,11.0
2.0,0.7,DHL,Dummy Seelze,0,17.0,17.0
2.0,0.7,DHL,Dummy Seelze,1,19.0,19.0
2.0,0.7,DHL,Dummy Seelze,2,21.0,21.0
2.0,0.7,DHL,Dummy Seelze,3,20.0,20.0
2.0,0.7,DHL,Dummy Seelze,4,17.0,17.0
2.0,0.7,DHL,Dummy Seelze,5,13.0,13.0
2.0,0.7,DHL,Dummy Sehnde,0,9.0,9.0
2.0,0.7,DHL,Dummy Sehnde,1,9.0,9.0
2.0,0.7,DHL,Dummy Sehnde,2,10.0,10.0
2.0,0.7,DHL,Dummy Sehnde,3,9.0,9.0
2.0,0.7,DHL,Dummy Sehnde,4,8.0,8.0
2.0,0.7,DHL,Dummy Sehnde,5,6.0,6.0
2.0,0.7,DHL,Dummy Uetze,0,7.0,7.0
2.0,0.7,DHL,Dummy Uetze,1,7.0,7.0
2.0,0.7,DHL,Dummy Uetze,2,7.0,7.0
2.0,0.7,DHL,Dummy Uetze,3,8.0,8.0
2.0,0.7,DHL,Dummy Uetze,4,6.0,6.0
2.0,0.7,DHL,Dummy Uetze,5,5.0,5.0
2.0,0.7,DHL,Dummy Wennigsen,0,11.0,11.0
2.0,0.7,DHL,Dummy Wennigsen,1,12.0,12.0
2.0,0.7,DHL,Dummy Wennigsen,2,12.0,12.0
2.0,0.7,DHL,Dummy Wennigsen,3,12.0,12.0
2.0,0.7,DHL,Dummy Wennigsen,4,10.0,10.0
2.0,0.7,DHL,Dummy Wennigsen,5,8.0,8.0
2.0,0.7,DHL,Paketzentrum / Zustellbasis Anderten,0,40.0,40.0
2.0,0.7,DHL,Paketzentrum / Zustellbasis Anderten,1,44.0,44.0
2.0,0.7,DHL,Paketzentrum / Zustellbasis Anderten,2,47.0,47.0
2.0,0.7,DHL,Paketzentrum / Zustellbasis Anderten,3,44.0,44.0
2.0,0.7,DHL,Paketzentrum / Zustellbasis Anderten,4,39.0,39.0
2.0,0.7,DHL,Paketzentrum / Zustellbasis Anderten,5,31.0,31.0
2.0,0.7,DHL,Zustellbasis Hannover am Güterbahnhof,0,102.0,102.0
2.0,0.7,DHL,Zustellbasis Hannover am Güterbahnhof,1,107.0,107.0
2.0,0.7,DHL,Zustellbasis Hannover am Güterbahnhof,2,122.0,122.0
2.0,0.7,DHL,Zustellbasis Hannover am Güterbahnhof,3,115.0,115.0
2.0,0.7,DHL,Zustellbasis Hannover am Güterbahnhof,4,97.0,97.0
2.0,0.7,DHL,Zustellbasis Hannover am Güterbahnhof,5,75.0,75.0
2.0,0.7,DHL,Zustellbasis Hannover-Süd,0,55.0,55.0
2.0,0.7,DHL,Zustellbasis Hannover-Süd,1,58.0,58.0
2.0,0.7,DHL,Zustellbasis Hannover-Süd,2,67.0,67.0
2.0,0.7,DHL,Zustellbasis Hannover-Süd,3,64.0,64.0
2.0,0.7,DHL,Zustellbasis Hannover-Süd,4,52.0,52.0
2.0,0.7,DHL,Zustellbasis Hannover-Süd,5,41.0,41.0
2.0,0.7,Amazon,Amazon Logistics HAJ8 in Garbsen,0,189.0,189.0
2.0,0.7,Amazon,Amazon Logistics HAJ8 in Garbsen,1,200.0,200.0
2.0,0.7,Amazon,Amazon Logistics HAJ8 in Garbsen,2,217.0,217.0
2.0,0.7,Amazon,Amazon Logistics HAJ8 in Garbsen,3,209.0,209.0
2.0,0.7,Amazon,Amazon Logistics HAJ8 in Garbsen,4,176.0,176.0
2.0,0.7,Amazon,Amazon Logistics HAJ8 in Garbsen,5,138.0,138.0
2.0,0.7,DPD,DPD Paketzentrum in Lehrte,0,86.0,91.0
2.0,0.7,DPD,DPD Paketzentrum in Lehrte,1,108.0,104.0
2.0,0.7,DPD,DPD Paketzentrum in Lehrte,2,105.0,111.0
2.0,0.7,DPD,DPD Paketzentrum in Lehrte,3,113.0,111.0
2.0,0.7,DPD,DPD Paketzentrum in Lehrte,4,90.0,85.0
2.0,0.7,DPD,DPD Paketzentrum in Lehrte,5,72.0,85.0
2.0,0.7,FedEx,FedEx Station - Heinz-Peter-Piper Str.,0,84.0,83.0
2.0,0.7,FedEx,FedEx Station - Heinz-Peter-Piper Str.,1,89.0,87.0
2.0,0.7,FedEx,FedEx Station - Heinz-Peter-Piper Str.,2,95.0,95.0
2.0,0.7,FedEx,FedEx Station - Heinz-Peter-Piper Str.,3,90.0,90.0
2.0,0.7,FedEx,FedEx Station - Heinz-Peter-Piper Str.,4,85.0,80.0
2.0,0.7,FedEx,FedEx Station - Heinz-Peter-Piper Str.,5,67.0,78.0
2.0,0.7,GLS,GLS in Hannover Laatzen,0,80.0,81.0
2.0,0.7,GLS,GLS in Hannover Laatzen,1,82.0,82.0
2.0,0.7,GLS,GLS in Hannover Laatzen,2,84.0,91.0
2.0,0.7,GLS,GLS in Hannover Laatzen,3,95.0,91.0
2.0,0.7,GLS,GLS in Hannover Laatzen,4,78.0,75.0
2.0,0.7,GLS,GLS in Hannover Laatzen,5,65.0,75.0
2.0,0.7,Hermes,Hermes LC Hannover Langenhagen,0,112.0,116.0
2.0,0.7,Hermes,Hermes LC Hannover Langenhagen,1,120.0,120.0
2.0,0.7,Hermes,Hermes LC Hannover Langenhagen,2,127.0,127.0
2.0,0.7,Hermes,Hermes LC Hannover Langenhagen,3,119.0,121.0
2.0,0.7,Hermes,Hermes LC Hannover Langenhagen,4,112.0,104.0
2.0,0.7,Hermes,Hermes LC Hannover Langenhagen,5,83.0,93.0
2.0,0.7,UPS,UPS Depot Hannover,0,103.0,101.0
2.0,0.7,UPS,UPS Depot Hannover,1,108.0,108.0
2.0,0.7,UPS,UPS Depot Hannover,2,122.0,116.0
2.0,0.7,UPS,UPS Depot Hannover,3,111.0,114.0
2.0,0.7,UPS,UPS Depot Hannover,4,101.0,92.0
2.0,0.7,UPS,UPS Depot Hannover,5,76.0,91.0
2.0,0.8,DHL,Brief- und Logistikzentrum in Pattensen (Hannover),0,26.0,26.0
2.0,0.8,DHL,Brief- und Logistikzentrum in Pattensen (Hannover),1,27.0,27.0
2.0,0.8,DHL,Brief- und Logistikzentrum in Pattensen (Hannover),2,28.0,28.0
2.0,0.8,DHL,Brief- und Logistikzentrum in Pattensen (Hannover),3,27.0,27.0
2.0,0.8,DHL,Brief- und Logistikzentrum in Pattensen (Hannover),4,24.0,24.0
2.0,0.8,DHL,Brief- und Logistikzentrum in Pattensen (Hannover),5,18.0,18.0
2.0,0.8,DHL,"Deutsche Post, Bantorf",0,10.0,10.0
2.0,0.8,DHL,"Deutsche Post, Bantorf",1,11.0,11.0
2.0,0.8,DHL,"Deutsche Post, Bantorf",2,13.0,13.0
2.0,0.8,DHL,"Deutsche Post, Bantorf",3,12.0,12.0
2.0,0.8,DHL,"Deutsche Post, Bantorf",4,10.0,10.0
2.0,0.8,DHL,"Deutsche Post, Bantorf",5,8.0,8.0
2.0,0.8,DHL,"Deutsche Post, Bissendorf",0,44.0,44.0
2.0,0.8,DHL,"Deutsche Post, Bissendorf",1,48.0,48.0
2.0,0.8,DHL,"Deutsche Post, Bissendorf",2,53.0,53.0
2.0,0.8,DHL,"Deutsche Post, Bissendorf",3,49.0,49.0
2.0,0.8,DHL,"Deutsche Post, Bissendorf",4,41.0,41.0
2.0,0.8,DHL,"Deutsche Post, Bissendorf",5,32.0,32.0
2.0,0.8,DHL,"Deutsche Post, Burgdorf",0,10.0,10.0
2.0,0.8,DHL,"Deutsche Post, Burgdorf",1,10.0,10.0
2.0,0.8,DHL,"Deutsche Post, Burgdorf",2,12.0,12.0
2.0,0.8,DHL,"Deutsche Post, Burgdorf",3,11.0,11.0
2.0,0.8,DHL,"Deutsche Post, Burgdorf",4,9.0,9.0
2.0,0.8,DHL,"Deutsche Post, Burgdorf",5,7.0,7.0
2.0,0.8,DHL,"Deutsche Post, Garbsen",0,12.0,12.0
2.0,0.8,DHL,"Deutsche Post, Garbsen",1,13.0,13.0
2.0,0.8,DHL,"Deutsche Post, Garbsen",2,15.0,15.0
2.0,0.8,DHL,"Deutsche Post, Garbsen",3,15.0,15.0
2.0,0.8,DHL,"Deutsche Post, Garbsen",4,12.0,12.0
2.0,0.8,DHL,"Deutsche Post, Garbsen",5,10.0,10.0
2.0,0.8,DHL,"Deutsche Post, Lehrte",0,14.0,14.0
2.0,0.8,DHL,"Deutsche Post, Lehrte",1,15.0,15.0
2.0,0.8,DHL,"Deutsche Post, Lehrte",2,17.0,17.0
2.0,0.8,DHL,"Deutsche Post, Lehrte",3,15.0,15.0
2.0,0.8,DHL,"Deutsche Post, Lehrte",4,13.0,13.0
2.0,0.8,DHL,"Deutsche Post, Lehrte",5,10.0,10.0
2.0,0.8,DHL,"Deutsche Post, Neustadt",0,13.0,13.0
2.0,0.8,DHL,"Deutsche Post, Neustadt",1,15.0,15.0
2.0,0.8,DHL,"Deutsche Post, Neustadt",2,16.0,16.0
2.0,0.8,DHL,"Deutsche Post, Neustadt",3,15.0,15.0
2.0,0.8,DHL,"Deutsche Post, Neustadt",4,13.0,13.0
2.0,0.8,DHL,"Deutsche Post, Neustadt",5,10.0,10.0
2.0,0.8,DHL,"Deutsche Post, Springe",0,9.0,9.0
2.0,0.8,DHL,"Deutsche Post, Springe",1,9.0,9.0
2.0,0.8,DHL,"Deutsche Post, Springe",2,11.0,11.0
2.0,0.8,DHL,"Deutsche Post, Springe",3,10.0,10.0
2.0,0.8,DHL,"Deutsche Post, Springe",4,9.0,9.0
2.0,0.8,DHL,"Deutsche Post, Springe",5,7.0,7.0
2.0,0.8,DHL,"Deutsche Post, Wunstorf",0,15.0,15.0
2.0,0.8,DHL,"Deutsche Post, Wunstorf",1,15.0,15.0
2.0,0.8,DHL,"Deutsche Post, Wunstorf",2,16.0,16.0
2.0,0.8,DHL,"Deutsche Post, Wunstorf",3,16.0,16.0
2.0,0.8,DHL,"Deutsche Post, Wunstorf",4,14.0,14.0
2.0,0.8,DHL,"Deutsche Post, Wunstorf",5,11.0,11.0
2.0,0.8,DHL,Dummy Seelze,0,17.0,17.0
2.0,0.8,DHL,Dummy Seelze,1,19.0,19.0
2.0,0.8,DHL,Dummy Seelze,2,21.0,21.0
2.0,0.8,DHL,Dummy Seelze,3,20.0,20.0
2.0,0.8,DHL,Dummy Seelze,4,17.0,17.0
2.0,0.8,DHL,Dummy Seelze,5,13.0,13.0
2.0,0.8,DHL,Dummy Sehnde,0,9.0,9.0
2.0,0.8,DHL,Dummy Sehnde,1,9.0,9.0
2.0,0.8,DHL,Dummy Sehnde,2,10.0,10.0
2.0,0.8,DHL,Dummy Sehnde,3,9.0,9.0
2.0,0.8,DHL,Dummy Sehnde,4,8.0,8.0
2.0,0.8,DHL,Dummy Sehnde,5,6.0,6.0
2.0,0.8,DHL,Dummy Uetze,0,7.0,7.0
2.0,0.8,DHL,Dummy Uetze,1,7.0,7.0
2.0,0.8,DHL,Dummy Uetze,2,7.0,7.0
2.0,0.8,DHL,Dummy Uetze,3,8.0,8.0
2.0,0.8,DHL,Dummy Uetze,4,6.0,6.0
2.0,0.8,DHL,Dummy Uetze,5,5.0,5.0
2.0,0.8,DHL,Dummy Wennigsen,0,11.0,11.0
2.0,0.8,DHL,Dummy Wennigsen,1,12.0,12.0
2.0,0.8,DHL,Dummy Wennigsen,2,12.0,12.0
2.0,0.8,DHL,Dummy Wennigsen,3,12.0,12.0
2.0,0.8,DHL,Dummy Wennigsen,4,10.0,10.0
2.0,0.8,DHL,Dummy Wennigsen,5,8.0,8.0
2.0,0.8,DHL,Paketzentrum / Zustellbasis Anderten,0,40.0,40.0
2.0,0.8,DHL,Paketzentrum / Zustellbasis Anderten,1,44.0,44.0
2.0,0.8,DHL,Paketzentrum / Zustellbasis Anderten,2,47.0,47.0
2.0,0.8,DHL,Paketzentrum / Zustellbasis Anderten,3,44.0,44.0
2.0,0.8,DHL,Paketzentrum / Zustellbasis Anderten,4,39.0,39.0
2.0,0.8,DHL,Paketzentrum / Zustellbasis Anderten,5,31.0,31.0
2.0,0.8,DHL,Zustellbasis Hannover am Güterbahnhof,0,102.0,102.0
2.0,0.8,DHL,Zustellbasis Hannover am Güterbahnhof,1,107.0,107.0
2.0,0.8,DHL,Zustellbasis Hannover am Güterbahnhof,2,122.0,122.0
2.0,0.8,DHL,Zustellbasis Hannover am Güterbahnhof,3,115.0,115.0
2.0,0.8,DHL,Zustellbasis Hannover am Güterbahnhof,4,97.0,97.0
2.0,0.8,DHL,Zustellbasis Hannover am Güterbahnhof,5,75.0,75.0
2.0,0.8,DHL,Zustellbasis Hannover-Süd,0,55.0,55.0
2.0,0.8,DHL,Zustellbasis Hannover-Süd,1,58.0,58.0
2.0,0.8,DHL,Zustellbasis Hannover-Süd,2,67.0,67.0
2.0,0.8,DHL,Zustellbasis Hannover-Süd,3,64.0,64.0
2.0,0.8,DHL,Zustellbasis Hannover-Süd,4,52.0,52.0
2.0,0.8,DHL,Zustellbasis Hannover-Süd,5,41.0,41.0
2.0,0.8,Amazon,Amazon Logistics HAJ8 in Garbsen,0,189.0,189.0
2.0,0.8,Amazon,Amazon Logistics HAJ8 in Garbsen,1,200.0,200.0
2.0,0.8,Amazon,Amazon Logistics HAJ8 in Garbsen,2,217.0,217.0
2.0,0.8,Amazon,Amazon Logistics HAJ8 in Garbsen,3,209.0,209.0
2.0,0.8,Amazon,Amazon Logistics HAJ8 in Garbsen,4,176.0,176.0
2.0,0.8,Amazon,Amazon Logistics HAJ8 in Garbsen,5,138.0,138.0
2.0,0.8,DPD,DPD Paketzentrum in Lehrte,0,93.0,93.0
2.0,0.8,DPD,DPD Paketzentrum in Lehrte,1,105.0,104.0
2.0,0.8,DPD,DPD Paketzentrum in Lehrte,2,108.0,112.0
2.0,0.8,DPD,DPD Paketzentrum in Lehrte,3,112.0,112.0
2.0,0.8,DPD,DPD Paketzentrum in Lehrte,4,91.0,88.0
2.0,0.8,DPD,DPD Paketzentrum in Lehrte,5,72.0,82.0
2.0,0.8,FedEx,FedEx Station - Heinz-Peter-Piper Str.,0,82.0,82.0
2.0,0.8,FedEx,FedEx Station - Heinz-Peter-Piper Str.,1,91.0,88.0
2.0,0.8,FedEx,FedEx Station - Heinz-Peter-Piper Str.,2,92.0,95.0
2.0,0.8,FedEx,FedEx Station - Heinz-Peter-Piper Str.,3,99.0,91.0
2.0,0.8,FedEx,FedEx Station - Heinz-Peter-Piper Str.,4,80.0,80.0
2.0,0.8,FedEx,FedEx Station - Heinz-Peter-Piper Str.,5,69.0,80.0
2.0,0.8,GLS,GLS in Hannover Laatzen,0,79.0,82.0
2.0,0.8,GLS,GLS in Hannover Laatzen,1,83.0,83.0
2.0,0.8,GLS,GLS in Hannover Laatzen,2,93.0,93.0
2.0,0.8,GLS,GLS in Hannover Laatzen,3,90.0,90.0
2.0,0.8,GLS,GLS in Hannover Laatzen,4,78.0,76.0
2.0,0.8,GLS,GLS in Hannover Laatzen,5,65.0,71.0
2.0,0.8,Hermes,Hermes LC Hannover Langenhagen,0,116.0,116.0
2.0,0.8,Hermes,Hermes LC Hannover Langenhagen,1,120.0,120.0
2.0,0.8,Hermes,Hermes LC Hannover Langenhagen,2,127.0,127.0
2.0,0.8,Hermes,Hermes LC Hannover Langenhagen,3,123.0,123.0
2.0,0.8,Hermes,Hermes LC Hannover Langenhagen,4,112.0,112.0
2.0,0.8,Hermes,Hermes LC Hannover Langenhagen,5,83.0,83.0
2.0,0.8,UPS,UPS Depot Hannover,0,100.0,100.0
2.0,0.8,UPS,UPS Depot Hannover,1,108.0,108.0
2.0,0.8,UPS,UPS Depot Hannover,2,116.0,118.0
2.0,0.8,UPS,UPS Depot Hannover,3,118.0,114.0
2.0,0.8,UPS,UPS Depot Hannover,4,95.0,94.0
2.0,0.8,UPS,UPS Depot Hannover,5,78.0,83.0
2.0,0.9,DHL,Brief- und Logistikzentrum in Pattensen (Hannover),0,26.0,26.0
2.0,0.9,DHL,Brief- und Logistikzentrum in Pattensen (Hannover),1,27.0,27.0
2.0,0.9,DHL,Brief- und Logistikzentrum in Pattensen (Hannover),2,28.0,28.0
2.0,0.9,DHL,Brief- und Logistikzentrum in Pattensen (Hannover),3,27.0,27.0
2.0,0.9,DHL,Brief- und Logistikzentrum in Pattensen (Hannover),4,24.0,24.0
2.0,0.9,DHL,Brief- und Logistikzentrum in Pattensen (Hannover),5,18.0,18.0
2.0,0.9,DHL,"Deutsche Post, Bantorf",0,10.0,10.0
2.0,0.9,DHL,"Deutsche Post, Bantorf",1,11.0,11.0
2.0,0.9,DHL,"Deutsche Post, Bantorf",2,13.0,13.0
2.0,0.9,DHL,"Deutsche Post, Bantorf",3,12.0,12.0
2.0,0.9,DHL,"Deutsche Post, Bantorf",4,10.0,10.0
2.0,0.9,DHL,"Deutsche Post, Bantorf",5,8.0,8.0
2.0,0.9,DHL,"Deutsche Post, Bissendorf",0,44.0,44.0
2.0,0.9,DHL,"Deutsche Post, Bissendorf",1,48.0,48.0
2.0,0.9,DHL,"Deutsche Post, Bissendorf",2,53.0,53.0
2.0,0.9,DHL,"Deutsche Post, Bissendorf",3,49.0,49.0
2.0,0.9,DHL,"Deutsche Post, Bissendorf",4,41.0,41.0
2.0,0.9,DHL,"Deutsche Post, Bissendorf",5,32.0,32.0
2.0,0.9,DHL,"Deutsche Post, Burgdorf",0,10.0,10.0
2.0,0.9,DHL,"Deutsche Post, Burgdorf",1,10.0,10.0
2.0,0.9,DHL,"Deutsche Post, Burgdorf",2,12.0,12.0
2.0,0.9,DHL,"Deutsche Post, Burgdorf",3,11.0,11.0
2.0,0.9,DHL,"Deutsche Post, Burgdorf",4,9.0,9.0
2.0,0.9,DHL,"Deutsche Post, Burgdorf",5,7.0,7.0
2.0,0.9,DHL,"Deutsche Post, Garbsen",0,12.0,12.0
2.0,0.9,DHL,"Deutsche Post, Garbsen",1,13.0,13.0
2.0,0.9,DHL,"Deutsche Post, Garbsen",2,15.0,15.0
2.0,0.9,DHL,"Deutsche Post, Garbsen",3,15.0,15.0
2.0,0.9,DHL,"Deutsche Post, Garbsen",4,12.0,12.0
2.0,0.9,DHL,"Deutsche Post, Garbsen",5,10.0,10.0
2.0,0.9,DHL,"Deutsche Post, Lehrte",0,14.0,14.0
2.0,0.9,DHL,"Deutsche Post, Lehrte",1,15.0,15.0
2.0,0.9,DHL,"Deutsche Post, Lehrte",2,17.0,17.0
2.0,0.9,DHL,"Deutsche Post, Lehrte",3,15.0,15.0
2.0,0.9,DHL,"Deutsche Post, Lehrte",4,13.0,13.0
2.0,0.9,DHL,"Deutsche Post, Lehrte",5,10.0,10.0
2.0,0.9,DHL,"Deutsche Post, Neustadt",0,13.0,13.0
2.0,0.9,DHL,"Deutsche Post, Neustadt",1,15.0,15.0
2.0,0.9,DHL,"Deutsche Post, Neustadt",2,16.0,16.0
2.0,0.9,DHL,"Deutsche Post, Neustadt",3,15.0,15.0
2.0,0.9,DHL,"Deutsche Post, Neustadt",4,13.0,13.0
2.0,0.9,DHL,"Deutsche Post, Neustadt",5,10.0,10.0
2.0,0.9,DHL,"Deutsche Post, Springe",0,9.0,9.0
2.0,0.9,DHL,"Deutsche Post, Springe",1,9.0,9.0
2.0,0.9,DHL,"Deutsche Post, Springe",2,11.0,11.0
2.0,0.9,DHL,"Deutsche Post, Springe",3,10.0,10.0
2.0,0.9,DHL,"Deutsche Post, Springe",4,9.0,9.0
2.0,0.9,DHL,"Deutsche Post, Springe",5,7.0,7.0
2.0,0.9,DHL,"Deutsche Post, Wunstorf",0,15.0,15.0
2.0,0.9,DHL,"Deutsche Post, Wunstorf",1,15.0,15.0
2.0,0.9,DHL,"Deutsche Post, Wunstorf",2,16.0,16.0
2.0,0.9,DHL,"Deutsche Post, Wunstorf",3,16.0,16.0
2.0,0.9,DHL,"Deutsche Post, Wunstorf",4,14.0,14.0
2.0,0.9,DHL,"Deutsche Post, Wunstorf",5,11.0,11.0
2.0,0.9,DHL,Dummy Seelze,0,17.0,17.0
2.0,0.9,DHL,Dummy Seelze,1,19.0,19.0
2.0,0.9,DHL,Dummy Seelze,2,21.0,21.0
2.0,0.9,DHL,Dummy Seelze,3,20.0,20.0
2.0,0.9,DHL,Dummy Seelze,4,17.0,17.0
2.0,0.9,DHL,Dummy Seelze,5,13.0,13.0
2.0,0.9,DHL,Dummy Sehnde,0,9.0,9.0
2.0,0.9,DHL,Dummy Sehnde,1,9.0,9.0
2.0,0.9,DHL,Dummy Sehnde,2,10.0,10.0
2.0,0.9,DHL,Dummy Sehnde,3,9.0,9.0
2.0,0.9,DHL,Dummy Sehnde,4,8.0,8.0
2.0,0.9,DHL,Dummy Sehnde,5,6.0,6.0
2.0,0.9,DHL,Dummy Uetze,0,7.0,7.0
2.0,0.9,DHL,Dummy Uetze,1,7.0,7.0
2.0,0.9,DHL,Dummy Uetze,2,7.0,7.0
2.0,0.9,DHL,Dummy Uetze,3,8.0,8.0
2.0,0.9,DHL,Dummy Uetze,4,6.0,6.0
2.0,0.9,DHL,Dummy Uetze,5,5.0,5.0
2.0,0.9,DHL,Dummy Wennigsen,0,11.0,11.0
2.0,0.9,DHL,Dummy Wennigsen,1,12.0,12.0
2.0,0.9,DHL,Dummy Wennigsen,2,12.0,12.0
2.0,0.9,DHL,Dummy Wennigsen,3,12.0,12.0
2.0,0.9,DHL,Dummy Wennigsen,4,10.0,10.0
2.0,0.9,DHL,Dummy Wennigsen,5,8.0,8.0
2.0,0.9,DHL,Paketzentrum / Zustellbasis Anderten,0,40.0,40.0
2.0,0.9,DHL,Paketzentrum / Zustellbasis Anderten,1,44.0,44.0
2.0,0.9,DHL,Paketzentrum / Zustellbasis Anderten,2,47.0,47.0
2.0,0.9,DHL,Paketzentrum / Zustellbasis Anderten,3,44.0,44.0
2.0,0.9,DHL,Paketzentrum / Zustellbasis Anderten,4,39.0,39.0
2.0,0.9,DHL,Paketzentrum / Zustellbasis Anderten,5,31.0,31.0
2.0,0.9,DHL,Zustellbasis Hannover am Güterbahnhof,0,102.0,102.0
2.0,0.9,DHL,Zustellbasis Hannover am Güterbahnhof,1,107.0,107.0
2.0,0.9,DHL,Zustellbasis Hannover am Güterbahnhof,2,122.0,122.0
2.0,0.9,DHL,Zustellbasis Hannover am Güterbahnhof,3,115.0,115.0
2.0,0.9,DHL,Zustellbasis Hannover am Güterbahnhof,4,97.0,97.0
2.0,0.9,DHL,Zustellbasis Hannover am Güterbahnhof,5,75.0,75.0
2.0,0.9,DHL,Zustellbasis Hannover-Süd,0,55.0,55.0
2.0,0.9,DHL,Zustellbasis Hannover-Süd,1,58.0,58.0
2.0,0.9,DHL,Zustellbasis Hannover-Süd,2,67.0,67.0
2.0,0.9,DHL,Zustellbasis Hannover-Süd,3,64.0,64.0
2.0,0.9,DHL,Zustellbasis Hannover-Süd,4,52.0,52.0
2.0,0.9,DHL,Zustellbasis Hannover-Süd,5,41.0,41.0
2.0,0.9,Amazon,Amazon Logistics HAJ8 in Garbsen,0,189.0,189.0
2.0,0.9,Amazon,Amazon Logistics HAJ8 in Garbsen,1,200.0,200.0
2.0,0.9,Amazon,Amazon Logistics HAJ8 in Garbsen,2,217.0,217.0
2.0,0.9,Amazon,Amazon Logistics HAJ8 in Garbsen,3,209.0,209.0
2.0,0.9,Amazon,Amazon Logistics HAJ8 in Garbsen,4,176.0,176.0
2.0,0.9,Amazon,Amazon Logistics HAJ8 in Garbsen,5,138.0,138.0
2.0,0.9,DPD,DPD Paketzentrum in Lehrte,0,93.0,93.0
2.0,0.9,DPD,DPD Paketzentrum in Lehrte,1,105.0,104.0
2.0,0.9,DPD,DPD Paketzentrum in Lehrte,2,114.0,114.0
2.0,0.9,DPD,DPD Paketzentrum in Lehrte,3,110.0,110.0
2.0,0.9,DPD,DPD Paketzentrum in Lehrte,4,92.0,90.0
2.0,0.9,DPD,DPD Paketzentrum in Lehrte,5,72.0,77.0
2.0,0.9,FedEx,FedEx Station - Heinz-Peter-Piper Str.,0,82.0,82.0
2.0,0.9,FedEx,FedEx Station - Heinz-Peter-Piper Str.,1,91.0,88.0
2.0,0.9,FedEx,FedEx Station - Heinz-Peter-Piper Str.,2,93.0,96.0
2.0,0.9,FedEx,FedEx Station - Heinz-Peter-Piper Str.,3,98.0,90.0
2.0,0.9,FedEx,FedEx Station - Heinz-Peter-Piper Str.,4,80.0,80.0
2.0,0.9,FedEx,FedEx Station - Heinz-Peter-Piper Str.,5,69.0,80.0
2.0,0.9,GLS,GLS in Hannover Laatzen,0,82.0,82.0
2.0,0.9,GLS,GLS in Hannover Laatzen,1,83.0,83.0
2.0,0.9,GLS,GLS in Hannover Laatzen,2,95.0,95.0
2.0,0.9,GLS,GLS in Hannover Laatzen,3,91.0,91.0
2.0,0.9,GLS,GLS in Hannover Laatzen,4,76.0,76.0
2.0,0.9,GLS,GLS in Hannover Laatzen,5,65.0,65.0
2.0,0.9,Hermes,Hermes LC Hannover Langenhagen,0,116.0,116.0
2.0,0.9,Hermes,Hermes LC Hannover Langenhagen,1,120.0,120.0
2.0,0.9,Hermes,Hermes LC Hannover Langenhagen,2,127.0,127.0
2.0,0.9,Hermes,Hermes LC Hannover Langenhagen,3,123.0,123.0
2.0,0.9,Hermes,Hermes LC Hannover Langenhagen,4,112.0,112.0
2.0,0.9,Hermes,Hermes LC Hannover Langenhagen,5,83.0,83.0
2.0,0.9,UPS,UPS Depot Hannover,0,100.0,100.0
2.0,0.9,UPS,UPS Depot Hannover,1,107.0,108.0
2.0,0.9,UPS,UPS Depot Hannover,2,123.0,118.0
2.0,0.9,UPS,UPS Depot Hannover,3,110.0,111.0
2.0,0.9,UPS,UPS Depot Hannover,4,100.0,94.0
2.0,0.9,UPS,UPS Depot Hannover,5,78.0,88.0
2.0,1.0,DHL,Brief- und Logistikzentrum in Pattensen (Hannover),0,26.0,26.0
2.0,1.0,DHL,Brief- und Logistikzentrum in Pattensen (Hannover),1,27.0,27.0
2.0,1.0,DHL,Brief- und Logistikzentrum in Pattensen (Hannover),2,28.0,28.0
2.0,1.0,DHL,Brief- und Logistikzentrum in Pattensen (Hannover),3,27.0,27.0
2.0,1.0,DHL,Brief- und Logistikzentrum in Pattensen (Hannover),4,24.0,24.0
2.0,1.0,DHL,Brief- und Logistikzentrum in Pattensen (Hannover),5,18.0,18.0
2.0,1.0,DHL,"Deutsche Post, Bantorf",0,10.0,10.0
2.0,1.0,DHL,"Deutsche Post, Bantorf",1,11.0,11.0
2.0,1.0,DHL,"Deutsche Post, Bantorf",2,13.0,13.0
2.0,1.0,DHL,"Deutsche Post, Bantorf",3,12.0,12.0
2.0,1.0,DHL,"Deutsche Post, Bantorf",4,10.0,10.0
2.0,1.0,DHL,"Deutsche Post, Bantorf",5,8.0,8.0
2.0,1.0,DHL,"Deutsche Post, Bissendorf",0,44.0,44.0
2.0,1.0,DHL,"Deutsche Post, Bissendorf",1,48.0,48.0
2.0,1.0,DHL,"Deutsche Post, Bissendorf",2,53.0,53.0
2.0,1.0,DHL,"Deutsche Post, Bissendorf",3,49.0,49.0
2.0,1.0,DHL,"Deutsche Post, Bissendorf",4,41.0,41.0
2.0,1.0,DHL,"Deutsche Post, Bissendorf",5,32.0,32.0
2.0,1.0,DHL,"Deutsche Post, Burgdorf",0,10.0,10.0
2.0,1.0,DHL,"Deutsche Post, Burgdorf",1,10.0,10.0
2.0,1.0,DHL,"Deutsche Post, Burgdorf",2,12.0,12.0
2.0,1.0,DHL,"Deutsche Post, Burgdorf",3,11.0,11.0
2.0,1.0,DHL,"Deutsche Post, Burgdorf",4,9.0,9.0
2.0,1.0,DHL,"Deutsche Post, Burgdorf",5,7.0,7.0
2.0,1.0,DHL,"Deutsche Post, Garbsen",0,12.0,12.0
2.0,1.0,DHL,"Deutsche Post, Garbsen",1,13.0,13.0
2.0,1.0,DHL,"Deutsche Post, Garbsen",2,15.0,15.0
2.0,1.0,DHL,"Deutsche Post, Garbsen",3,15.0,15.0
2.0,1.0,DHL,"Deutsche Post, Garbsen",4,12.0,12.0
2.0,1.0,DHL,"Deutsche Post, Garbsen",5,10.0,10.0
2.0,1.0,DHL,"Deutsche Post, Lehrte",0,14.0,14.0
2.0,1.0,DHL,"Deutsche Post, Lehrte",1,15.0,15.0
2.0,1.0,DHL,"Deutsche Post, Lehrte",2,17.0,17.0
2.0,1.0,DHL,"Deutsche Post, Lehrte",3,15.0,15.0
2.0,1.0,DHL,"Deutsche Post, Lehrte",4,13.0,13.0
2.0,1.0,DHL,"Deutsche Post, Lehrte",5,10.0,10.0
2.0,1.0,DHL,"Deutsche Post, Neustadt",0,13.0,13.0
2.0,1.0,DHL,"Deutsche Post, Neustadt",1,15.0,15.0
2.0,1.0,DHL,"Deutsche Post, Neustadt",2,16.0,16.0
2.0,1.0,DHL,"Deutsche Post, Neustadt",3,15.0,15.0
2.0,1.0,DHL,"Deutsche Post, Neustadt",4,13.0,13.0
2.0,1.0,DHL,"Deutsche Post, Neustadt",5,10.0,10.0
2.0,1.0,DHL,"Deutsche Post, Springe",0,9.0,9.0
2.0,1.0,DHL,"Deutsche Post, Springe",1,9.0,9.0
2.0,1.0,DHL,"Deutsche Post, Springe",2,11.0,11.0
2.0,1.0,DHL,"Deutsche Post, Springe",3,10.0,10.0
2.0,1.0,DHL,"Deutsche Post, Springe",4,9.0,9.0
2.0,1.0,DHL,"Deutsche Post, Springe",5,7.0,7.0
2.0,1.0,DHL,"Deutsche Post, Wunstorf",0,15.0,15.0
2.0,1.0,DHL,"Deutsche Post, Wunstorf",1,15.0,15.0
2.0,1.0,DHL,"Deutsche Post, Wunstorf",2,16.0,16.0
2.0,1.0,DHL,"Deutsche Post, Wunstorf",3,16.0,16.0
2.0,1.0,DHL,"Deutsche Post, Wunstorf",4,14.0,14.0
2.0,1.0,DHL,"Deutsche Post, Wunstorf",5,11.0,11.0
2.0,1.0,DHL,Dummy Seelze,0,17.0,17.0
2.0,1.0,DHL,Dummy Seelze,1,19.0,19.0
2.0,1.0,DHL,Dummy Seelze,2,21.0,21.0
2.0,1.0,DHL,Dummy Seelze,3,20.0,20.0
2.0,1.0,DHL,Dummy Seelze,4,17.0,17.0
2.0,1.0,DHL,Dummy Seelze,5,13.0,13.0
2.0,1.0,DHL,Dummy Sehnde,0,9.0,9.0
2.0,1.0,DHL,Dummy Sehnde,1,9.0,9.0
2.0,1.0,DHL,Dummy Sehnde,2,10.0,10.0
2.0,1.0,DHL,Dummy Sehnde,3,9.0,9.0
2.0,1.0,DHL,Dummy Sehnde,4,8.0,8.0
2.0,1.0,DHL,Dummy Sehnde,5,6.0,6.0
2.0,1.0,DHL,Dummy Uetze,0,7.0,7.0
2.0,1.0,DHL,Dummy Uetze,1,7.0,7.0
2.0,1.0,DHL,Dummy Uetze,2,7.0,7.0
2.0,1.0,DHL,Dummy Uetze,3,8.0,8.0
2.0,1.0,DHL,Dummy Uetze,4,6.0,6.0
2.0,1.0,DHL,Dummy Uetze,5,5.0,5.0
2.0,1.0,DHL,Dummy Wennigsen,0,11.0,11.0
2.0,1.0,DHL,Dummy Wennigsen,1,12.0,12.0
2.0,1.0,DHL,Dummy Wennigsen,2,12.0,12.0
2.0,1.0,DHL,Dummy Wennigsen,3,12.0,12.0
2.0,1.0,DHL,Dummy Wennigsen,4,10.0,10.0
2.0,1.0,DHL,Dummy Wennigsen,5,8.0,8.0
2.0,1.0,DHL,Paketzentrum / Zustellbasis Anderten,0,40.0,40.0
2.0,1.0,DHL,Paketzentrum / Zustellbasis Anderten,1,44.0,44.0
2.0,1.0,DHL,Paketzentrum / Zustellbasis Anderten,2,47.0,47.0
2.0,1.0,DHL,Paketzentrum / Zustellbasis Anderten,3,44.0,44.0
2.0,1.0,DHL,Paketzentrum / Zustellbasis Anderten,4,39.0,39.0
2.0,1.0,DHL,Paketzentrum / Zustellbasis Anderten,5,31.0,31.0
2.0,1.0,DHL,Zustellbasis Hannover am Güterbahnhof,0,102.0,102.0
2.0,1.0,DHL,Zustellbasis Hannover am Güterbahnhof,1,107.0,107.0
2.0,1.0,DHL,Zustellbasis Hannover am Güterbahnhof,2,122.0,122.0
2.0,1.0,DHL,Zustellbasis Hannover am Güterbahnhof,3,115.0,115.0
2.0,1.0,DHL,Zustellbasis Hannover am Güterbahnhof,4,97.0,97.0
2.0,1.0,DHL,Zustellbasis Hannover am Güterbahnhof,5,75.0,75.0
2.0,1.0,DHL,Zustellbasis Hannover-Süd,0,55.0,55.0
2.0,1.0,DHL,Zustellbasis Hannover-Süd,1,58.0,58.0
2.0,1.0,DHL,Zustellbasis Hannover-Süd,2,67.0,67.0
2.0,1.0,DHL,Zustellbasis Hannover-Süd,3,64.0,64.0
2.0,1.0,DHL,Zustellbasis Hannover-Süd,4,52.0,52.0
2.0,1.0,DHL,Zustellbasis Hannover-Süd,5,41.0,41.0
2.0,1.0,Amazon,Amazon Logistics HAJ8 in Garbsen,0,189.0,189.0
2.0,1.0,Amazon,Amazon Logistics HAJ8 in Garbsen,1,200.0,200.0
2.0,1.0,Amazon,Amazon Logistics HAJ8 in Garbsen,2,217.0,217.0
2.0,1.0,Amazon,Amazon Logistics HAJ8 in Garbsen,3,209.0,209.0
2.0,1.0,Amazon,Amazon Logistics HAJ8 in Garbsen,4,176.0,176.0
2.0,1.0,Amazon,Amazon Logistics HAJ8 in Garbsen,5,138.0,138.0
2.0,1.0,DPD,DPD Paketzentrum in Lehrte,0,94.0,93.0
2.0,1.0,DPD,DPD Paketzentrum in Lehrte,1,99.0,102.0
2.0,1.0,DPD,DPD Paketzentrum in Lehrte,2,121.0,114.0
2.0,1.0,DPD,DPD Paketzentrum in Lehrte,3,107.0,113.0
2.0,1.0,DPD,DPD Paketzentrum in Lehrte,4,90.0,86.0
2.0,1.0,DPD,DPD Paketzentrum in Lehrte,5,72.0,76.0
2.0,1.0,FedEx,FedEx Station - Heinz-Peter-Piper Str.,0,79.0,80.0
2.0,1.0,FedEx,FedEx Station - Heinz-Peter-Piper Str.,1,89.0,88.0
2.0,1.0,FedEx,FedEx Station - Heinz-Peter-Piper Str.,2,93.0,87.0
2.0,1.0,FedEx,FedEx Station - Heinz-Peter-Piper Str.,3,84.0,88.0
2.0,1.0,FedEx,FedEx Station - Heinz-Peter-Piper Str.,4,83.0,76.0
2.0,1.0,FedEx,FedEx Station - Heinz-Peter-Piper Str.,5,62.0,76.0
2.0,1.0,GLS,GLS in Hannover Laatzen,0,80.0,80.0
2.0,1.0,GLS,GLS in Hannover Laatzen,1,82.0,84.0
2.0,1.0,GLS,GLS in Hannover Laatzen,2,95.0,93.0
2.0,1.0,GLS,GLS in Hannover Laatzen,3,90.0,89.0
2.0,1.0,GLS,GLS in Hannover Laatzen,4,76.0,74.0
2.0,1.0,GLS,GLS in Hannover Laatzen,5,65.0,71.0
2.0,1.0,Hermes,Hermes LC Hannover Langenhagen,0,116.0,116.0
2.0,1.0,Hermes,Hermes LC Hannover Langenhagen,1,120.0,120.0
2.0,1.0,Hermes,Hermes LC Hannover Langenhagen,2,125.0,125.0
2.0,1.0,Hermes,Hermes LC Hannover Langenhagen,3,124.0,124.0
2.0,1.0,Hermes,Hermes LC Hannover Langenhagen,4,112.0,110.0
2.0,1.0,Hermes,Hermes LC Hannover Langenhagen,5,82.0,84.0
2.0,1.0,UPS,UPS Depot Hannover,0,97.0,100.0
2.0,1.0,UPS,UPS Depot Hannover,1,106.0,107.0
2.0,1.0,UPS,UPS Depot Hannover,2,120.0,112.0
2.0,1.0,UPS,UPS Depot Hannover,3,106.0,113.0
2.0,1.0,UPS,UPS Depot Hannover,4,101.0,89.0
2.0,1.0,UPS,UPS Depot Hannover,5,77.0,88.0
5.0,0.0,DHL,Brief- und Logistikzentrum in Pattensen (Hannover),0,26.0,26.0
5.0,0.0,DHL,Brief- und Logistikzentrum in Pattensen (Hannover),1,27.0,27.0
5.0,0.0,DHL,Brief- und Logistikzentrum in Pattensen (Hannover),2,28.0,28.0
5.0,0.0,DHL,Brief- und Logistikzentrum in Pattensen (Hannover),3,27.0,27.0
5.0,0.0,DHL,Brief- und Logistikzentrum in Pattensen (Hannover),4,24.0,24.0
5.0,0.0,DHL,Brief- und Logistikzentrum in Pattensen (Hannover),5,18.0,18.0
5.0,0.0,DHL,"Deutsche Post, Bantorf",0,10.0,10.0
5.0,0.0,DHL,"Deutsche Post, Bantorf",1,11.0,11.0
5.0,0.0,DHL,"Deutsche Post, Bantorf",2,13.0,13.0
5.0,0.0,DHL,"Deutsche Post, Bantorf",3,12.0,12.0
5.0,0.0,DHL,"Deutsche Post, Bantorf",4,10.0,10.0
5.0,0.0,DHL,"Deutsche Post, Bantorf",5,8.0,8.0
5.0,0.0,DHL,"Deutsche Post, Bissendorf",0,44.0,44.0
5.0,0.0,DHL,"Deutsche Post, Bissendorf",1,48.0,48.0
5.0,0.0,DHL,"Deutsche Post, Bissendorf",2,53.0,53.0
5.0,0.0,DHL,"Deutsche Post, Bissendorf",3,49.0,49.0
5.0,0.0,DHL,"Deutsche Post, Bissendorf",4,41.0,41.0
5.0,0.0,DHL,"Deutsche Post, Bissendorf",5,32.0,32.0
5.0,0.0,DHL,"Deutsche Post, Burgdorf",0,10.0,10.0
5.0,0.0,DHL,"Deutsche Post, Burgdorf",1,10.0,10.0
5.0,0.0,DHL,"Deutsche Post, Burgdorf",2,12.0,12.0
5.0,0.0,DHL,"Deutsche Post, Burgdorf",3,11.0,11.0
5.0,0.0,DHL,"Deutsche Post, Burgdorf",4,9.0,9.0
5.0,0.0,DHL,"Deutsche Post, Burgdorf",5,7.0,7.0
5.0,0.0,DHL,"Deutsche Post, Garbsen",0,12.0,12.0
5.0,0.0,DHL,"Deutsche Post, Garbsen",1,13.0,13.0
5.0,0.0,DHL,"Deutsche Post, Garbsen",2,15.0,15.0
5.0,0.0,DHL,"Deutsche Post, Garbsen",3,15.0,15.0
5.0,0.0,DHL,"Deutsche Post, Garbsen",4,12.0,12.0
5.0,0.0,DHL,"Deutsche Post, Garbsen",5,10.0,10.0
5.0,0.0,DHL,"Deutsche Post, Lehrte",0,14.0,14.0
5.0,0.0,DHL,"Deutsche Post, Lehrte",1,15.0,15.0
5.0,0.0,DHL,"Deutsche Post, Lehrte",2,17.0,17.0
5.0,0.0,DHL,"Deutsche Post, Lehrte",3,15.0,15.0
5.0,0.0,DHL,"Deutsche Post, Lehrte",4,13.0,13.0
5.0,0.0,DHL,"Deutsche Post, Lehrte",5,10.0,10.0
5.0,0.0,DHL,"Deutsche Post, Neustadt",0,13.0,13.0
5.0,0.0,DHL,"Deutsche Post, Neustadt",1,15.0,15.0
5.0,0.0,DHL,"Deutsche Post, Neustadt",2,16.0,16.0
5.0,0.0,DHL,"Deutsche Post, Neustadt",3,15.0,15.0
5.0,0.0,DHL,"Deutsche Post, Neustadt",4,13.0,13.0
5.0,0.0,DHL,"Deutsche Post, Neustadt",5,10.0,10.0
5.0,0.0,DHL,"Deutsche Post, Springe",0,9.0,9.0
5.0,0.0,DHL,"Deutsche Post, Springe",1,9.0,9.0
5.0,0.0,DHL,"Deutsche Post, Springe",2,11.0,11.0
5.0,0.0,DHL,"Deutsche Post, Springe",3,10.0,10.0
5.0,0.0,DHL,"Deutsche Post, Springe",4,9.0,9.0
5.0,0.0,DHL,"Deutsche Post, Springe",5,7.0,7.0
5.0,0.0,DHL,"Deutsche Post, Wunstorf",0,15.0,15.0
5.0,0.0,DHL,"Deutsche Post, Wunstorf",1,15.0,15.0
5.0,0.0,DHL,"Deutsche Post, Wunstorf",2,16.0,16.0
5.0,0.0,DHL,"Deutsche Post, Wunstorf",3,16.0,16.0
5.0,0.0,DHL,"Deutsche Post, Wunstorf",4,14.0,14.0
5.0,0.0,DHL,"Deutsche Post, Wunstorf",5,11.0,11.0
5.0,0.0,DHL,Dummy Seelze,0,17.0,17.0
5.0,0.0,DHL,Dummy Seelze,1,19.0,19.0
5.0,0.0,DHL,Dummy Seelze,2,21.0,21.0
5.0,0.0,DHL,Dummy Seelze,3,20.0,20.0
5.0,0.0,DHL,Dummy Seelze,4,17.0,17.0
5.0,0.0,DHL,Dummy Seelze,5,13.0,13.0
5.0,0.0,DHL,Dummy Sehnde,0,9.0,9.0
5.0,0.0,DHL,Dummy Sehnde,1,9.0,9.0
5.0,0.0,DHL,Dummy Sehnde,2,10.0,10.0
5.0,0.0,DHL,Dummy Sehnde,3,9.0,9.0
5.0,0.0,DHL,Dummy Sehnde,4,8.0,8.0
5.0,0.0,DHL,Dummy Sehnde,5,6.0,6.0
5.0,0.0,DHL,Dummy Uetze,0,7.0,7.0
5.0,0.0,DHL,Dummy Uetze,1,7.0,7.0
5.0,0.0,DHL,Dummy Uetze,2,7.0,7.0
5.0,0.0,DHL,Dummy Uetze,3,8.0,8.0
5.0,0.0,DHL,Dummy Uetze,4,6.0,6.0
5.0,0.0,DHL,Dummy Uetze,5,5.0,5.0
5.0,0.0,DHL,Dummy Wennigsen,0,11.0,11.0
5.0,0.0,DHL,Dummy Wennigsen,1,12.0,12.0
5.0,0.0,DHL,Dummy Wennigsen,2,12.0,12.0
5.0,0.0,DHL,Dummy Wennigsen,3,12.0,12.0
5.0,0.0,DHL,Dummy Wennigsen,4,10.0,10.0
5.0,0.0,DHL,Dummy Wennigsen,5,8.0,8.0
5.0,0.0,DHL,Paketzentrum / Zustellbasis Anderten,0,40.0,40.0
5.0,0.0,DHL,Paketzentrum / Zustellbasis Anderten,1,44.0,44.0
5.0,0.0,DHL,Paketzentrum / Zustellbasis Anderten,2,47.0,47.0
5.0,0.0,DHL,Paketzentrum / Zustellbasis Anderten,3,44.0,44.0
5.0,0.0,DHL,Paketzentrum / Zustellbasis Anderten,4,39.0,39.0
5.0,0.0,DHL,Paketzentrum / Zustellbasis Anderten,5,31.0,31.0
5.0,0.0,DHL,Zustellbasis Hannover am Güterbahnhof,0,102.0,102.0
5.0,0.0,DHL,Zustellbasis Hannover am Güterbahnhof,1,107.0,107.0
5.0,0.0,DHL,Zustellbasis Hannover am Güterbahnhof,2,122.0,122.0
5.0,0.0,DHL,Zustellbasis Hannover am Güterbahnhof,3,115.0,115.0
5.0,0.0,DHL,Zustellbasis Hannover am Güterbahnhof,4,97.0,97.0
5.0,0.0,DHL,Zustellbasis Hannover am Güterbahnhof,5,75.0,75.0
5.0,0.0,DHL,Zustellbasis Hannover-Süd,0,55.0,55.0
5.0,0.0,DHL,Zustellbasis Hannover-Süd,1,58.0,58.0
5.0,0.0,DHL,Zustellbasis Hannover-Süd,2,67.0,67.0
5.0,0.0,DHL,Zustellbasis Hannover-Süd,3,64.0,64.0
5.0,0.0,DHL,Zustellbasis Hannover-Süd,4,52.0,52.0
5.0,0.0,DHL,Zustellbasis Hannover-Süd,5,41.0,41.0
5.0,0.0,Amazon,Amazon Logistics HAJ8 in Garbsen,0,189.0,189.0
5.0,0.0,Amazon,Amazon Logistics HAJ8 in Garbsen,1,200.0,200.0
5.0,0.0,Amazon,Amazon Logistics HAJ8 in Garbsen,2,217.0,217.0
5.0,0.0,Amazon,Amazon Logistics HAJ8 in Garbsen,3,209.0,209.0
5.0,0.0,Amazon,Amazon Logistics HAJ8 in Garbsen,4,176.0,176.0
5.0,0.0,Amazon,Amazon Logistics HAJ8 in Garbsen,5,138.0,138.0
5.0,0.0,DPD,DPD Paketzentrum in Lehrte,0,93.0,93.0
5.0,0.0,DPD,DPD Paketzentrum in Lehrte,1,104.0,104.0
5.0,0.0,DPD,DPD Paketzentrum in Lehrte,2,118.0,118.0
5.0,0.0,DPD,DPD Paketzentrum in Lehrte,3,111.0,111.0
5.0,0.0,DPD,DPD Paketzentrum in Lehrte,4,90.0,90.0
5.0,0.0,DPD,DPD Paketzentrum in Lehrte,5,72.0,72.0
5.0,0.0,FedEx,FedEx Station - Heinz-Peter-Piper Str.,0,84.0,84.0
5.0,0.0,FedEx,FedEx Station - Heinz-Peter-Piper Str.,1,86.0,86.0
5.0,0.0,FedEx,FedEx Station - Heinz-Peter-Piper Str.,2,97.0,97.0
5.0,0.0,FedEx,FedEx Station - Heinz-Peter-Piper Str.,3,91.0,91.0
5.0,0.0,FedEx,FedEx Station - Heinz-Peter-Piper Str.,4,82.0,82.0
5.0,0.0,FedEx,FedEx Station - Heinz-Peter-Piper Str.,5,66.0,66.0
5.0,0.0,GLS,GLS in Hannover Laatzen,0,82.0,82.0
5.0,0.0,GLS,GLS in Hannover Laatzen,1,83.0,83.0
5.0,0.0,GLS,GLS in Hannover Laatzen,2,95.0,95.0
5.0,0.0,GLS,GLS in Hannover Laatzen,3,91.0,91.0
5.0,0.0,GLS,GLS in Hannover Laatzen,4,76.0,76.0
5.0,0.0,GLS,GLS in Hannover Laatzen,5,65.0,65.0
5.0,0.0,Hermes,Hermes LC Hannover Langenhagen,0,116.0,116.0
5.0,0.0,Hermes,Hermes LC Hannover Langenhagen,1,120.0,120.0
5.0,0.0,Hermes,Hermes LC Hannover Langenhagen,2,127.0,127.0
5.0,0.0,Hermes,Hermes LC Hannover Langenhagen,3,123.0,123.0
5.0,0.0,Hermes,Hermes LC Hannover Langenhagen,4,112.0,112.0
5.0,0.0,Hermes,Hermes LC Hannover Langenhagen,5,83.0,83.0
5.0,0.0,UPS,UPS Depot Hannover,0,100.0,100.0
5.0,0.0,UPS,UPS Depot Hannover,1,108.0,108.0
5.0,0.0,UPS,UPS Depot Hannover,2,118.0,118.0
5.0,0.0,UPS,UPS Depot Hannover,3,114.0,114.0
5.0,0.0,UPS,UPS Depot Hannover,4,95.0,95.0
5.0,0.0,UPS,UPS Depot Hannover,5,78.0,78.0
5.0,0.1,DHL,Brief- und Logistikzentrum in Pattensen (Hannover),0,26.0,26.0
5.0,0.1,DHL,Brief- und Logistikzentrum in Pattensen (Hannover),1,27.0,27.0
5.0,0.1,DHL,Brief- und Logistikzentrum in Pattensen (Hannover),2,28.0,28.0
5.0,0.1,DHL,Brief- und Logistikzentrum in Pattensen (Hannover),3,27.0,27.0
5.0,0.1,DHL,Brief- und Logistikzentrum in Pattensen (Hannover),4,24.0,24.0
5.0,0.1,DHL,Brief- und Logistikzentrum in Pattensen (Hannover),5,18.0,18.0
5.0,0.1,DHL,"Deutsche Post, Bantorf",0,10.0,10.0
5.0,0.1,DHL,"Deutsche Post, Bantorf",1,11.0,11.0
5.0,0.1,DHL,"Deutsche Post, Bantorf",2,13.0,13.0
5.0,0.1,DHL,"Deutsche Post, Bantorf",3,12.0,12.0
5.0,0.1,DHL,"Deutsche Post, Bantorf",4,10.0,10.0
5.0,0.1,DHL,"Deutsche Post, Bantorf",5,8.0,8.0
5.0,0.1,DHL,"Deutsche Post, Bissendorf",0,44.0,44.0
5.0,0.1,DHL,"Deutsche Post, Bissendorf",1,48.0,48.0
5.0,0.1,DHL,"Deutsche Post, Bissendorf",2,53.0,53.0
5.0,0.1,DHL,"Deutsche Post, Bissendorf",3,49.0,49.0
5.0,0.1,DHL,"Deutsche Post, Bissendorf",4,41.0,41.0
5.0,0.1,DHL,"Deutsche Post, Bissendorf",5,32.0,32.0
5.0,0.1,DHL,"Deutsche Post, Burgdorf",0,10.0,10.0
5.0,0.1,DHL,"Deutsche Post, Burgdorf",1,10.0,10.0
5.0,0.1,DHL,"Deutsche Post, Burgdorf",2,12.0,12.0
5.0,0.1,DHL,"Deutsche Post, Burgdorf",3,11.0,11.0
5.0,0.1,DHL,"Deutsche Post, Burgdorf",4,9.0,9.0
5.0,0.1,DHL,"Deutsche Post, Burgdorf",5,7.0,7.0
5.0,0.1,DHL,"Deutsche Post, Garbsen",0,12.0,12.0
5.0,0.1,DHL,"Deutsche Post, Garbsen",1,13.0,13.0
5.0,0.1,DHL,"Deutsche Post, Garbsen",2,15.0,15.0
5.0,0.1,DHL,"Deutsche Post, Garbsen",3,15.0,15.0
5.0,0.1,DHL,"Deutsche Post, Garbsen",4,12.0,12.0
5.0,0.1,DHL,"Deutsche Post, Garbsen",5,10.0,10.0
5.0,0.1,DHL,"Deutsche Post, Lehrte",0,14.0,14.0
5.0,0.1,DHL,"Deutsche Post, Lehrte",1,15.0,15.0
5.0,0.1,DHL,"Deutsche Post, Lehrte",2,17.0,17.0
5.0,0.1,DHL,"Deutsche Post, Lehrte",3,15.0,15.0
5.0,0.1,DHL,"Deutsche Post, Lehrte",4,13.0,13.0
5.0,0.1,DHL,"Deutsche Post, Lehrte",5,10.0,10.0
5.0,0.1,DHL,"Deutsche Post, Neustadt",0,13.0,13.0
5.0,0.1,DHL,"Deutsche Post, Neustadt",1,15.0,15.0
5.0,0.1,DHL,"Deutsche Post, Neustadt",2,16.0,16.0
5.0,0.1,DHL,"Deutsche Post, Neustadt",3,15.0,15.0
5.0,0.1,DHL,"Deutsche Post, Neustadt",4,13.0,13.0
5.0,0.1,DHL,"Deutsche Post, Neustadt",5,10.0,10.0
5.0,0.1,DHL,"Deutsche Post, Springe",0,9.0,9.0
5.0,0.1,DHL,"Deutsche Post, Springe",1,9.0,9.0
5.0,0.1,DHL,"Deutsche Post, Springe",2,11.0,11.0
5.0,0.1,DHL,"Deutsche Post, Springe",3,10.0,10.0
5.0,0.1,DHL,"Deutsche Post, Springe",4,9.0,9.0
5.0,0.1,DHL,"Deutsche Post, Springe",5,7.0,7.0
5.0,0.1,DHL,"Deutsche Post, Wunstorf",0,15.0,15.0
5.0,0.1,DHL,"Deutsche Post, Wunstorf",1,15.0,15.0
5.0,0.1,DHL,"Deutsche Post, Wunstorf",2,16.0,16.0
5.0,0.1,DHL,"Deutsche Post, Wunstorf",3,16.0,16.0
5.0,0.1,DHL,"Deutsche Post, Wunstorf",4,14.0,14.0
5.0,0.1,DHL,"Deutsche Post, Wunstorf",5,11.0,11.0
5.0,0.1,DHL,Dummy Seelze,0,17.0,17.0
5.0,0.1,DHL,Dummy Seelze,1,19.0,19.0
5.0,0.1,DHL,Dummy Seelze,2,21.0,21.0
5.0,0.1,DHL,Dummy Seelze,3,20.0,20.0
5.0,0.1,DHL,Dummy Seelze,4,17.0,17.0
5.0,0.1,DHL,Dummy Seelze,5,13.0,13.0
5.0,0.1,DHL,Dummy Sehnde,0,9.0,9.0
5.0,0.1,DHL,Dummy Sehnde,1,9.0,9.0
5.0,0.1,DHL,Dummy Sehnde,2,10.0,10.0
5.0,0.1,DHL,Dummy Sehnde,3,9.0,9.0
5.0,0.1,DHL,Dummy Sehnde,4,8.0,8.0
5.0,0.1,DHL,Dummy Sehnde,5,6.0,6.0
5.0,0.1,DHL,Dummy Uetze,0,7.0,7.0
5.0,0.1,DHL,Dummy Uetze,1,7.0,7.0
5.0,0.1,DHL,Dummy Uetze,2,7.0,7.0
5.0,0.1,DHL,Dummy Uetze,3,8.0,8.0
5.0,0.1,DHL,Dummy Uetze,4,6.0,6.0
5.0,0.1,DHL,Dummy Uetze,5,5.0,5.0
5.0,0.1,DHL,Dummy Wennigsen,0,11.0,11.0
5.0,0.1,DHL,Dummy Wennigsen,1,12.0,12.0
5.0,0.1,DHL,Dummy Wennigsen,2,12.0,12.0
5.0,0.1,DHL,Dummy Wennigsen,3,12.0,12.0
5.0,0.1,DHL,Dummy Wennigsen,4,10.0,10.0
5.0,0.1,DHL,Dummy Wennigsen,5,8.0,8.0
5.0,0.1,DHL,Paketzentrum / Zustellbasis Anderten,0,40.0,40.0
5.0,0.1,DHL,Paketzentrum / Zustellbasis Anderten,1,44.0,44.0
5.0,0.1,DHL,Paketzentrum / Zustellbasis Anderten,2,47.0,47.0
5.0,0.1,DHL,Paketzentrum / Zustellbasis Anderten,3,44.0,44.0
5.0,0.1,DHL,Paketzentrum / Zustellbasis Anderten,4,39.0,39.0
5.0,0.1,DHL,Paketzentrum / Zustellbasis Anderten,5,31.0,31.0
5.0,0.1,DHL,Zustellbasis Hannover am Güterbahnhof,0,102.0,102.0
5.0,0.1,DHL,Zustellbasis Hannover am Güterbahnhof,1,107.0,107.0
5.0,0.1,DHL,Zustellbasis Hannover am Güterbahnhof,2,122.0,122.0
5.0,0.1,DHL,Zustellbasis Hannover am Güterbahnhof,3,115.0,115.0
5.0,0.1,DHL,Zustellbasis Hannover am Güterbahnhof,4,97.0,97.0
5.0,0.1,DHL,Zustellbasis Hannover am Güterbahnhof,5,75.0,75.0
5.0,0.1,DHL,Zustellbasis Hannover-Süd,0,55.0,55.0
5.0,0.1,DHL,Zustellbasis Hannover-Süd,1,58.0,58.0
5.0,0.1,DHL,Zustellbasis Hannover-Süd,2,67.0,67.0
5.0,0.1,DHL,Zustellbasis Hannover-Süd,3,64.0,64.0
5.0,0.1,DHL,Zustellbasis Hannover-Süd,4,52.0,52.0
5.0,0.1,DHL,Zustellbasis Hannover-Süd,5,41.0,41.0
5.0,0.1,Amazon,Amazon Logistics HAJ8 in Garbsen,0,188.0,188.0
5.0,0.1,Amazon,Amazon Logistics HAJ8 in Garbsen,1,199.0,199.0
5.0,0.1,Amazon,Amazon Logistics HAJ8 in Garbsen,2,216.0,216.0
5.0,0.1,Amazon,Amazon Logistics HAJ8 in Garbsen,3,209.0,209.0
5.0,0.1,Amazon,Amazon Logistics HAJ8 in Garbsen,4,174.0,174.0
5.0,0.1,Amazon,Amazon Logistics HAJ8 in Garbsen,5,138.0,139.0
5.0,0.1,DPD,DPD Paketzentrum in Lehrte,0,93.0,94.0
5.0,0.1,DPD,DPD Paketzentrum in Lehrte,1,99.0,99.0
5.0,0.1,DPD,DPD Paketzentrum in Lehrte,2,115.0,112.0
5.0,0.1,DPD,DPD Paketzentrum in Lehrte,3,106.0,109.0
5.0,0.1,DPD,DPD Paketzentrum in Lehrte,4,87.0,87.0
5.0,0.1,DPD,DPD Paketzentrum in Lehrte,5,72.0,83.0
5.0,0.1,FedEx,FedEx Station - Heinz-Peter-Piper Str.,0,84.0,84.0
5.0,0.1,FedEx,FedEx Station - Heinz-Peter-Piper Str.,1,86.0,86.0
5.0,0.1,FedEx,FedEx Station - Heinz-Peter-Piper Str.,2,97.0,97.0
5.0,0.1,FedEx,FedEx Station - Heinz-Peter-Piper Str.,3,92.0,92.0
5.0,0.1,FedEx,FedEx Station - Heinz-Peter-Piper Str.,4,82.0,82.0
5.0,0.1,FedEx,FedEx Station - Heinz-Peter-Piper Str.,5,66.0,66.0
5.0,0.1,GLS,GLS in Hannover Laatzen,0,80.0,80.0
5.0,0.1,GLS,GLS in Hannover Laatzen,1,83.0,83.0
5.0,0.1,GLS,GLS in Hannover Laatzen,2,96.0,94.0
5.0,0.1,GLS,GLS in Hannover Laatzen,3,88.0,89.0
5.0,0.1,GLS,GLS in Hannover Laatzen,4,75.0,75.0
5.0,0.1,GLS,GLS in Hannover Laatzen,5,63.0,69.0
5.0,0.1,Hermes,Hermes LC Hannover Langenhagen,0,116.0,116.0
5.0,0.1,Hermes,Hermes LC Hannover Langenhagen,1,120.0,120.0
5.0,0.1,Hermes,Hermes LC Hannover Langenhagen,2,126.0,126.0
5.0,0.1,Hermes,Hermes LC Hannover Langenhagen,3,123.0,123.0
5.0,0.1,Hermes,Hermes LC Hannover Langenhagen,4,110.0,110.0
5.0,0.1,Hermes,Hermes LC Hannover Langenhagen,5,81.0,85.0
5.0,0.1,UPS,UPS Depot Hannover,0,100.0,100.0
5.0,0.1,UPS,UPS Depot Hannover,1,108.0,108.0
5.0,0.1,UPS,UPS Depot Hannover,2,118.0,118.0
5.0,0.1,UPS,UPS Depot Hannover,3,114.0,114.0
5.0,0.1,UPS,UPS Depot Hannover,4,95.0,95.0
5.0,0.1,UPS,UPS Depot Hannover,5,78.0,78.0
5.0,0.2,DHL,Brief- und Logistikzentrum in Pattensen (Hannover),0,26.0,26.0
5.0,0.2,DHL,Brief- und Logistikzentrum in Pattensen (Hannover),1,27.0,27.0
5.0,0.2,DHL,Brief- und Logistikzentrum in Pattensen (Hannover),2,28.0,28.0
5.0,0.2,DHL,Brief- und Logistikzentrum in Pattensen (Hannover),3,27.0,27.0
5.0,0.2,DHL,Brief- und Logistikzentrum in Pattensen (Hannover),4,24.0,24.0
5.0,0.2,DHL,Brief- und Logistikzentrum in Pattensen (Hannover),5,18.0,18.0
5.0,0.2,DHL,"Deutsche Post, Bantorf",0,10.0,10.0
5.0,0.2,DHL,"Deutsche Post, Bantorf",1,11.0,11.0
5.0,0.2,DHL,"Deutsche Post, Bantorf",2,13.0,13.0
5.0,0.2,DHL,"Deutsche Post, Bantorf",3,12.0,12.0
5.0,0.2,DHL,"Deutsche Post, Bantorf",4,10.0,10.0
5.0,0.2,DHL,"Deutsche Post, Bantorf",5,8.0,8.0
5.0,0.2,DHL,"Deutsche Post, Bissendorf",0,44.0,44.0
5.0,0.2,DHL,"Deutsche Post, Bissendorf",1,48.0,48.0
5.0,0.2,DHL,"Deutsche Post, Bissendorf",2,53.0,53.0
5.0,0.2,DHL,"Deutsche Post, Bissendorf",3,49.0,49.0
5.0,0.2,DHL,"Deutsche Post, Bissendorf",4,41.0,41.0
5.0,0.2,DHL,"Deutsche Post, Bissendorf",5,32.0,32.0
5.0,0.2,DHL,"Deutsche Post, Burgdorf",0,10.0,10.0
5.0,0.2,DHL,"Deutsche Post, Burgdorf",1,10.0,10.0
5.0,0.2,DHL,"Deutsche Post, Burgdorf",2,12.0,12.0
5.0,0.2,DHL,"Deutsche Post, Burgdorf",3,11.0,11.0
5.0,0.2,DHL,"Deutsche Post, Burgdorf",4,9.0,9.0
5.0,0.2,DHL,"Deutsche Post, Burgdorf",5,7.0,7.0
5.0,0.2,DHL,"Deutsche Post, Garbsen",0,12.0,12.0
5.0,0.2,DHL,"Deutsche Post, Garbsen",1,13.0,13.0
5.0,0.2,DHL,"Deutsche Post, Garbsen",2,15.0,15.0
5.0,0.2,DHL,"Deutsche Post, Garbsen",3,15.0,15.0
5.0,0.2,DHL,"Deutsche Post, Garbsen",4,12.0,12.0
5.0,0.2,DHL,"Deutsche Post, Garbsen",5,10.0,10.0
5.0,0.2,DHL,"Deutsche Post, Lehrte",0,14.0,14.0
5.0,0.2,DHL,"Deutsche Post, Lehrte",1,15.0,15.0
5.0,0.2,DHL,"Deutsche Post, Lehrte",2,17.0,17.0
5.0,0.2,DHL,"Deutsche Post, Lehrte",3,15.0,15.0
5.0,0.2,DHL,"Deutsche Post, Lehrte",4,13.0,13.0
5.0,0.2,DHL,"Deutsche Post, Lehrte",5,10.0,10.0
5.0,0.2,DHL,"Deutsche Post, Neustadt",0,13.0,13.0
5.0,0.2,DHL,"Deutsche Post, Neustadt",1,15.0,15.0
5.0,0.2,DHL,"Deutsche Post, Neustadt",2,16.0,16.0
5.0,0.2,DHL,"Deutsche Post, Neustadt",3,15.0,15.0
5.0,0.2,DHL,"Deutsche Post, Neustadt",4,13.0,13.0
5.0,0.2,DHL,"Deutsche Post, Neustadt",5,10.0,10.0
5.0,0.2,DHL,"Deutsche Post, Springe",0,9.0,9.0
5.0,0.2,DHL,"Deutsche Post, Springe",1,9.0,9.0
5.0,0.2,DHL,"Deutsche Post, Springe",2,11.0,11.0
5.0,0.2,DHL,"Deutsche Post, Springe",3,10.0,10.0
5.0,0.2,DHL,"Deutsche Post, Springe",4,9.0,9.0
5.0,0.2,DHL,"Deutsche Post, Springe",5,7.0,7.0
5.0,0.2,DHL,"Deutsche Post, Wunstorf",0,15.0,15.0
5.0,0.2,DHL,"Deutsche Post, Wunstorf",1,15.0,15.0
5.0,0.2,DHL,"Deutsche Post, Wunstorf",2,16.0,16.0
5.0,0.2,DHL,"Deutsche Post, Wunstorf",3,16.0,16.0
5.0,0.2,DHL,"Deutsche Post, Wunstorf",4,14.0,14.0
5.0,0.2,DHL,"Deutsche Post, Wunstorf",5,11.0,11.0
5.0,0.2,DHL,Dummy Seelze,0,17.0,17.0
5.0,0.2,DHL,Dummy Seelze,1,19.0,19.0
5.0,0.2,DHL,Dummy Seelze,2,21.0,21.0
5.0,0.2,DHL,Dummy Seelze,3,20.0,20.0
5.0,0.2,DHL,Dummy Seelze,4,17.0,17.0
5.0,0.2,DHL,Dummy Seelze,5,13.0,13.0
5.0,0.2,DHL,Dummy Sehnde,0,9.0,9.0
5.0,0.2,DHL,Dummy Sehnde,1,9.0,9.0
5.0,0.2,DHL,Dummy Sehnde,2,10.0,10.0
5.0,0.2,DHL,Dummy Sehnde,3,9.0,9.0
5.0,0.2,DHL,Dummy Sehnde,4,8.0,8.0
5.0,0.2,DHL,Dummy Sehnde,5,6.0,6.0
5.0,0.2,DHL,Dummy Uetze,0,7.0,7.0
5.0,0.2,DHL,Dummy Uetze,1,7.0,7.0
5.0,0.2,DHL,Dummy Uetze,2,7.0,7.0
5.0,0.2,DHL,Dummy Uetze,3,8.0,8.0
5.0,0.2,DHL,Dummy Uetze,4,6.0,6.0
5.0,0.2,DHL,Dummy Uetze,5,5.0,5.0
5.0,0.2,DHL,Dummy Wennigsen,0,11.0,11.0
5.0,0.2,DHL,Dummy Wennigsen,1,12.0,12.0
5.0,0.2,DHL,Dummy Wennigsen,2,12.0,12.0
5.0,0.2,DHL,Dummy Wennigsen,3,12.0,12.0
5.0,0.2,DHL,Dummy Wennigsen,4,10.0,10.0
5.0,0.2,DHL,Dummy Wennigsen,5,8.0,8.0
5.0,0.2,DHL,Paketzentrum / Zustellbasis Anderten,0,40.0,40.0
5.0,0.2,DHL,Paketzentrum / Zustellbasis Anderten,1,44.0,44.0
5.0,0.2,DHL,Paketzentrum / Zustellbasis Anderten,2,47.0,47.0
5.0,0.2,DHL,Paketzentrum / Zustellbasis Anderten,3,44.0,44.0
5.0,0.2,DHL,Paketzentrum / Zustellbasis Anderten,4,39.0,39.0
5.0,0.2,DHL,Paketzentrum / Zustellbasis Anderten,5,31.0,31.0
5.0,0.2,DHL,Zustellbasis Hannover am Güterbahnhof,0,102.0,102.0
5.0,0.2,DHL,Zustellbasis Hannover am Güterbahnhof,1,107.0,107.0
5.0,0.2,DHL,Zustellbasis Hannover am Güterbahnhof,2,122.0,122.0
5.0,0.2,DHL,Zustellbasis Hannover am Güterbahnhof,3,115.0,115.0
5.0,0.2,DHL,Zustellbasis Hannover am Güterbahnhof,4,97.0,97.0
5.0,0.2,DHL,Zustellbasis Hannover am Güterbahnhof,5,75.0,75.0
5.0,0.2,DHL,Zustellbasis Hannover-Süd,0,55.0,55.0
5.0,0.2,DHL,Zustellbasis Hannover-Süd,1,58.0,58.0
5.0,0.2,DHL,Zustellbasis Hannover-Süd,2,67.0,67.0
5.0,0.2,DHL,Zustellbasis Hannover-Süd,3,64.0,64.0
5.0,0.2,DHL,Zustellbasis Hannover-Süd,4,52.0,52.0
5.0,0.2,DHL,Zustellbasis Hannover-Süd,5,41.0,41.0
5.0,0.2,Amazon,Amazon Logistics HAJ8 in Garbsen,0,182.0,185.0
5.0,0.2,Amazon,Amazon Logistics HAJ8 in Garbsen,1,200.0,200.0
5.0,0.2,Amazon,Amazon Logistics HAJ8 in Garbsen,2,214.0,213.0
5.0,0.2,Amazon,Amazon Logistics HAJ8 in Garbsen,3,206.0,209.0
5.0,0.2,Amazon,Amazon Logistics HAJ8 in Garbsen,4,173.0,173.0
5.0,0.2,Amazon,Amazon Logistics HAJ8 in Garbsen,5,138.0,148.0
5.0,0.2,DPD,DPD Paketzentrum in Lehrte,0,90.0,93.0
5.0,0.2,DPD,DPD Paketzentrum in Lehrte,1,102.0,104.0
5.0,0.2,DPD,DPD Paketzentrum in Lehrte,2,108.0,108.0
5.0,0.2,DPD,DPD Paketzentrum in Lehrte,3,112.0,107.0
5.0,0.2,DPD,DPD Paketzentrum in Lehrte,4,88.0,85.0
5.0,0.2,DPD,DPD Paketzentrum in Lehrte,5,74.0,83.0
5.0,0.2,FedEx,FedEx Station - Heinz-Peter-Piper Str.,0,84.0,84.0
5.0,0.2,FedEx,FedEx Station - Heinz-Peter-Piper Str.,1,86.0,86.0
5.0,0.2,FedEx,FedEx Station - Heinz-Peter-Piper Str.,2,97.0,97.0
5.0,0.2,FedEx,FedEx Station - Heinz-Peter-Piper Str.,3,91.0,91.0
5.0,0.2,FedEx,FedEx Station - Heinz-Peter-Piper Str.,4,82.0,82.0
5.0,0.2,FedEx,FedEx Station - Heinz-Peter-Piper Str.,5,66.0,66.0
5.0,0.2,GLS,GLS in Hannover Laatzen,0,81.0,81.0
5.0,0.2,GLS,GLS in Hannover Laatzen,1,82.0,82.0
5.0,0.2,GLS,GLS in Hannover Laatzen,2,92.0,92.0
5.0,0.2,GLS,GLS in Hannover Laatzen,3,92.0,92.0
5.0,0.2,GLS,GLS in Hannover Laatzen,4,75.0,75.0
5.0,0.2,GLS,GLS in Hannover Laatzen,5,65.0,72.0
5.0,0.2,Hermes,Hermes LC Hannover Langenhagen,0,116.0,116.0
5.0,0.2,Hermes,Hermes LC Hannover Langenhagen,1,118.0,118.0
5.0,0.2,Hermes,Hermes LC Hannover Langenhagen,2,127.0,124.0
5.0,0.2,Hermes,Hermes LC Hannover Langenhagen,3,122.0,123.0
5.0,0.2,Hermes,Hermes LC Hannover Langenhagen,4,108.0,108.0
5.0,0.2,Hermes,Hermes LC Hannover Langenhagen,5,78.0,95.0
5.0,0.2,UPS,UPS Depot Hannover,0,100.0,100.0
5.0,0.2,UPS,UPS Depot Hannover,1,108.0,108.0
5.0,0.2,UPS,UPS Depot Hannover,2,118.0,118.0
5.0,0.2,UPS,UPS Depot Hannover,3,114.0,114.0
5.0,0.2,UPS,UPS Depot Hannover,4,95.0,95.0
5.0,0.2,UPS,UPS Depot Hannover,5,78.0,78.0
5.0,0.3,DHL,Brief- und Logistikzentrum in Pattensen (Hannover),0,26.0,26.0
5.0,0.3,DHL,Brief- und Logistikzentrum in Pattensen (Hannover),1,27.0,27.0
5.0,0.3,DHL,Brief- und Logistikzentrum in Pattensen (Hannover),2,28.0,28.0
5.0,0.3,DHL,Brief- und Logistikzentrum in Pattensen (Hannover),3,27.0,27.0
5.0,0.3,DHL,Brief- und Logistikzentrum in Pattensen (Hannover),4,24.0,24.0
5.0,0.3,DHL,Brief- und Logistikzentrum in Pattensen (Hannover),5,18.0,18.0
5.0,0.3,DHL,"Deutsche Post, Bantorf",0,10.0,10.0
5.0,0.3,DHL,"Deutsche Post, Bantorf",1,11.0,11.0
5.0,0.3,DHL,"Deutsche Post, Bantorf",2,13.0,13.0
5.0,0.3,DHL,"Deutsche Post, Bantorf",3,12.0,12.0
5.0,0.3,DHL,"Deutsche Post, Bantorf",4,10.0,10.0
5.0,0.3,DHL,"Deutsche Post, Bantorf",5,8.0,8.0
5.0,0.3,DHL,"Deutsche Post, Bissendorf",0,44.0,44.0
5.0,0.3,DHL,"Deutsche Post, Bissendorf",1,48.0,48.0
5.0,0.3,DHL,"Deutsche Post, Bissendorf",2,53.0,53.0
5.0,0.3,DHL,"Deutsche Post, Bissendorf",3,49.0,49.0
5.0,0.3,DHL,"Deutsche Post, Bissendorf",4,41.0,41.0
5.0,0.3,DHL,"Deutsche Post, Bissendorf",5,32.0,32.0
5.0,0.3,DHL,"Deutsche Post, Burgdorf",0,10.0,10.0
5.0,0.3,DHL,"Deutsche Post, Burgdorf",1,10.0,10.0
5.0,0.3,DHL,"Deutsche Post, Burgdorf",2,12.0,12.0
5.0,0.3,DHL,"Deutsche Post, Burgdorf",3,11.0,11.0
5.0,0.3,DHL,"Deutsche Post, Burgdorf",4,9.0,9.0
5.0,0.3,DHL,"Deutsche Post, Burgdorf",5,7.0,7.0
5.0,0.3,DHL,"Deutsche Post, Garbsen",0,12.0,12.0
5.0,0.3,DHL,"Deutsche Post, Garbsen",1,13.0,13.0
5.0,0.3,DHL,"Deutsche Post, Garbsen",2,15.0,15.0
5.0,0.3,DHL,"Deutsche Post, Garbsen",3,15.0,15.0
5.0,0.3,DHL,"Deutsche Post, Garbsen",4,12.0,12.0
5.0,0.3,DHL,"Deutsche Post, Garbsen",5,10.0,10.0
5.0,0.3,DHL,"Deutsche Post, Lehrte",0,14.0,14.0
5.0,0.3,DHL,"Deutsche Post, Lehrte",1,15.0,15.0
5.0,0.3,DHL,"Deutsche Post, Lehrte",2,17.0,17.0
5.0,0.3,DHL,"Deutsche Post, Lehrte",3,15.0,15.0
5.0,0.3,DHL,"Deutsche Post, Lehrte",4,13.0,13.0
5.0,0.3,DHL,"Deutsche Post, Lehrte",5,10.0,10.0
5.0,0.3,DHL,"Deutsche Post, Neustadt",0,13.0,13.0
5.0,0.3,DHL,"Deutsche Post, Neustadt",1,15.0,15.0
5.0,0.3,DHL,"Deutsche Post, Neustadt",2,16.0,16.0
5.0,0.3,DHL,"Deutsche Post, Neustadt",3,15.0,15.0
5.0,0.3,DHL,"Deutsche Post, Neustadt",4,13.0,13.0
5.0,0.3,DHL,"Deutsche Post, Neustadt",5,10.0,10.0
5.0,0.3,DHL,"Deutsche Post, Springe",0,9.0,9.0
5.0,0.3,DHL,"Deutsche Post, Springe",1,9.0,9.0
5.0,0.3,DHL,"Deutsche Post, Springe",2,11.0,11.0
5.0,0.3,DHL,"Deutsche Post, Springe",3,10.0,10.0
5.0,0.3,DHL,"Deutsche Post, Springe",4,9.0,9.0
5.0,0.3,DHL,"Deutsche Post, Springe",5,7.0,7.0
5.0,0.3,DHL,"Deutsche Post, Wunstorf",0,15.0,15.0
5.0,0.3,DHL,"Deutsche Post, Wunstorf",1,15.0,15.0
5.0,0.3,DHL,"Deutsche Post, Wunstorf",2,16.0,16.0
5.0,0.3,DHL,"Deutsche Post, Wunstorf",3,16.0,16.0
5.0,0.3,DHL,"Deutsche Post, Wunstorf",4,14.0,14.0
5.0,0.3,DHL,"Deutsche Post, Wunstorf",5,11.0,11.0
5.0,0.3,DHL,Dummy Seelze,0,17.0,17.0
5.0,0.3,DHL,Dummy Seelze,1,19.0,19.0
5.0,0.3,DHL,Dummy Seelze,2,21.0,21.0
5.0,0.3,DHL,Dummy Seelze,3,20.0,20.0
5.0,0.3,DHL,Dummy Seelze,4,17.0,17.0
5.0,0.3,DHL,Dummy Seelze,5,13.0,13.0
5.0,0.3,DHL,Dummy Sehnde,0,9.0,9.0
5.0,0.3,DHL,Dummy Sehnde,1,9.0,9.0
5.0,0.3,DHL,Dummy Sehnde,2,10.0,10.0
5.0,0.3,DHL,Dummy Sehnde,3,9.0,9.0
5.0,0.3,DHL,Dummy Sehnde,4,8.0,8.0
5.0,0.3,DHL,Dummy Sehnde,5,6.0,6.0
5.0,0.3,DHL,Dummy Uetze,0,7.0,7.0
5.0,0.3,DHL,Dummy Uetze,1,7.0,7.0
5.0,0.3,DHL,Dummy Uetze,2,7.0,7.0
5.0,0.3,DHL,Dummy Uetze,3,8.0,8.0
5.0,0.3,DHL,Dummy Uetze,4,6.0,6.0
5.0,0.3,DHL,Dummy Uetze,5,5.0,5.0
5.0,0.3,DHL,Dummy Wennigsen,0,11.0,11.0
5.0,0.3,DHL,Dummy Wennigsen,1,12.0,12.0
5.0,0.3,DHL,Dummy Wennigsen,2,12.0,12.0
5.0,0.3,DHL,Dummy Wennigsen,3,12.0,12.0
5.0,0.3,DHL,Dummy Wennigsen,4,10.0,10.0
5.0,0.3,DHL,Dummy Wennigsen,5,8.0,8.0
5.0,0.3,DHL,Paketzentrum / Zustellbasis Anderten,0,40.0,40.0
5.0,0.3,DHL,Paketzentrum / Zustellbasis Anderten,1,44.0,44.0
5.0,0.3,DHL,Paketzentrum / Zustellbasis Anderten,2,47.0,47.0
5.0,0.3,DHL,Paketzentrum / Zustellbasis Anderten,3,44.0,44.0
5.0,0.3,DHL,Paketzentrum / Zustellbasis Anderten,4,39.0,39.0
5.0,0.3,DHL,Paketzentrum / Zustellbasis Anderten,5,31.0,31.0
5.0,0.3,DHL,Zustellbasis Hannover am Güterbahnhof,0,102.0,102.0
5.0,0.3,DHL,Zustellbasis Hannover am Güterbahnhof,1,107.0,107.0
5.0,0.3,DHL,Zustellbasis Hannover am Güterbahnhof,2,122.0,122.0
5.0,0.3,DHL,Zustellbasis Hannover am Güterbahnhof,3,115.0,115.0
5.0,0.3,DHL,Zustellbasis Hannover am Güterbahnhof,4,97.0,97.0
5.0,0.3,DHL,Zustellbasis Hannover am Güterbahnhof,5,75.0,75.0
5.0,0.3,DHL,Zustellbasis Hannover-Süd,0,55.0,55.0
5.0,0.3,DHL,Zustellbasis Hannover-Süd,1,58.0,58.0
5.0,0.3,DHL,Zustellbasis Hannover-Süd,2,67.0,67.0
5.0,0.3,DHL,Zustellbasis Hannover-Süd,3,64.0,64.0
5.0,0.3,DHL,Zustellbasis Hannover-Süd,4,52.0,52.0
5.0,0.3,DHL,Zustellbasis Hannover-Süd,5,41.0,41.0
5.0,0.3,Amazon,Amazon Logistics HAJ8 in Garbsen,0,189.0,189.0
5.0,0.3,Amazon,Amazon Logistics HAJ8 in Garbsen,1,200.0,200.0
5.0,0.3,Amazon,Amazon Logistics HAJ8 in Garbsen,2,217.0,217.0
5.0,0.3,Amazon,Amazon Logistics HAJ8 in Garbsen,3,209.0,209.0
5.0,0.3,Amazon,Amazon Logistics HAJ8 in Garbsen,4,176.0,176.0
5.0,0.3,Amazon,Amazon Logistics HAJ8 in Garbsen,5,138.0,138.0
5.0,0.3,DPD,DPD Paketzentrum in Lehrte,0,93.0,93.0
5.0,0.3,DPD,DPD Paketzentrum in Lehrte,1,99.0,102.0
5.0,0.3,DPD,DPD Paketzentrum in Lehrte,2,114.0,111.0
5.0,0.3,DPD,DPD Paketzentrum in Lehrte,3,111.0,111.0
5.0,0.3,DPD,DPD Paketzentrum in Lehrte,4,90.0,89.0
5.0,0.3,DPD,DPD Paketzentrum in Lehrte,5,72.0,73.0
5.0,0.3,FedEx,FedEx Station - Heinz-Peter-Piper Str.,0,84.0,84.0
5.0,0.3,FedEx,FedEx Station - Heinz-Peter-Piper Str.,1,86.0,86.0
5.0,0.3,FedEx,FedEx Station - Heinz-Peter-Piper Str.,2,97.0,97.0
5.0,0.3,FedEx,FedEx Station - Heinz-Peter-Piper Str.,3,91.0,91.0
5.0,0.3,FedEx,FedEx Station - Heinz-Peter-Piper Str.,4,82.0,82.0
5.0,0.3,FedEx,FedEx Station - Heinz-Peter-Piper Str.,5,66.0,66.0
5.0,0.3,GLS,GLS in Hannover Laatzen,0,78.0,82.0
5.0,0.3,GLS,GLS in Hannover Laatzen,1,83.0,83.0
5.0,0.3,GLS,GLS in Hannover Laatzen,2,87.0,90.0
5.0,0.3,GLS,GLS in Hannover Laatzen,3,92.0,89.0
5.0,0.3,GLS,GLS in Hannover Laatzen,4,79.0,75.0
5.0,0.3,GLS,GLS in Hannover Laatzen,5,65.0,71.0
5.0,0.3,Hermes,Hermes LC Hannover Langenhagen,0,108.0,114.0
5.0,0.3,Hermes,Hermes LC Hannover Langenhagen,1,118.0,119.0
5.0,0.3,Hermes,Hermes LC Hannover Langenhagen,2,125.0,123.0
5.0,0.3,Hermes,Hermes LC Hannover Langenhagen,3,123.0,123.0
5.0,0.3,Hermes,Hermes LC Hannover Langenhagen,4,109.0,102.0
5.0,0.3,Hermes,Hermes LC Hannover Langenhagen,5,85.0,95.0
5.0,0.3,UPS,UPS Depot Hannover,0,100.0,100.0
5.0,0.3,UPS,UPS Depot Hannover,1,108.0,108.0
5.0,0.3,UPS,UPS Depot Hannover,2,118.0,118.0
5.0,0.3,UPS,UPS Depot Hannover,3,114.0,114.0
5.0,0.3,UPS,UPS Depot Hannover,4,95.0,95.0
5.0,0.3,UPS,UPS Depot Hannover,5,78.0,78.0
5.0,0.4,DHL,Brief- und Logistikzentrum in Pattensen (Hannover),0,26.0,26.0
5.0,0.4,DHL,Brief- und Logistikzentrum in Pattensen (Hannover),1,27.0,27.0
5.0,0.4,DHL,Brief- und Logistikzentrum in Pattensen (Hannover),2,28.0,28.0
5.0,0.4,DHL,Brief- und Logistikzentrum in Pattensen (Hannover),3,27.0,27.0
5.0,0.4,DHL,Brief- und Logistikzentrum in Pattensen (Hannover),4,24.0,24.0
5.0,0.4,DHL,Brief- und Logistikzentrum in Pattensen (Hannover),5,18.0,18.0
5.0,0.4,DHL,"Deutsche Post, Bantorf",0,10.0,10.0
5.0,0.4,DHL,"Deutsche Post, Bantorf",1,11.0,11.0
5.0,0.4,DHL,"Deutsche Post, Bantorf",2,13.0,13.0
5.0,0.4,DHL,"Deutsche Post, Bantorf",3,12.0,12.0
5.0,0.4,DHL,"Deutsche Post, Bantorf",4,10.0,10.0
5.0,0.4,DHL,"Deutsche Post, Bantorf",5,8.0,8.0
5.0,0.4,DHL,"Deutsche Post, Bissendorf",0,44.0,44.0
5.0,0.4,DHL,"Deutsche Post, Bissendorf",1,48.0,48.0
5.0,0.4,DHL,"Deutsche Post, Bissendorf",2,53.0,53.0
5.0,0.4,DHL,"Deutsche Post, Bissendorf",3,49.0,49.0
5.0,0.4,DHL,"Deutsche Post, Bissendorf",4,41.0,41.0
5.0,0.4,DHL,"Deutsche Post, Bissendorf",5,32.0,32.0
5.0,0.4,DHL,"Deutsche Post, Burgdorf",0,10.0,10.0
5.0,0.4,DHL,"Deutsche Post, Burgdorf",1,10.0,10.0
5.0,0.4,DHL,"Deutsche Post, Burgdorf",2,12.0,12.0
5.0,0.4,DHL,"Deutsche Post, Burgdorf",3,11.0,11.0
5.0,0.4,DHL,"Deutsche Post, Burgdorf",4,9.0,9.0
5.0,0.4,DHL,"Deutsche Post, Burgdorf",5,7.0,7.0
5.0,0.4,DHL,"Deutsche Post, Garbsen",0,12.0,12.0
5.0,0.4,DHL,"Deutsche Post, Garbsen",1,13.0,13.0
5.0,0.4,DHL,"Deutsche Post, Garbsen",2,15.0,15.0
5.0,0.4,DHL,"Deutsche Post, Garbsen",3,15.0,15.0
5.0,0.4,DHL,"Deutsche Post, Garbsen",4,12.0,12.0
5.0,0.4,DHL,"Deutsche Post, Garbsen",5,10.0,10.0
5.0,0.4,DHL,"Deutsche Post, Lehrte",0,14.0,14.0
5.0,0.4,DHL,"Deutsche Post, Lehrte",1,15.0,15.0
5.0,0.4,DHL,"Deutsche Post, Lehrte",2,17.0,17.0
5.0,0.4,DHL,"Deutsche Post, Lehrte",3,15.0,15.0
5.0,0.4,DHL,"Deutsche Post, Lehrte",4,13.0,13.0
5.0,0.4,DHL,"Deutsche Post, Lehrte",5,10.0,10.0
5.0,0.4,DHL,"Deutsche Post, Neustadt",0,13.0,13.0
5.0,0.4,DHL,"Deutsche Post, Neustadt",1,15.0,15.0
5.0,0.4,DHL,"Deutsche Post, Neustadt",2,16.0,16.0
5.0,0.4,DHL,"Deutsche Post, Neustadt",3,15.0,15.0
5.0,0.4,DHL,"Deutsche Post, Neustadt",4,13.0,13.0
5.0,0.4,DHL,"Deutsche Post, Neustadt",5,10.0,10.0
5.0,0.4,DHL,"Deutsche Post, Springe",0,9.0,9.0
5.0,0.4,DHL,"Deutsche Post, Springe",1,9.0,9.0
5.0,0.4,DHL,"Deutsche Post, Springe",2,11.0,11.0
5.0,0.4,DHL,"Deutsche Post, Springe",3,10.0,10.0
5.0,0.4,DHL,"Deutsche Post, Springe",4,9.0,9.0
5.0,0.4,DHL,"Deutsche Post, Springe",5,7.0,7.0
5.0,0.4,DHL,"Deutsche Post, Wunstorf",0,15.0,15.0
5.0,0.4,DHL,"Deutsche Post, Wunstorf",1,15.0,15.0
5.0,0.4,DHL,"Deutsche Post, Wunstorf",2,16.0,16.0
5.0,0.4,DHL,"Deutsche Post, Wunstorf",3,16.0,16.0
5.0,0.4,DHL,"Deutsche Post, Wunstorf",4,14.0,14.0
5.0,0.4,DHL,"Deutsche Post, Wunstorf",5,11.0,11.0
5.0,0.4,DHL,Dummy Seelze,0,17.0,17.0
5.0,0.4,DHL,Dummy Seelze,1,19.0,19.0
5.0,0.4,DHL,Dummy Seelze,2,21.0,21.0
5.0,0.4,DHL,Dummy Seelze,3,20.0,20.0
5.0,0.4,DHL,Dummy Seelze,4,17.0,17.0
5.0,0.4,DHL,Dummy Seelze,5,13.0,13.0
5.0,0.4,DHL,Dummy Sehnde,0,9.0,9.0
5.0,0.4,DHL,Dummy Sehnde,1,9.0,9.0
5.0,0.4,DHL,Dummy Sehnde,2,10.0,10.0
5.0,0.4,DHL,Dummy Sehnde,3,9.0,9.0
5.0,0.4,DHL,Dummy Sehnde,4,8.0,8.0
5.0,0.4,DHL,Dummy Sehnde,5,6.0,6.0
5.0,0.4,DHL,Dummy Uetze,0,7.0,7.0
5.0,0.4,DHL,Dummy Uetze,1,7.0,7.0
5.0,0.4,DHL,Dummy Uetze,2,7.0,7.0
5.0,0.4,DHL,Dummy Uetze,3,8.0,8.0
5.0,0.4,DHL,Dummy Uetze,4,6.0,6.0
5.0,0.4,DHL,Dummy Uetze,5,5.0,5.0
5.0,0.4,DHL,Dummy Wennigsen,0,11.0,11.0
5.0,0.4,DHL,Dummy Wennigsen,1,12.0,12.0
5.0,0.4,DHL,Dummy Wennigsen,2,12.0,12.0
5.0,0.4,DHL,Dummy Wennigsen,3,12.0,12.0
5.0,0.4,DHL,Dummy Wennigsen,4,10.0,10.0
5.0,0.4,DHL,Dummy Wennigsen,5,8.0,8.0
5.0,0.4,DHL,Paketzentrum / Zustellbasis Anderten,0,40.0,40.0
5.0,0.4,DHL,Paketzentrum / Zustellbasis Anderten,1,44.0,44.0
5.0,0.4,DHL,Paketzentrum / Zustellbasis Anderten,2,47.0,47.0
5.0,0.4,DHL,Paketzentrum / Zustellbasis Anderten,3,44.0,44.0
5.0,0.4,DHL,Paketzentrum / Zustellbasis Anderten,4,39.0,39.0
5.0,0.4,DHL,Paketzentrum / Zustellbasis Anderten,5,31.0,31.0
5.0,0.4,DHL,Zustellbasis Hannover am Güterbahnhof,0,102.0,102.0
5.0,0.4,DHL,Zustellbasis Hannover am Güterbahnhof,1,107.0,107.0
5.0,0.4,DHL,Zustellbasis Hannover am Güterbahnhof,2,122.0,122.0
5.0,0.4,DHL,Zustellbasis Hannover am Güterbahnhof,3,115.0,115.0
5.0,0.4,DHL,Zustellbasis Hannover am Güterbahnhof,4,97.0,97.0
5.0,0.4,DHL,Zustellbasis Hannover am Güterbahnhof,5,75.0,75.0
5.0,0.4,DHL,Zustellbasis Hannover-Süd,0,55.0,55.0
5.0,0.4,DHL,Zustellbasis Hannover-Süd,1,58.0,58.0
5.0,0.4,DHL,Zustellbasis Hannover-Süd,2,67.0,67.0
5.0,0.4,DHL,Zustellbasis Hannover-Süd,3,64.0,64.0
5.0,0.4,DHL,Zustellbasis Hannover-Süd,4,52.0,52.0
5.0,0.4,DHL,Zustellbasis Hannover-Süd,5,41.0,41.0
5.0,0.4,Amazon,Amazon Logistics HAJ8 in Garbsen,0,189.0,189.0
5.0,0.4,Amazon,Amazon Logistics HAJ8 in Garbsen,1,200.0,200.0
5.0,0.4,Amazon,Amazon Logistics HAJ8 in Garbsen,2,217.0,217.0
5.0,0.4,Amazon,Amazon Logistics HAJ8 in Garbsen,3,209.0,209.0
5.0,0.4,Amazon,Amazon Logistics HAJ8 in Garbsen,4,176.0,176.0
5.0,0.4,Amazon,Amazon Logistics HAJ8 in Garbsen,5,138.0,138.0
5.0,0.4,DPD,DPD Paketzentrum in Lehrte,0,93.0,93.0
5.0,0.4,DPD,DPD Paketzentrum in Lehrte,1,104.0,104.0
5.0,0.4,DPD,DPD Paketzentrum in Lehrte,2,118.0,118.0
5.0,0.4,DPD,DPD Paketzentrum in Lehrte,3,111.0,111.0
5.0,0.4,DPD,DPD Paketzentrum in Lehrte,4,90.0,90.0
5.0,0.4,DPD,DPD Paketzentrum in Lehrte,5,72.0,72.0
5.0,0.4,FedEx,FedEx Station - Heinz-Peter-Piper Str.,0,84.0,84.0
5.0,0.4,FedEx,FedEx Station - Heinz-Peter-Piper Str.,1,86.0,86.0
5.0,0.4,FedEx,FedEx Station - Heinz-Peter-Piper Str.,2,97.0,97.0
5.0,0.4,FedEx,FedEx Station - Heinz-Peter-Piper Str.,3,91.0,91.0
5.0,0.4,FedEx,FedEx Station - Heinz-Peter-Piper Str.,4,82.0,82.0
5.0,0.4,FedEx,FedEx Station - Heinz-Peter-Piper Str.,5,66.0,66.0
5.0,0.4,GLS,GLS in Hannover Laatzen,0,82.0,82.0
5.0,0.4,GLS,GLS in Hannover Laatzen,1,83.0,83.0
5.0,0.4,GLS,GLS in Hannover Laatzen,2,95.0,95.0
5.0,0.4,GLS,GLS in Hannover Laatzen,3,91.0,91.0
5.0,0.4,GLS,GLS in Hannover Laatzen,4,76.0,76.0
5.0,0.4,GLS,GLS in Hannover Laatzen,5,65.0,65.0
5.0,0.4,Hermes,Hermes LC Hannover Langenhagen,0,116.0,116.0
5.0,0.4,Hermes,Hermes LC Hannover Langenhagen,1,120.0,120.0
5.0,0.4,Hermes,Hermes LC Hannover Langenhagen,2,127.0,127.0
5.0,0.4,Hermes,Hermes LC Hannover Langenhagen,3,123.0,123.0
5.0,0.4,Hermes,Hermes LC Hannover Langenhagen,4,112.0,112.0
5.0,0.4,Hermes,Hermes LC Hannover Langenhagen,5,83.0,83.0
5.0,0.4,UPS,UPS Depot Hannover,0,100.0,100.0
5.0,0.4,UPS,UPS Depot Hannover,1,108.0,108.0
5.0,0.4,UPS,UPS Depot Hannover,2,118.0,118.0
5.0,0.4,UPS,UPS Depot Hannover,3,114.0,114.0
5.0,0.4,UPS,UPS Depot Hannover,4,95.0,95.0
5.0,0.4,UPS,UPS Depot Hannover,5,78.0,78.0
5.0,0.5,DHL,Brief- und Logistikzentrum in Pattensen (Hannover),0,26.0,26.0
5.0,0.5,DHL,Brief- und Logistikzentrum in Pattensen (Hannover),1,27.0,27.0
5.0,0.5,DHL,Brief- und Logistikzentrum in Pattensen (Hannover),2,28.0,28.0
5.0,0.5,DHL,Brief- und Logistikzentrum in Pattensen (Hannover),3,27.0,27.0
5.0,0.5,DHL,Brief- und Logistikzentrum in Pattensen (Hannover),4,24.0,24.0
5.0,0.5,DHL,Brief- und Logistikzentrum in Pattensen (Hannover),5,18.0,18.0
5.0,0.5,DHL,"Deutsche Post, Bantorf",0,10.0,10.0
5.0,0.5,DHL,"Deutsche Post, Bantorf",1,11.0,11.0
5.0,0.5,DHL,"Deutsche Post, Bantorf",2,13.0,13.0
5.0,0.5,DHL,"Deutsche Post, Bantorf",3,12.0,12.0
5.0,0.5,DHL,"Deutsche Post, Bantorf",4,10.0,10.0
5.0,0.5,DHL,"Deutsche Post, Bantorf",5,8.0,8.0
5.0,0.5,DHL,"Deutsche Post, Bissendorf",0,44.0,44.0
5.0,0.5,DHL,"Deutsche Post, Bissendorf",1,48.0,48.0
5.0,0.5,DHL,"Deutsche Post, Bissendorf",2,53.0,53.0
5.0,0.5,DHL,"Deutsche Post, Bissendorf",3,49.0,49.0
5.0,0.5,DHL,"Deutsche Post, Bissendorf",4,41.0,41.0
5.0,0.5,DHL,"Deutsche Post, Bissendorf",5,32.0,32.0
5.0,0.5,DHL,"Deutsche Post, Burgdorf",0,10.0,10.0
5.0,0.5,DHL,"Deutsche Post, Burgdorf",1,10.0,10.0
5.0,0.5,DHL,"Deutsche Post, Burgdorf",2,12.0,12.0
5.0,0.5,DHL,"Deutsche Post, Burgdorf",3,11.0,11.0
5.0,0.5,DHL,"Deutsche Post, Burgdorf",4,9.0,9.0
5.0,0.5,DHL,"Deutsche Post, Burgdorf",5,7.0,7.0
5.0,0.5,DHL,"Deutsche Post, Garbsen",0,12.0,12.0
5.0,0.5,DHL,"Deutsche Post, Garbsen",1,13.0,13.0
5.0,0.5,DHL,"Deutsche Post, Garbsen",2,15.0,15.0
5.0,0.5,DHL,"Deutsche Post, Garbsen",3,15.0,15.0
5.0,0.5,DHL,"Deutsche Post, Garbsen",4,12.0,12.0
5.0,0.5,DHL,"Deutsche Post, Garbsen",5,10.0,10.0
5.0,0.5,DHL,"Deutsche Post, Lehrte",0,14.0,14.0
5.0,0.5,DHL,"Deutsche Post, Lehrte",1,15.0,15.0
5.0,0.5,DHL,"Deutsche Post, Lehrte",2,17.0,17.0
5.0,0.5,DHL,"Deutsche Post, Lehrte",3,15.0,15.0
5.0,0.5,DHL,"Deutsche Post, Lehrte",4,13.0,13.0
5.0,0.5,DHL,"Deutsche Post, Lehrte",5,10.0,10.0
5.0,0.5,DHL,"Deutsche Post, Neustadt",0,13.0,13.0
5.0,0.5,DHL,"Deutsche Post, Neustadt",1,15.0,15.0
5.0,0.5,DHL,"Deutsche Post, Neustadt",2,16.0,16.0
5.0,0.5,DHL,"Deutsche Post, Neustadt",3,15.0,15.0
5.0,0.5,DHL,"Deutsche Post, Neustadt",4,13.0,13.0
5.0,0.5,DHL,"Deutsche Post, Neustadt",5,10.0,10.0
5.0,0.5,DHL,"Deutsche Post, Springe",0,9.0,9.0
5.0,0.5,DHL,"Deutsche Post, Springe",1,9.0,9.0
5.0,0.5,DHL,"Deutsche Post, Springe",2,11.0,11.0
5.0,0.5,DHL,"Deutsche Post, Springe",3,10.0,10.0
5.0,0.5,DHL,"Deutsche Post, Springe",4,9.0,9.0
5.0,0.5,DHL,"Deutsche Post, Springe",5,7.0,7.0
5.0,0.5,DHL,"Deutsche Post, Wunstorf",0,15.0,15.0
5.0,0.5,DHL,"Deutsche Post, Wunstorf",1,15.0,15.0
5.0,0.5,DHL,"Deutsche Post, Wunstorf",2,16.0,16.0
5.0,0.5,DHL,"Deutsche Post, Wunstorf",3,16.0,16.0
5.0,0.5,DHL,"Deutsche Post, Wunstorf",4,14.0,14.0
5.0,0.5,DHL,"Deutsche Post, Wunstorf",5,11.0,11.0
5.0,0.5,DHL,Dummy Seelze,0,17.0,17.0
5.0,0.5,DHL,Dummy Seelze,1,19.0,19.0
5.0,0.5,DHL,Dummy Seelze,2,21.0,21.0
5.0,0.5,DHL,Dummy Seelze,3,20.0,20.0
5.0,0.5,DHL,Dummy Seelze,4,17.0,17.0
5.0,0.5,DHL,Dummy Seelze,5,13.0,13.0
5.0,0.5,DHL,Dummy Sehnde,0,9.0,9.0
5.0,0.5,DHL,Dummy Sehnde,1,9.0,9.0
5.0,0.5,DHL,Dummy Sehnde,2,10.0,10.0
5.0,0.5,DHL,Dummy Sehnde,3,9.0,9.0
5.0,0.5,DHL,Dummy Sehnde,4,8.0,8.0
5.0,0.5,DHL,Dummy Sehnde,5,6.0,6.0
5.0,0.5,DHL,Dummy Uetze,0,7.0,7.0
5.0,0.5,DHL,Dummy Uetze,1,7.0,7.0
5.0,0.5,DHL,Dummy Uetze,2,7.0,7.0
5.0,0.5,DHL,Dummy Uetze,3,8.0,8.0
5.0,0.5,DHL,Dummy Uetze,4,6.0,6.0
5.0,0.5,DHL,Dummy Uetze,5,5.0,5.0
5.0,0.5,DHL,Dummy Wennigsen,0,11.0,11.0
5.0,0.5,DHL,Dummy Wennigsen,1,12.0,12.0
5.0,0.5,DHL,Dummy Wennigsen,2,12.0,12.0
5.0,0.5,DHL,Dummy Wennigsen,3,12.0,12.0
5.0,0.5,DHL,Dummy Wennigsen,4,10.0,10.0
5.0,0.5,DHL,Dummy Wennigsen,5,8.0,8.0
5.0,0.5,DHL,Paketzentrum / Zustellbasis Anderten,0,40.0,40.0
5.0,0.5,DHL,Paketzentrum / Zustellbasis Anderten,1,44.0,44.0
5.0,0.5,DHL,Paketzentrum / Zustellbasis Anderten,2,47.0,47.0
5.0,0.5,DHL,Paketzentrum / Zustellbasis Anderten,3,44.0,44.0
5.0,0.5,DHL,Paketzentrum / Zustellbasis Anderten,4,39.0,39.0
5.0,0.5,DHL,Paketzentrum / Zustellbasis Anderten,5,31.0,31.0
5.0,0.5,DHL,Zustellbasis Hannover am Güterbahnhof,0,102.0,102.0
5.0,0.5,DHL,Zustellbasis Hannover am Güterbahnhof,1,107.0,107.0
5.0,0.5,DHL,Zustellbasis Hannover am Güterbahnhof,2,122.0,122.0
5.0,0.5,DHL,Zustellbasis Hannover am Güterbahnhof,3,115.0,115.0
5.0,0.5,DHL,Zustellbasis Hannover am Güterbahnhof,4,97.0,97.0
5.0,0.5,DHL,Zustellbasis Hannover am Güterbahnhof,5,75.0,75.0
5.0,0.5,DHL,Zustellbasis Hannover-Süd,0,55.0,55.0
5.0,0.5,DHL,Zustellbasis Hannover-Süd,1,58.0,58.0
5.0,0.5,DHL,Zustellbasis Hannover-Süd,2,67.0,67.0
5.0,0.5,DHL,Zustellbasis Hannover-Süd,3,64.0,64.0
5.0,0.5,DHL,Zustellbasis Hannover-Süd,4,52.0,52.0
5.0,0.5,DHL,Zustellbasis Hannover-Süd,5,41.0,41.0
5.0,0.5,Amazon,Amazon Logistics HAJ8 in Garbsen,0,189.0,189.0
5.0,0.5,Amazon,Amazon Logistics HAJ8 in Garbsen,1,200.0,200.0
5.0,0.5,Amazon,Amazon Logistics HAJ8 in Garbsen,2,217.0,217.0
5.0,0.5,Amazon,Amazon Logistics HAJ8 in Garbsen,3,209.0,209.0
5.0,0.5,Amazon,Amazon Logistics HAJ8 in Garbsen,4,176.0,176.0
5.0,0.5,Amazon,Amazon Logistics HAJ8 in Garbsen,5,138.0,138.0
5.0,0.5,DPD,DPD Paketzentrum in Lehrte,0,93.0,93.0
5.0,0.5,DPD,DPD Paketzentrum in Lehrte,1,104.0,104.0
5.0,0.5,DPD,DPD Paketzentrum in Lehrte,2,118.0,118.0
5.0,0.5,DPD,DPD Paketzentrum in Lehrte,3,111.0,111.0
5.0,0.5,DPD,DPD Paketzentrum in Lehrte,4,90.0,90.0
5.0,0.5,DPD,DPD Paketzentrum in Lehrte,5,72.0,72.0
5.0,0.5,FedEx,FedEx Station - Heinz-Peter-Piper Str.,0,84.0,84.0
5.0,0.5,FedEx,FedEx Station - Heinz-Peter-Piper Str.,1,86.0,86.0
5.0,0.5,FedEx,FedEx Station - Heinz-Peter-Piper Str.,2,97.0,97.0
5.0,0.5,FedEx,FedEx Station - Heinz-Peter-Piper Str.,3,91.0,91.0
5.0,0.5,FedEx,FedEx Station - Heinz-Peter-Piper Str.,4,82.0,82.0
5.0,0.5,FedEx,FedEx Station - Heinz-Peter-Piper Str.,5,66.0,66.0
5.0,0.5,GLS,GLS in Hannover Laatzen,0,82.0,82.0
5.0,0.5,GLS,GLS in Hannover Laatzen,1,83.0,83.0
5.0,0.5,GLS,GLS in Hannover Laatzen,2,95.0,95.0
5.0,0.5,GLS,GLS in Hannover Laatzen,3,91.0,91.0
5.0,0.5,GLS,GLS in Hannover Laatzen,4,76.0,76.0
5.0,0.5,GLS,GLS in Hannover Laatzen,5,65.0,65.0
5.0,0.5,Hermes,Hermes LC Hannover Langenhagen,0,116.0,116.0
5.0,0.5,Hermes,Hermes LC Hannover Langenhagen,1,120.0,120.0
5.0,0.5,Hermes,Hermes LC Hannover Langenhagen,2,127.0,127.0
5.0,0.5,Hermes,Hermes LC Hannover Langenhagen,3,123.0,123.0
5.0,0.5,Hermes,Hermes LC Hannover Langenhagen,4,112.0,112.0
5.0,0.5,Hermes,Hermes LC Hannover Langenhagen,5,83.0,83.0
5.0,0.5,UPS,UPS Depot Hannover,0,100.0,100.0
5.0,0.5,UPS,UPS Depot Hannover,1,108.0,108.0
5.0,0.5,UPS,UPS Depot Hannover,2,118.0,118.0
5.0,0.5,UPS,UPS Depot Hannover,3,114.0,114.0
5.0,0.5,UPS,UPS Depot Hannover,4,95.0,95.0
5.0,0.5,UPS,UPS Depot Hannover,5,78.0,78.0
5.0,0.6,DHL,Brief- und Logistikzentrum in Pattensen (Hannover),0,26.0,26.0
5.0,0.6,DHL,Brief- und Logistikzentrum in Pattensen (Hannover),1,27.0,27.0
5.0,0.6,DHL,Brief- und Logistikzentrum in Pattensen (Hannover),2,28.0,28.0
5.0,0.6,DHL,Brief- und Logistikzentrum in Pattensen (Hannover),3,27.0,27.0
5.0,0.6,DHL,Brief- und Logistikzentrum in Pattensen (Hannover),4,24.0,24.0
5.0,0.6,DHL,Brief- und Logistikzentrum in Pattensen (Hannover),5,18.0,18.0
5.0,0.6,DHL,"Deutsche Post, Bantorf",0,10.0,10.0
5.0,0.6,DHL,"Deutsche Post, Bantorf",1,11.0,11.0
5.0,0.6,DHL,"Deutsche Post, Bantorf",2,13.0,13.0
5.0,0.6,DHL,"Deutsche Post, Bantorf",3,12.0,12.0
5.0,0.6,DHL,"Deutsche Post, Bantorf",4,10.0,10.0
5.0,0.6,DHL,"Deutsche Post, Bantorf",5,8.0,8.0
5.0,0.6,DHL,"Deutsche Post, Bissendorf",0,44.0,44.0
5.0,0.6,DHL,"Deutsche Post, Bissendorf",1,48.0,48.0
5.0,0.6,DHL,"Deutsche Post, Bissendorf",2,53.0,53.0
5.0,0.6,DHL,"Deutsche Post, Bissendorf",3,49.0,49.0
5.0,0.6,DHL,"Deutsche Post, Bissendorf",4,41.0,41.0
5.0,0.6,DHL,"Deutsche Post, Bissendorf",5,32.0,32.0
5.0,0.6,DHL,"Deutsche Post, Burgdorf",0,10.0,10.0
5.0,0.6,DHL,"Deutsche Post, Burgdorf",1,10.0,10.0
5.0,0.6,DHL,"Deutsche Post, Burgdorf",2,12.0,12.0
5.0,0.6,DHL,"Deutsche Post, Burgdorf",3,11.0,11.0
5.0,0.6,DHL,"Deutsche Post, Burgdorf",4,9.0,9.0
5.0,0.6,DHL,"Deutsche Post, Burgdorf",5,7.0,7.0
5.0,0.6,DHL,"Deutsche Post, Garbsen",0,12.0,12.0
5.0,0.6,DHL,"Deutsche Post, Garbsen",1,13.0,13.0
5.0,0.6,DHL,"Deutsche Post, Garbsen",2,15.0,15.0
5.0,0.6,DHL,"Deutsche Post, Garbsen",3,15.0,15.0
5.0,0.6,DHL,"Deutsche Post, Garbsen",4,12.0,12.0
5.0,0.6,DHL,"Deutsche Post, Garbsen",5,10.0,10.0
5.0,0.6,DHL,"Deutsche Post, Lehrte",0,14.0,14.0
5.0,0.6,DHL,"Deutsche Post, Lehrte",1,15.0,15.0
5.0,0.6,DHL,"Deutsche Post, Lehrte",2,17.0,17.0
5.0,0.6,DHL,"Deutsche Post, Lehrte",3,15.0,15.0
5.0,0.6,DHL,"Deutsche Post, Lehrte",4,13.0,13.0
5.0,0.6,DHL,"Deutsche Post, Lehrte",5,10.0,10.0
5.0,0.6,DHL,"Deutsche Post, Neustadt",0,13.0,13.0
5.0,0.6,DHL,"Deutsche Post, Neustadt",1,15.0,15.0
5.0,0.6,DHL,"Deutsche Post, Neustadt",2,16.0,16.0
5.0,0.6,DHL,"Deutsche Post, Neustadt",3,15.0,15.0
5.0,0.6,DHL,"Deutsche Post, Neustadt",4,13.0,13.0
5.0,0.6,DHL,"Deutsche Post, Neustadt",5,10.0,10.0
5.0,0.6,DHL,"Deutsche Post, Springe",0,9.0,9.0
5.0,0.6,DHL,"Deutsche Post, Springe",1,9.0,9.0
5.0,0.6,DHL,"Deutsche Post, Springe",2,11.0,11.0
5.0,0.6,DHL,"Deutsche Post, Springe",3,10.0,10.0
5.0,0.6,DHL,"Deutsche Post, Springe",4,9.0,9.0
5.0,0.6,DHL,"Deutsche Post, Springe",5,7.0,7.0
5.0,0.6,DHL,"Deutsche Post, Wunstorf",0,15.0,15.0
5.0,0.6,DHL,"Deutsche Post, Wunstorf",1,15.0,15.0
5.0,0.6,DHL,"Deutsche Post, Wunstorf",2,16.0,16.0
5.0,0.6,DHL,"Deutsche Post, Wunstorf",3,16.0,16.0
5.0,0.6,DHL,"Deutsche Post, Wunstorf",4,14.0,14.0
5.0,0.6,DHL,"Deutsche Post, Wunstorf",5,11.0,11.0
5.0,0.6,DHL,Dummy Seelze,0,17.0,17.0
5.0,0.6,DHL,Dummy Seelze,1,19.0,19.0
5.0,0.6,DHL,Dummy Seelze,2,21.0,21.0
5.0,0.6,DHL,Dummy Seelze,3,20.0,20.0
5.0,0.6,DHL,Dummy Seelze,4,17.0,17.0
5.0,0.6,DHL,Dummy Seelze,5,13.0,13.0
5.0,0.6,DHL,Dummy Sehnde,0,9.0,9.0
5.0,0.6,DHL,Dummy Sehnde,1,9.0,9.0
5.0,0.6,DHL,Dummy Sehnde,2,10.0,10.0
5.0,0.6,DHL,Dummy Sehnde,3,9.0,9.0
5.0,0.6,DHL,Dummy Sehnde,4,8.0,8.0
5.0,0.6,DHL,Dummy Sehnde,5,6.0,6.0
5.0,0.6,DHL,Dummy Uetze,0,7.0,7.0
5.0,0.6,DHL,Dummy Uetze,1,7.0,7.0
5.0,0.6,DHL,Dummy Uetze,2,7.0,7.0
5.0,0.6,DHL,Dummy Uetze,3,8.0,8.0
5.0,0.6,DHL,Dummy Uetze,4,6.0,6.0
5.0,0.6,DHL,Dummy Uetze,5,5.0,5.0
5.0,0.6,DHL,Dummy Wennigsen,0,11.0,11.0
5.0,0.6,DHL,Dummy Wennigsen,1,12.0,12.0
5.0,0.6,DHL,Dummy Wennigsen,2,12.0,12.0
5.0,0.6,DHL,Dummy Wennigsen,3,12.0,12.0
5.0,0.6,DHL,Dummy Wennigsen,4,10.0,10.0
5.0,0.6,DHL,Dummy Wennigsen,5,8.0,8.0
5.0,0.6,DHL,Paketzentrum / Zustellbasis Anderten,0,40.0,40.0
5.0,0.6,DHL,Paketzentrum / Zustellbasis Anderten,1,44.0,44.0
5.0,0.6,DHL,Paketzentrum / Zustellbasis Anderten,2,47.0,47.0
5.0,0.6,DHL,Paketzentrum / Zustellbasis Anderten,3,44.0,44.0
5.0,0.6,DHL,Paketzentrum / Zustellbasis Anderten,4,39.0,39.0
5.0,0.6,DHL,Paketzentrum / Zustellbasis Anderten,5,31.0,31.0
5.0,0.6,DHL,Zustellbasis Hannover am Güterbahnhof,0,102.0,102.0
5.0,0.6,DHL,Zustellbasis Hannover am Güterbahnhof,1,107.0,107.0
5.0,0.6,DHL,Zustellbasis Hannover am Güterbahnhof,2,122.0,122.0
5.0,0.6,DHL,Zustellbasis Hannover am Güterbahnhof,3,115.0,115.0
5.0,0.6,DHL,Zustellbasis Hannover am Güterbahnhof,4,97.0,97.0
5.0,0.6,DHL,Zustellbasis Hannover am Güterbahnhof,5,75.0,75.0
5.0,0.6,DHL,Zustellbasis Hannover-Süd,0,55.0,55.0
5.0,0.6,DHL,Zustellbasis Hannover-Süd,1,58.0,58.0
5.0,0.6,DHL,Zustellbasis Hannover-Süd,2,67.0,67.0
5.0,0.6,DHL,Zustellbasis Hannover-Süd,3,64.0,64.0
5.0,0.6,DHL,Zustellbasis Hannover-Süd,4,52.0,52.0
5.0,0.6,DHL,Zustellbasis Hannover-Süd,5,41.0,41.0
5.0,0.6,Amazon,Amazon Logistics HAJ8 in Garbsen,0,189.0,189.0
5.0,0.6,Amazon,Amazon Logistics HAJ8 in Garbsen,1,200.0,200.0
5.0,0.6,Amazon,Amazon Logistics HAJ8 in Garbsen,2,217.0,217.0
5.0,0.6,Amazon,Amazon Logistics HAJ8 in Garbsen,3,209.0,209.0
5.0,0.6,Amazon,Amazon Logistics HAJ8 in Garbsen,4,176.0,176.0
5.0,0.6,Amazon,Amazon Logistics HAJ8 in Garbsen,5,138.0,138.0
5.0,0.6,DPD,DPD Paketzentrum in Lehrte,0,93.0,93.0
5.0,0.6,DPD,DPD Paketzentrum in Lehrte,1,104.0,104.0
5.0,0.6,DPD,DPD Paketzentrum in Lehrte,2,118.0,118.0
5.0,0.6,DPD,DPD Paketzentrum in Lehrte,3,111.0,111.0
5.0,0.6,DPD,DPD Paketzentrum in Lehrte,4,90.0,90.0
5.0,0.6,DPD,DPD Paketzentrum in Lehrte,5,72.0,72.0
5.0,0.6,FedEx,FedEx Station - Heinz-Peter-Piper Str.,0,84.0,84.0
5.0,0.6,FedEx,FedEx Station - Heinz-Peter-Piper Str.,1,86.0,86.0
5.0,0.6,FedEx,FedEx Station - Heinz-Peter-Piper Str.,2,97.0,97.0
5.0,0.6,FedEx,FedEx Station - Heinz-Peter-Piper Str.,3,91.0,91.0
5.0,0.6,FedEx,FedEx Station - Heinz-Peter-Piper Str.,4,82.0,82.0
5.0,0.6,FedEx,FedEx Station - Heinz-Peter-Piper Str.,5,66.0,66.0
5.0,0.6,GLS,GLS in Hannover Laatzen,0,82.0,82.0
5.0,0.6,GLS,GLS in Hannover Laatzen,1,83.0,83.0
5.0,0.6,GLS,GLS in Hannover Laatzen,2,95.0,95.0
5.0,0.6,GLS,GLS in Hannover Laatzen,3,91.0,91.0
5.0,0.6,GLS,GLS in Hannover Laatzen,4,76.0,76.0
5.0,0.6,GLS,GLS in Hannover Laatzen,5,65.0,65.0
5.0,0.6,Hermes,Hermes LC Hannover Langenhagen,0,116.0,116.0
5.0,0.6,Hermes,Hermes LC Hannover Langenhagen,1,120.0,120.0
5.0,0.6,Hermes,Hermes LC Hannover Langenhagen,2,127.0,127.0
5.0,0.6,Hermes,Hermes LC Hannover Langenhagen,3,123.0,123.0
5.0,0.6,Hermes,Hermes LC Hannover Langenhagen,4,112.0,112.0
5.0,0.6,Hermes,Hermes LC Hannover Langenhagen,5,83.0,83.0
5.0,0.6,UPS,UPS Depot Hannover,0,100.0,100.0
5.0,0.6,UPS,UPS Depot Hannover,1,108.0,108.0
5.0,0.6,UPS,UPS Depot Hannover,2,118.0,118.0
5.0,0.6,UPS,UPS Depot Hannover,3,114.0,114.0
5.0,0.6,UPS,UPS Depot Hannover,4,95.0,95.0
5.0,0.6,UPS,UPS Depot Hannover,5,78.0,78.0
5.0,0.7,DHL,Brief- und Logistikzentrum in Pattensen (Hannover),0,26.0,26.0
5.0,0.7,DHL,Brief- und Logistikzentrum in Pattensen (Hannover),1,27.0,27.0
5.0,0.7,DHL,Brief- und Logistikzentrum in Pattensen (Hannover),2,28.0,28.0
5.0,0.7,DHL,Brief- und Logistikzentrum in Pattensen (Hannover),3,27.0,27.0
5.0,0.7,DHL,Brief- und Logistikzentrum in Pattensen (Hannover),4,24.0,24.0
5.0,0.7,DHL,Brief- und Logistikzentrum in Pattensen (Hannover),5,18.0,18.0
5.0,0.7,DHL,"Deutsche Post, Bantorf",0,10.0,10.0
5.0,0.7,DHL,"Deutsche Post, Bantorf",1,11.0,11.0
5.0,0.7,DHL,"Deutsche Post, Bantorf",2,13.0,13.0
5.0,0.7,DHL,"Deutsche Post, Bantorf",3,12.0,12.0
5.0,0.7,DHL,"Deutsche Post, Bantorf",4,10.0,10.0
5.0,0.7,DHL,"Deutsche Post, Bantorf",5,8.0,8.0
5.0,0.7,DHL,"Deutsche Post, Bissendorf",0,44.0,44.0
5.0,0.7,DHL,"Deutsche Post, Bissendorf",1,48.0,48.0
5.0,0.7,DHL,"Deutsche Post, Bissendorf",2,53.0,53.0
5.0,0.7,DHL,"Deutsche Post, Bissendorf",3,49.0,49.0
5.0,0.7,DHL,"Deutsche Post, Bissendorf",4,41.0,41.0
5.0,0.7,DHL,"Deutsche Post, Bissendorf",5,32.0,32.0
5.0,0.7,DHL,"Deutsche Post, Burgdorf",0,10.0,10.0
5.0,0.7,DHL,"Deutsche Post, Burgdorf",1,10.0,10.0
5.0,0.7,DHL,"Deutsche Post, Burgdorf",2,12.0,12.0
5.0,0.7,DHL,"Deutsche Post, Burgdorf",3,11.0,11.0
5.0,0.7,DHL,"Deutsche Post, Burgdorf",4,9.0,9.0
5.0,0.7,DHL,"Deutsche Post, Burgdorf",5,7.0,7.0
5.0,0.7,DHL,"Deutsche Post, Garbsen",0,12.0,12.0
5.0,0.7,DHL,"Deutsche Post, Garbsen",1,13.0,13.0
5.0,0.7,DHL,"Deutsche Post, Garbsen",2,15.0,15.0
5.0,0.7,DHL,"Deutsche Post, Garbsen",3,15.0,15.0
5.0,0.7,DHL,"Deutsche Post, Garbsen",4,12.0,12.0
5.0,0.7,DHL,"Deutsche Post, Garbsen",5,10.0,10.0
5.0,0.7,DHL,"Deutsche Post, Lehrte",0,14.0,14.0
5.0,0.7,DHL,"Deutsche Post, Lehrte",1,15.0,15.0
5.0,0.7,DHL,"Deutsche Post, Lehrte",2,17.0,17.0
5.0,0.7,DHL,"Deutsche Post, Lehrte",3,15.0,15.0
5.0,0.7,DHL,"Deutsche Post, Lehrte",4,13.0,13.0
5.0,0.7,DHL,"Deutsche Post, Lehrte",5,10.0,10.0
5.0,0.7,DHL,"Deutsche Post, Neustadt",0,13.0,13.0
5.0,0.7,DHL,"Deutsche Post, Neustadt",1,15.0,15.0
5.0,0.7,DHL,"Deutsche Post, Neustadt",2,16.0,16.0
5.0,0.7,DHL,"Deutsche Post, Neustadt",3,15.0,15.0
5.0,0.7,DHL,"Deutsche Post, Neustadt",4,13.0,13.0
5.0,0.7,DHL,"Deutsche Post, Neustadt",5,10.0,10.0
5.0,0.7,DHL,"Deutsche Post, Springe",0,9.0,9.0
5.0,0.7,DHL,"Deutsche Post, Springe",1,9.0,9.0
5.0,0.7,DHL,"Deutsche Post, Springe",2,11.0,11.0
5.0,0.7,DHL,"Deutsche Post, Springe",3,10.0,10.0
5.0,0.7,DHL,"Deutsche Post, Springe",4,9.0,9.0
5.0,0.7,DHL,"Deutsche Post, Springe",5,7.0,7.0
5.0,0.7,DHL,"Deutsche Post, Wunstorf",0,15.0,15.0
5.0,0.7,DHL,"Deutsche Post, Wunstorf",1,15.0,15.0
5.0,0.7,DHL,"Deutsche Post, Wunstorf",2,16.0,16.0
5.0,0.7,DHL,"Deutsche Post, Wunstorf",3,16.0,16.0
5.0,0.7,DHL,"Deutsche Post, Wunstorf",4,14.0,14.0
5.0,0.7,DHL,"Deutsche Post, Wunstorf",5,11.0,11.0
5.0,0.7,DHL,Dummy Seelze,0,17.0,17.0
5.0,0.7,DHL,Dummy Seelze,1,19.0,19.0
5.0,0.7,DHL,Dummy Seelze,2,21.0,21.0
5.0,0.7,DHL,Dummy Seelze,3,20.0,20.0
5.0,0.7,DHL,Dummy Seelze,4,17.0,17.0
5.0,0.7,DHL,Dummy Seelze,5,13.0,13.0
5.0,0.7,DHL,Dummy Sehnde,0,9.0,9.0
5.0,0.7,DHL,Dummy Sehnde,1,9.0,9.0
5.0,0.7,DHL,Dummy Sehnde,2,10.0,10.0
5.0,0.7,DHL,Dummy Sehnde,3,9.0,9.0
5.0,0.7,DHL,Dummy Sehnde,4,8.0,8.0
5.0,0.7,DHL,Dummy Sehnde,5,6.0,6.0
5.0,0.7,DHL,Dummy Uetze,0,7.0,7.0
5.0,0.7,DHL,Dummy Uetze,1,7.0,7.0
5.0,0.7,DHL,Dummy Uetze,2,7.0,7.0
5.0,0.7,DHL,Dummy Uetze,3,8.0,8.0
5.0,0.7,DHL,Dummy Uetze,4,6.0,6.0
5.0,0.7,DHL,Dummy Uetze,5,5.0,5.0
5.0,0.7,DHL,Dummy Wennigsen,0,11.0,11.0
5.0,0.7,DHL,Dummy Wennigsen,1,12.0,12.0
5.0,0.7,DHL,Dummy Wennigsen,2,12.0,12.0
5.0,0.7,DHL,Dummy Wennigsen,3,12.0,12.0
5.0,0.7,DHL,Dummy Wennigsen,4,10.0,10.0
5.0,0.7,DHL,Dummy Wennigsen,5,8.0,8.0
5.0,0.7,DHL,Paketzentrum / Zustellbasis Anderten,0,40.0,40.0
5.0,0.7,DHL,Paketzentrum / Zustellbasis Anderten,1,44.0,44.0
5.0,0.7,DHL,Paketzentrum / Zustellbasis Anderten,2,47.0,47.0
5.0,0.7,DHL,Paketzentrum / Zustellbasis Anderten,3,44.0,44.0
5.0,0.7,DHL,Paketzentrum / Zustellbasis Anderten,4,39.0,39.0
5.0,0.7,DHL,Paketzentrum / Zustellbasis Anderten,5,31.0,31.0
5.0,0.7,DHL,Zustellbasis Hannover am Güterbahnhof,0,102.0,102.0
5.0,0.7,DHL,Zustellbasis Hannover am Güterbahnhof,1,107.0,107.0
5.0,0.7,DHL,Zustellbasis Hannover am Güterbahnhof,2,122.0,122.0
5.0,0.7,DHL,Zustellbasis Hannover am Güterbahnhof,3,115.0,115.0
5.0,0.7,DHL,Zustellbasis Hannover am Güterbahnhof,4,97.0,97.0
5.0,0.7,DHL,Zustellbasis Hannover am Güterbahnhof,5,75.0,75.0
5.0,0.7,DHL,Zustellbasis Hannover-Süd,0,55.0,55.0
5.0,0.7,DHL,Zustellbasis Hannover-Süd,1,58.0,58.0
5.0,0.7,DHL,Zustellbasis Hannover-Süd,2,67.0,67.0
5.0,0.7,DHL,Zustellbasis Hannover-Süd,3,64.0,64.0
5.0,0.7,DHL,Zustellbasis Hannover-Süd,4,52.0,52.0
5.0,0.7,DHL,Zustellbasis Hannover-Süd,5,41.0,41.0
5.0,0.7,Amazon,Amazon Logistics HAJ8 in Garbsen,0,189.0,189.0
5.0,0.7,Amazon,Amazon Logistics HAJ8 in Garbsen,1,200.0,200.0
5.0,0.7,Amazon,Amazon Logistics HAJ8 in Garbsen,2,217.0,217.0
5.0,0.7,Amazon,Amazon Logistics HAJ8 in Garbsen,3,209.0,209.0
5.0,0.7,Amazon,Amazon Logistics HAJ8 in Garbsen,4,176.0,176.0
5.0,0.7,Amazon,Amazon Logistics HAJ8 in Garbsen,5,138.0,138.0
5.0,0.7,DPD,DPD Paketzentrum in Lehrte,0,93.0,93.0
5.0,0.7,DPD,DPD Paketzentrum in Lehrte,1,104.0,104.0
5.0,0.7,DPD,DPD Paketzentrum in Lehrte,2,118.0,118.0
5.0,0.7,DPD,DPD Paketzentrum in Lehrte,3,111.0,111.0
5.0,0.7,DPD,DPD Paketzentrum in Lehrte,4,90.0,90.0
5.0,0.7,DPD,DPD Paketzentrum in Lehrte,5,72.0,72.0
5.0,0.7,FedEx,FedEx Station - Heinz-Peter-Piper Str.,0,84.0,84.0
5.0,0.7,FedEx,FedEx Station - Heinz-Peter-Piper Str.,1,86.0,86.0
5.0,0.7,FedEx,FedEx Station - Heinz-Peter-Piper Str.,2,97.0,97.0
5.0,0.7,FedEx,FedEx Station - Heinz-Peter-Piper Str.,3,91.0,91.0
5.0,0.7,FedEx,FedEx Station - Heinz-Peter-Piper Str.,4,82.0,82.0
5.0,0.7,FedEx,FedEx Station - Heinz-Peter-Piper Str.,5,66.0,66.0
5.0,0.7,GLS,GLS in Hannover Laatzen,0,82.0,82.0
5.0,0.7,GLS,GLS in Hannover Laatzen,1,83.0,83.0
5.0,0.7,GLS,GLS in Hannover Laatzen,2,95.0,95.0
5.0,0.7,GLS,GLS in Hannover Laatzen,3,91.0,91.0
5.0,0.7,GLS,GLS in Hannover Laatzen,4,76.0,76.0
5.0,0.7,GLS,GLS in Hannover Laatzen,5,65.0,65.0
5.0,0.7,Hermes,Hermes LC Hannover Langenhagen,0,116.0,116.0
5.0,0.7,Hermes,Hermes LC Hannover Langenhagen,1,120.0,120.0
5.0,0.7,Hermes,Hermes LC Hannover Langenhagen,2,127.0,127.0
5.0,0.7,Hermes,Hermes LC Hannover Langenhagen,3,123.0,123.0
5.0,0.7,Hermes,Hermes LC Hannover Langenhagen,4,112.0,112.0
5.0,0.7,Hermes,Hermes LC Hannover Langenhagen,5,83.0,83.0
5.0,0.7,UPS,UPS Depot Hannover,0,100.0,100.0
5.0,0.7,UPS,UPS Depot Hannover,1,108.0,108.0
5.0,0.7,UPS,UPS Depot Hannover,2,118.0,118.0
5.0,0.7,UPS,UPS Depot Hannover,3,114.0,114.0
5.0,0.7,UPS,UPS Depot Hannover,4,95.0,95.0
5.0,0.7,UPS,UPS Depot Hannover,5,78.0,78.0
5.0,0.8,DHL,Brief- und Logistikzentrum in Pattensen (Hannover),0,26.0,26.0
5.0,0.8,DHL,Brief- und Logistikzentrum in Pattensen (Hannover),1,27.0,27.0
5.0,0.8,DHL,Brief- und Logistikzentrum in Pattensen (Hannover),2,28.0,28.0
5.0,0.8,DHL,Brief- und Logistikzentrum in Pattensen (Hannover),3,27.0,27.0
5.0,0.8,DHL,Brief- und Logistikzentrum in Pattensen (Hannover),4,24.0,24.0
5.0,0.8,DHL,Brief- und Logistikzentrum in Pattensen (Hannover),5,18.0,18.0
5.0,0.8,DHL,"Deutsche Post, Bantorf",0,10.0,10.0
5.0,0.8,DHL,"Deutsche Post, Bantorf",1,11.0,11.0
5.0,0.8,DHL,"Deutsche Post, Bantorf",2,13.0,13.0
5.0,0.8,DHL,"Deutsche Post, Bantorf",3,12.0,12.0
5.0,0.8,DHL,"Deutsche Post, Bantorf",4,10.0,10.0
5.0,0.8,DHL,"Deutsche Post, Bantorf",5,8.0,8.0
5.0,0.8,DHL,"Deutsche Post, Bissendorf",0,44.0,44.0
5.0,0.8,DHL,"Deutsche Post, Bissendorf",1,48.0,48.0
5.0,0.8,DHL,"Deutsche Post, Bissendorf",2,53.0,53.0
5.0,0.8,DHL,"Deutsche Post, Bissendorf",3,49.0,49.0
5.0,0.8,DHL,"Deutsche Post, Bissendorf",4,41.0,41.0
5.0,0.8,DHL,"Deutsche Post, Bissendorf",5,32.0,32.0
5.0,0.8,DHL,"Deutsche Post, Burgdorf",0,10.0,10.0
5.0,0.8,DHL,"Deutsche Post, Burgdorf",1,10.0,10.0
5.0,0.8,DHL,"Deutsche Post, Burgdorf",2,12.0,12.0
5.0,0.8,DHL,"Deutsche Post, Burgdorf",3,11.0,11.0
5.0,0.8,DHL,"Deutsche Post, Burgdorf",4,9.0,9.0
5.0,0.8,DHL,"Deutsche Post, Burgdorf",5,7.0,7.0
5.0,0.8,DHL,"Deutsche Post, Garbsen",0,12.0,12.0
5.0,0.8,DHL,"Deutsche Post, Garbsen",1,13.0,13.0
5.0,0.8,DHL,"Deutsche Post, Garbsen",2,15.0,15.0
5.0,0.8,DHL,"Deutsche Post, Garbsen",3,15.0,15.0
5.0,0.8,DHL,"Deutsche Post, Garbsen",4,12.0,12.0
5.0,0.8,DHL,"Deutsche Post, Garbsen",5,10.0,10.0
5.0,0.8,DHL,"Deutsche Post, Lehrte",0,14.0,14.0
5.0,0.8,DHL,"Deutsche Post, Lehrte",1,15.0,15.0
5.0,0.8,DHL,"Deutsche Post, Lehrte",2,17.0,17.0
5.0,0.8,DHL,"Deutsche Post, Lehrte",3,15.0,15.0
5.0,0.8,DHL,"Deutsche Post, Lehrte",4,13.0,13.0
5.0,0.8,DHL,"Deutsche Post, Lehrte",5,10.0,10.0
5.0,0.8,DHL,"Deutsche Post, Neustadt",0,13.0,13.0
5.0,0.8,DHL,"Deutsche Post, Neustadt",1,15.0,15.0
5.0,0.8,DHL,"Deutsche Post, Neustadt",2,16.0,16.0
5.0,0.8,DHL,"Deutsche Post, Neustadt",3,15.0,15.0
5.0,0.8,DHL,"Deutsche Post, Neustadt",4,13.0,13.0
5.0,0.8,DHL,"Deutsche Post, Neustadt",5,10.0,10.0
5.0,0.8,DHL,"Deutsche Post, Springe",0,9.0,9.0
5.0,0.8,DHL,"Deutsche Post, Springe",1,9.0,9.0
5.0,0.8,DHL,"Deutsche Post, Springe",2,11.0,11.0
5.0,0.8,DHL,"Deutsche Post, Springe",3,10.0,10.0
5.0,0.8,DHL,"Deutsche Post, Springe",4,9.0,9.0
5.0,0.8,DHL,"Deutsche Post, Springe",5,7.0,7.0
5.0,0.8,DHL,"Deutsche Post, Wunstorf",0,15.0,15.0
5.0,0.8,DHL,"Deutsche Post, Wunstorf",1,15.0,15.0
5.0,0.8,DHL,"Deutsche Post, Wunstorf",2,16.0,16.0
5.0,0.8,DHL,"Deutsche Post, Wunstorf",3,16.0,16.0
5.0,0.8,DHL,"Deutsche Post, Wunstorf",4,14.0,14.0
5.0,0.8,DHL,"Deutsche Post, Wunstorf",5,11.0,11.0
5.0,0.8,DHL,Dummy Seelze,0,17.0,17.0
5.0,0.8,DHL,Dummy Seelze,1,19.0,19.0
5.0,0.8,DHL,Dummy Seelze,2,21.0,21.0
5.0,0.8,DHL,Dummy Seelze,3,20.0,20.0
5.0,0.8,DHL,Dummy Seelze,4,17.0,17.0
5.0,0.8,DHL,Dummy Seelze,5,13.0,13.0
5.0,0.8,DHL,Dummy Sehnde,0,9.0,9.0
5.0,0.8,DHL,Dummy Sehnde,1,9.0,9.0
5.0,0.8,DHL,Dummy Sehnde,2,10.0,10.0
5.0,0.8,DHL,Dummy Sehnde,3,9.0,9.0
5.0,0.8,DHL,Dummy Sehnde,4,8.0,8.0
5.0,0.8,DHL,Dummy Sehnde,5,6.0,6.0
5.0,0.8,DHL,Dummy Uetze,0,7.0,7.0
5.0,0.8,DHL,Dummy Uetze,1,7.0,7.0
5.0,0.8,DHL,Dummy Uetze,2,7.0,7.0
5.0,0.8,DHL,Dummy Uetze,3,8.0,8.0
5.0,0.8,DHL,Dummy Uetze,4,6.0,6.0
5.0,0.8,DHL,Dummy Uetze,5,5.0,5.0
5.0,0.8,DHL,Dummy Wennigsen,0,11.0,11.0
5.0,0.8,DHL,Dummy Wennigsen,1,12.0,12.0
5.0,0.8,DHL,Dummy Wennigsen,2,12.0,12.0
5.0,0.8,DHL,Dummy Wennigsen,3,12.0,12.0
5.0,0.8,DHL,Dummy Wennigsen,4,10.0,10.0
5.0,0.8,DHL,Dummy Wennigsen,5,8.0,8.0
5.0,0.8,DHL,Paketzentrum / Zustellbasis Anderten,0,40.0,40.0
5.0,0.8,DHL,Paketzentrum / Zustellbasis Anderten,1,44.0,44.0
5.0,0.8,DHL,Paketzentrum / Zustellbasis Anderten,2,47.0,47.0
5.0,0.8,DHL,Paketzentrum / Zustellbasis Anderten,3,44.0,44.0
5.0,0.8,DHL,Paketzentrum / Zustellbasis Anderten,4,39.0,39.0
5.0,0.8,DHL,Paketzentrum / Zustellbasis Anderten,5,31.0,31.0
5.0,0.8,DHL,Zustellbasis Hannover am Güterbahnhof,0,102.0,102.0
5.0,0.8,DHL,Zustellbasis Hannover am Güterbahnhof,1,107.0,107.0
5.0,0.8,DHL,Zustellbasis Hannover am Güterbahnhof,2,122.0,122.0
5.0,0.8,DHL,Zustellbasis Hannover am Güterbahnhof,3,115.0,115.0
5.0,0.8,DHL,Zustellbasis Hannover am Güterbahnhof,4,97.0,97.0
5.0,0.8,DHL,Zustellbasis Hannover am Güterbahnhof,5,75.0,75.0
5.0,0.8,DHL,Zustellbasis Hannover-Süd,0,55.0,55.0
5.0,0.8,DHL,Zustellbasis Hannover-Süd,1,58.0,58.0
5.0,0.8,DHL,Zustellbasis Hannover-Süd,2,67.0,67.0
5.0,0.8,DHL,Zustellbasis Hannover-Süd,3,64.0,64.0
5.0,0.8,DHL,Zustellbasis Hannover-Süd,4,52.0,52.0
5.0,0.8,DHL,Zustellbasis Hannover-Süd,5,41.0,41.0
5.0,0.8,Amazon,Amazon Logistics HAJ8 in Garbsen,0,189.0,189.0
5.0,0.8,Amazon,Amazon Logistics HAJ8 in Garbsen,1,200.0,200.0
5.0,0.8,Amazon,Amazon Logistics HAJ8 in Garbsen,2,217.0,217.0
5.0,0.8,Amazon,Amazon Logistics HAJ8 in Garbsen,3,209.0,209.0
5.0,0.8,Amazon,Amazon Logistics HAJ8 in Garbsen,4,176.0,176.0
5.0,0.8,Amazon,Amazon Logistics HAJ8 in Garbsen,5,138.0,138.0
5.0,0.8,DPD,DPD Paketzentrum in Lehrte,0,93.0,93.0
5.0,0.8,DPD,DPD Paketzentrum in Lehrte,1,104.0,104.0
5.0,0.8,DPD,DPD Paketzentrum in Lehrte,2,118.0,118.0
5.0,0.8,DPD,DPD Paketzentrum in Lehrte,3,111.0,111.0
5.0,0.8,DPD,DPD Paketzentrum in Lehrte,4,90.0,90.0
5.0,0.8,DPD,DPD Paketzentrum in Lehrte,5,72.0,72.0
5.0,0.8,FedEx,FedEx Station - Heinz-Peter-Piper Str.,0,84.0,84.0
5.0,0.8,FedEx,FedEx Station - Heinz-Peter-Piper Str.,1,86.0,86.0
5.0,0.8,FedEx,FedEx Station - Heinz-Peter-Piper Str.,2,97.0,97.0
5.0,0.8,FedEx,FedEx Station - Heinz-Peter-Piper Str.,3,91.0,91.0
5.0,0.8,FedEx,FedEx Station - Heinz-Peter-Piper Str.,4,82.0,82.0
5.0,0.8,FedEx,FedEx Station - Heinz-Peter-Piper Str.,5,66.0,66.0
5.0,0.8,GLS,GLS in Hannover Laatzen,0,82.0,82.0
5.0,0.8,GLS,GLS in Hannover Laatzen,1,83.0,83.0
5.0,0.8,GLS,GLS in Hannover Laatzen,2,95.0,95.0
5.0,0.8,GLS,GLS in Hannover Laatzen,3,91.0,91.0
5.0,0.8,GLS,GLS in Hannover Laatzen,4,76.0,76.0
5.0,0.8,GLS,GLS in Hannover Laatzen,5,65.0,65.0
5.0,0.8,Hermes,Hermes LC Hannover Langenhagen,0,116.0,116.0
5.0,0.8,Hermes,Hermes LC Hannover Langenhagen,1,120.0,120.0
5.0,0.8,Hermes,Hermes LC Hannover Langenhagen,2,127.0,127.0
5.0,0.8,Hermes,Hermes LC Hannover Langenhagen,3,123.0,123.0
5.0,0.8,Hermes,Hermes LC Hannover Langenhagen,4,112.0,112.0
5.0,0.8,Hermes,Hermes LC Hannover Langenhagen,5,83.0,83.0
5.0,0.8,UPS,UPS Depot Hannover,0,100.0,100.0
5.0,0.8,UPS,UPS Depot Hannover,1,108.0,108.0
5.0,0.8,UPS,UPS Depot Hannover,2,118.0,118.0
5.0,0.8,UPS,UPS Depot Hannover,3,114.0,114.0
5.0,0.8,UPS,UPS Depot Hannover,4,95.0,95.0
5.0,0.8,UPS,UPS Depot Hannover,5,78.0,78.0
5.0,0.9,DHL,Brief- und Logistikzentrum in Pattensen (Hannover),0,26.0,26.0
5.0,0.9,DHL,Brief- und Logistikzentrum in Pattensen (Hannover),1,27.0,27.0
5.0,0.9,DHL,Brief- und Logistikzentrum in Pattensen (Hannover),2,28.0,28.0
5.0,0.9,DHL,Brief- und Logistikzentrum in Pattensen (Hannover),3,27.0,27.0
5.0,0.9,DHL,Brief- und Logistikzentrum in Pattensen (Hannover),4,24.0,24.0
5.0,0.9,DHL,Brief- und Logistikzentrum in Pattensen (Hannover),5,18.0,18.0
5.0,0.9,DHL,"Deutsche Post, Bantorf",0,10.0,10.0
5.0,0.9,DHL,"Deutsche Post, Bantorf",1,11.0,11.0
5.0,0.9,DHL,"Deutsche Post, Bantorf",2,13.0,13.0
5.0,0.9,DHL,"Deutsche Post, Bantorf",3,12.0,12.0
5.0,0.9,DHL,"Deutsche Post, Bantorf",4,10.0,10.0
5.0,0.9,DHL,"Deutsche Post, Bantorf",5,8.0,8.0
5.0,0.9,DHL,"Deutsche Post, Bissendorf",0,44.0,44.0
5.0,0.9,DHL,"Deutsche Post, Bissendorf",1,48.0,48.0
5.0,0.9,DHL,"Deutsche Post, Bissendorf",2,53.0,53.0
5.0,0.9,DHL,"Deutsche Post, Bissendorf",3,49.0,49.0
5.0,0.9,DHL,"Deutsche Post, Bissendorf",4,41.0,41.0
5.0,0.9,DHL,"Deutsche Post, Bissendorf",5,32.0,32.0
5.0,0.9,DHL,"Deutsche Post, Burgdorf",0,10.0,10.0
5.0,0.9,DHL,"Deutsche Post, Burgdorf",1,10.0,10.0
5.0,0.9,DHL,"Deutsche Post, Burgdorf",2,12.0,12.0
5.0,0.9,DHL,"Deutsche Post, Burgdorf",3,11.0,11.0
5.0,0.9,DHL,"Deutsche Post, Burgdorf",4,9.0,9.0
5.0,0.9,DHL,"Deutsche Post, Burgdorf",5,7.0,7.0
5.0,0.9,DHL,"Deutsche Post, Garbsen",0,12.0,12.0
5.0,0.9,DHL,"Deutsche Post, Garbsen",1,13.0,13.0
5.0,0.9,DHL,"Deutsche Post, Garbsen",2,15.0,15.0
5.0,0.9,DHL,"Deutsche Post, Garbsen",3,15.0,15.0
5.0,0.9,DHL,"Deutsche Post, Garbsen",4,12.0,12.0
5.0,0.9,DHL,"Deutsche Post, Garbsen",5,10.0,10.0
5.0,0.9,DHL,"Deutsche Post, Lehrte",0,14.0,14.0
5.0,0.9,DHL,"Deutsche Post, Lehrte",1,15.0,15.0
5.0,0.9,DHL,"Deutsche Post, Lehrte",2,17.0,17.0
5.0,0.9,DHL,"Deutsche Post, Lehrte",3,15.0,15.0
5.0,0.9,DHL,"Deutsche Post, Lehrte",4,13.0,13.0
5.0,0.9,DHL,"Deutsche Post, Lehrte",5,10.0,10.0
5.0,0.9,DHL,"Deutsche Post, Neustadt",0,13.0,13.0
5.0,0.9,DHL,"Deutsche Post, Neustadt",1,15.0,15.0
5.0,0.9,DHL,"Deutsche Post, Neustadt",2,16.0,16.0
5.0,0.9,DHL,"Deutsche Post, Neustadt",3,15.0,15.0
5.0,0.9,DHL,"Deutsche Post, Neustadt",4,13.0,13.0
5.0,0.9,DHL,"Deutsche Post, Neustadt",5,10.0,10.0
5.0,0.9,DHL,"Deutsche Post, Springe",0,9.0,9.0
5.0,0.9,DHL,"Deutsche Post, Springe",1,9.0,9.0
5.0,0.9,DHL,"Deutsche Post, Springe",2,11.0,11.0
5.0,0.9,DHL,"Deutsche Post, Springe",3,10.0,10.0
5.0,0.9,DHL,"Deutsche Post, Springe",4,9.0,9.0
5.0,0.9,DHL,"Deutsche Post, Springe",5,7.0,7.0
5.0,0.9,DHL,"Deutsche Post, Wunstorf",0,15.0,15.0
5.0,0.9,DHL,"Deutsche Post, Wunstorf",1,15.0,15.0
5.0,0.9,DHL,"Deutsche Post, Wunstorf",2,16.0,16.0
5.0,0.9,DHL,"Deutsche Post, Wunstorf",3,16.0,16.0
5.0,0.9,DHL,"Deutsche Post, Wunstorf",4,14.0,14.0
5.0,0.9,DHL,"Deutsche Post, Wunstorf",5,11.0,11.0
5.0,0.9,DHL,Dummy Seelze,0,17.0,17.0
5.0,0.9,DHL,Dummy Seelze,1,19.0,19.0
5.0,0.9,DHL,Dummy Seelze,2,21.0,21.0
5.0,0.9,DHL,Dummy Seelze,3,20.0,20.0
5.0,0.9,DHL,Dummy Seelze,4,17.0,17.0
5.0,0.9,DHL,Dummy Seelze,5,13.0,13.0
5.0,0.9,DHL,Dummy Sehnde,0,9.0,9.0
5.0,0.9,DHL,Dummy Sehnde,1,9.0,9.0
5.0,0.9,DHL,Dummy Sehnde,2,10.0,10.0
5.0,0.9,DHL,Dummy Sehnde,3,9.0,9.0
5.0,0.9,DHL,Dummy Sehnde,4,8.0,8.0
5.0,0.9,DHL,Dummy Sehnde,5,6.0,6.0
5.0,0.9,DHL,Dummy Uetze,0,7.0,7.0
5.0,0.9,DHL,Dummy Uetze,1,7.0,7.0
5.0,0.9,DHL,Dummy Uetze,2,7.0,7.0
5.0,0.9,DHL,Dummy Uetze,3,8.0,8.0
5.0,0.9,DHL,Dummy Uetze,4,6.0,6.0
5.0,0.9,DHL,Dummy Uetze,5,5.0,5.0
5.0,0.9,DHL,Dummy Wennigsen,0,11.0,11.0
5.0,0.9,DHL,Dummy Wennigsen,1,12.0,12.0
5.0,0.9,DHL,Dummy Wennigsen,2,12.0,12.0
5.0,0.9,DHL,Dummy Wennigsen,3,12.0,12.0
5.0,0.9,DHL,Dummy Wennigsen,4,10.0,10.0
5.0,0.9,DHL,Dummy Wennigsen,5,8.0,8.0
5.0,0.9,DHL,Paketzentrum / Zustellbasis Anderten,0,40.0,40.0
5.0,0.9,DHL,Paketzentrum / Zustellbasis Anderten,1,44.0,44.0
5.0,0.9,DHL,Paketzentrum / Zustellbasis Anderten,2,47.0,47.0
5.0,0.9,DHL,Paketzentrum / Zustellbasis Anderten,3,44.0,44.0
5.0,0.9,DHL,Paketzentrum / Zustellbasis Anderten,4,39.0,39.0
5.0,0.9,DHL,Paketzentrum / Zustellbasis Anderten,5,31.0,31.0
5.0,0.9,DHL,Zustellbasis Hannover am Güterbahnhof,0,102.0,102.0
5.0,0.9,DHL,Zustellbasis Hannover am Güterbahnhof,1,107.0,107.0
5.0,0.9,DHL,Zustellbasis Hannover am Güterbahnhof,2,122.0,122.0
5.0,0.9,DHL,Zustellbasis Hannover am Güterbahnhof,3,115.0,115.0
5.0,0.9,DHL,Zustellbasis Hannover am Güterbahnhof,4,97.0,97.0
5.0,0.9,DHL,Zustellbasis Hannover am Güterbahnhof,5,75.0,75.0
5.0,0.9,DHL,Zustellbasis Hannover-Süd,0,55.0,55.0
5.0,0.9,DHL,Zustellbasis Hannover-Süd,1,58.0,58.0
5.0,0.9,DHL,Zustellbasis Hannover-Süd,2,67.0,67.0
5.0,0.9,DHL,Zustellbasis Hannover-Süd,3,64.0,64.0
5.0,0.9,DHL,Zustellbasis Hannover-Süd,4,52.0,52.0
5.0,0.9,DHL,Zustellbasis Hannover-Süd,5,41.0,41.0
5.0,0.9,Amazon,Amazon Logistics HAJ8 in Garbsen,0,189.0,189.0
5.0,0.9,Amazon,Amazon Logistics HAJ8 in Garbsen,1,200.0,200.0
5.0,0.9,Amazon,Amazon Logistics HAJ8 in Garbsen,2,217.0,217.0
5.0,0.9,Amazon,Amazon Logistics HAJ8 in Garbsen,3,209.0,209.0
5.0,0.9,Amazon,Amazon Logistics HAJ8 in Garbsen,4,176.0,176.0
5.0,0.9,Amazon,Amazon Logistics HAJ8 in Garbsen,5,138.0,138.0
5.0,0.9,DPD,DPD Paketzentrum in Lehrte,0,93.0,93.0
5.0,0.9,DPD,DPD Paketzentrum in Lehrte,1,104.0,104.0
5.0,0.9,DPD,DPD Paketzentrum in Lehrte,2,118.0,118.0
5.0,0.9,DPD,DPD Paketzentrum in Lehrte,3,111.0,111.0
5.0,0.9,DPD,DPD Paketzentrum in Lehrte,4,90.0,90.0
5.0,0.9,DPD,DPD Paketzentrum in Lehrte,5,72.0,72.0
5.0,0.9,FedEx,FedEx Station - Heinz-Peter-Piper Str.,0,84.0,84.0
5.0,0.9,FedEx,FedEx Station - Heinz-Peter-Piper Str.,1,86.0,86.0
5.0,0.9,FedEx,FedEx Station - Heinz-Peter-Piper Str.,2,97.0,97.0
5.0,0.9,FedEx,FedEx Station - Heinz-Peter-Piper Str.,3,91.0,91.0
5.0,0.9,FedEx,FedEx Station - Heinz-Peter-Piper Str.,4,82.0,82.0
5.0,0.9,FedEx,FedEx Station - Heinz-Peter-Piper Str.,5,66.0,66.0
5.0,0.9,GLS,GLS in Hannover Laatzen,0,82.0,82.0
5.0,0.9,GLS,GLS in Hannover Laatzen,1,83.0,83.0
5.0,0.9,GLS,GLS in Hannover Laatzen,2,95.0,95.0
5.0,0.9,GLS,GLS in Hannover Laatzen,3,91.0,91.0
5.0,0.9,GLS,GLS in Hannover Laatzen,4,76.0,76.0
5.0,0.9,GLS,GLS in Hannover Laatzen,5,65.0,65.0
5.0,0.9,Hermes,Hermes LC Hannover Langenhagen,0,116.0,116.0
5.0,0.9,Hermes,Hermes LC Hannover Langenhagen,1,120.0,120.0
5.0,0.9,Hermes,Hermes LC Hannover Langenhagen,2,127.0,127.0
5.0,0.9,Hermes,Hermes LC Hannover Langenhagen,3,123.0,123.0
5.0,0.9,Hermes,Hermes LC Hannover Langenhagen,4,112.0,112.0
5.0,0.9,Hermes,Hermes LC Hannover Langenhagen,5,83.0,83.0
5.0,0.9,UPS,UPS Depot Hannover,0,100.0,100.0
5.0,0.9,UPS,UPS Depot Hannover,1,108.0,108.0
5.0,0.9,UPS,UPS Depot Hannover,2,118.0,118.0
5.0,0.9,UPS,UPS Depot Hannover,3,114.0,114.0
5.0,0.9,UPS,UPS Depot Hannover,4,95.0,95.0
5.0,0.9,UPS,UPS Depot Hannover,5,78.0,78.0
5.0,1.0,DHL,Brief- und Logistikzentrum in Pattensen (Hannover),0,26.0,26.0
5.0,1.0,DHL,Brief- und Logistikzentrum in Pattensen (Hannover),1,27.0,27.0
5.0,1.0,DHL,Brief- und Logistikzentrum in Pattensen (Hannover),2,28.0,28.0
5.0,1.0,DHL,Brief- und Logistikzentrum in Pattensen (Hannover),3,27.0,27.0
5.0,1.0,DHL,Brief- und Logistikzentrum in Pattensen (Hannover),4,24.0,24.0
5.0,1.0,DHL,Brief- und Logistikzentrum in Pattensen (Hannover),5,18.0,18.0
5.0,1.0,DHL,"Deutsche Post, Bantorf",0,10.0,10.0
5.0,1.0,DHL,"Deutsche Post, Bantorf",1,11.0,11.0
5.0,1.0,DHL,"Deutsche Post, Bantorf",2,13.0,13.0
5.0,1.0,DHL,"Deutsche Post, Bantorf",3,12.0,12.0
5.0,1.0,DHL,"Deutsche Post, Bantorf",4,10.0,10.0
5.0,1.0,DHL,"Deutsche Post, Bantorf",5,8.0,8.0
5.0,1.0,DHL,"Deutsche Post, Bissendorf",0,44.0,44.0
5.0,1.0,DHL,"Deutsche Post, Bissendorf",1,48.0,48.0
5.0,1.0,DHL,"Deutsche Post, Bissendorf",2,53.0,53.0
5.0,1.0,DHL,"Deutsche Post, Bissendorf",3,49.0,49.0
5.0,1.0,DHL,"Deutsche Post, Bissendorf",4,41.0,41.0
5.0,1.0,DHL,"Deutsche Post, Bissendorf",5,32.0,32.0
5.0,1.0,DHL,"Deutsche Post, Burgdorf",0,10.0,10.0
5.0,1.0,DHL,"Deutsche Post, Burgdorf",1,10.0,10.0
5.0,1.0,DHL,"Deutsche Post, Burgdorf",2,12.0,12.0
5.0,1.0,DHL,"Deutsche Post, Burgdorf",3,11.0,11.0
5.0,1.0,DHL,"Deutsche Post, Burgdorf",4,9.0,9.0
5.0,1.0,DHL,"Deutsche Post, Burgdorf",5,7.0,7.0
5.0,1.0,DHL,"Deutsche Post, Garbsen",0,12.0,12.0
5.0,1.0,DHL,"Deutsche Post, Garbsen",1,13.0,13.0
5.0,1.0,DHL,"Deutsche Post, Garbsen",2,15.0,15.0
5.0,1.0,DHL,"Deutsche Post, Garbsen",3,15.0,15.0
5.0,1.0,DHL,"Deutsche Post, Garbsen",4,12.0,12.0
5.0,1.0,DHL,"Deutsche Post, Garbsen",5,10.0,10.0
5.0,1.0,DHL,"Deutsche Post, Lehrte",0,14.0,14.0
5.0,1.0,DHL,"Deutsche Post, Lehrte",1,15.0,15.0
5.0,1.0,DHL,"Deutsche Post, Lehrte",2,17.0,17.0
5.0,1.0,DHL,"Deutsche Post, Lehrte",3,15.0,15.0
5.0,1.0,DHL,"Deutsche Post, Lehrte",4,13.0,13.0
5.0,1.0,DHL,"Deutsche Post, Lehrte",5,10.0,10.0
5.0,1.0,DHL,"Deutsche Post, Neustadt",0,13.0,13.0
5.0,1.0,DHL,"Deutsche Post, Neustadt",1,15.0,15.0
5.0,1.0,DHL,"Deutsche Post, Neustadt",2,16.0,16.0
5.0,1.0,DHL,"Deutsche Post, Neustadt",3,15.0,15.0
5.0,1.0,DHL,"Deutsche Post, Neustadt",4,13.0,13.0
5.0,1.0,DHL,"Deutsche Post, Neustadt",5,10.0,10.0
5.0,1.0,DHL,"Deutsche Post, Springe",0,9.0,9.0
5.0,1.0,DHL,"Deutsche Post, Springe",1,9.0,9.0
5.0,1.0,DHL,"Deutsche Post, Springe",2,11.0,11.0
5.0,1.0,DHL,"Deutsche Post, Springe",3,10.0,10.0
5.0,1.0,DHL,"Deutsche Post, Springe",4,9.0,9.0
5.0,1.0,DHL,"Deutsche Post, Springe",5,7.0,7.0
5.0,1.0,DHL,"Deutsche Post, Wunstorf",0,15.0,15.0
5.0,1.0,DHL,"Deutsche Post, Wunstorf",1,15.0,15.0
5.0,1.0,DHL,"Deutsche Post, Wunstorf",2,16.0,16.0
5.0,1.0,DHL,"Deutsche Post, Wunstorf",3,16.0,16.0
5.0,1.0,DHL,"Deutsche Post, Wunstorf",4,14.0,14.0
5.0,1.0,DHL,"Deutsche Post, Wunstorf",5,11.0,11.0
5.0,1.0,DHL,Dummy Seelze,0,17.0,17.0
5.0,1.0,DHL,Dummy Seelze,1,19.0,19.0
5.0,1.0,DHL,Dummy Seelze,2,21.0,21.0
5.0,1.0,DHL,Dummy Seelze,3,20.0,20.0
5.0,1.0,DHL,Dummy Seelze,4,17.0,17.0
5.0,1.0,DHL,Dummy Seelze,5,13.0,13.0
5.0,1.0,DHL,Dummy Sehnde,0,9.0,9.0
5.0,1.0,DHL,Dummy Sehnde,1,9.0,9.0
5.0,1.0,DHL,Dummy Sehnde,2,10.0,10.0
5.0,1.0,DHL,Dummy Sehnde,3,9.0,9.0
5.0,1.0,DHL,Dummy Sehnde,4,8.0,8.0
5.0,1.0,DHL,Dummy Sehnde,5,6.0,6.0
5.0,1.0,DHL,Dummy Uetze,0,7.0,7.0
5.0,1.0,DHL,Dummy Uetze,1,7.0,7.0
5.0,1.0,DHL,Dummy Uetze,2,7.0,7.0
5.0,1.0,DHL,Dummy Uetze,3,8.0,8.0
5.0,1.0,DHL,Dummy Uetze,4,6.0,6.0
5.0,1.0,DHL,Dummy Uetze,5,5.0,5.0
5.0,1.0,DHL,Dummy Wennigsen,0,11.0,11.0
5.0,1.0,DHL,Dummy Wennigsen,1,12.0,12.0
5.0,1.0,DHL,Dummy Wennigsen,2,12.0,12.0
5.0,1.0,DHL,Dummy Wennigsen,3,12.0,12.0
5.0,1.0,DHL,Dummy Wennigsen,4,10.0,10.0
5.0,1.0,DHL,Dummy Wennigsen,5,8.0,8.0
5.0,1.0,DHL,Paketzentrum / Zustellbasis Anderten,0,40.0,40.0
5.0,1.0,DHL,Paketzentrum / Zustellbasis Anderten,1,44.0,44.0
5.0,1.0,DHL,Paketzentrum / Zustellbasis Anderten,2,47.0,47.0
5.0,1.0,DHL,Paketzentrum / Zustellbasis Anderten,3,44.0,44.0
5.0,1.0,DHL,Paketzentrum / Zustellbasis Anderten,4,39.0,39.0
5.0,1.0,DHL,Paketzentrum / Zustellbasis Anderten,5,31.0,31.0
5.0,1.0,DHL,Zustellbasis Hannover am Güterbahnhof,0,102.0,102.0
5.0,1.0,DHL,Zustellbasis Hannover am Güterbahnhof,1,107.0,107.0
5.0,1.0,DHL,Zustellbasis Hannover am Güterbahnhof,2,122.0,122.0
5.0,1.0,DHL,Zustellbasis Hannover am Güterbahnhof,3,115.0,115.0
5.0,1.0,DHL,Zustellbasis Hannover am Güterbahnhof,4,97.0,97.0
5.0,1.0,DHL,Zustellbasis Hannover am Güterbahnhof,5,75.0,75.0
5.0,1.0,DHL,Zustellbasis Hannover-Süd,0,55.0,55.0
5.0,1.0,DHL,Zustellbasis Hannover-Süd,1,58.0,58.0
5.0,1.0,DHL,Zustellbasis Hannover-Süd,2,67.0,67.0
5.0,1.0,DHL,Zustellbasis Hannover-Süd,3,64.0,64.0
5.0,1.0,DHL,Zustellbasis Hannover-Süd,4,52.0,52.0
5.0,1.0,DHL,Zustellbasis Hannover-Süd,5,41.0,41.0
5.0,1.0,Amazon,Amazon Logistics HAJ8 in Garbsen,0,189.0,189.0
5.0,1.0,Amazon,Amazon Logistics HAJ8 in Garbsen,1,200.0,200.0
5.0,1.0,Amazon,Amazon Logistics HAJ8 in Garbsen,2,217.0,217.0
5.0,1.0,Amazon,Amazon Logistics HAJ8 in Garbsen,3,209.0,209.0
5.0,1.0,Amazon,Amazon Logistics HAJ8 in Garbsen,4,176.0,176.0
5.0,1.0,Amazon,Amazon Logistics HAJ8 in Garbsen,5,138.0,138.0
5.0,1.0,DPD,DPD Paketzentrum in Lehrte,0,93.0,93.0
5.0,1.0,DPD,DPD Paketzentrum in Lehrte,1,104.0,104.0
5.0,1.0,DPD,DPD Paketzentrum in Lehrte,2,118.0,118.0
5.0,1.0,DPD,DPD Paketzentrum in Lehrte,3,111.0,111.0
5.0,1.0,DPD,DPD Paketzentrum in Lehrte,4,90.0,90.0
5.0,1.0,DPD,DPD Paketzentrum in Lehrte,5,72.0,72.0
5.0,1.0,FedEx,FedEx Station - Heinz-Peter-Piper Str.,0,84.0,84.0
5.0,1.0,FedEx,FedEx Station - Heinz-Peter-Piper Str.,1,86.0,86.0
5.0,1.0,FedEx,FedEx Station - Heinz-Peter-Piper Str.,2,97.0,97.0
5.0,1.0,FedEx,FedEx Station - Heinz-Peter-Piper Str.,3,91.0,91.0
5.0,1.0,FedEx,FedEx Station - Heinz-Peter-Piper Str.,4,82.0,82.0
5.0,1.0,FedEx,FedEx Station - Heinz-Peter-Piper Str.,5,66.0,66.0
5.0,1.0,GLS,GLS in Hannover Laatzen,0,82.0,82.0
5.0,1.0,GLS,GLS in Hannover Laatzen,1,83.0,83.0
5.0,1.0,GLS,GLS in Hannover Laatzen,2,95.0,95.0
5.0,1.0,GLS,GLS in Hannover Laatzen,3,91.0,91.0
5.0,1.0,GLS,GLS in Hannover Laatzen,4,76.0,76.0
5.0,1.0,GLS,GLS in Hannover Laatzen,5,65.0,65.0
5.0,1.0,Hermes,Hermes LC Hannover Langenhagen,0,116.0,116.0
5.0,1.0,Hermes,Hermes LC Hannover Langenhagen,1,120.0,120.0
5.0,1.0,Hermes,Hermes LC Hannover Langenhagen,2,127.0,127.0
5.0,1.0,Hermes,Hermes LC Hannover Langenhagen,3,123.0,123.0
5.0,1.0,Hermes,Hermes LC Hannover Langenhagen,4,112.0,112.0
5.0,1.0,Hermes,Hermes LC Hannover Langenhagen,5,83.0,83.0
5.0,1.0,UPS,UPS Depot Hannover,0,100.0,100.0
5.0,1.0,UPS,UPS Depot Hannover,1,108.0,108.0
5.0,1.0,UPS,UPS Depot Hannover,2,118.0,118.0
5.0,1.0,UPS,UPS Depot Hannover,3,114.0,114.0
5.0,1.0,UPS,UPS Depot Hannover,4,95.0,95.0
5.0,1.0,UPS,UPS Depot Hannover,5,78.0,78.0
10.0,0.0,DHL,Brief- und Logistikzentrum in Pattensen (Hannover),0,26.0,26.0
10.0,0.0,DHL,Brief- und Logistikzentrum in Pattensen (Hannover),1,27.0,27.0
10.0,0.0,DHL,Brief- und Logistikzentrum in Pattensen (Hannover),2,28.0,28.0
10.0,0.0,DHL,Brief- und Logistikzentrum in Pattensen (Hannover),3,27.0,27.0
10.0,0.0,DHL,Brief- und Logistikzentrum in Pattensen (Hannover),4,24.0,24.0
10.0,0.0,DHL,Brief- und Logistikzentrum in Pattensen (Hannover),5,18.0,18.0
10.0,0.0,DHL,"Deutsche Post, Bantorf",0,10.0,10.0
10.0,0.0,DHL,"Deutsche Post, Bantorf",1,11.0,11.0
10.0,0.0,DHL,"Deutsche Post, Bantorf",2,13.0,13.0
10.0,0.0,DHL,"Deutsche Post, Bantorf",3,12.0,12.0
10.0,0.0,DHL,"Deutsche Post, Bantorf",4,10.0,10.0
10.0,0.0,DHL,"Deutsche Post, Bantorf",5,8.0,8.0
10.0,0.0,DHL,"Deutsche Post, Bissendorf",0,44.0,44.0
10.0,0.0,DHL,"Deutsche Post, Bissendorf",1,48.0,48.0
10.0,0.0,DHL,"Deutsche Post, Bissendorf",2,53.0,53.0
10.0,0.0,DHL,"Deutsche Post, Bissendorf",3,49.0,49.0
10.0,0.0,DHL,"Deutsche Post, Bissendorf",4,41.0,41.0
10.0,0.0,DHL,"Deutsche Post, Bissendorf",5,32.0,32.0
10.0,0.0,DHL,"Deutsche Post, Burgdorf",0,10.0,10.0
10.0,0.0,DHL,"Deutsche Post, Burgdorf",1,10.0,10.0
10.0,0.0,DHL,"Deutsche Post, Burgdorf",2,12.0,12.0
10.0,0.0,DHL,"Deutsche Post, Burgdorf",3,11.0,11.0
10.0,0.0,DHL,"Deutsche Post, Burgdorf",4,9.0,9.0
10.0,0.0,DHL,"Deutsche Post, Burgdorf",5,7.0,7.0
10.0,0.0,DHL,"Deutsche Post, Garbsen",0,12.0,12.0
10.0,0.0,DHL,"Deutsche Post, Garbsen",1,13.0,13.0
10.0,0.0,DHL,"Deutsche Post, Garbsen",2,15.0,15.0
10.0,0.0,DHL,"Deutsche Post, Garbsen",3,15.0,15.0
10.0,0.0,DHL,"Deutsche Post, Garbsen",4,12.0,12.0
10.0,0.0,DHL,"Deutsche Post, Garbsen",5,10.0,10.0
10.0,0.0,DHL,"Deutsche Post, Lehrte",0,14.0,14.0
10.0,0.0,DHL,"Deutsche Post, Lehrte",1,15.0,15.0
10.0,0.0,DHL,"Deutsche Post, Lehrte",2,17.0,17.0
10.0,0.0,DHL,"Deutsche Post, Lehrte",3,15.0,15.0
10.0,0.0,DHL,"Deutsche Post, Lehrte",4,13.0,13.0
10.0,0.0,DHL,"Deutsche Post, Lehrte",5,10.0,10.0
10.0,0.0,DHL,"Deutsche Post, Neustadt",0,13.0,13.0
10.0,0.0,DHL,"Deutsche Post, Neustadt",1,15.0,15.0
10.0,0.0,DHL,"Deutsche Post, Neustadt",2,16.0,16.0
10.0,0.0,DHL,"Deutsche Post, Neustadt",3,15.0,15.0
10.0,0.0,DHL,"Deutsche Post, Neustadt",4,13.0,13.0
10.0,0.0,DHL,"Deutsche Post, Neustadt",5,10.0,10.0
10.0,0.0,DHL,"Deutsche Post, Springe",0,9.0,9.0
10.0,0.0,DHL,"Deutsche Post, Springe",1,9.0,9.0
10.0,0.0,DHL,"Deutsche Post, Springe",2,11.0,11.0
10.0,0.0,DHL,"Deutsche Post, Springe",3,10.0,10.0
10.0,0.0,DHL,"Deutsche Post, Springe",4,9.0,9.0
10.0,0.0,DHL,"Deutsche Post, Springe",5,7.0,7.0
10.0,0.0,DHL,"Deutsche Post, Wunstorf",0,15.0,15.0
10.0,0.0,DHL,"Deutsche Post, Wunstorf",1,15.0,15.0
10.0,0.0,DHL,"Deutsche Post, Wunstorf",2,16.0,16.0
10.0,0.0,DHL,"Deutsche Post, Wunstorf",3,16.0,16.0
10.0,0.0,DHL,"Deutsche Post, Wunstorf",4,14.0,14.0
10.0,0.0,DHL,"Deutsche Post, Wunstorf",5,11.0,11.0
10.0,0.0,DHL,Dummy Seelze,0,17.0,17.0
10.0,0.0,DHL,Dummy Seelze,1,19.0,19.0
10.0,0.0,DHL,Dummy Seelze,2,21.0,21.0
10.0,0.0,DHL,Dummy Seelze,3,20.0,20.0
10.0,0.0,DHL,Dummy Seelze,4,17.0,17.0
10.0,0.0,DHL,Dummy Seelze,5,13.0,13.0
10.0,0.0,DHL,Dummy Sehnde,0,9.0,9.0
10.0,0.0,DHL,Dummy Sehnde,1,9.0,9.0
10.0,0.0,DHL,Dummy Sehnde,2,10.0,10.0
10.0,0.0,DHL,Dummy Sehnde,3,9.0,9.0
10.0,0.0,DHL,Dummy Sehnde,4,8.0,8.0
10.0,0.0,DHL,Dummy Sehnde,5,6.0,6.0
10.0,0.0,DHL,Dummy Uetze,0,7.0,7.0
10.0,0.0,DHL,Dummy Uetze,1,7.0,7.0
10.0,0.0,DHL,Dummy Uetze,2,7.0,7.0
10.0,0.0,DHL,Dummy Uetze,3,8.0,8.0
10.0,0.0,DHL,Dummy Uetze,4,6.0,6.0
10.0,0.0,DHL,Dummy Uetze,5,5.0,5.0
10.0,0.0,DHL,Dummy Wennigsen,0,11.0,11.0
10.0,0.0,DHL,Dummy Wennigsen,1,12.0,12.0
10.0,0.0,DHL,Dummy Wennigsen,2,12.0,12.0
10.0,0.0,DHL,Dummy Wennigsen,3,12.0,12.0
10.0,0.0,DHL,Dummy Wennigsen,4,10.0,10.0
10.0,0.0,DHL,Dummy Wennigsen,5,8.0,8.0
10.0,0.0,DHL,Paketzentrum / Zustellbasis Anderten,0,40.0,40.0
10.0,0.0,DHL,Paketzentrum / Zustellbasis Anderten,1,44.0,44.0
10.0,0.0,DHL,Paketzentrum / Zustellbasis Anderten,2,47.0,47.0
10.0,0.0,DHL,Paketzentrum / Zustellbasis Anderten,3,44.0,44.0
10.0,0.0,DHL,Paketzentrum / Zustellbasis Anderten,4,39.0,39.0
10.0,0.0,DHL,Paketzentrum / Zustellbasis Anderten,5,31.0,31.0
10.0,0.0,DHL,Zustellbasis Hannover am Güterbahnhof,0,102.0,102.0
10.0,0.0,DHL,Zustellbasis Hannover am Güterbahnhof,1,107.0,107.0
10.0,0.0,DHL,Zustellbasis Hannover am Güterbahnhof,2,122.0,122.0
10.0,0.0,DHL,Zustellbasis Hannover am Güterbahnhof,3,115.0,115.0
10.0,0.0,DHL,Zustellbasis Hannover am Güterbahnhof,4,97.0,97.0
10.0,0.0,DHL,Zustellbasis Hannover am Güterbahnhof,5,75.0,75.0
10.0,0.0,DHL,Zustellbasis Hannover-Süd,0,55.0,55.0
10.0,0.0,DHL,Zustellbasis Hannover-Süd,1,58.0,58.0
10.0,0.0,DHL,Zustellbasis Hannover-Süd,2,67.0,67.0
10.0,0.0,DHL,Zustellbasis Hannover-Süd,3,64.0,64.0
10.0,0.0,DHL,Zustellbasis Hannover-Süd,4,52.0,52.0
10.0,0.0,DHL,Zustellbasis Hannover-Süd,5,41.0,41.0
10.0,0.0,Amazon,Amazon Logistics HAJ8 in Garbsen,0,189.0,189.0
10.0,0.0,Amazon,Amazon Logistics HAJ8 in Garbsen,1,200.0,200.0
10.0,0.0,Amazon,Amazon Logistics HAJ8 in Garbsen,2,217.0,217.0
10.0,0.0,Amazon,Amazon Logistics HAJ8 in Garbsen,3,209.0,209.0
10.0,0.0,Amazon,Amazon Logistics HAJ8 in Garbsen,4,176.0,176.0
10.0,0.0,Amazon,Amazon Logistics HAJ8 in Garbsen,5,138.0,138.0
10.0,0.0,DPD,DPD Paketzentrum in Lehrte,0,93.0,93.0
10.0,0.0,DPD,DPD Paketzentrum in Lehrte,1,104.0,104.0
10.0,0.0,DPD,DPD Paketzentrum in Lehrte,2,118.0,118.0
10.0,0.0,DPD,DPD Paketzentrum in Lehrte,3,111.0,111.0
10.0,0.0,DPD,DPD Paketzentrum in Lehrte,4,90.0,90.0
10.0,0.0,DPD,DPD Paketzentrum in Lehrte,5,72.0,72.0
10.0,0.0,FedEx,FedEx Station - Heinz-Peter-Piper Str.,0,84.0,84.0
10.0,0.0,FedEx,FedEx Station - Heinz-Peter-Piper Str.,1,86.0,86.0
10.0,0.0,FedEx,FedEx Station - Heinz-Peter-Piper Str.,2,97.0,97.0
10.0,0.0,FedEx,FedEx Station - Heinz-Peter-Piper Str.,3,91.0,91.0
10.0,0.0,FedEx,FedEx Station - Heinz-Peter-Piper Str.,4,82.0,82.0
10.0,0.0,FedEx,FedEx Station - Heinz-Peter-Piper Str.,5,66.0,66.0
10.0,0.0,GLS,GLS in Hannover Laatzen,0,82.0,82.0
10.0,0.0,GLS,GLS in Hannover Laatzen,1,83.0,83.0
10.0,0.0,GLS,GLS in Hannover Laatzen,2,95.0,95.0
10.0,0.0,GLS,GLS in Hannover Laatzen,3,91.0,91.0
10.0,0.0,GLS,GLS in Hannover Laatzen,4,76.0,76.0
10.0,0.0,GLS,GLS in Hannover Laatzen,5,65.0,65.0
10.0,0.0,Hermes,Hermes LC Hannover Langenhagen,0,116.0,116.0
10.0,0.0,Hermes,Hermes LC Hannover Langenhagen,1,120.0,120.0
10.0,0.0,Hermes,Hermes LC Hannover Langenhagen,2,127.0,127.0
10.0,0.0,Hermes,Hermes LC Hannover Langenhagen,3,123.0,123.0
10.0,0.0,Hermes,Hermes LC Hannover Langenhagen,4,112.0,112.0
10.0,0.0,Hermes,Hermes LC Hannover Langenhagen,5,83.0,83.0
10.0,0.0,UPS,UPS Depot Hannover,0,100.0,100.0
10.0,0.0,UPS,UPS Depot Hannover,1,108.0,108.0
10.0,0.0,UPS,UPS Depot Hannover,2,118.0,118.0
10.0,0.0,UPS,UPS Depot Hannover,3,114.0,114.0
10.0,0.0,UPS,UPS Depot Hannover,4,95.0,95.0
10.0,0.0,UPS,UPS Depot Hannover,5,78.0,78.0
10.0,0.1,DHL,Brief- und Logistikzentrum in Pattensen (Hannover),0,26.0,26.0
10.0,0.1,DHL,Brief- und Logistikzentrum in Pattensen (Hannover),1,27.0,27.0
10.0,0.1,DHL,Brief- und Logistikzentrum in Pattensen (Hannover),2,28.0,28.0
10.0,0.1,DHL,Brief- und Logistikzentrum in Pattensen (Hannover),3,27.0,27.0
10.0,0.1,DHL,Brief- und Logistikzentrum in Pattensen (Hannover),4,24.0,24.0
10.0,0.1,DHL,Brief- und Logistikzentrum in Pattensen (Hannover),5,18.0,18.0
10.0,0.1,DHL,"Deutsche Post, Bantorf",0,10.0,10.0
10.0,0.1,DHL,"Deutsche Post, Bantorf",1,11.0,11.0
10.0,0.1,DHL,"Deutsche Post, Bantorf",2,13.0,13.0
10.0,0.1,DHL,"Deutsche Post, Bantorf",3,12.0,12.0
10.0,0.1,DHL,"Deutsche Post, Bantorf",4,10.0,10.0
10.0,0.1,DHL,"Deutsche Post, Bantorf",5,8.0,8.0
10.0,0.1,DHL,"Deutsche Post, Bissendorf",0,44.0,44.0
10.0,0.1,DHL,"Deutsche Post, Bissendorf",1,48.0,48.0
10.0,0.1,DHL,"Deutsche Post, Bissendorf",2,53.0,53.0
10.0,0.1,DHL,"Deutsche Post, Bissendorf",3,49.0,49.0
10.0,0.1,DHL,"Deutsche Post, Bissendorf",4,41.0,41.0
10.0,0.1,DHL,"Deutsche Post, Bissendorf",5,32.0,32.0
10.0,0.1,DHL,"Deutsche Post, Burgdorf",0,10.0,10.0
10.0,0.1,DHL,"Deutsche Post, Burgdorf",1,10.0,10.0
10.0,0.1,DHL,"Deutsche Post, Burgdorf",2,12.0,12.0
10.0,0.1,DHL,"Deutsche Post, Burgdorf",3,11.0,11.0
10.0,0.1,DHL,"Deutsche Post, Burgdorf",4,9.0,9.0
10.0,0.1,DHL,"Deutsche Post, Burgdorf",5,7.0,7.0
10.0,0.1,DHL,"Deutsche Post, Garbsen",0,12.0,12.0
10.0,0.1,DHL,"Deutsche Post, Garbsen",1,13.0,13.0
10.0,0.1,DHL,"Deutsche Post, Garbsen",2,15.0,15.0
10.0,0.1,DHL,"Deutsche Post, Garbsen",3,15.0,15.0
10.0,0.1,DHL,"Deutsche Post, Garbsen",4,12.0,12.0
10.0,0.1,DHL,"Deutsche Post, Garbsen",5,10.0,10.0
10.0,0.1,DHL,"Deutsche Post, Lehrte",0,14.0,14.0
10.0,0.1,DHL,"Deutsche Post, Lehrte",1,15.0,15.0
10.0,0.1,DHL,"Deutsche Post, Lehrte",2,17.0,17.0
10.0,0.1,DHL,"Deutsche Post, Lehrte",3,15.0,15.0
10.0,0.1,DHL,"Deutsche Post, Lehrte",4,13.0,13.0
10.0,0.1,DHL,"Deutsche Post, Lehrte",5,10.0,10.0
10.0,0.1,DHL,"Deutsche Post, Neustadt",0,13.0,13.0
10.0,0.1,DHL,"Deutsche Post, Neustadt",1,15.0,15.0
10.0,0.1,DHL,"Deutsche Post, Neustadt",2,16.0,16.0
10.0,0.1,DHL,"Deutsche Post, Neustadt",3,15.0,15.0
10.0,0.1,DHL,"Deutsche Post, Neustadt",4,13.0,13.0
10.0,0.1,DHL,"Deutsche Post, Neustadt",5,10.0,10.0
10.0,0.1,DHL,"Deutsche Post, Springe",0,9.0,9.0
10.0,0.1,DHL,"Deutsche Post, Springe",1,9.0,9.0
10.0,0.1,DHL,"Deutsche Post, Springe",2,11.0,11.0
10.0,0.1,DHL,"Deutsche Post, Springe",3,10.0,10.0
10.0,0.1,DHL,"Deutsche Post, Springe",4,9.0,9.0
10.0,0.1,DHL,"Deutsche Post, Springe",5,7.0,7.0
10.0,0.1,DHL,"Deutsche Post, Wunstorf",0,15.0,15.0
10.0,0.1,DHL,"Deutsche Post, Wunstorf",1,15.0,15.0
10.0,0.1,DHL,"Deutsche Post, Wunstorf",2,16.0,16.0
10.0,0.1,DHL,"Deutsche Post, Wunstorf",3,16.0,16.0
10.0,0.1,DHL,"Deutsche Post, Wunstorf",4,14.0,14.0
10.0,0.1,DHL,"Deutsche Post, Wunstorf",5,11.0,11.0
10.0,0.1,DHL,Dummy Seelze,0,17.0,17.0
10.0,0.1,DHL,Dummy Seelze,1,19.0,19.0
10.0,0.1,DHL,Dummy Seelze,2,21.0,21.0
10.0,0.1,DHL,Dummy Seelze,3,20.0,20.0
10.0,0.1,DHL,Dummy Seelze,4,17.0,17.0
10.0,0.1,DHL,Dummy Seelze,5,13.0,13.0
10.0,0.1,DHL,Dummy Sehnde,0,9.0,9.0
10.0,0.1,DHL,Dummy Sehnde,1,9.0,9.0
10.0,0.1,DHL,Dummy Sehnde,2,10.0,10.0
10.0,0.1,DHL,Dummy Sehnde,3,9.0,9.0
10.0,0.1,DHL,Dummy Sehnde,4,8.0,8.0
10.0,0.1,DHL,Dummy Sehnde,5,6.0,6.0
10.0,0.1,DHL,Dummy Uetze,0,7.0,7.0
10.0,0.1,DHL,Dummy Uetze,1,7.0,7.0
10.0,0.1,DHL,Dummy Uetze,2,7.0,7.0
10.0,0.1,DHL,Dummy Uetze,3,8.0,8.0
10.0,0.1,DHL,Dummy Uetze,4,6.0,6.0
10.0,0.1,DHL,Dummy Uetze,5,5.0,5.0
10.0,0.1,DHL,Dummy Wennigsen,0,11.0,11.0
10.0,0.1,DHL,Dummy Wennigsen,1,12.0,12.0
10.0,0.1,DHL,Dummy Wennigsen,2,12.0,12.0
10.0,0.1,DHL,Dummy Wennigsen,3,12.0,12.0
10.0,0.1,DHL,Dummy Wennigsen,4,10.0,10.0
10.0,0.1,DHL,Dummy Wennigsen,5,8.0,8.0
10.0,0.1,DHL,Paketzentrum / Zustellbasis Anderten,0,40.0,40.0
10.0,0.1,DHL,Paketzentrum / Zustellbasis Anderten,1,44.0,44.0
10.0,0.1,DHL,Paketzentrum / Zustellbasis Anderten,2,47.0,47.0
10.0,0.1,DHL,Paketzentrum / Zustellbasis Anderten,3,44.0,44.0
10.0,0.1,DHL,Paketzentrum / Zustellbasis Anderten,4,39.0,39.0
10.0,0.1,DHL,Paketzentrum / Zustellbasis Anderten,5,31.0,31.0
10.0,0.1,DHL,Zustellbasis Hannover am Güterbahnhof,0,102.0,102.0
10.0,0.1,DHL,Zustellbasis Hannover am Güterbahnhof,1,107.0,107.0
10.0,0.1,DHL,Zustellbasis Hannover am Güterbahnhof,2,122.0,122.0
10.0,0.1,DHL,Zustellbasis Hannover am Güterbahnhof,3,115.0,115.0
10.0,0.1,DHL,Zustellbasis Hannover am Güterbahnhof,4,97.0,97.0
10.0,0.1,DHL,Zustellbasis Hannover am Güterbahnhof,5,75.0,75.0
10.0,0.1,DHL,Zustellbasis Hannover-Süd,0,55.0,55.0
10.0,0.1,DHL,Zustellbasis Hannover-Süd,1,58.0,58.0
10.0,0.1,DHL,Zustellbasis Hannover-Süd,2,67.0,67.0
10.0,0.1,DHL,Zustellbasis Hannover-Süd,3,64.0,64.0
10.0,0.1,DHL,Zustellbasis Hannover-Süd,4,52.0,52.0
10.0,0.1,DHL,Zustellbasis Hannover-Süd,5,41.0,41.0
10.0,0.1,Amazon,Amazon Logistics HAJ8 in Garbsen,0,188.0,188.0
10.0,0.1,Amazon,Amazon Logistics HAJ8 in Garbsen,1,199.0,199.0
10.0,0.1,Amazon,Amazon Logistics HAJ8 in Garbsen,2,216.0,216.0
10.0,0.1,Amazon,Amazon Logistics HAJ8 in Garbsen,3,209.0,209.0
10.0,0.1,Amazon,Amazon Logistics HAJ8 in Garbsen,4,175.0,175.0
10.0,0.1,Amazon,Amazon Logistics HAJ8 in Garbsen,5,138.0,139.0
10.0,0.1,DPD,DPD Paketzentrum in Lehrte,0,93.0,94.0
10.0,0.1,DPD,DPD Paketzentrum in Lehrte,1,98.0,99.0
10.0,0.1,DPD,DPD Paketzentrum in Lehrte,2,118.0,114.0
10.0,0.1,DPD,DPD Paketzentrum in Lehrte,3,105.0,109.0
10.0,0.1,DPD,DPD Paketzentrum in Lehrte,4,90.0,90.0
10.0,0.1,DPD,DPD Paketzentrum in Lehrte,5,72.0,74.0
10.0,0.1,FedEx,FedEx Station - Heinz-Peter-Piper Str.,0,84.0,84.0
10.0,0.1,FedEx,FedEx Station - Heinz-Peter-Piper Str.,1,86.0,86.0
10.0,0.1,FedEx,FedEx Station - Heinz-Peter-Piper Str.,2,97.0,97.0
10.0,0.1,FedEx,FedEx Station - Heinz-Peter-Piper Str.,3,91.0,91.0
10.0,0.1,FedEx,FedEx Station - Heinz-Peter-Piper Str.,4,82.0,82.0
10.0,0.1,FedEx,FedEx Station - Heinz-Peter-Piper Str.,5,66.0,66.0
10.0,0.1,GLS,GLS in Hannover Laatzen,0,80.0,80.0
10.0,0.1,GLS,GLS in Hannover Laatzen,1,82.0,82.0
10.0,0.1,GLS,GLS in Hannover Laatzen,2,96.0,94.0
10.0,0.1,GLS,GLS in Hannover Laatzen,3,90.0,91.0
10.0,0.1,GLS,GLS in Hannover Laatzen,4,76.0,76.0
10.0,0.1,GLS,GLS in Hannover Laatzen,5,64.0,68.0
10.0,0.1,Hermes,Hermes LC Hannover Langenhagen,0,116.0,116.0
10.0,0.1,Hermes,Hermes LC Hannover Langenhagen,1,120.0,120.0
10.0,0.1,Hermes,Hermes LC Hannover Langenhagen,2,126.0,126.0
10.0,0.1,Hermes,Hermes LC Hannover Langenhagen,3,123.0,123.0
10.0,0.1,Hermes,Hermes LC Hannover Langenhagen,4,110.0,110.0
10.0,0.1,Hermes,Hermes LC Hannover Langenhagen,5,82.0,84.0
10.0,0.1,UPS,UPS Depot Hannover,0,100.0,100.0
10.0,0.1,UPS,UPS Depot Hannover,1,108.0,108.0
10.0,0.1,UPS,UPS Depot Hannover,2,118.0,118.0
10.0,0.1,UPS,UPS Depot Hannover,3,114.0,114.0
10.0,0.1,UPS,UPS Depot Hannover,4,95.0,95.0
10.0,0.1,UPS,UPS Depot Hannover,5,78.0,78.0
10.0,0.2,DHL,Brief- und Logistikzentrum in Pattensen (Hannover),0,26.0,26.0
10.0,0.2,DHL,Brief- und Logistikzentrum in Pattensen (Hannover),1,27.0,27.0
10.0,0.2,DHL,Brief- und Logistikzentrum in Pattensen (Hannover),2,28.0,28.0
10.0,0.2,DHL,Brief- und Logistikzentrum in Pattensen (Hannover),3,27.0,27.0
10.0,0.2,DHL,Brief- und Logistikzentrum in Pattensen (Hannover),4,24.0,24.0
10.0,0.2,DHL,Brief- und Logistikzentrum in Pattensen (Hannover),5,18.0,18.0
10.0,0.2,DHL,"Deutsche Post, Bantorf",0,10.0,10.0
10.0,0.2,DHL,"Deutsche Post, Bantorf",1,11.0,11.0
10.0,0.2,DHL,"Deutsche Post, Bantorf",2,13.0,13.0
10.0,0.2,DHL,"Deutsche Post, Bantorf",3,12.0,12.0
10.0,0.2,DHL,"Deutsche Post, Bantorf",4,10.0,10.0
10.0,0.2,DHL,"Deutsche Post, Bantorf",5,8.0,8.0
10.0,0.2,DHL,"Deutsche Post, Bissendorf",0,44.0,44.0
10.0,0.2,DHL,"Deutsche Post, Bissendorf",1,48.0,48.0
10.0,0.2,DHL,"Deutsche Post, Bissendorf",2,53.0,53.0
10.0,0.2,DHL,"Deutsche Post, Bissendorf",3,49.0,49.0
10.0,0.2,DHL,"Deutsche Post, Bissendorf",4,41.0,41.0
10.0,0.2,DHL,"Deutsche Post, Bissendorf",5,32.0,32.0
10.0,0.2,DHL,"Deutsche Post, Burgdorf",0,10.0,10.0
10.0,0.2,DHL,"Deutsche Post, Burgdorf",1,10.0,10.0
10.0,0.2,DHL,"Deutsche Post, Burgdorf",2,12.0,12.0
10.0,0.2,DHL,"Deutsche Post, Burgdorf",3,11.0,11.0
10.0,0.2,DHL,"Deutsche Post, Burgdorf",4,9.0,9.0
10.0,0.2,DHL,"Deutsche Post, Burgdorf",5,7.0,7.0
10.0,0.2,DHL,"Deutsche Post, Garbsen",0,12.0,12.0
10.0,0.2,DHL,"Deutsche Post, Garbsen",1,13.0,13.0
10.0,0.2,DHL,"Deutsche Post, Garbsen",2,15.0,15.0
10.0,0.2,DHL,"Deutsche Post, Garbsen",3,15.0,15.0
10.0,0.2,DHL,"Deutsche Post, Garbsen",4,12.0,12.0
10.0,0.2,DHL,"Deutsche Post, Garbsen",5,10.0,10.0
10.0,0.2,DHL,"Deutsche Post, Lehrte",0,14.0,14.0
10.0,0.2,DHL,"Deutsche Post, Lehrte",1,15.0,15.0
10.0,0.2,DHL,"Deutsche Post, Lehrte",2,17.0,17.0
10.0,0.2,DHL,"Deutsche Post, Lehrte",3,15.0,15.0
10.0,0.2,DHL,"Deutsche Post, Lehrte",4,13.0,13.0
10.0,0.2,DHL,"Deutsche Post, Lehrte",5,10.0,10.0
10.0,0.2,DHL,"Deutsche Post, Neustadt",0,13.0,13.0
10.0,0.2,DHL,"Deutsche Post, Neustadt",1,15.0,15.0
10.0,0.2,DHL,"Deutsche Post, Neustadt",2,16.0,16.0
10.0,0.2,DHL,"Deutsche Post, Neustadt",3,15.0,15.0
10.0,0.2,DHL,"Deutsche Post, Neustadt",4,13.0,13.0
10.0,0.2,DHL,"Deutsche Post, Neustadt",5,10.0,10.0
10.0,0.2,DHL,"Deutsche Post, Springe",0,9.0,9.0
10.0,0.2,DHL,"Deutsche Post, Springe",1,9.0,9.0
10.0,0.2,DHL,"Deutsche Post, Springe",2,11.0,11.0
10.0,0.2,DHL,"Deutsche Post, Springe",3,10.0,10.0
10.0,0.2,DHL,"Deutsche Post, Springe",4,9.0,9.0
10.0,0.2,DHL,"Deutsche Post, Springe",5,7.0,7.0
10.0,0.2,DHL,"Deutsche Post, Wunstorf",0,15.0,15.0
10.0,0.2,DHL,"Deutsche Post, Wunstorf",1,15.0,15.0
10.0,0.2,DHL,"Deutsche Post, Wunstorf",2,16.0,16.0
10.0,0.2,DHL,"Deutsche Post, Wunstorf",3,16.0,16.0
10.0,0.2,DHL,"Deutsche Post, Wunstorf",4,14.0,14.0
10.0,0.2,DHL,"Deutsche Post, Wunstorf",5,11.0,11.0
10.0,0.2,DHL,Dummy Seelze,0,17.0,17.0
10.0,0.2,DHL,Dummy Seelze,1,19.0,19.0
10.0,0.2,DHL,Dummy Seelze,2,21.0,21.0
10.0,0.2,DHL,Dummy Seelze,3,20.0,20.0
10.0,0.2,DHL,Dummy Seelze,4,17.0,17.0
10.0,0.2,DHL,Dummy Seelze,5,13.0,13.0
10.0,0.2,DHL,Dummy Sehnde,0,9.0,9.0
10.0,0.2,DHL,Dummy Sehnde,1,9.0,9.0
10.0,0.2,DHL,Dummy Sehnde,2,10.0,10.0
10.0,0.2,DHL,Dummy Sehnde,3,9.0,9.0
10.0,0.2,DHL,Dummy Sehnde,4,8.0,8.0
10.0,0.2,DHL,Dummy Sehnde,5,6.0,6.0
10.0,0.2,DHL,Dummy Uetze,0,7.0,7.0
10.0,0.2,DHL,Dummy Uetze,1,7.0,7.0
10.0,0.2,DHL,Dummy Uetze,2,7.0,7.0
10.0,0.2,DHL,Dummy Uetze,3,8.0,8.0
10.0,0.2,DHL,Dummy Uetze,4,6.0,6.0
10.0,0.2,DHL,Dummy Uetze,5,5.0,5.0
10.0,0.2,DHL,Dummy Wennigsen,0,11.0,11.0
10.0,0.2,DHL,Dummy Wennigsen,1,12.0,12.0
10.0,0.2,DHL,Dummy Wennigsen,2,12.0,12.0
10.0,0.2,DHL,Dummy Wennigsen,3,12.0,12.0
10.0,0.2,DHL,Dummy Wennigsen,4,10.0,10.0
10.0,0.2,DHL,Dummy Wennigsen,5,8.0,8.0
10.0,0.2,DHL,Paketzentrum / Zustellbasis Anderten,0,40.0,40.0
10.0,0.2,DHL,Paketzentrum / Zustellbasis Anderten,1,44.0,44.0
10.0,0.2,DHL,Paketzentrum / Zustellbasis Anderten,2,47.0,47.0
10.0,0.2,DHL,Paketzentrum / Zustellbasis Anderten,3,44.0,44.0
10.0,0.2,DHL,Paketzentrum / Zustellbasis Anderten,4,39.0,39.0
10.0,0.2,DHL,Paketzentrum / Zustellbasis Anderten,5,31.0,31.0
10.0,0.2,DHL,Zustellbasis Hannover am Güterbahnhof,0,102.0,102.0
10.0,0.2,DHL,Zustellbasis Hannover am Güterbahnhof,1,107.0,107.0
10.0,0.2,DHL,Zustellbasis Hannover am Güterbahnhof,2,122.0,122.0
10.0,0.2,DHL,Zustellbasis Hannover am Güterbahnhof,3,115.0,115.0
10.0,0.2,DHL,Zustellbasis Hannover am Güterbahnhof,4,97.0,97.0
10.0,0.2,DHL,Zustellbasis Hannover am Güterbahnhof,5,75.0,75.0
10.0,0.2,DHL,Zustellbasis Hannover-Süd,0,55.0,55.0
10.0,0.2,DHL,Zustellbasis Hannover-Süd,1,58.0,58.0
10.0,0.2,DHL,Zustellbasis Hannover-Süd,2,67.0,67.0
10.0,0.2,DHL,Zustellbasis Hannover-Süd,3,64.0,64.0
10.0,0.2,DHL,Zustellbasis Hannover-Süd,4,52.0,52.0
10.0,0.2,DHL,Zustellbasis Hannover-Süd,5,41.0,41.0
10.0,0.2,Amazon,Amazon Logistics HAJ8 in Garbsen,0,189.0,189.0
10.0,0.2,Amazon,Amazon Logistics HAJ8 in Garbsen,1,200.0,200.0
10.0,0.2,Amazon,Amazon Logistics HAJ8 in Garbsen,2,217.0,217.0
10.0,0.2,Amazon,Amazon Logistics HAJ8 in Garbsen,3,209.0,209.0
10.0,0.2,Amazon,Amazon Logistics HAJ8 in Garbsen,4,176.0,176.0
10.0,0.2,Amazon,Amazon Logistics HAJ8 in Garbsen,5,138.0,138.0
10.0,0.2,DPD,DPD Paketzentrum in Lehrte,0,93.0,93.0
10.0,0.2,DPD,DPD Paketzentrum in Lehrte,1,104.0,104.0
10.0,0.2,DPD,DPD Paketzentrum in Lehrte,2,118.0,118.0
10.0,0.2,DPD,DPD Paketzentrum in Lehrte,3,111.0,111.0
10.0,0.2,DPD,DPD Paketzentrum in Lehrte,4,90.0,90.0
10.0,0.2,DPD,DPD Paketzentrum in Lehrte,5,72.0,72.0
10.0,0.2,FedEx,FedEx Station - Heinz-Peter-Piper Str.,0,84.0,84.0
10.0,0.2,FedEx,FedEx Station - Heinz-Peter-Piper Str.,1,86.0,86.0
10.0,0.2,FedEx,FedEx Station - Heinz-Peter-Piper Str.,2,97.0,97.0
10.0,0.2,FedEx,FedEx Station - Heinz-Peter-Piper Str.,3,91.0,91.0
10.0,0.2,FedEx,FedEx Station - Heinz-Peter-Piper Str.,4,82.0,82.0
10.0,0.2,FedEx,FedEx Station - Heinz-Peter-Piper Str.,5,66.0,66.0
10.0,0.2,GLS,GLS in Hannover Laatzen,0,81.0,81.0
10.0,0.2,GLS,GLS in Hannover Laatzen,1,84.0,83.0
10.0,0.2,GLS,GLS in Hannover Laatzen,2,92.0,92.0
10.0,0.2,GLS,GLS in Hannover Laatzen,3,93.0,92.0
10.0,0.2,GLS,GLS in Hannover Laatzen,4,76.0,77.0
10.0,0.2,GLS,GLS in Hannover Laatzen,5,65.0,66.0
10.0,0.2,Hermes,Hermes LC Hannover Langenhagen,0,116.0,116.0
10.0,0.2,Hermes,Hermes LC Hannover Langenhagen,1,120.0,120.0
10.0,0.2,Hermes,Hermes LC Hannover Langenhagen,2,125.0,125.0
10.0,0.2,Hermes,Hermes LC Hannover Langenhagen,3,124.0,123.0
10.0,0.2,Hermes,Hermes LC Hannover Langenhagen,4,108.0,108.0
10.0,0.2,Hermes,Hermes LC Hannover Langenhagen,5,82.0,88.0
10.0,0.2,UPS,UPS Depot Hannover,0,100.0,100.0
10.0,0.2,UPS,UPS Depot Hannover,1,108.0,108.0
10.0,0.2,UPS,UPS Depot Hannover,2,118.0,118.0
10.0,0.2,UPS,UPS Depot Hannover,3,114.0,114.0
10.0,0.2,UPS,UPS Depot Hannover,4,95.0,95.0
10.0,0.2,UPS,UPS Depot Hannover,5,78.0,78.0
10.0,0.3,DHL,Brief- und Logistikzentrum in Pattensen (Hannover),0,26.0,26.0
10.0,0.3,DHL,Brief- und Logistikzentrum in Pattensen (Hannover),1,27.0,27.0
10.0,0.3,DHL,Brief- und Logistikzentrum in Pattensen (Hannover),2,28.0,28.0
10.0,0.3,DHL,Brief- und Logistikzentrum in Pattensen (Hannover),3,27.0,27.0
10.0,0.3,DHL,Brief- und Logistikzentrum in Pattensen (Hannover),4,24.0,24.0
10.0,0.3,DHL,Brief- und Logistikzentrum in Pattensen (Hannover),5,18.0,18.0
10.0,0.3,DHL,"Deutsche Post, Bantorf",0,10.0,10.0
10.0,0.3,DHL,"Deutsche Post, Bantorf",1,11.0,11.0
10.0,0.3,DHL,"Deutsche Post, Bantorf",2,13.0,13.0
10.0,0.3,DHL,"Deutsche Post, Bantorf",3,12.0,12.0
10.0,0.3,DHL,"Deutsche Post, Bantorf",4,10.0,10.0
10.0,0.3,DHL,"Deutsche Post, Bantorf",5,8.0,8.0
10.0,0.3,DHL,"Deutsche Post, Bissendorf",0,44.0,44.0
10.0,0.3,DHL,"Deutsche Post, Bissendorf",1,48.0,48.0
10.0,0.3,DHL,"Deutsche Post, Bissendorf",2,53.0,53.0
10.0,0.3,DHL,"Deutsche Post, Bissendorf",3,49.0,49.0
10.0,0.3,DHL,"Deutsche Post, Bissendorf",4,41.0,41.0
10.0,0.3,DHL,"Deutsche Post, Bissendorf",5,32.0,32.0
10.0,0.3,DHL,"Deutsche Post, Burgdorf",0,10.0,10.0
10.0,0.3,DHL,"Deutsche Post, Burgdorf",1,10.0,10.0
10.0,0.3,DHL,"Deutsche Post, Burgdorf",2,12.0,12.0
10.0,0.3,DHL,"Deutsche Post, Burgdorf",3,11.0,11.0
10.0,0.3,DHL,"Deutsche Post, Burgdorf",4,9.0,9.0
10.0,0.3,DHL,"Deutsche Post, Burgdorf",5,7.0,7.0
10.0,0.3,DHL,"Deutsche Post, Garbsen",0,12.0,12.0
10.0,0.3,DHL,"Deutsche Post, Garbsen",1,13.0,13.0
10.0,0.3,DHL,"Deutsche Post, Garbsen",2,15.0,15.0
10.0,0.3,DHL,"Deutsche Post, Garbsen",3,15.0,15.0
10.0,0.3,DHL,"Deutsche Post, Garbsen",4,12.0,12.0
10.0,0.3,DHL,"Deutsche Post, Garbsen",5,10.0,10.0
10.0,0.3,DHL,"Deutsche Post, Lehrte",0,14.0,14.0
10.0,0.3,DHL,"Deutsche Post, Lehrte",1,15.0,15.0
10.0,0.3,DHL,"Deutsche Post, Lehrte",2,17.0,17.0
10.0,0.3,DHL,"Deutsche Post, Lehrte",3,15.0,15.0
10.0,0.3,DHL,"Deutsche Post, Lehrte",4,13.0,13.0
10.0,0.3,DHL,"Deutsche Post, Lehrte",5,10.0,10.0
10.0,0.3,DHL,"Deutsche Post, Neustadt",0,13.0,13.0
10.0,0.3,DHL,"Deutsche Post, Neustadt",1,15.0,15.0
10.0,0.3,DHL,"Deutsche Post, Neustadt",2,16.0,16.0
10.0,0.3,DHL,"Deutsche Post, Neustadt",3,15.0,15.0
10.0,0.3,DHL,"Deutsche Post, Neustadt",4,13.0,13.0
10.0,0.3,DHL,"Deutsche Post, Neustadt",5,10.0,10.0
10.0,0.3,DHL,"Deutsche Post, Springe",0,9.0,9.0
10.0,0.3,DHL,"Deutsche Post, Springe",1,9.0,9.0
10.0,0.3,DHL,"Deutsche Post, Springe",2,11.0,11.0
10.0,0.3,DHL,"Deutsche Post, Springe",3,10.0,10.0
10.0,0.3,DHL,"Deutsche Post, Springe",4,9.0,9.0
10.0,0.3,DHL,"Deutsche Post, Springe",5,7.0,7.0
10.0,0.3,DHL,"Deutsche Post, Wunstorf",0,15.0,15.0
10.0,0.3,DHL,"Deutsche Post, Wunstorf",1,15.0,15.0
10.0,0.3,DHL,"Deutsche Post, Wunstorf",2,16.0,16.0
10.0,0.3,DHL,"Deutsche Post, Wunstorf",3,16.0,16.0
10.0,0.3,DHL,"Deutsche Post, Wunstorf",4,14.0,14.0
10.0,0.3,DHL,"Deutsche Post, Wunstorf",5,11.0,11.0
10.0,0.3,DHL,Dummy Seelze,0,17.0,17.0
10.0,0.3,DHL,Dummy Seelze,1,19.0,19.0
10.0,0.3,DHL,Dummy Seelze,2,21.0,21.0
10.0,0.3,DHL,Dummy Seelze,3,20.0,20.0
10.0,0.3,DHL,Dummy Seelze,4,17.0,17.0
10.0,0.3,DHL,Dummy Seelze,5,13.0,13.0
10.0,0.3,DHL,Dummy Sehnde,0,9.0,9.0
10.0,0.3,DHL,Dummy Sehnde,1,9.0,9.0
10.0,0.3,DHL,Dummy Sehnde,2,10.0,10.0
10.0,0.3,DHL,Dummy Sehnde,3,9.0,9.0
10.0,0.3,DHL,Dummy Sehnde,4,8.0,8.0
10.0,0.3,DHL,Dummy Sehnde,5,6.0,6.0
10.0,0.3,DHL,Dummy Uetze,0,7.0,7.0
10.0,0.3,DHL,Dummy Uetze,1,7.0,7.0
10.0,0.3,DHL,Dummy Uetze,2,7.0,7.0
10.0,0.3,DHL,Dummy Uetze,3,8.0,8.0
10.0,0.3,DHL,Dummy Uetze,4,6.0,6.0
10.0,0.3,DHL,Dummy Uetze,5,5.0,5.0
10.0,0.3,DHL,Dummy Wennigsen,0,11.0,11.0
10.0,0.3,DHL,Dummy Wennigsen,1,12.0,12.0
10.0,0.3,DHL,Dummy Wennigsen,2,12.0,12.0
10.0,0.3,DHL,Dummy Wennigsen,3,12.0,12.0
10.0,0.3,DHL,Dummy Wennigsen,4,10.0,10.0
10.0,0.3,DHL,Dummy Wennigsen,5,8.0,8.0
10.0,0.3,DHL,Paketzentrum / Zustellbasis Anderten,0,40.0,40.0
10.0,0.3,DHL,Paketzentrum / Zustellbasis Anderten,1,44.0,44.0
10.0,0.3,DHL,Paketzentrum / Zustellbasis Anderten,2,47.0,47.0
10.0,0.3,DHL,Paketzentrum / Zustellbasis Anderten,3,44.0,44.0
10.0,0.3,DHL,Paketzentrum / Zustellbasis Anderten,4,39.0,39.0
10.0,0.3,DHL,Paketzentrum / Zustellbasis Anderten,5,31.0,31.0
10.0,0.3,DHL,Zustellbasis Hannover am Güterbahnhof,0,102.0,102.0
10.0,0.3,DHL,Zustellbasis Hannover am Güterbahnhof,1,107.0,107.0
10.0,0.3,DHL,Zustellbasis Hannover am Güterbahnhof,2,122.0,122.0
10.0,0.3,DHL,Zustellbasis Hannover am Güterbahnhof,3,115.0,115.0
10.0,0.3,DHL,Zustellbasis Hannover am Güterbahnhof,4,97.0,97.0
10.0,0.3,DHL,Zustellbasis Hannover am Güterbahnhof,5,75.0,75.0
10.0,0.3,DHL,Zustellbasis Hannover-Süd,0,55.0,55.0
10.0,0.3,DHL,Zustellbasis Hannover-Süd,1,58.0,58.0
10.0,0.3,DHL,Zustellbasis Hannover-Süd,2,67.0,67.0
10.0,0.3,DHL,Zustellbasis Hannover-Süd,3,64.0,64.0
10.0,0.3,DHL,Zustellbasis Hannover-Süd,4,52.0,52.0
10.0,0.3,DHL,Zustellbasis Hannover-Süd,5,41.0,41.0
10.0,0.3,Amazon,Amazon Logistics HAJ8 in Garbsen,0,189.0,189.0
10.0,0.3,Amazon,Amazon Logistics HAJ8 in Garbsen,1,200.0,200.0
10.0,0.3,Amazon,Amazon Logistics HAJ8 in Garbsen,2,217.0,217.0
10.0,0.3,Amazon,Amazon Logistics HAJ8 in Garbsen,3,209.0,209.0
10.0,0.3,Amazon,Amazon Logistics HAJ8 in Garbsen,4,176.0,176.0
10.0,0.3,Amazon,Amazon Logistics HAJ8 in Garbsen,5,138.0,138.0
10.0,0.3,DPD,DPD Paketzentrum in Lehrte,0,93.0,93.0
10.0,0.3,DPD,DPD Paketzentrum in Lehrte,1,104.0,104.0
10.0,0.3,DPD,DPD Paketzentrum in Lehrte,2,118.0,118.0
10.0,0.3,DPD,DPD Paketzentrum in Lehrte,3,111.0,111.0
10.0,0.3,DPD,DPD Paketzentrum in Lehrte,4,90.0,90.0
10.0,0.3,DPD,DPD Paketzentrum in Lehrte,5,72.0,72.0
10.0,0.3,FedEx,FedEx Station - Heinz-Peter-Piper Str.,0,84.0,84.0
10.0,0.3,FedEx,FedEx Station - Heinz-Peter-Piper Str.,1,86.0,86.0
10.0,0.3,FedEx,FedEx Station - Heinz-Peter-Piper Str.,2,97.0,97.0
10.0,0.3,FedEx,FedEx Station - Heinz-Peter-Piper Str.,3,91.0,91.0
10.0,0.3,FedEx,FedEx Station - Heinz-Peter-Piper Str.,4,82.0,82.0
10.0,0.3,FedEx,FedEx Station - Heinz-Peter-Piper Str.,5,66.0,66.0
10.0,0.3,GLS,GLS in Hannover Laatzen,0,82.0,82.0
10.0,0.3,GLS,GLS in Hannover Laatzen,1,83.0,83.0
10.0,0.3,GLS,GLS in Hannover Laatzen,2,95.0,95.0
10.0,0.3,GLS,GLS in Hannover Laatzen,3,91.0,91.0
10.0,0.3,GLS,GLS in Hannover Laatzen,4,76.0,76.0
10.0,0.3,GLS,GLS in Hannover Laatzen,5,65.0,65.0
10.0,0.3,Hermes,Hermes LC Hannover Langenhagen,0,116.0,116.0
10.0,0.3,Hermes,Hermes LC Hannover Langenhagen,1,120.0,120.0
10.0,0.3,Hermes,Hermes LC Hannover Langenhagen,2,127.0,127.0
10.0,0.3,Hermes,Hermes LC Hannover Langenhagen,3,123.0,123.0
10.0,0.3,Hermes,Hermes LC Hannover Langenhagen,4,112.0,112.0
10.0,0.3,Hermes,Hermes LC Hannover Langenhagen,5,83.0,83.0
10.0,0.3,UPS,UPS Depot Hannover,0,100.0,100.0
10.0,0.3,UPS,UPS Depot Hannover,1,108.0,108.0
10.0,0.3,UPS,UPS Depot Hannover,2,118.0,118.0
10.0,0.3,UPS,UPS Depot Hannover,3,114.0,114.0
10.0,0.3,UPS,UPS Depot Hannover,4,95.0,95.0
10.0,0.3,UPS,UPS Depot Hannover,5,78.0,78.0
10.0,0.4,DHL,Brief- und Logistikzentrum in Pattensen (Hannover),0,26.0,26.0
10.0,0.4,DHL,Brief- und Logistikzentrum in Pattensen (Hannover),1,27.0,27.0
10.0,0.4,DHL,Brief- und Logistikzentrum in Pattensen (Hannover),2,28.0,28.0
10.0,0.4,DHL,Brief- und Logistikzentrum in Pattensen (Hannover),3,27.0,27.0
10.0,0.4,DHL,Brief- und Logistikzentrum in Pattensen (Hannover),4,24.0,24.0
10.0,0.4,DHL,Brief- und Logistikzentrum in Pattensen (Hannover),5,18.0,18.0
10.0,0.4,DHL,"Deutsche Post, Bantorf",0,10.0,10.0
10.0,0.4,DHL,"Deutsche Post, Bantorf",1,11.0,11.0
10.0,0.4,DHL,"Deutsche Post, Bantorf",2,13.0,13.0
10.0,0.4,DHL,"Deutsche Post, Bantorf",3,12.0,12.0
10.0,0.4,DHL,"Deutsche Post, Bantorf",4,10.0,10.0
10.0,0.4,DHL,"Deutsche Post, Bantorf",5,8.0,8.0
10.0,0.4,DHL,"Deutsche Post, Bissendorf",0,44.0,44.0
10.0,0.4,DHL,"Deutsche Post, Bissendorf",1,48.0,48.0
10.0,0.4,DHL,"Deutsche Post, Bissendorf",2,53.0,53.0
10.0,0.4,DHL,"Deutsche Post, Bissendorf",3,49.0,49.0
10.0,0.4,DHL,"Deutsche Post, Bissendorf",4,41.0,41.0
10.0,0.4,DHL,"Deutsche Post, Bissendorf",5,32.0,32.0
10.0,0.4,DHL,"Deutsche Post, Burgdorf",0,10.0,10.0
10.0,0.4,DHL,"Deutsche Post, Burgdorf",1,10.0,10.0
10.0,0.4,DHL,"Deutsche Post, Burgdorf",2,12.0,12.0
10.0,0.4,DHL,"Deutsche Post, Burgdorf",3,11.0,11.0
10.0,0.4,DHL,"Deutsche Post, Burgdorf",4,9.0,9.0
10.0,0.4,DHL,"Deutsche Post, Burgdorf",5,7.0,7.0
10.0,0.4,DHL,"Deutsche Post, Garbsen",0,12.0,12.0
10.0,0.4,DHL,"Deutsche Post, Garbsen",1,13.0,13.0
10.0,0.4,DHL,"Deutsche Post, Garbsen",2,15.0,15.0
10.0,0.4,DHL,"Deutsche Post, Garbsen",3,15.0,15.0
10.0,0.4,DHL,"Deutsche Post, Garbsen",4,12.0,12.0
10.0,0.4,DHL,"Deutsche Post, Garbsen",5,10.0,10.0
10.0,0.4,DHL,"Deutsche Post, Lehrte",0,14.0,14.0
10.0,0.4,DHL,"Deutsche Post, Lehrte",1,15.0,15.0
10.0,0.4,DHL,"Deutsche Post, Lehrte",2,17.0,17.0
10.0,0.4,DHL,"Deutsche Post, Lehrte",3,15.0,15.0
10.0,0.4,DHL,"Deutsche Post, Lehrte",4,13.0,13.0
10.0,0.4,DHL,"Deutsche Post, Lehrte",5,10.0,10.0
10.0,0.4,DHL,"Deutsche Post, Neustadt",0,13.0,13.0
10.0,0.4,DHL,"Deutsche Post, Neustadt",1,15.0,15.0
10.0,0.4,DHL,"Deutsche Post, Neustadt",2,16.0,16.0
10.0,0.4,DHL,"Deutsche Post, Neustadt",3,15.0,15.0
10.0,0.4,DHL,"Deutsche Post, Neustadt",4,13.0,13.0
10.0,0.4,DHL,"Deutsche Post, Neustadt",5,10.0,10.0
10.0,0.4,DHL,"Deutsche Post, Springe",0,9.0,9.0
10.0,0.4,DHL,"Deutsche Post, Springe",1,9.0,9.0
10.0,0.4,DHL,"Deutsche Post, Springe",2,11.0,11.0
10.0,0.4,DHL,"Deutsche Post, Springe",3,10.0,10.0
10.0,0.4,DHL,"Deutsche Post, Springe",4,9.0,9.0
10.0,0.4,DHL,"Deutsche Post, Springe",5,7.0,7.0
10.0,0.4,DHL,"Deutsche Post, Wunstorf",0,15.0,15.0
10.0,0.4,DHL,"Deutsche Post, Wunstorf",1,15.0,15.0
10.0,0.4,DHL,"Deutsche Post, Wunstorf",2,16.0,16.0
10.0,0.4,DHL,"Deutsche Post, Wunstorf",3,16.0,16.0
10.0,0.4,DHL,"Deutsche Post, Wunstorf",4,14.0,14.0
10.0,0.4,DHL,"Deutsche Post, Wunstorf",5,11.0,11.0
10.0,0.4,DHL,Dummy Seelze,0,17.0,17.0
10.0,0.4,DHL,Dummy Seelze,1,19.0,19.0
10.0,0.4,DHL,Dummy Seelze,2,21.0,21.0
10.0,0.4,DHL,Dummy Seelze,3,20.0,20.0
10.0,0.4,DHL,Dummy Seelze,4,17.0,17.0
10.0,0.4,DHL,Dummy Seelze,5,13.0,13.0
10.0,0.4,DHL,Dummy Sehnde,0,9.0,9.0
10.0,0.4,DHL,Dummy Sehnde,1,9.0,9.0
10.0,0.4,DHL,Dummy Sehnde,2,10.0,10.0
10.0,0.4,DHL,Dummy Sehnde,3,9.0,9.0
10.0,0.4,DHL,Dummy Sehnde,4,8.0,8.0
10.0,0.4,DHL,Dummy Sehnde,5,6.0,6.0
10.0,0.4,DHL,Dummy Uetze,0,7.0,7.0
10.0,0.4,DHL,Dummy Uetze,1,7.0,7.0
10.0,0.4,DHL,Dummy Uetze,2,7.0,7.0
10.0,0.4,DHL,Dummy Uetze,3,8.0,8.0
10.0,0.4,DHL,Dummy Uetze,4,6.0,6.0
10.0,0.4,DHL,Dummy Uetze,5,5.0,5.0
10.0,0.4,DHL,Dummy Wennigsen,0,11.0,11.0
10.0,0.4,DHL,Dummy Wennigsen,1,12.0,12.0
10.0,0.4,DHL,Dummy Wennigsen,2,12.0,12.0
10.0,0.4,DHL,Dummy Wennigsen,3,12.0,12.0
10.0,0.4,DHL,Dummy Wennigsen,4,10.0,10.0
10.0,0.4,DHL,Dummy Wennigsen,5,8.0,8.0
10.0,0.4,DHL,Paketzentrum / Zustellbasis Anderten,0,40.0,40.0
10.0,0.4,DHL,Paketzentrum / Zustellbasis Anderten,1,44.0,44.0
10.0,0.4,DHL,Paketzentrum / Zustellbasis Anderten,2,47.0,47.0
10.0,0.4,DHL,Paketzentrum / Zustellbasis Anderten,3,44.0,44.0
10.0,0.4,DHL,Paketzentrum / Zustellbasis Anderten,4,39.0,39.0
10.0,0.4,DHL,Paketzentrum / Zustellbasis Anderten,5,31.0,31.0
10.0,0.4,DHL,Zustellbasis Hannover am Güterbahnhof,0,102.0,102.0
10.0,0.4,DHL,Zustellbasis Hannover am Güterbahnhof,1,107.0,107.0
10.0,0.4,DHL,Zustellbasis Hannover am Güterbahnhof,2,122.0,122.0
10.0,0.4,DHL,Zustellbasis Hannover am Güterbahnhof,3,115.0,115.0
10.0,0.4,DHL,Zustellbasis Hannover am Güterbahnhof,4,97.0,97.0
10.0,0.4,DHL,Zustellbasis Hannover am Güterbahnhof,5,75.0,75.0
10.0,0.4,DHL,Zustellbasis Hannover-Süd,0,55.0,55.0
10.0,0.4,DHL,Zustellbasis Hannover-Süd,1,58.0,58.0
10.0,0.4,DHL,Zustellbasis Hannover-Süd,2,67.0,67.0
10.0,0.4,DHL,Zustellbasis Hannover-Süd,3,64.0,64.0
10.0,0.4,DHL,Zustellbasis Hannover-Süd,4,52.0,52.0
10.0,0.4,DHL,Zustellbasis Hannover-Süd,5,41.0,41.0
10.0,0.4,Amazon,Amazon Logistics HAJ8 in Garbsen,0,189.0,189.0
10.0,0.4,Amazon,Amazon Logistics HAJ8 in Garbsen,1,200.0,200.0
10.0,0.4,Amazon,Amazon Logistics HAJ8 in Garbsen,2,217.0,217.0
10.0,0.4,Amazon,Amazon Logistics HAJ8 in Garbsen,3,209.0,209.0
10.0,0.4,Amazon,Amazon Logistics HAJ8 in Garbsen,4,176.0,176.0
10.0,0.4,Amazon,Amazon Logistics HAJ8 in Garbsen,5,138.0,138.0
10.0,0.4,DPD,DPD Paketzentrum in Lehrte,0,93.0,93.0
10.0,0.4,DPD,DPD Paketzentrum in Lehrte,1,104.0,104.0
10.0,0.4,DPD,DPD Paketzentrum in Lehrte,2,118.0,118.0
10.0,0.4,DPD,DPD Paketzentrum in Lehrte,3,111.0,111.0
10.0,0.4,DPD,DPD Paketzentrum in Lehrte,4,90.0,90.0
10.0,0.4,DPD,DPD Paketzentrum in Lehrte,5,72.0,72.0
10.0,0.4,FedEx,FedEx Station - Heinz-Peter-Piper Str.,0,84.0,84.0
10.0,0.4,FedEx,FedEx Station - Heinz-Peter-Piper Str.,1,86.0,86.0
10.0,0.4,FedEx,FedEx Station - Heinz-Peter-Piper Str.,2,97.0,97.0
10.0,0.4,FedEx,FedEx Station - Heinz-Peter-Piper Str.,3,91.0,91.0
10.0,0.4,FedEx,FedEx Station - Heinz-Peter-Piper Str.,4,82.0,82.0
10.0,0.4,FedEx,FedEx Station - Heinz-Peter-Piper Str.,5,66.0,66.0
10.0,0.4,GLS,GLS in Hannover Laatzen,0,82.0,82.0
10.0,0.4,GLS,GLS in Hannover Laatzen,1,83.0,83.0
10.0,0.4,GLS,GLS in Hannover Laatzen,2,95.0,95.0
10.0,0.4,GLS,GLS in Hannover Laatzen,3,91.0,91.0
10.0,0.4,GLS,GLS in Hannover Laatzen,4,76.0,76.0
10.0,0.4,GLS,GLS in Hannover Laatzen,5,65.0,65.0
10.0,0.4,Hermes,Hermes LC Hannover Langenhagen,0,116.0,116.0
10.0,0.4,Hermes,Hermes LC Hannover Langenhagen,1,120.0,120.0
10.0,0.4,Hermes,Hermes LC Hannover Langenhagen,2,127.0,127.0
10.0,0.4,Hermes,Hermes LC Hannover Langenhagen,3,123.0,123.0
10.0,0.4,Hermes,Hermes LC Hannover Langenhagen,4,112.0,112.0
10.0,0.4,Hermes,Hermes LC Hannover Langenhagen,5,83.0,83.0
10.0,0.4,UPS,UPS Depot Hannover,0,100.0,100.0
10.0,0.4,UPS,UPS Depot Hannover,1,108.0,108.0
10.0,0.4,UPS,UPS Depot Hannover,2,118.0,118.0
10.0,0.4,UPS,UPS Depot Hannover,3,114.0,114.0
10.0,0.4,UPS,UPS Depot Hannover,4,95.0,95.0
10.0,0.4,UPS,UPS Depot Hannover,5,78.0,78.0
10.0,0.5,DHL,Brief- und Logistikzentrum in Pattensen (Hannover),0,26.0,26.0
10.0,0.5,DHL,Brief- und Logistikzentrum in Pattensen (Hannover),1,27.0,27.0
10.0,0.5,DHL,Brief- und Logistikzentrum in Pattensen (Hannover),2,28.0,28.0
10.0,0.5,DHL,Brief- und Logistikzentrum in Pattensen (Hannover),3,27.0,27.0
10.0,0.5,DHL,Brief- und Logistikzentrum in Pattensen (Hannover),4,24.0,24.0
10.0,0.5,DHL,Brief- und Logistikzentrum in Pattensen (Hannover),5,18.0,18.0
10.0,0.5,DHL,"Deutsche Post, Bantorf",0,10.0,10.0
10.0,0.5,DHL,"Deutsche Post, Bantorf",1,11.0,11.0
10.0,0.5,DHL,"Deutsche Post, Bantorf",2,13.0,13.0
10.0,0.5,DHL,"Deutsche Post, Bantorf",3,12.0,12.0
10.0,0.5,DHL,"Deutsche Post, Bantorf",4,10.0,10.0
10.0,0.5,DHL,"Deutsche Post, Bantorf",5,8.0,8.0
10.0,0.5,DHL,"Deutsche Post, Bissendorf",0,44.0,44.0
10.0,0.5,DHL,"Deutsche Post, Bissendorf",1,48.0,48.0
10.0,0.5,DHL,"Deutsche Post, Bissendorf",2,53.0,53.0
10.0,0.5,DHL,"Deutsche Post, Bissendorf",3,49.0,49.0
10.0,0.5,DHL,"Deutsche Post, Bissendorf",4,41.0,41.0
10.0,0.5,DHL,"Deutsche Post, Bissendorf",5,32.0,32.0
10.0,0.5,DHL,"Deutsche Post, Burgdorf",0,10.0,10.0
10.0,0.5,DHL,"Deutsche Post, Burgdorf",1,10.0,10.0
10.0,0.5,DHL,"Deutsche Post, Burgdorf",2,12.0,12.0
10.0,0.5,DHL,"Deutsche Post, Burgdorf",3,11.0,11.0
10.0,0.5,DHL,"Deutsche Post, Burgdorf",4,9.0,9.0
10.0,0.5,DHL,"Deutsche Post, Burgdorf",5,7.0,7.0
10.0,0.5,DHL,"Deutsche Post, Garbsen",0,12.0,12.0
10.0,0.5,DHL,"Deutsche Post, Garbsen",1,13.0,13.0
10.0,0.5,DHL,"Deutsche Post, Garbsen",2,15.0,15.0
10.0,0.5,DHL,"Deutsche Post, Garbsen",3,15.0,15.0
10.0,0.5,DHL,"Deutsche Post, Garbsen",4,12.0,12.0
10.0,0.5,DHL,"Deutsche Post, Garbsen",5,10.0,10.0
10.0,0.5,DHL,"Deutsche Post, Lehrte",0,14.0,14.0
10.0,0.5,DHL,"Deutsche Post, Lehrte",1,15.0,15.0
10.0,0.5,DHL,"Deutsche Post, Lehrte",2,17.0,17.0
10.0,0.5,DHL,"Deutsche Post, Lehrte",3,15.0,15.0
10.0,0.5,DHL,"Deutsche Post, Lehrte",4,13.0,13.0
10.0,0.5,DHL,"Deutsche Post, Lehrte",5,10.0,10.0
10.0,0.5,DHL,"Deutsche Post, Neustadt",0,13.0,13.0
10.0,0.5,DHL,"Deutsche Post, Neustadt",1,15.0,15.0
10.0,0.5,DHL,"Deutsche Post, Neustadt",2,16.0,16.0
10.0,0.5,DHL,"Deutsche Post, Neustadt",3,15.0,15.0
10.0,0.5,DHL,"Deutsche Post, Neustadt",4,13.0,13.0
10.0,0.5,DHL,"Deutsche Post, Neustadt",5,10.0,10.0
10.0,0.5,DHL,"Deutsche Post, Springe",0,9.0,9.0
10.0,0.5,DHL,"Deutsche Post, Springe",1,9.0,9.0
10.0,0.5,DHL,"Deutsche Post, Springe",2,11.0,11.0
10.0,0.5,DHL,"Deutsche Post, Springe",3,10.0,10.0
10.0,0.5,DHL,"Deutsche Post, Springe",4,9.0,9.0
10.0,0.5,DHL,"Deutsche Post, Springe",5,7.0,7.0
10.0,0.5,DHL,"Deutsche Post, Wunstorf",0,15.0,15.0
10.0,0.5,DHL,"Deutsche Post, Wunstorf",1,15.0,15.0
10.0,0.5,DHL,"Deutsche Post, Wunstorf",2,16.0,16.0
10.0,0.5,DHL,"Deutsche Post, Wunstorf",3,16.0,16.0
10.0,0.5,DHL,"Deutsche Post, Wunstorf",4,14.0,14.0
10.0,0.5,DHL,"Deutsche Post, Wunstorf",5,11.0,11.0
10.0,0.5,DHL,Dummy Seelze,0,17.0,17.0
10.0,0.5,DHL,Dummy Seelze,1,19.0,19.0
10.0,0.5,DHL,Dummy Seelze,2,21.0,21.0
10.0,0.5,DHL,Dummy Seelze,3,20.0,20.0
10.0,0.5,DHL,Dummy Seelze,4,17.0,17.0
10.0,0.5,DHL,Dummy Seelze,5,13.0,13.0
10.0,0.5,DHL,Dummy Sehnde,0,9.0,9.0
10.0,0.5,DHL,Dummy Sehnde,1,9.0,9.0
10.0,0.5,DHL,Dummy Sehnde,2,10.0,10.0
10.0,0.5,DHL,Dummy Sehnde,3,9.0,9.0
10.0,0.5,DHL,Dummy Sehnde,4,8.0,8.0
10.0,0.5,DHL,Dummy Sehnde,5,6.0,6.0
10.0,0.5,DHL,Dummy Uetze,0,7.0,7.0
10.0,0.5,DHL,Dummy Uetze,1,7.0,7.0
10.0,0.5,DHL,Dummy Uetze,2,7.0,7.0
10.0,0.5,DHL,Dummy Uetze,3,8.0,8.0
10.0,0.5,DHL,Dummy Uetze,4,6.0,6.0
10.0,0.5,DHL,Dummy Uetze,5,5.0,5.0
10.0,0.5,DHL,Dummy Wennigsen,0,11.0,11.0
10.0,0.5,DHL,Dummy Wennigsen,1,12.0,12.0
10.0,0.5,DHL,Dummy Wennigsen,2,12.0,12.0
10.0,0.5,DHL,Dummy Wennigsen,3,12.0,12.0
10.0,0.5,DHL,Dummy Wennigsen,4,10.0,10.0
10.0,0.5,DHL,Dummy Wennigsen,5,8.0,8.0
10.0,0.5,DHL,Paketzentrum / Zustellbasis Anderten,0,40.0,40.0
10.0,0.5,DHL,Paketzentrum / Zustellbasis Anderten,1,44.0,44.0
10.0,0.5,DHL,Paketzentrum / Zustellbasis Anderten,2,47.0,47.0
10.0,0.5,DHL,Paketzentrum / Zustellbasis Anderten,3,44.0,44.0
10.0,0.5,DHL,Paketzentrum / Zustellbasis Anderten,4,39.0,39.0
10.0,0.5,DHL,Paketzentrum / Zustellbasis Anderten,5,31.0,31.0
10.0,0.5,DHL,Zustellbasis Hannover am Güterbahnhof,0,102.0,102.0
10.0,0.5,DHL,Zustellbasis Hannover am Güterbahnhof,1,107.0,107.0
10.0,0.5,DHL,Zustellbasis Hannover am Güterbahnhof,2,122.0,122.0
10.0,0.5,DHL,Zustellbasis Hannover am Güterbahnhof,3,115.0,115.0
10.0,0.5,DHL,Zustellbasis Hannover am Güterbahnhof,4,97.0,97.0
10.0,0.5,DHL,Zustellbasis Hannover am Güterbahnhof,5,75.0,75.0
10.0,0.5,DHL,Zustellbasis Hannover-Süd,0,55.0,55.0
10.0,0.5,DHL,Zustellbasis Hannover-Süd,1,58.0,58.0
10.0,0.5,DHL,Zustellbasis Hannover-Süd,2,67.0,67.0
10.0,0.5,DHL,Zustellbasis Hannover-Süd,3,64.0,64.0
10.0,0.5,DHL,Zustellbasis Hannover-Süd,4,52.0,52.0
10.0,0.5,DHL,Zustellbasis Hannover-Süd,5,41.0,41.0
10.0,0.5,Amazon,Amazon Logistics HAJ8 in Garbsen,0,189.0,189.0
10.0,0.5,Amazon,Amazon Logistics HAJ8 in Garbsen,1,200.0,200.0
10.0,0.5,Amazon,Amazon Logistics HAJ8 in Garbsen,2,217.0,217.0
10.0,0.5,Amazon,Amazon Logistics HAJ8 in Garbsen,3,209.0,209.0
10.0,0.5,Amazon,Amazon Logistics HAJ8 in Garbsen,4,176.0,176.0
10.0,0.5,Amazon,Amazon Logistics HAJ8 in Garbsen,5,138.0,138.0
10.0,0.5,DPD,DPD Paketzentrum in Lehrte,0,93.0,93.0
10.0,0.5,DPD,DPD Paketzentrum in Lehrte,1,104.0,104.0
10.0,0.5,DPD,DPD Paketzentrum in Lehrte,2,118.0,118.0
10.0,0.5,DPD,DPD Paketzentrum in Lehrte,3,111.0,111.0
10.0,0.5,DPD,DPD Paketzentrum in Lehrte,4,90.0,90.0
10.0,0.5,DPD,DPD Paketzentrum in Lehrte,5,72.0,72.0
10.0,0.5,FedEx,FedEx Station - Heinz-Peter-Piper Str.,0,84.0,84.0
10.0,0.5,FedEx,FedEx Station - Heinz-Peter-Piper Str.,1,86.0,86.0
10.0,0.5,FedEx,FedEx Station - Heinz-Peter-Piper Str.,2,97.0,97.0
10.0,0.5,FedEx,FedEx Station - Heinz-Peter-Piper Str.,3,91.0,91.0
10.0,0.5,FedEx,FedEx Station - Heinz-Peter-Piper Str.,4,82.0,82.0
10.0,0.5,FedEx,FedEx Station - Heinz-Peter-Piper Str.,5,66.0,66.0
10.0,0.5,GLS,GLS in Hannover Laatzen,0,82.0,82.0
10.0,0.5,GLS,GLS in Hannover Laatzen,1,83.0,83.0
10.0,0.5,GLS,GLS in Hannover Laatzen,2,95.0,95.0
10.0,0.5,GLS,GLS in Hannover Laatzen,3,91.0,91.0
10.0,0.5,GLS,GLS in Hannover Laatzen,4,76.0,76.0
10.0,0.5,GLS,GLS in Hannover Laatzen,5,65.0,65.0
10.0,0.5,Hermes,Hermes LC Hannover Langenhagen,0,116.0,116.0
10.0,0.5,Hermes,Hermes LC Hannover Langenhagen,1,120.0,120.0
10.0,0.5,Hermes,Hermes LC Hannover Langenhagen,2,127.0,127.0
10.0,0.5,Hermes,Hermes LC Hannover Langenhagen,3,123.0,123.0
10.0,0.5,Hermes,Hermes LC Hannover Langenhagen,4,112.0,112.0
10.0,0.5,Hermes,Hermes LC Hannover Langenhagen,5,83.0,83.0
10.0,0.5,UPS,UPS Depot Hannover,0,100.0,100.0
10.0,0.5,UPS,UPS Depot Hannover,1,108.0,108.0
10.0,0.5,UPS,UPS Depot Hannover,2,118.0,118.0
10.0,0.5,UPS,UPS Depot Hannover,3,114.0,114.0
10.0,0.5,UPS,UPS Depot Hannover,4,95.0,95.0
10.0,0.5,UPS,UPS Depot Hannover,5,78.0,78.0
10.0,0.6,DHL,Brief- und Logistikzentrum in Pattensen (Hannover),0,26.0,26.0
10.0,0.6,DHL,Brief- und Logistikzentrum in Pattensen (Hannover),1,27.0,27.0
10.0,0.6,DHL,Brief- und Logistikzentrum in Pattensen (Hannover),2,28.0,28.0
10.0,0.6,DHL,Brief- und Logistikzentrum in Pattensen (Hannover),3,27.0,27.0
10.0,0.6,DHL,Brief- und Logistikzentrum in Pattensen (Hannover),4,24.0,24.0
10.0,0.6,DHL,Brief- und Logistikzentrum in Pattensen (Hannover),5,18.0,18.0
10.0,0.6,DHL,"Deutsche Post, Bantorf",0,10.0,10.0
10.0,0.6,DHL,"Deutsche Post, Bantorf",1,11.0,11.0
10.0,0.6,DHL,"Deutsche Post, Bantorf",2,13.0,13.0
10.0,0.6,DHL,"Deutsche Post, Bantorf",3,12.0,12.0
10.0,0.6,DHL,"Deutsche Post, Bantorf",4,10.0,10.0
10.0,0.6,DHL,"Deutsche Post, Bantorf",5,8.0,8.0
10.0,0.6,DHL,"Deutsche Post, Bissendorf",0,44.0,44.0
10.0,0.6,DHL,"Deutsche Post, Bissendorf",1,48.0,48.0
10.0,0.6,DHL,"Deutsche Post, Bissendorf",2,53.0,53.0
10.0,0.6,DHL,"Deutsche Post, Bissendorf",3,49.0,49.0
10.0,0.6,DHL,"Deutsche Post, Bissendorf",4,41.0,41.0
10.0,0.6,DHL,"Deutsche Post, Bissendorf",5,32.0,32.0
10.0,0.6,DHL,"Deutsche Post, Burgdorf",0,10.0,10.0
10.0,0.6,DHL,"Deutsche Post, Burgdorf",1,10.0,10.0
10.0,0.6,DHL,"Deutsche Post, Burgdorf",2,12.0,12.0
10.0,0.6,DHL,"Deutsche Post, Burgdorf",3,11.0,11.0
10.0,0.6,DHL,"Deutsche Post, Burgdorf",4,9.0,9.0
10.0,0.6,DHL,"Deutsche Post, Burgdorf",5,7.0,7.0
10.0,0.6,DHL,"Deutsche Post, Garbsen",0,12.0,12.0
10.0,0.6,DHL,"Deutsche Post, Garbsen",1,13.0,13.0
10.0,0.6,DHL,"Deutsche Post, Garbsen",2,15.0,15.0
10.0,0.6,DHL,"Deutsche Post, Garbsen",3,15.0,15.0
10.0,0.6,DHL,"Deutsche Post, Garbsen",4,12.0,12.0
10.0,0.6,DHL,"Deutsche Post, Garbsen",5,10.0,10.0
10.0,0.6,DHL,"Deutsche Post, Lehrte",0,14.0,14.0
10.0,0.6,DHL,"Deutsche Post, Lehrte",1,15.0,15.0
10.0,0.6,DHL,"Deutsche Post, Lehrte",2,17.0,17.0
10.0,0.6,DHL,"Deutsche Post, Lehrte",3,15.0,15.0
10.0,0.6,DHL,"Deutsche Post, Lehrte",4,13.0,13.0
10.0,0.6,DHL,"Deutsche Post, Lehrte",5,10.0,10.0
10.0,0.6,DHL,"Deutsche Post, Neustadt",0,13.0,13.0
10.0,0.6,DHL,"Deutsche Post, Neustadt",1,15.0,15.0
10.0,0.6,DHL,"Deutsche Post, Neustadt",2,16.0,16.0
10.0,0.6,DHL,"Deutsche Post, Neustadt",3,15.0,15.0
10.0,0.6,DHL,"Deutsche Post, Neustadt",4,13.0,13.0
10.0,0.6,DHL,"Deutsche Post, Neustadt",5,10.0,10.0
10.0,0.6,DHL,"Deutsche Post, Springe",0,9.0,9.0
10.0,0.6,DHL,"Deutsche Post, Springe",1,9.0,9.0
10.0,0.6,DHL,"Deutsche Post, Springe",2,11.0,11.0
10.0,0.6,DHL,"Deutsche Post, Springe",3,10.0,10.0
10.0,0.6,DHL,"Deutsche Post, Springe",4,9.0,9.0
10.0,0.6,DHL,"Deutsche Post, Springe",5,7.0,7.0
10.0,0.6,DHL,"Deutsche Post, Wunstorf",0,15.0,15.0
10.0,0.6,DHL,"Deutsche Post, Wunstorf",1,15.0,15.0
10.0,0.6,DHL,"Deutsche Post, Wunstorf",2,16.0,16.0
10.0,0.6,DHL,"Deutsche Post, Wunstorf",3,16.0,16.0
10.0,0.6,DHL,"Deutsche Post, Wunstorf",4,14.0,14.0
10.0,0.6,DHL,"Deutsche Post, Wunstorf",5,11.0,11.0
10.0,0.6,DHL,Dummy Seelze,0,17.0,17.0
10.0,0.6,DHL,Dummy Seelze,1,19.0,19.0
10.0,0.6,DHL,Dummy Seelze,2,21.0,21.0
10.0,0.6,DHL,Dummy Seelze,3,20.0,20.0
10.0,0.6,DHL,Dummy Seelze,4,17.0,17.0
10.0,0.6,DHL,Dummy Seelze,5,13.0,13.0
10.0,0.6,DHL,Dummy Sehnde,0,9.0,9.0
10.0,0.6,DHL,Dummy Sehnde,1,9.0,9.0
10.0,0.6,DHL,Dummy Sehnde,2,10.0,10.0
10.0,0.6,DHL,Dummy Sehnde,3,9.0,9.0
10.0,0.6,DHL,Dummy Sehnde,4,8.0,8.0
10.0,0.6,DHL,Dummy Sehnde,5,6.0,6.0
10.0,0.6,DHL,Dummy Uetze,0,7.0,7.0
10.0,0.6,DHL,Dummy Uetze,1,7.0,7.0
10.0,0.6,DHL,Dummy Uetze,2,7.0,7.0
10.0,0.6,DHL,Dummy Uetze,3,8.0,8.0
10.0,0.6,DHL,Dummy Uetze,4,6.0,6.0
10.0,0.6,DHL,Dummy Uetze,5,5.0,5.0
10.0,0.6,DHL,Dummy Wennigsen,0,11.0,11.0
10.0,0.6,DHL,Dummy Wennigsen,1,12.0,12.0
10.0,0.6,DHL,Dummy Wennigsen,2,12.0,12.0
10.0,0.6,DHL,Dummy Wennigsen,3,12.0,12.0
10.0,0.6,DHL,Dummy Wennigsen,4,10.0,10.0
10.0,0.6,DHL,Dummy Wennigsen,5,8.0,8.0
10.0,0.6,DHL,Paketzentrum / Zustellbasis Anderten,0,40.0,40.0
10.0,0.6,DHL,Paketzentrum / Zustellbasis Anderten,1,44.0,44.0
10.0,0.6,DHL,Paketzentrum / Zustellbasis Anderten,2,47.0,47.0
10.0,0.6,DHL,Paketzentrum / Zustellbasis Anderten,3,44.0,44.0
10.0,0.6,DHL,Paketzentrum / Zustellbasis Anderten,4,39.0,39.0
10.0,0.6,DHL,Paketzentrum / Zustellbasis Anderten,5,31.0,31.0
10.0,0.6,DHL,Zustellbasis Hannover am Güterbahnhof,0,102.0,102.0
10.0,0.6,DHL,Zustellbasis Hannover am Güterbahnhof,1,107.0,107.0
10.0,0.6,DHL,Zustellbasis Hannover am Güterbahnhof,2,122.0,122.0
10.0,0.6,DHL,Zustellbasis Hannover am Güterbahnhof,3,115.0,115.0
10.0,0.6,DHL,Zustellbasis Hannover am Güterbahnhof,4,97.0,97.0
10.0,0.6,DHL,Zustellbasis Hannover am Güterbahnhof,5,75.0,75.0
10.0,0.6,DHL,Zustellbasis Hannover-Süd,0,55.0,55.0
10.0,0.6,DHL,Zustellbasis Hannover-Süd,1,58.0,58.0
10.0,0.6,DHL,Zustellbasis Hannover-Süd,2,67.0,67.0
10.0,0.6,DHL,Zustellbasis Hannover-Süd,3,64.0,64.0
10.0,0.6,DHL,Zustellbasis Hannover-Süd,4,52.0,52.0
10.0,0.6,DHL,Zustellbasis Hannover-Süd,5,41.0,41.0
10.0,0.6,Amazon,Amazon Logistics HAJ8 in Garbsen,0,189.0,189.0
10.0,0.6,Amazon,Amazon Logistics HAJ8 in Garbsen,1,200.0,200.0
10.0,0.6,Amazon,Amazon Logistics HAJ8 in Garbsen,2,217.0,217.0
10.0,0.6,Amazon,Amazon Logistics HAJ8 in Garbsen,3,209.0,209.0
10.0,0.6,Amazon,Amazon Logistics HAJ8 in Garbsen,4,176.0,176.0
10.0,0.6,Amazon,Amazon Logistics HAJ8 in Garbsen,5,138.0,138.0
10.0,0.6,DPD,DPD Paketzentrum in Lehrte,0,93.0,93.0
10.0,0.6,DPD,DPD Paketzentrum in Lehrte,1,104.0,104.0
10.0,0.6,DPD,DPD Paketzentrum in Lehrte,2,118.0,118.0
10.0,0.6,DPD,DPD Paketzentrum in Lehrte,3,111.0,111.0
10.0,0.6,DPD,DPD Paketzentrum in Lehrte,4,90.0,90.0
10.0,0.6,DPD,DPD Paketzentrum in Lehrte,5,72.0,72.0
10.0,0.6,FedEx,FedEx Station - Heinz-Peter-Piper Str.,0,84.0,84.0
10.0,0.6,FedEx,FedEx Station - Heinz-Peter-Piper Str.,1,86.0,86.0
10.0,0.6,FedEx,FedEx Station - Heinz-Peter-Piper Str.,2,97.0,97.0
10.0,0.6,FedEx,FedEx Station - Heinz-Peter-Piper Str.,3,91.0,91.0
10.0,0.6,FedEx,FedEx Station - Heinz-Peter-Piper Str.,4,82.0,82.0
10.0,0.6,FedEx,FedEx Station - Heinz-Peter-Piper Str.,5,66.0,66.0
10.0,0.6,GLS,GLS in Hannover Laatzen,0,82.0,82.0
10.0,0.6,GLS,GLS in Hannover Laatzen,1,83.0,83.0
10.0,0.6,GLS,GLS in Hannover Laatzen,2,95.0,95.0
10.0,0.6,GLS,GLS in Hannover Laatzen,3,91.0,91.0
10.0,0.6,GLS,GLS in Hannover Laatzen,4,76.0,76.0
10.0,0.6,GLS,GLS in Hannover Laatzen,5,65.0,65.0
10.0,0.6,Hermes,Hermes LC Hannover Langenhagen,0,116.0,116.0
10.0,0.6,Hermes,Hermes LC Hannover Langenhagen,1,120.0,120.0
10.0,0.6,Hermes,Hermes LC Hannover Langenhagen,2,127.0,127.0
10.0,0.6,Hermes,Hermes LC Hannover Langenhagen,3,123.0,123.0
10.0,0.6,Hermes,Hermes LC Hannover Langenhagen,4,112.0,112.0
10.0,0.6,Hermes,Hermes LC Hannover Langenhagen,5,83.0,83.0
10.0,0.6,UPS,UPS Depot Hannover,0,100.0,100.0
10.0,0.6,UPS,UPS Depot Hannover,1,108.0,108.0
10.0,0.6,UPS,UPS Depot Hannover,2,118.0,118.0
10.0,0.6,UPS,UPS Depot Hannover,3,114.0,114.0
10.0,0.6,UPS,UPS Depot Hannover,4,95.0,95.0
10.0,0.6,UPS,UPS Depot Hannover,5,78.0,78.0
10.0,0.7,DHL,Brief- und Logistikzentrum in Pattensen (Hannover),0,26.0,26.0
10.0,0.7,DHL,Brief- und Logistikzentrum in Pattensen (Hannover),1,27.0,27.0
10.0,0.7,DHL,Brief- und Logistikzentrum in Pattensen (Hannover),2,28.0,28.0
10.0,0.7,DHL,Brief- und Logistikzentrum in Pattensen (Hannover),3,27.0,27.0
10.0,0.7,DHL,Brief- und Logistikzentrum in Pattensen (Hannover),4,24.0,24.0
10.0,0.7,DHL,Brief- und Logistikzentrum in Pattensen (Hannover),5,18.0,18.0
10.0,0.7,DHL,"Deutsche Post, Bantorf",0,10.0,10.0
10.0,0.7,DHL,"Deutsche Post, Bantorf",1,11.0,11.0
10.0,0.7,DHL,"Deutsche Post, Bantorf",2,13.0,13.0
10.0,0.7,DHL,"Deutsche Post, Bantorf",3,12.0,12.0
10.0,0.7,DHL,"Deutsche Post, Bantorf",4,10.0,10.0
10.0,0.7,DHL,"Deutsche Post, Bantorf",5,8.0,8.0
10.0,0.7,DHL,"Deutsche Post, Bissendorf",0,44.0,44.0
10.0,0.7,DHL,"Deutsche Post, Bissendorf",1,48.0,48.0
10.0,0.7,DHL,"Deutsche Post, Bissendorf",2,53.0,53.0
10.0,0.7,DHL,"Deutsche Post, Bissendorf",3,49.0,49.0
10.0,0.7,DHL,"Deutsche Post, Bissendorf",4,41.0,41.0
10.0,0.7,DHL,"Deutsche Post, Bissendorf",5,32.0,32.0
10.0,0.7,DHL,"Deutsche Post, Burgdorf",0,10.0,10.0
10.0,0.7,DHL,"Deutsche Post, Burgdorf",1,10.0,10.0
10.0,0.7,DHL,"Deutsche Post, Burgdorf",2,12.0,12.0
10.0,0.7,DHL,"Deutsche Post, Burgdorf",3,11.0,11.0
10.0,0.7,DHL,"Deutsche Post, Burgdorf",4,9.0,9.0
10.0,0.7,DHL,"Deutsche Post, Burgdorf",5,7.0,7.0
10.0,0.7,DHL,"Deutsche Post, Garbsen",0,12.0,12.0
10.0,0.7,DHL,"Deutsche Post, Garbsen",1,13.0,13.0
10.0,0.7,DHL,"Deutsche Post, Garbsen",2,15.0,15.0
10.0,0.7,DHL,"Deutsche Post, Garbsen",3,15.0,15.0
10.0,0.7,DHL,"Deutsche Post, Garbsen",4,12.0,12.0
10.0,0.7,DHL,"Deutsche Post, Garbsen",5,10.0,10.0
10.0,0.7,DHL,"Deutsche Post, Lehrte",0,14.0,14.0
10.0,0.7,DHL,"Deutsche Post, Lehrte",1,15.0,15.0
10.0,0.7,DHL,"Deutsche Post, Lehrte",2,17.0,17.0
10.0,0.7,DHL,"Deutsche Post, Lehrte",3,15.0,15.0
10.0,0.7,DHL,"Deutsche Post, Lehrte",4,13.0,13.0
10.0,0.7,DHL,"Deutsche Post, Lehrte",5,10.0,10.0
10.0,0.7,DHL,"Deutsche Post, Neustadt",0,13.0,13.0
10.0,0.7,DHL,"Deutsche Post, Neustadt",1,15.0,15.0
10.0,0.7,DHL,"Deutsche Post, Neustadt",2,16.0,16.0
10.0,0.7,DHL,"Deutsche Post, Neustadt",3,15.0,15.0
10.0,0.7,DHL,"Deutsche Post, Neustadt",4,13.0,13.0
10.0,0.7,DHL,"Deutsche Post, Neustadt",5,10.0,10.0
10.0,0.7,DHL,"Deutsche Post, Springe",0,9.0,9.0
10.0,0.7,DHL,"Deutsche Post, Springe",1,9.0,9.0
10.0,0.7,DHL,"Deutsche Post, Springe",2,11.0,11.0
10.0,0.7,DHL,"Deutsche Post, Springe",3,10.0,10.0
10.0,0.7,DHL,"Deutsche Post, Springe",4,9.0,9.0
10.0,0.7,DHL,"Deutsche Post, Springe",5,7.0,7.0
10.0,0.7,DHL,"Deutsche Post, Wunstorf",0,15.0,15.0
10.0,0.7,DHL,"Deutsche Post, Wunstorf",1,15.0,15.0
10.0,0.7,DHL,"Deutsche Post, Wunstorf",2,16.0,16.0
10.0,0.7,DHL,"Deutsche Post, Wunstorf",3,16.0,16.0
10.0,0.7,DHL,"Deutsche Post, Wunstorf",4,14.0,14.0
10.0,0.7,DHL,"Deutsche Post, Wunstorf",5,11.0,11.0
10.0,0.7,DHL,Dummy Seelze,0,17.0,17.0
10.0,0.7,DHL,Dummy Seelze,1,19.0,19.0
10.0,0.7,DHL,Dummy Seelze,2,21.0,21.0
10.0,0.7,DHL,Dummy Seelze,3,20.0,20.0
10.0,0.7,DHL,Dummy Seelze,4,17.0,17.0
10.0,0.7,DHL,Dummy Seelze,5,13.0,13.0
10.0,0.7,DHL,Dummy Sehnde,0,9.0,9.0
10.0,0.7,DHL,Dummy Sehnde,1,9.0,9.0
10.0,0.7,DHL,Dummy Sehnde,2,10.0,10.0
10.0,0.7,DHL,Dummy Sehnde,3,9.0,9.0
10.0,0.7,DHL,Dummy Sehnde,4,8.0,8.0
10.0,0.7,DHL,Dummy Sehnde,5,6.0,6.0
10.0,0.7,DHL,Dummy Uetze,0,7.0,7.0
10.0,0.7,DHL,Dummy Uetze,1,7.0,7.0
10.0,0.7,DHL,Dummy Uetze,2,7.0,7.0
10.0,0.7,DHL,Dummy Uetze,3,8.0,8.0
10.0,0.7,DHL,Dummy Uetze,4,6.0,6.0
10.0,0.7,DHL,Dummy Uetze,5,5.0,5.0
10.0,0.7,DHL,Dummy Wennigsen,0,11.0,11.0
10.0,0.7,DHL,Dummy Wennigsen,1,12.0,12.0
10.0,0.7,DHL,Dummy Wennigsen,2,12.0,12.0
10.0,0.7,DHL,Dummy Wennigsen,3,12.0,12.0
10.0,0.7,DHL,Dummy Wennigsen,4,10.0,10.0
10.0,0.7,DHL,Dummy Wennigsen,5,8.0,8.0
10.0,0.7,DHL,Paketzentrum / Zustellbasis Anderten,0,40.0,40.0
10.0,0.7,DHL,Paketzentrum / Zustellbasis Anderten,1,44.0,44.0
10.0,0.7,DHL,Paketzentrum / Zustellbasis Anderten,2,47.0,47.0
10.0,0.7,DHL,Paketzentrum / Zustellbasis Anderten,3,44.0,44.0
10.0,0.7,DHL,Paketzentrum / Zustellbasis Anderten,4,39.0,39.0
10.0,0.7,DHL,Paketzentrum / Zustellbasis Anderten,5,31.0,31.0
10.0,0.7,DHL,Zustellbasis Hannover am Güterbahnhof,0,102.0,102.0
10.0,0.7,DHL,Zustellbasis Hannover am Güterbahnhof,1,107.0,107.0
10.0,0.7,DHL,Zustellbasis Hannover am Güterbahnhof,2,122.0,122.0
10.0,0.7,DHL,Zustellbasis Hannover am Güterbahnhof,3,115.0,115.0
10.0,0.7,DHL,Zustellbasis Hannover am Güterbahnhof,4,97.0,97.0
10.0,0.7,DHL,Zustellbasis Hannover am Güterbahnhof,5,75.0,75.0
10.0,0.7,DHL,Zustellbasis Hannover-Süd,0,55.0,55.0
10.0,0.7,DHL,Zustellbasis Hannover-Süd,1,58.0,58.0
10.0,0.7,DHL,Zustellbasis Hannover-Süd,2,67.0,67.0
10.0,0.7,DHL,Zustellbasis Hannover-Süd,3,64.0,64.0
10.0,0.7,DHL,Zustellbasis Hannover-Süd,4,52.0,52.0
10.0,0.7,DHL,Zustellbasis Hannover-Süd,5,41.0,41.0
10.0,0.7,Amazon,Amazon Logistics HAJ8 in Garbsen,0,189.0,189.0
10.0,0.7,Amazon,Amazon Logistics HAJ8 in Garbsen,1,200.0,200.0
10.0,0.7,Amazon,Amazon Logistics HAJ8 in Garbsen,2,217.0,217.0
10.0,0.7,Amazon,Amazon Logistics HAJ8 in Garbsen,3,209.0,209.0
10.0,0.7,Amazon,Amazon Logistics HAJ8 in Garbsen,4,176.0,176.0
10.0,0.7,Amazon,Amazon Logistics HAJ8 in Garbsen,5,138.0,138.0
10.0,0.7,DPD,DPD Paketzentrum in Lehrte,0,93.0,93.0
10.0,0.7,DPD,DPD Paketzentrum in Lehrte,1,104.0,104.0
10.0,0.7,DPD,DPD Paketzentrum in Lehrte,2,118.0,118.0
10.0,0.7,DPD,DPD Paketzentrum in Lehrte,3,111.0,111.0
10.0,0.7,DPD,DPD Paketzentrum in Lehrte,4,90.0,90.0
10.0,0.7,DPD,DPD Paketzentrum in Lehrte,5,72.0,72.0
10.0,0.7,FedEx,FedEx Station - Heinz-Peter-Piper Str.,0,84.0,84.0
10.0,0.7,FedEx,FedEx Station - Heinz-Peter-Piper Str.,1,86.0,86.0
10.0,0.7,FedEx,FedEx Station - Heinz-Peter-Piper Str.,2,97.0,97.0
10.0,0.7,FedEx,FedEx Station - Heinz-Peter-Piper Str.,3,91.0,91.0
10.0,0.7,FedEx,FedEx Station - Heinz-Peter-Piper Str.,4,82.0,82.0
10.0,0.7,FedEx,FedEx Station - Heinz-Peter-Piper Str.,5,66.0,66.0
10.0,0.7,GLS,GLS in Hannover Laatzen,0,82.0,82.0
10.0,0.7,GLS,GLS in Hannover Laatzen,1,83.0,83.0
10.0,0.7,GLS,GLS in Hannover Laatzen,2,95.0,95.0
10.0,0.7,GLS,GLS in Hannover Laatzen,3,91.0,91.0
10.0,0.7,GLS,GLS in Hannover Laatzen,4,76.0,76.0
10.0,0.7,GLS,GLS in Hannover Laatzen,5,65.0,65.0
10.0,0.7,Hermes,Hermes LC Hannover Langenhagen,0,116.0,116.0
10.0,0.7,Hermes,Hermes LC Hannover Langenhagen,1,120.0,120.0
10.0,0.7,Hermes,Hermes LC Hannover Langenhagen,2,127.0,127.0
10.0,0.7,Hermes,Hermes LC Hannover Langenhagen,3,123.0,123.0
10.0,0.7,Hermes,Hermes LC Hannover Langenhagen,4,112.0,112.0
10.0,0.7,Hermes,Hermes LC Hannover Langenhagen,5,83.0,83.0
10.0,0.7,UPS,UPS Depot Hannover,0,100.0,100.0
10.0,0.7,UPS,UPS Depot Hannover,1,108.0,108.0
10.0,0.7,UPS,UPS Depot Hannover,2,118.0,118.0
10.0,0.7,UPS,UPS Depot Hannover,3,114.0,114.0
10.0,0.7,UPS,UPS Depot Hannover,4,95.0,95.0
10.0,0.7,UPS,UPS Depot Hannover,5,78.0,78.0
10.0,0.8,DHL,Brief- und Logistikzentrum in Pattensen (Hannover),0,26.0,26.0
10.0,0.8,DHL,Brief- und Logistikzentrum in Pattensen (Hannover),1,27.0,27.0
10.0,0.8,DHL,Brief- und Logistikzentrum in Pattensen (Hannover),2,28.0,28.0
10.0,0.8,DHL,Brief- und Logistikzentrum in Pattensen (Hannover),3,27.0,27.0
10.0,0.8,DHL,Brief- und Logistikzentrum in Pattensen (Hannover),4,24.0,24.0
10.0,0.8,DHL,Brief- und Logistikzentrum in Pattensen (Hannover),5,18.0,18.0
10.0,0.8,DHL,"Deutsche Post, Bantorf",0,10.0,10.0
10.0,0.8,DHL,"Deutsche Post, Bantorf",1,11.0,11.0
10.0,0.8,DHL,"Deutsche Post, Bantorf",2,13.0,13.0
10.0,0.8,DHL,"Deutsche Post, Bantorf",3,12.0,12.0
10.0,0.8,DHL,"Deutsche Post, Bantorf",4,10.0,10.0
10.0,0.8,DHL,"Deutsche Post, Bantorf",5,8.0,8.0
10.0,0.8,DHL,"Deutsche Post, Bissendorf",0,44.0,44.0
10.0,0.8,DHL,"Deutsche Post, Bissendorf",1,48.0,48.0
10.0,0.8,DHL,"Deutsche Post, Bissendorf",2,53.0,53.0
10.0,0.8,DHL,"Deutsche Post, Bissendorf",3,49.0,49.0
10.0,0.8,DHL,"Deutsche Post, Bissendorf",4,41.0,41.0
10.0,0.8,DHL,"Deutsche Post, Bissendorf",5,32.0,32.0
10.0,0.8,DHL,"Deutsche Post, Burgdorf",0,10.0,10.0
10.0,0.8,DHL,"Deutsche Post, Burgdorf",1,10.0,10.0
10.0,0.8,DHL,"Deutsche Post, Burgdorf",2,12.0,12.0
10.0,0.8,DHL,"Deutsche Post, Burgdorf",3,11.0,11.0
10.0,0.8,DHL,"Deutsche Post, Burgdorf",4,9.0,9.0
10.0,0.8,DHL,"Deutsche Post, Burgdorf",5,7.0,7.0
10.0,0.8,DHL,"Deutsche Post, Garbsen",0,12.0,12.0
10.0,0.8,DHL,"Deutsche Post, Garbsen",1,13.0,13.0
10.0,0.8,DHL,"Deutsche Post, Garbsen",2,15.0,15.0
10.0,0.8,DHL,"Deutsche Post, Garbsen",3,15.0,15.0
10.0,0.8,DHL,"Deutsche Post, Garbsen",4,12.0,12.0
10.0,0.8,DHL,"Deutsche Post, Garbsen",5,10.0,10.0
10.0,0.8,DHL,"Deutsche Post, Lehrte",0,14.0,14.0
10.0,0.8,DHL,"Deutsche Post, Lehrte",1,15.0,15.0
10.0,0.8,DHL,"Deutsche Post, Lehrte",2,17.0,17.0
10.0,0.8,DHL,"Deutsche Post, Lehrte",3,15.0,15.0
10.0,0.8,DHL,"Deutsche Post, Lehrte",4,13.0,13.0
10.0,0.8,DHL,"Deutsche Post, Lehrte",5,10.0,10.0
10.0,0.8,DHL,"Deutsche Post, Neustadt",0,13.0,13.0
10.0,0.8,DHL,"Deutsche Post, Neustadt",1,15.0,15.0
10.0,0.8,DHL,"Deutsche Post, Neustadt",2,16.0,16.0
10.0,0.8,DHL,"Deutsche Post, Neustadt",3,15.0,15.0
10.0,0.8,DHL,"Deutsche Post, Neustadt",4,13.0,13.0
10.0,0.8,DHL,"Deutsche Post, Neustadt",5,10.0,10.0
10.0,0.8,DHL,"Deutsche Post, Springe",0,9.0,9.0
10.0,0.8,DHL,"Deutsche Post, Springe",1,9.0,9.0
10.0,0.8,DHL,"Deutsche Post, Springe",2,11.0,11.0
10.0,0.8,DHL,"Deutsche Post, Springe",3,10.0,10.0
10.0,0.8,DHL,"Deutsche Post, Springe",4,9.0,9.0
10.0,0.8,DHL,"Deutsche Post, Springe",5,7.0,7.0
10.0,0.8,DHL,"Deutsche Post, Wunstorf",0,15.0,15.0
10.0,0.8,DHL,"Deutsche Post, Wunstorf",1,15.0,15.0
10.0,0.8,DHL,"Deutsche Post, Wunstorf",2,16.0,16.0
10.0,0.8,DHL,"Deutsche Post, Wunstorf",3,16.0,16.0
10.0,0.8,DHL,"Deutsche Post, Wunstorf",4,14.0,14.0
10.0,0.8,DHL,"Deutsche Post, Wunstorf",5,11.0,11.0
10.0,0.8,DHL,Dummy Seelze,0,17.0,17.0
10.0,0.8,DHL,Dummy Seelze,1,19.0,19.0
10.0,0.8,DHL,Dummy Seelze,2,21.0,21.0
10.0,0.8,DHL,Dummy Seelze,3,20.0,20.0
10.0,0.8,DHL,Dummy Seelze,4,17.0,17.0
10.0,0.8,DHL,Dummy Seelze,5,13.0,13.0
10.0,0.8,DHL,Dummy Sehnde,0,9.0,9.0
10.0,0.8,DHL,Dummy Sehnde,1,9.0,9.0
10.0,0.8,DHL,Dummy Sehnde,2,10.0,10.0
10.0,0.8,DHL,Dummy Sehnde,3,9.0,9.0
10.0,0.8,DHL,Dummy Sehnde,4,8.0,8.0
10.0,0.8,DHL,Dummy Sehnde,5,6.0,6.0
10.0,0.8,DHL,Dummy Uetze,0,7.0,7.0
10.0,0.8,DHL,Dummy Uetze,1,7.0,7.0
10.0,0.8,DHL,Dummy Uetze,2,7.0,7.0
10.0,0.8,DHL,Dummy Uetze,3,8.0,8.0
10.0,0.8,DHL,Dummy Uetze,4,6.0,6.0
10.0,0.8,DHL,Dummy Uetze,5,5.0,5.0
10.0,0.8,DHL,Dummy Wennigsen,0,11.0,11.0
10.0,0.8,DHL,Dummy Wennigsen,1,12.0,12.0
10.0,0.8,DHL,Dummy Wennigsen,2,12.0,12.0
10.0,0.8,DHL,Dummy Wennigsen,3,12.0,12.0
10.0,0.8,DHL,Dummy Wennigsen,4,10.0,10.0
10.0,0.8,DHL,Dummy Wennigsen,5,8.0,8.0
10.0,0.8,DHL,Paketzentrum / Zustellbasis Anderten,0,40.0,40.0
10.0,0.8,DHL,Paketzentrum / Zustellbasis Anderten,1,44.0,44.0
10.0,0.8,DHL,Paketzentrum / Zustellbasis Anderten,2,47.0,47.0
10.0,0.8,DHL,Paketzentrum / Zustellbasis Anderten,3,44.0,44.0
10.0,0.8,DHL,Paketzentrum / Zustellbasis Anderten,4,39.0,39.0
10.0,0.8,DHL,Paketzentrum / Zustellbasis Anderten,5,31.0,31.0
10.0,0.8,DHL,Zustellbasis Hannover am Güterbahnhof,0,102.0,102.0
10.0,0.8,DHL,Zustellbasis Hannover am Güterbahnhof,1,107.0,107.0
10.0,0.8,DHL,Zustellbasis Hannover am Güterbahnhof,2,122.0,122.0
10.0,0.8,DHL,Zustellbasis Hannover am Güterbahnhof,3,115.0,115.0
10.0,0.8,DHL,Zustellbasis Hannover am Güterbahnhof,4,97.0,97.0
10.0,0.8,DHL,Zustellbasis Hannover am Güterbahnhof,5,75.0,75.0
10.0,0.8,DHL,Zustellbasis Hannover-Süd,0,55.0,55.0
10.0,0.8,DHL,Zustellbasis Hannover-Süd,1,58.0,58.0
10.0,0.8,DHL,Zustellbasis Hannover-Süd,2,67.0,67.0
10.0,0.8,DHL,Zustellbasis Hannover-Süd,3,64.0,64.0
10.0,0.8,DHL,Zustellbasis Hannover-Süd,4,52.0,52.0
10.0,0.8,DHL,Zustellbasis Hannover-Süd,5,41.0,41.0
10.0,0.8,Amazon,Amazon Logistics HAJ8 in Garbsen,0,189.0,189.0
10.0,0.8,Amazon,Amazon Logistics HAJ8 in Garbsen,1,200.0,200.0
10.0,0.8,Amazon,Amazon Logistics HAJ8 in Garbsen,2,217.0,217.0
10.0,0.8,Amazon,Amazon Logistics HAJ8 in Garbsen,3,209.0,209.0
10.0,0.8,Amazon,Amazon Logistics HAJ8 in Garbsen,4,176.0,176.0
10.0,0.8,Amazon,Amazon Logistics HAJ8 in Garbsen,5,138.0,138.0
10.0,0.8,DPD,DPD Paketzentrum in Lehrte,0,93.0,93.0
10.0,0.8,DPD,DPD Paketzentrum in Lehrte,1,104.0,104.0
10.0,0.8,DPD,DPD Paketzentrum in Lehrte,2,118.0,118.0
10.0,0.8,DPD,DPD Paketzentrum in Lehrte,3,111.0,111.0
10.0,0.8,DPD,DPD Paketzentrum in Lehrte,4,90.0,90.0
10.0,0.8,DPD,DPD Paketzentrum in Lehrte,5,72.0,72.0
10.0,0.8,FedEx,FedEx Station - Heinz-Peter-Piper Str.,0,84.0,84.0
10.0,0.8,FedEx,FedEx Station - Heinz-Peter-Piper Str.,1,86.0,86.0
10.0,0.8,FedEx,FedEx Station - Heinz-Peter-Piper Str.,2,97.0,97.0
10.0,0.8,FedEx,FedEx Station - Heinz-Peter-Piper Str.,3,91.0,91.0
10.0,0.8,FedEx,FedEx Station - Heinz-Peter-Piper Str.,4,82.0,82.0
10.0,0.8,FedEx,FedEx Station - Heinz-Peter-Piper Str.,5,66.0,66.0
10.0,0.8,GLS,GLS in Hannover Laatzen,0,82.0,82.0
10.0,0.8,GLS,GLS in Hannover Laatzen,1,83.0,83.0
10.0,0.8,GLS,GLS in Hannover Laatzen,2,95.0,95.0
10.0,0.8,GLS,GLS in Hannover Laatzen,3,91.0,91.0
10.0,0.8,GLS,GLS in Hannover Laatzen,4,76.0,76.0
10.0,0.8,GLS,GLS in Hannover Laatzen,5,65.0,65.0
10.0,0.8,Hermes,Hermes LC Hannover Langenhagen,0,116.0,116.0
10.0,0.8,Hermes,Hermes LC Hannover Langenhagen,1,120.0,120.0
10.0,0.8,Hermes,Hermes LC Hannover Langenhagen,2,127.0,127.0
10.0,0.8,Hermes,Hermes LC Hannover Langenhagen,3,123.0,123.0
10.0,0.8,Hermes,Hermes LC Hannover Langenhagen,4,112.0,112.0
10.0,0.8,Hermes,Hermes LC Hannover Langenhagen,5,83.0,83.0
10.0,0.8,UPS,UPS Depot Hannover,0,100.0,100.0
10.0,0.8,UPS,UPS Depot Hannover,1,108.0,108.0
10.0,0.8,UPS,UPS Depot Hannover,2,118.0,118.0
10.0,0.8,UPS,UPS Depot Hannover,3,114.0,114.0
10.0,0.8,UPS,UPS Depot Hannover,4,95.0,95.0
10.0,0.8,UPS,UPS Depot Hannover,5,78.0,78.0
10.0,0.9,DHL,Brief- und Logistikzentrum in Pattensen (Hannover),0,26.0,26.0
10.0,0.9,DHL,Brief- und Logistikzentrum in Pattensen (Hannover),1,27.0,27.0
10.0,0.9,DHL,Brief- und Logistikzentrum in Pattensen (Hannover),2,28.0,28.0
10.0,0.9,DHL,Brief- und Logistikzentrum in Pattensen (Hannover),3,27.0,27.0
10.0,0.9,DHL,Brief- und Logistikzentrum in Pattensen (Hannover),4,24.0,24.0
10.0,0.9,DHL,Brief- und Logistikzentrum in Pattensen (Hannover),5,18.0,18.0
10.0,0.9,DHL,"Deutsche Post, Bantorf",0,10.0,10.0
10.0,0.9,DHL,"Deutsche Post, Bantorf",1,11.0,11.0
10.0,0.9,DHL,"Deutsche Post, Bantorf",2,13.0,13.0
10.0,0.9,DHL,"Deutsche Post, Bantorf",3,12.0,12.0
10.0,0.9,DHL,"Deutsche Post, Bantorf",4,10.0,10.0
10.0,0.9,DHL,"Deutsche Post, Bantorf",5,8.0,8.0
10.0,0.9,DHL,"Deutsche Post, Bissendorf",0,44.0,44.0
10.0,0.9,DHL,"Deutsche Post, Bissendorf",1,48.0,48.0
10.0,0.9,DHL,"Deutsche Post, Bissendorf",2,53.0,53.0
10.0,0.9,DHL,"Deutsche Post, Bissendorf",3,49.0,49.0
10.0,0.9,DHL,"Deutsche Post, Bissendorf",4,41.0,41.0
10.0,0.9,DHL,"Deutsche Post, Bissendorf",5,32.0,32.0
10.0,0.9,DHL,"Deutsche Post, Burgdorf",0,10.0,10.0
10.0,0.9,DHL,"Deutsche Post, Burgdorf",1,10.0,10.0
10.0,0.9,DHL,"Deutsche Post, Burgdorf",2,12.0,12.0
10.0,0.9,DHL,"Deutsche Post, Burgdorf",3,11.0,11.0
10.0,0.9,DHL,"Deutsche Post, Burgdorf",4,9.0,9.0
10.0,0.9,DHL,"Deutsche Post, Burgdorf",5,7.0,7.0
10.0,0.9,DHL,"Deutsche Post, Garbsen",0,12.0,12.0
10.0,0.9,DHL,"Deutsche Post, Garbsen",1,13.0,13.0
10.0,0.9,DHL,"Deutsche Post, Garbsen",2,15.0,15.0
10.0,0.9,DHL,"Deutsche Post, Garbsen",3,15.0,15.0
10.0,0.9,DHL,"Deutsche Post, Garbsen",4,12.0,12.0
10.0,0.9,DHL,"Deutsche Post, Garbsen",5,10.0,10.0
10.0,0.9,DHL,"Deutsche Post, Lehrte",0,14.0,14.0
10.0,0.9,DHL,"Deutsche Post, Lehrte",1,15.0,15.0
10.0,0.9,DHL,"Deutsche Post, Lehrte",2,17.0,17.0
10.0,0.9,DHL,"Deutsche Post, Lehrte",3,15.0,15.0
10.0,0.9,DHL,"Deutsche Post, Lehrte",4,13.0,13.0
10.0,0.9,DHL,"Deutsche Post, Lehrte",5,10.0,10.0
10.0,0.9,DHL,"Deutsche Post, Neustadt",0,13.0,13.0
10.0,0.9,DHL,"Deutsche Post, Neustadt",1,15.0,15.0
10.0,0.9,DHL,"Deutsche Post, Neustadt",2,16.0,16.0
10.0,0.9,DHL,"Deutsche Post, Neustadt",3,15.0,15.0
10.0,0.9,DHL,"Deutsche Post, Neustadt",4,13.0,13.0
10.0,0.9,DHL,"Deutsche Post, Neustadt",5,10.0,10.0
10.0,0.9,DHL,"Deutsche Post, Springe",0,9.0,9.0
10.0,0.9,DHL,"Deutsche Post, Springe",1,9.0,9.0
10.0,0.9,DHL,"Deutsche Post, Springe",2,11.0,11.0
10.0,0.9,DHL,"Deutsche Post, Springe",3,10.0,10.0
10.0,0.9,DHL,"Deutsche Post, Springe",4,9.0,9.0
10.0,0.9,DHL,"Deutsche Post, Springe",5,7.0,7.0
10.0,0.9,DHL,"Deutsche Post, Wunstorf",0,15.0,15.0
10.0,0.9,DHL,"Deutsche Post, Wunstorf",1,15.0,15.0
10.0,0.9,DHL,"Deutsche Post, Wunstorf",2,16.0,16.0
10.0,0.9,DHL,"Deutsche Post, Wunstorf",3,16.0,16.0
10.0,0.9,DHL,"Deutsche Post, Wunstorf",4,14.0,14.0
10.0,0.9,DHL,"Deutsche Post, Wunstorf",5,11.0,11.0
10.0,0.9,DHL,Dummy Seelze,0,17.0,17.0
10.0,0.9,DHL,Dummy Seelze,1,19.0,19.0
10.0,0.9,DHL,Dummy Seelze,2,21.0,21.0
10.0,0.9,DHL,Dummy Seelze,3,20.0,20.0
10.0,0.9,DHL,Dummy Seelze,4,17.0,17.0
10.0,0.9,DHL,Dummy Seelze,5,13.0,13.0
10.0,0.9,DHL,Dummy Sehnde,0,9.0,9.0
10.0,0.9,DHL,Dummy Sehnde,1,9.0,9.0
10.0,0.9,DHL,Dummy Sehnde,2,10.0,10.0
10.0,0.9,DHL,Dummy Sehnde,3,9.0,9.0
10.0,0.9,DHL,Dummy Sehnde,4,8.0,8.0
10.0,0.9,DHL,Dummy Sehnde,5,6.0,6.0
10.0,0.9,DHL,Dummy Uetze,0,7.0,7.0
10.0,0.9,DHL,Dummy Uetze,1,7.0,7.0
10.0,0.9,DHL,Dummy Uetze,2,7.0,7.0
10.0,0.9,DHL,Dummy Uetze,3,8.0,8.0
10.0,0.9,DHL,Dummy Uetze,4,6.0,6.0
10.0,0.9,DHL,Dummy Uetze,5,5.0,5.0
10.0,0.9,DHL,Dummy Wennigsen,0,11.0,11.0
10.0,0.9,DHL,Dummy Wennigsen,1,12.0,12.0
10.0,0.9,DHL,Dummy Wennigsen,2,12.0,12.0
10.0,0.9,DHL,Dummy Wennigsen,3,12.0,12.0
10.0,0.9,DHL,Dummy Wennigsen,4,10.0,10.0
10.0,0.9,DHL,Dummy Wennigsen,5,8.0,8.0
10.0,0.9,DHL,Paketzentrum / Zustellbasis Anderten,0,40.0,40.0
10.0,0.9,DHL,Paketzentrum / Zustellbasis Anderten,1,44.0,44.0
10.0,0.9,DHL,Paketzentrum / Zustellbasis Anderten,2,47.0,47.0
10.0,0.9,DHL,Paketzentrum / Zustellbasis Anderten,3,44.0,44.0
10.0,0.9,DHL,Paketzentrum / Zustellbasis Anderten,4,39.0,39.0
10.0,0.9,DHL,Paketzentrum / Zustellbasis Anderten,5,31.0,31.0
10.0,0.9,DHL,Zustellbasis Hannover am Güterbahnhof,0,102.0,102.0
10.0,0.9,DHL,Zustellbasis Hannover am Güterbahnhof,1,107.0,107.0
10.0,0.9,DHL,Zustellbasis Hannover am Güterbahnhof,2,122.0,122.0
10.0,0.9,DHL,Zustellbasis Hannover am Güterbahnhof,3,115.0,115.0
10.0,0.9,DHL,Zustellbasis Hannover am Güterbahnhof,4,97.0,97.0
10.0,0.9,DHL,Zustellbasis Hannover am Güterbahnhof,5,75.0,75.0
10.0,0.9,DHL,Zustellbasis Hannover-Süd,0,55.0,55.0
10.0,0.9,DHL,Zustellbasis Hannover-Süd,1,58.0,58.0
10.0,0.9,DHL,Zustellbasis Hannover-Süd,2,67.0,67.0
10.0,0.9,DHL,Zustellbasis Hannover-Süd,3,64.0,64.0
10.0,0.9,DHL,Zustellbasis Hannover-Süd,4,52.0,52.0
10.0,0.9,DHL,Zustellbasis Hannover-Süd,5,41.0,41.0
10.0,0.9,Amazon,Amazon Logistics HAJ8 in Garbsen,0,189.0,189.0
10.0,0.9,Amazon,Amazon Logistics HAJ8 in Garbsen,1,200.0,200.0
10.0,0.9,Amazon,Amazon Logistics HAJ8 in Garbsen,2,217.0,217.0
10.0,0.9,Amazon,Amazon Logistics HAJ8 in Garbsen,3,209.0,209.0
10.0,0.9,Amazon,Amazon Logistics HAJ8 in Garbsen,4,176.0,176.0
10.0,0.9,Amazon,Amazon Logistics HAJ8 in Garbsen,5,138.0,138.0
10.0,0.9,DPD,DPD Paketzentrum in Lehrte,0,93.0,93.0
10.0,0.9,DPD,DPD Paketzentrum in Lehrte,1,104.0,104.0
10.0,0.9,DPD,DPD Paketzentrum in Lehrte,2,118.0,118.0
10.0,0.9,DPD,DPD Paketzentrum in Lehrte,3,111.0,111.0
10.0,0.9,DPD,DPD Paketzentrum in Lehrte,4,90.0,90.0
10.0,0.9,DPD,DPD Paketzentrum in Lehrte,5,72.0,72.0
10.0,0.9,FedEx,FedEx Station - Heinz-Peter-Piper Str.,0,84.0,84.0
10.0,0.9,FedEx,FedEx Station - Heinz-Peter-Piper Str.,1,86.0,86.0
10.0,0.9,FedEx,FedEx Station - Heinz-Peter-Piper Str.,2,97.0,97.0
10.0,0.9,FedEx,FedEx Station - Heinz-Peter-Piper Str.,3,91.0,91.0
10.0,0.9,FedEx,FedEx Station - Heinz-Peter-Piper Str.,4,82.0,82.0
10.0,0.9,FedEx,FedEx Station - Heinz-Peter-Piper Str.,5,66.0,66.0
10.0,0.9,GLS,GLS in Hannover Laatzen,0,82.0,82.0
10.0,0.9,GLS,GLS in Hannover Laatzen,1,83.0,83.0
10.0,0.9,GLS,GLS in Hannover Laatzen,2,95.0,95.0
10.0,0.9,GLS,GLS in Hannover Laatzen,3,91.0,91.0
10.0,0.9,GLS,GLS in Hannover Laatzen,4,76.0,76.0
10.0,0.9,GLS,GLS in Hannover Laatzen,5,65.0,65.0
10.0,0.9,Hermes,Hermes LC Hannover Langenhagen,0,116.0,116.0
10.0,0.9,Hermes,Hermes LC Hannover Langenhagen,1,120.0,120.0
10.0,0.9,Hermes,Hermes LC Hannover Langenhagen,2,127.0,127.0
10.0,0.9,Hermes,Hermes LC Hannover Langenhagen,3,123.0,123.0
10.0,0.9,Hermes,Hermes LC Hannover Langenhagen,4,112.0,112.0
10.0,0.9,Hermes,Hermes LC Hannover Langenhagen,5,83.0,83.0
10.0,0.9,UPS,UPS Depot Hannover,0,100.0,100.0
10.0,0.9,UPS,UPS Depot Hannover,1,108.0,108.0
10.0,0.9,UPS,UPS Depot Hannover,2,118.0,118.0
10.0,0.9,UPS,UPS Depot Hannover,3,114.0,114.0
10.0,0.9,UPS,UPS Depot Hannover,4,95.0,95.0
10.0,0.9,UPS,UPS Depot Hannover,5,78.0,78.0
10.0,1.0,DHL,Brief- und Logistikzentrum in Pattensen (Hannover),0,26.0,26.0
10.0,1.0,DHL,Brief- und Logistikzentrum in Pattensen (Hannover),1,27.0,27.0
10.0,1.0,DHL,Brief- und Logistikzentrum in Pattensen (Hannover),2,28.0,28.0
10.0,1.0,DHL,Brief- und Logistikzentrum in Pattensen (Hannover),3,27.0,27.0
10.0,1.0,DHL,Brief- und Logistikzentrum in Pattensen (Hannover),4,24.0,24.0
10.0,1.0,DHL,Brief- und Logistikzentrum in Pattensen (Hannover),5,18.0,18.0
10.0,1.0,DHL,"Deutsche Post, Bantorf",0,10.0,10.0
10.0,1.0,DHL,"Deutsche Post, Bantorf",1,11.0,11.0
10.0,1.0,DHL,"Deutsche Post, Bantorf",2,13.0,13.0
10.0,1.0,DHL,"Deutsche Post, Bantorf",3,12.0,12.0
10.0,1.0,DHL,"Deutsche Post, Bantorf",4,10.0,10.0
10.0,1.0,DHL,"Deutsche Post, Bantorf",5,8.0,8.0
10.0,1.0,DHL,"Deutsche Post, Bissendorf",0,44.0,44.0
10.0,1.0,DHL,"Deutsche Post, Bissendorf",1,48.0,48.0
10.0,1.0,DHL,"Deutsche Post, Bissendorf",2,53.0,53.0
10.0,1.0,DHL,"Deutsche Post, Bissendorf",3,49.0,49.0
10.0,1.0,DHL,"Deutsche Post, Bissendorf",4,41.0,41.0
10.0,1.0,DHL,"Deutsche Post, Bissendorf",5,32.0,32.0
10.0,1.0,DHL,"Deutsche Post, Burgdorf",0,10.0,10.0
10.0,1.0,DHL,"Deutsche Post, Burgdorf",1,10.0,10.0
10.0,1.0,DHL,"Deutsche Post, Burgdorf",2,12.0,12.0
10.0,1.0,DHL,"Deutsche Post, Burgdorf",3,11.0,11.0
10.0,1.0,DHL,"Deutsche Post, Burgdorf",4,9.0,9.0
10.0,1.0,DHL,"Deutsche Post, Burgdorf",5,7.0,7.0
10.0,1.0,DHL,"Deutsche Post, Garbsen",0,12.0,12.0
10.0,1.0,DHL,"Deutsche Post, Garbsen",1,13.0,13.0
10.0,1.0,DHL,"Deutsche Post, Garbsen",2,15.0,15.0
10.0,1.0,DHL,"Deutsche Post, Garbsen",3,15.0,15.0
10.0,1.0,DHL,"Deutsche Post, Garbsen",4,12.0,12.0
10.0,1.0,DHL,"Deutsche Post, Garbsen",5,10.0,10.0
10.0,1.0,DHL,"Deutsche Post, Lehrte",0,14.0,14.0
10.0,1.0,DHL,"Deutsche Post, Lehrte",1,15.0,15.0
10.0,1.0,DHL,"Deutsche Post, Lehrte",2,17.0,17.0
10.0,1.0,DHL,"Deutsche Post, Lehrte",3,15.0,15.0
10.0,1.0,DHL,"Deutsche Post, Lehrte",4,13.0,13.0
10.0,1.0,DHL,"Deutsche Post, Lehrte",5,10.0,10.0
10.0,1.0,DHL,"Deutsche Post, Neustadt",0,13.0,13.0
10.0,1.0,DHL,"Deutsche Post, Neustadt",1,15.0,15.0
10.0,1.0,DHL,"Deutsche Post, Neustadt",2,16.0,16.0
10.0,1.0,DHL,"Deutsche Post, Neustadt",3,15.0,15.0
10.0,1.0,DHL,"Deutsche Post, Neustadt",4,13.0,13.0
10.0,1.0,DHL,"Deutsche Post, Neustadt",5,10.0,10.0
10.0,1.0,DHL,"Deutsche Post, Springe",0,9.0,9.0
10.0,1.0,DHL,"Deutsche Post, Springe",1,9.0,9.0
10.0,1.0,DHL,"Deutsche Post, Springe",2,11.0,11.0
10.0,1.0,DHL,"Deutsche Post, Springe",3,10.0,10.0
10.0,1.0,DHL,"Deutsche Post, Springe",4,9.0,9.0
10.0,1.0,DHL,"Deutsche Post, Springe",5,7.0,7.0
10.0,1.0,DHL,"Deutsche Post, Wunstorf",0,15.0,15.0
10.0,1.0,DHL,"Deutsche Post, Wunstorf",1,15.0,15.0
10.0,1.0,DHL,"Deutsche Post, Wunstorf",2,16.0,16.0
10.0,1.0,DHL,"Deutsche Post, Wunstorf",3,16.0,16.0
10.0,1.0,DHL,"Deutsche Post, Wunstorf",4,14.0,14.0
10.0,1.0,DHL,"Deutsche Post, Wunstorf",5,11.0,11.0
10.0,1.0,DHL,Dummy Seelze,0,17.0,17.0
10.0,1.0,DHL,Dummy Seelze,1,19.0,19.0
10.0,1.0,DHL,Dummy Seelze,2,21.0,21.0
10.0,1.0,DHL,Dummy Seelze,3,20.0,20.0
10.0,1.0,DHL,Dummy Seelze,4,17.0,17.0
10.0,1.0,DHL,Dummy Seelze,5,13.0,13.0
10.0,1.0,DHL,Dummy Sehnde,0,9.0,9.0
10.0,1.0,DHL,Dummy Sehnde,1,9.0,9.0
10.0,1.0,DHL,Dummy Sehnde,2,10.0,10.0
10.0,1.0,DHL,Dummy Sehnde,3,9.0,9.0
10.0,1.0,DHL,Dummy Sehnde,4,8.0,8.0
10.0,1.0,DHL,Dummy Sehnde,5,6.0,6.0
10.0,1.0,DHL,Dummy Uetze,0,7.0,7.0
10.0,1.0,DHL,Dummy Uetze,1,7.0,7.0
10.0,1.0,DHL,Dummy Uetze,2,7.0,7.0
10.0,1.0,DHL,Dummy Uetze,3,8.0,8.0
10.0,1.0,DHL,Dummy Uetze,4,6.0,6.0
10.0,1.0,DHL,Dummy Uetze,5,5.0,5.0
10.0,1.0,DHL,Dummy Wennigsen,0,11.0,11.0
10.0,1.0,DHL,Dummy Wennigsen,1,12.0,12.0
10.0,1.0,DHL,Dummy Wennigsen,2,12.0,12.0
10.0,1.0,DHL,Dummy Wennigsen,3,12.0,12.0
10.0,1.0,DHL,Dummy Wennigsen,4,10.0,10.0
10.0,1.0,DHL,Dummy Wennigsen,5,8.0,8.0
10.0,1.0,DHL,Paketzentrum / Zustellbasis Anderten,0,40.0,40.0
10.0,1.0,DHL,Paketzentrum / Zustellbasis Anderten,1,44.0,44.0
10.0,1.0,DHL,Paketzentrum / Zustellbasis Anderten,2,47.0,47.0
10.0,1.0,DHL,Paketzentrum / Zustellbasis Anderten,3,44.0,44.0
10.0,1.0,DHL,Paketzentrum / Zustellbasis Anderten,4,39.0,39.0
10.0,1.0,DHL,Paketzentrum / Zustellbasis Anderten,5,31.0,31.0
10.0,1.0,DHL,Zustellbasis Hannover am Güterbahnhof,0,102.0,102.0
10.0,1.0,DHL,Zustellbasis Hannover am Güterbahnhof,1,107.0,107.0
10.0,1.0,DHL,Zustellbasis Hannover am Güterbahnhof,2,122.0,122.0
10.0,1.0,DHL,Zustellbasis Hannover am Güterbahnhof,3,115.0,115.0
10.0,1.0,DHL,Zustellbasis Hannover am Güterbahnhof,4,97.0,97.0
10.0,1.0,DHL,Zustellbasis Hannover am Güterbahnhof,5,75.0,75.0
10.0,1.0,DHL,Zustellbasis Hannover-Süd,0,55.0,55.0
10.0,1.0,DHL,Zustellbasis Hannover-Süd,1,58.0,58.0
10.0,1.0,DHL,Zustellbasis Hannover-Süd,2,67.0,67.0
10.0,1.0,DHL,Zustellbasis Hannover-Süd,3,64.0,64.0
10.0,1.0,DHL,Zustellbasis Hannover-Süd,4,52.0,52.0
10.0,1.0,DHL,Zustellbasis Hannover-Süd,5,41.0,41.0
10.0,1.0,Amazon,Amazon Logistics HAJ8 in Garbsen,0,189.0,189.0
10.0,1.0,Amazon,Amazon Logistics HAJ8 in Garbsen,1,200.0,200.0
10.0,1.0,Amazon,Amazon Logistics HAJ8 in Garbsen,2,217.0,217.0
10.0,1.0,Amazon,Amazon Logistics HAJ8 in Garbsen,3,209.0,209.0
10.0,1.0,Amazon,Amazon Logistics HAJ8 in Garbsen,4,176.0,176.0
10.0,1.0,Amazon,Amazon Logistics HAJ8 in Garbsen,5,138.0,138.0
10.0,1.0,DPD,DPD Paketzentrum in Lehrte,0,93.0,93.0
10.0,1.0,DPD,DPD Paketzentrum in Lehrte,1,104.0,104.0
10.0,1.0,DPD,DPD Paketzentrum in Lehrte,2,118.0,118.0
10.0,1.0,DPD,DPD Paketzentrum in Lehrte,3,111.0,111.0
10.0,1.0,DPD,DPD Paketzentrum in Lehrte,4,90.0,90.0
10.0,1.0,DPD,DPD Paketzentrum in Lehrte,5,72.0,72.0
10.0,1.0,FedEx,FedEx Station - Heinz-Peter-Piper Str.,0,84.0,84.0
10.0,1.0,FedEx,FedEx Station - Heinz-Peter-Piper Str.,1,86.0,86.0
10.0,1.0,FedEx,FedEx Station - Heinz-Peter-Piper Str.,2,97.0,97.0
10.0,1.0,FedEx,FedEx Station - Heinz-Peter-Piper Str.,3,91.0,91.0
10.0,1.0,FedEx,FedEx Station - Heinz-Peter-Piper Str.,4,82.0,82.0
10.0,1.0,FedEx,FedEx Station - Heinz-Peter-Piper Str.,5,66.0,66.0
10.0,1.0,GLS,GLS in Hannover Laatzen,0,82.0,82.0
10.0,1.0,GLS,GLS in Hannover Laatzen,1,83.0,83.0
10.0,1.0,GLS,GLS in Hannover Laatzen,2,95.0,95.0
10.0,1.0,GLS,GLS in Hannover Laatzen,3,91.0,91.0
10.0,1.0,GLS,GLS in Hannover Laatzen,4,76.0,76.0
10.0,1.0,GLS,GLS in Hannover Laatzen,5,65.0,65.0
10.0,1.0,Hermes,Hermes LC Hannover Langenhagen,0,116.0,116.0
10.0,1.0,Hermes,Hermes LC Hannover Langenhagen,1,120.0,120.0
10.0,1.0,Hermes,Hermes LC Hannover Langenhagen,2,127.0,127.0
10.0,1.0,Hermes,Hermes LC Hannover Langenhagen,3,123.0,123.0
10.0,1.0,Hermes,Hermes LC Hannover Langenhagen,4,112.0,112.0
10.0,1.0,Hermes,Hermes LC Hannover Langenhagen,5,83.0,83.0
10.0,1.0,UPS,UPS Depot Hannover,0,100.0,100.0
10.0,1.0,UPS,UPS Depot Hannover,1,108.0,108.0
10.0,1.0,UPS,UPS Depot Hannover,2,118.0,118.0
10.0,1.0,UPS,UPS Depot Hannover,3,114.0,114.0
10.0,1.0,UPS,UPS Depot Hannover,4,95.0,95.0
10.0,1.0,UPS,UPS Depot Hannover,5,78.0,78.0
