provider,hub,day,mode,n_plz,n_parcels,area_km2,parcels_per_km2,cost,in_distribution,window,fast_share,share_willing
Amazon,Amazon Logistics HAJ8 in Garbsen,0,bundled,1,94,159.38246951696127,0.5897762801949599,407.32423454825425,False,2,0.1,0.9
Amazon,Amazon Logistics HAJ8 in Garbsen,0,bundled,1,46,8.305970462175056,5.53818487670785,267.9257866671655,False,2,0.1,0.9
Amazon,Amazon Logistics HAJ8 in Garbsen,1,bundled,1,116,173.55971997363926,0.6683578425778655,393.8958221619008,False,2,0.1,0.9
Amazon,Amazon Logistics HAJ8 in Garbsen,1,bundled,1,69,139.34872865781722,0.4951605993437904,362.3489167180712,False,2,0.1,0.9
Amazon,Amazon Logistics HAJ8 in Garbsen,2,standalone,1,171,357.6158854957556,0.478166678090785,526.1397518690557,False,2,0.1,0.9
Amazon,Amazon Logistics HAJ8 in Garbsen,2,bundled,1,116,59.876286869182046,1.9373278816276178,353.9770433564306,False,2,0.1,0.9
Amazon,Amazon Logistics HAJ8 in Garbsen,2,bundled,1,96,153.22446344831192,0.6265318072553357,353.3900407258777,False,2,0.1,0.9
Amazon,Amazon Logistics HAJ8 in Garbsen,3,bundled,1,120,173.55971997363926,0.6914046647357229,380.4071263040202,False,2,0.1,0.9
Amazon,Amazon Logistics HAJ8 in Garbsen,3,bundled,1,102,159.38246951696127,0.639970006168999,417.5485523747217,False,2,0.1,0.9
Amazon,Amazon Logistics HAJ8 in Garbsen,3,bundled,1,85,139.34872865781722,0.6099804484669882,383.99608534773677,False,2,0.1,0.9
Amazon,Amazon Logistics HAJ8 in Garbsen,4,bundled,1,139,357.6158854957556,0.38868519447145683,475.299686706304,False,2,0.1,0.9
Amazon,Amazon Logistics HAJ8 in Garbsen,4,bundled,1,83,153.22446344831192,0.5416889583561757,348.5910826605532,False,2,0.1,0.9
Amazon,Amazon Logistics HAJ8 in Garbsen,4,bundled,1,81,101.18549289373648,0.800510010709391,338.118870470455,False,2,0.1,0.9
Amazon,Amazon Logistics HAJ8 in Garbsen,5,bundled,1,78,173.55971997363926,0.44941303207821987,362.81683023364144,False,2,0.1,0.9
Amazon,Amazon Logistics HAJ8 in Garbsen,5,bundled,1,68,112.90680951768702,0.6022665974752187,331.33270837195323,False,2,0.1,0.9
Amazon,Amazon Logistics HAJ8 in Garbsen,5,bundled,1,45,139.34872865781722,0.3229308256589938,354.68875315699233,False,2,0.1,0.9
DPD,DPD Paketzentrum in Lehrte,0,bundled,1,41,53.8021301528445,0.762051611776794,324.9062199818085,False,2,0.1,0.9
DPD,DPD Paketzentrum in Lehrte,0,bundled,1,40,102.53407734275534,0.3901142043370252,351.0183078479575,False,2,0.1,0.9
DPD,DPD Paketzentrum in Lehrte,0,bundled,1,26,139.34872865781722,0.1865822548251964,303.8921651323163,False,2,0.1,0.9
DPD,DPD Paketzentrum in Lehrte,0,bundled,2,40,73.65098163595901,0.5431020620704203,336.14423111595926,False,2,0.1,0.9
DPD,DPD Paketzentrum in Lehrte,1,bundled,1,61,125.18180774883541,0.4872912533935467,385.14753591388575,False,2,0.1,0.9
DPD,DPD Paketzentrum in Lehrte,1,bundled,1,61,357.6158854957556,0.17057407814934436,459.4671706685773,False,2,0.1,0.9
DPD,DPD Paketzentrum in Lehrte,1,bundled,1,46,173.55971997363926,0.2650384548153604,348.1227325588235,False,2,0.1,0.9
DPD,DPD Paketzentrum in Lehrte,1,bundled,1,40,112.90680951768702,0.3542744691030698,279.1758894084309,False,2,0.1,0.9
DPD,DPD Paketzentrum in Lehrte,1,bundled,1,25,56.38950461206911,0.44334491271003684,321.1652457270377,False,2,0.1,0.9
DPD,DPD Paketzentrum in Lehrte,1,bundled,1,21,53.82702268136371,0.390138613541981,329.1592774496613,False,2,0.1,0.9
DPD,DPD Paketzentrum in Lehrte,2,bundled,1,68,129.47251256919432,0.5252080047775283,316.63507567743454,False,2,0.1,0.9
DPD,DPD Paketzentrum in Lehrte,2,bundled,1,52,102.53407734275534,0.5071484656381328,351.8420723040228,False,2,0.1,0.9
DPD,DPD Paketzentrum in Lehrte,2,bundled,1,47,53.8021301528445,0.8735713598416908,328.1793540677306,False,2,0.1,0.9
DPD,DPD Paketzentrum in Lehrte,2,bundled,1,41,153.22446344831192,0.2675812926819663,298.0621542003581,False,2,0.1,0.9
DPD,DPD Paketzentrum in Lehrte,2,bundled,1,41,159.38246951696127,0.2572428456169506,375.61306666033914,False,2,0.1,0.9
DPD,DPD Paketzentrum in Lehrte,2,bundled,1,30,139.34872865781722,0.21528721710599585,303.5857306973842,False,2,0.1,0.9
DPD,DPD Paketzentrum in Lehrte,2,bundled,2,44,18.245999319248725,2.411487539275634,277.8684983788594,False,2,0.1,0.9
DPD,DPD Paketzentrum in Lehrte,2,bundled,1,23,7.274391190340525,3.1617766213262084,274.525281333271,False,2,0.1,0.9
DPD,DPD Paketzentrum in Lehrte,2,bundled,2,44,74.98913244511685,0.5867516874155436,333.36103185699176,False,2,0.1,0.9
DPD,DPD Paketzentrum in Lehrte,3,bundled,1,62,125.18180774883541,0.4952796345967196,379.8689591697977,False,2,0.1,0.9
DPD,DPD Paketzentrum in Lehrte,3,bundled,1,62,357.6158854957556,0.17337037451244836,461.0370782762136,False,2,0.1,0.9
DPD,DPD Paketzentrum in Lehrte,3,bundled,1,48,173.55971997363926,0.27656186589428916,347.8850394739315,False,2,0.1,0.9
DPD,DPD Paketzentrum in Lehrte,3,bundled,1,42,112.90680951768702,0.3719881925582233,277.9588438054383,False,2,0.1,0.9
DPD,DPD Paketzentrum in Lehrte,3,bundled,1,35,101.18549289373648,0.345899387343564,267.5790946895632,False,2,0.1,0.9
DPD,DPD Paketzentrum in Lehrte,3,bundled,1,33,37.755537878390655,0.8740439642600752,322.3332859692406,False,2,0.1,0.9
DPD,DPD Paketzentrum in Lehrte,3,bundled,1,29,56.38950461206911,0.5142800987436428,319.37584410353975,False,2,0.1,0.9
DPD,DPD Paketzentrum in Lehrte,3,bundled,1,24,6.967819653017212,3.444406025865996,289.91767332941515,False,2,0.1,0.9
DPD,DPD Paketzentrum in Lehrte,3,bundled,1,23,53.82702268136371,0.42729467197455057,328.6621004971341,False,2,0.1,0.9
DPD,DPD Paketzentrum in Lehrte,3,bundled,1,23,43.13135688268341,0.5332547284000275,321.813723749875,False,2,0.1,0.9
DPD,DPD Paketzentrum in Lehrte,4,bundled,1,39,102.53407734275534,0.38036134922859954,342.6824368342127,False,2,0.1,0.9
DPD,DPD Paketzentrum in Lehrte,4,bundled,1,34,153.22446344831192,0.22189668173626473,293.7937518577435,False,2,0.1,0.9
DPD,DPD Paketzentrum in Lehrte,4,bundled,1,34,159.38246951696127,0.21332333538966633,353.23920643639855,False,2,0.1,0.9
DPD,DPD Paketzentrum in Lehrte,4,bundled,1,24,139.34872865781722,0.17222977368479667,309.1903963812846,False,2,0.1,0.9
DPD,DPD Paketzentrum in Lehrte,4,bundled,1,23,10.610683695060029,2.1676265791155394,297.03397171242375,False,2,0.1,0.9
DPD,DPD Paketzentrum in Lehrte,5,bundled,1,42,125.18180774883541,0.33551201053326163,363.01775202428644,False,2,0.1,0.9
DPD,DPD Paketzentrum in Lehrte,5,bundled,1,38,357.6158854957556,0.10625926179795223,429.36054469208943,False,2,0.1,0.9
DPD,DPD Paketzentrum in Lehrte,5,bundled,1,31,59.876286869182046,0.517734175262553,289.10063980094185,False,2,0.1,0.9
DPD,DPD Paketzentrum in Lehrte,5,bundled,1,30,173.55971997363926,0.17285116618393073,328.6560998069612,False,2,0.1,0.9
DPD,DPD Paketzentrum in Lehrte,5,bundled,1,27,112.90680951768702,0.23913526664457213,270.0588096004049,False,2,0.1,0.9
DPD,DPD Paketzentrum in Lehrte,5,bundled,1,22,101.18549289373648,0.21742247204452597,266.51318534171867,False,2,0.1,0.9
DPD,DPD Paketzentrum in Lehrte,5,bundled,1,20,56.38950461206911,0.35467593016802945,322.6047029566784,False,2,0.1,0.9
FedEx,FedEx Station - Heinz-Peter-Piper Str.,0,bundled,1,18,357.6158854957556,0.050333334535872104,358.7379037157086,False,2,0.1,0.9
FedEx,FedEx Station - Heinz-Peter-Piper Str.,0,bundled,1,14,173.55971997363926,0.080663877552501,277.87699239238907,False,2,0.1,0.9
FedEx,FedEx Station - Heinz-Peter-Piper Str.,0,bundled,1,12,102.53407734275534,0.11703426130110756,309.0843117943311,False,2,0.1,0.9
FedEx,FedEx Station - Heinz-Peter-Piper Str.,0,bundled,1,11,112.90680951768702,0.0974254790033442,317.4790776209651,False,2,0.1,0.9
FedEx,FedEx Station - Heinz-Peter-Piper Str.,0,bundled,1,10,159.38246951696127,0.06274215746754892,340.35226208388906,False,2,0.1,0.9
FedEx,FedEx Station - Heinz-Peter-Piper Str.,0,bundled,1,5,6.967819653017212,0.7175845887220825,277.7831601008144,False,2,0.1,0.9
FedEx,FedEx Station - Heinz-Peter-Piper Str.,1,bundled,1,12,53.8021301528445,0.22303949612979337,288.72407449911884,False,2,0.1,0.9
FedEx,FedEx Station - Heinz-Peter-Piper Str.,2,bundled,1,26,125.18180774883541,0.2076979112824953,316.9993108023539,False,2,0.1,0.9
FedEx,FedEx Station - Heinz-Peter-Piper Str.,2,bundled,1,22,357.6158854957556,0.061518519988288126,366.3432524046186,False,2,0.1,0.9
FedEx,FedEx Station - Heinz-Peter-Piper Str.,2,bundled,1,19,173.55971997363926,0.1094724052498228,281.3681162005385,False,2,0.1,0.9
FedEx,FedEx Station - Heinz-Peter-Piper Str.,2,bundled,1,12,159.38246951696127,0.07529058896105871,336.30437949955,False,2,0.1,0.9
FedEx,FedEx Station - Heinz-Peter-Piper Str.,3,bundled,1,15,102.53407734275534,0.14629282662638443,311.683910306107,False,2,0.1,0.9
FedEx,FedEx Station - Heinz-Peter-Piper Str.,3,bundled,1,14,112.90680951768702,0.12399606418607444,312.82097454915083,False,2,0.1,0.9
FedEx,FedEx Station - Heinz-Peter-Piper Str.,3,bundled,1,13,53.8021301528445,0.24162612080727616,288.80867214263503,False,2,0.1,0.9
FedEx,FedEx Station - Heinz-Peter-Piper Str.,3,bundled,1,6,66.6831619829418,0.08997773683159864,321.9645190362912,False,2,0.1,0.9
FedEx,FedEx Station - Heinz-Peter-Piper Str.,4,bundled,1,21,125.18180774883541,0.16775600526663081,313.4743679752172,False,2,0.1,0.9
FedEx,FedEx Station - Heinz-Peter-Piper Str.,4,bundled,1,18,129.47251256919432,0.13902564832346337,331.26152957002114,False,2,0.1,0.9
FedEx,FedEx Station - Heinz-Peter-Piper Str.,4,bundled,1,18,357.6158854957556,0.050333334535872104,362.09763918391195,False,2,0.1,0.9
FedEx,FedEx Station - Heinz-Peter-Piper Str.,4,bundled,1,14,173.55971997363926,0.080663877552501,276.1356258670014,False,2,0.1,0.9
FedEx,FedEx Station - Heinz-Peter-Piper Str.,4,bundled,1,9,159.38246951696127,0.05646794172079403,316.5886303910919,False,2,0.1,0.9
FedEx,FedEx Station - Heinz-Peter-Piper Str.,4,bundled,1,7,12.528872220645557,0.5587095052709637,269.1941486714447,False,2,0.1,0.9
FedEx,FedEx Station - Heinz-Peter-Piper Str.,4,bundled,1,6,6.068989648841514,0.9886324326068535,285.01761765857054,False,2,0.1,0.9
FedEx,FedEx Station - Heinz-Peter-Piper Str.,4,bundled,1,6,101.18549289373648,0.059297037830325264,304.7906023435163,False,2,0.1,0.9
FedEx,FedEx Station - Heinz-Peter-Piper Str.,4,bundled,1,5,139.34872865781722,0.03588120285099931,309.3598219043836,False,2,0.1,0.9
FedEx,FedEx Station - Heinz-Peter-Piper Str.,5,bundled,1,4,66.6831619829418,0.05998515788773242,321.03673692988565,False,2,0.1,0.9
GLS,GLS in Hannover Laatzen,0,bundled,1,54,125.18180774883541,0.4313725849713364,405.38698618394614,False,2,0.1,0.9
GLS,GLS in Hannover Laatzen,0,bundled,1,51,129.47251256919432,0.3939060035831462,333.0829388343571,False,2,0.1,0.9
GLS,GLS in Hannover Laatzen,0,bundled,1,44,6.17992293720077,7.119829882527636,263.61146390737366,False,2,0.1,0.9
GLS,GLS in Hannover Laatzen,0,bundled,1,43,33.960996603727956,1.2661583669567522,259.4413349838985,False,2,0.1,0.9
GLS,GLS in Hannover Laatzen,0,bundled,1,41,173.55971997363926,0.23622992711803864,377.0088975546969,False,2,0.1,0.9
GLS,GLS in Hannover Laatzen,0,bundled,2,55,105.6480017954583,0.5205966896229967,306.1440331977656,False,2,0.1,0.9
GLS,GLS in Hannover Laatzen,0,bundled,2,51,46.91279683713068,1.0871234170296658,279.1956267960291,False,2,0.1,0.9
GLS,GLS in Hannover Laatzen,0,bundled,2,51,171.18111433433978,0.29793006195993166,382.1692984241489,False,2,0.1,0.9
GLS,GLS in Hannover Laatzen,1,bundled,1,58,357.6158854957556,0.16218518906003235,476.5435180198879,False,2,0.1,0.9
GLS,GLS in Hannover Laatzen,1,bundled,1,42,102.53407734275534,0.4096199145538764,332.2331953899801,False,2,0.1,0.9
GLS,GLS in Hannover Laatzen,1,bundled,1,37,112.90680951768702,0.32770388392033956,314.55396420134207,False,2,0.1,0.9
GLS,GLS in Hannover Laatzen,1,bundled,1,32,153.22446344831192,0.20884393575177856,308.90891481329714,False,2,0.1,0.9
GLS,GLS in Hannover Laatzen,1,bundled,1,22,19.21423828970633,1.1449842386823157,253.67301626501424,False,2,0.1,0.9
GLS,GLS in Hannover Laatzen,1,bundled,1,21,66.6831619829418,0.3149220789105952,269.87888994202206,False,2,0.1,0.9
GLS,GLS in Hannover Laatzen,2,bundled,1,61,125.18180774883541,0.4872912533935467,391.90946632681187,False,2,0.1,0.9
GLS,GLS in Hannover Laatzen,2,bundled,1,51,173.55971997363926,0.2938469825126822,378.87862399406924,False,2,0.1,0.9
GLS,GLS in Hannover Laatzen,2,bundled,1,45,33.960996603727956,1.3250494537919502,255.19242029604658,False,2,0.1,0.9
GLS,GLS in Hannover Laatzen,2,bundled,1,44,53.8021301528445,0.8178114858092423,325.91721854514276,False,2,0.1,0.9
GLS,GLS in Hannover Laatzen,2,bundled,1,31,37.755537878390655,0.8210716027897677,289.47178939915455,False,2,0.1,0.9
GLS,GLS in Hannover Laatzen,2,bundled,2,53,38.800205329539764,1.3659721527207873,283.37920844360985,False,2,0.1,0.9
GLS,GLS in Hannover Laatzen,2,bundled,2,51,145.41771830665874,0.3507137960482267,377.19262493120783,False,2,0.1,0.9
GLS,GLS in Hannover Laatzen,3,bundled,1,58,129.47251256919432,0.4479715334867153,327.4062270431507,False,2,0.1,0.9
GLS,GLS in Hannover Laatzen,3,bundled,1,58,357.6158854957556,0.16218518906003235,483.54864559323244,False,2,0.1,0.9
GLS,GLS in Hannover Laatzen,3,bundled,1,47,102.53407734275534,0.45838419009600456,332.6715186769213,False,2,0.1,0.9
GLS,GLS in Hannover Laatzen,3,bundled,1,40,112.90680951768702,0.3542744691030698,323.81283793210446,False,2,0.1,0.9
GLS,GLS in Hannover Laatzen,3,bundled,1,38,159.38246951696127,0.2384201983766859,327.7368058764483,False,2,0.1,0.9
GLS,GLS in Hannover Laatzen,3,bundled,1,35,101.18549289373648,0.345899387343564,274.70910131695297,False,2,0.1,0.9
GLS,GLS in Hannover Laatzen,3,bundled,1,33,153.22446344831192,0.21537030874402166,308.49935869464286,False,2,0.1,0.9
GLS,GLS in Hannover Laatzen,3,bundled,1,24,19.21423828970633,1.2490737149261624,253.0254758892952,False,2,0.1,0.9
GLS,GLS in Hannover Laatzen,3,bundled,1,24,12.670949194485747,1.8940964588860105,281.9126021492832,False,2,0.1,0.9
GLS,GLS in Hannover Laatzen,3,bundled,1,24,10.610683695060029,2.261871212990128,312.1898386633666,False,2,0.1,0.9
GLS,GLS in Hannover Laatzen,4,bundled,1,50,125.18180774883541,0.3994190601586448,388.3034329613034,False,2,0.1,0.9
GLS,GLS in Hannover Laatzen,4,bundled,1,38,173.55971997363926,0.2189448104996456,355.3126305055479,False,2,0.1,0.9
GLS,GLS in Hannover Laatzen,4,bundled,1,34,59.876286869182046,0.567837482546026,317.1367049729239,False,2,0.1,0.9
GLS,GLS in Hannover Laatzen,4,bundled,2,36,41.145923401958186,0.8749347936200823,297.87135829363035,False,2,0.1,0.9
GLS,GLS in Hannover Laatzen,4,bundled,1,25,31.832385676522556,0.7853636938823072,273.10841683314885,False,2,0.1,0.9
GLS,GLS in Hannover Laatzen,4,bundled,2,44,151.87760087846277,0.2897069728880573,395.3419689087711,False,2,0.1,0.9
GLS,GLS in Hannover Laatzen,5,bundled,1,36,357.6158854957556,0.10066666907174421,443.0588301853188,False,2,0.1,0.9
GLS,GLS in Hannover Laatzen,5,bundled,1,28,53.8021301528445,0.5204254909695178,334.26146504025814,False,2,0.1,0.9
GLS,GLS in Hannover Laatzen,5,bundled,1,27,102.53407734275534,0.263327087927492,311.5125626767794,False,2,0.1,0.9
GLS,GLS in Hannover Laatzen,5,bundled,1,25,112.90680951768702,0.22142154318941865,312.75597046890186,False,2,0.1,0.9
GLS,GLS in Hannover Laatzen,5,bundled,1,25,159.38246951696127,0.1568553936688723,317.8321391535051,False,2,0.1,0.9
GLS,GLS in Hannover Laatzen,5,bundled,1,22,153.22446344831192,0.14358020582934777,302.91767811083105,False,2,0.1,0.9
GLS,GLS in Hannover Laatzen,5,bundled,1,17,56.38950461206911,0.30147454064282503,347.33129207395166,False,2,0.1,0.9
Hermes,Hermes LC Hannover Langenhagen,0,bundled,1,79,125.18180774883541,0.6310821150506588,352.1537555577181,False,2,0.1,0.9
Hermes,Hermes LC Hannover Langenhagen,0,bundled,1,57,102.53407734275534,0.5559127411802609,326.30443891605944,False,2,0.1,0.9
Hermes,Hermes LC Hannover Langenhagen,0,bundled,1,49,101.18549289373648,0.48425914228098965,318.37460607577066,False,2,0.1,0.9
Hermes,Hermes LC Hannover Langenhagen,1,bundled,1,86,357.6158854957556,0.2404814872269445,445.1917590525443,False,2,0.1,0.9
Hermes,Hermes LC Hannover Langenhagen,1,bundled,1,81,129.47251256919432,0.6256154174555851,378.8982976105972,False,2,0.1,0.9
Hermes,Hermes LC Hannover Langenhagen,1,bundled,1,53,112.90680951768702,0.4694136715615675,312.8498803404397,False,2,0.1,0.9
Hermes,Hermes LC Hannover Langenhagen,1,bundled,1,51,159.38246951696127,0.3199850030844995,378.2339036026953,False,2,0.1,0.9
Hermes,Hermes LC Hannover Langenhagen,1,bundled,1,46,153.22446344831192,0.3002131576431817,310.8978939321721,False,2,0.1,0.9
Hermes,Hermes LC Hannover Langenhagen,1,bundled,1,29,53.82702268136371,0.5387628472722594,321.5017988420132,False,2,0.1,0.9
Hermes,Hermes LC Hannover Langenhagen,2,bundled,1,75,173.55971997363926,0.4321279154598268,340.6880331529529,False,2,0.1,0.9
Hermes,Hermes LC Hannover Langenhagen,2,bundled,1,74,102.53407734275534,0.7217112780234965,326.08258745848366,False,2,0.1,0.9
Hermes,Hermes LC Hannover Langenhagen,2,bundled,1,58,101.18549289373648,0.5732046990264775,323.4171744334167,False,2,0.1,0.9
Hermes,Hermes LC Hannover Langenhagen,2,bundled,1,48,37.755537878390655,1.2713366752873823,320.1495942761288,False,2,0.1,0.9
Hermes,Hermes LC Hannover Langenhagen,2,bundled,1,41,139.34872865781722,0.29422586337819434,343.46404106822905,False,2,0.1,0.9
Hermes,Hermes LC Hannover Langenhagen,3,bundled,1,89,357.6158854957556,0.24887037631625653,444.6238055702198,False,2,0.1,0.9
Hermes,Hermes LC Hannover Langenhagen,3,bundled,1,86,129.47251256919432,0.6642336531009916,383.7506625559706,False,2,0.1,0.9
Hermes,Hermes LC Hannover Langenhagen,3,bundled,1,85,125.18180774883541,0.6790124022696962,343.1032256484106,False,2,0.1,0.9
Hermes,Hermes LC Hannover Langenhagen,3,bundled,1,58,112.90680951768702,0.5136979801994512,332.0336779070806,False,2,0.1,0.9
Hermes,Hermes LC Hannover Langenhagen,3,bundled,1,56,159.38246951696127,0.351356081818274,382.0400425869308,False,2,0.1,0.9
Hermes,Hermes LC Hannover Langenhagen,3,bundled,1,50,153.22446344831192,0.326318649612154,313.82359879425485,False,2,0.1,0.9
Hermes,Hermes LC Hannover Langenhagen,3,bundled,1,31,53.82702268136371,0.5759189057048291,322.5725036141032,False,2,0.1,0.9
Hermes,Hermes LC Hannover Langenhagen,4,bundled,1,56,102.53407734275534,0.5461598860718353,327.84263231990224,False,2,0.1,0.9
Hermes,Hermes LC Hannover Langenhagen,4,bundled,1,46,101.18549289373648,0.454610623365827,318.9267900434175,False,2,0.1,0.9
Hermes,Hermes LC Hannover Langenhagen,4,bundled,1,32,56.38950461206911,0.5674814882688471,287.02412380379394,False,2,0.1,0.9
Hermes,Hermes LC Hannover Langenhagen,4,bundled,1,32,139.34872865781722,0.22963969824639557,343.64820625949864,False,2,0.1,0.9
Hermes,Hermes LC Hannover Langenhagen,4,bundled,1,26,43.13135688268341,0.6028096929739442,295.6354188677958,False,2,0.1,0.9
Hermes,Hermes LC Hannover Langenhagen,4,bundled,1,25,66.6831619829418,0.37490723679832766,314.58558057473897,False,2,0.1,0.9
Hermes,Hermes LC Hannover Langenhagen,5,bundled,1,56,129.47251256919432,0.4325242392285527,375.77070244961453,False,2,0.1,0.9
Hermes,Hermes LC Hannover Langenhagen,5,bundled,1,54,357.6158854957556,0.1510000036076163,404.40998691284506,False,2,0.1,0.9
Hermes,Hermes LC Hannover Langenhagen,5,bundled,1,37,112.90680951768702,0.32770388392033956,327.23753582612113,False,2,0.1,0.9
Hermes,Hermes LC Hannover Langenhagen,5,bundled,1,36,159.38246951696127,0.22587176688317612,369.19246615041055,False,2,0.1,0.9
Hermes,Hermes LC Hannover Langenhagen,5,bundled,1,21,53.82702268136371,0.390138613541981,336.2723935439316,False,2,0.1,0.9
UPS,UPS Depot Hannover,0,bundled,1,17,112.90680951768702,0.15056664936880468,303.42919370807516,False,2,0.1,0.9
UPS,UPS Depot Hannover,0,bundled,1,16,53.8021301528445,0.2973859948397245,282.1071303900026,False,2,0.1,0.9
UPS,UPS Depot Hannover,0,bundled,1,14,31.832385676522556,0.43980366857409203,312.2470718958911,False,2,0.1,0.9
UPS,UPS Depot Hannover,0,bundled,2,23,177.1042665362079,0.12986700122945818,367.1421718660015,False,2,0.1,0.9
UPS,UPS Depot Hannover,1,bundled,1,27,357.6158854957556,0.07550000180380816,380.9792628128531,False,2,0.1,0.9
UPS,UPS Depot Hannover,1,bundled,1,23,173.55971997363926,0.1325192274076802,278.950607876117,False,2,0.1,0.9
UPS,UPS Depot Hannover,1,bundled,1,18,102.53407734275534,0.17555139195166133,313.8464752806077,False,2,0.1,0.9
UPS,UPS Depot Hannover,1,bundled,1,16,159.38246951696127,0.10038745194807829,359.3700956672368,False,2,0.1,0.9
UPS,UPS Depot Hannover,1,bundled,1,14,43.13135688268341,0.3245898346782776,314.2926978985861,False,2,0.1,0.9
UPS,UPS Depot Hannover,2,bundled,1,18,53.8021301528445,0.3345592441946901,286.8091838707528,False,2,0.1,0.9
UPS,UPS Depot Hannover,2,bundled,1,14,101.18549289373648,0.1383597549374256,303.57766783896176,False,2,0.1,0.9
UPS,UPS Depot Hannover,2,bundled,1,12,139.34872865781722,0.08611488684239833,321.4087161958215,False,2,0.1,0.9
UPS,UPS Depot Hannover,3,bundled,1,28,357.6158854957556,0.07829629816691216,374.2856200718312,False,2,0.1,0.9
UPS,UPS Depot Hannover,3,bundled,1,21,102.53407734275534,0.2048099572769382,317.8447205029796,False,2,0.1,0.9
UPS,UPS Depot Hannover,3,bundled,1,20,112.90680951768702,0.1771372345515349,306.1396873021499,False,2,0.1,0.9
UPS,UPS Depot Hannover,3,bundled,1,18,159.38246951696127,0.11293588344158806,361.0547824756614,False,2,0.1,0.9
UPS,UPS Depot Hannover,3,bundled,1,15,12.528872220645557,1.197234654152065,266.7215858577289,False,2,0.1,0.9
UPS,UPS Depot Hannover,3,bundled,1,15,37.755537878390655,0.39729271102730696,318.84077189730834,False,2,0.1,0.9
UPS,UPS Depot Hannover,3,bundled,1,15,31.832385676522556,0.4712182163293843,313.4865043662003,False,2,0.1,0.9
UPS,UPS Depot Hannover,4,bundled,1,30,125.18180774883541,0.23965143609518688,324.435623803311,False,2,0.1,0.9
UPS,UPS Depot Hannover,4,bundled,1,20,173.55971997363926,0.11523411078928715,275.2259586407852,False,2,0.1,0.9
UPS,UPS Depot Hannover,4,bundled,1,15,53.8021301528445,0.2787993701622417,285.8518184274508,False,2,0.1,0.9
UPS,UPS Depot Hannover,4,bundled,1,10,101.18549289373648,0.09882839638387543,298.40904184641306,False,2,0.1,0.9
UPS,UPS Depot Hannover,4,bundled,1,9,139.34872865781722,0.06458616513179875,304.13848990062843,False,2,0.1,0.9
UPS,UPS Depot Hannover,4,bundled,1,8,66.6831619829418,0.11997031577546484,323.4919144028312,False,2,0.1,0.9
UPS,UPS Depot Hannover,5,bundled,1,20,129.47251256919432,0.15447294258162597,329.04634787539266,False,2,0.1,0.9
UPS,UPS Depot Hannover,5,bundled,1,18,357.6158854957556,0.050333334535872104,373.0998150712152,False,2,0.1,0.9
UPS,UPS Depot Hannover,5,bundled,1,12,102.53407734275534,0.11703426130110756,315.9312113317552,False,2,0.1,0.9
UPS,UPS Depot Hannover,5,bundled,1,11,159.38246951696127,0.06901637321430382,341.7030165438281,False,2,0.1,0.9
Amazon,Amazon Logistics HAJ8 in Garbsen,0,standalone,1,217,173.55971997363926,1.2502901020637656,658.9311408026708,False,2,0.2,0.8
Amazon,Amazon Logistics HAJ8 in Garbsen,0,standalone,1,172,153.22446344831192,1.12253615466581,444.9983067736838,False,2,0.2,0.8
Amazon,Amazon Logistics HAJ8 in Garbsen,0,standalone,1,193,112.90680951768702,1.7093743134223118,478.61524611443986,False,2,0.2,0.8
Amazon,Amazon Logistics HAJ8 in Garbsen,0,standalone,1,188,159.38246951696127,1.1795525603899197,552.9076192970927,False,2,0.2,0.8
Amazon,Amazon Logistics HAJ8 in Garbsen,0,bundled,3,293,16.0040665409306,18.307846899452013,602.2828548527642,True,2,0.2,0.8
Amazon,Amazon Logistics HAJ8 in Garbsen,1,standalone,1,221,59.876286869182046,3.6909436365491683,486.19868981389607,False,2,0.2,0.8
Amazon,Amazon Logistics HAJ8 in Garbsen,1,bundled,1,138,139.34872865781722,0.9903211986875808,493.4543131296906,False,2,0.2,0.8
Amazon,Amazon Logistics HAJ8 in Garbsen,2,standalone,1,200,19.484913733542946,10.264351319949824,377.795603233979,True,2,0.2,0.8
Amazon,Amazon Logistics HAJ8 in Garbsen,3,standalone,1,187,153.22446344831192,1.220431749549456,463.75131090143736,False,2,0.2,0.8
Amazon,Amazon Logistics HAJ8 in Garbsen,3,standalone,1,192,101.18549289373648,1.8975052105704084,465.01592776895666,False,2,0.2,0.8
Amazon,Amazon Logistics HAJ8 in Garbsen,4,standalone,1,172,159.38246951696127,1.0791651084418414,531.1510262278357,False,2,0.2,0.8
Amazon,Amazon Logistics HAJ8 in Garbsen,4,bundled,1,114,139.34872865781722,0.8180914250027842,475.901194442138,False,2,0.2,0.8
DPD,DPD Paketzentrum in Lehrte,0,bundled,1,116,125.18180774883541,0.926652219568056,465.0066298619497,False,2,0.2,0.8
DPD,DPD Paketzentrum in Lehrte,0,bundled,1,110,357.6158854957556,0.30759259994144067,559.9841786026882,False,2,0.2,0.8
DPD,DPD Paketzentrum in Lehrte,0,bundled,1,109,129.47251256919432,0.8418775370698615,364.374857111076,False,2,0.2,0.8
DPD,DPD Paketzentrum in Lehrte,0,bundled,1,88,173.55971997363926,0.5070300874728635,397.31070465527813,False,2,0.2,0.8
DPD,DPD Paketzentrum in Lehrte,0,bundled,1,87,23.77191867081394,3.659780314948434,324.6652552371012,False,2,0.2,0.8
DPD,DPD Paketzentrum in Lehrte,0,bundled,1,84,59.876286869182046,1.4028926039372405,324.64093723298265,False,2,0.2,0.8
DPD,DPD Paketzentrum in Lehrte,0,bundled,1,82,5.368928981069905,15.27306475632674,282.83127054919095,False,2,0.2,0.8
DPD,DPD Paketzentrum in Lehrte,0,bundled,1,82,53.8021301528445,1.524103223553588,347.3176038829639,False,2,0.2,0.8
DPD,DPD Paketzentrum in Lehrte,0,bundled,1,79,102.53407734275534,0.7704755535656247,393.90118891096836,False,2,0.2,0.8
DPD,DPD Paketzentrum in Lehrte,0,bundled,1,52,139.34872865781722,0.3731645096503928,323.69338730063305,False,2,0.2,0.8
DPD,DPD Paketzentrum in Lehrte,0,bundled,1,43,43.13135688268341,0.9969544922261384,331.95909190428836,False,2,0.2,0.8
DPD,DPD Paketzentrum in Lehrte,0,bundled,1,42,66.6831619829418,0.6298441578211904,326.6347167189419,False,2,0.2,0.8
DPD,DPD Paketzentrum in Lehrte,0,bundled,2,77,13.036809301858726,5.906353174086983,327.2183821598517,False,2,0.2,0.8
DPD,DPD Paketzentrum in Lehrte,1,bundled,2,82,68.49683239311932,1.1971356504397583,370.0388599481911,False,2,0.2,0.8
DPD,DPD Paketzentrum in Lehrte,2,bundled,1,136,129.47251256919432,1.0504160095550565,402.6725369915704,False,2,0.2,0.8
DPD,DPD Paketzentrum in Lehrte,2,bundled,1,136,357.6158854957556,0.3802963053821448,620.4094095682808,False,2,0.2,0.8
DPD,DPD Paketzentrum in Lehrte,2,bundled,1,135,125.18180774883541,1.078431462428341,509.779567436801,False,2,0.2,0.8
DPD,DPD Paketzentrum in Lehrte,2,bundled,1,105,102.53407734275534,1.0240497863846911,420.29652969360006,False,2,0.2,0.8
DPD,DPD Paketzentrum in Lehrte,2,bundled,1,104,173.55971997363926,0.5992173761042932,423.1215163467389,False,2,0.2,0.8
DPD,DPD Paketzentrum in Lehrte,2,bundled,1,95,112.90680951768702,0.8414018641197908,324.37770936368577,False,2,0.2,0.8
DPD,DPD Paketzentrum in Lehrte,2,bundled,1,94,5.186686836161483,18.123322839665924,294.663400664435,False,2,0.2,0.8
DPD,DPD Paketzentrum in Lehrte,2,bundled,1,94,53.8021301528445,1.7471427196833815,364.29073639533516,False,2,0.2,0.8
DPD,DPD Paketzentrum in Lehrte,2,bundled,1,90,12.113461405690837,7.429750835522413,296.78761866255763,False,2,0.2,0.8
DPD,DPD Paketzentrum in Lehrte,2,bundled,1,82,153.22446344831192,0.5351625853639326,330.13922568756846,False,2,0.2,0.8
DPD,DPD Paketzentrum in Lehrte,2,bundled,1,81,159.38246951696127,0.5082114754871463,427.4025521893477,False,2,0.2,0.8
DPD,DPD Paketzentrum in Lehrte,2,bundled,1,60,139.34872865781722,0.4305744342119917,326.10275716620765,False,2,0.2,0.8
DPD,DPD Paketzentrum in Lehrte,2,bundled,1,47,3.576189607493106,13.142479890194302,259.3603728623425,False,2,0.2,0.8
DPD,DPD Paketzentrum in Lehrte,2,bundled,1,47,43.13135688268341,1.0896944449913606,315.33558288135094,False,2,0.2,0.8
DPD,DPD Paketzentrum in Lehrte,2,bundled,1,46,7.274391190340525,6.323553242652417,282.48364579433115,False,2,0.2,0.8
DPD,DPD Paketzentrum in Lehrte,2,bundled,1,45,66.6831619829418,0.6748330262369897,317.26050981118846,False,2,0.2,0.8
DPD,DPD Paketzentrum in Lehrte,2,bundled,2,88,12.427876933437496,7.080855440661303,305.2299449845582,False,2,0.2,0.8
DPD,DPD Paketzentrum in Lehrte,3,bundled,1,97,59.876286869182046,1.6200069354989564,323.74717436583137,False,2,0.2,0.8
DPD,DPD Paketzentrum in Lehrte,3,bundled,2,115,155.0125155751002,0.7418755806480993,461.2384995282439,False,2,0.2,0.8
DPD,DPD Paketzentrum in Lehrte,3,bundled,2,93,15.831715205598432,5.874284547963143,321.2726741209126,False,2,0.2,0.8
DPD,DPD Paketzentrum in Lehrte,4,bundled,1,112,125.18180774883541,0.8946986947553643,470.9864171491257,False,2,0.2,0.8
DPD,DPD Paketzentrum in Lehrte,4,bundled,1,110,357.6158854957556,0.30759259994144067,548.9103056686456,False,2,0.2,0.8
DPD,DPD Paketzentrum in Lehrte,4,bundled,1,106,129.47251256919432,0.8187065956826176,364.9338793556169,False,2,0.2,0.8
DPD,DPD Paketzentrum in Lehrte,4,bundled,1,83,173.55971997363926,0.47822155977554165,401.39821415677943,False,2,0.2,0.8
DPD,DPD Paketzentrum in Lehrte,4,bundled,1,78,102.53407734275534,0.7607226984571991,385.97734829597965,False,2,0.2,0.8
DPD,DPD Paketzentrum in Lehrte,4,bundled,1,75,53.8021301528445,1.3939968508112086,344.4818158997217,False,2,0.2,0.8
DPD,DPD Paketzentrum in Lehrte,4,bundled,1,72,112.90680951768702,0.6376940443855257,301.91200681949033,False,2,0.2,0.8
DPD,DPD Paketzentrum in Lehrte,4,bundled,1,68,153.22446344831192,0.44379336347252946,324.26232753134934,False,2,0.2,0.8
DPD,DPD Paketzentrum in Lehrte,4,bundled,1,53,31.832385676522556,1.6649710310304913,316.75090467350316,False,2,0.2,0.8
DPD,DPD Paketzentrum in Lehrte,4,bundled,1,51,37.755537878390655,1.3507952174928437,342.21241875385374,False,2,0.2,0.8
DPD,DPD Paketzentrum in Lehrte,4,bundled,1,48,56.38950461206911,0.8512222324032708,333.73636341418273,False,2,0.2,0.8
DPD,DPD Paketzentrum in Lehrte,4,bundled,1,48,139.34872865781722,0.34445954736959333,323.04651513654414,False,2,0.2,0.8
DPD,DPD Paketzentrum in Lehrte,4,bundled,1,45,10.610683695060029,4.24100852435649,307.6783238368612,False,2,0.2,0.8
DPD,DPD Paketzentrum in Lehrte,5,bundled,1,50,159.38246951696127,0.3137107873377446,370.7323530956848,False,2,0.2,0.8
DPD,DPD Paketzentrum in Lehrte,5,bundled,1,44,101.18549289373648,0.43484494408905194,279.37629850462156,False,2,0.2,0.8
FedEx,FedEx Station - Heinz-Peter-Piper Str.,0,bundled,1,29,173.55971997363926,0.16708946064446636,292.5136556937568,False,2,0.2,0.8
FedEx,FedEx Station - Heinz-Peter-Piper Str.,0,bundled,1,23,102.53407734275534,0.22431566749378948,314.7573036820675,False,2,0.2,0.8
FedEx,FedEx Station - Heinz-Peter-Piper Str.,0,bundled,1,23,53.8021301528445,0.42749236758210396,292.64583522933384,False,2,0.2,0.8
FedEx,FedEx Station - Heinz-Peter-Piper Str.,0,bundled,1,20,159.38246951696127,0.12548431493509785,345.93652162674266,False,2,0.2,0.8
FedEx,FedEx Station - Heinz-Peter-Piper Str.,1,bundled,1,49,125.18180774883541,0.3914306789554719,337.6608528248052,False,2,0.2,0.8
FedEx,FedEx Station - Heinz-Peter-Piper Str.,1,bundled,1,39,357.6158854957556,0.10905555816105623,391.0639604299008,False,2,0.2,0.8
FedEx,FedEx Station - Heinz-Peter-Piper Str.,1,bundled,1,24,112.90680951768702,0.21256468146184188,316.70643956358225,False,2,0.2,0.8
FedEx,FedEx Station - Heinz-Peter-Piper Str.,2,bundled,1,37,173.55971997363926,0.21318310496018122,307.2952775183504,False,2,0.2,0.8
FedEx,FedEx Station - Heinz-Peter-Piper Str.,2,bundled,1,26,53.8021301528445,0.4832522416145523,293.1669856754931,False,2,0.2,0.8
FedEx,FedEx Station - Heinz-Peter-Piper Str.,2,bundled,1,23,159.38246951696127,0.1443069621753625,340.99582460030183,False,2,0.2,0.8
FedEx,FedEx Station - Heinz-Peter-Piper Str.,3,bundled,1,43,129.47251256919432,0.3321168265504958,358.7758538861692,False,2,0.2,0.8
FedEx,FedEx Station - Heinz-Peter-Piper Str.,3,bundled,1,42,357.6158854957556,0.11744444725036825,390.93579020228754,False,2,0.2,0.8
FedEx,FedEx Station - Heinz-Peter-Piper Str.,3,bundled,1,29,102.53407734275534,0.28283279814434326,324.043719844204,False,2,0.2,0.8
FedEx,FedEx Station - Heinz-Peter-Piper Str.,3,bundled,1,27,112.90680951768702,0.23913526664457213,326.09661157648804,False,2,0.2,0.8
FedEx,FedEx Station - Heinz-Peter-Piper Str.,3,bundled,1,12,66.6831619829418,0.17995547366319728,325.66513411553603,False,2,0.2,0.8
FedEx,FedEx Station - Heinz-Peter-Piper Str.,4,bundled,1,43,125.18180774883541,0.34350039173643454,330.5003139370446,False,2,0.2,0.8
FedEx,FedEx Station - Heinz-Peter-Piper Str.,4,bundled,1,27,173.55971997363926,0.15556604956553766,290.9320053929444,False,2,0.2,0.8
FedEx,FedEx Station - Heinz-Peter-Piper Str.,4,bundled,1,19,159.38246951696127,0.11921009918834295,320.4576658757229,False,2,0.2,0.8
FedEx,FedEx Station - Heinz-Peter-Piper Str.,4,bundled,1,16,43.13135688268341,0.3709598110608887,307.6217788622014,False,2,0.2,0.8
FedEx,FedEx Station - Heinz-Peter-Piper Str.,4,bundled,1,14,12.528872220645557,1.1174190105419275,272.8302452084695,False,2,0.2,0.8
FedEx,FedEx Station - Heinz-Peter-Piper Str.,4,bundled,1,13,6.068989648841514,2.1420369373148493,289.22566901134223,False,2,0.2,0.8
FedEx,FedEx Station - Heinz-Peter-Piper Str.,4,bundled,1,13,101.18549289373648,0.12847691529903807,308.68399223250117,False,2,0.2,0.8
FedEx,FedEx Station - Heinz-Peter-Piper Str.,4,bundled,1,11,139.34872865781722,0.07893864627219847,315.9311542398256,False,2,0.2,0.8
FedEx,FedEx Station - Heinz-Peter-Piper Str.,5,bundled,1,26,129.47251256919432,0.20081482535611375,348.72315242784555,False,2,0.2,0.8
FedEx,FedEx Station - Heinz-Peter-Piper Str.,5,bundled,1,25,357.6158854957556,0.06990740907760015,375.92132792517646,False,2,0.2,0.8
FedEx,FedEx Station - Heinz-Peter-Piper Str.,5,bundled,1,16,112.90680951768702,0.14170978764122794,314.11384765042305,False,2,0.2,0.8
FedEx,FedEx Station - Heinz-Peter-Piper Str.,5,bundled,1,7,66.6831619829418,0.10497402630353174,324.20678256560757,False,2,0.2,0.8
GLS,GLS in Hannover Laatzen,0,bundled,1,88,6.17992293720077,14.239659765055272,280.86760575494066,False,2,0.2,0.8
GLS,GLS in Hannover Laatzen,0,bundled,2,129,38.42350550544978,3.3573199088173604,292.350880501847,False,2,0.2,0.8
GLS,GLS in Hannover Laatzen,0,bundled,2,126,182.71697893237928,0.689591086368775,456.18577906564695,False,2,0.2,0.8
GLS,GLS in Hannover Laatzen,0,bundled,2,113,157.57499750580558,0.7171188436530783,445.40021049089535,False,2,0.2,0.8
GLS,GLS in Hannover Laatzen,0,bundled,2,106,69.5879235549132,1.5232528086048336,327.6851805876613,False,2,0.2,0.8
GLS,GLS in Hannover Laatzen,1,bundled,1,116,357.6158854957556,0.3243703781200647,577.4979655835773,False,2,0.2,0.8
GLS,GLS in Hannover Laatzen,1,bundled,1,111,125.18180774883541,0.8867103135521914,500.4270207331739,False,2,0.2,0.8
GLS,GLS in Hannover Laatzen,1,bundled,1,108,129.47251256919432,0.8341538899407802,390.59318835716863,False,2,0.2,0.8
GLS,GLS in Hannover Laatzen,1,bundled,1,84,102.53407734275534,0.8192398291077528,362.4685294819885,False,2,0.2,0.8
GLS,GLS in Hannover Laatzen,1,bundled,1,74,112.90680951768702,0.6554077678406791,343.38168877238024,False,2,0.2,0.8
GLS,GLS in Hannover Laatzen,1,bundled,1,63,153.22446344831192,0.41116149851131406,334.93677705262235,False,2,0.2,0.8
GLS,GLS in Hannover Laatzen,1,bundled,1,42,6.068989648841514,6.920427028247975,257.926088864036,False,2,0.2,0.8
GLS,GLS in Hannover Laatzen,1,bundled,1,42,10.610683695060029,3.958274622732724,322.62391489097547,False,2,0.2,0.8
GLS,GLS in Hannover Laatzen,1,bundled,1,41,66.6831619829418,0.6148478683492573,283.10521982903924,False,2,0.2,0.8
GLS,GLS in Hannover Laatzen,2,standalone,1,190,58.08159729436245,3.2712598972969684,407.14699475220436,False,2,0.2,0.8
GLS,GLS in Hannover Laatzen,2,bundled,1,102,173.55971997363926,0.5876939650253644,444.5838459339594,False,2,0.2,0.8
GLS,GLS in Hannover Laatzen,2,bundled,1,96,23.77191867081394,4.03837827856379,324.3616993818963,False,2,0.2,0.8
GLS,GLS in Hannover Laatzen,2,bundled,1,90,33.960996603727956,2.6500989075839003,276.4641874125609,False,2,0.2,0.8
GLS,GLS in Hannover Laatzen,2,bundled,2,135,60.769949805861714,2.221492702088397,382.47593113414626,False,2,0.2,0.8
GLS,GLS in Hannover Laatzen,2,bundled,2,111,56.969776168096985,1.9484015466811662,324.71477140029447,False,2,0.2,0.8
GLS,GLS in Hannover Laatzen,2,bundled,2,116,171.18111433433978,0.677644846810825,450.41193678392017,False,2,0.2,0.8
GLS,GLS in Hannover Laatzen,3,bundled,1,117,125.18180774883541,0.9346406007712289,500.54009393610886,False,2,0.2,0.8
GLS,GLS in Hannover Laatzen,3,bundled,1,117,357.6158854957556,0.32716667448316866,587.2980971635563,False,2,0.2,0.8
GLS,GLS in Hannover Laatzen,3,bundled,1,115,129.47251256919432,0.8882194198443493,397.4550662354795,False,2,0.2,0.8
GLS,GLS in Hannover Laatzen,3,bundled,1,95,102.53407734275534,0.9265212353004348,376.40898487199354,False,2,0.2,0.8
GLS,GLS in Hannover Laatzen,3,bundled,1,80,112.90680951768702,0.7085489382061396,353.6997495414955,False,2,0.2,0.8
GLS,GLS in Hannover Laatzen,3,bundled,1,70,101.18549289373648,0.691798774687128,301.17516598073865,False,2,0.2,0.8
GLS,GLS in Hannover Laatzen,3,bundled,1,66,153.22446344831192,0.4307406174880433,333.89601399331355,False,2,0.2,0.8
GLS,GLS in Hannover Laatzen,3,bundled,1,57,56.38950461206911,1.010826400978884,361.6895080863528,False,2,0.2,0.8
GLS,GLS in Hannover Laatzen,3,bundled,1,49,10.610683695060029,4.617987059854844,322.94594431264255,False,2,0.2,0.8
GLS,GLS in Hannover Laatzen,4,bundled,1,79,33.960996603727956,2.3261979299903124,275.0919564403555,False,2,0.2,0.8
GLS,GLS in Hannover Laatzen,4,bundled,1,75,173.55971997363926,0.4321279154598268,393.32478876595394,False,2,0.2,0.8
GLS,GLS in Hannover Laatzen,4,bundled,1,71,53.8021301528445,1.3196503521012775,357.8889787536686,False,2,0.2,0.8
GLS,GLS in Hannover Laatzen,4,bundled,1,61,159.38246951696127,0.3827271605520484,350.056394336555,False,2,0.2,0.8
GLS,GLS in Hannover Laatzen,4,bundled,2,97,50.28441009903621,1.9290273030737848,349.9538197297036,False,2,0.2,0.8
GLS,GLS in Hannover Laatzen,4,bundled,2,71,35.22277120009008,2.015741453069383,299.63203063870026,False,2,0.2,0.8
GLS,GLS in Hannover Laatzen,5,bundled,1,76,125.18180774883541,0.6071169714411401,425.86159583350354,False,2,0.2,0.8
GLS,GLS in Hannover Laatzen,5,bundled,1,74,129.47251256919432,0.5715498875520161,340.7645100868838,False,2,0.2,0.8
GLS,GLS in Hannover Laatzen,5,bundled,1,71,357.6158854957556,0.19853704178038442,498.37164659739915,False,2,0.2,0.8
GLS,GLS in Hannover Laatzen,5,bundled,1,55,102.53407734275534,0.5364070309634096,343.76022282586115,False,2,0.2,0.8
GLS,GLS in Hannover Laatzen,5,bundled,1,52,59.876286869182046,0.8684573262468631,330.9538592709935,False,2,0.2,0.8
GLS,GLS in Hannover Laatzen,5,bundled,1,50,112.90680951768702,0.4428430863788373,330.6503887915097,False,2,0.2,0.8
GLS,GLS in Hannover Laatzen,5,bundled,1,43,153.22446344831192,0.2806340386664525,317.6607717065069,False,2,0.2,0.8
GLS,GLS in Hannover Laatzen,5,bundled,1,32,139.34872865781722,0.22963969824639557,335.2108978522788,False,2,0.2,0.8
Hermes,Hermes LC Hannover Langenhagen,0,bundled,1,119,173.55971997363926,0.6856429591962585,392.10048468706,False,2,0.2,0.8
Hermes,Hermes LC Hannover Langenhagen,0,bundled,1,114,102.53407734275534,1.1118254823605218,381.4401218336493,False,2,0.2,0.8
Hermes,Hermes LC Hannover Langenhagen,0,bundled,1,105,112.90680951768702,0.9299704813955583,371.3382127152332,False,2,0.2,0.8
Hermes,Hermes LC Hannover Langenhagen,0,bundled,1,103,159.38246951696127,0.6462442219157539,452.4011724662738,False,2,0.2,0.8
Hermes,Hermes LC Hannover Langenhagen,0,bundled,1,98,101.18549289373648,0.9685182845619793,357.0006631426336,False,2,0.2,0.8
Hermes,Hermes LC Hannover Langenhagen,0,bundled,1,96,5.368928981069905,17.880661178138624,270.42464508714374,False,2,0.2,0.8
Hermes,Hermes LC Hannover Langenhagen,0,bundled,1,96,13.714884737746763,6.999694261796033,314.68254066876915,False,2,0.2,0.8
Hermes,Hermes LC Hannover Langenhagen,0,bundled,1,90,153.22446344831192,0.5873735693018772,344.3979394811199,False,2,0.2,0.8
Hermes,Hermes LC Hannover Langenhagen,0,bundled,1,73,139.34872865781722,0.5238655616245899,376.7150256608279,False,2,0.2,0.8
Hermes,Hermes LC Hannover Langenhagen,0,bundled,1,49,53.82702268136371,0.9103234315979556,340.1329254339555,False,2,0.2,0.8
Hermes,Hermes LC Hannover Langenhagen,1,standalone,1,163,129.47251256919432,1.2589544820402516,492.6534829877921,False,2,0.2,0.8
Hermes,Hermes LC Hannover Langenhagen,1,standalone,1,164,125.18180774883541,1.310094517320355,466.34301133142026,False,2,0.2,0.8
Hermes,Hermes LC Hannover Langenhagen,1,standalone,1,172,357.6158854957556,0.480962974453889,682.8681026696811,False,2,0.2,0.8
Hermes,Hermes LC Hannover Langenhagen,2,standalone,1,150,173.55971997363926,0.8642558309196536,440.0657456638071,False,2,0.2,0.8
Hermes,Hermes LC Hannover Langenhagen,2,bundled,1,148,102.53407734275534,1.443422556046993,404.4675122709168,False,2,0.2,0.8
Hermes,Hermes LC Hannover Langenhagen,2,bundled,1,130,112.90680951768702,1.151392024584977,388.558700943748,False,2,0.2,0.8
Hermes,Hermes LC Hannover Langenhagen,2,bundled,1,117,159.38246951696127,0.7340832423703224,475.8640870115789,False,2,0.2,0.8
Hermes,Hermes LC Hannover Langenhagen,2,bundled,1,99,153.22446344831192,0.646110926232065,352.0077701170553,False,2,0.2,0.8
Hermes,Hermes LC Hannover Langenhagen,2,bundled,1,95,37.755537878390655,2.5161871698396108,340.65666150503387,False,2,0.2,0.8
Hermes,Hermes LC Hannover Langenhagen,2,bundled,1,82,139.34872865781722,0.5884517267563887,390.3875595420003,False,2,0.2,0.8
Hermes,Hermes LC Hannover Langenhagen,3,standalone,1,172,129.47251256919432,1.3284673062019832,492.35634667380066,False,2,0.2,0.8
Hermes,Hermes LC Hannover Langenhagen,3,standalone,1,171,125.18180774883541,1.3660131857425653,446.7430490420969,False,2,0.2,0.8
Hermes,Hermes LC Hannover Langenhagen,3,standalone,1,179,357.6158854957556,0.500537048995617,682.3847494175548,False,2,0.2,0.8
Hermes,Hermes LC Hannover Langenhagen,3,bundled,1,106,101.18549289373648,1.0475810016690796,377.1790551892574,False,2,0.2,0.8
Hermes,Hermes LC Hannover Langenhagen,3,bundled,1,54,8.305970462175056,6.501347463961388,261.4280583341493,False,2,0.2,0.8
Hermes,Hermes LC Hannover Langenhagen,4,bundled,1,113,173.55971997363926,0.6510727259594724,389.91544766432696,False,2,0.2,0.8
Hermes,Hermes LC Hannover Langenhagen,4,bundled,1,111,102.53407734275534,1.0825669170352448,377.05466314983994,False,2,0.2,0.8
Hermes,Hermes LC Hannover Langenhagen,4,bundled,1,98,112.90680951768702,0.867972449302521,363.1435308629217,False,2,0.2,0.8
Hermes,Hermes LC Hannover Langenhagen,4,bundled,1,94,159.38246951696127,0.5897762801949599,431.33929149710275,False,2,0.2,0.8
Hermes,Hermes LC Hannover Langenhagen,4,bundled,1,86,153.22446344831192,0.561268077332905,344.7135806938182,False,2,0.2,0.8
Hermes,Hermes LC Hannover Langenhagen,4,bundled,1,64,139.34872865781722,0.45927939649279115,368.908804460979,False,2,0.2,0.8
Hermes,Hermes LC Hannover Langenhagen,4,bundled,1,52,43.13135688268341,1.2056193859478883,305.37494879161244,False,2,0.2,0.8
Hermes,Hermes LC Hannover Langenhagen,4,bundled,1,51,66.6831619829418,0.7648107630685884,325.16303014302497,False,2,0.2,0.8
Hermes,Hermes LC Hannover Langenhagen,4,bundled,1,50,53.82702268136371,0.9289014608142404,343.3104591048217,False,2,0.2,0.8
Hermes,Hermes LC Hannover Langenhagen,5,bundled,1,119,125.18180774883541,0.9506173631775746,402.3596754373992,False,2,0.2,0.8
Hermes,Hermes LC Hannover Langenhagen,5,bundled,1,112,129.47251256919432,0.8650484784571054,449.12759084918105,False,2,0.2,0.8
Hermes,Hermes LC Hannover Langenhagen,5,bundled,1,109,357.6158854957556,0.30479630357833665,481.857883600386,False,2,0.2,0.8
UPS,UPS Depot Hannover,0,bundled,1,85,33.960996603727956,2.5028711904959056,344.60018862615635,False,2,0.2,0.8
UPS,UPS Depot Hannover,0,bundled,1,35,112.90680951768702,0.30999016046518607,316.82663379823794,False,2,0.2,0.8
UPS,UPS Depot Hannover,0,bundled,1,34,102.53407734275534,0.3315970736864714,329.04466444913794,False,2,0.2,0.8
UPS,UPS Depot Hannover,0,bundled,1,33,159.38246951696127,0.20704911964291145,376.13246324908346,False,2,0.2,0.8
UPS,UPS Depot Hannover,0,bundled,1,29,12.528872220645557,2.3146536646939926,270.54761990647364,False,2,0.2,0.8
UPS,UPS Depot Hannover,0,bundled,1,27,31.832385676522556,0.8481927893928918,317.5526880627256,False,2,0.2,0.8
UPS,UPS Depot Hannover,0,bundled,2,46,177.1042665362079,0.25973400245891637,400.3812753082474,False,2,0.2,0.8
UPS,UPS Depot Hannover,1,bundled,1,53,357.6158854957556,0.14820370724451232,424.1202557080713,False,2,0.2,0.8
UPS,UPS Depot Hannover,1,bundled,1,46,173.55971997363926,0.2650384548153604,306.5820796719249,False,2,0.2,0.8
UPS,UPS Depot Hannover,1,bundled,1,33,53.8021301528445,0.6133586143569318,302.65075077583367,False,2,0.2,0.8
UPS,UPS Depot Hannover,1,bundled,1,28,43.13135688268341,0.6491796693565552,318.82970738533436,False,2,0.2,0.8
UPS,UPS Depot Hannover,2,bundled,1,47,102.53407734275534,0.45838419009600456,327.71093205541763,False,2,0.2,0.8
UPS,UPS Depot Hannover,2,bundled,1,46,112.90680951768702,0.40741563946853027,320.1472954722809,False,2,0.2,0.8
UPS,UPS Depot Hannover,2,bundled,1,39,159.38246951696127,0.2446944141234408,379.81923593202737,False,2,0.2,0.8
UPS,UPS Depot Hannover,2,bundled,1,27,101.18549289373648,0.2668366702364637,309.8381876680683,False,2,0.2,0.8
UPS,UPS Depot Hannover,2,bundled,1,25,139.34872865781722,0.17940601425499653,327.6349114484228,False,2,0.2,0.8
UPS,UPS Depot Hannover,3,bundled,1,57,357.6158854957556,0.15938889269692832,419.2331050277969,False,2,0.2,0.8
UPS,UPS Depot Hannover,3,bundled,1,36,53.8021301528445,0.6691184883893802,290.0464310273323,False,2,0.2,0.8
UPS,UPS Depot Hannover,3,bundled,1,30,12.528872220645557,2.39446930830413,280.0762042609263,False,2,0.2,0.8
UPS,UPS Depot Hannover,3,bundled,1,30,37.755537878390655,0.7945854220546139,333.9532167537026,False,2,0.2,0.8
UPS,UPS Depot Hannover,3,bundled,1,30,31.832385676522556,0.9424364326587686,320.8602327525482,False,2,0.2,0.8
UPS,UPS Depot Hannover,4,bundled,1,60,125.18180774883541,0.47930287219037376,350.2746568451011,False,2,0.2,0.8
UPS,UPS Depot Hannover,4,bundled,1,40,173.55971997363926,0.2304682215785743,296.4445242133121,False,2,0.2,0.8
UPS,UPS Depot Hannover,4,bundled,1,35,112.90680951768702,0.30999016046518607,320.5353959440602,False,2,0.2,0.8
UPS,UPS Depot Hannover,4,bundled,1,32,102.53407734275534,0.31209136346962013,323.23365937580394,False,2,0.2,0.8
UPS,UPS Depot Hannover,4,bundled,1,30,159.38246951696127,0.18822647240264678,370.761416132372,False,2,0.2,0.8
UPS,UPS Depot Hannover,4,bundled,1,21,101.18549289373648,0.2075396324061384,302.5768532864136,False,2,0.2,0.8
UPS,UPS Depot Hannover,4,bundled,1,18,139.34872865781722,0.1291723302635975,307.427518994339,False,2,0.2,0.8
UPS,UPS Depot Hannover,4,bundled,1,15,66.6831619829418,0.22494434207899658,327.165369953719,False,2,0.2,0.8
UPS,UPS Depot Hannover,5,bundled,1,40,129.47251256919432,0.30894588516325194,347.7324461170935,False,2,0.2,0.8
UPS,UPS Depot Hannover,5,bundled,1,36,357.6158854957556,0.10066666907174421,394.3895763313258,False,2,0.2,0.8
UPS,UPS Depot Hannover,5,bundled,1,22,53.8021301528445,0.40890574290462117,291.9399261658166,False,2,0.2,0.8
Amazon,Amazon Logistics HAJ8 in Garbsen,0,standalone,1,151,7.274391190340525,20.757750861750324,316.72502401021336,True,2,0.30000000000000004,0.7
Amazon,Amazon Logistics HAJ8 in Garbsen,0,standalone,1,157,8.86389555258122,17.712302572685513,324.79985001216414,True,2,0.30000000000000004,0.7
Amazon,Amazon Logistics HAJ8 in Garbsen,0,standalone,1,156,4.12190647126244,37.846564711649314,298.63312417923294,True,2,0.30000000000000004,0.7
Amazon,Amazon Logistics HAJ8 in Garbsen,0,standalone,1,281,159.38246951696127,1.7630546248381247,784.404892549011,False,2,0.30000000000000004,0.7
Amazon,Amazon Logistics HAJ8 in Garbsen,0,bundled,2,283,11.882160069668162,23.81721827855358,610.3066502364891,True,2,0.30000000000000004,0.7
Amazon,Amazon Logistics HAJ8 in Garbsen,1,standalone,1,347,173.55971997363926,1.999311822194132,851.6376341659268,False,2,0.30000000000000004,0.7
Amazon,Amazon Logistics HAJ8 in Garbsen,1,standalone,1,207,139.34872865781722,1.4854817980313713,598.7303726082956,False,2,0.30000000000000004,0.7
Amazon,Amazon Logistics HAJ8 in Garbsen,2,standalone,1,162,8.305970462175056,19.504042391884166,314.23659409518376,True,2,0.30000000000000004,0.7
Amazon,Amazon Logistics HAJ8 in Garbsen,2,standalone,1,349,59.876286869182046,5.828684747310677,691.9617149684318,True,2,0.30000000000000004,0.7
Amazon,Amazon Logistics HAJ8 in Garbsen,2,standalone,1,287,153.22446344831192,1.873069048773764,721.7023921549091,False,2,0.30000000000000004,0.7
Amazon,Amazon Logistics HAJ8 in Garbsen,3,standalone,1,166,7.274391190340525,22.819779093050023,306.0750557028838,True,2,0.30000000000000004,0.7
Amazon,Amazon Logistics HAJ8 in Garbsen,3,standalone,1,176,4.12190647126244,42.69868839263,285.3545428238848,True,2,0.30000000000000004,0.7
Amazon,Amazon Logistics HAJ8 in Garbsen,3,standalone,1,173,43.13135688268341,4.011002957095859,342.55420475760286,False,2,0.30000000000000004,0.7
Amazon,Amazon Logistics HAJ8 in Garbsen,3,standalone,1,307,159.38246951696127,1.926184234253752,787.6012406772629,False,2,0.30000000000000004,0.7
Amazon,Amazon Logistics HAJ8 in Garbsen,4,standalone,1,172,139.34872865781722,1.2343133780743762,549.6657791944665,False,2,0.30000000000000004,0.7
Amazon,Amazon Logistics HAJ8 in Garbsen,4,standalone,1,417,357.6158854957556,1.1660555834143704,1110.1771611431036,False,2,0.30000000000000004,0.7
Amazon,Amazon Logistics HAJ8 in Garbsen,4,bundled,2,287,17.457204739175314,16.440203588604874,654.9705187593265,True,2,0.30000000000000004,0.7
DPD,DPD Paketzentrum in Lehrte,0,standalone,1,174,125.18180774883541,1.389978329352084,541.7630934930114,False,2,0.30000000000000004,0.7
DPD,DPD Paketzentrum in Lehrte,0,standalone,1,165,357.6158854957556,0.461388899912161,805.2509251820279,False,2,0.30000000000000004,0.7
DPD,DPD Paketzentrum in Lehrte,0,bundled,1,132,173.55971997363926,0.7605451312092951,473.61804780978093,False,2,0.30000000000000004,0.7
DPD,DPD Paketzentrum in Lehrte,0,bundled,1,130,23.77191867081394,5.468637252221798,357.8912172914686,True,2,0.30000000000000004,0.7
DPD,DPD Paketzentrum in Lehrte,0,bundled,2,182,113.70330955054575,1.6006570144652965,576.5217901322197,False,2,0.30000000000000004,0.7
DPD,DPD Paketzentrum in Lehrte,0,bundled,2,181,60.769949805861714,2.9784457709481473,455.46901309931815,False,2,0.30000000000000004,0.7
DPD,DPD Paketzentrum in Lehrte,0,bundled,2,181,11.437918629911419,15.824557409130804,390.9168057688891,True,2,0.30000000000000004,0.7
DPD,DPD Paketzentrum in Lehrte,0,bundled,2,141,206.031890640759,0.6843600743627121,487.51055619792453,False,2,0.30000000000000004,0.7
DPD,DPD Paketzentrum in Lehrte,0,bundled,2,135,47.59386578440524,2.83649999374992,411.07815507743,False,2,0.30000000000000004,0.7
DPD,DPD Paketzentrum in Lehrte,1,bundled,1,131,102.53407734275534,1.2776240192037576,459.2915850950161,False,2,0.30000000000000004,0.7
DPD,DPD Paketzentrum in Lehrte,1,bundled,1,103,101.18549289373648,1.017932482753917,319.9720156647744,False,2,0.30000000000000004,0.7
DPD,DPD Paketzentrum in Lehrte,1,bundled,1,67,8.86389555258122,7.558753327197002,266.23575670674495,False,2,0.30000000000000004,0.7
DPD,DPD Paketzentrum in Lehrte,2,standalone,1,157,173.55971997363926,0.9045877696959042,579.5413982356229,False,2,0.30000000000000004,0.7
DPD,DPD Paketzentrum in Lehrte,2,standalone,1,203,125.18180774883541,1.621641384244098,589.6758666495715,False,2,0.30000000000000004,0.7
DPD,DPD Paketzentrum in Lehrte,2,standalone,1,204,357.6158854957556,0.5704444580732172,946.4682530121959,False,2,0.30000000000000004,0.7
DPD,DPD Paketzentrum in Lehrte,2,bundled,2,207,121.21277997986208,1.707740718712914,626.3174968453319,False,2,0.30000000000000004,0.7
DPD,DPD Paketzentrum in Lehrte,2,bundled,2,208,71.86984881910328,2.8941204610508766,533.1140382945944,False,2,0.30000000000000004,0.7
DPD,DPD Paketzentrum in Lehrte,2,bundled,2,207,57.92403662410694,3.573645969173535,562.9783059219205,False,2,0.30000000000000004,0.7
DPD,DPD Paketzentrum in Lehrte,2,bundled,2,204,23.501676496024636,8.680231813866857,436.4057903429691,True,2,0.30000000000000004,0.7
DPD,DPD Paketzentrum in Lehrte,2,bundled,2,192,196.35582033099533,0.977816698666468,658.7284324177594,False,2,0.30000000000000004,0.7
DPD,DPD Paketzentrum in Lehrte,2,bundled,2,160,193.17575133918092,0.8282613055251928,619.1024717453867,False,2,0.30000000000000004,0.7
DPD,DPD Paketzentrum in Lehrte,2,bundled,2,150,13.34338083918204,11.241528800522127,362.56289390040706,True,2,0.30000000000000004,0.7
DPD,DPD Paketzentrum in Lehrte,2,bundled,3,209,25.213818972265933,8.289105281111544,460.75815845672275,True,2,0.30000000000000004,0.7
DPD,DPD Paketzentrum in Lehrte,3,bundled,1,141,102.53407734275534,1.3751525702880139,493.50301321641587,False,2,0.30000000000000004,0.7
DPD,DPD Paketzentrum in Lehrte,3,bundled,1,118,159.38246951696127,0.7403574581170773,481.3037792000737,False,2,0.30000000000000004,0.7
DPD,DPD Paketzentrum in Lehrte,3,bundled,1,106,101.18549289373648,1.0475810016690796,320.2786268826875,False,2,0.30000000000000004,0.7
DPD,DPD Paketzentrum in Lehrte,3,bundled,2,141,17.575275212839223,8.02263397258187,346.2301808960239,True,2,0.30000000000000004,0.7
DPD,DPD Paketzentrum in Lehrte,4,standalone,1,168,125.18180774883541,1.3420480421330465,549.4881490663313,False,2,0.30000000000000004,0.7
DPD,DPD Paketzentrum in Lehrte,4,standalone,1,164,357.6158854957556,0.45859260354905695,805.1453871795306,False,2,0.30000000000000004,0.7
DPD,DPD Paketzentrum in Lehrte,4,bundled,1,124,173.55971997363926,0.7144514868935803,464.7794225152492,False,2,0.30000000000000004,0.7
DPD,DPD Paketzentrum in Lehrte,4,bundled,1,120,59.876286869182046,2.004132291338915,339.5010074226396,False,2,0.30000000000000004,0.7
DPD,DPD Paketzentrum in Lehrte,4,bundled,1,113,53.8021301528445,2.1002885885555544,379.62891067366195,False,2,0.30000000000000004,0.7
DPD,DPD Paketzentrum in Lehrte,4,bundled,1,101,153.22446344831192,0.6591636722165511,354.69781001187744,False,2,0.30000000000000004,0.7
DPD,DPD Paketzentrum in Lehrte,4,bundled,1,79,31.832385676522556,2.4817492726680905,335.1333412860828,False,2,0.30000000000000004,0.7
DPD,DPD Paketzentrum in Lehrte,4,bundled,1,77,37.755537878390655,2.0394359166068425,359.0910679247069,False,2,0.30000000000000004,0.7
DPD,DPD Paketzentrum in Lehrte,4,bundled,2,141,75.60374290177543,1.8649870309091383,431.61165083384014,False,2,0.30000000000000004,0.7
DPD,DPD Paketzentrum in Lehrte,4,bundled,1,72,139.34872865781722,0.51668932105439,354.31625419989916,False,2,0.30000000000000004,0.7
DPD,DPD Paketzentrum in Lehrte,5,bundled,1,88,102.53407734275534,0.8582512495414554,403.41446822539285,False,2,0.30000000000000004,0.7
DPD,DPD Paketzentrum in Lehrte,5,bundled,1,80,112.90680951768702,0.7085489382061396,310.243194517334,False,2,0.30000000000000004,0.7
DPD,DPD Paketzentrum in Lehrte,5,bundled,1,75,159.38246951696127,0.47056618100661696,404.4896956095347,False,2,0.30000000000000004,0.7
DPD,DPD Paketzentrum in Lehrte,5,bundled,1,67,101.18549289373648,0.6621502557719654,303.91488595769476,False,2,0.30000000000000004,0.7
FedEx,FedEx Station - Heinz-Peter-Piper Str.,0,bundled,1,43,173.55971997363926,0.24775333819696738,314.9535991844873,False,2,0.30000000000000004,0.7
FedEx,FedEx Station - Heinz-Peter-Piper Str.,0,bundled,1,32,112.90680951768702,0.28341957528245587,335.8796130355833,False,2,0.30000000000000004,0.7
FedEx,FedEx Station - Heinz-Peter-Piper Str.,0,bundled,1,20,101.18549289373648,0.19765679276775086,313.5941674056065,False,2,0.30000000000000004,0.7
FedEx,FedEx Station - Heinz-Peter-Piper Str.,1,bundled,1,58,357.6158854957556,0.16218518906003235,433.0611729733238,False,2,0.30000000000000004,0.7
FedEx,FedEx Station - Heinz-Peter-Piper Str.,1,bundled,1,36,102.53407734275534,0.35110278390332267,325.80659760199467,False,2,0.30000000000000004,0.7
FedEx,FedEx Station - Heinz-Peter-Piper Str.,1,bundled,1,29,159.38246951696127,0.18195225665589188,357.51417708867706,False,2,0.30000000000000004,0.7
FedEx,FedEx Station - Heinz-Peter-Piper Str.,1,bundled,1,20,6.967819653017212,2.87033835488833,286.15613737058857,False,2,0.30000000000000004,0.7
FedEx,FedEx Station - Heinz-Peter-Piper Str.,2,bundled,1,79,125.18180774883541,0.6310821150506588,384.8462803514958,False,2,0.30000000000000004,0.7
FedEx,FedEx Station - Heinz-Peter-Piper Str.,2,bundled,1,56,173.55971997363926,0.322655510210004,329.8850290766989,False,2,0.30000000000000004,0.7
FedEx,FedEx Station - Heinz-Peter-Piper Str.,2,bundled,1,44,112.90680951768702,0.3897019160133768,351.17221147733824,False,2,0.30000000000000004,0.7
FedEx,FedEx Station - Heinz-Peter-Piper Str.,2,bundled,1,40,53.8021301528445,0.7434649870993113,303.8036242282044,False,2,0.30000000000000004,0.7
FedEx,FedEx Station - Heinz-Peter-Piper Str.,3,bundled,1,65,129.47251256919432,0.5020370633902844,400.98129418105566,False,2,0.30000000000000004,0.7
FedEx,FedEx Station - Heinz-Peter-Piper Str.,3,bundled,1,62,357.6158854957556,0.17337037451244836,422.47806304226924,False,2,0.30000000000000004,0.7
FedEx,FedEx Station - Heinz-Peter-Piper Str.,3,bundled,1,44,102.53407734275534,0.4291256247707277,332.26134847988124,False,2,0.30000000000000004,0.7
FedEx,FedEx Station - Heinz-Peter-Piper Str.,3,bundled,1,34,159.38246951696127,0.21332333538966633,364.8259006953458,False,2,0.30000000000000004,0.7
FedEx,FedEx Station - Heinz-Peter-Piper Str.,3,bundled,1,18,66.6831619829418,0.2699332104947959,329.70481561222675,False,2,0.30000000000000004,0.7
FedEx,FedEx Station - Heinz-Peter-Piper Str.,4,bundled,1,64,125.18180774883541,0.5112563970030654,361.33048266652384,False,2,0.30000000000000004,0.7
FedEx,FedEx Station - Heinz-Peter-Piper Str.,4,bundled,1,41,173.55971997363926,0.23622992711803864,309.5551847916695,False,2,0.30000000000000004,0.7
FedEx,FedEx Station - Heinz-Peter-Piper Str.,4,bundled,1,32,112.90680951768702,0.28341957528245587,332.22746629413035,False,2,0.30000000000000004,0.7
FedEx,FedEx Station - Heinz-Peter-Piper Str.,4,bundled,1,24,37.755537878390655,0.6356683376436911,317.7010354300737,False,2,0.30000000000000004,0.7
FedEx,FedEx Station - Heinz-Peter-Piper Str.,4,bundled,1,23,43.13135688268341,0.5332547284000275,309.48715659418326,False,2,0.30000000000000004,0.7
FedEx,FedEx Station - Heinz-Peter-Piper Str.,4,bundled,1,21,12.528872220645557,1.6761285158128914,277.00006558066224,False,2,0.30000000000000004,0.7
FedEx,FedEx Station - Heinz-Peter-Piper Str.,4,bundled,1,20,6.068989648841514,3.2954414420228453,292.35034680385536,False,2,0.30000000000000004,0.7
FedEx,FedEx Station - Heinz-Peter-Piper Str.,4,bundled,1,20,53.82702268136371,0.37156058432569616,329.62153398524185,False,2,0.30000000000000004,0.7
FedEx,FedEx Station - Heinz-Peter-Piper Str.,4,bundled,2,35,240.53422155155369,0.145509440503868,406.67210039618783,False,2,0.30000000000000004,0.7
FedEx,FedEx Station - Heinz-Peter-Piper Str.,5,bundled,1,39,129.47251256919432,0.30122223803417064,358.18637092914406,False,2,0.30000000000000004,0.7
FedEx,FedEx Station - Heinz-Peter-Piper Str.,5,bundled,1,37,357.6158854957556,0.10346296543484822,387.2101267654798,False,2,0.30000000000000004,0.7
FedEx,FedEx Station - Heinz-Peter-Piper Str.,5,bundled,1,24,102.53407734275534,0.2340685226022151,316.468639018693,False,2,0.30000000000000004,0.7
FedEx,FedEx Station - Heinz-Peter-Piper Str.,5,bundled,1,21,159.38246951696127,0.13175853068185275,322.9626868162336,False,2,0.30000000000000004,0.7
FedEx,FedEx Station - Heinz-Peter-Piper Str.,5,bundled,1,11,66.6831619829418,0.16495918419126415,325.4610974182417,False,2,0.30000000000000004,0.7
GLS,GLS in Hannover Laatzen,0,standalone,1,154,357.6158854957556,0.4306296399180169,783.291912182148,False,2,0.30000000000000004,0.7
GLS,GLS in Hannover Laatzen,0,bundled,1,132,6.17992293720077,21.359489647582908,295.20787628659417,True,2,0.30000000000000004,0.7
GLS,GLS in Hannover Laatzen,0,bundled,1,122,173.55971997363926,0.7029280758146516,487.882895397085,False,2,0.30000000000000004,0.7
GLS,GLS in Hannover Laatzen,0,bundled,1,103,112.90680951768702,0.9122567579404047,391.0376405379736,False,2,0.30000000000000004,0.7
GLS,GLS in Hannover Laatzen,0,bundled,1,99,101.18549289373648,0.9784011242003668,338.9167311961441,False,2,0.30000000000000004,0.7
GLS,GLS in Hannover Laatzen,0,bundled,1,90,153.22446344831192,0.5873735693018772,373.27466000242634,False,2,0.30000000000000004,0.7
GLS,GLS in Hannover Laatzen,0,bundled,1,83,37.755537878390655,2.198353001017765,322.7435043487029,False,2,0.30000000000000004,0.7
GLS,GLS in Hannover Laatzen,0,bundled,2,140,143.81123755953905,0.9734983327852862,517.2434862084308,False,2,0.30000000000000004,0.7
GLS,GLS in Hannover Laatzen,0,bundled,2,139,65.54676357080913,2.120623390502576,429.0392691498889,False,2,0.30000000000000004,0.7
GLS,GLS in Hannover Laatzen,1,standalone,1,163,129.47251256919432,1.2589544820402516,471.25394747837476,False,2,0.30000000000000004,0.7
GLS,GLS in Hannover Laatzen,1,standalone,1,167,125.18180774883541,1.3340596609298736,591.3353722214401,False,2,0.30000000000000004,0.7
GLS,GLS in Hannover Laatzen,1,bundled,1,136,23.77191867081394,5.721035894632035,353.0219035857866,True,2,0.30000000000000004,0.7
GLS,GLS in Hannover Laatzen,1,bundled,2,188,169.21723932569714,1.1109979145691602,624.7649419838019,False,2,0.30000000000000004,0.7
GLS,GLS in Hannover Laatzen,2,standalone,1,153,173.55971997363926,0.8815409475380467,604.1889274698217,False,2,0.30000000000000004,0.7
GLS,GLS in Hannover Laatzen,2,standalone,1,188,357.6158854957556,0.5257037162635531,805.7649170592905,False,2,0.30000000000000004,0.7
GLS,GLS in Hannover Laatzen,2,bundled,2,209,44.57168029878798,4.689076081470575,491.4295267889522,False,2,0.30000000000000004,0.7
GLS,GLS in Hannover Laatzen,2,bundled,2,205,66.47307934733024,3.0839552193580366,580.7717729019794,False,2,0.30000000000000004,0.7
GLS,GLS in Hannover Laatzen,2,bundled,3,260,113.10432552093741,2.298762658302311,769.2728187018217,False,2,0.30000000000000004,0.7
GLS,GLS in Hannover Laatzen,2,bundled,3,248,176.9012106397401,1.4019123956424064,800.7218044026033,False,2,0.30000000000000004,0.7
GLS,GLS in Hannover Laatzen,2,bundled,3,243,52.981786485972194,4.586481810392299,612.5549513048501,False,2,0.30000000000000004,0.7
GLS,GLS in Hannover Laatzen,3,standalone,1,173,129.47251256919432,1.3361909533310645,481.1936193134594,False,2,0.30000000000000004,0.7
GLS,GLS in Hannover Laatzen,3,standalone,1,175,125.18180774883541,1.397966710555257,589.124258666159,False,2,0.30000000000000004,0.7
GLS,GLS in Hannover Laatzen,3,bundled,1,142,102.53407734275534,1.3849054253964395,425.4705412966756,False,2,0.30000000000000004,0.7
GLS,GLS in Hannover Laatzen,3,bundled,1,120,112.90680951768702,1.0628234073092095,402.2292249776684,False,2,0.30000000000000004,0.7
GLS,GLS in Hannover Laatzen,3,bundled,1,94,139.34872865781722,0.674566613598787,403.1677748261759,False,2,0.30000000000000004,0.7
GLS,GLS in Hannover Laatzen,3,bundled,1,86,56.38950461206911,1.5251064997225268,387.5532480118746,False,2,0.30000000000000004,0.7
GLS,GLS in Hannover Laatzen,4,standalone,1,152,357.6158854957556,0.4250370471918089,738.2453204029204,False,2,0.30000000000000004,0.7
GLS,GLS in Hannover Laatzen,4,bundled,1,119,33.960996603727956,3.504019666694268,297.81297876410895,False,2,0.30000000000000004,0.7
GLS,GLS in Hannover Laatzen,4,bundled,1,113,173.55971997363926,0.6510727259594724,458.7837696926181,False,2,0.30000000000000004,0.7
GLS,GLS in Hannover Laatzen,4,bundled,1,103,59.876286869182046,1.720213550065902,364.47672569834646,False,2,0.30000000000000004,0.7
GLS,GLS in Hannover Laatzen,4,bundled,2,123,104.57587841730401,1.1761794580311875,360.80861853013425,False,2,0.30000000000000004,0.7
GLS,GLS in Hannover Laatzen,4,bundled,2,164,185.05684912483449,0.8862141594628034,597.2687761210758,False,2,0.30000000000000004,0.7
GLS,GLS in Hannover Laatzen,4,bundled,2,157,42.94222471455214,3.6560751345236264,373.69631209752254,False,2,0.30000000000000004,0.7
GLS,GLS in Hannover Laatzen,5,bundled,1,113,125.18180774883541,0.9026870759585373,490.41941423186813,False,2,0.30000000000000004,0.7
GLS,GLS in Hannover Laatzen,5,bundled,1,111,129.47251256919432,0.8573248313280241,375.9999429595042,False,2,0.30000000000000004,0.7
GLS,GLS in Hannover Laatzen,5,bundled,1,84,53.8021301528445,1.5612764729085535,368.05515690900967,False,2,0.30000000000000004,0.7
GLS,GLS in Hannover Laatzen,5,bundled,1,82,102.53407734275534,0.7997341188909016,360.25725169805355,False,2,0.30000000000000004,0.7
Hermes,Hermes LC Hannover Langenhagen,0,standalone,1,158,112.90680951768702,1.3993841529571258,427.1472787900267,False,2,0.30000000000000004,0.7
Hermes,Hermes LC Hannover Langenhagen,0,standalone,1,154,159.38246951696127,0.9662292250002534,547.3618042494849,False,2,0.30000000000000004,0.7
Hermes,Hermes LC Hannover Langenhagen,0,bundled,1,147,101.18549289373648,1.452777426842969,410.7908772874535,False,2,0.30000000000000004,0.7
Hermes,Hermes LC Hannover Langenhagen,0,bundled,2,215,28.38469444950238,7.574504646597287,452.51278966218007,True,2,0.30000000000000004,0.7
Hermes,Hermes LC Hannover Langenhagen,0,bundled,2,216,13.67489944324496,15.795362949209714,386.84941489123827,True,2,0.30000000000000004,0.7
Hermes,Hermes LC Hannover Langenhagen,0,bundled,2,273,172.70937718185488,1.5806900844332488,799.5900581045944,False,2,0.30000000000000004,0.7
Hermes,Hermes LC Hannover Langenhagen,1,standalone,1,188,102.53407734275534,1.8335367603840182,452.1084882321025,False,2,0.30000000000000004,0.7
Hermes,Hermes LC Hannover Langenhagen,1,standalone,1,244,129.47251256919432,1.8845698994958366,751.9687996073536,False,2,0.30000000000000004,0.7
Hermes,Hermes LC Hannover Langenhagen,1,bundled,1,138,5.186686836161483,26.60658033908402,298.97492685843144,True,2,0.30000000000000004,0.7
Hermes,Hermes LC Hannover Langenhagen,1,bundled,1,115,139.34872865781722,0.825267665572984,446.32458058956604,False,2,0.30000000000000004,0.7
Hermes,Hermes LC Hannover Langenhagen,2,standalone,1,281,357.6158854957556,0.7857592780322257,1077.1254276962854,False,2,0.30000000000000004,0.7
Hermes,Hermes LC Hannover Langenhagen,2,bundled,1,149,153.22446344831192,0.972429575844219,402.5343319347819,False,2,0.30000000000000004,0.7
Hermes,Hermes LC Hannover Langenhagen,2,bundled,1,143,37.755537878390655,3.787523845126993,379.31417556997053,False,2,0.30000000000000004,0.7
Hermes,Hermes LC Hannover Langenhagen,3,standalone,1,210,102.53407734275534,2.0480995727693823,512.1681288053097,False,2,0.30000000000000004,0.7
Hermes,Hermes LC Hannover Langenhagen,3,standalone,1,257,129.47251256919432,1.9849773121738936,748.5368366968584,False,2,0.30000000000000004,0.7
Hermes,Hermes LC Hannover Langenhagen,3,standalone,1,173,112.90680951768702,1.5322370788707769,443.15076766651373,False,2,0.30000000000000004,0.7
Hermes,Hermes LC Hannover Langenhagen,3,standalone,1,158,101.18549289373648,1.5614886628652318,426.1184835676135,False,2,0.30000000000000004,0.7
Hermes,Hermes LC Hannover Langenhagen,3,standalone,1,168,159.38246951696127,1.054068245454822,568.5701638980653,False,2,0.30000000000000004,0.7
Hermes,Hermes LC Hannover Langenhagen,3,bundled,2,223,147.65469911999227,1.510280413214469,765.1501987591279,False,2,0.30000000000000004,0.7
Hermes,Hermes LC Hannover Langenhagen,3,bundled,2,177,18.245999319248725,9.700756692086074,349.1395460526403,True,2,0.30000000000000004,0.7
Hermes,Hermes LC Hannover Langenhagen,4,standalone,1,227,125.18180774883541,1.8133625331202474,571.1653914752924,False,2,0.30000000000000004,0.7
Hermes,Hermes LC Hannover Langenhagen,4,standalone,1,230,357.6158854957556,0.6431481635139213,900.5351644531074,False,2,0.30000000000000004,0.7
Hermes,Hermes LC Hannover Langenhagen,4,bundled,2,219,86.16807571648474,2.541544512617024,591.9276775313564,False,2,0.30000000000000004,0.7
Hermes,Hermes LC Hannover Langenhagen,4,bundled,2,207,196.35582033099533,1.0542086282497858,668.72041213835,False,2,0.30000000000000004,0.7
Hermes,Hermes LC Hannover Langenhagen,4,bundled,2,175,9.726474682309549,17.99213031606291,348.20602257042754,True,2,0.30000000000000004,0.7
Hermes,Hermes LC Hannover Langenhagen,4,bundled,3,248,67.44679054182555,3.6769725884318927,736.3558536666454,False,2,0.30000000000000004,0.7
Hermes,Hermes LC Hannover Langenhagen,5,standalone,1,168,129.47251256919432,1.297572717685658,543.7569913189399,False,2,0.30000000000000004,0.7
Hermes,Hermes LC Hannover Langenhagen,5,bundled,1,124,102.53407734275534,1.209354033444778,394.63650535377377,False,2,0.30000000000000004,0.7
Hermes,Hermes LC Hannover Langenhagen,5,bundled,1,73,139.34872865781722,0.5238655616245899,376.6810503430038,False,2,0.30000000000000004,0.7
UPS,UPS Depot Hannover,0,bundled,1,86,129.47251256919432,0.6642336531009916,418.0994977717378,False,2,0.30000000000000004,0.7
UPS,UPS Depot Hannover,0,bundled,1,72,357.6158854957556,0.20133333814348842,494.0356529008644,False,2,0.30000000000000004,0.7
UPS,UPS Depot Hannover,0,bundled,1,52,112.90680951768702,0.4605568098339908,337.652819492921,False,2,0.30000000000000004,0.7
UPS,UPS Depot Hannover,0,bundled,1,51,102.53407734275534,0.4973956105297071,347.96866309521164,False,2,0.30000000000000004,0.7
UPS,UPS Depot Hannover,0,bundled,1,50,159.38246951696127,0.3137107873377446,394.3017666455064,False,2,0.30000000000000004,0.7
UPS,UPS Depot Hannover,0,bundled,1,49,53.8021301528445,0.9107446091966563,302.81337611132454,False,2,0.30000000000000004,0.7
UPS,UPS Depot Hannover,0,bundled,1,43,12.528872220645557,3.4320726752359203,281.17792183839697,False,2,0.30000000000000004,0.7
UPS,UPS Depot Hannover,0,bundled,1,41,31.832385676522556,1.2879964579669838,326.1930143219729,False,2,0.30000000000000004,0.7
UPS,UPS Depot Hannover,1,bundled,1,81,19.21423828970633,4.215623787875798,311.95841235839634,False,2,0.30000000000000004,0.7
UPS,UPS Depot Hannover,1,bundled,1,44,37.755537878390655,1.165391952346767,340.2549106769054,False,2,0.30000000000000004,0.7
UPS,UPS Depot Hannover,1,bundled,2,71,182.48008554050062,0.38908355281454465,456.9220753668559,False,2,0.30000000000000004,0.7
UPS,UPS Depot Hannover,2,bundled,1,96,357.6158854957556,0.2684444508579846,517.5958873814203,False,2,0.30000000000000004,0.7
UPS,UPS Depot Hannover,2,bundled,1,70,102.53407734275534,0.682699857589794,354.6677741987112,False,2,0.30000000000000004,0.7
UPS,UPS Depot Hannover,2,bundled,1,69,112.90680951768702,0.6111234592027954,359.8529912848688,False,2,0.30000000000000004,0.7
UPS,UPS Depot Hannover,2,bundled,1,58,159.38246951696127,0.36390451331178375,403.27586685083486,False,2,0.30000000000000004,0.7
UPS,UPS Depot Hannover,2,bundled,1,54,53.8021301528445,1.0036777325840702,311.30391292015565,False,2,0.30000000000000004,0.7
UPS,UPS Depot Hannover,2,bundled,1,41,101.18549289373648,0.40519642517388926,325.9543593451222,False,2,0.30000000000000004,0.7
UPS,UPS Depot Hannover,3,bundled,1,93,129.47251256919432,0.7182991830045607,442.0992924020569,False,2,0.30000000000000004,0.7
UPS,UPS Depot Hannover,3,bundled,1,71,173.55971997363926,0.4090810933019694,349.650583150559,False,2,0.30000000000000004,0.7
UPS,UPS Depot Hannover,3,bundled,1,45,37.755537878390655,1.1918781330819208,336.6394480667159,False,2,0.30000000000000004,0.7
UPS,UPS Depot Hannover,3,bundled,1,45,31.832385676522556,1.413654648988153,327.57114720823904,False,2,0.30000000000000004,0.7
UPS,UPS Depot Hannover,3,bundled,1,44,12.528872220645557,3.511888318846058,283.25752968446113,False,2,0.30000000000000004,0.7
UPS,UPS Depot Hannover,3,bundled,1,41,139.34872865781722,0.29422586337819434,345.5639342260013,False,2,0.30000000000000004,0.7
UPS,UPS Depot Hannover,4,bundled,1,89,125.18180774883541,0.7109659270823878,388.2087727944578,False,2,0.30000000000000004,0.7
UPS,UPS Depot Hannover,4,bundled,1,74,357.6158854957556,0.20692593086969643,478.05869460332036,False,2,0.30000000000000004,0.7
UPS,UPS Depot Hannover,4,bundled,1,52,112.90680951768702,0.4605568098339908,339.01030347665477,False,2,0.30000000000000004,0.7
UPS,UPS Depot Hannover,4,bundled,1,48,102.53407734275534,0.4681370452044302,340.7061087482157,False,2,0.30000000000000004,0.7
UPS,UPS Depot Hannover,4,bundled,1,45,53.8021301528445,0.8363981104867252,304.49259668507995,False,2,0.30000000000000004,0.7
UPS,UPS Depot Hannover,4,bundled,1,45,159.38246951696127,0.2823397086039702,383.9614016053109,False,2,0.30000000000000004,0.7
UPS,UPS Depot Hannover,4,bundled,1,31,101.18549289373648,0.30636802879001385,318.57753228376674,False,2,0.30000000000000004,0.7
UPS,UPS Depot Hannover,4,bundled,1,23,66.6831619829418,0.34491465785446146,330.6484947275423,False,2,0.30000000000000004,0.7
UPS,UPS Depot Hannover,5,bundled,1,44,173.55971997363926,0.25351504373643174,306.2651056079443,False,2,0.30000000000000004,0.7
UPS,UPS Depot Hannover,5,bundled,1,18,139.34872865781722,0.1291723302635975,304.8276967972778,False,2,0.30000000000000004,0.7
Amazon,Amazon Logistics HAJ8 in Garbsen,0,standalone,1,194,3.576189607493106,54.24768295101478,294.4758011085538,True,2,0.4,0.6
Amazon,Amazon Logistics HAJ8 in Garbsen,0,standalone,1,184,8.305970462175056,22.1527395068314,335.3553433224298,True,2,0.4,0.6
Amazon,Amazon Logistics HAJ8 in Garbsen,0,standalone,1,434,173.55971997363926,2.500580204127531,953.2545739529496,False,2,0.4,0.6
Amazon,Amazon Logistics HAJ8 in Garbsen,0,standalone,1,385,112.90680951768702,3.409891765117047,809.520749789687,False,2,0.4,0.6
Amazon,Amazon Logistics HAJ8 in Garbsen,0,standalone,1,375,159.38246951696127,2.3528309050330845,857.5292461014028,False,2,0.4,0.6
Amazon,Amazon Logistics HAJ8 in Garbsen,1,standalone,1,396,19.484913733542946,20.323415613500654,706.3669870959475,True,2,0.4,0.6
Amazon,Amazon Logistics HAJ8 in Garbsen,1,standalone,1,276,139.34872865781722,1.9806423973751617,878.3440557077472,False,2,0.4,0.6
Amazon,Amazon Logistics HAJ8 in Garbsen,2,standalone,1,216,8.305970462175056,26.005389855845554,365.77809628937655,True,2,0.4,0.6
Amazon,Amazon Logistics HAJ8 in Garbsen,2,standalone,1,383,153.22446344831192,2.4996008560290996,784.9635543921286,False,2,0.4,0.6
Amazon,Amazon Logistics HAJ8 in Garbsen,3,standalone,1,409,159.38246951696127,2.566154240422751,886.340687005141,False,2,0.4,0.6
Amazon,Amazon Logistics HAJ8 in Garbsen,4,standalone,1,193,43.13135688268341,4.47470272092197,370.82527838777867,False,2,0.4,0.6
Amazon,Amazon Logistics HAJ8 in Garbsen,4,bundled,1,125,3.3903855235675273,36.86896346480059,316.0628860946966,True,2,0.4,0.6
DPD,DPD Paketzentrum in Lehrte,0,standalone,1,165,5.368928981069905,30.73238639992576,318.20621214969503,True,2,0.4,0.6
DPD,DPD Paketzentrum in Lehrte,0,standalone,1,174,23.77191867081394,7.319560629896868,380.2847979759755,True,2,0.4,0.6
DPD,DPD Paketzentrum in Lehrte,0,standalone,1,159,102.53407734275534,1.550703962239675,514.2017850988934,False,2,0.4,0.6
DPD,DPD Paketzentrum in Lehrte,0,standalone,1,169,59.876286869182046,2.8224863103023052,408.18816924717225,False,2,0.4,0.6
DPD,DPD Paketzentrum in Lehrte,0,bundled,1,143,153.22446344831192,0.9332713378907606,391.00342672639164,False,2,0.4,0.6
DPD,DPD Paketzentrum in Lehrte,0,bundled,1,136,101.18549289373648,1.3440661908207059,347.79911176660266,False,2,0.4,0.6
DPD,DPD Paketzentrum in Lehrte,0,bundled,1,104,139.34872865781722,0.7463290193007855,379.8178510928658,False,2,0.4,0.6
DPD,DPD Paketzentrum in Lehrte,0,bundled,2,174,110.21652729343282,1.5787106006048848,623.1967856161092,False,2,0.4,0.6
DPD,DPD Paketzentrum in Lehrte,0,bundled,2,177,16.125078611757235,10.976690673057833,390.14916179319636,True,2,0.4,0.6
DPD,DPD Paketzentrum in Lehrte,0,bundled,2,178,71.14567088466362,2.501909080154169,452.4460224904212,False,2,0.4,0.6
DPD,DPD Paketzentrum in Lehrte,0,bundled,2,179,53.74204057774344,3.330725779588848,477.0358331182382,False,2,0.4,0.6
DPD,DPD Paketzentrum in Lehrte,1,standalone,1,186,173.55971997363926,1.0716772303403705,673.4250716874124,False,2,0.4,0.6
DPD,DPD Paketzentrum in Lehrte,1,standalone,1,171,53.8021301528445,3.178312819849556,437.62579976475024,False,2,0.4,0.6
DPD,DPD Paketzentrum in Lehrte,1,bundled,1,89,8.86389555258122,10.04073203164975,280.4323718561729,False,2,0.4,0.6
DPD,DPD Paketzentrum in Lehrte,2,standalone,1,188,5.186686836161483,36.24664567933185,355.2847162772597,True,2,0.4,0.6
DPD,DPD Paketzentrum in Lehrte,2,standalone,1,180,12.113461405690837,14.859501671044827,370.5114746678237,True,2,0.4,0.6
DPD,DPD Paketzentrum in Lehrte,2,standalone,1,209,102.53407734275534,2.0383467176609567,593.830103130369,False,2,0.4,0.6
DPD,DPD Paketzentrum in Lehrte,2,standalone,1,202,59.876286869182046,3.3736226904205067,418.20214970028707,False,2,0.4,0.6
DPD,DPD Paketzentrum in Lehrte,2,standalone,1,163,153.22446344831192,1.063798797735622,403.12587464195826,False,2,0.4,0.6
DPD,DPD Paketzentrum in Lehrte,2,standalone,1,190,112.90680951768702,1.6828037282395816,415.8678422646505,False,2,0.4,0.6
DPD,DPD Paketzentrum in Lehrte,2,standalone,1,157,101.18549289373648,1.5516058232268444,368.4436373427019,False,2,0.4,0.6
DPD,DPD Paketzentrum in Lehrte,2,standalone,1,271,125.18180774883541,2.164851306059855,888.8243032386138,False,2,0.4,0.6
DPD,DPD Paketzentrum in Lehrte,2,bundled,3,296,165.40675345990664,1.7895278990029158,852.0873596398201,False,2,0.4,0.6
DPD,DPD Paketzentrum in Lehrte,2,bundled,3,287,21.649351301357093,13.256748251020776,641.2746612504543,True,2,0.4,0.6
DPD,DPD Paketzentrum in Lehrte,2,bundled,3,282,14.665915731772758,19.22825721608813,629.9173517005325,True,2,0.4,0.6
DPD,DPD Paketzentrum in Lehrte,2,bundled,3,278,163.64154154698892,1.6988351330103644,892.5256912826634,False,2,0.4,0.6
DPD,DPD Paketzentrum in Lehrte,3,standalone,1,191,173.55971997363926,1.1004857580376923,678.2275117223778,False,2,0.4,0.6
DPD,DPD Paketzentrum in Lehrte,3,standalone,1,179,53.8021301528445,3.3270058172694177,481.976771260364,False,2,0.4,0.6
DPD,DPD Paketzentrum in Lehrte,3,standalone,1,157,159.38246951696127,0.9850518722405182,570.2233852848691,False,2,0.4,0.6
DPD,DPD Paketzentrum in Lehrte,3,bundled,5,519,93.73272247870838,5.537020437210624,1273.9733308843151,True,2,0.4,0.6
DPD,DPD Paketzentrum in Lehrte,4,standalone,1,155,102.53407734275534,1.5116925418059726,514.3439647019336,False,2,0.4,0.6
DPD,DPD Paketzentrum in Lehrte,4,standalone,1,223,125.18180774883541,1.7814090083075558,708.8374475146712,False,2,0.4,0.6
DPD,DPD Paketzentrum in Lehrte,4,bundled,1,135,153.22446344831192,0.8810603539528159,384.16905203093313,False,2,0.4,0.6
DPD,DPD Paketzentrum in Lehrte,4,bundled,1,124,101.18549289373648,1.2254721151600554,324.2169950993072,False,2,0.4,0.6
DPD,DPD Paketzentrum in Lehrte,4,bundled,1,116,2.603733329707664,44.55141341721964,285.8541870067182,True,2,0.4,0.6
DPD,DPD Paketzentrum in Lehrte,4,bundled,1,106,31.832385676522556,3.3299420620609825,350.4155208713763,False,2,0.4,0.6
DPD,DPD Paketzentrum in Lehrte,4,bundled,2,199,177.1042665362079,1.1236318802027034,695.2737810879647,False,2,0.4,0.6
DPD,DPD Paketzentrum in Lehrte,5,bundled,1,119,173.55971997363926,0.6856429591962585,457.79616007174195,False,2,0.4,0.6
DPD,DPD Paketzentrum in Lehrte,5,bundled,1,117,53.8021301528445,2.1746350872654854,395.78806309822346,False,2,0.4,0.6
DPD,DPD Paketzentrum in Lehrte,5,bundled,1,106,112.90680951768702,0.938827343123135,332.6982884303101,False,2,0.4,0.6
DPD,DPD Paketzentrum in Lehrte,5,bundled,1,100,159.38246951696127,0.6274215746754892,455.56353464939576,False,2,0.4,0.6
FedEx,FedEx Station - Heinz-Peter-Piper Str.,0,bundled,1,72,357.6158854957556,0.20133333814348842,524.1789416210536,False,2,0.4,0.6
FedEx,FedEx Station - Heinz-Peter-Piper Str.,0,bundled,1,58,173.55971997363926,0.33417892128893273,333.68028594436834,False,2,0.4,0.6
FedEx,FedEx Station - Heinz-Peter-Piper Str.,0,bundled,1,40,159.38246951696127,0.2509686298701957,369.99632385126495,False,2,0.4,0.6
FedEx,FedEx Station - Heinz-Peter-Piper Str.,0,bundled,1,27,101.18549289373648,0.2668366702364637,326.638504964478,False,2,0.4,0.6
FedEx,FedEx Station - Heinz-Peter-Piper Str.,0,bundled,1,21,6.967819653017212,3.0138552726327466,286.0257747438849,False,2,0.4,0.6
FedEx,FedEx Station - Heinz-Peter-Piper Str.,1,bundled,1,105,67.00018830712914,1.5671597745170442,320.07167388133666,False,2,0.4,0.6
FedEx,FedEx Station - Heinz-Peter-Piper Str.,1,bundled,1,98,125.18180774883541,0.7828613579109438,405.9855377159208,False,2,0.4,0.6
FedEx,FedEx Station - Heinz-Peter-Piper Str.,1,bundled,1,49,112.90680951768702,0.4339862246512605,351.3736609067165,False,2,0.4,0.6
FedEx,FedEx Station - Heinz-Peter-Piper Str.,1,bundled,1,48,102.53407734275534,0.4681370452044302,334.78770836515224,False,2,0.4,0.6
FedEx,FedEx Station - Heinz-Peter-Piper Str.,2,bundled,1,90,357.6158854957556,0.25166667267936055,500.0515437865197,False,2,0.4,0.6
FedEx,FedEx Station - Heinz-Peter-Piper Str.,2,bundled,1,74,173.55971997363926,0.42636620992036245,358.4493960731052,False,2,0.4,0.6
FedEx,FedEx Station - Heinz-Peter-Piper Str.,2,bundled,1,53,53.8021301528445,0.9850911079065874,316.2379779289314,False,2,0.4,0.6
FedEx,FedEx Station - Heinz-Peter-Piper Str.,2,bundled,1,46,159.38246951696127,0.288613924350725,372.7751413125701,False,2,0.4,0.6
FedEx,FedEx Station - Heinz-Peter-Piper Str.,3,bundled,1,63,9.157258958740023,6.879787967541367,318.15051305052197,False,2,0.4,0.6
FedEx,FedEx Station - Heinz-Peter-Piper Str.,3,bundled,2,82,169.21723932569714,0.4845841967801656,472.299838539418,False,2,0.4,0.6
FedEx,FedEx Station - Heinz-Peter-Piper Str.,3,bundled,2,85,118.97579916652853,0.7144310069397126,432.61794200810596,False,2,0.4,0.6
FedEx,FedEx Station - Heinz-Peter-Piper Str.,4,bundled,1,85,125.18180774883541,0.6790124022696962,386.46311404871653,False,2,0.4,0.6
FedEx,FedEx Station - Heinz-Peter-Piper Str.,4,bundled,1,74,129.47251256919432,0.5715498875520161,414.14204457966576,False,2,0.4,0.6
FedEx,FedEx Station - Heinz-Peter-Piper Str.,4,bundled,1,74,357.6158854957556,0.20692593086969643,488.81693041023516,False,2,0.4,0.6
FedEx,FedEx Station - Heinz-Peter-Piper Str.,4,bundled,1,55,173.55971997363926,0.3168938046705397,329.04056991460516,False,2,0.4,0.6
FedEx,FedEx Station - Heinz-Peter-Piper Str.,4,bundled,1,38,159.38246951696127,0.2384201983766859,342.4520061486834,False,2,0.4,0.6
FedEx,FedEx Station - Heinz-Peter-Piper Str.,4,bundled,1,33,37.755537878390655,0.8740439642600752,328.96969372661715,False,2,0.4,0.6
FedEx,FedEx Station - Heinz-Peter-Piper Str.,4,bundled,1,31,43.13135688268341,0.7187346339304719,318.86400288892037,False,2,0.4,0.6
FedEx,FedEx Station - Heinz-Peter-Piper Str.,4,bundled,1,28,12.528872220645557,2.234838021083855,285.7149598844372,False,2,0.4,0.6
FedEx,FedEx Station - Heinz-Peter-Piper Str.,4,bundled,1,27,53.82702268136371,0.5016067888396898,332.48775134819334,False,2,0.4,0.6
FedEx,FedEx Station - Heinz-Peter-Piper Str.,4,bundled,1,26,101.18549289373648,0.25695383059807614,326.2251748222111,False,2,0.4,0.6
FedEx,FedEx Station - Heinz-Peter-Piper Str.,4,bundled,1,21,139.34872865781722,0.1507010519741971,321.5277654674477,False,2,0.4,0.6
FedEx,FedEx Station - Heinz-Peter-Piper Str.,5,bundled,1,32,102.53407734275534,0.31209136346962013,326.78835526114216,False,2,0.4,0.6
FedEx,FedEx Station - Heinz-Peter-Piper Str.,5,bundled,2,34,72.7521516317833,0.4673401299810683,329.219528999561,False,2,0.4,0.6
GLS,GLS in Hannover Laatzen,0,standalone,1,177,6.17992293720077,28.641133845622537,342.34362583010545,True,2,0.4,0.6
GLS,GLS in Hannover Laatzen,0,standalone,1,204,129.47251256919432,1.5756240143325848,585.8754978563757,False,2,0.4,0.6
GLS,GLS in Hannover Laatzen,0,standalone,1,215,125.18180774883541,1.7175019586821727,687.2593377386861,False,2,0.4,0.6
GLS,GLS in Hannover Laatzen,0,standalone,1,206,357.6158854957556,0.5760370507994252,1053.4776462448635,False,2,0.4,0.6
GLS,GLS in Hannover Laatzen,0,bundled,1,138,112.90680951768702,1.2222469184055909,419.7259070135093,False,2,0.4,0.6
GLS,GLS in Hannover Laatzen,0,bundled,1,132,101.18549289373648,1.3045348322671557,357.61490854866423,False,2,0.4,0.6
GLS,GLS in Hannover Laatzen,0,bundled,2,208,157.68697235003376,1.3190690194639625,701.7025116689929,False,2,0.4,0.6
GLS,GLS in Hannover Laatzen,0,bundled,2,200,46.91279683713068,4.263229086390846,408.4126957261549,False,2,0.4,0.6
GLS,GLS in Hannover Laatzen,0,bundled,2,198,33.63037001480175,5.8875355790868245,411.2507574831612,True,2,0.4,0.6
GLS,GLS in Hannover Laatzen,1,standalone,1,181,23.77191867081394,7.614025712708811,381.07120744731367,True,2,0.4,0.6
GLS,GLS in Hannover Laatzen,1,standalone,1,167,102.53407734275534,1.62872680310708,472.9119162013278,False,2,0.4,0.6
GLS,GLS in Hannover Laatzen,1,standalone,1,166,173.55971997363926,0.9564431195510833,646.2381041611236,False,2,0.4,0.6
GLS,GLS in Hannover Laatzen,1,standalone,1,163,53.8021301528445,3.0296198224296935,421.7344347315149,False,2,0.4,0.6
GLS,GLS in Hannover Laatzen,1,bundled,1,105,139.34872865781722,0.7535052598709855,428.69622058447453,False,2,0.4,0.6
GLS,GLS in Hannover Laatzen,1,bundled,1,100,56.38950461206911,1.7733796508401474,410.21728109161313,False,2,0.4,0.6
GLS,GLS in Hannover Laatzen,1,bundled,1,82,66.6831619829418,1.2296957366985146,313.5307431540862,False,2,0.4,0.6
GLS,GLS in Hannover Laatzen,2,standalone,1,380,58.08159729436245,6.542519794593937,759.8813351285064,True,2,0.4,0.6
GLS,GLS in Hannover Laatzen,2,standalone,1,181,33.960996603727956,5.3296433585853995,352.12512784492685,True,2,0.4,0.6
GLS,GLS in Hannover Laatzen,2,standalone,1,153,101.18549289373648,1.5120744646732942,393.5357287869974,False,2,0.4,0.6
GLS,GLS in Hannover Laatzen,2,bundled,3,326,185.109650932504,1.761118333688979,881.593868157732,False,2,0.4,0.6
GLS,GLS in Hannover Laatzen,2,bundled,4,395,27.30497803038679,14.466226618472934,705.344627384892,True,2,0.4,0.6
GLS,GLS in Hannover Laatzen,2,bundled,3,301,19.688757509303358,15.28791239659339,613.9700984529933,True,2,0.4,0.6
GLS,GLS in Hannover Laatzen,3,standalone,1,189,102.53407734275534,1.843289615492444,489.0456113763595,False,2,0.4,0.6
GLS,GLS in Hannover Laatzen,3,standalone,1,175,173.55971997363926,1.0082984694062624,655.8882854278202,False,2,0.4,0.6
GLS,GLS in Hannover Laatzen,3,standalone,1,175,53.8021301528445,3.2526593185594868,423.6603462770777,False,2,0.4,0.6
GLS,GLS in Hannover Laatzen,3,standalone,1,231,129.47251256919432,1.78416248681778,708.0987461469405,False,2,0.4,0.6
GLS,GLS in Hannover Laatzen,3,standalone,1,160,112.90680951768702,1.4170978764122792,466.13317979499175,False,2,0.4,0.6
GLS,GLS in Hannover Laatzen,3,standalone,1,234,125.18180774883541,1.8692812015424578,851.2643103420531,False,2,0.4,0.6
GLS,GLS in Hannover Laatzen,3,bundled,1,125,139.34872865781722,0.8970300712749827,458.8329349350066,False,2,0.4,0.6
GLS,GLS in Hannover Laatzen,3,bundled,2,228,14.326856558924746,15.914167847096236,523.8186344859103,True,2,0.4,0.6
GLS,GLS in Hannover Laatzen,3,bundled,2,228,88.22189028859167,2.5843925952409976,674.2184191707894,False,2,0.4,0.6
GLS,GLS in Hannover Laatzen,4,standalone,1,203,357.6158854957556,0.5676481617101132,992.8222664016145,False,2,0.4,0.6
GLS,GLS in Hannover Laatzen,4,bundled,1,129,19.484913733542946,6.620506601367636,311.4190782053616,True,2,0.4,0.6
GLS,GLS in Hannover Laatzen,4,bundled,1,123,5.368928981069905,22.90959713449011,292.37925564567223,True,2,0.4,0.6
GLS,GLS in Hannover Laatzen,4,bundled,2,223,197.1380073953519,1.1311872476867586,715.3655155179464,False,2,0.4,0.6
GLS,GLS in Hannover Laatzen,4,bundled,2,229,106.37217972989797,2.152818533769644,640.3726354435556,False,2,0.4,0.6
GLS,GLS in Hannover Laatzen,4,bundled,2,235,166.93934818605868,1.4076968824514984,887.9281032467904,False,2,0.4,0.6
GLS,GLS in Hannover Laatzen,5,bundled,1,115,173.55971997363926,0.6625961370384011,481.2117639473613,False,2,0.4,0.6
GLS,GLS in Hannover Laatzen,5,bundled,1,112,53.8021301528445,2.0817019638780714,395.6665765305438,False,2,0.4,0.6
GLS,GLS in Hannover Laatzen,5,bundled,1,110,102.53407734275534,1.0728140619268192,403.87868976037413,False,2,0.4,0.6
GLS,GLS in Hannover Laatzen,5,bundled,1,103,59.876286869182046,1.720213550065902,368.48306030109273,False,2,0.4,0.6
GLS,GLS in Hannover Laatzen,5,bundled,1,70,56.38950461206911,1.2413657555881032,382.5099737937046,False,2,0.4,0.6
GLS,GLS in Hannover Laatzen,5,bundled,1,64,139.34872865781722,0.45927939649279115,363.47188472524743,False,2,0.4,0.6
Hermes,Hermes LC Hannover Langenhagen,0,standalone,1,214,59.876286869182046,3.5740359195543983,447.05899079299115,False,2,0.4,0.6
Hermes,Hermes LC Hannover Langenhagen,0,standalone,1,179,153.22446344831192,1.1682207656115113,428.6068543264897,False,2,0.4,0.6
Hermes,Hermes LC Hannover Langenhagen,0,standalone,1,210,112.90680951768702,1.8599409627911165,556.1725763548238,False,2,0.4,0.6
Hermes,Hermes LC Hannover Langenhagen,0,standalone,1,196,101.18549289373648,1.9370365691239586,502.36934843491645,False,2,0.4,0.6
Hermes,Hermes LC Hannover Langenhagen,0,standalone,1,206,159.38246951696127,1.2924884438315078,674.7895237258973,False,2,0.4,0.6
Hermes,Hermes LC Hannover Langenhagen,0,bundled,5,515,87.58314356220868,5.88012691773509,1085.456209979445,True,2,0.4,0.6
Hermes,Hermes LC Hannover Langenhagen,1,standalone,1,184,5.186686836161483,35.475440452112025,324.68001265801996,True,2,0.4,0.6
Hermes,Hermes LC Hannover Langenhagen,1,standalone,1,196,13.714884737746763,14.2910424511669,377.73768826757134,True,2,0.4,0.6
Hermes,Hermes LC Hannover Langenhagen,1,standalone,1,326,129.47251256919432,2.5179089640805032,789.9445409861385,False,2,0.4,0.6
Hermes,Hermes LC Hannover Langenhagen,1,standalone,1,153,139.34872865781722,1.0979648072405788,542.589191522566,False,2,0.4,0.6
Hermes,Hermes LC Hannover Langenhagen,1,bundled,1,104,8.305970462175056,12.521113634296007,282.6521275116816,True,2,0.4,0.6
Hermes,Hermes LC Hannover Langenhagen,2,standalone,1,198,153.22446344831192,1.29222185246413,466.577973931196,False,2,0.4,0.6
Hermes,Hermes LC Hannover Langenhagen,2,standalone,1,374,357.6158854957556,1.0458148398008982,1232.9137911036191,False,2,0.4,0.6
Hermes,Hermes LC Hannover Langenhagen,3,standalone,1,280,102.53407734275534,2.730799430359176,691.238168627388,False,2,0.4,0.6
Hermes,Hermes LC Hannover Langenhagen,3,standalone,1,189,37.755537878390655,5.005888158944067,405.7555708749248,True,2,0.4,0.6
Hermes,Hermes LC Hannover Langenhagen,3,standalone,1,343,129.47251256919432,2.6492109652748854,792.972635531627,False,2,0.4,0.6
Hermes,Hermes LC Hannover Langenhagen,3,standalone,1,189,139.34872865781722,1.3563094677677738,561.3406528183058,False,2,0.4,0.6
Hermes,Hermes LC Hannover Langenhagen,3,bundled,3,359,19.086311169089345,18.80929200092931,586.6912861767636,True,2,0.4,0.6
Hermes,Hermes LC Hannover Langenhagen,3,bundled,3,351,68.20198279238028,5.146477941389334,758.667661205742,True,2,0.4,0.6
Hermes,Hermes LC Hannover Langenhagen,3,bundled,3,358,124.48432857738084,2.8758640070702817,866.9067087494763,False,2,0.4,0.6
Hermes,Hermes LC Hannover Langenhagen,4,standalone,1,191,19.484913733542946,9.802455510552083,377.1107557642839,True,2,0.4,0.6
Hermes,Hermes LC Hannover Langenhagen,4,standalone,1,196,112.90680951768702,1.735944898605042,491.43940491739716,False,2,0.4,0.6
Hermes,Hermes LC Hannover Langenhagen,4,standalone,1,184,101.18549289373648,1.818442493463308,469.0833953586532,False,2,0.4,0.6
Hermes,Hermes LC Hannover Langenhagen,4,standalone,1,188,159.38246951696127,1.1795525603899197,606.0809125793452,False,2,0.4,0.6
Hermes,Hermes LC Hannover Langenhagen,4,bundled,4,463,23.346242542771396,19.83188511606365,853.2510213972413,True,2,0.4,0.6
Hermes,Hermes LC Hannover Langenhagen,5,standalone,1,165,102.53407734275534,1.6092210928902289,448.32014529646517,False,2,0.4,0.6
Hermes,Hermes LC Hannover Langenhagen,5,bundled,1,97,139.34872865781722,0.6960953353093865,417.6892709819974,False,2,0.4,0.6
Hermes,Hermes LC Hannover Langenhagen,5,bundled,1,78,66.6831619829418,1.1697105788107822,360.54556351446627,False,2,0.4,0.6
UPS,UPS Depot Hannover,0,bundled,1,115,129.47251256919432,0.8882194198443493,483.1591692196588,False,2,0.4,0.6
UPS,UPS Depot Hannover,0,bundled,1,95,357.6158854957556,0.26564815449488055,616.3629967530865,False,2,0.4,0.6
UPS,UPS Depot Hannover,0,bundled,1,70,112.90680951768702,0.6199803209303721,362.05280607366205,False,2,0.4,0.6
UPS,UPS Depot Hannover,0,bundled,1,69,102.53407734275534,0.6729470024813684,373.34515201677635,False,2,0.4,0.6
UPS,UPS Depot Hannover,0,bundled,1,66,159.38246951696127,0.4140982392858229,431.3759215057982,False,2,0.4,0.6
UPS,UPS Depot Hannover,0,bundled,1,58,12.528872220645557,4.629307329387985,296.10329727764633,False,2,0.4,0.6
UPS,UPS Depot Hannover,0,bundled,1,54,31.832385676522556,1.6963855787857836,328.6081665074991,False,2,0.4,0.6
UPS,UPS Depot Hannover,0,bundled,1,52,37.755537878390655,1.3772813982279974,348.0040963043999,False,2,0.4,0.6
UPS,UPS Depot Hannover,1,bundled,1,115,12.254281076148747,9.384475456812517,331.54286042575075,True,2,0.4,0.6
UPS,UPS Depot Hannover,1,bundled,1,108,19.21423828970633,5.620831717167731,317.6431329639264,True,2,0.4,0.6
UPS,UPS Depot Hannover,1,bundled,2,95,182.48008554050062,0.5206047537659401,519.9568262680126,False,2,0.4,0.6
UPS,UPS Depot Hannover,2,bundled,1,128,357.6158854957556,0.35792593447731275,708.0193352361655,False,2,0.4,0.6
UPS,UPS Depot Hannover,2,bundled,1,94,102.53407734275534,0.9167683801920091,384.4603646003277,False,2,0.4,0.6
UPS,UPS Depot Hannover,2,bundled,1,93,112.90680951768702,0.8236881406646374,379.599065688952,False,2,0.4,0.6
UPS,UPS Depot Hannover,2,bundled,1,78,159.38246951696127,0.4893888282468816,458.60485962862987,False,2,0.4,0.6
UPS,UPS Depot Hannover,2,bundled,1,64,12.528872220645557,5.108201191048812,302.1341157726284,False,2,0.4,0.6
UPS,UPS Depot Hannover,2,bundled,1,61,37.755537878390655,1.6156570248443816,345.5583036488681,False,2,0.4,0.6
UPS,UPS Depot Hannover,2,bundled,1,54,101.18549289373648,0.5336733404729274,338.5888875323227,False,2,0.4,0.6
UPS,UPS Depot Hannover,3,bundled,1,95,173.55971997363926,0.5473620262491139,380.91069199782237,False,2,0.4,0.6
UPS,UPS Depot Hannover,3,bundled,1,60,31.832385676522556,1.8848728653175373,341.18203523018485,False,2,0.4,0.6
UPS,UPS Depot Hannover,3,bundled,1,55,139.34872865781722,0.3946932313609924,367.70324147698716,False,2,0.4,0.6
UPS,UPS Depot Hannover,4,bundled,1,111,129.47251256919432,0.8573248313280241,467.65669212576177,False,2,0.4,0.6
UPS,UPS Depot Hannover,4,bundled,1,99,357.6158854957556,0.2768333399472966,576.8087823122239,False,2,0.4,0.6
UPS,UPS Depot Hannover,4,bundled,1,70,112.90680951768702,0.6199803209303721,365.2411877074055,False,2,0.4,0.6
UPS,UPS Depot Hannover,4,bundled,1,64,102.53407734275534,0.6241827269392403,356.945831912311,False,2,0.4,0.6
UPS,UPS Depot Hannover,4,bundled,1,61,159.38246951696127,0.3827271605520484,417.84934384978635,False,2,0.4,0.6
UPS,UPS Depot Hannover,4,bundled,1,60,53.8021301528445,1.1151974806489668,325.7581071337823,False,2,0.4,0.6
UPS,UPS Depot Hannover,4,bundled,1,41,101.18549289373648,0.40519642517388926,324.3810149514619,False,2,0.4,0.6
UPS,UPS Depot Hannover,4,bundled,1,30,66.6831619829418,0.44988868415799316,342.6960630394717,False,2,0.4,0.6
UPS,UPS Depot Hannover,5,bundled,1,59,173.55971997363926,0.3399406268283971,333.1430896441473,False,2,0.4,0.6
UPS,UPS Depot Hannover,5,bundled,1,24,139.34872865781722,0.17222977368479667,316.4894486044168,False,2,0.4,0.6
Amazon,Amazon Logistics HAJ8 in Garbsen,1,standalone,1,345,139.34872865781722,2.475802996718952,1054.6753074662995,False,2,0.5,0.5
Amazon,Amazon Logistics HAJ8 in Garbsen,4,standalone,1,157,3.3903855235675273,46.307418111789545,325.4426091969915,True,2,0.5,0.5
DPD,DPD Paketzentrum in Lehrte,0,standalone,1,179,153.22446344831192,1.1682207656115113,434.12893406792705,False,2,0.5,0.5
DPD,DPD Paketzentrum in Lehrte,0,bundled,2,247,47.90681859080925,5.155842263493282,671.8228655960877,True,2,0.5,0.5
DPD,DPD Paketzentrum in Lehrte,0,bundled,3,342,156.92723200589447,2.1793540587471387,960.4503538127848,False,2,0.5,0.5
DPD,DPD Paketzentrum in Lehrte,0,bundled,3,349,127.53517549673273,2.7364999392574707,932.2751276126936,False,2,0.5,0.5
DPD,DPD Paketzentrum in Lehrte,0,bundled,2,250,28.371497248446353,8.811660442548206,618.0809157505959,True,2,0.5,0.5
DPD,DPD Paketzentrum in Lehrte,1,standalone,1,218,102.53407734275534,2.126122413636787,657.0412932182618,False,2,0.5,0.5
DPD,DPD Paketzentrum in Lehrte,1,standalone,1,214,53.8021301528445,3.977537680981315,575.9021560205629,False,2,0.5,0.5
DPD,DPD Paketzentrum in Lehrte,1,standalone,1,171,101.18549289373648,1.68996557816427,387.8879056338981,False,2,0.5,0.5
DPD,DPD Paketzentrum in Lehrte,1,standalone,1,179,159.38246951696127,1.1230846186691257,576.8189910704677,False,2,0.5,0.5
DPD,DPD Paketzentrum in Lehrte,1,bundled,3,336,71.40229789420293,4.705730906557833,881.6458315131081,False,2,0.5,0.5
DPD,DPD Paketzentrum in Lehrte,2,standalone,1,261,173.55971997363926,1.5038051458001973,870.4596727946252,False,2,0.5,0.5
DPD,DPD Paketzentrum in Lehrte,2,standalone,1,338,125.18180774883541,2.700072846672439,1078.790289877806,False,2,0.5,0.5
DPD,DPD Paketzentrum in Lehrte,2,bundled,5,599,70.8642409444072,8.452782278016834,1179.1777865382855,True,2,0.5,0.5
DPD,DPD Paketzentrum in Lehrte,2,bundled,6,703,105.7860786581591,6.64548690070741,1562.810561794413,True,2,0.5,0.5
DPD,DPD Paketzentrum in Lehrte,3,standalone,1,223,53.8021301528445,4.144817303078661,599.8546158610186,False,2,0.5,0.5
DPD,DPD Paketzentrum in Lehrte,3,standalone,1,212,112.90680951768702,1.87765468624627,490.0489040700811,False,2,0.5,0.5
DPD,DPD Paketzentrum in Lehrte,3,standalone,1,162,139.34872865781722,1.1625509723723775,462.194186003858,False,2,0.5,0.5
DPD,DPD Paketzentrum in Lehrte,3,standalone,1,197,159.38246951696127,1.2360205021107138,634.3309260369691,False,2,0.5,0.5
DPD,DPD Paketzentrum in Lehrte,3,bundled,5,653,97.466853192895,6.699713580653504,1407.3458277148113,True,2,0.5,0.5
DPD,DPD Paketzentrum in Lehrte,3,bundled,4,540,79.03360493919298,6.832536620535861,1292.9442954564524,True,2,0.5,0.5
DPD,DPD Paketzentrum in Lehrte,4,standalone,1,194,102.53407734275534,1.892053891034572,557.5720864400512,False,2,0.5,0.5
DPD,DPD Paketzentrum in Lehrte,4,standalone,1,169,153.22446344831192,1.1029570356890805,423.36193655151385,False,2,0.5,0.5
DPD,DPD Paketzentrum in Lehrte,4,standalone,1,156,101.18549289373648,1.5417229835884567,373.6936906752073,False,2,0.5,0.5
DPD,DPD Paketzentrum in Lehrte,4,bundled,3,405,72.19165688462087,5.610066557237834,758.9414801572323,True,2,0.5,0.5
DPD,DPD Paketzentrum in Lehrte,5,standalone,1,154,59.876286869182046,2.5719697738849407,405.8829462143137,False,2,0.5,0.5
DPD,DPD Paketzentrum in Lehrte,5,standalone,1,208,125.18180774883541,1.6615832902599623,715.3607265583053,False,2,0.5,0.5
DPD,DPD Paketzentrum in Lehrte,5,bundled,1,149,173.55971997363926,0.8584941253801892,534.4263903301309,False,2,0.5,0.5
DPD,DPD Paketzentrum in Lehrte,5,bundled,1,146,53.8021301528445,2.7136472029124863,439.5138488242943,False,2,0.5,0.5
DPD,DPD Paketzentrum in Lehrte,5,bundled,1,125,159.38246951696127,0.7842769683443616,502.41170308482515,False,2,0.5,0.5
FedEx,FedEx Station - Heinz-Peter-Piper Str.,0,bundled,1,149,153.22446344831192,0.972429575844219,371.5345848274244,False,2,0.5,0.5
FedEx,FedEx Station - Heinz-Peter-Piper Str.,0,bundled,1,90,357.6158854957556,0.25166667267936055,594.3130174153391,False,2,0.5,0.5
FedEx,FedEx Station - Heinz-Peter-Piper Str.,0,bundled,1,71,9.157258958740023,7.753411836435509,336.3448563657598,False,2,0.5,0.5
FedEx,FedEx Station - Heinz-Peter-Piper Str.,0,bundled,1,58,102.53407734275534,0.5656655962886865,353.20067136221854,False,2,0.5,0.5
FedEx,FedEx Station - Heinz-Peter-Piper Str.,0,bundled,1,50,159.38246951696127,0.3137107873377446,387.93049249250316,False,2,0.5,0.5
FedEx,FedEx Station - Heinz-Peter-Piper Str.,0,bundled,1,34,101.18549289373648,0.33601654770517647,329.61697979642736,False,2,0.5,0.5
FedEx,FedEx Station - Heinz-Peter-Piper Str.,1,bundled,1,76,173.55971997363926,0.4378896209992912,380.1276764612131,False,2,0.5,0.5
FedEx,FedEx Station - Heinz-Peter-Piper Str.,1,bundled,1,61,112.90680951768702,0.5402685653821815,380.3581857703326,False,2,0.5,0.5
FedEx,FedEx Station - Heinz-Peter-Piper Str.,2,bundled,1,112,357.6158854957556,0.31318519266764866,677.2437115412083,False,2,0.5,0.5
FedEx,FedEx Station - Heinz-Peter-Piper Str.,2,bundled,1,78,102.53407734275534,0.7607226984571991,376.22989600940946,False,2,0.5,0.5
FedEx,FedEx Station - Heinz-Peter-Piper Str.,2,bundled,1,66,53.8021301528445,1.2267172287138637,330.3077672177451,False,2,0.5,0.5
FedEx,FedEx Station - Heinz-Peter-Piper Str.,2,bundled,1,58,159.38246951696127,0.36390451331178375,394.96417779810673,False,2,0.5,0.5
FedEx,FedEx Station - Heinz-Peter-Piper Str.,3,standalone,1,159,153.22446344831192,1.0376933057666498,375.9150558138301,False,2,0.5,0.5
FedEx,FedEx Station - Heinz-Peter-Piper Str.,3,bundled,1,80,173.55971997363926,0.4609364431571486,368.8513046300095,False,2,0.5,0.5
FedEx,FedEx Station - Heinz-Peter-Piper Str.,3,bundled,1,78,9.157258958740023,8.517832721717884,334.75161689599133,False,2,0.5,0.5
FedEx,FedEx Station - Heinz-Peter-Piper Str.,3,bundled,1,68,112.90680951768702,0.6022665974752187,384.50259277624747,False,2,0.5,0.5
FedEx,FedEx Station - Heinz-Peter-Piper Str.,3,bundled,1,30,66.6831619829418,0.44988868415799316,344.711692342989,False,2,0.5,0.5
FedEx,FedEx Station - Heinz-Peter-Piper Str.,4,bundled,1,92,357.6158854957556,0.25725926540556854,573.0186776827239,False,2,0.5,0.5
FedEx,FedEx Station - Heinz-Peter-Piper Str.,4,bundled,1,53,102.53407734275534,0.5169013207465584,348.56609306581095,False,2,0.5,0.5
FedEx,FedEx Station - Heinz-Peter-Piper Str.,4,bundled,1,47,159.38246951696127,0.29488814009747993,359.121324702145,False,2,0.5,0.5
FedEx,FedEx Station - Heinz-Peter-Piper Str.,4,bundled,1,41,37.755537878390655,1.0859334101413056,339.2330954531272,False,2,0.5,0.5
FedEx,FedEx Station - Heinz-Peter-Piper Str.,4,bundled,1,39,43.13135688268341,0.9042145394609162,325.20659196654015,False,2,0.5,0.5
FedEx,FedEx Station - Heinz-Peter-Piper Str.,4,bundled,1,36,12.528872220645557,2.873363169964956,289.276413083064,False,2,0.5,0.5
FedEx,FedEx Station - Heinz-Peter-Piper Str.,4,bundled,1,33,53.82702268136371,0.6130749641373987,344.2911736036271,False,2,0.5,0.5
FedEx,FedEx Station - Heinz-Peter-Piper Str.,4,bundled,1,32,6.068989648841514,5.272706307236552,303.8182181272374,False,2,0.5,0.5
FedEx,FedEx Station - Heinz-Peter-Piper Str.,4,bundled,1,32,101.18549289373648,0.3162508684284014,329.08768551269316,False,2,0.5,0.5
FedEx,FedEx Station - Heinz-Peter-Piper Str.,4,bundled,1,26,139.34872865781722,0.1865822548251964,331.6000050451419,False,2,0.5,0.5
FedEx,FedEx Station - Heinz-Peter-Piper Str.,5,bundled,1,54,173.55971997363926,0.3111320991310753,340.92757909024533,False,2,0.5,0.5
FedEx,FedEx Station - Heinz-Peter-Piper Str.,5,bundled,1,18,66.6831619829418,0.2699332104947959,332.29468670434073,False,2,0.5,0.5
GLS,GLS in Hannover Laatzen,0,standalone,1,194,102.53407734275534,1.892053891034572,537.6783889178043,False,2,0.5,0.5
GLS,GLS in Hannover Laatzen,0,standalone,1,254,129.47251256919432,1.9618063707866498,734.3538609083552,False,2,0.5,0.5
GLS,GLS in Hannover Laatzen,0,standalone,1,172,112.90680951768702,1.5233802171432003,471.40494076909465,False,2,0.5,0.5
GLS,GLS in Hannover Laatzen,0,standalone,1,268,125.18180774883541,2.1408861624503364,927.8725233932105,False,2,0.5,0.5
GLS,GLS in Hannover Laatzen,0,standalone,1,257,357.6158854957556,0.7186481653177295,1314.1978135959748,False,2,0.5,0.5
GLS,GLS in Hannover Laatzen,0,bundled,2,251,46.91279683713068,5.350352503420512,605.8640619174687,True,2,0.5,0.5
GLS,GLS in Hannover Laatzen,0,bundled,2,246,88.22189028859167,2.788423589602129,781.9621408917071,False,2,0.5,0.5
GLS,GLS in Hannover Laatzen,0,bundled,3,354,145.60922189781823,2.431164698128946,958.7018038712471,False,2,0.5,0.5
GLS,GLS in Hannover Laatzen,1,standalone,1,226,33.960996603727956,6.654692812377349,399.80143710125515,True,2,0.5,0.5
GLS,GLS in Hannover Laatzen,1,standalone,1,208,173.55971997363926,1.1984347522085863,766.4659803648949,False,2,0.5,0.5
GLS,GLS in Hannover Laatzen,1,standalone,1,203,53.8021301528445,3.7730848095290046,495.19689960309915,False,2,0.5,0.5
GLS,GLS in Hannover Laatzen,1,standalone,1,158,153.22446344831192,1.0311669327744066,471.771362542945,False,2,0.5,0.5
GLS,GLS in Hannover Laatzen,1,bundled,1,104,6.068989648841514,17.136295498518795,283.61327997351736,True,2,0.5,0.5
GLS,GLS in Hannover Laatzen,2,standalone,1,245,102.53407734275534,2.3894495015642794,711.3750290996388,False,2,0.5,0.5
GLS,GLS in Hannover Laatzen,2,standalone,1,216,112.90680951768702,1.913082133156577,585.252449442934,False,2,0.5,0.5
GLS,GLS in Hannover Laatzen,2,standalone,1,192,101.18549289373648,1.8975052105704084,427.66431261704065,False,2,0.5,0.5
GLS,GLS in Hannover Laatzen,2,bundled,4,512,90.6769354985573,5.646419314734628,1232.5898736299723,True,2,0.5,0.5
GLS,GLS in Hannover Laatzen,2,bundled,5,622,38.52250248855253,16.146406900352215,1042.8845839895166,True,2,0.5,0.5
GLS,GLS in Hannover Laatzen,3,standalone,1,226,33.960996603727956,6.654692812377349,397.7320781901277,True,2,0.5,0.5
GLS,GLS in Hannover Laatzen,3,standalone,1,164,153.22446344831192,1.0703251707278651,508.0113671750087,False,2,0.5,0.5
GLS,GLS in Hannover Laatzen,3,standalone,1,159,37.755537878390655,4.211302736889453,376.05574092409086,False,2,0.5,0.5
GLS,GLS in Hannover Laatzen,3,standalone,1,288,129.47251256919432,2.224410373175414,755.8804509160723,False,2,0.5,0.5
GLS,GLS in Hannover Laatzen,3,standalone,1,156,139.34872865781722,1.1194935289511783,534.8954995439562,False,2,0.5,0.5
GLS,GLS in Hannover Laatzen,3,standalone,1,292,125.18180774883541,2.332607311326486,946.8236780238028,False,2,0.5,0.5
GLS,GLS in Hannover Laatzen,3,standalone,1,292,357.6158854957556,0.8165185380263698,1290.7213624908277,False,2,0.5,0.5
GLS,GLS in Hannover Laatzen,3,bundled,3,428,46.15924223544731,9.27224926737042,807.8444884098899,True,2,0.5,0.5
GLS,GLS in Hannover Laatzen,4,standalone,1,154,5.368928981069905,28.683560639930707,316.00067875295963,True,2,0.5,0.5
GLS,GLS in Hannover Laatzen,4,standalone,1,162,19.484913733542946,8.314124569159357,350.5344979240217,True,2,0.5,0.5
GLS,GLS in Hannover Laatzen,4,standalone,1,188,102.53407734275534,1.8335367603840182,500.7077083346304,False,2,0.5,0.5
GLS,GLS in Hannover Laatzen,4,standalone,1,172,59.876286869182046,2.872589617585778,420.89905931149553,False,2,0.5,0.5
GLS,GLS in Hannover Laatzen,4,standalone,1,164,112.90680951768702,1.4525253233225863,454.8948239864879,False,2,0.5,0.5
GLS,GLS in Hannover Laatzen,4,standalone,1,152,101.18549289373648,1.5021916250349066,398.7767381970726,False,2,0.5,0.5
GLS,GLS in Hannover Laatzen,4,standalone,1,153,159.38246951696127,0.9599550092534985,493.85417022031913,False,2,0.5,0.5
GLS,GLS in Hannover Laatzen,4,bundled,2,226,67.54190741911047,3.346070737943877,555.1428828284587,False,2,0.5,0.5
GLS,GLS in Hannover Laatzen,4,bundled,2,246,61.576191448230595,3.995050590402646,745.3656218773772,False,2,0.5,0.5
GLS,GLS in Hannover Laatzen,5,bundled,1,144,173.55971997363926,0.8296855976828674,543.3249368372929,False,2,0.5,0.5
GLS,GLS in Hannover Laatzen,5,bundled,1,140,53.8021301528445,2.6021274548475892,417.44496757725915,False,2,0.5,0.5
GLS,GLS in Hannover Laatzen,5,bundled,1,108,153.22446344831192,0.7048482831622527,393.3059308421539,False,2,0.5,0.5
Hermes,Hermes LC Hannover Langenhagen,0,standalone,1,224,153.22446344831192,1.4619075502624501,507.9529721479154,False,2,0.5,0.5
Hermes,Hermes LC Hannover Langenhagen,0,standalone,1,263,112.90680951768702,2.329354634352684,710.2656078561386,False,2,0.5,0.5
Hermes,Hermes LC Hannover Langenhagen,0,standalone,1,184,139.34872865781722,1.3204282649167745,575.8241558984531,False,2,0.5,0.5
Hermes,Hermes LC Hannover Langenhagen,0,bundled,5,665,98.27254214137255,6.766895264023462,1283.6050840160697,True,2,0.5,0.5
Hermes,Hermes LC Hannover Langenhagen,0,bundled,4,552,67.50537399686087,8.177126757725526,1087.1883894915106,True,2,0.5,0.5
Hermes,Hermes LC Hannover Langenhagen,1,standalone,1,407,129.47251256919432,3.1435243815360883,874.0825825889193,False,2,0.5,0.5
Hermes,Hermes LC Hannover Langenhagen,1,standalone,1,430,357.6158854957556,1.2024074361347226,1312.2870513427852,False,2,0.5,0.5
Hermes,Hermes LC Hannover Langenhagen,1,bundled,3,408,70.84437280379677,5.759102436123677,828.8155505687366,True,2,0.5,0.5
Hermes,Hermes LC Hannover Langenhagen,2,standalone,1,324,112.90680951768702,2.8696231997348653,724.8469630962368,False,2,0.5,0.5
Hermes,Hermes LC Hannover Langenhagen,2,standalone,1,206,139.34872865781722,1.4783055574611714,621.8598656140005,False,2,0.5,0.5
Hermes,Hermes LC Hannover Langenhagen,3,standalone,1,165,6.967819653017212,23.680291427828724,336.3349790733986,True,2,0.5,0.5
Hermes,Hermes LC Hannover Langenhagen,3,standalone,1,156,7.274391190340525,21.44509360551689,329.03269505379717,True,2,0.5,0.5
Hermes,Hermes LC Hannover Langenhagen,3,standalone,1,156,8.86389555258122,17.59948535884675,320.4273798874299,True,2,0.5,0.5
Hermes,Hermes LC Hannover Langenhagen,3,standalone,1,154,4.12190647126244,37.361352343551246,280.3190996501815,True,2,0.5,0.5
Hermes,Hermes LC Hannover Langenhagen,3,standalone,1,350,102.53407734275534,3.4134992879489703,735.4914619289939,False,2,0.5,0.5
Hermes,Hermes LC Hannover Langenhagen,3,standalone,1,156,53.82702268136371,2.89817255774043,403.3858112896137,False,2,0.5,0.5
Hermes,Hermes LC Hannover Langenhagen,3,standalone,1,155,43.13135688268341,3.593673169652359,376.31060696570614,False,2,0.5,0.5
Hermes,Hermes LC Hannover Langenhagen,3,standalone,1,264,101.18549289373648,2.6090696645343114,700.3056208587664,False,2,0.5,0.5
Hermes,Hermes LC Hannover Langenhagen,3,bundled,3,431,78.56532205260996,5.485880904445196,803.6734808695289,True,2,0.5,0.5
Hermes,Hermes LC Hannover Langenhagen,3,bundled,3,438,32.12701445093093,13.633386341235585,731.8175371848748,True,2,0.5,0.5
Hermes,Hermes LC Hannover Langenhagen,4,standalone,1,161,1.7979843382791898,89.54471769987133,289.3153270779472,True,2,0.5,0.5
Hermes,Hermes LC Hannover Langenhagen,4,standalone,1,150,4.775461708125837,31.410575388922663,305.8173618489178,True,2,0.5,0.5
Hermes,Hermes LC Hannover Langenhagen,4,standalone,1,161,56.38950461206911,2.8551412378526373,380.944152511654,False,2,0.5,0.5
Hermes,Hermes LC Hannover Langenhagen,4,standalone,1,245,112.90680951768702,2.1699311232563026,699.9213059700213,False,2,0.5,0.5
Hermes,Hermes LC Hannover Langenhagen,4,standalone,1,160,139.34872865781722,1.1481984912319778,568.8578077035295,False,2,0.5,0.5
Hermes,Hermes LC Hannover Langenhagen,4,standalone,1,235,159.38246951696127,1.4744407004873996,814.4366013520644,False,2,0.5,0.5
Hermes,Hermes LC Hannover Langenhagen,4,bundled,3,430,18.570780834645557,23.15465374497308,645.9142798960655,True,2,0.5,0.5
Hermes,Hermes LC Hannover Langenhagen,5,standalone,1,165,19.484913733542946,8.468089838958605,374.2873644576624,True,2,0.5,0.5
Hermes,Hermes LC Hannover Langenhagen,5,standalone,1,168,101.18549289373648,1.6603170592491072,469.22164449722817,False,2,0.5,0.5
Hermes,Hermes LC Hannover Langenhagen,5,bundled,1,103,53.82702268136371,1.9135370092773352,386.88930258017876,False,2,0.5,0.5
UPS,UPS Depot Hannover,0,bundled,1,147,19.484913733542946,7.544298220163121,338.7514250458062,True,2,0.5,0.5
UPS,UPS Depot Hannover,0,bundled,1,144,129.47251256919432,1.112205186587707,559.1966100058297,False,2,0.5,0.5
UPS,UPS Depot Hannover,0,bundled,1,87,112.90680951768702,0.7705469702991768,371.55806282992467,False,2,0.5,0.5
UPS,UPS Depot Hannover,0,bundled,1,86,102.53407734275534,0.8387455393246042,390.49902064995956,False,2,0.5,0.5
UPS,UPS Depot Hannover,0,bundled,1,83,159.38246951696127,0.5207599069806561,471.3016492858483,False,2,0.5,0.5
UPS,UPS Depot Hannover,0,bundled,1,72,12.528872220645557,5.746726339929912,311.52579700285014,False,2,0.5,0.5
UPS,UPS Depot Hannover,0,bundled,1,68,31.832385676522556,2.1361892473598756,344.600111574368,False,2,0.5,0.5
UPS,UPS Depot Hannover,0,bundled,2,114,177.1042665362079,0.6436886147894884,639.9322331384482,False,2,0.5,0.5
UPS,UPS Depot Hannover,1,bundled,1,135,19.21423828970633,7.0260396464596635,339.31250534361186,True,2,0.5,0.5
UPS,UPS Depot Hannover,2,standalone,1,160,357.6158854957556,0.4474074180966409,826.0989348015788,False,2,0.5,0.5
UPS,UPS Depot Hannover,2,bundled,1,118,102.53407734275534,1.1508369027942242,426.79797787740915,False,2,0.5,0.5
UPS,UPS Depot Hannover,2,bundled,1,116,112.90680951768702,1.0273959603989025,419.3248741271295,False,2,0.5,0.5
UPS,UPS Depot Hannover,2,bundled,1,97,159.38246951696127,0.6085989274352246,505.37694542078464,False,2,0.5,0.5
UPS,UPS Depot Hannover,2,bundled,1,86,31.832385676522556,2.7016511069551368,359.2230199979578,False,2,0.5,0.5
UPS,UPS Depot Hannover,2,bundled,1,80,12.528872220645557,6.385251488811014,321.43700510016174,False,2,0.5,0.5
UPS,UPS Depot Hannover,2,bundled,1,77,37.755537878390655,2.0394359166068425,362.7617885571618,False,2,0.5,0.5
UPS,UPS Depot Hannover,2,bundled,2,130,240.53422155155369,0.5404636361572239,713.2052070914159,False,2,0.5,0.5
UPS,UPS Depot Hannover,4,bundled,1,138,129.47251256919432,1.065863303813219,530.7296190707104,False,2,0.5,0.5
UPS,UPS Depot Hannover,4,bundled,1,124,357.6158854957556,0.3467407490248967,787.4705015487831,False,2,0.5,0.5
UPS,UPS Depot Hannover,4,bundled,1,87,112.90680951768702,0.7705469702991768,375.67300339623444,False,2,0.5,0.5
UPS,UPS Depot Hannover,4,bundled,1,80,102.53407734275534,0.7802284086740504,378.7505203276933,False,2,0.5,0.5
UPS,UPS Depot Hannover,4,bundled,1,76,159.38246951696127,0.4768403967533718,459.12963167486447,False,2,0.5,0.5
UPS,UPS Depot Hannover,4,bundled,1,74,53.8021301528445,1.3754102261337258,336.8943586550536,False,2,0.5,0.5
UPS,UPS Depot Hannover,4,bundled,1,52,101.18549289373648,0.5139076611961523,334.95770245894397,False,2,0.5,0.5
UPS,UPS Depot Hannover,4,bundled,1,44,139.34872865781722,0.3157545850887939,349.82459893301433,False,2,0.5,0.5
UPS,UPS Depot Hannover,4,bundled,1,38,66.6831619829418,0.569858999933458,348.1250659718177,False,2,0.5,0.5
Amazon,Amazon Logistics HAJ8 in Garbsen,0,standalone,1,563,159.38246951696127,3.5323834654230044,1334.9907536616329,False,2,0.6000000000000001,0.3999999999999999
Amazon,Amazon Logistics HAJ8 in Garbsen,1,standalone,1,414,139.34872865781722,2.9709635960627425,1130.837316012848,False,2,0.6000000000000001,0.3999999999999999
Amazon,Amazon Logistics HAJ8 in Garbsen,2,standalone,1,574,153.22446344831192,3.746138097547528,1247.5282135387188,False,2,0.6000000000000001,0.3999999999999999
Amazon,Amazon Logistics HAJ8 in Garbsen,4,standalone,1,188,3.3903855235675273,55.45092105106009,340.44838504975917,True,2,0.6000000000000001,0.3999999999999999
DPD,DPD Paketzentrum in Lehrte,0,standalone,1,159,4.951012974183712,32.11464014113491,323.23406318106964,True,2,0.6000000000000001,0.3999999999999999
DPD,DPD Paketzentrum in Lehrte,0,standalone,1,168,4.775461708125837,35.17984443559338,314.4486738057441,True,2,0.6000000000000001,0.3999999999999999
DPD,DPD Paketzentrum in Lehrte,0,standalone,1,150,9.157258958740023,16.38044754176516,360.84953675901386,True,2,0.6000000000000001,0.3999999999999999
DPD,DPD Paketzentrum in Lehrte,0,standalone,1,150,19.21423828970633,7.806710718288516,332.51921688842646,True,2,0.6000000000000001,0.3999999999999999
DPD,DPD Paketzentrum in Lehrte,0,standalone,1,162,31.832385676522556,5.08915673635735,390.01811587404615,True,2,0.6000000000000001,0.3999999999999999
DPD,DPD Paketzentrum in Lehrte,0,standalone,1,155,139.34872865781722,1.1123172883809784,463.24371010295783,False,2,0.6000000000000001,0.3999999999999999
DPD,DPD Paketzentrum in Lehrte,0,bundled,2,268,71.14567088466362,3.766919289220884,699.8588176145436,False,2,0.6000000000000001,0.3999999999999999
DPD,DPD Paketzentrum in Lehrte,0,bundled,2,268,53.74204057774344,4.98678496608833,730.3784796027236,False,2,0.6000000000000001,0.3999999999999999
DPD,DPD Paketzentrum in Lehrte,1,standalone,1,278,173.55971997363926,1.6017541399710913,888.5456043753869,False,2,0.6000000000000001,0.3999999999999999
DPD,DPD Paketzentrum in Lehrte,1,standalone,1,256,53.8021301528445,4.758175917435592,695.0451310536141,False,2,0.6000000000000001,0.3999999999999999
DPD,DPD Paketzentrum in Lehrte,1,standalone,1,218,153.22446344831192,1.4227493123089916,612.3384459258873,False,2,0.6000000000000001,0.3999999999999999
DPD,DPD Paketzentrum in Lehrte,1,standalone,1,215,159.38246951696127,1.348956385552302,703.0448778147387,False,2,0.6000000000000001,0.3999999999999999
DPD,DPD Paketzentrum in Lehrte,1,bundled,4,560,80.03376947374983,6.997046417808344,1278.1864333182257,True,2,0.6000000000000001,0.3999999999999999
DPD,DPD Paketzentrum in Lehrte,2,standalone,1,152,6.967819653017212,21.81457149715131,365.28172065387673,True,2,0.6000000000000001,0.3999999999999999
DPD,DPD Paketzentrum in Lehrte,2,standalone,1,170,4.462508901721823,38.09516210363342,330.55663187774985,True,2,0.6000000000000001,0.3999999999999999
DPD,DPD Paketzentrum in Lehrte,2,standalone,1,406,125.18180774883541,3.243282768488196,1144.688603848172,False,2,0.6000000000000001,0.3999999999999999
DPD,DPD Paketzentrum in Lehrte,2,bundled,4,549,77.09739784136566,7.120862900322698,1211.5039513348634,True,2,0.6000000000000001,0.3999999999999999
DPD,DPD Paketzentrum in Lehrte,2,bundled,4,546,121.21081652722816,4.504548485384961,1275.9101399597637,False,2,0.6000000000000001,0.3999999999999999
DPD,DPD Paketzentrum in Lehrte,3,standalone,1,179,4.951012974183712,36.1542175173783,355.5245735796265,True,2,0.6000000000000001,0.3999999999999999
DPD,DPD Paketzentrum in Lehrte,3,standalone,1,174,4.775461708125837,36.436267451150286,330.4017505005919,True,2,0.6000000000000001,0.3999999999999999
DPD,DPD Paketzentrum in Lehrte,3,standalone,1,157,9.157258958740023,17.144868427047534,376.0029551982701,True,2,0.6000000000000001,0.3999999999999999
DPD,DPD Paketzentrum in Lehrte,3,standalone,1,164,19.21423828970633,8.535337051995443,330.9822981331118,True,2,0.6000000000000001,0.3999999999999999
DPD,DPD Paketzentrum in Lehrte,3,standalone,1,184,12.528872220645557,14.686078424265332,449.6729026331898,True,2,0.6000000000000001,0.3999999999999999
DPD,DPD Paketzentrum in Lehrte,3,standalone,1,174,56.38950461206911,3.0856805924618564,481.83081563559375,False,2,0.6000000000000001,0.3999999999999999
DPD,DPD Paketzentrum in Lehrte,3,standalone,1,165,10.610683695060029,15.55036458930713,398.5117679897097,True,2,0.6000000000000001,0.3999999999999999
DPD,DPD Paketzentrum in Lehrte,3,standalone,1,283,102.53407734275534,2.7600579956844533,831.2688545838837,False,2,0.6000000000000001,0.3999999999999999
DPD,DPD Paketzentrum in Lehrte,3,standalone,1,286,173.55971997363926,1.6478477842868062,899.2106212168562,False,2,0.6000000000000001,0.3999999999999999
DPD,DPD Paketzentrum in Lehrte,3,standalone,1,268,53.8021301528445,4.981215413565385,710.4132372732583,False,2,0.6000000000000001,0.3999999999999999
DPD,DPD Paketzentrum in Lehrte,3,standalone,1,175,31.832385676522556,5.49754585717615,403.222244644368,True,2,0.6000000000000001,0.3999999999999999
DPD,DPD Paketzentrum in Lehrte,3,standalone,1,194,139.34872865781722,1.392190670618773,533.0489251275312,False,2,0.6000000000000001,0.3999999999999999
DPD,DPD Paketzentrum in Lehrte,3,bundled,2,283,17.575275212839223,16.10216605844446,614.4629903851392,True,2,0.6000000000000001,0.3999999999999999
DPD,DPD Paketzentrum in Lehrte,4,standalone,1,174,2.603733329707664,66.82712012582947,331.4011613506992,True,2,0.6000000000000001,0.3999999999999999
DPD,DPD Paketzentrum in Lehrte,4,standalone,1,154,37.755537878390655,4.078871833213685,422.3224636845289,False,2,0.6000000000000001,0.3999999999999999
DPD,DPD Paketzentrum in Lehrte,4,standalone,1,215,112.90680951768702,1.9042252714290002,494.8430199010587,False,2,0.6000000000000001,0.3999999999999999
DPD,DPD Paketzentrum in Lehrte,4,standalone,1,187,101.18549289373648,1.8480910123784706,400.8615764233559,False,2,0.6000000000000001,0.3999999999999999
DPD,DPD Paketzentrum in Lehrte,4,standalone,1,201,159.38246951696127,1.2611173650977334,654.2460821630607,False,2,0.6000000000000001,0.3999999999999999
DPD,DPD Paketzentrum in Lehrte,5,standalone,1,182,23.77191867081394,7.656092153110517,440.2033749548267,True,2,0.6000000000000001,0.3999999999999999
DPD,DPD Paketzentrum in Lehrte,5,standalone,1,176,102.53407734275534,1.7165024990829107,542.0208745577584,False,2,0.6000000000000001,0.3999999999999999
DPD,DPD Paketzentrum in Lehrte,5,standalone,1,179,173.55971997363926,1.03134529156412,618.5013401583896,False,2,0.6000000000000001,0.3999999999999999
DPD,DPD Paketzentrum in Lehrte,5,standalone,1,185,59.876286869182046,3.089703949147494,436.03235159737085,False,2,0.6000000000000001,0.3999999999999999
DPD,DPD Paketzentrum in Lehrte,5,standalone,1,176,53.8021301528445,3.2712459432369694,490.7809235593128,False,2,0.6000000000000001,0.3999999999999999
DPD,DPD Paketzentrum in Lehrte,5,bundled,1,117,56.38950461206911,2.0748541914829723,395.1081833384369,False,2,0.6000000000000001,0.3999999999999999
FedEx,FedEx Station - Heinz-Peter-Piper Str.,0,standalone,1,168,34.15472344529856,4.918792572543152,379.9008429776343,False,2,0.6000000000000001,0.3999999999999999
FedEx,FedEx Station - Heinz-Peter-Piper Str.,0,standalone,1,179,153.22446344831192,1.1682207656115113,384.11046709505536,False,2,0.6000000000000001,0.3999999999999999
FedEx,FedEx Station - Heinz-Peter-Piper Str.,0,bundled,1,109,357.6158854957556,0.30479630357833665,816.2504721342286,False,2,0.6000000000000001,0.3999999999999999
FedEx,FedEx Station - Heinz-Peter-Piper Str.,0,bundled,1,87,173.55971997363926,0.5012683819333991,388.368756789961,False,2,0.6000000000000001,0.3999999999999999
FedEx,FedEx Station - Heinz-Peter-Piper Str.,0,bundled,1,86,9.157258958740023,9.391456590612025,343.4213651735207,False,2,0.6000000000000001,0.3999999999999999
FedEx,FedEx Station - Heinz-Peter-Piper Str.,0,bundled,1,70,102.53407734275534,0.682699857589794,379.5808007475523,False,2,0.6000000000000001,0.3999999999999999
FedEx,FedEx Station - Heinz-Peter-Piper Str.,0,bundled,1,60,159.38246951696127,0.37645294480529357,412.43959592619785,False,2,0.6000000000000001,0.3999999999999999
FedEx,FedEx Station - Heinz-Peter-Piper Str.,0,bundled,1,41,101.18549289373648,0.40519642517388926,333.52292882642365,False,2,0.6000000000000001,0.3999999999999999
FedEx,FedEx Station - Heinz-Peter-Piper Str.,1,bundled,1,73,112.90680951768702,0.6465509061131024,393.79505816445544,False,2,0.6000000000000001,0.3999999999999999
FedEx,FedEx Station - Heinz-Peter-Piper Str.,2,bundled,1,135,357.6158854957556,0.3775000090190408,768.2118480168847,False,2,0.6000000000000001,0.3999999999999999
FedEx,FedEx Station - Heinz-Peter-Piper Str.,2,bundled,1,94,102.53407734275534,0.9167683801920091,399.92489114255795,False,2,0.6000000000000001,0.3999999999999999
FedEx,FedEx Station - Heinz-Peter-Piper Str.,2,bundled,1,80,53.8021301528445,1.4869299741986226,340.86022100281497,False,2,0.6000000000000001,0.3999999999999999
FedEx,FedEx Station - Heinz-Peter-Piper Str.,2,bundled,1,70,159.38246951696127,0.4391951022728425,422.6735342157019,False,2,0.6000000000000001,0.3999999999999999
FedEx,FedEx Station - Heinz-Peter-Piper Str.,3,standalone,1,200,34.15472344529856,5.855705443503752,401.2047508201019,True,2,0.6000000000000001,0.3999999999999999
FedEx,FedEx Station - Heinz-Peter-Piper Str.,3,standalone,1,191,153.22446344831192,1.2465372415184284,401.04597057546823,False,2,0.6000000000000001,0.3999999999999999
FedEx,FedEx Station - Heinz-Peter-Piper Str.,3,bundled,1,96,173.55971997363926,0.5531237317885783,403.0576085522098,False,2,0.6000000000000001,0.3999999999999999
FedEx,FedEx Station - Heinz-Peter-Piper Str.,3,bundled,1,94,9.157258958740023,10.265080459506168,342.49668430303575,False,2,0.6000000000000001,0.3999999999999999
FedEx,FedEx Station - Heinz-Peter-Piper Str.,3,bundled,1,81,112.90680951768702,0.7174057999337163,392.83803924688016,False,2,0.6000000000000001,0.3999999999999999
FedEx,FedEx Station - Heinz-Peter-Piper Str.,4,bundled,1,64,102.53407734275534,0.6241827269392403,368.7781014301504,False,2,0.6000000000000001,0.3999999999999999
FedEx,FedEx Station - Heinz-Peter-Piper Str.,4,bundled,1,56,159.38246951696127,0.351356081818274,368.1172712692851,False,2,0.6000000000000001,0.3999999999999999
FedEx,FedEx Station - Heinz-Peter-Piper Str.,4,bundled,1,49,37.755537878390655,1.297822856022536,356.0326310535089,False,2,0.6000000000000001,0.3999999999999999
FedEx,FedEx Station - Heinz-Peter-Piper Str.,4,bundled,1,47,43.13135688268341,1.0896944449913606,343.5529182687918,False,2,0.6000000000000001,0.3999999999999999
FedEx,FedEx Station - Heinz-Peter-Piper Str.,4,bundled,1,43,12.528872220645557,3.4320726752359203,292.45997287941725,False,2,0.6000000000000001,0.3999999999999999
FedEx,FedEx Station - Heinz-Peter-Piper Str.,4,bundled,1,40,53.82702268136371,0.7431211686513923,346.53907918902246,False,2,0.6000000000000001,0.3999999999999999
FedEx,FedEx Station - Heinz-Peter-Piper Str.,4,bundled,2,71,145.41771830665874,0.48824861802792346,439.13655326708556,False,2,0.6000000000000001,0.3999999999999999
FedEx,FedEx Station - Heinz-Peter-Piper Str.,4,bundled,2,68,167.86865487667828,0.40507860177920046,482.00621149457095,False,2,0.6000000000000001,0.3999999999999999
GLS,GLS in Hannover Laatzen,0,standalone,1,155,12.528872220645557,12.37142475957134,394.5013640182134,True,2,0.6000000000000001,0.3999999999999999
GLS,GLS in Hannover Laatzen,0,standalone,1,153,31.832385676522556,4.80642580655972,336.3256294236455,False,2,0.6000000000000001,0.3999999999999999
GLS,GLS in Hannover Laatzen,0,bundled,1,149,139.34872865781722,1.0692598449597794,518.994158457748,False,2,0.6000000000000001,0.3999999999999999
GLS,GLS in Hannover Laatzen,0,bundled,2,275,6.260493240001013,43.926251408260526,591.881151675206,True,2,0.6000000000000001,0.3999999999999999
GLS,GLS in Hannover Laatzen,0,bundled,2,276,65.54676357080913,4.21073421423533,754.5542858851134,False,2,0.6000000000000001,0.3999999999999999
GLS,GLS in Hannover Laatzen,1,standalone,1,190,153.22446344831192,1.2400108685261853,557.2559484719284,False,2,0.6000000000000001,0.3999999999999999
GLS,GLS in Hannover Laatzen,1,standalone,1,179,37.755537878390655,4.74102635159253,397.21581907128626,False,2,0.6000000000000001,0.3999999999999999
GLS,GLS in Hannover Laatzen,1,standalone,1,325,129.47251256919432,2.510185316951422,782.7732354947999,False,2,0.6000000000000001,0.3999999999999999
GLS,GLS in Hannover Laatzen,1,standalone,1,223,112.90680951768702,1.9750801652496142,618.8324880096472,False,2,0.6000000000000001,0.3999999999999999
GLS,GLS in Hannover Laatzen,1,bundled,1,125,6.068989648841514,20.596509012642784,295.6279455820179,True,2,0.6000000000000001,0.3999999999999999
GLS,GLS in Hannover Laatzen,2,standalone,1,158,4.775461708125837,33.08580607633187,294.19963011344856,True,2,0.6000000000000001,0.3999999999999999
GLS,GLS in Hannover Laatzen,2,standalone,1,155,9.157258958740023,16.926462459824,351.7370016400738,True,2,0.6000000000000001,0.3999999999999999
GLS,GLS in Hannover Laatzen,2,standalone,1,152,4.462508901721823,34.06155670442518,325.849504654366,True,2,0.6000000000000001,0.3999999999999999
GLS,GLS in Hannover Laatzen,2,standalone,1,172,56.38950461206911,3.0502129994450535,461.70777743305354,False,2,0.6000000000000001,0.3999999999999999
GLS,GLS in Hannover Laatzen,2,standalone,1,294,102.53407734275534,2.867339401877135,748.345571233911,False,2,0.6000000000000001,0.3999999999999999
GLS,GLS in Hannover Laatzen,2,standalone,1,305,173.55971997363926,1.757320189536629,1006.5930834982787,False,2,0.6000000000000001,0.3999999999999999
GLS,GLS in Hannover Laatzen,2,standalone,1,264,53.8021301528445,4.906868914855455,704.1583326084951,False,2,0.6000000000000001,0.3999999999999999
GLS,GLS in Hannover Laatzen,2,standalone,1,364,125.18180774883541,2.907770757954934,1094.7250341683994,False,2,0.6000000000000001,0.3999999999999999
GLS,GLS in Hannover Laatzen,2,standalone,1,377,357.6158854957556,1.0542037288902102,1363.8532885259901,False,2,0.6000000000000001,0.3999999999999999
GLS,GLS in Hannover Laatzen,2,bundled,5,724,54.41470380645303,13.305227252089553,1492.8649361681182,True,2,0.6000000000000001,0.3999999999999999
GLS,GLS in Hannover Laatzen,3,standalone,1,168,1.7979843382791898,93.43796629551791,314.5679315418371,True,2,0.6000000000000001,0.3999999999999999
GLS,GLS in Hannover Laatzen,3,standalone,1,201,5.186686836161483,38.753062667796286,364.9030020037735,True,2,0.6000000000000001,0.3999999999999999
GLS,GLS in Hannover Laatzen,3,standalone,1,175,12.528872220645557,13.967737631774094,421.14723288579853,True,2,0.6000000000000001,0.3999999999999999
GLS,GLS in Hannover Laatzen,3,standalone,1,197,153.22446344831192,1.285695479471887,584.7661924810823,False,2,0.6000000000000001,0.3999999999999999
GLS,GLS in Hannover Laatzen,3,standalone,1,191,37.755537878390655,5.058860520414375,402.4902463691305,True,2,0.6000000000000001,0.3999999999999999
GLS,GLS in Hannover Laatzen,3,standalone,1,170,31.832385676522556,5.3404731183996885,362.79671026944015,True,2,0.6000000000000001,0.3999999999999999
GLS,GLS in Hannover Laatzen,3,standalone,1,346,129.47251256919432,2.672381906662129,786.759189002626,False,2,0.6000000000000001,0.3999999999999999
GLS,GLS in Hannover Laatzen,3,standalone,1,188,139.34872865781722,1.349133227197574,590.131615391198,False,2,0.6000000000000001,0.3999999999999999
GLS,GLS in Hannover Laatzen,4,standalone,1,185,5.368928981069905,34.4575241453713,351.0530327605186,True,2,0.6000000000000001,0.3999999999999999
GLS,GLS in Hannover Laatzen,4,standalone,1,173,13.714884737746763,12.6140323676116,341.3315343380585,True,2,0.6000000000000001,0.3999999999999999
GLS,GLS in Hannover Laatzen,4,standalone,1,194,19.484913733542946,9.95642078035133,392.9217024069427,True,2,0.6000000000000001,0.3999999999999999
GLS,GLS in Hannover Laatzen,4,standalone,1,226,102.53407734275534,2.2041452545041924,646.7975100924817,False,2,0.6000000000000001,0.3999999999999999
GLS,GLS in Hannover Laatzen,4,standalone,1,206,59.876286869182046,3.440427100131804,492.85853675817026,False,2,0.6000000000000001,0.3999999999999999
GLS,GLS in Hannover Laatzen,4,standalone,1,214,53.8021301528445,3.977537680981315,549.7684781042587,False,2,0.6000000000000001,0.3999999999999999
GLS,GLS in Hannover Laatzen,4,standalone,1,197,112.90680951768702,1.744801760332619,544.0503363931359,False,2,0.6000000000000001,0.3999999999999999
GLS,GLS in Hannover Laatzen,4,standalone,1,182,101.18549289373648,1.798676814186533,420.0106214647617,False,2,0.6000000000000001,0.3999999999999999
GLS,GLS in Hannover Laatzen,4,standalone,1,183,159.38246951696127,1.1481814816561453,515.8146874741426,False,2,0.6000000000000001,0.3999999999999999
GLS,GLS in Hannover Laatzen,4,bundled,1,133,56.38950461206911,2.358594935617396,430.9990407701119,False,2,0.6000000000000001,0.3999999999999999
GLS,GLS in Hannover Laatzen,4,bundled,2,203,120.51018466430551,1.6845049284878204,544.2038897695913,False,2,0.6000000000000001,0.3999999999999999
GLS,GLS in Hannover Laatzen,5,standalone,1,173,173.55971997363926,0.9967750583273338,632.9882689443104,False,2,0.6000000000000001,0.3999999999999999
GLS,GLS in Hannover Laatzen,5,bundled,1,132,5.186686836161483,25.449772498254276,297.7523177464013,True,2,0.6000000000000001,0.3999999999999999
GLS,GLS in Hannover Laatzen,5,bundled,2,243,190.98000132670256,1.2723845340450528,951.2033003124275,False,2,0.6000000000000001,0.3999999999999999
Hermes,Hermes LC Hannover Langenhagen,0,standalone,1,184,4.951012974183712,37.164111861439146,307.6602750109534,True,2,0.6000000000000001,0.3999999999999999
Hermes,Hermes LC Hannover Langenhagen,0,standalone,1,158,3.576189607493106,44.18110260958936,289.8517101123017,True,2,0.6000000000000001,0.3999999999999999
Hermes,Hermes LC Hannover Langenhagen,0,standalone,1,168,6.967819653017212,24.110842181061972,351.4846299738562,True,2,0.6000000000000001,0.3999999999999999
Hermes,Hermes LC Hannover Langenhagen,0,standalone,1,159,6.068989648841514,26.19875946408162,346.6741809155284,True,2,0.6000000000000001,0.3999999999999999
Hermes,Hermes LC Hannover Langenhagen,0,standalone,1,166,7.274391190340525,22.819779093050023,337.7811905950172,True,2,0.6000000000000001,0.3999999999999999
Hermes,Hermes LC Hannover Langenhagen,0,standalone,1,187,19.21423828970633,9.732366028799683,377.7117008850928,True,2,0.6000000000000001,0.3999999999999999
Hermes,Hermes LC Hannover Langenhagen,0,standalone,1,166,8.86389555258122,18.727657497234365,331.69453542451083,True,2,0.6000000000000001,0.3999999999999999
Hermes,Hermes LC Hannover Langenhagen,0,standalone,1,179,12.670949194485747,14.126802755858161,331.49338406467575,True,2,0.6000000000000001,0.3999999999999999
Hermes,Hermes LC Hannover Langenhagen,0,standalone,1,180,10.610683695060029,16.96403409742596,345.95149894485064,True,2,0.6000000000000001,0.3999999999999999
Hermes,Hermes LC Hannover Langenhagen,0,standalone,1,168,4.12190647126244,40.757838920237724,303.9017412964231,True,2,0.6000000000000001,0.3999999999999999
Hermes,Hermes LC Hannover Langenhagen,0,standalone,1,176,66.6831619829418,2.6393469470602264,442.69892333217615,False,2,0.6000000000000001,0.3999999999999999
Hermes,Hermes LC Hannover Langenhagen,0,standalone,1,315,112.90680951768702,2.7899114441866746,739.0276226919227,False,2,0.6000000000000001,0.3999999999999999
Hermes,Hermes LC Hannover Langenhagen,0,standalone,1,220,139.34872865781722,1.5787729254439695,668.4706877230598,False,2,0.6000000000000001,0.3999999999999999
Hermes,Hermes LC Hannover Langenhagen,0,bundled,2,287,22.975780173930673,12.491414777968792,614.2096922404749,True,2,0.6000000000000001,0.3999999999999999
Hermes,Hermes LC Hannover Langenhagen,1,standalone,1,169,11.3882150903338,14.839902360418664,331.2483511288061,True,2,0.6000000000000001,0.3999999999999999
Hermes,Hermes LC Hannover Langenhagen,1,standalone,1,275,153.22446344831192,1.7947525728668472,731.330322110368,False,2,0.6000000000000001,0.3999999999999999
Hermes,Hermes LC Hannover Langenhagen,1,standalone,1,173,53.82702268136371,3.213999054417272,405.2936895426699,False,2,0.6000000000000001,0.3999999999999999
Hermes,Hermes LC Hannover Langenhagen,1,standalone,1,183,43.13135688268341,4.242852839008915,390.8852398355334,False,2,0.6000000000000001,0.3999999999999999
Hermes,Hermes LC Hannover Langenhagen,2,standalone,1,188,3.576189607493106,52.56991956077721,300.0392953347637,True,2,0.6000000000000001,0.3999999999999999
Hermes,Hermes LC Hannover Langenhagen,2,standalone,1,177,8.711379660258004,20.318251172944265,327.2423932826955,True,2,0.6000000000000001,0.3999999999999999
Hermes,Hermes LC Hannover Langenhagen,2,standalone,1,286,37.755537878390655,7.575047690253986,660.4782634334737,True,2,0.6000000000000001,0.3999999999999999
Hermes,Hermes LC Hannover Langenhagen,2,standalone,1,389,112.90680951768702,3.445319212027354,773.9738573755403,False,2,0.6000000000000001,0.3999999999999999
Hermes,Hermes LC Hannover Langenhagen,2,standalone,1,247,139.34872865781722,1.7725314208393657,795.2122410541825,False,2,0.6000000000000001,0.3999999999999999
Hermes,Hermes LC Hannover Langenhagen,3,standalone,1,163,8.305970462175056,19.624437715290856,316.81197190051125,True,2,0.6000000000000001,0.3999999999999999
Hermes,Hermes LC Hannover Langenhagen,3,standalone,1,203,9.157258958740023,22.16820567318885,366.34027391872905,True,2,0.6000000000000001,0.3999999999999999
Hermes,Hermes LC Hannover Langenhagen,3,standalone,1,198,6.967819653017212,28.416349713394467,377.0999936850552,True,2,0.6000000000000001,0.3999999999999999
Hermes,Hermes LC Hannover Langenhagen,3,standalone,1,178,6.068989648841514,29.329428834003323,356.4812572750544,True,2,0.6000000000000001,0.3999999999999999
Hermes,Hermes LC Hannover Langenhagen,3,standalone,1,187,7.274391190340525,25.706618616869605,350.8118214988343,True,2,0.6000000000000001,0.3999999999999999
Hermes,Hermes LC Hannover Langenhagen,3,standalone,1,208,19.21423828970633,10.825305529360074,408.0081600978209,True,2,0.6000000000000001,0.3999999999999999
Hermes,Hermes LC Hannover Langenhagen,3,standalone,1,187,8.86389555258122,21.096818987848348,361.59456696495033,True,2,0.6000000000000001,0.3999999999999999
Hermes,Hermes LC Hannover Langenhagen,3,standalone,1,176,14.669809711755617,11.997428968622737,350.64504480026994,True,2,0.6000000000000001,0.3999999999999999
Hermes,Hermes LC Hannover Langenhagen,3,standalone,1,215,4.462508901721823,48.17917560165403,397.4254375861228,True,2,0.6000000000000001,0.3999999999999999
Hermes,Hermes LC Hannover Langenhagen,3,standalone,1,211,12.670949194485747,16.65226470103951,381.5543215853995,True,2,0.6000000000000001,0.3999999999999999
Hermes,Hermes LC Hannover Langenhagen,3,standalone,1,173,11.3882150903338,15.191142652972951,333.6483316695737,True,2,0.6000000000000001,0.3999999999999999
Hermes,Hermes LC Hannover Langenhagen,3,standalone,1,212,10.610683695060029,19.979862381412797,379.48762715400494,True,2,0.6000000000000001,0.3999999999999999
Hermes,Hermes LC Hannover Langenhagen,3,standalone,1,185,4.12190647126244,44.8821440490713,322.89685462928946,True,2,0.6000000000000001,0.3999999999999999
Hermes,Hermes LC Hannover Langenhagen,3,standalone,1,420,102.53407734275534,4.0961991455387645,835.3527511543546,False,2,0.6000000000000001,0.3999999999999999
Hermes,Hermes LC Hannover Langenhagen,3,standalone,1,187,53.82702268136371,3.474091463445259,435.31953749964987,False,2,0.6000000000000001,0.3999999999999999
Hermes,Hermes LC Hannover Langenhagen,3,standalone,1,176,66.6831619829418,2.6393469470602264,437.20281180318676,False,2,0.6000000000000001,0.3999999999999999
Hermes,Hermes LC Hannover Langenhagen,3,standalone,1,186,43.13135688268341,4.312407803582831,389.1045493198948,False,2,0.6000000000000001,0.3999999999999999
Hermes,Hermes LC Hannover Langenhagen,3,standalone,1,317,101.18549289373648,3.1328601653688515,735.0669899199704,False,2,0.6000000000000001,0.3999999999999999
Hermes,Hermes LC Hannover Langenhagen,3,standalone,1,336,159.38246951696127,2.108136490909644,877.677067542031,False,2,0.6000000000000001,0.3999999999999999
Hermes,Hermes LC Hannover Langenhagen,4,standalone,1,170,4.951012974183712,34.336407698068776,305.8192329778384,True,2,0.6000000000000001,0.3999999999999999
Hermes,Hermes LC Hannover Langenhagen,4,standalone,1,180,4.775461708125837,37.6926904667072,325.3903531127571,True,2,0.6000000000000001,0.3999999999999999
Hermes,Hermes LC Hannover Langenhagen,4,standalone,1,206,12.528872220645557,16.442022583688363,382.60388087922973,True,2,0.6000000000000001,0.3999999999999999
Hermes,Hermes LC Hannover Langenhagen,4,standalone,1,193,56.38950461206911,3.4226227261214843,413.5030016627244,False,2,0.6000000000000001,0.3999999999999999
Hermes,Hermes LC Hannover Langenhagen,4,standalone,1,227,37.755537878390655,6.012363026879912,458.6564196316499,True,2,0.6000000000000001,0.3999999999999999
Hermes,Hermes LC Hannover Langenhagen,4,standalone,1,216,31.832385676522556,6.785542315143134,435.1706346878063,True,2,0.6000000000000001,0.3999999999999999
Hermes,Hermes LC Hannover Langenhagen,4,standalone,1,294,112.90680951768702,2.6039173479075632,729.943911914907,False,2,0.6000000000000001,0.3999999999999999
Hermes,Hermes LC Hannover Langenhagen,4,standalone,1,192,139.34872865781722,1.3778381894783733,613.7972181871219,False,2,0.6000000000000001,0.3999999999999999
Hermes,Hermes LC Hannover Langenhagen,4,standalone,1,453,125.18180774883541,3.618736685037322,904.5143368299047,False,2,0.6000000000000001,0.3999999999999999
Hermes,Hermes LC Hannover Langenhagen,5,standalone,1,201,101.18549289373648,1.9864507673158962,520.9137886853568,False,2,0.6000000000000001,0.3999999999999999
Hermes,Hermes LC Hannover Langenhagen,5,standalone,1,219,159.38246951696127,1.3740532485393215,707.0680528887302,False,2,0.6000000000000001,0.3999999999999999
Hermes,Hermes LC Hannover Langenhagen,5,bundled,3,399,67.44679054182555,5.915774446710989,847.1653169996905,True,2,0.6000000000000001,0.3999999999999999
UPS,UPS Depot Hannover,0,standalone,1,173,129.47251256919432,1.3361909533310645,599.8166325237039,False,2,0.6000000000000001,0.3999999999999999
UPS,UPS Depot Hannover,0,bundled,1,99,159.38246951696127,0.6211473589287343,519.7865451626258,False,2,0.6000000000000001,0.3999999999999999
UPS,UPS Depot Hannover,0,bundled,1,86,12.528872220645557,6.864145350471841,321.3580869933132,False,2,0.6000000000000001,0.3999999999999999
UPS,UPS Depot Hannover,0,bundled,1,81,31.832385676522556,2.544578368178675,358.72567956305807,False,2,0.6000000000000001,0.3999999999999999
UPS,UPS Depot Hannover,0,bundled,2,137,177.1042665362079,0.7735556160189466,690.3453486584398,False,2,0.6000000000000001,0.3999999999999999
UPS,UPS Depot Hannover,1,standalone,1,162,19.21423828970633,8.431247575751597,361.21733942683215,True,2,0.6000000000000001,0.3999999999999999
UPS,UPS Depot Hannover,1,bundled,1,113,112.90680951768702,1.0008253752161722,425.01715255617387,False,2,0.6000000000000001,0.3999999999999999
UPS,UPS Depot Hannover,2,standalone,1,192,357.6158854957556,0.5368889017159691,975.2616312493876,False,2,0.6000000000000001,0.3999999999999999
UPS,UPS Depot Hannover,2,bundled,1,104,31.832385676522556,3.267112966550398,366.9056921783288,False,2,0.6000000000000001,0.3999999999999999
UPS,UPS Depot Hannover,2,bundled,1,96,12.528872220645557,7.6623017865732175,335.464027835247,False,2,0.6000000000000001,0.3999999999999999
UPS,UPS Depot Hannover,2,bundled,1,92,37.755537878390655,2.436728627634149,373.5318969328414,False,2,0.6000000000000001,0.3999999999999999
UPS,UPS Depot Hannover,2,bundled,2,155,240.53422155155369,0.6443989508028439,770.7353509569459,False,2,0.6000000000000001,0.3999999999999999
UPS,UPS Depot Hannover,3,bundled,1,109,159.38246951696127,0.6838895163962833,549.0613782952314,False,2,0.6000000000000001,0.3999999999999999
UPS,UPS Depot Hannover,3,bundled,1,108,53.8021301528445,2.0073554651681405,349.6197377228201,False,2,0.6000000000000001,0.3999999999999999
UPS,UPS Depot Hannover,4,standalone,1,173,19.484913733542946,8.878663891756599,357.60223680620555,True,2,0.6000000000000001,0.3999999999999999
UPS,UPS Depot Hannover,4,standalone,1,166,129.47251256919432,1.2821254234274955,588.6287298592933,False,2,0.6000000000000001,0.3999999999999999
UPS,UPS Depot Hannover,4,bundled,1,148,357.6158854957556,0.41385186173939287,919.9581686494158,False,2,0.6000000000000001,0.3999999999999999
UPS,UPS Depot Hannover,4,bundled,1,112,23.77191867081394,4.711441324991088,358.6384455473285,False,2,0.6000000000000001,0.3999999999999999
UPS,UPS Depot Hannover,4,bundled,1,105,112.90680951768702,0.9299704813955583,420.95212369609305,False,2,0.6000000000000001,0.3999999999999999
UPS,UPS Depot Hannover,4,bundled,1,97,102.53407734275534,0.946026945517286,411.2621181294038,False,2,0.6000000000000001,0.3999999999999999
UPS,UPS Depot Hannover,4,bundled,1,62,101.18549289373648,0.6127360575800277,356.5927087844534,False,2,0.6000000000000001,0.3999999999999999
UPS,UPS Depot Hannover,4,bundled,1,53,139.34872865781722,0.38034075022059266,368.5314371773437,False,2,0.6000000000000001,0.3999999999999999
UPS,UPS Depot Hannover,4,bundled,1,46,66.6831619829418,0.6898293157089229,362.52398832844113,False,2,0.6000000000000001,0.3999999999999999
UPS,UPS Depot Hannover,5,bundled,1,68,53.8021301528445,1.2638904780688291,334.80951606238125,False,2,0.6000000000000001,0.3999999999999999
Amazon,Amazon Logistics HAJ8 in Garbsen,5,standalone,1,181,3.3903855235675273,53.386259097031264,350.8604707626745,True,2,0.7000000000000001,0.29999999999999993
DPD,DPD Paketzentrum in Lehrte,0,standalone,1,186,4.951012974183712,37.568069599063485,352.66217556111366,True,2,0.7000000000000001,0.29999999999999993
DPD,DPD Paketzentrum in Lehrte,0,standalone,1,196,4.775461708125837,41.043151841525614,366.10275313001773,True,2,0.7000000000000001,0.29999999999999993
DPD,DPD Paketzentrum in Lehrte,0,standalone,1,175,9.157258958740023,19.110522132059355,377.1472481453272,True,2,0.7000000000000001,0.29999999999999993
DPD,DPD Paketzentrum in Lehrte,0,standalone,1,175,19.21423828970633,9.1078291713366,355.6659756998132,True,2,0.7000000000000001,0.29999999999999993
DPD,DPD Paketzentrum in Lehrte,0,standalone,1,165,4.462508901721823,36.974716159408906,329.6711406731595,True,2,0.7000000000000001,0.29999999999999993
DPD,DPD Paketzentrum in Lehrte,0,standalone,1,186,12.670949194485747,14.679247556366581,361.39323118322625,True,2,0.7000000000000001,0.29999999999999993
DPD,DPD Paketzentrum in Lehrte,0,standalone,1,202,12.528872220645557,16.122760009247813,460.39026393174424,True,2,0.7000000000000001,0.29999999999999993
DPD,DPD Paketzentrum in Lehrte,0,standalone,1,163,10.610683695060029,15.361875321557951,393.9465016068858,True,2,0.7000000000000001,0.29999999999999993
DPD,DPD Paketzentrum in Lehrte,0,standalone,1,278,102.53407734275534,2.711293720142325,833.0979611691811,False,2,0.7000000000000001,0.29999999999999993
DPD,DPD Paketzentrum in Lehrte,0,standalone,1,307,173.55971997363926,1.7688436006155577,881.9891507494812,False,2,0.7000000000000001,0.29999999999999993
DPD,DPD Paketzentrum in Lehrte,0,standalone,1,288,53.8021301528445,5.352947907115041,716.9608732657268,True,2,0.7000000000000001,0.29999999999999993
DPD,DPD Paketzentrum in Lehrte,0,standalone,1,198,37.755537878390655,5.2442637855604515,494.3944761595279,True,2,0.7000000000000001,0.29999999999999993
DPD,DPD Paketzentrum in Lehrte,0,standalone,1,189,31.832385676522556,5.937349525750243,426.8638528369846,True,2,0.7000000000000001,0.29999999999999993
DPD,DPD Paketzentrum in Lehrte,0,standalone,1,150,43.13135688268341,3.4777482286958317,419.6659770804474,False,2,0.7000000000000001,0.29999999999999993
DPD,DPD Paketzentrum in Lehrte,0,standalone,1,181,139.34872865781722,1.298899543206175,518.1714102335798,False,2,0.7000000000000001,0.29999999999999993
DPD,DPD Paketzentrum in Lehrte,0,bundled,1,147,66.6831619829418,2.2044545523741665,394.42516815019974,False,2,0.7000000000000001,0.29999999999999993
DPD,DPD Paketzentrum in Lehrte,1,standalone,1,155,6.967819653017212,22.245122250384558,363.4128426454024,True,2,0.7000000000000001,0.29999999999999993
DPD,DPD Paketzentrum in Lehrte,1,standalone,1,159,6.068989648841514,26.19875946408162,357.96490797854966,True,2,0.7000000000000001,0.29999999999999993
DPD,DPD Paketzentrum in Lehrte,1,standalone,1,156,8.86389555258122,17.59948535884675,332.67664015855365,True,2,0.7000000000000001,0.29999999999999993
DPD,DPD Paketzentrum in Lehrte,1,standalone,1,174,56.38950461206911,3.0856805924618564,503.96886431938066,False,2,0.7000000000000001,0.29999999999999993
DPD,DPD Paketzentrum in Lehrte,1,standalone,1,165,8.711379660258004,18.94074261884635,352.25285776759216,True,2,0.7000000000000001,0.29999999999999993
DPD,DPD Paketzentrum in Lehrte,2,standalone,1,163,3.576189607493106,45.57923876812067,305.64629592878987,True,2,0.7000000000000001,0.29999999999999993
DPD,DPD Paketzentrum in Lehrte,2,standalone,1,153,8.305970462175056,18.420484481223934,340.1774249436617,True,2,0.7000000000000001,0.29999999999999993
DPD,DPD Paketzentrum in Lehrte,2,standalone,1,329,5.186686836161483,63.43162993883074,597.372823042421,True,2,0.7000000000000001,0.29999999999999993
DPD,DPD Paketzentrum in Lehrte,2,standalone,1,163,7.274391190340525,22.407373446790086,354.0621035178708,True,2,0.7000000000000001,0.29999999999999993
DPD,DPD Paketzentrum in Lehrte,2,standalone,1,198,4.462508901721823,44.36965939129069,366.14921478310987,True,2,0.7000000000000001,0.29999999999999993
DPD,DPD Paketzentrum in Lehrte,2,standalone,1,161,11.3882150903338,14.137421775310088,333.16044405458246,True,2,0.7000000000000001,0.29999999999999993
DPD,DPD Paketzentrum in Lehrte,2,standalone,1,154,4.12190647126244,37.361352343551246,336.51642701573905,True,2,0.7000000000000001,0.29999999999999993
DPD,DPD Paketzentrum in Lehrte,2,standalone,1,329,53.8021301528445,6.114999518891835,751.6180559704696,True,2,0.7000000000000001,0.29999999999999993
DPD,DPD Paketzentrum in Lehrte,2,standalone,1,164,53.82702268136371,3.0467967914707086,482.5790367248345,False,2,0.7000000000000001,0.29999999999999993
DPD,DPD Paketzentrum in Lehrte,2,standalone,1,157,66.6831619829418,2.3544174470934975,406.03416160526945,False,2,0.7000000000000001,0.29999999999999993
DPD,DPD Paketzentrum in Lehrte,2,standalone,1,164,43.13135688268341,3.8023380633741093,403.16426718489845,False,2,0.7000000000000001,0.29999999999999993
DPD,DPD Paketzentrum in Lehrte,2,standalone,1,332,112.90680951768702,2.9404780935554795,684.4780269906946,False,2,0.7000000000000001,0.29999999999999993
DPD,DPD Paketzentrum in Lehrte,2,standalone,1,284,159.38246951696127,1.7818772720783895,869.4140003251025,False,2,0.7000000000000001,0.29999999999999993
DPD,DPD Paketzentrum in Lehrte,3,standalone,1,203,4.775461708125837,42.50897869300867,362.67649431097334,True,2,0.7000000000000001,0.29999999999999993
DPD,DPD Paketzentrum in Lehrte,3,standalone,1,183,9.157258958740023,19.984146000953494,400.7922488773972,True,2,0.7000000000000001,0.29999999999999993
DPD,DPD Paketzentrum in Lehrte,3,standalone,1,191,19.21423828970633,9.940544981287376,378.538114950828,True,2,0.7000000000000001,0.29999999999999993
DPD,DPD Paketzentrum in Lehrte,3,standalone,1,162,8.86389555258122,18.27638864187932,339.17052879165715,True,2,0.7000000000000001,0.29999999999999993
DPD,DPD Paketzentrum in Lehrte,3,standalone,1,206,12.670949194485747,16.257661272104922,408.4212313355315,True,2,0.7000000000000001,0.29999999999999993
DPD,DPD Paketzentrum in Lehrte,3,standalone,1,215,12.528872220645557,17.1603633761796,500.18921800489574,True,2,0.7000000000000001,0.29999999999999993
DPD,DPD Paketzentrum in Lehrte,3,standalone,1,203,56.38950461206911,3.5999606912054993,524.9196083863725,False,2,0.7000000000000001,0.29999999999999993
DPD,DPD Paketzentrum in Lehrte,3,standalone,1,193,10.610683695060029,18.18921433779561,461.22088446491927,True,2,0.7000000000000001,0.29999999999999993
DPD,DPD Paketzentrum in Lehrte,3,standalone,1,168,8.711379660258004,19.28511975737083,352.1940906434097,True,2,0.7000000000000001,0.29999999999999993
DPD,DPD Paketzentrum in Lehrte,3,standalone,1,330,102.53407734275534,3.2184421857804577,967.8836510656729,False,2,0.7000000000000001,0.29999999999999993
DPD,DPD Paketzentrum in Lehrte,3,standalone,1,334,173.55971997363926,1.9244096501810954,939.0343650987951,False,2,0.7000000000000001,0.29999999999999993
DPD,DPD Paketzentrum in Lehrte,3,standalone,1,204,31.832385676522556,6.408567742079627,471.3111232500631,True,2,0.7000000000000001,0.29999999999999993
DPD,DPD Paketzentrum in Lehrte,3,standalone,1,226,139.34872865781722,1.6218303688651687,670.122149233061,False,2,0.7000000000000001,0.29999999999999993
DPD,DPD Paketzentrum in Lehrte,3,standalone,1,436,125.18180774883541,3.482934204583383,1185.423225562493,False,2,0.7000000000000001,0.29999999999999993
DPD,DPD Paketzentrum in Lehrte,4,standalone,1,180,37.755537878390655,4.767512532327683,466.99540160038305,False,2,0.7000000000000001,0.29999999999999993
DPD,DPD Paketzentrum in Lehrte,4,standalone,1,234,159.38246951696127,1.4681664847406448,834.4846904501705,False,2,0.7000000000000001,0.29999999999999993
DPD,DPD Paketzentrum in Lehrte,5,standalone,1,215,59.876286869182046,3.5907370219822226,497.8838810068864,False,2,0.7000000000000001,0.29999999999999993
DPD,DPD Paketzentrum in Lehrte,5,standalone,1,155,101.18549289373648,1.5318401439500693,387.21038928044254,False,2,0.7000000000000001,0.29999999999999993
DPD,DPD Paketzentrum in Lehrte,5,bundled,1,137,56.38950461206911,2.429530121651002,412.08623644098265,False,2,0.7000000000000001,0.29999999999999993
FedEx,FedEx Station - Heinz-Peter-Piper Str.,0,bundled,1,127,357.6158854957556,0.3551296381142087,874.2663601036804,False,2,0.7000000000000001,0.29999999999999993
FedEx,FedEx Station - Heinz-Peter-Piper Str.,0,bundled,1,101,173.55971997363926,0.5819322594859001,431.0632985867841,False,2,0.7000000000000001,0.29999999999999993
FedEx,FedEx Station - Heinz-Peter-Piper Str.,0,bundled,1,100,9.157258958740023,10.920298361176773,360.65104356737567,True,2,0.7000000000000001,0.29999999999999993
FedEx,FedEx Station - Heinz-Peter-Piper Str.,0,bundled,1,81,102.53407734275534,0.789981263782476,387.6044466783899,False,2,0.7000000000000001,0.29999999999999993
FedEx,FedEx Station - Heinz-Peter-Piper Str.,0,bundled,1,70,159.38246951696127,0.4391951022728425,444.43715971383136,False,2,0.7000000000000001,0.29999999999999993
FedEx,FedEx Station - Heinz-Peter-Piper Str.,0,bundled,1,48,101.18549289373648,0.4743763026426021,348.5505913438959,False,2,0.7000000000000001,0.29999999999999993
FedEx,FedEx Station - Heinz-Peter-Piper Str.,1,bundled,1,85,112.90680951768702,0.7528332468440233,411.6987133806275,False,2,0.7000000000000001,0.29999999999999993
FedEx,FedEx Station - Heinz-Peter-Piper Str.,2,standalone,1,157,357.6158854957556,0.4390185290073289,894.9642956607108,False,2,0.7000000000000001,0.29999999999999993
FedEx,FedEx Station - Heinz-Peter-Piper Str.,2,bundled,1,109,102.53407734275534,1.0630612068183936,434.5954955829807,False,2,0.7000000000000001,0.29999999999999993
FedEx,FedEx Station - Heinz-Peter-Piper Str.,2,bundled,1,93,53.8021301528445,1.7285560950058987,352.3838601657063,False,2,0.7000000000000001,0.29999999999999993
FedEx,FedEx Station - Heinz-Peter-Piper Str.,2,bundled,1,81,159.38246951696127,0.5082114754871463,454.6642992935364,False,2,0.7000000000000001,0.29999999999999993
FedEx,FedEx Station - Heinz-Peter-Piper Str.,3,bundled,1,112,173.55971997363926,0.645311020420008,471.8955729545962,False,2,0.7000000000000001,0.29999999999999993
FedEx,FedEx Station - Heinz-Peter-Piper Str.,3,bundled,1,110,9.157258958740023,12.012328197294451,357.62947712535936,True,2,0.7000000000000001,0.29999999999999993
FedEx,FedEx Station - Heinz-Peter-Piper Str.,3,bundled,1,95,112.90680951768702,0.8414018641197908,423.65681335737054,False,2,0.7000000000000001,0.29999999999999993
FedEx,FedEx Station - Heinz-Peter-Piper Str.,4,standalone,1,195,34.15472344529856,5.7093128074161585,415.79502766611637,True,2,0.7000000000000001,0.29999999999999993
FedEx,FedEx Station - Heinz-Peter-Piper Str.,4,standalone,1,197,153.22446344831192,1.285695479471887,441.06842848410895,False,2,0.7000000000000001,0.29999999999999993
FedEx,FedEx Station - Heinz-Peter-Piper Str.,4,bundled,1,132,15.85072399205562,8.3276953195424,394.6164251490567,True,2,0.7000000000000001,0.29999999999999993
FedEx,FedEx Station - Heinz-Peter-Piper Str.,4,bundled,1,130,129.47251256919432,1.0040741267805688,570.2696549462958,False,2,0.7000000000000001,0.29999999999999993
FedEx,FedEx Station - Heinz-Peter-Piper Str.,4,bundled,1,74,102.53407734275534,0.7217112780234965,389.36160123783316,False,2,0.7000000000000001,0.29999999999999993
FedEx,FedEx Station - Heinz-Peter-Piper Str.,4,bundled,1,66,159.38246951696127,0.4140982392858229,403.410070041486,False,2,0.7000000000000001,0.29999999999999993
FedEx,FedEx Station - Heinz-Peter-Piper Str.,4,bundled,1,57,37.755537878390655,1.5097123019037664,363.306928973137,False,2,0.7000000000000001,0.29999999999999993
FedEx,FedEx Station - Heinz-Peter-Piper Str.,4,bundled,1,55,43.13135688268341,1.275174350521805,350.0320870116032,False,2,0.7000000000000001,0.29999999999999993
FedEx,FedEx Station - Heinz-Peter-Piper Str.,4,bundled,2,84,79.21203420358735,1.0604449291645108,447.78953915650914,False,2,0.7000000000000001,0.29999999999999993
FedEx,FedEx Station - Heinz-Peter-Piper Str.,4,bundled,2,84,193.17575133918092,0.43483718540072624,492.89398790083044,False,2,0.7000000000000001,0.29999999999999993
FedEx,FedEx Station - Heinz-Peter-Piper Str.,4,bundled,2,91,107.25448254257799,0.8484493873146489,506.82591250098903,False,2,0.7000000000000001,0.29999999999999993
GLS,GLS in Hannover Laatzen,0,standalone,1,158,9.157258958740023,17.254071410659304,349.9303161145175,True,2,0.7000000000000001,0.29999999999999993
GLS,GLS in Hannover Laatzen,0,standalone,1,153,4.462508901721823,34.28564589327008,324.76803016641594,True,2,0.7000000000000001,0.29999999999999993
GLS,GLS in Hannover Laatzen,0,standalone,1,181,12.528872220645557,14.44663149343492,424.26046417327075,True,2,0.7000000000000001,0.29999999999999993
GLS,GLS in Hannover Laatzen,0,standalone,1,165,56.38950461206911,2.926076423886243,472.47448134405465,False,2,0.7000000000000001,0.29999999999999993
GLS,GLS in Hannover Laatzen,0,standalone,1,179,31.832385676522556,5.623204048197319,372.6902082064629,True,2,0.7000000000000001,0.29999999999999993
GLS,GLS in Hannover Laatzen,0,standalone,1,174,139.34872865781722,1.248665859214776,589.3592004402569,False,2,0.7000000000000001,0.29999999999999993
GLS,GLS in Hannover Laatzen,1,standalone,1,183,1.7979843382791898,101.78064185761772,335.67151692081853,True,2,0.7000000000000001,0.29999999999999993
GLS,GLS in Hannover Laatzen,1,standalone,1,316,33.960996603727956,9.30479171996125,576.141916720911,True,2,0.7000000000000001,0.29999999999999993
GLS,GLS in Hannover Laatzen,1,standalone,1,221,153.22446344831192,1.4423284312857207,671.8048211630162,False,2,0.7000000000000001,0.29999999999999993
GLS,GLS in Hannover Laatzen,1,standalone,1,209,37.755537878390655,5.535611773647143,463.05572828666357,True,2,0.7000000000000001,0.29999999999999993
GLS,GLS in Hannover Laatzen,1,standalone,1,379,129.47251256919432,2.927262261921812,823.2388404347943,False,2,0.7000000000000001,0.29999999999999993
GLS,GLS in Hannover Laatzen,2,standalone,1,174,4.951012974183712,35.14432317331745,344.69996875038044,True,2,0.7000000000000001,0.29999999999999993
GLS,GLS in Hannover Laatzen,2,standalone,1,184,4.775461708125837,38.530305810411804,328.4272835067133,True,2,0.7000000000000001,0.29999999999999993
GLS,GLS in Hannover Laatzen,2,standalone,1,337,23.77191867081394,14.17639041537497,679.1933372812223,True,2,0.7000000000000001,0.29999999999999993
GLS,GLS in Hannover Laatzen,2,standalone,1,181,9.157258958740023,19.76574003372996,367.629525320123,True,2,0.7000000000000001,0.29999999999999993
GLS,GLS in Hannover Laatzen,2,standalone,1,164,6.967819653017212,23.536774510084307,352.3360070478764,True,2,0.7000000000000001,0.29999999999999993
GLS,GLS in Hannover Laatzen,2,standalone,1,168,6.068989648841514,27.6817081129919,334.9179375516361,True,2,0.7000000000000001,0.29999999999999993
GLS,GLS in Hannover Laatzen,2,standalone,1,168,19.21423828970633,8.743516004483137,339.72850876390095,True,2,0.7000000000000001,0.29999999999999993
GLS,GLS in Hannover Laatzen,2,standalone,1,178,4.462508901721823,39.88787561439264,354.3491296353028,True,2,0.7000000000000001,0.29999999999999993
GLS,GLS in Hannover Laatzen,2,standalone,1,169,12.670949194485747,13.33759589798899,374.37309470812846,True,2,0.7000000000000001,0.29999999999999993
GLS,GLS in Hannover Laatzen,2,standalone,1,200,56.38950461206911,3.5467593016802947,537.0187676516356,False,2,0.7000000000000001,0.29999999999999993
GLS,GLS in Hannover Laatzen,2,standalone,1,170,10.610683695060029,16.021587758680074,389.4872559811058,True,2,0.7000000000000001,0.29999999999999993
GLS,GLS in Hannover Laatzen,2,standalone,1,343,102.53407734275534,3.345229302189991,797.1973480245881,False,2,0.7000000000000001,0.29999999999999993
GLS,GLS in Hannover Laatzen,2,standalone,1,356,173.55971997363926,2.051167172049311,1074.921725446612,False,2,0.7000000000000001,0.29999999999999993
GLS,GLS in Hannover Laatzen,2,standalone,1,308,53.8021301528445,5.724680400664696,721.5666239428897,True,2,0.7000000000000001,0.29999999999999993
GLS,GLS in Hannover Laatzen,2,standalone,1,191,139.34872865781722,1.3706619489081735,607.6997484854169,False,2,0.7000000000000001,0.29999999999999993
GLS,GLS in Hannover Laatzen,3,standalone,1,196,1.7979843382791898,109.01096067810423,368.4024940655752,True,2,0.7000000000000001,0.29999999999999993
GLS,GLS in Hannover Laatzen,3,standalone,1,204,12.528872220645557,16.282391296468088,476.40772357576816,True,2,0.7000000000000001,0.29999999999999993
GLS,GLS in Hannover Laatzen,3,standalone,1,230,153.22446344831192,1.5010657882159084,669.6626521342305,False,2,0.7000000000000001,0.29999999999999993
GLS,GLS in Hannover Laatzen,3,standalone,1,223,37.755537878390655,5.906418303939296,468.1080742449131,True,2,0.7000000000000001,0.29999999999999993
GLS,GLS in Hannover Laatzen,3,standalone,1,199,31.832385676522556,6.251495003303165,393.99100267380356,True,2,0.7000000000000001,0.29999999999999993
GLS,GLS in Hannover Laatzen,3,standalone,1,404,129.47251256919432,3.120353440148844,843.6009348384164,False,2,0.7000000000000001,0.29999999999999993
GLS,GLS in Hannover Laatzen,4,standalone,1,190,5.186686836161483,36.63224829294176,361.8695193678735,True,2,0.7000000000000001,0.29999999999999993
GLS,GLS in Hannover Laatzen,4,standalone,1,202,13.714884737746763,14.72852334252915,368.4182680006682,True,2,0.7000000000000001,0.29999999999999993
GLS,GLS in Hannover Laatzen,4,standalone,1,263,102.53407734275534,2.5650008935159407,756.45675010674,False,2,0.7000000000000001,0.29999999999999993
GLS,GLS in Hannover Laatzen,4,standalone,1,250,53.8021301528445,4.646656169370695,712.5519720998855,False,2,0.7000000000000001,0.29999999999999993
GLS,GLS in Hannover Laatzen,4,standalone,1,212,101.18549289373648,2.0951620033381593,482.8674358291471,False,2,0.7000000000000001,0.29999999999999993
GLS,GLS in Hannover Laatzen,4,bundled,1,121,66.6831619829418,1.8145510261039057,322.0583642763815,False,2,0.7000000000000001,0.29999999999999993
GLS,GLS in Hannover Laatzen,4,bundled,1,115,53.82702268136371,2.136473359872753,354.340895746004,False,2,0.7000000000000001,0.29999999999999993
GLS,GLS in Hannover Laatzen,5,standalone,1,161,5.368928981069905,29.98735885083665,317.05930487324486,True,2,0.7000000000000001,0.29999999999999993
GLS,GLS in Hannover Laatzen,5,standalone,1,155,19.484913733542946,7.954872272961114,361.99850148034926,True,2,0.7000000000000001,0.29999999999999993
GLS,GLS in Hannover Laatzen,5,standalone,1,150,153.22446344831192,0.9789559488364621,454.8670207731893,False,2,0.7000000000000001,0.29999999999999993
GLS,GLS in Hannover Laatzen,5,standalone,1,174,112.90680951768702,1.5410939405983537,477.2450147159467,False,2,0.7000000000000001,0.29999999999999993
GLS,GLS in Hannover Laatzen,5,bundled,1,133,37.755537878390655,3.5226620377754547,366.3695879407634,False,2,0.7000000000000001,0.29999999999999993
Hermes,Hermes LC Hannover Langenhagen,0,standalone,1,185,3.576189607493106,51.73103786565842,308.3088099506755,True,2,0.7000000000000001,0.29999999999999993
Hermes,Hermes LC Hannover Langenhagen,0,standalone,1,196,6.967819653017212,28.129315877905636,387.0746670607684,True,2,0.7000000000000001,0.29999999999999993
Hermes,Hermes LC Hannover Langenhagen,0,standalone,1,185,6.068989648841514,30.48283333871132,372.3318667186169,True,2,0.7000000000000001,0.29999999999999993
Hermes,Hermes LC Hannover Langenhagen,0,standalone,1,194,7.274391190340525,26.6688984581428,372.80321316787956,True,2,0.7000000000000001,0.29999999999999993
Hermes,Hermes LC Hannover Langenhagen,0,standalone,1,218,19.21423828970633,11.345752910579309,409.5788907925553,True,2,0.7000000000000001,0.29999999999999993
Hermes,Hermes LC Hannover Langenhagen,0,standalone,1,193,8.86389555258122,21.773722270880917,360.98659109784387,True,2,0.7000000000000001,0.29999999999999993
Hermes,Hermes LC Hannover Langenhagen,0,standalone,1,209,12.670949194485747,16.494423329465675,387.97089905331796,True,2,0.7000000000000001,0.29999999999999993
Hermes,Hermes LC Hannover Langenhagen,0,standalone,1,210,10.610683695060029,19.79137311366362,387.3151684720006,True,2,0.7000000000000001,0.29999999999999993
Hermes,Hermes LC Hannover Langenhagen,0,standalone,1,205,66.6831619829418,3.0742393417462868,536.4108503262012,False,2,0.7000000000000001,0.29999999999999993
Hermes,Hermes LC Hannover Langenhagen,0,standalone,1,201,43.13135688268341,4.660182626452414,399.3206704345185,False,2,0.7000000000000001,0.29999999999999993
Hermes,Hermes LC Hannover Langenhagen,0,standalone,1,343,101.18549289373648,3.3898139959669273,774.4112247162573,False,2,0.7000000000000001,0.29999999999999993
Hermes,Hermes LC Hannover Langenhagen,0,standalone,1,360,159.38246951696127,2.2587176688317614,903.1251784588248,False,2,0.7000000000000001,0.29999999999999993
Hermes,Hermes LC Hannover Langenhagen,1,standalone,1,182,8.305970462175056,21.91194886001801,343.43716236529326,True,2,0.7000000000000001,0.29999999999999993
Hermes,Hermes LC Hannover Langenhagen,1,standalone,1,190,14.669809711755617,12.951769909308636,360.2960350534688,True,2,0.7000000000000001,0.29999999999999993
Hermes,Hermes LC Hannover Langenhagen,1,standalone,1,197,11.3882150903338,17.29858440829868,362.8428571288692,True,2,0.7000000000000001,0.29999999999999993
Hermes,Hermes LC Hannover Langenhagen,1,standalone,1,188,4.12190647126244,45.609962601218406,329.015374466347,True,2,0.7000000000000001,0.29999999999999993
Hermes,Hermes LC Hannover Langenhagen,1,standalone,1,188,8.711379660258004,21.58096734753402,344.6598781756253,True,2,0.7000000000000001,0.29999999999999993
Hermes,Hermes LC Hannover Langenhagen,1,standalone,1,201,53.82702268136371,3.7341838724732463,449.3218903672597,False,2,0.7000000000000001,0.29999999999999993
Hermes,Hermes LC Hannover Langenhagen,1,standalone,1,370,112.90680951768702,3.277038839203396,774.1065386485257,False,2,0.7000000000000001,0.29999999999999993
Hermes,Hermes LC Hannover Langenhagen,2,standalone,1,347,153.22446344831192,2.264651428308349,746.0246333592928,False,2,0.7000000000000001,0.29999999999999993
Hermes,Hermes LC Hannover Langenhagen,2,standalone,1,334,37.755537878390655,8.846384365541368,688.6596138779944,True,2,0.7000000000000001,0.29999999999999993
Hermes,Hermes LC Hannover Langenhagen,2,standalone,1,215,43.13135688268341,4.984772461130691,444.0309553033351,False,2,0.7000000000000001,0.29999999999999993
Hermes,Hermes LC Hannover Langenhagen,2,standalone,1,288,139.34872865781722,2.06675728421756,842.4681111985371,False,2,0.7000000000000001,0.29999999999999993
Hermes,Hermes LC Hannover Langenhagen,3,standalone,1,208,3.576189607493106,58.16246419490245,343.53844086365336,True,2,0.7000000000000001,0.29999999999999993
Hermes,Hermes LC Hannover Langenhagen,3,standalone,1,190,8.305970462175056,22.87511144727155,338.57225825267506,True,2,0.7000000000000001,0.29999999999999993
Hermes,Hermes LC Hannover Langenhagen,3,standalone,1,208,6.068989648841514,34.27259099703759,403.03587395915525,True,2,0.7000000000000001,0.29999999999999993
Hermes,Hermes LC Hannover Langenhagen,3,standalone,1,218,7.274391190340525,29.96814362822232,388.64286093793663,True,2,0.7000000000000001,0.29999999999999993
Hermes,Hermes LC Hannover Langenhagen,3,standalone,1,218,8.86389555258122,24.594152616849946,399.581063176645,True,2,0.7000000000000001,0.29999999999999993
Hermes,Hermes LC Hannover Langenhagen,3,standalone,1,205,14.669809711755617,13.97427806004353,393.2360040690072,True,2,0.7000000000000001,0.29999999999999993
Hermes,Hermes LC Hannover Langenhagen,3,standalone,1,202,11.3882150903338,17.737634773991537,365.94146131502833,True,2,0.7000000000000001,0.29999999999999993
Hermes,Hermes LC Hannover Langenhagen,3,standalone,1,216,4.12190647126244,52.402935754591354,358.6785279601662,True,2,0.7000000000000001,0.29999999999999993
Hermes,Hermes LC Hannover Langenhagen,3,standalone,1,419,59.876286869182046,6.997761917258378,720.1748751637022,True,2,0.7000000000000001,0.29999999999999993
Hermes,Hermes LC Hannover Langenhagen,3,standalone,1,218,53.82702268136371,4.050010369150089,533.7258929018826,False,2,0.7000000000000001,0.29999999999999993
Hermes,Hermes LC Hannover Langenhagen,3,standalone,1,205,66.6831619829418,3.0742393417462868,522.2141425309926,False,2,0.7000000000000001,0.29999999999999993
Hermes,Hermes LC Hannover Langenhagen,3,standalone,1,403,112.90680951768702,3.5693152762134286,824.5009257258324,False,2,0.7000000000000001,0.29999999999999993
Hermes,Hermes LC Hannover Langenhagen,3,standalone,1,370,101.18549289373648,3.656650666203391,783.4995569969781,False,2,0.7000000000000001,0.29999999999999993
Hermes,Hermes LC Hannover Langenhagen,3,standalone,1,392,159.38246951696127,2.459492572727918,965.2609249454856,False,2,0.7000000000000001,0.29999999999999993
Hermes,Hermes LC Hannover Langenhagen,4,standalone,1,224,139.34872865781722,1.6074778877247689,709.1744570187634,False,2,0.7000000000000001,0.29999999999999993
Hermes,Hermes LC Hannover Langenhagen,5,standalone,1,158,9.157258958740023,17.254071410659304,342.88048033244183,True,2,0.7000000000000001,0.29999999999999993
Hermes,Hermes LC Hannover Langenhagen,5,standalone,1,165,4.462508901721823,36.974716159408906,323.63851676107646,True,2,0.7000000000000001,0.29999999999999993
Hermes,Hermes LC Hannover Langenhagen,5,standalone,1,193,56.38950461206911,3.4226227261214843,416.3740775770625,False,2,0.7000000000000001,0.29999999999999993
Hermes,Hermes LC Hannover Langenhagen,5,bundled,1,144,53.82702268136371,2.675236207145012,412.15484339825696,False,2,0.7000000000000001,0.29999999999999993
UPS,UPS Depot Hannover,0,standalone,1,167,357.6158854957556,0.46698149263836897,959.5075497388272,False,2,0.7000000000000001,0.29999999999999993
UPS,UPS Depot Hannover,0,bundled,1,116,159.38246951696127,0.7278090266235675,555.997623616382,False,2,0.7000000000000001,0.29999999999999993
UPS,UPS Depot Hannover,0,bundled,1,114,53.8021301528445,2.118875213233037,365.4739703936199,False,2,0.7000000000000001,0.29999999999999993
UPS,UPS Depot Hannover,0,bundled,1,101,12.528872220645557,8.061380004623906,338.6442385739165,True,2,0.7000000000000001,0.29999999999999993
UPS,UPS Depot Hannover,0,bundled,1,94,31.832385676522556,2.952967488997475,367.37454163258826,False,2,0.7000000000000001,0.29999999999999993
UPS,UPS Depot Hannover,0,bundled,2,159,177.1042665362079,0.8977762258906022,721.7512775832172,False,2,0.7000000000000001,0.29999999999999993
UPS,UPS Depot Hannover,1,standalone,1,189,19.21423828970633,9.83645550504353,370.6212234696481,True,2,0.7000000000000001,0.29999999999999993
UPS,UPS Depot Hannover,2,standalone,1,224,357.6158854957556,0.6263703853352973,1110.4922107807022,False,2,0.7000000000000001,0.29999999999999993
UPS,UPS Depot Hannover,2,bundled,1,121,31.832385676522556,3.8011602783903666,387.7559748462203,False,2,0.7000000000000001,0.29999999999999993
UPS,UPS Depot Hannover,2,bundled,1,112,12.528872220645557,8.93935208433542,367.0591983756409,True,2,0.7000000000000001,0.29999999999999993
UPS,UPS Depot Hannover,2,bundled,1,107,37.755537878390655,2.834021338661456,406.45910760048656,False,2,0.7000000000000001,0.29999999999999993
UPS,UPS Depot Hannover,2,bundled,2,181,240.53422155155369,0.7524916780342887,899.6234276773075,False,2,0.7000000000000001,0.29999999999999993
UPS,UPS Depot Hannover,3,bundled,1,127,159.38246951696127,0.7968253998378714,588.4417816841294,False,2,0.7000000000000001,0.29999999999999993
UPS,UPS Depot Hannover,3,bundled,1,126,53.8021301528445,2.3419147093628303,385.75062343254194,False,2,0.7000000000000001,0.29999999999999993
UPS,UPS Depot Hannover,4,standalone,1,173,357.6158854957556,0.483759270816993,933.5779001297494,False,2,0.7000000000000001,0.29999999999999993
UPS,UPS Depot Hannover,4,bundled,1,141,173.55971997363926,0.8124004810644744,504.5457575477547,False,2,0.7000000000000001,0.29999999999999993
UPS,UPS Depot Hannover,4,bundled,1,137,10.610683695060029,12.911514840818647,353.0363028677399,True,2,0.7000000000000001,0.29999999999999993
UPS,UPS Depot Hannover,4,bundled,1,131,23.77191867081394,5.510703692623505,373.088390234559,True,2,0.7000000000000001,0.29999999999999993
UPS,UPS Depot Hannover,4,bundled,1,122,112.90680951768702,1.080537130764363,443.53359410894063,False,2,0.7000000000000001,0.29999999999999993
UPS,UPS Depot Hannover,4,bundled,1,113,102.53407734275534,1.1020726272520962,463.64156151769794,False,2,0.7000000000000001,0.29999999999999993
UPS,UPS Depot Hannover,4,bundled,1,72,101.18549289373648,0.7115644539639031,370.2566593794912,False,2,0.7000000000000001,0.29999999999999993
UPS,UPS Depot Hannover,4,bundled,1,62,139.34872865781722,0.4449269153523914,386.96712783763746,False,2,0.7000000000000001,0.29999999999999993
UPS,UPS Depot Hannover,4,bundled,1,53,66.6831619829418,0.7948033420124546,368.28828522677753,False,2,0.7000000000000001,0.29999999999999993
UPS,UPS Depot Hannover,5,bundled,1,140,129.47251256919432,1.0813105980713817,572.8656552750728,False,2,0.7000000000000001,0.29999999999999993
Amazon,Amazon Logistics HAJ8 in Garbsen,1,standalone,1,552,139.34872865781722,3.9612847947503234,1475.609545206439,False,2,0.8,0.19999999999999996
DPD,DPD Paketzentrum in Lehrte,0,standalone,1,200,19.21423828970633,10.408947624384687,397.63631079675866,True,2,0.8,0.19999999999999996
DPD,DPD Paketzentrum in Lehrte,0,standalone,1,189,4.462508901721823,42.35285669168657,361.12661384676056,True,2,0.8,0.19999999999999996
DPD,DPD Paketzentrum in Lehrte,0,standalone,1,186,10.610683695060029,17.52950190067349,431.6552796217643,True,2,0.8,0.19999999999999996
DPD,DPD Paketzentrum in Lehrte,0,standalone,1,317,102.53407734275534,3.0916550693709244,929.9994620808937,False,2,0.8,0.19999999999999996
DPD,DPD Paketzentrum in Lehrte,0,standalone,1,351,173.55971997363926,2.0223586443519896,991.1318991513053,False,2,0.8,0.19999999999999996
DPD,DPD Paketzentrum in Lehrte,0,standalone,1,338,59.876286869182046,5.6449726206046105,691.5648263226785,True,2,0.8,0.19999999999999996
DPD,DPD Paketzentrum in Lehrte,0,standalone,1,216,31.832385676522556,6.785542315143134,497.3001320768963,True,2,0.8,0.19999999999999996
DPD,DPD Paketzentrum in Lehrte,0,standalone,1,168,66.6831619829418,2.5193766312847616,415.404014580014,False,2,0.8,0.19999999999999996
DPD,DPD Paketzentrum in Lehrte,0,standalone,1,171,43.13135688268341,3.964632980713248,449.1367408222011,False,2,0.8,0.19999999999999996
DPD,DPD Paketzentrum in Lehrte,0,standalone,1,207,139.34872865781722,1.4854817980313713,634.0159326065034,False,2,0.8,0.19999999999999996
DPD,DPD Paketzentrum in Lehrte,1,standalone,1,198,4.775461708125837,41.46195951337791,374.4006476138036,True,2,0.8,0.19999999999999996
DPD,DPD Paketzentrum in Lehrte,1,standalone,1,203,9.157258958740023,22.16820567318885,420.05931285081226,True,2,0.8,0.19999999999999996
DPD,DPD Paketzentrum in Lehrte,1,standalone,1,177,6.967819653017212,25.40249444076172,390.54729668677794,True,2,0.8,0.19999999999999996
DPD,DPD Paketzentrum in Lehrte,1,standalone,1,182,6.068989648841514,29.98851712240789,390.41195082523313,True,2,0.8,0.19999999999999996
DPD,DPD Paketzentrum in Lehrte,1,standalone,1,178,8.86389555258122,20.0814640632995,350.91132410370005,True,2,0.8,0.19999999999999996
DPD,DPD Paketzentrum in Lehrte,1,standalone,1,199,56.38950461206911,3.5290255051718935,522.302025304139,False,2,0.8,0.19999999999999996
DPD,DPD Paketzentrum in Lehrte,1,standalone,1,188,8.711379660258004,21.58096734753402,378.4065696979891,True,2,0.8,0.19999999999999996
DPD,DPD Paketzentrum in Lehrte,1,standalone,1,342,53.8021301528445,6.356625639699112,741.9935242872712,True,2,0.8,0.19999999999999996
DPD,DPD Paketzentrum in Lehrte,2,standalone,1,186,3.576189607493106,52.01066509736469,342.71578774175816,True,2,0.8,0.19999999999999996
DPD,DPD Paketzentrum in Lehrte,2,standalone,1,174,8.305970462175056,20.948786272764472,352.70610478380786,True,2,0.8,0.19999999999999996
DPD,DPD Paketzentrum in Lehrte,2,standalone,1,376,5.186686836161483,72.4932913586637,626.890859125192,True,2,0.8,0.19999999999999996
DPD,DPD Paketzentrum in Lehrte,2,standalone,1,186,7.274391190340525,25.569150068116294,385.4080419503621,True,2,0.8,0.19999999999999996
DPD,DPD Paketzentrum in Lehrte,2,standalone,1,226,4.462508901721823,50.64415667894796,412.90361386972114,True,2,0.8,0.19999999999999996
DPD,DPD Paketzentrum in Lehrte,2,standalone,1,184,11.3882150903338,16.157053457497245,356.4557271955741,True,2,0.8,0.19999999999999996
DPD,DPD Paketzentrum in Lehrte,2,standalone,1,176,4.12190647126244,42.69868839263,354.2401406485577,True,2,0.8,0.19999999999999996
DPD,DPD Paketzentrum in Lehrte,2,standalone,1,418,173.55971997363926,2.4083929154961012,1146.6263808097253,False,2,0.8,0.19999999999999996
DPD,DPD Paketzentrum in Lehrte,2,standalone,1,187,53.82702268136371,3.474091463445259,501.6901963704064,False,2,0.8,0.19999999999999996
DPD,DPD Paketzentrum in Lehrte,2,standalone,1,179,66.6831619829418,2.6843358154760257,448.54702454362933,False,2,0.8,0.19999999999999996
DPD,DPD Paketzentrum in Lehrte,2,standalone,1,187,43.13135688268341,4.335592791774137,458.8395288586429,False,2,0.8,0.19999999999999996
DPD,DPD Paketzentrum in Lehrte,2,standalone,1,380,112.90680951768702,3.365607456479163,730.1115213428293,False,2,0.8,0.19999999999999996
DPD,DPD Paketzentrum in Lehrte,2,standalone,1,325,159.38246951696127,2.03912011769534,911.4195213002934,False,2,0.8,0.19999999999999996
DPD,DPD Paketzentrum in Lehrte,3,standalone,1,209,9.157258958740023,22.823423574859458,457.99053736470273,True,2,0.8,0.19999999999999996
DPD,DPD Paketzentrum in Lehrte,3,standalone,1,219,19.21423828970633,11.397797648701232,434.1320848564216,True,2,0.8,0.19999999999999996
DPD,DPD Paketzentrum in Lehrte,3,standalone,1,185,8.86389555258122,20.871184560170825,363.00199035558774,True,2,0.8,0.19999999999999996
DPD,DPD Paketzentrum in Lehrte,3,standalone,1,192,8.711379660258004,22.04013686556666,384.69229786439905,True,2,0.8,0.19999999999999996
DPD,DPD Paketzentrum in Lehrte,3,standalone,1,377,102.53407734275534,3.676826375876462,1020.6076689386078,False,2,0.8,0.19999999999999996
DPD,DPD Paketzentrum in Lehrte,4,standalone,1,302,53.8021301528445,5.6131606525998,716.3789487979589,True,2,0.8,0.19999999999999996
DPD,DPD Paketzentrum in Lehrte,4,standalone,1,268,159.38246951696127,1.6814898201303112,842.7620066108922,False,2,0.8,0.19999999999999996
DPD,DPD Paketzentrum in Lehrte,4,bundled,1,148,53.82702268136371,2.7495483240101515,442.2949770232344,False,2,0.8,0.19999999999999996
DPD,DPD Paketzentrum in Lehrte,4,bundled,1,146,66.6831619829418,2.1894582629022334,408.8152283408526,False,2,0.8,0.19999999999999996
DPD,DPD Paketzentrum in Lehrte,5,standalone,1,156,56.38950461206911,2.76647225531063,441.73356591398743,False,2,0.8,0.19999999999999996
DPD,DPD Paketzentrum in Lehrte,5,standalone,1,152,37.755537878390655,4.025899471743377,449.9204281634709,False,2,0.8,0.19999999999999996
DPD,DPD Paketzentrum in Lehrte,5,standalone,1,178,101.18549289373648,1.7591454556329829,414.21095835558174,False,2,0.8,0.19999999999999996
FedEx,FedEx Station - Heinz-Peter-Piper Str.,0,bundled,1,116,173.55971997363926,0.6683578425778655,501.920874219139,False,2,0.8,0.19999999999999996
FedEx,FedEx Station - Heinz-Peter-Piper Str.,0,bundled,1,114,9.157258958740023,12.449140131741522,382.302019119879,True,2,0.8,0.19999999999999996
FedEx,FedEx Station - Heinz-Peter-Piper Str.,0,bundled,1,93,102.53407734275534,0.9070155250835835,409.16422206904485,False,2,0.8,0.19999999999999996
FedEx,FedEx Station - Heinz-Peter-Piper Str.,0,bundled,1,54,101.18549289373648,0.5336733404729274,361.1932995439778,False,2,0.8,0.19999999999999996
FedEx,FedEx Station - Heinz-Peter-Piper Str.,1,standalone,1,156,357.6158854957556,0.43622223264422494,925.2554073491999,False,2,0.8,0.19999999999999996
FedEx,FedEx Station - Heinz-Peter-Piper Str.,1,bundled,1,98,112.90680951768702,0.867972449302521,452.55081822703175,False,2,0.8,0.19999999999999996
FedEx,FedEx Station - Heinz-Peter-Piper Str.,2,bundled,1,134,9.157258958740023,14.633199803976876,392.9857421067261,True,2,0.8,0.19999999999999996
FedEx,FedEx Station - Heinz-Peter-Piper Str.,2,bundled,1,125,102.53407734275534,1.2191068885532037,470.97832517469317,False,2,0.8,0.19999999999999996
FedEx,FedEx Station - Heinz-Peter-Piper Str.,2,bundled,1,106,53.8021301528445,1.9701822158131748,352.97569571650564,False,2,0.8,0.19999999999999996
FedEx,FedEx Station - Heinz-Peter-Piper Str.,2,bundled,1,93,159.38246951696127,0.583502064448205,497.3339649550021,False,2,0.8,0.19999999999999996
FedEx,FedEx Station - Heinz-Peter-Piper Str.,3,standalone,1,166,357.6158854957556,0.464185196275265,878.8863252227012,False,2,0.8,0.19999999999999996
FedEx,FedEx Station - Heinz-Peter-Piper Str.,3,bundled,1,144,23.77191867081394,6.057567417845684,387.0128533526289,True,2,0.8,0.19999999999999996
FedEx,FedEx Station - Heinz-Peter-Piper Str.,3,bundled,1,128,173.55971997363926,0.7374983090514378,506.7739452652403,False,2,0.8,0.19999999999999996
FedEx,FedEx Station - Heinz-Peter-Piper Str.,3,bundled,1,108,112.90680951768702,0.9565410665782885,469.69278125508333,False,2,0.8,0.19999999999999996
FedEx,FedEx Station - Heinz-Peter-Piper Str.,4,standalone,1,162,12.254281076148747,13.21986977394459,402.0278531372982,True,2,0.8,0.19999999999999996
FedEx,FedEx Station - Heinz-Peter-Piper Str.,4,standalone,1,151,15.85072399205562,9.52637873674926,406.42452985998796,True,2,0.8,0.19999999999999996
FedEx,FedEx Station - Heinz-Peter-Piper Str.,4,bundled,1,148,129.47251256919432,1.1430997751040322,601.5148543670566,False,2,0.8,0.19999999999999996
FedEx,FedEx Station - Heinz-Peter-Piper Str.,4,bundled,1,75,159.38246951696127,0.47056618100661696,424.1097294118383,False,2,0.8,0.19999999999999996
FedEx,FedEx Station - Heinz-Peter-Piper Str.,4,bundled,1,65,37.755537878390655,1.7216017477849967,372.88215844414776,False,2,0.8,0.19999999999999996
FedEx,FedEx Station - Heinz-Peter-Piper Str.,4,bundled,1,62,43.13135688268341,1.4374692678609438,360.0229057581145,False,2,0.8,0.19999999999999996
FedEx,FedEx Station - Heinz-Peter-Piper Str.,4,bundled,1,52,101.18549289373648,0.5139076611961523,359.33910722894603,False,2,0.8,0.19999999999999996
FedEx,FedEx Station - Heinz-Peter-Piper Str.,4,bundled,1,42,139.34872865781722,0.3014021039483942,346.8946352831791,False,2,0.8,0.19999999999999996
FedEx,FedEx Station - Heinz-Peter-Piper Str.,4,bundled,1,39,66.6831619829418,0.5848552894053911,349.27123698420826,False,2,0.8,0.19999999999999996
GLS,GLS in Hannover Laatzen,0,standalone,1,192,1.7979843382791898,106.7862471948776,343.30808825769327,True,2,0.8,0.19999999999999996
GLS,GLS in Hannover Laatzen,0,standalone,1,353,6.17992293720077,57.12045337573308,609.4799912103892,True,2,0.8,0.19999999999999996
GLS,GLS in Hannover Laatzen,0,standalone,1,180,9.157258958740023,19.656537050118192,369.5940490196927,True,2,0.8,0.19999999999999996
GLS,GLS in Hannover Laatzen,0,standalone,1,175,4.462508901721823,39.215608047857934,353.95797063830526,True,2,0.8,0.19999999999999996
GLS,GLS in Hannover Laatzen,0,standalone,1,207,12.528872220645557,16.5218382272985,488.4758930764069,True,2,0.8,0.19999999999999996
GLS,GLS in Hannover Laatzen,0,standalone,1,188,56.38950461206911,3.3339537435794773,538.0868295166271,False,2,0.8,0.19999999999999996
GLS,GLS in Hannover Laatzen,0,standalone,1,221,37.755537878390655,5.853445942468989,483.9734988774225,True,2,0.8,0.19999999999999996
GLS,GLS in Hannover Laatzen,0,standalone,1,204,31.832385676522556,6.408567742079627,415.21536253798365,True,2,0.8,0.19999999999999996
GLS,GLS in Hannover Laatzen,0,standalone,1,407,129.47251256919432,3.1435243815360883,862.9039403034581,False,2,0.8,0.19999999999999996
GLS,GLS in Hannover Laatzen,1,standalone,1,361,33.960996603727956,10.6298411737532,587.7024316281304,True,2,0.8,0.19999999999999996
GLS,GLS in Hannover Laatzen,1,standalone,1,332,173.55971997363926,1.9128862391021666,990.1412203908005,False,2,0.8,0.19999999999999996
GLS,GLS in Hannover Laatzen,1,standalone,1,253,153.22446344831192,1.6511723670374994,766.0568168118715,False,2,0.8,0.19999999999999996
GLS,GLS in Hannover Laatzen,2,standalone,1,199,4.951012974183712,40.193794893621686,376.62629015297875,True,2,0.8,0.19999999999999996
GLS,GLS in Hannover Laatzen,2,standalone,1,210,4.775461708125837,43.97480554449173,374.71553848304814,True,2,0.8,0.19999999999999996
GLS,GLS in Hannover Laatzen,2,standalone,1,386,23.77191867081394,16.23764599505857,700.4810640121624,True,2,0.8,0.19999999999999996
GLS,GLS in Hannover Laatzen,2,standalone,1,206,9.157258958740023,22.495814624024153,416.72176692200037,True,2,0.8,0.19999999999999996
GLS,GLS in Hannover Laatzen,2,standalone,1,187,6.967819653017212,26.837663618205887,379.5410302884794,True,2,0.8,0.19999999999999996
GLS,GLS in Hannover Laatzen,2,standalone,1,192,19.21423828970633,9.992589719409299,354.0866513741642,True,2,0.8,0.19999999999999996
GLS,GLS in Hannover Laatzen,2,standalone,1,203,4.462508901721823,45.4901053355152,388.4378998900089,True,2,0.8,0.19999999999999996
GLS,GLS in Hannover Laatzen,2,standalone,1,194,12.670949194485747,15.310613042661918,404.1614280572552,True,2,0.8,0.19999999999999996
GLS,GLS in Hannover Laatzen,2,standalone,1,229,56.38950461206911,4.061039400423938,655.1053942619105,False,2,0.8,0.19999999999999996
GLS,GLS in Hannover Laatzen,2,standalone,1,195,10.610683695060029,18.377703605544788,430.43136569284536,True,2,0.8,0.19999999999999996
GLS,GLS in Hannover Laatzen,2,standalone,1,392,102.53407734275534,3.8231192025028466,877.6472454280788,False,2,0.8,0.19999999999999996
GLS,GLS in Hannover Laatzen,2,standalone,1,352,53.8021301528445,6.542491886473939,745.2623098435174,True,2,0.8,0.19999999999999996
GLS,GLS in Hannover Laatzen,3,standalone,1,224,1.7979843382791898,124.58395506069054,412.67030065545987,True,2,0.8,0.19999999999999996
GLS,GLS in Hannover Laatzen,3,standalone,1,262,153.22446344831192,1.709909723967687,755.5938506825341,False,2,0.8,0.19999999999999996
GLS,GLS in Hannover Laatzen,3,standalone,1,227,31.832385676522556,7.131102340451349,440.18024323559695,True,2,0.8,0.19999999999999996
GLS,GLS in Hannover Laatzen,3,standalone,1,321,112.90680951768702,2.843052614552135,786.1414400485378,False,2,0.8,0.19999999999999996
GLS,GLS in Hannover Laatzen,4,standalone,1,177,56.38950461206911,3.138881981987061,522.8903507066475,False,2,0.8,0.19999999999999996
GLS,GLS in Hannover Laatzen,4,standalone,1,286,53.8021301528445,5.315774657760075,721.1128620521281,True,2,0.8,0.19999999999999996
GLS,GLS in Hannover Laatzen,4,standalone,1,202,37.755537878390655,5.350208508501066,431.0704545681516,True,2,0.8,0.19999999999999996
GLS,GLS in Hannover Laatzen,4,standalone,1,170,139.34872865781722,1.2199608969339764,617.417253178041,False,2,0.8,0.19999999999999996
GLS,GLS in Hannover Laatzen,4,bundled,1,138,66.6831619829418,2.0694879471267686,328.36480120429354,False,2,0.8,0.19999999999999996
GLS,GLS in Hannover Laatzen,4,bundled,1,132,53.82702268136371,2.452299856549595,373.06623375967854,False,2,0.8,0.19999999999999996
GLS,GLS in Hannover Laatzen,5,standalone,1,184,5.368928981069905,34.27126725809903,357.0918178736082,True,2,0.8,0.19999999999999996
GLS,GLS in Hannover Laatzen,5,standalone,1,176,5.186686836161483,33.93302999767237,344.3440712169594,True,2,0.8,0.19999999999999996
GLS,GLS in Hannover Laatzen,5,standalone,1,193,13.714884737746763,14.072302005485774,371.784504804581,True,2,0.8,0.19999999999999996
GLS,GLS in Hannover Laatzen,5,standalone,1,178,19.484913733542946,9.135272674755344,386.5310448146874,True,2,0.8,0.19999999999999996
GLS,GLS in Hannover Laatzen,5,standalone,1,219,102.53407734275534,2.1358752687452127,663.8103585589273,False,2,0.8,0.19999999999999996
GLS,GLS in Hannover Laatzen,5,standalone,1,207,59.876286869182046,3.457128202559628,506.7415592065119,False,2,0.8,0.19999999999999996
GLS,GLS in Hannover Laatzen,5,standalone,1,172,153.22446344831192,1.12253615466581,523.1741485064116,False,2,0.8,0.19999999999999996
GLS,GLS in Hannover Laatzen,5,standalone,1,198,112.90680951768702,1.7536586220601955,564.8177093827268,False,2,0.8,0.19999999999999996
GLS,GLS in Hannover Laatzen,5,standalone,1,178,101.18549289373648,1.7591454556329829,431.59768272695993,False,2,0.8,0.19999999999999996
Hermes,Hermes LC Hannover Langenhagen,0,standalone,1,211,3.576189607493106,59.00134589002123,347.9129903544915,True,2,0.8,0.19999999999999996
Hermes,Hermes LC Hannover Langenhagen,0,standalone,1,195,8.305970462175056,23.477088064305015,341.3975240267473,True,2,0.8,0.19999999999999996
Hermes,Hermes LC Hannover Langenhagen,0,standalone,1,224,6.967819653017212,32.1477895747493,423.8260494957009,True,2,0.8,0.19999999999999996
Hermes,Hermes LC Hannover Langenhagen,0,standalone,1,212,6.068989648841514,34.93167928544216,424.58973715702035,True,2,0.8,0.19999999999999996
Hermes,Hermes LC Hannover Langenhagen,0,standalone,1,222,7.274391190340525,30.518017823235574,415.0683364077454,True,2,0.8,0.19999999999999996
Hermes,Hermes LC Hannover Langenhagen,0,standalone,1,221,8.86389555258122,24.93260425836623,403.07288807629044,True,2,0.8,0.19999999999999996
Hermes,Hermes LC Hannover Langenhagen,0,standalone,1,188,14.669809711755617,12.815435489210651,366.0403674623053,True,2,0.8,0.19999999999999996
Hermes,Hermes LC Hannover Langenhagen,0,standalone,1,209,11.3882150903338,18.352305285961542,403.1218020508638,True,2,0.8,0.19999999999999996
Hermes,Hermes LC Hannover Langenhagen,0,standalone,1,195,53.82702268136371,3.6227156971755377,457.46795831310106,False,2,0.8,0.19999999999999996
Hermes,Hermes LC Hannover Langenhagen,0,standalone,1,229,43.13135688268341,5.3093622958089695,488.97259457884354,True,2,0.8,0.19999999999999996
Hermes,Hermes LC Hannover Langenhagen,0,standalone,1,420,112.90680951768702,3.719881925582233,845.574788333752,False,2,0.8,0.19999999999999996
Hermes,Hermes LC Hannover Langenhagen,0,standalone,1,392,101.18549289373648,3.874073138247917,818.5876221987967,False,2,0.8,0.19999999999999996
Hermes,Hermes LC Hannover Langenhagen,0,standalone,1,412,159.38246951696127,2.5849768876630157,1034.3001744636656,False,2,0.8,0.19999999999999996
Hermes,Hermes LC Hannover Langenhagen,1,standalone,1,214,8.711379660258004,24.565569214746173,375.799565494503,True,2,0.8,0.19999999999999996
Hermes,Hermes LC Hannover Langenhagen,2,standalone,1,227,11.3882150903338,19.932886602455838,408.37372093475085,True,2,0.8,0.19999999999999996
Hermes,Hermes LC Hannover Langenhagen,2,standalone,1,594,102.53407734275534,5.793195934404824,1169.377018788385,True,2,0.8,0.19999999999999996
Hermes,Hermes LC Hannover Langenhagen,2,standalone,1,396,153.22446344831192,2.58444370492826,778.4197300463877,False,2,0.8,0.19999999999999996
Hermes,Hermes LC Hannover Langenhagen,2,standalone,1,382,37.755537878390655,10.11772104082875,721.7354284389858,True,2,0.8,0.19999999999999996
Hermes,Hermes LC Hannover Langenhagen,3,standalone,1,378,139.34872865781722,2.7126189355355477,985.6804288525486,False,2,0.8,0.19999999999999996
Hermes,Hermes LC Hannover Langenhagen,3,standalone,1,448,159.38246951696127,2.810848654546192,1151.440561635802,False,2,0.8,0.19999999999999996
Hermes,Hermes LC Hannover Langenhagen,4,standalone,1,182,8.305970462175056,21.91194886001801,342.36870762656827,True,2,0.8,0.19999999999999996
Hermes,Hermes LC Hannover Langenhagen,4,standalone,1,199,53.82702268136371,3.697027814040677,457.6919712573905,False,2,0.8,0.19999999999999996
Hermes,Hermes LC Hannover Langenhagen,4,standalone,1,392,112.90680951768702,3.471889797210084,823.5562366553331,False,2,0.8,0.19999999999999996
Hermes,Hermes LC Hannover Langenhagen,4,standalone,1,368,101.18549289373648,3.636884986926616,794.3334088529393,False,2,0.8,0.19999999999999996
Hermes,Hermes LC Hannover Langenhagen,5,standalone,1,180,9.157258958740023,19.656537050118192,359.3899800100435,True,2,0.8,0.19999999999999996
Hermes,Hermes LC Hannover Langenhagen,5,standalone,1,188,4.462508901721823,42.12876750284167,346.1744800397852,True,2,0.8,0.19999999999999996
Hermes,Hermes LC Hannover Langenhagen,5,standalone,1,220,56.38950461206911,3.9014352318483243,458.1911350103193,False,2,0.8,0.19999999999999996
Hermes,Hermes LC Hannover Langenhagen,5,standalone,1,221,31.832385676522556,6.942615053919595,438.42213351017415,True,2,0.8,0.19999999999999996
Hermes,Hermes LC Hannover Langenhagen,5,standalone,1,194,139.34872865781722,1.392190670618773,659.9548900522763,False,2,0.8,0.19999999999999996
UPS,UPS Depot Hannover,0,standalone,1,191,357.6158854957556,0.5340926053528651,974.1179995344368,False,2,0.8,0.19999999999999996
UPS,UPS Depot Hannover,0,bundled,1,139,112.90680951768702,1.2311037801331677,476.8506034372113,False,2,0.8,0.19999999999999996
UPS,UPS Depot Hannover,0,bundled,1,137,102.53407734275534,1.3361411498543112,506.19569725543613,False,2,0.8,0.19999999999999996
UPS,UPS Depot Hannover,0,bundled,1,132,159.38246951696127,0.8281964785716458,588.0872931958202,False,2,0.8,0.19999999999999996
UPS,UPS Depot Hannover,0,bundled,1,130,53.8021301528445,2.4162612080727617,393.7906240162629,False,2,0.8,0.19999999999999996
UPS,UPS Depot Hannover,0,bundled,1,104,37.755537878390655,2.754562796455995,416.83364108445915,False,2,0.8,0.19999999999999996
UPS,UPS Depot Hannover,1,standalone,1,216,19.21423828970633,11.241663434335463,415.5003014712904,True,2,0.8,0.19999999999999996
UPS,UPS Depot Hannover,2,bundled,1,138,31.832385676522556,4.335207590230335,396.7571314686259,False,2,0.8,0.19999999999999996
UPS,UPS Depot Hannover,2,bundled,1,128,12.528872220645557,10.216402382097623,379.5585810602297,True,2,0.8,0.19999999999999996
UPS,UPS Depot Hannover,2,bundled,1,123,37.755537878390655,3.257800230423917,407.15244100069583,False,2,0.8,0.19999999999999996
UPS,UPS Depot Hannover,2,bundled,2,207,240.53422155155369,0.8605844052657334,998.7965337173371,False,2,0.8,0.19999999999999996
UPS,UPS Depot Hannover,3,standalone,1,228,357.6158854957556,0.6375555707877133,1141.8298472404833,False,2,0.8,0.19999999999999996
UPS,UPS Depot Hannover,3,bundled,1,145,159.38246951696127,0.9097612832794594,616.2967594130826,False,2,0.8,0.19999999999999996
UPS,UPS Depot Hannover,3,bundled,1,144,53.8021301528445,2.6764739535575206,405.40113526862785,False,2,0.8,0.19999999999999996
UPS,UPS Depot Hannover,4,standalone,1,161,173.55971997363926,0.9276345918537615,522.5736500061474,False,2,0.8,0.19999999999999996
UPS,UPS Depot Hannover,4,bundled,1,149,23.77191867081394,6.267899619854215,381.11483987671204,True,2,0.8,0.19999999999999996
UPS,UPS Depot Hannover,4,bundled,1,140,112.90680951768702,1.2399606418607443,485.3787900523738,False,2,0.8,0.19999999999999996
UPS,UPS Depot Hannover,4,bundled,1,129,102.53407734275534,1.2581183089869061,488.6291281416403,False,2,0.8,0.19999999999999996
UPS,UPS Depot Hannover,4,bundled,1,83,101.18549289373648,0.8202756899861661,382.2442529847058,False,2,0.8,0.19999999999999996
UPS,UPS Depot Hannover,4,bundled,1,71,139.34872865781722,0.5095130804841902,411.3288103313844,False,2,0.8,0.19999999999999996
UPS,UPS Depot Hannover,4,bundled,1,61,66.6831619829418,0.9147736577879194,384.7099730883276,False,2,0.8,0.19999999999999996
UPS,UPS Depot Hannover,5,standalone,1,160,129.47251256919432,1.2357835406530078,641.7101552236694,False,2,0.8,0.19999999999999996
DPD,DPD Paketzentrum in Lehrte,0,standalone,1,210,10.610683695060029,19.79137311366362,497.10010080899644,True,2,0.9,0.09999999999999998
DPD,DPD Paketzentrum in Lehrte,0,standalone,1,357,102.53407734275534,3.4817692737079495,1022.9577552591311,False,2,0.9,0.09999999999999998
DPD,DPD Paketzentrum in Lehrte,0,standalone,1,395,173.55971997363926,2.275873688088421,1058.5550618566813,False,2,0.9,0.09999999999999998
DPD,DPD Paketzentrum in Lehrte,0,standalone,1,189,66.6831619829418,2.834298710195357,470.3913263213925,False,2,0.9,0.09999999999999998
DPD,DPD Paketzentrum in Lehrte,0,standalone,1,193,43.13135688268341,4.47470272092197,504.67164541373495,False,2,0.9,0.09999999999999998
DPD,DPD Paketzentrum in Lehrte,1,standalone,1,199,6.967819653017212,28.559866631138885,429.210181780021,True,2,0.9,0.09999999999999998
DPD,DPD Paketzentrum in Lehrte,1,standalone,1,204,6.068989648841514,33.61350270863302,455.8405246959752,True,2,0.9,0.09999999999999998
DPD,DPD Paketzentrum in Lehrte,1,standalone,1,201,8.86389555258122,22.676259981591006,374.07667477810816,True,2,0.9,0.09999999999999998
DPD,DPD Paketzentrum in Lehrte,1,standalone,1,217,4.462508901721823,48.62735397934384,411.88805780041827,True,2,0.9,0.09999999999999998
DPD,DPD Paketzentrum in Lehrte,1,standalone,1,212,8.711379660258004,24.335984455729854,428.0745766745665,True,2,0.9,0.09999999999999998
DPD,DPD Paketzentrum in Lehrte,1,standalone,1,384,53.8021301528445,7.137263876153388,801.8800450194669,True,2,0.9,0.09999999999999998
DPD,DPD Paketzentrum in Lehrte,2,standalone,1,210,3.576189607493106,58.72171865831497,391.5409262197896,True,2,0.9,0.09999999999999998
DPD,DPD Paketzentrum in Lehrte,2,standalone,1,196,8.305970462175056,23.597483387711705,381.3497228625546,True,2,0.9,0.09999999999999998
DPD,DPD Paketzentrum in Lehrte,2,standalone,1,209,7.274391190340525,28.7309266894425,417.3369351370119,True,2,0.9,0.09999999999999998
DPD,DPD Paketzentrum in Lehrte,2,standalone,1,405,12.113461405690837,33.43387875985086,678.06690754952,True,2,0.9,0.09999999999999998
DPD,DPD Paketzentrum in Lehrte,2,standalone,1,207,11.3882150903338,18.1766851396844,400.66206773791885,True,2,0.9,0.09999999999999998
DPD,DPD Paketzentrum in Lehrte,2,standalone,1,198,4.12190647126244,48.03602444170875,382.10790807397,True,2,0.9,0.09999999999999998
DPD,DPD Paketzentrum in Lehrte,2,standalone,1,211,53.82702268136371,3.9199641646360943,571.689239877132,False,2,0.9,0.09999999999999998
DPD,DPD Paketzentrum in Lehrte,2,standalone,1,202,66.6831619829418,3.0292504733304875,486.25597822606767,False,2,0.9,0.09999999999999998
DPD,DPD Paketzentrum in Lehrte,2,standalone,1,211,43.13135688268341,4.892032508365469,543.8784608848079,False,2,0.9,0.09999999999999998
DPD,DPD Paketzentrum in Lehrte,2,standalone,1,428,112.90680951768702,3.790736819402847,789.5473348000694,False,2,0.9,0.09999999999999998
DPD,DPD Paketzentrum in Lehrte,4,standalone,1,194,8.86389555258122,21.886539484719677,372.351851812948,True,2,0.9,0.09999999999999998
DPD,DPD Paketzentrum in Lehrte,4,standalone,1,187,8.711379660258004,21.46617496802586,386.22262440013793,True,2,0.9,0.09999999999999998
DPD,DPD Paketzentrum in Lehrte,4,standalone,1,339,53.8021301528445,6.300865765666663,745.5429379802256,True,2,0.9,0.09999999999999998
DPD,DPD Paketzentrum in Lehrte,4,standalone,1,165,66.6831619829418,2.4743877628689623,418.4755172813177,False,2,0.9,0.09999999999999998
DPD,DPD Paketzentrum in Lehrte,4,standalone,1,302,159.38246951696127,1.8948131555199774,907.1601005425473,False,2,0.9,0.09999999999999998
DPD,DPD Paketzentrum in Lehrte,5,standalone,1,171,37.755537878390655,4.529136905711299,470.0456970902816,False,2,0.9,0.09999999999999998
DPD,DPD Paketzentrum in Lehrte,5,standalone,1,200,101.18549289373648,1.9765679276775088,449.8180296781767,False,2,0.9,0.09999999999999998
FedEx,FedEx Station - Heinz-Peter-Piper Str.,0,bundled,1,136,23.77191867081394,5.721035894632035,389.53329802972877,True,2,0.9,0.09999999999999998
FedEx,FedEx Station - Heinz-Peter-Piper Str.,0,bundled,1,130,173.55971997363926,0.7490217201303665,513.0770897462183,False,2,0.9,0.09999999999999998
FedEx,FedEx Station - Heinz-Peter-Piper Str.,0,bundled,1,128,9.157258958740023,13.97798190230627,405.0412413825202,True,2,0.9,0.09999999999999998
FedEx,FedEx Station - Heinz-Peter-Piper Str.,0,bundled,1,104,102.53407734275534,1.0142969312762655,443.48100762976173,False,2,0.9,0.09999999999999998
FedEx,FedEx Station - Heinz-Peter-Piper Str.,0,bundled,1,61,101.18549289373648,0.6028532179416402,381.4723314934595,False,2,0.9,0.09999999999999998
FedEx,FedEx Station - Heinz-Peter-Piper Str.,1,standalone,1,210,19.21423828970633,10.929395005603922,391.5820337396495,True,2,0.9,0.09999999999999998
FedEx,FedEx Station - Heinz-Peter-Piper Str.,1,standalone,1,220,125.18180774883541,1.7574438646980373,640.8210690400198,False,2,0.9,0.09999999999999998
FedEx,FedEx Station - Heinz-Peter-Piper Str.,1,standalone,1,175,357.6158854957556,0.48935186354320104,930.1292070370802,False,2,0.9,0.09999999999999998
FedEx,FedEx Station - Heinz-Peter-Piper Str.,1,bundled,1,110,112.90680951768702,0.974254790033442,504.28193432254886,False,2,0.9,0.09999999999999998
FedEx,FedEx Station - Heinz-Peter-Piper Str.,2,standalone,1,167,173.55971997363926,0.9622048250905477,585.0659068560758,False,2,0.9,0.09999999999999998
FedEx,FedEx Station - Heinz-Peter-Piper Str.,2,bundled,1,140,102.53407734275534,1.365399715179588,524.446709275659,False,2,0.9,0.09999999999999998
FedEx,FedEx Station - Heinz-Peter-Piper Str.,2,bundled,1,119,53.8021301528445,2.211808336620451,377.9209834587531,False,2,0.9,0.09999999999999998
FedEx,FedEx Station - Heinz-Peter-Piper Str.,2,bundled,1,104,159.38246951696127,0.6525184376625088,535.6231073162639,False,2,0.9,0.09999999999999998
FedEx,FedEx Station - Heinz-Peter-Piper Str.,3,standalone,1,162,23.77191867081394,6.814763345076394,404.71708326432923,True,2,0.9,0.09999999999999998
FedEx,FedEx Station - Heinz-Peter-Piper Str.,3,bundled,1,141,9.157258958740023,15.39762068925925,407.6612242776924,True,2,0.9,0.09999999999999998
FedEx,FedEx Station - Heinz-Peter-Piper Str.,3,bundled,1,122,112.90680951768702,1.080537130764363,496.41540525575226,False,2,0.9,0.09999999999999998
FedEx,FedEx Station - Heinz-Peter-Piper Str.,4,standalone,1,182,12.254281076148747,14.851952462085897,411.16125355100223,True,2,0.9,0.09999999999999998
FedEx,FedEx Station - Heinz-Peter-Piper Str.,4,standalone,1,170,15.85072399205562,10.72506215395612,407.1357388485894,True,2,0.9,0.09999999999999998
FedEx,FedEx Station - Heinz-Peter-Piper Str.,4,bundled,1,123,173.55971997363926,0.708689781354116,508.13928472643795,False,2,0.9,0.09999999999999998
FedEx,FedEx Station - Heinz-Peter-Piper Str.,4,bundled,1,85,159.38246951696127,0.5333083384741658,454.1810154493736,False,2,0.9,0.09999999999999998
FedEx,FedEx Station - Heinz-Peter-Piper Str.,4,bundled,1,73,37.755537878390655,1.9334911936662271,380.2534528538321,False,2,0.9,0.09999999999999998
FedEx,FedEx Station - Heinz-Peter-Piper Str.,4,bundled,1,70,43.13135688268341,1.6229491733913881,364.99444090762177,False,2,0.9,0.09999999999999998
FedEx,FedEx Station - Heinz-Peter-Piper Str.,4,bundled,1,58,101.18549289373648,0.5732046990264775,378.80589080117335,False,2,0.9,0.09999999999999998
FedEx,FedEx Station - Heinz-Peter-Piper Str.,4,bundled,1,48,139.34872865781722,0.34445954736959333,359.1650130968649,False,2,0.9,0.09999999999999998
FedEx,FedEx Station - Heinz-Peter-Piper Str.,4,bundled,1,44,66.6831619829418,0.6598367367650566,363.6114976946741,False,2,0.9,0.09999999999999998
GLS,GLS in Hannover Laatzen,0,standalone,1,203,9.157258958740023,22.16820567318885,400.34748605170284,True,2,0.9,0.09999999999999998
GLS,GLS in Hannover Laatzen,0,standalone,1,197,4.462508901721823,44.14557020244579,382.730160662255,True,2,0.9,0.09999999999999998
GLS,GLS in Hannover Laatzen,0,standalone,1,212,56.38950461206911,3.7595648597811127,614.7415806975815,False,2,0.9,0.09999999999999998
GLS,GLS in Hannover Laatzen,0,standalone,1,230,31.832385676522556,7.225345983717226,457.144404014997,True,2,0.9,0.09999999999999998
GLS,GLS in Hannover Laatzen,0,standalone,1,458,129.47251256919432,3.5374303851192344,956.3605313426517,False,2,0.9,0.09999999999999998
GLS,GLS in Hannover Laatzen,1,standalone,1,407,23.77191867081394,17.1210412434944,713.0824790956967,True,2,0.9,0.09999999999999998
GLS,GLS in Hannover Laatzen,1,standalone,1,406,33.960996603727956,11.954890627545149,621.246331646551,True,2,0.9,0.09999999999999998
GLS,GLS in Hannover Laatzen,1,standalone,1,377,102.53407734275534,3.676826375876462,829.4209023426758,False,2,0.9,0.09999999999999998
GLS,GLS in Hannover Laatzen,1,standalone,1,284,153.22446344831192,1.8534899297970349,773.6043236098316,False,2,0.9,0.09999999999999998
GLS,GLS in Hannover Laatzen,2,standalone,1,224,4.951012974183712,45.24326661392592,414.29672349217856,True,2,0.9,0.09999999999999998
GLS,GLS in Hannover Laatzen,2,standalone,1,216,19.21423828970633,11.241663434335463,384.12809314153446,True,2,0.9,0.09999999999999998
GLS,GLS in Hannover Laatzen,2,standalone,1,229,4.462508901721823,51.31642424548267,434.95394771821987,True,2,0.9,0.09999999999999998
GLS,GLS in Hannover Laatzen,2,standalone,1,218,12.670949194485747,17.204709501547928,429.9764890826848,True,2,0.9,0.09999999999999998
GLS,GLS in Hannover Laatzen,2,standalone,1,219,10.610683695060029,20.639574818534918,507.3497341331474,True,2,0.9,0.09999999999999998
GLS,GLS in Hannover Laatzen,3,standalone,1,203,6.967819653017212,29.13393430211655,394.81521466016176,True,2,0.9,0.09999999999999998
GLS,GLS in Hannover Laatzen,3,standalone,1,426,102.53407734275534,4.154716276189318,918.684374694117,False,2,0.9,0.09999999999999998
GLS,GLS in Hannover Laatzen,3,standalone,1,295,153.22446344831192,1.9252800327117088,780.0279306997802,False,2,0.9,0.09999999999999998
GLS,GLS in Hannover Laatzen,3,standalone,1,194,53.82702268136371,3.604137667959253,414.103212802784,False,2,0.9,0.09999999999999998
GLS,GLS in Hannover Laatzen,3,standalone,1,182,66.6831619829418,2.729324683891825,368.8895826174377,False,2,0.9,0.09999999999999998
GLS,GLS in Hannover Laatzen,3,standalone,1,361,112.90680951768702,3.197327083655205,802.6922246987538,False,2,0.9,0.09999999999999998
GLS,GLS in Hannover Laatzen,4,standalone,1,199,56.38950461206911,3.5290255051718935,564.1158293742304,False,2,0.9,0.09999999999999998
GLS,GLS in Hannover Laatzen,4,standalone,1,321,53.8021301528445,5.966306521471973,749.6925101143884,True,2,0.9,0.09999999999999998
GLS,GLS in Hannover Laatzen,4,standalone,1,227,37.755537878390655,6.012363026879912,479.70159055074805,True,2,0.9,0.09999999999999998
GLS,GLS in Hannover Laatzen,4,standalone,1,224,31.832385676522556,7.0368586971854725,444.24478813560563,True,2,0.9,0.09999999999999998
GLS,GLS in Hannover Laatzen,4,standalone,1,445,129.47251256919432,3.4370229724411776,904.1030756113194,False,2,0.9,0.09999999999999998
GLS,GLS in Hannover Laatzen,4,standalone,1,191,139.34872865781722,1.3706619489081735,643.6104653231714,False,2,0.9,0.09999999999999998
GLS,GLS in Hannover Laatzen,5,standalone,1,207,5.368928981069905,38.5551756653614,398.37516043782944,True,2,0.9,0.09999999999999998
GLS,GLS in Hannover Laatzen,5,standalone,1,198,5.186686836161483,38.174658747381415,376.3218862151381,True,2,0.9,0.09999999999999998
GLS,GLS in Hannover Laatzen,5,standalone,1,200,19.484913733542946,10.264351319949824,409.5586273423754,True,2,0.9,0.09999999999999998
GLS,GLS in Hannover Laatzen,5,standalone,1,194,153.22446344831192,1.2661163604951575,585.1570779901803,False,2,0.9,0.09999999999999998
GLS,GLS in Hannover Laatzen,5,standalone,1,223,112.90680951768702,1.9750801652496142,653.0872313229149,False,2,0.9,0.09999999999999998
GLS,GLS in Hannover Laatzen,5,bundled,1,119,53.82702268136371,2.2107854767378923,363.06122173511585,False,2,0.9,0.09999999999999998
Hermes,Hermes LC Hannover Langenhagen,0,standalone,1,219,8.305970462175056,26.36657582606563,386.1737469306106,True,2,0.9,0.09999999999999998
Hermes,Hermes LC Hannover Langenhagen,0,standalone,1,211,14.669809711755617,14.383281320337485,393.1555330100133,True,2,0.9,0.09999999999999998
Hermes,Hermes LC Hannover Langenhagen,0,standalone,1,220,53.82702268136371,4.087166427582658,554.9390673794423,False,2,0.9,0.09999999999999998
Hermes,Hermes LC Hannover Langenhagen,0,standalone,1,441,101.18549289373648,4.358332280528907,900.1724539807308,False,2,0.9,0.09999999999999998
Hermes,Hermes LC Hannover Langenhagen,1,standalone,1,345,139.34872865781722,2.475802996718952,943.1593884078376,False,2,0.9,0.09999999999999998
Hermes,Hermes LC Hannover Langenhagen,2,standalone,1,446,153.22446344831192,2.910762354540414,864.5787303879474,False,2,0.9,0.09999999999999998
Hermes,Hermes LC Hannover Langenhagen,3,standalone,1,630,102.53407734275534,6.144298718308146,1272.507896200414,True,2,0.9,0.09999999999999998
Hermes,Hermes LC Hannover Langenhagen,3,standalone,1,426,37.755537878390655,11.283112993175518,754.8520454938016,True,2,0.9,0.09999999999999998
Hermes,Hermes LC Hannover Langenhagen,3,standalone,1,425,139.34872865781722,3.049902242334941,1125.3097869400488,False,2,0.9,0.09999999999999998
Hermes,Hermes LC Hannover Langenhagen,4,standalone,1,215,3.576189607493106,60.11985481684628,366.5557715374267,True,2,0.9,0.09999999999999998
Hermes,Hermes LC Hannover Langenhagen,4,standalone,1,204,8.305970462175056,24.560645974965244,359.7612574834893,True,2,0.9,0.09999999999999998
Hermes,Hermes LC Hannover Langenhagen,4,standalone,1,229,6.068989648841514,37.732804511161575,428.6588371366174,True,2,0.9,0.09999999999999998
Hermes,Hermes LC Hannover Langenhagen,4,standalone,1,215,14.669809711755617,14.655950160533457,385.5594878036445,True,2,0.9,0.09999999999999998
Hermes,Hermes LC Hannover Langenhagen,4,standalone,1,230,11.3882150903338,20.196316821871555,435.6030193720361,True,2,0.9,0.09999999999999998
Hermes,Hermes LC Hannover Langenhagen,4,standalone,1,441,112.90680951768702,3.905876021861345,898.8084541135984,False,2,0.9,0.09999999999999998
Hermes,Hermes LC Hannover Langenhagen,4,standalone,1,414,101.18549289373648,4.091495610292443,826.2402890289895,False,2,0.9,0.09999999999999998
Hermes,Hermes LC Hannover Langenhagen,4,standalone,1,423,159.38246951696127,2.6539932608773196,1090.5718108620536,False,2,0.9,0.09999999999999998
Hermes,Hermes LC Hannover Langenhagen,5,standalone,1,203,9.157258958740023,22.16820567318885,377.90724033263734,True,2,0.9,0.09999999999999998
Hermes,Hermes LC Hannover Langenhagen,5,standalone,1,218,139.34872865781722,1.5644204443035699,725.9585256524955,False,2,0.9,0.09999999999999998
UPS,UPS Depot Hannover,0,standalone,1,154,102.53407734275534,1.501939686697547,539.9454624533108,False,2,0.9,0.09999999999999998
UPS,UPS Depot Hannover,0,standalone,1,157,112.90680951768702,1.390527291229549,504.9741141011644,False,2,0.9,0.09999999999999998
UPS,UPS Depot Hannover,0,bundled,1,149,159.38246951696127,0.934858146266479,636.7721114395141,False,2,0.9,0.09999999999999998
UPS,UPS Depot Hannover,0,bundled,1,117,37.755537878390655,3.098883146012994,418.0488818745023,False,2,0.9,0.09999999999999998
UPS,UPS Depot Hannover,1,standalone,1,150,53.8021301528445,2.787993701622417,422.50060165694794,False,2,0.9,0.09999999999999998
UPS,UPS Depot Hannover,1,bundled,1,135,12.528872220645557,10.775111887368586,381.70434082015277,True,2,0.9,0.09999999999999998
UPS,UPS Depot Hannover,2,standalone,1,156,31.832385676522556,4.900669449825597,411.7749894612931,False,2,0.9,0.09999999999999998
UPS,UPS Depot Hannover,2,bundled,1,138,37.755537878390655,3.655092941451224,423.17077566893454,False,2,0.9,0.09999999999999998
UPS,UPS Depot Hannover,2,bundled,1,122,101.18549289373648,1.2057064358832803,469.4240665729111,False,2,0.9,0.09999999999999998
UPS,UPS Depot Hannover,2,bundled,1,111,139.34872865781722,0.7965627032921846,524.147949168533,False,2,0.9,0.09999999999999998
UPS,UPS Depot Hannover,3,standalone,1,162,53.8021301528445,3.0110331977522105,418.26387876336435,False,2,0.9,0.09999999999999998
UPS,UPS Depot Hannover,3,standalone,1,182,112.90680951768702,1.6119488344189676,537.6161153482471,False,2,0.9,0.09999999999999998
UPS,UPS Depot Hannover,3,standalone,1,256,357.6158854957556,0.7158518689546255,1202.6471379371715,False,2,0.9,0.09999999999999998
UPS,UPS Depot Hannover,3,standalone,1,163,159.38246951696127,1.0226971667210474,696.3278217504684,False,2,0.9,0.09999999999999998
UPS,UPS Depot Hannover,4,standalone,1,168,23.77191867081394,7.067161987486632,392.16486652941114,True,2,0.9,0.09999999999999998
UPS,UPS Depot Hannover,4,bundled,1,145,102.53407734275534,1.4141639907217163,522.5487066319274,False,2,0.9,0.09999999999999998
UPS,UPS Depot Hannover,4,bundled,1,93,101.18549289373648,0.9191040863700416,417.0352957346313,False,2,0.9,0.09999999999999998
UPS,UPS Depot Hannover,4,bundled,1,80,139.34872865781722,0.5740992456159889,463.56336045585476,False,2,0.9,0.09999999999999998
UPS,UPS Depot Hannover,4,bundled,1,68,66.6831619829418,1.0197476840914512,401.45793841184195,False,2,0.9,0.09999999999999998
UPS,UPS Depot Hannover,5,standalone,1,180,129.47251256919432,1.3902564832346336,656.6583508438289,False,2,0.9,0.09999999999999998
UPS,UPS Depot Hannover,5,standalone,1,162,357.6158854957556,0.45300001082284896,954.0362315593679,False,2,0.9,0.09999999999999998
DPD,DPD Paketzentrum in Lehrte,0,standalone,1,210,66.6831619829418,3.1492207891059523,561.7077848287202,False,2,1.0,0.0
DPD,DPD Paketzentrum in Lehrte,1,standalone,1,222,6.967819653017212,31.860755739260465,492.4215085812872,True,2,1.0,0.0
DPD,DPD Paketzentrum in Lehrte,1,standalone,1,227,6.068989648841514,37.403260366959294,486.48814275593435,True,2,1.0,0.0
DPD,DPD Paketzentrum in Lehrte,1,standalone,1,223,8.86389555258122,25.158238686043752,416.48748124283634,True,2,1.0,0.0
DPD,DPD Paketzentrum in Lehrte,1,standalone,1,427,53.8021301528445,7.936488737285147,852.270788829677,True,2,1.0,0.0
DPD,DPD Paketzentrum in Lehrte,1,standalone,1,213,53.82702268136371,3.957120223068664,592.5606631880462,False,2,1.0,0.0
DPD,DPD Paketzentrum in Lehrte,2,standalone,1,230,11.3882150903338,20.196316821871555,443.25174628875567,True,2,1.0,0.0
DPD,DPD Paketzentrum in Lehrte,2,standalone,1,220,4.12190647126244,53.37336049078749,412.95716548607015,True,2,1.0,0.0
DPD,DPD Paketzentrum in Lehrte,3,standalone,1,214,8.305970462175056,25.76459920903217,418.38035895642577,True,2,1.0,0.0
DPD,DPD Paketzentrum in Lehrte,3,standalone,1,215,6.068989648841514,35.42599550174559,461.0265099228899,True,2,1.0,0.0
DPD,DPD Paketzentrum in Lehrte,3,standalone,1,446,53.8021301528445,8.289634606157321,970.7813773157475,True,2,1.0,0.0
DPD,DPD Paketzentrum in Lehrte,3,standalone,1,204,66.6831619829418,3.0592430522743537,540.3759123651696,False,2,1.0,0.0
DPD,DPD Paketzentrum in Lehrte,3,standalone,1,424,112.90680951768702,3.75530937249254,798.13214139084,False,2,1.0,0.0
DPD,DPD Paketzentrum in Lehrte,4,standalone,1,215,8.86389555258122,24.255700975333664,401.2794378862368,True,2,1.0,0.0
DPD,DPD Paketzentrum in Lehrte,4,standalone,1,208,8.711379660258004,23.876814937697215,416.73932584402866,True,2,1.0,0.0
DPD,DPD Paketzentrum in Lehrte,5,standalone,1,190,37.755537878390655,5.0323743396792215,491.3966926221134,True,2,1.0,0.0
FedEx,FedEx Station - Heinz-Peter-Piper Str.,0,standalone,1,151,23.77191867081394,6.352032500657627,409.02438428427155,True,2,1.0,0.0
FedEx,FedEx Station - Heinz-Peter-Piper Str.,0,bundled,1,144,173.55971997363926,0.8296855976828674,552.3023196420844,False,2,1.0,0.0
FedEx,FedEx Station - Heinz-Peter-Piper Str.,0,bundled,1,142,9.157258958740023,15.506823672871018,413.74259258113204,True,2,1.0,0.0
FedEx,FedEx Station - Heinz-Peter-Piper Str.,0,bundled,1,116,102.53407734275534,1.131331192577373,466.73504406177335,False,2,1.0,0.0
FedEx,FedEx Station - Heinz-Peter-Piper Str.,0,bundled,1,68,101.18549289373648,0.6720330954103529,393.9920964131745,False,2,1.0,0.0
FedEx,FedEx Station - Heinz-Peter-Piper Str.,1,standalone,1,194,357.6158854957556,0.5424814944421771,1006.4550911622587,False,2,1.0,0.0
FedEx,FedEx Station - Heinz-Peter-Piper Str.,2,standalone,1,156,102.53407734275534,1.5214453969143982,529.1335909073281,False,2,1.0,0.0
FedEx,FedEx Station - Heinz-Peter-Piper Str.,2,bundled,1,148,112.90680951768702,1.3108155356813582,528.7644410556254,False,2,1.0,0.0
FedEx,FedEx Station - Heinz-Peter-Piper Str.,2,bundled,1,132,53.8021301528445,2.4534344574277274,414.48459252321095,False,2,1.0,0.0
FedEx,FedEx Station - Heinz-Peter-Piper Str.,2,bundled,1,116,159.38246951696127,0.7278090266235675,584.9979930694719,False,2,1.0,0.0
FedEx,FedEx Station - Heinz-Peter-Piper Str.,3,standalone,1,180,23.77191867081394,7.571959272307105,407.47577969466454,True,2,1.0,0.0
FedEx,FedEx Station - Heinz-Peter-Piper Str.,3,standalone,1,156,9.157258958740023,17.035665443435768,414.22089206668767,True,2,1.0,0.0
FedEx,FedEx Station - Heinz-Peter-Piper Str.,3,standalone,1,160,173.55971997363926,0.9218728863142972,576.0600791251627,False,2,1.0,0.0
FedEx,FedEx Station - Heinz-Peter-Piper Str.,4,standalone,1,195,13.714884737746763,14.218128969273192,422.0794837790944,True,2,1.0,0.0
FedEx,FedEx Station - Heinz-Peter-Piper Str.,4,standalone,1,213,19.21423828970633,11.085529219969692,394.69679302995144,True,2,1.0,0.0
FedEx,FedEx Station - Heinz-Peter-Piper Str.,4,standalone,1,202,12.254281076148747,16.484035150227204,419.7527495105728,True,2,1.0,0.0
FedEx,FedEx Station - Heinz-Peter-Piper Str.,4,standalone,1,189,15.85072399205562,11.92374557116298,415.65464824651343,True,2,1.0,0.0
FedEx,FedEx Station - Heinz-Peter-Piper Str.,4,bundled,1,94,159.38246951696127,0.5897762801949599,476.25801139363296,False,2,1.0,0.0
FedEx,FedEx Station - Heinz-Peter-Piper Str.,4,bundled,1,82,37.755537878390655,2.1718668202826112,386.7634253666197,False,2,1.0,0.0
FedEx,FedEx Station - Heinz-Peter-Piper Str.,4,bundled,1,78,43.13135688268341,1.8084290789218325,372.7910139295015,False,2,1.0,0.0
FedEx,FedEx Station - Heinz-Peter-Piper Str.,4,bundled,1,64,101.18549289373648,0.6325017368568028,392.02984970397836,False,2,1.0,0.0
FedEx,FedEx Station - Heinz-Peter-Piper Str.,4,bundled,1,53,139.34872865781722,0.38034075022059266,371.19768517846353,False,2,1.0,0.0
GLS,GLS in Hannover Laatzen,0,standalone,1,226,9.157258958740023,24.67987429625951,431.1483557432295,True,2,1.0,0.0
GLS,GLS in Hannover Laatzen,0,standalone,1,219,4.462508901721823,49.075532357033644,416.8455902836781,True,2,1.0,0.0
GLS,GLS in Hannover Laatzen,0,standalone,1,344,112.90680951768702,3.0467604342864005,791.9015161847619,False,2,1.0,0.0
GLS,GLS in Hannover Laatzen,1,standalone,1,316,153.22446344831192,2.0623338655488133,822.6862554033278,False,2,1.0,0.0
GLS,GLS in Hannover Laatzen,2,standalone,1,452,33.960996603727956,13.309385624754698,653.975817676849,True,2,1.0,0.0
GLS,GLS in Hannover Laatzen,2,standalone,1,433,112.90680951768702,3.8350211280407307,952.6490797980489,False,2,1.0,0.0
GLS,GLS in Hannover Laatzen,3,standalone,1,228,9.157258958740023,24.898280263483045,444.3028067273582,True,2,1.0,0.0
GLS,GLS in Hannover Laatzen,3,standalone,1,226,6.967819653017212,32.43482341023813,423.2489961432949,True,2,1.0,0.0
GLS,GLS in Hannover Laatzen,3,standalone,1,473,102.53407734275534,4.6131004662853226,1230.0073107584737,False,2,1.0,0.0
GLS,GLS in Hannover Laatzen,3,standalone,1,328,153.22446344831192,2.1406503414557303,831.1108453689014,False,2,1.0,0.0
GLS,GLS in Hannover Laatzen,3,standalone,1,216,53.82702268136371,4.012854310717518,455.6487588956106,False,2,1.0,0.0
GLS,GLS in Hannover Laatzen,3,standalone,1,202,66.6831619829418,3.0292504733304875,382.06359124206494,False,2,1.0,0.0
GLS,GLS in Hannover Laatzen,3,standalone,1,313,139.34872865781722,2.2461632984725566,859.8081520865292,False,2,1.0,0.0
GLS,GLS in Hannover Laatzen,4,standalone,1,221,56.38950461206911,3.9191690283567255,641.6505028335168,False,2,1.0,0.0
GLS,GLS in Hannover Laatzen,4,standalone,1,252,37.755537878390655,6.674517545258757,651.626633232587,True,2,1.0,0.0
GLS,GLS in Hannover Laatzen,4,standalone,1,328,112.90680951768702,2.9050506466451727,788.5492932597673,False,2,1.0,0.0
GLS,GLS in Hannover Laatzen,5,standalone,1,215,153.22446344831192,1.4031701933322622,624.4783540686904,False,2,1.0,0.0
GLS,GLS in Hannover Laatzen,5,bundled,1,132,53.82702268136371,2.452299856549595,372.70883077883514,False,2,1.0,0.0
Hermes,Hermes LC Hannover Langenhagen,4,standalone,1,227,8.305970462175056,27.32973841331917,380.4410536781692,True,2,1.0,0.0
Hermes,Hermes LC Hannover Langenhagen,4,standalone,1,460,101.18549289373648,4.5461062336582705,936.8804810423405,False,2,1.0,0.0
Hermes,Hermes LC Hannover Langenhagen,5,standalone,1,226,9.157258958740023,24.67987429625951,414.1737604940456,True,2,1.0,0.0
UPS,UPS Depot Hannover,0,standalone,1,172,102.53407734275534,1.6774910786492083,547.4171342747352,False,2,1.0,0.0
UPS,UPS Depot Hannover,0,standalone,1,163,53.8021301528445,3.0296198224296935,418.05364589902626,False,2,1.0,0.0
UPS,UPS Depot Hannover,0,standalone,1,174,112.90680951768702,1.5410939405983537,531.9711537915484,False,2,1.0,0.0
UPS,UPS Depot Hannover,0,standalone,1,166,159.38246951696127,1.0415198139613122,688.6345246263816,False,2,1.0,0.0
UPS,UPS Depot Hannover,0,bundled,1,130,37.755537878390655,3.4432034955699935,437.35571450425226,False,2,1.0,0.0
UPS,UPS Depot Hannover,1,standalone,1,150,12.528872220645557,11.972346541520652,385.125984896786,True,2,1.0,0.0
UPS,UPS Depot Hannover,2,standalone,1,154,37.755537878390655,4.078871833213685,441.85188317698567,False,2,1.0,0.0
UPS,UPS Depot Hannover,2,standalone,1,173,31.832385676522556,5.434716761665566,424.8230752643695,True,2,1.0,0.0
UPS,UPS Depot Hannover,2,standalone,1,320,357.6158854957556,0.8948148361932818,1221.4797231711925,False,2,1.0,0.0
UPS,UPS Depot Hannover,2,bundled,1,124,139.34872865781722,0.8898538307047829,558.3465172500751,False,2,1.0,0.0
UPS,UPS Depot Hannover,3,standalone,1,180,53.8021301528445,3.3455924419469008,428.6352719517967,False,2,1.0,0.0
UPS,UPS Depot Hannover,3,standalone,1,202,112.90680951768702,1.7890860689705026,583.5626333073144,False,2,1.0,0.0
UPS,UPS Depot Hannover,3,standalone,1,182,159.38246951696127,1.1419072659093905,721.5844499452207,False,2,1.0,0.0
UPS,UPS Depot Hannover,4,standalone,1,186,23.77191867081394,7.824357914717342,414.87329084112844,True,2,1.0,0.0
UPS,UPS Depot Hannover,4,standalone,1,161,102.53407734275534,1.5702096724565264,539.0696578458374,False,2,1.0,0.0
UPS,UPS Depot Hannover,4,bundled,1,104,101.18549289373648,1.0278153223923046,462.3398500534531,False,2,1.0,0.0
UPS,UPS Depot Hannover,4,bundled,1,88,139.34872865781722,0.6315091701775878,522.6264073327869,False,2,1.0,0.0
UPS,UPS Depot Hannover,4,bundled,1,76,66.6831619829418,1.139717999866916,406.6774831804149,False,2,1.0,0.0
UPS,UPS Depot Hannover,5,standalone,1,180,357.6158854957556,0.5033333453587211,942.817676732432,False,2,1.0,0.0
Amazon,Amazon Logistics HAJ8 in Garbsen,0,bundled,1,94,159.38246951696127,0.5897762801949599,407.32423454825425,False,3,0.1,0.9
Amazon,Amazon Logistics HAJ8 in Garbsen,0,bundled,1,46,8.305970462175056,5.53818487670785,267.9257866671655,False,3,0.1,0.9
Amazon,Amazon Logistics HAJ8 in Garbsen,1,bundled,1,116,173.55971997363926,0.6683578425778655,393.8958221619008,False,3,0.1,0.9
Amazon,Amazon Logistics HAJ8 in Garbsen,1,bundled,1,69,139.34872865781722,0.4951605993437904,362.3489167180712,False,3,0.1,0.9
Amazon,Amazon Logistics HAJ8 in Garbsen,2,standalone,1,171,357.6158854957556,0.478166678090785,526.1397518690557,False,3,0.1,0.9
Amazon,Amazon Logistics HAJ8 in Garbsen,2,bundled,1,116,59.876286869182046,1.9373278816276178,353.9770433564306,False,3,0.1,0.9
Amazon,Amazon Logistics HAJ8 in Garbsen,2,bundled,1,96,153.22446344831192,0.6265318072553357,353.3900407258777,False,3,0.1,0.9
Amazon,Amazon Logistics HAJ8 in Garbsen,3,bundled,1,120,173.55971997363926,0.6914046647357229,380.4071263040202,False,3,0.1,0.9
Amazon,Amazon Logistics HAJ8 in Garbsen,3,bundled,1,102,159.38246951696127,0.639970006168999,417.5485523747217,False,3,0.1,0.9
Amazon,Amazon Logistics HAJ8 in Garbsen,3,bundled,1,85,139.34872865781722,0.6099804484669882,383.99608534773677,False,3,0.1,0.9
Amazon,Amazon Logistics HAJ8 in Garbsen,4,bundled,1,139,357.6158854957556,0.38868519447145683,475.299686706304,False,3,0.1,0.9
Amazon,Amazon Logistics HAJ8 in Garbsen,4,bundled,1,83,153.22446344831192,0.5416889583561757,348.5910826605532,False,3,0.1,0.9
Amazon,Amazon Logistics HAJ8 in Garbsen,4,bundled,1,81,101.18549289373648,0.800510010709391,338.118870470455,False,3,0.1,0.9
Amazon,Amazon Logistics HAJ8 in Garbsen,5,bundled,1,78,173.55971997363926,0.44941303207821987,362.81683023364144,False,3,0.1,0.9
Amazon,Amazon Logistics HAJ8 in Garbsen,5,bundled,1,68,112.90680951768702,0.6022665974752187,331.33270837195323,False,3,0.1,0.9
Amazon,Amazon Logistics HAJ8 in Garbsen,5,bundled,1,45,139.34872865781722,0.3229308256589938,354.68875315699233,False,3,0.1,0.9
DPD,DPD Paketzentrum in Lehrte,0,bundled,1,55,357.6158854957556,0.15379629997072033,449.34422295623426,False,3,0.1,0.9
DPD,DPD Paketzentrum in Lehrte,0,bundled,1,44,173.55971997363926,0.25351504373643174,346.49659550627405,False,3,0.1,0.9
DPD,DPD Paketzentrum in Lehrte,0,bundled,1,40,102.53407734275534,0.3901142043370252,351.0183078479575,False,3,0.1,0.9
DPD,DPD Paketzentrum in Lehrte,0,bundled,1,26,139.34872865781722,0.1865822548251964,303.8921651323163,False,3,0.1,0.9
DPD,DPD Paketzentrum in Lehrte,0,bundled,1,21,66.6831619829418,0.3149220789105952,315.717677261798,False,3,0.1,0.9
DPD,DPD Paketzentrum in Lehrte,0,bundled,1,19,6.967819653017212,2.7268214371439137,288.0436974974476,False,3,0.1,0.9
DPD,DPD Paketzentrum in Lehrte,1,bundled,1,61,125.18180774883541,0.4872912533935467,385.14753591388575,False,3,0.1,0.9
DPD,DPD Paketzentrum in Lehrte,1,bundled,1,43,53.8021301528445,0.7992248611317596,324.2272080001146,False,3,0.1,0.9
DPD,DPD Paketzentrum in Lehrte,1,bundled,1,40,112.90680951768702,0.3542744691030698,279.1758894084309,False,3,0.1,0.9
DPD,DPD Paketzentrum in Lehrte,1,bundled,1,25,56.38950461206911,0.44334491271003684,321.1652457270377,False,3,0.1,0.9
DPD,DPD Paketzentrum in Lehrte,1,bundled,1,21,53.82702268136371,0.390138613541981,329.1592774496613,False,3,0.1,0.9
DPD,DPD Paketzentrum in Lehrte,2,bundled,1,68,129.47251256919432,0.5252080047775283,316.63507567743454,False,3,0.1,0.9
DPD,DPD Paketzentrum in Lehrte,2,bundled,1,68,357.6158854957556,0.1901481526910724,471.1544672394002,False,3,0.1,0.9
DPD,DPD Paketzentrum in Lehrte,2,bundled,1,52,102.53407734275534,0.5071484656381328,351.8420723040228,False,3,0.1,0.9
DPD,DPD Paketzentrum in Lehrte,2,bundled,1,52,173.55971997363926,0.2996086880521466,346.95534819001114,False,3,0.1,0.9
DPD,DPD Paketzentrum in Lehrte,2,bundled,1,47,53.8021301528445,0.8735713598416908,328.1793540677306,False,3,0.1,0.9
DPD,DPD Paketzentrum in Lehrte,2,bundled,1,41,153.22446344831192,0.2675812926819663,298.0621542003581,False,3,0.1,0.9
DPD,DPD Paketzentrum in Lehrte,2,bundled,1,41,159.38246951696127,0.2572428456169506,375.61306666033914,False,3,0.1,0.9
DPD,DPD Paketzentrum in Lehrte,2,bundled,1,30,139.34872865781722,0.21528721710599585,303.5857306973842,False,3,0.1,0.9
DPD,DPD Paketzentrum in Lehrte,2,bundled,1,23,3.576189607493106,6.431426329244021,250.19532852089637,False,3,0.1,0.9
DPD,DPD Paketzentrum in Lehrte,2,bundled,1,23,7.274391190340525,3.1617766213262084,274.525281333271,False,3,0.1,0.9
DPD,DPD Paketzentrum in Lehrte,2,bundled,1,22,8.305970462175056,2.6486971149472325,271.4494700645734,False,3,0.1,0.9
DPD,DPD Paketzentrum in Lehrte,2,bundled,1,22,66.6831619829418,0.3299183683825283,305.78993944188005,False,3,0.1,0.9
DPD,DPD Paketzentrum in Lehrte,2,bundled,1,21,14.669809711755617,1.4315114110288494,258.1126707645582,False,3,0.1,0.9
DPD,DPD Paketzentrum in Lehrte,3,bundled,1,62,125.18180774883541,0.4952796345967196,379.8689591697977,False,3,0.1,0.9
DPD,DPD Paketzentrum in Lehrte,3,bundled,1,62,357.6158854957556,0.17337037451244836,461.0370782762136,False,3,0.1,0.9
DPD,DPD Paketzentrum in Lehrte,3,bundled,1,48,173.55971997363926,0.27656186589428916,347.8850394739315,False,3,0.1,0.9
DPD,DPD Paketzentrum in Lehrte,3,bundled,1,42,112.90680951768702,0.3719881925582233,277.9588438054383,False,3,0.1,0.9
DPD,DPD Paketzentrum in Lehrte,3,bundled,1,35,101.18549289373648,0.345899387343564,267.5790946895632,False,3,0.1,0.9
DPD,DPD Paketzentrum in Lehrte,3,bundled,1,33,37.755537878390655,0.8740439642600752,322.3332859692406,False,3,0.1,0.9
DPD,DPD Paketzentrum in Lehrte,3,bundled,1,29,56.38950461206911,0.5142800987436428,319.37584410353975,False,3,0.1,0.9
DPD,DPD Paketzentrum in Lehrte,3,bundled,1,24,6.967819653017212,3.444406025865996,289.91767332941515,False,3,0.1,0.9
DPD,DPD Paketzentrum in Lehrte,3,bundled,1,23,53.82702268136371,0.42729467197455057,328.6621004971341,False,3,0.1,0.9
DPD,DPD Paketzentrum in Lehrte,3,bundled,1,23,43.13135688268341,0.5332547284000275,321.813723749875,False,3,0.1,0.9
DPD,DPD Paketzentrum in Lehrte,4,bundled,1,39,102.53407734275534,0.38036134922859954,342.6824368342127,False,3,0.1,0.9
DPD,DPD Paketzentrum in Lehrte,4,bundled,1,34,153.22446344831192,0.22189668173626473,293.7937518577435,False,3,0.1,0.9
DPD,DPD Paketzentrum in Lehrte,4,bundled,1,34,159.38246951696127,0.21332333538966633,353.23920643639855,False,3,0.1,0.9
DPD,DPD Paketzentrum in Lehrte,4,bundled,1,24,139.34872865781722,0.17222977368479667,309.1903963812846,False,3,0.1,0.9
DPD,DPD Paketzentrum in Lehrte,4,bundled,1,23,10.610683695060029,2.1676265791155394,297.03397171242375,False,3,0.1,0.9
DPD,DPD Paketzentrum in Lehrte,5,bundled,1,42,125.18180774883541,0.33551201053326163,363.01775202428644,False,3,0.1,0.9
DPD,DPD Paketzentrum in Lehrte,5,bundled,1,38,357.6158854957556,0.10625926179795223,429.36054469208943,False,3,0.1,0.9
DPD,DPD Paketzentrum in Lehrte,5,bundled,1,31,59.876286869182046,0.517734175262553,289.10063980094185,False,3,0.1,0.9
DPD,DPD Paketzentrum in Lehrte,5,bundled,1,30,173.55971997363926,0.17285116618393073,328.6560998069612,False,3,0.1,0.9
DPD,DPD Paketzentrum in Lehrte,5,bundled,1,27,112.90680951768702,0.23913526664457213,270.0588096004049,False,3,0.1,0.9
DPD,DPD Paketzentrum in Lehrte,5,bundled,1,22,101.18549289373648,0.21742247204452597,266.51318534171867,False,3,0.1,0.9
DPD,DPD Paketzentrum in Lehrte,5,bundled,1,20,56.38950461206911,0.35467593016802945,322.6047029566784,False,3,0.1,0.9
FedEx,FedEx Station - Heinz-Peter-Piper Str.,0,bundled,1,18,357.6158854957556,0.050333334535872104,358.7379037157086,False,3,0.1,0.9
FedEx,FedEx Station - Heinz-Peter-Piper Str.,0,bundled,1,14,173.55971997363926,0.080663877552501,277.87699239238907,False,3,0.1,0.9
FedEx,FedEx Station - Heinz-Peter-Piper Str.,0,bundled,1,12,102.53407734275534,0.11703426130110756,309.0843117943311,False,3,0.1,0.9
FedEx,FedEx Station - Heinz-Peter-Piper Str.,0,bundled,1,10,159.38246951696127,0.06274215746754892,340.35226208388906,False,3,0.1,0.9
FedEx,FedEx Station - Heinz-Peter-Piper Str.,0,bundled,1,5,6.967819653017212,0.7175845887220825,277.7831601008144,False,3,0.1,0.9
FedEx,FedEx Station - Heinz-Peter-Piper Str.,1,bundled,1,12,53.8021301528445,0.22303949612979337,288.72407449911884,False,3,0.1,0.9
FedEx,FedEx Station - Heinz-Peter-Piper Str.,1,bundled,1,12,112.90680951768702,0.10628234073092094,311.5241629019886,False,3,0.1,0.9
FedEx,FedEx Station - Heinz-Peter-Piper Str.,2,bundled,1,26,125.18180774883541,0.2076979112824953,316.9993108023539,False,3,0.1,0.9
FedEx,FedEx Station - Heinz-Peter-Piper Str.,2,bundled,1,22,357.6158854957556,0.061518519988288126,366.3432524046186,False,3,0.1,0.9
FedEx,FedEx Station - Heinz-Peter-Piper Str.,2,bundled,1,19,173.55971997363926,0.1094724052498228,281.3681162005385,False,3,0.1,0.9
FedEx,FedEx Station - Heinz-Peter-Piper Str.,2,bundled,1,15,112.90680951768702,0.1328529259136512,319.04661341634437,False,3,0.1,0.9
FedEx,FedEx Station - Heinz-Peter-Piper Str.,2,bundled,1,12,159.38246951696127,0.07529058896105871,336.30437949955,False,3,0.1,0.9
FedEx,FedEx Station - Heinz-Peter-Piper Str.,3,bundled,1,21,357.6158854957556,0.058722223625184124,367.94974131434304,False,3,0.1,0.9
FedEx,FedEx Station - Heinz-Peter-Piper Str.,3,bundled,1,15,102.53407734275534,0.14629282662638443,311.683910306107,False,3,0.1,0.9
FedEx,FedEx Station - Heinz-Peter-Piper Str.,3,bundled,1,13,53.8021301528445,0.24162612080727616,288.80867214263503,False,3,0.1,0.9
FedEx,FedEx Station - Heinz-Peter-Piper Str.,3,bundled,1,6,66.6831619829418,0.08997773683159864,321.9645190362912,False,3,0.1,0.9
FedEx,FedEx Station - Heinz-Peter-Piper Str.,4,bundled,1,21,125.18180774883541,0.16775600526663081,313.4743679752172,False,3,0.1,0.9
FedEx,FedEx Station - Heinz-Peter-Piper Str.,4,bundled,1,18,129.47251256919432,0.13902564832346337,331.26152957002114,False,3,0.1,0.9
FedEx,FedEx Station - Heinz-Peter-Piper Str.,4,bundled,1,14,173.55971997363926,0.080663877552501,276.1356258670014,False,3,0.1,0.9
FedEx,FedEx Station - Heinz-Peter-Piper Str.,4,bundled,1,11,112.90680951768702,0.0974254790033442,313.1647781103336,False,3,0.1,0.9
FedEx,FedEx Station - Heinz-Peter-Piper Str.,4,bundled,1,9,159.38246951696127,0.05646794172079403,316.5886303910919,False,3,0.1,0.9
FedEx,FedEx Station - Heinz-Peter-Piper Str.,4,bundled,1,7,12.528872220645557,0.5587095052709637,269.1941486714447,False,3,0.1,0.9
FedEx,FedEx Station - Heinz-Peter-Piper Str.,4,bundled,1,6,6.068989648841514,0.9886324326068535,285.01761765857054,False,3,0.1,0.9
FedEx,FedEx Station - Heinz-Peter-Piper Str.,4,bundled,1,6,101.18549289373648,0.059297037830325264,304.7906023435163,False,3,0.1,0.9
FedEx,FedEx Station - Heinz-Peter-Piper Str.,4,bundled,1,5,139.34872865781722,0.03588120285099931,309.3598219043836,False,3,0.1,0.9
FedEx,FedEx Station - Heinz-Peter-Piper Str.,5,bundled,1,12,357.6158854957556,0.03355555635724807,356.7291734353709,False,3,0.1,0.9
FedEx,FedEx Station - Heinz-Peter-Piper Str.,5,bundled,1,4,66.6831619829418,0.05998515788773242,321.03673692988565,False,3,0.1,0.9
GLS,GLS in Hannover Laatzen,0,bundled,1,54,125.18180774883541,0.4313725849713364,405.38698618394614,False,3,0.1,0.9
GLS,GLS in Hannover Laatzen,0,bundled,1,51,129.47251256919432,0.3939060035831462,333.0829388343571,False,3,0.1,0.9
GLS,GLS in Hannover Laatzen,0,bundled,1,44,6.17992293720077,7.119829882527636,263.61146390737366,False,3,0.1,0.9
GLS,GLS in Hannover Laatzen,0,bundled,1,43,33.960996603727956,1.2661583669567522,259.4413349838985,False,3,0.1,0.9
GLS,GLS in Hannover Laatzen,0,bundled,2,63,178.0222288753611,0.3538883902195622,376.38089180272334,False,3,0.1,0.9
GLS,GLS in Hannover Laatzen,0,bundled,2,56,110.34275185247651,0.5075095469330834,351.6826214757464,False,3,0.1,0.9
GLS,GLS in Hannover Laatzen,0,bundled,2,54,69.5879235549132,0.7759967138175567,286.26907935253917,False,3,0.1,0.9
GLS,GLS in Hannover Laatzen,1,bundled,1,58,357.6158854957556,0.16218518906003235,476.5435180198879,False,3,0.1,0.9
GLS,GLS in Hannover Laatzen,1,bundled,1,42,102.53407734275534,0.4096199145538764,332.2331953899801,False,3,0.1,0.9
GLS,GLS in Hannover Laatzen,1,bundled,1,32,153.22446344831192,0.20884393575177856,308.90891481329714,False,3,0.1,0.9
GLS,GLS in Hannover Laatzen,1,bundled,1,22,19.21423828970633,1.1449842386823157,253.67301626501424,False,3,0.1,0.9
GLS,GLS in Hannover Laatzen,1,bundled,1,21,66.6831619829418,0.3149220789105952,269.87888994202206,False,3,0.1,0.9
GLS,GLS in Hannover Laatzen,2,bundled,1,63,357.6158854957556,0.17616667087555238,481.00210782142057,False,3,0.1,0.9
GLS,GLS in Hannover Laatzen,2,bundled,1,61,125.18180774883541,0.4872912533935467,391.90946632681187,False,3,0.1,0.9
GLS,GLS in Hannover Laatzen,2,bundled,1,51,173.55971997363926,0.2938469825126822,378.87862399406924,False,3,0.1,0.9
GLS,GLS in Hannover Laatzen,2,bundled,1,45,33.960996603727956,1.3250494537919502,255.19242029604658,False,3,0.1,0.9
GLS,GLS in Hannover Laatzen,2,bundled,1,44,53.8021301528445,0.8178114858092423,325.91721854514276,False,3,0.1,0.9
GLS,GLS in Hannover Laatzen,2,bundled,1,43,112.90680951768702,0.38084505428580007,322.1899849514002,False,3,0.1,0.9
GLS,GLS in Hannover Laatzen,2,bundled,1,31,37.755537878390655,0.8210716027897677,289.47178939915455,False,3,0.1,0.9
GLS,GLS in Hannover Laatzen,2,bundled,1,30,31.832385676522556,0.9424364326587686,268.22758883946244,False,3,0.1,0.9
GLS,GLS in Hannover Laatzen,2,bundled,1,27,139.34872865781722,0.19375849539539625,332.6427437677646,False,3,0.1,0.9
GLS,GLS in Hannover Laatzen,2,bundled,1,24,6.068989648841514,3.954529730427414,258.2961706418432,False,3,0.1,0.9
GLS,GLS in Hannover Laatzen,2,bundled,1,23,6.967819653017212,3.3008891081215794,267.0307414214092,False,3,0.1,0.9
GLS,GLS in Hannover Laatzen,3,bundled,1,58,129.47251256919432,0.4479715334867153,327.4062270431507,False,3,0.1,0.9
GLS,GLS in Hannover Laatzen,3,bundled,1,47,102.53407734275534,0.45838419009600456,332.6715186769213,False,3,0.1,0.9
GLS,GLS in Hannover Laatzen,3,bundled,1,44,173.55971997363926,0.25351504373643174,373.849336481777,False,3,0.1,0.9
GLS,GLS in Hannover Laatzen,3,bundled,1,40,112.90680951768702,0.3542744691030698,323.81283793210446,False,3,0.1,0.9
GLS,GLS in Hannover Laatzen,3,bundled,1,38,159.38246951696127,0.2384201983766859,327.7368058764483,False,3,0.1,0.9
GLS,GLS in Hannover Laatzen,3,bundled,1,35,101.18549289373648,0.345899387343564,274.70910131695297,False,3,0.1,0.9
GLS,GLS in Hannover Laatzen,3,bundled,1,33,153.22446344831192,0.21537030874402166,308.49935869464286,False,3,0.1,0.9
GLS,GLS in Hannover Laatzen,3,bundled,1,24,19.21423828970633,1.2490737149261624,253.0254758892952,False,3,0.1,0.9
GLS,GLS in Hannover Laatzen,3,bundled,1,24,12.670949194485747,1.8940964588860105,281.9126021492832,False,3,0.1,0.9
GLS,GLS in Hannover Laatzen,3,bundled,1,24,10.610683695060029,2.261871212990128,312.1898386633666,False,3,0.1,0.9
GLS,GLS in Hannover Laatzen,4,bundled,1,51,357.6158854957556,0.1426111145183043,467.8786392997681,False,3,0.1,0.9
GLS,GLS in Hannover Laatzen,4,bundled,1,50,125.18180774883541,0.3994190601586448,388.3034329613034,False,3,0.1,0.9
GLS,GLS in Hannover Laatzen,4,bundled,1,34,59.876286869182046,0.567837482546026,317.1367049729239,False,3,0.1,0.9
GLS,GLS in Hannover Laatzen,4,bundled,1,25,37.755537878390655,0.6621545183788449,299.05439750768835,False,3,0.1,0.9
GLS,GLS in Hannover Laatzen,4,bundled,1,25,31.832385676522556,0.7853636938823072,273.10841683314885,False,3,0.1,0.9
GLS,GLS in Hannover Laatzen,4,bundled,1,23,12.528872220645557,1.8357598030331665,316.7582981567362,False,3,0.1,0.9
GLS,GLS in Hannover Laatzen,4,bundled,1,21,139.34872865781722,0.1507010519741971,328.32473706638916,False,3,0.1,0.9
GLS,GLS in Hannover Laatzen,4,bundled,1,11,3.3903855235675273,3.2444687849024523,253.34885669703198,False,3,0.1,0.9
GLS,GLS in Hannover Laatzen,5,bundled,1,36,357.6158854957556,0.10066666907174421,443.0588301853188,False,3,0.1,0.9
GLS,GLS in Hannover Laatzen,5,bundled,1,29,173.55971997363926,0.16708946064446636,354.2668464151647,False,3,0.1,0.9
GLS,GLS in Hannover Laatzen,5,bundled,1,28,53.8021301528445,0.5204254909695178,334.26146504025814,False,3,0.1,0.9
GLS,GLS in Hannover Laatzen,5,bundled,1,27,102.53407734275534,0.263327087927492,311.5125626767794,False,3,0.1,0.9
GLS,GLS in Hannover Laatzen,5,bundled,1,25,112.90680951768702,0.22142154318941865,312.75597046890186,False,3,0.1,0.9
GLS,GLS in Hannover Laatzen,5,bundled,1,25,159.38246951696127,0.1568553936688723,317.8321391535051,False,3,0.1,0.9
GLS,GLS in Hannover Laatzen,5,bundled,1,22,153.22446344831192,0.14358020582934777,302.91767811083105,False,3,0.1,0.9
GLS,GLS in Hannover Laatzen,5,bundled,1,17,56.38950461206911,0.30147454064282503,347.33129207395166,False,3,0.1,0.9
GLS,GLS in Hannover Laatzen,5,bundled,1,16,139.34872865781722,0.11481984912319779,328.5130631168439,False,3,0.1,0.9
Hermes,Hermes LC Hannover Langenhagen,0,bundled,1,79,125.18180774883541,0.6310821150506588,352.1537555577181,False,3,0.1,0.9
Hermes,Hermes LC Hannover Langenhagen,0,bundled,1,57,102.53407734275534,0.5559127411802609,326.30443891605944,False,3,0.1,0.9
Hermes,Hermes LC Hannover Langenhagen,0,bundled,1,49,101.18549289373648,0.48425914228098965,318.37460607577066,False,3,0.1,0.9
Hermes,Hermes LC Hannover Langenhagen,1,bundled,1,86,357.6158854957556,0.2404814872269445,445.1917590525443,False,3,0.1,0.9
Hermes,Hermes LC Hannover Langenhagen,1,bundled,1,81,129.47251256919432,0.6256154174555851,378.8982976105972,False,3,0.1,0.9
Hermes,Hermes LC Hannover Langenhagen,1,bundled,1,53,112.90680951768702,0.4694136715615675,312.8498803404397,False,3,0.1,0.9
Hermes,Hermes LC Hannover Langenhagen,1,bundled,1,51,159.38246951696127,0.3199850030844995,378.2339036026953,False,3,0.1,0.9
Hermes,Hermes LC Hannover Langenhagen,1,bundled,1,46,153.22446344831192,0.3002131576431817,310.8978939321721,False,3,0.1,0.9
Hermes,Hermes LC Hannover Langenhagen,1,bundled,1,29,53.82702268136371,0.5387628472722594,321.5017988420132,False,3,0.1,0.9
Hermes,Hermes LC Hannover Langenhagen,2,bundled,1,75,173.55971997363926,0.4321279154598268,340.6880331529529,False,3,0.1,0.9
Hermes,Hermes LC Hannover Langenhagen,2,bundled,1,74,102.53407734275534,0.7217112780234965,326.08258745848366,False,3,0.1,0.9
Hermes,Hermes LC Hannover Langenhagen,2,bundled,1,58,101.18549289373648,0.5732046990264775,323.4171744334167,False,3,0.1,0.9
Hermes,Hermes LC Hannover Langenhagen,2,bundled,1,48,37.755537878390655,1.2713366752873823,320.1495942761288,False,3,0.1,0.9
Hermes,Hermes LC Hannover Langenhagen,2,bundled,1,41,139.34872865781722,0.29422586337819434,343.46404106822905,False,3,0.1,0.9
Hermes,Hermes LC Hannover Langenhagen,3,bundled,1,89,357.6158854957556,0.24887037631625653,444.6238055702198,False,3,0.1,0.9
Hermes,Hermes LC Hannover Langenhagen,3,bundled,1,86,129.47251256919432,0.6642336531009916,383.7506625559706,False,3,0.1,0.9
Hermes,Hermes LC Hannover Langenhagen,3,bundled,1,85,125.18180774883541,0.6790124022696962,343.1032256484106,False,3,0.1,0.9
Hermes,Hermes LC Hannover Langenhagen,3,bundled,1,58,112.90680951768702,0.5136979801994512,332.0336779070806,False,3,0.1,0.9
Hermes,Hermes LC Hannover Langenhagen,3,bundled,1,56,159.38246951696127,0.351356081818274,382.0400425869308,False,3,0.1,0.9
Hermes,Hermes LC Hannover Langenhagen,3,bundled,1,50,153.22446344831192,0.326318649612154,313.82359879425485,False,3,0.1,0.9
Hermes,Hermes LC Hannover Langenhagen,3,bundled,1,31,53.82702268136371,0.5759189057048291,322.5725036141032,False,3,0.1,0.9
Hermes,Hermes LC Hannover Langenhagen,4,bundled,1,56,102.53407734275534,0.5461598860718353,327.84263231990224,False,3,0.1,0.9
Hermes,Hermes LC Hannover Langenhagen,4,bundled,1,46,101.18549289373648,0.454610623365827,318.9267900434175,False,3,0.1,0.9
Hermes,Hermes LC Hannover Langenhagen,4,bundled,1,32,56.38950461206911,0.5674814882688471,287.02412380379394,False,3,0.1,0.9
Hermes,Hermes LC Hannover Langenhagen,4,bundled,1,32,139.34872865781722,0.22963969824639557,343.64820625949864,False,3,0.1,0.9
Hermes,Hermes LC Hannover Langenhagen,4,bundled,1,26,43.13135688268341,0.6028096929739442,295.6354188677958,False,3,0.1,0.9
Hermes,Hermes LC Hannover Langenhagen,4,bundled,1,25,66.6831619829418,0.37490723679832766,314.58558057473897,False,3,0.1,0.9
Hermes,Hermes LC Hannover Langenhagen,5,bundled,1,56,129.47251256919432,0.4325242392285527,375.77070244961453,False,3,0.1,0.9
Hermes,Hermes LC Hannover Langenhagen,5,bundled,1,54,357.6158854957556,0.1510000036076163,404.40998691284506,False,3,0.1,0.9
Hermes,Hermes LC Hannover Langenhagen,5,bundled,1,37,112.90680951768702,0.32770388392033956,327.23753582612113,False,3,0.1,0.9
Hermes,Hermes LC Hannover Langenhagen,5,bundled,1,36,159.38246951696127,0.22587176688317612,369.19246615041055,False,3,0.1,0.9
Hermes,Hermes LC Hannover Langenhagen,5,bundled,1,24,139.34872865781722,0.17222977368479667,334.4357462161343,False,3,0.1,0.9
Hermes,Hermes LC Hannover Langenhagen,5,bundled,1,21,53.82702268136371,0.390138613541981,336.2723935439316,False,3,0.1,0.9
UPS,UPS Depot Hannover,0,bundled,1,24,357.6158854957556,0.06711111271449614,383.6062287831485,False,3,0.1,0.9
UPS,UPS Depot Hannover,0,bundled,1,17,112.90680951768702,0.15056664936880468,303.42919370807516,False,3,0.1,0.9
UPS,UPS Depot Hannover,0,bundled,1,16,53.8021301528445,0.2973859948397245,282.1071303900026,False,3,0.1,0.9
UPS,UPS Depot Hannover,0,bundled,1,14,31.832385676522556,0.43980366857409203,312.2470718958911,False,3,0.1,0.9
UPS,UPS Depot Hannover,0,bundled,1,13,37.755537878390655,0.34432034955699936,320.91198238955303,False,3,0.1,0.9
UPS,UPS Depot Hannover,0,bundled,1,10,139.34872865781722,0.07176240570199861,310.6044409052876,False,3,0.1,0.9
UPS,UPS Depot Hannover,1,bundled,1,27,357.6158854957556,0.07550000180380816,380.9792628128531,False,3,0.1,0.9
UPS,UPS Depot Hannover,1,bundled,1,23,173.55971997363926,0.1325192274076802,278.950607876117,False,3,0.1,0.9
UPS,UPS Depot Hannover,1,bundled,1,18,102.53407734275534,0.17555139195166133,313.8464752806077,False,3,0.1,0.9
UPS,UPS Depot Hannover,1,bundled,1,16,159.38246951696127,0.10038745194807829,359.3700956672368,False,3,0.1,0.9
UPS,UPS Depot Hannover,1,bundled,1,14,43.13135688268341,0.3245898346782776,314.2926978985861,False,3,0.1,0.9
UPS,UPS Depot Hannover,2,bundled,1,18,53.8021301528445,0.3345592441946901,286.8091838707528,False,3,0.1,0.9
UPS,UPS Depot Hannover,2,bundled,1,14,101.18549289373648,0.1383597549374256,303.57766783896176,False,3,0.1,0.9
UPS,UPS Depot Hannover,2,bundled,1,12,139.34872865781722,0.08611488684239833,321.4087161958215,False,3,0.1,0.9
UPS,UPS Depot Hannover,3,bundled,1,28,357.6158854957556,0.07829629816691216,374.2856200718312,False,3,0.1,0.9
UPS,UPS Depot Hannover,3,bundled,1,21,102.53407734275534,0.2048099572769382,317.8447205029796,False,3,0.1,0.9
UPS,UPS Depot Hannover,3,bundled,1,20,112.90680951768702,0.1771372345515349,306.1396873021499,False,3,0.1,0.9
UPS,UPS Depot Hannover,3,bundled,1,18,159.38246951696127,0.11293588344158806,361.0547824756614,False,3,0.1,0.9
UPS,UPS Depot Hannover,3,bundled,1,15,12.528872220645557,1.197234654152065,266.7215858577289,False,3,0.1,0.9
UPS,UPS Depot Hannover,3,bundled,1,15,37.755537878390655,0.39729271102730696,318.84077189730834,False,3,0.1,0.9
UPS,UPS Depot Hannover,3,bundled,1,15,31.832385676522556,0.4712182163293843,313.4865043662003,False,3,0.1,0.9
UPS,UPS Depot Hannover,4,bundled,1,30,125.18180774883541,0.23965143609518688,324.435623803311,False,3,0.1,0.9
UPS,UPS Depot Hannover,4,bundled,1,25,357.6158854957556,0.06990740907760015,376.3318940573505,False,3,0.1,0.9
UPS,UPS Depot Hannover,4,bundled,1,20,173.55971997363926,0.11523411078928715,275.2259586407852,False,3,0.1,0.9
UPS,UPS Depot Hannover,4,bundled,1,15,53.8021301528445,0.2787993701622417,285.8518184274508,False,3,0.1,0.9
UPS,UPS Depot Hannover,4,bundled,1,10,101.18549289373648,0.09882839638387543,298.40904184641306,False,3,0.1,0.9
UPS,UPS Depot Hannover,4,bundled,1,9,139.34872865781722,0.06458616513179875,304.13848990062843,False,3,0.1,0.9
UPS,UPS Depot Hannover,4,bundled,1,8,66.6831619829418,0.11997031577546484,323.4919144028312,False,3,0.1,0.9
UPS,UPS Depot Hannover,5,bundled,1,20,129.47251256919432,0.15447294258162597,329.04634787539266,False,3,0.1,0.9
UPS,UPS Depot Hannover,5,bundled,1,12,102.53407734275534,0.11703426130110756,315.9312113317552,False,3,0.1,0.9
UPS,UPS Depot Hannover,5,bundled,1,11,159.38246951696127,0.06901637321430382,341.7030165438281,False,3,0.1,0.9
UPS,UPS Depot Hannover,5,bundled,1,7,101.18549289373648,0.0691798774687128,298.5637420380211,False,3,0.1,0.9
Amazon,Amazon Logistics HAJ8 in Garbsen,0,standalone,1,217,173.55971997363926,1.2502901020637656,658.9311408026708,False,3,0.2,0.8
Amazon,Amazon Logistics HAJ8 in Garbsen,0,standalone,1,172,153.22446344831192,1.12253615466581,444.9983067736838,False,3,0.2,0.8
Amazon,Amazon Logistics HAJ8 in Garbsen,0,standalone,1,193,112.90680951768702,1.7093743134223118,478.61524611443986,False,3,0.2,0.8
Amazon,Amazon Logistics HAJ8 in Garbsen,0,standalone,1,188,159.38246951696127,1.1795525603899197,552.9076192970927,False,3,0.2,0.8
Amazon,Amazon Logistics HAJ8 in Garbsen,0,bundled,3,293,16.0040665409306,18.307846899452013,602.2828548527642,True,3,0.2,0.8
Amazon,Amazon Logistics HAJ8 in Garbsen,1,standalone,1,221,59.876286869182046,3.6909436365491683,486.19868981389607,False,3,0.2,0.8
Amazon,Amazon Logistics HAJ8 in Garbsen,1,bundled,1,138,139.34872865781722,0.9903211986875808,493.4543131296906,False,3,0.2,0.8
Amazon,Amazon Logistics HAJ8 in Garbsen,2,standalone,1,200,19.484913733542946,10.264351319949824,377.795603233979,True,3,0.2,0.8
Amazon,Amazon Logistics HAJ8 in Garbsen,3,standalone,1,187,153.22446344831192,1.220431749549456,463.75131090143736,False,3,0.2,0.8
Amazon,Amazon Logistics HAJ8 in Garbsen,3,standalone,1,192,101.18549289373648,1.8975052105704084,465.01592776895666,False,3,0.2,0.8
Amazon,Amazon Logistics HAJ8 in Garbsen,4,standalone,1,172,159.38246951696127,1.0791651084418414,531.1510262278357,False,3,0.2,0.8
Amazon,Amazon Logistics HAJ8 in Garbsen,4,bundled,1,114,139.34872865781722,0.8180914250027842,475.901194442138,False,3,0.2,0.8
DPD,DPD Paketzentrum in Lehrte,0,bundled,1,116,125.18180774883541,0.926652219568056,465.0066298619497,False,3,0.2,0.8
DPD,DPD Paketzentrum in Lehrte,0,bundled,1,110,357.6158854957556,0.30759259994144067,559.9841786026882,False,3,0.2,0.8
DPD,DPD Paketzentrum in Lehrte,0,bundled,1,109,129.47251256919432,0.8418775370698615,364.374857111076,False,3,0.2,0.8
DPD,DPD Paketzentrum in Lehrte,0,bundled,1,88,173.55971997363926,0.5070300874728635,397.31070465527813,False,3,0.2,0.8
DPD,DPD Paketzentrum in Lehrte,0,bundled,1,87,23.77191867081394,3.659780314948434,324.6652552371012,False,3,0.2,0.8
DPD,DPD Paketzentrum in Lehrte,0,bundled,1,84,59.876286869182046,1.4028926039372405,324.64093723298265,False,3,0.2,0.8
DPD,DPD Paketzentrum in Lehrte,0,bundled,1,82,5.368928981069905,15.27306475632674,282.83127054919095,False,3,0.2,0.8
DPD,DPD Paketzentrum in Lehrte,0,bundled,1,82,53.8021301528445,1.524103223553588,347.3176038829639,False,3,0.2,0.8
DPD,DPD Paketzentrum in Lehrte,0,bundled,1,79,102.53407734275534,0.7704755535656247,393.90118891096836,False,3,0.2,0.8
DPD,DPD Paketzentrum in Lehrte,0,bundled,1,52,139.34872865781722,0.3731645096503928,323.69338730063305,False,3,0.2,0.8
DPD,DPD Paketzentrum in Lehrte,0,bundled,1,43,43.13135688268341,0.9969544922261384,331.95909190428836,False,3,0.2,0.8
DPD,DPD Paketzentrum in Lehrte,0,bundled,1,42,66.6831619829418,0.6298441578211904,326.6347167189419,False,3,0.2,0.8
DPD,DPD Paketzentrum in Lehrte,0,bundled,1,38,6.967819653017212,5.453642874287827,295.86916342584425,False,3,0.2,0.8
DPD,DPD Paketzentrum in Lehrte,1,bundled,1,72,159.38246951696127,0.45174353376635223,395.90444023898607,False,3,0.2,0.8
DPD,DPD Paketzentrum in Lehrte,1,bundled,1,45,6.068989648841514,7.414743244551402,297.13612737210775,False,3,0.2,0.8
DPD,DPD Paketzentrum in Lehrte,1,bundled,2,82,68.49683239311932,1.1971356504397583,370.0388599481911,False,3,0.2,0.8
DPD,DPD Paketzentrum in Lehrte,2,bundled,1,136,129.47251256919432,1.0504160095550565,402.6725369915704,False,3,0.2,0.8
DPD,DPD Paketzentrum in Lehrte,2,bundled,1,136,357.6158854957556,0.3802963053821448,620.4094095682808,False,3,0.2,0.8
DPD,DPD Paketzentrum in Lehrte,2,bundled,1,135,125.18180774883541,1.078431462428341,509.779567436801,False,3,0.2,0.8
DPD,DPD Paketzentrum in Lehrte,2,bundled,1,105,102.53407734275534,1.0240497863846911,420.29652969360006,False,3,0.2,0.8
DPD,DPD Paketzentrum in Lehrte,2,bundled,1,104,173.55971997363926,0.5992173761042932,423.1215163467389,False,3,0.2,0.8
DPD,DPD Paketzentrum in Lehrte,2,bundled,1,95,112.90680951768702,0.8414018641197908,324.37770936368577,False,3,0.2,0.8
DPD,DPD Paketzentrum in Lehrte,2,bundled,1,94,5.186686836161483,18.123322839665924,294.663400664435,False,3,0.2,0.8
DPD,DPD Paketzentrum in Lehrte,2,bundled,1,94,53.8021301528445,1.7471427196833815,364.29073639533516,False,3,0.2,0.8
DPD,DPD Paketzentrum in Lehrte,2,bundled,1,90,12.113461405690837,7.429750835522413,296.78761866255763,False,3,0.2,0.8
DPD,DPD Paketzentrum in Lehrte,2,bundled,1,82,153.22446344831192,0.5351625853639326,330.13922568756846,False,3,0.2,0.8
DPD,DPD Paketzentrum in Lehrte,2,bundled,1,81,159.38246951696127,0.5082114754871463,427.4025521893477,False,3,0.2,0.8
DPD,DPD Paketzentrum in Lehrte,2,bundled,1,60,139.34872865781722,0.4305744342119917,326.10275716620765,False,3,0.2,0.8
DPD,DPD Paketzentrum in Lehrte,2,bundled,1,54,6.068989648841514,8.897691893461682,297.7166429785768,False,3,0.2,0.8
DPD,DPD Paketzentrum in Lehrte,2,bundled,1,47,3.576189607493106,13.142479890194302,259.3603728623425,False,3,0.2,0.8
DPD,DPD Paketzentrum in Lehrte,2,bundled,1,47,43.13135688268341,1.0896944449913606,315.33558288135094,False,3,0.2,0.8
DPD,DPD Paketzentrum in Lehrte,2,bundled,2,90,11.396297661602965,7.897301621318032,320.59940745210037,False,3,0.2,0.8
DPD,DPD Paketzentrum in Lehrte,2,bundled,2,89,74.98913244511685,1.1868386404541678,360.4049625348976,False,3,0.2,0.8
DPD,DPD Paketzentrum in Lehrte,3,bundled,1,97,59.876286869182046,1.6200069354989564,323.74717436583137,False,3,0.2,0.8
DPD,DPD Paketzentrum in Lehrte,3,bundled,1,95,173.55971997363926,0.5473620262491139,416.5288955297481,False,3,0.2,0.8
DPD,DPD Paketzentrum in Lehrte,3,bundled,1,70,101.18549289373648,0.691798774687128,294.4730016021739,False,3,0.2,0.8
DPD,DPD Paketzentrum in Lehrte,3,bundled,1,47,6.967819653017212,6.745295133987575,298.71253263060777,False,3,0.2,0.8
DPD,DPD Paketzentrum in Lehrte,3,bundled,2,91,62.69091823394493,1.4515659135891663,361.5969080919134,False,3,0.2,0.8
DPD,DPD Paketzentrum in Lehrte,4,bundled,1,112,125.18180774883541,0.8946986947553643,470.9864171491257,False,3,0.2,0.8
DPD,DPD Paketzentrum in Lehrte,4,bundled,1,110,357.6158854957556,0.30759259994144067,548.9103056686456,False,3,0.2,0.8
DPD,DPD Paketzentrum in Lehrte,4,bundled,1,106,129.47251256919432,0.8187065956826176,364.9338793556169,False,3,0.2,0.8
DPD,DPD Paketzentrum in Lehrte,4,bundled,1,78,102.53407734275534,0.7607226984571991,385.97734829597965,False,3,0.2,0.8
DPD,DPD Paketzentrum in Lehrte,4,bundled,1,75,53.8021301528445,1.3939968508112086,344.4818158997217,False,3,0.2,0.8
DPD,DPD Paketzentrum in Lehrte,4,bundled,1,72,112.90680951768702,0.6376940443855257,301.91200681949033,False,3,0.2,0.8
DPD,DPD Paketzentrum in Lehrte,4,bundled,1,68,153.22446344831192,0.44379336347252946,324.26232753134934,False,3,0.2,0.8
DPD,DPD Paketzentrum in Lehrte,4,bundled,1,53,31.832385676522556,1.6649710310304913,316.75090467350316,False,3,0.2,0.8
DPD,DPD Paketzentrum in Lehrte,4,bundled,1,51,37.755537878390655,1.3507952174928437,342.21241875385374,False,3,0.2,0.8
DPD,DPD Paketzentrum in Lehrte,4,bundled,1,48,56.38950461206911,0.8512222324032708,333.73636341418273,False,3,0.2,0.8
DPD,DPD Paketzentrum in Lehrte,4,bundled,1,48,139.34872865781722,0.34445954736959333,323.04651513654414,False,3,0.2,0.8
DPD,DPD Paketzentrum in Lehrte,4,bundled,1,45,10.610683695060029,4.24100852435649,307.6783238368612,False,3,0.2,0.8
DPD,DPD Paketzentrum in Lehrte,5,bundled,1,60,173.55971997363926,0.34570233236786146,353.9750217200379,False,3,0.2,0.8
DPD,DPD Paketzentrum in Lehrte,5,bundled,1,50,159.38246951696127,0.3137107873377446,370.7323530956848,False,3,0.2,0.8
DPD,DPD Paketzentrum in Lehrte,5,bundled,1,44,101.18549289373648,0.43484494408905194,279.37629850462156,False,3,0.2,0.8
FedEx,FedEx Station - Heinz-Peter-Piper Str.,0,bundled,1,36,357.6158854957556,0.10066666907174421,379.82807820483845,False,3,0.2,0.8
FedEx,FedEx Station - Heinz-Peter-Piper Str.,0,bundled,1,29,173.55971997363926,0.16708946064446636,292.5136556937568,False,3,0.2,0.8
FedEx,FedEx Station - Heinz-Peter-Piper Str.,0,bundled,1,23,102.53407734275534,0.22431566749378948,314.7573036820675,False,3,0.2,0.8
FedEx,FedEx Station - Heinz-Peter-Piper Str.,0,bundled,1,23,53.8021301528445,0.42749236758210396,292.64583522933384,False,3,0.2,0.8
FedEx,FedEx Station - Heinz-Peter-Piper Str.,0,bundled,1,20,159.38246951696127,0.12548431493509785,345.93652162674266,False,3,0.2,0.8
FedEx,FedEx Station - Heinz-Peter-Piper Str.,1,bundled,1,49,125.18180774883541,0.3914306789554719,337.6608528248052,False,3,0.2,0.8
FedEx,FedEx Station - Heinz-Peter-Piper Str.,1,bundled,1,24,112.90680951768702,0.21256468146184188,316.70643956358225,False,3,0.2,0.8
FedEx,FedEx Station - Heinz-Peter-Piper Str.,2,bundled,1,45,357.6158854957556,0.12583333633968027,392.10258210543645,False,3,0.2,0.8
FedEx,FedEx Station - Heinz-Peter-Piper Str.,2,bundled,1,37,173.55971997363926,0.21318310496018122,307.2952775183504,False,3,0.2,0.8
FedEx,FedEx Station - Heinz-Peter-Piper Str.,2,bundled,1,26,53.8021301528445,0.4832522416145523,293.1669856754931,False,3,0.2,0.8
FedEx,FedEx Station - Heinz-Peter-Piper Str.,2,bundled,1,23,159.38246951696127,0.1443069621753625,340.99582460030183,False,3,0.2,0.8
FedEx,FedEx Station - Heinz-Peter-Piper Str.,3,bundled,1,43,129.47251256919432,0.3321168265504958,358.7758538861692,False,3,0.2,0.8
FedEx,FedEx Station - Heinz-Peter-Piper Str.,3,bundled,1,42,357.6158854957556,0.11744444725036825,390.93579020228754,False,3,0.2,0.8
FedEx,FedEx Station - Heinz-Peter-Piper Str.,3,bundled,1,29,102.53407734275534,0.28283279814434326,324.043719844204,False,3,0.2,0.8
FedEx,FedEx Station - Heinz-Peter-Piper Str.,3,bundled,1,27,112.90680951768702,0.23913526664457213,326.09661157648804,False,3,0.2,0.8
FedEx,FedEx Station - Heinz-Peter-Piper Str.,3,bundled,1,12,66.6831619829418,0.17995547366319728,325.66513411553603,False,3,0.2,0.8
FedEx,FedEx Station - Heinz-Peter-Piper Str.,4,bundled,1,43,125.18180774883541,0.34350039173643454,330.5003139370446,False,3,0.2,0.8
FedEx,FedEx Station - Heinz-Peter-Piper Str.,4,bundled,1,27,173.55971997363926,0.15556604956553766,290.9320053929444,False,3,0.2,0.8
FedEx,FedEx Station - Heinz-Peter-Piper Str.,4,bundled,1,19,159.38246951696127,0.11921009918834295,320.4576658757229,False,3,0.2,0.8
FedEx,FedEx Station - Heinz-Peter-Piper Str.,4,bundled,1,16,43.13135688268341,0.3709598110608887,307.6217788622014,False,3,0.2,0.8
FedEx,FedEx Station - Heinz-Peter-Piper Str.,4,bundled,1,14,12.528872220645557,1.1174190105419275,272.8302452084695,False,3,0.2,0.8
FedEx,FedEx Station - Heinz-Peter-Piper Str.,4,bundled,1,13,6.068989648841514,2.1420369373148493,289.22566901134223,False,3,0.2,0.8
FedEx,FedEx Station - Heinz-Peter-Piper Str.,4,bundled,1,13,101.18549289373648,0.12847691529903807,308.68399223250117,False,3,0.2,0.8
FedEx,FedEx Station - Heinz-Peter-Piper Str.,4,bundled,1,11,139.34872865781722,0.07893864627219847,315.9311542398256,False,3,0.2,0.8
FedEx,FedEx Station - Heinz-Peter-Piper Str.,5,bundled,1,26,129.47251256919432,0.20081482535611375,348.72315242784555,False,3,0.2,0.8
FedEx,FedEx Station - Heinz-Peter-Piper Str.,5,bundled,1,25,357.6158854957556,0.06990740907760015,375.92132792517646,False,3,0.2,0.8
FedEx,FedEx Station - Heinz-Peter-Piper Str.,5,bundled,1,16,112.90680951768702,0.14170978764122794,314.11384765042305,False,3,0.2,0.8
FedEx,FedEx Station - Heinz-Peter-Piper Str.,5,bundled,1,7,66.6831619829418,0.10497402630353174,324.20678256560757,False,3,0.2,0.8
GLS,GLS in Hannover Laatzen,0,bundled,1,88,6.17992293720077,14.239659765055272,280.86760575494066,False,3,0.2,0.8
GLS,GLS in Hannover Laatzen,0,bundled,1,85,33.960996603727956,2.5028711904959056,281.3107774153659,False,3,0.2,0.8
GLS,GLS in Hannover Laatzen,0,bundled,2,125,178.0222288753611,0.7021595044038933,464.06426210465827,False,3,0.2,0.8
GLS,GLS in Hannover Laatzen,0,bundled,2,111,110.34275185247651,1.0059564233852187,413.0972349648248,False,3,0.2,0.8
GLS,GLS in Hannover Laatzen,0,bundled,2,102,94.14504249045976,1.0834346376797932,410.4821684872012,False,3,0.2,0.8
GLS,GLS in Hannover Laatzen,0,bundled,2,101,171.18111433433978,0.5900183579990804,443.1846062166559,False,3,0.2,0.8
GLS,GLS in Hannover Laatzen,1,bundled,1,116,357.6158854957556,0.3243703781200647,577.4979655835773,False,3,0.2,0.8
GLS,GLS in Hannover Laatzen,1,bundled,1,111,125.18180774883541,0.8867103135521914,500.4270207331739,False,3,0.2,0.8
GLS,GLS in Hannover Laatzen,1,bundled,1,108,129.47251256919432,0.8341538899407802,390.59318835716863,False,3,0.2,0.8
GLS,GLS in Hannover Laatzen,1,bundled,1,84,102.53407734275534,0.8192398291077528,362.4685294819885,False,3,0.2,0.8
GLS,GLS in Hannover Laatzen,1,bundled,1,74,112.90680951768702,0.6554077678406791,343.38168877238024,False,3,0.2,0.8
GLS,GLS in Hannover Laatzen,1,bundled,1,63,153.22446344831192,0.41116149851131406,334.93677705262235,False,3,0.2,0.8
GLS,GLS in Hannover Laatzen,1,bundled,1,42,6.068989648841514,6.920427028247975,257.926088864036,False,3,0.2,0.8
GLS,GLS in Hannover Laatzen,1,bundled,1,42,10.610683695060029,3.958274622732724,322.62391489097547,False,3,0.2,0.8
GLS,GLS in Hannover Laatzen,1,bundled,1,41,66.6831619829418,0.6148478683492573,283.10521982903924,False,3,0.2,0.8
GLS,GLS in Hannover Laatzen,2,standalone,1,190,58.08159729436245,3.2712598972969684,407.14699475220436,False,3,0.2,0.8
GLS,GLS in Hannover Laatzen,2,bundled,1,102,173.55971997363926,0.5876939650253644,444.5838459339594,False,3,0.2,0.8
GLS,GLS in Hannover Laatzen,2,bundled,1,96,23.77191867081394,4.03837827856379,324.3616993818963,False,3,0.2,0.8
GLS,GLS in Hannover Laatzen,2,bundled,1,90,33.960996603727956,2.6500989075839003,276.4641874125609,False,3,0.2,0.8
GLS,GLS in Hannover Laatzen,2,bundled,2,135,60.769949805861714,2.221492702088397,382.47593113414626,False,3,0.2,0.8
GLS,GLS in Hannover Laatzen,2,bundled,2,111,56.969776168096985,1.9484015466811662,324.71477140029447,False,3,0.2,0.8
GLS,GLS in Hannover Laatzen,2,bundled,2,116,171.18111433433978,0.677644846810825,450.41193678392017,False,3,0.2,0.8
GLS,GLS in Hannover Laatzen,3,bundled,1,117,125.18180774883541,0.9346406007712289,500.54009393610886,False,3,0.2,0.8
GLS,GLS in Hannover Laatzen,3,bundled,1,117,357.6158854957556,0.32716667448316866,587.2980971635563,False,3,0.2,0.8
GLS,GLS in Hannover Laatzen,3,bundled,1,115,129.47251256919432,0.8882194198443493,397.4550662354795,False,3,0.2,0.8
GLS,GLS in Hannover Laatzen,3,bundled,1,95,102.53407734275534,0.9265212353004348,376.40898487199354,False,3,0.2,0.8
GLS,GLS in Hannover Laatzen,3,bundled,1,80,112.90680951768702,0.7085489382061396,353.6997495414955,False,3,0.2,0.8
GLS,GLS in Hannover Laatzen,3,bundled,1,70,101.18549289373648,0.691798774687128,301.17516598073865,False,3,0.2,0.8
GLS,GLS in Hannover Laatzen,3,bundled,1,66,153.22446344831192,0.4307406174880433,333.89601399331355,False,3,0.2,0.8
GLS,GLS in Hannover Laatzen,3,bundled,1,63,139.34872865781722,0.45210315592259126,359.85635517115804,False,3,0.2,0.8
GLS,GLS in Hannover Laatzen,3,bundled,1,57,56.38950461206911,1.010826400978884,361.6895080863528,False,3,0.2,0.8
GLS,GLS in Hannover Laatzen,3,bundled,1,49,10.610683695060029,4.617987059854844,322.94594431264255,False,3,0.2,0.8
GLS,GLS in Hannover Laatzen,4,bundled,1,79,33.960996603727956,2.3261979299903124,275.0919564403555,False,3,0.2,0.8
GLS,GLS in Hannover Laatzen,4,bundled,1,75,173.55971997363926,0.4321279154598268,393.32478876595394,False,3,0.2,0.8
GLS,GLS in Hannover Laatzen,4,bundled,1,71,53.8021301528445,1.3196503521012775,357.8889787536686,False,3,0.2,0.8
GLS,GLS in Hannover Laatzen,4,bundled,1,61,159.38246951696127,0.3827271605520484,350.056394336555,False,3,0.2,0.8
GLS,GLS in Hannover Laatzen,4,bundled,2,97,50.28441009903621,1.9290273030737848,349.9538197297036,False,3,0.2,0.8
GLS,GLS in Hannover Laatzen,4,bundled,2,71,35.22277120009008,2.015741453069383,299.63203063870026,False,3,0.2,0.8
GLS,GLS in Hannover Laatzen,5,bundled,1,76,125.18180774883541,0.6071169714411401,425.86159583350354,False,3,0.2,0.8
GLS,GLS in Hannover Laatzen,5,bundled,1,74,129.47251256919432,0.5715498875520161,340.7645100868838,False,3,0.2,0.8
GLS,GLS in Hannover Laatzen,5,bundled,1,71,357.6158854957556,0.19853704178038442,498.37164659739915,False,3,0.2,0.8
GLS,GLS in Hannover Laatzen,5,bundled,1,55,102.53407734275534,0.5364070309634096,343.76022282586115,False,3,0.2,0.8
GLS,GLS in Hannover Laatzen,5,bundled,1,52,59.876286869182046,0.8684573262468631,330.9538592709935,False,3,0.2,0.8
GLS,GLS in Hannover Laatzen,5,bundled,1,50,112.90680951768702,0.4428430863788373,330.6503887915097,False,3,0.2,0.8
GLS,GLS in Hannover Laatzen,5,bundled,1,43,153.22446344831192,0.2806340386664525,317.6607717065069,False,3,0.2,0.8
GLS,GLS in Hannover Laatzen,5,bundled,1,32,139.34872865781722,0.22963969824639557,335.2108978522788,False,3,0.2,0.8
Hermes,Hermes LC Hannover Langenhagen,0,bundled,1,119,173.55971997363926,0.6856429591962585,392.10048468706,False,3,0.2,0.8
Hermes,Hermes LC Hannover Langenhagen,0,bundled,1,114,102.53407734275534,1.1118254823605218,381.4401218336493,False,3,0.2,0.8
Hermes,Hermes LC Hannover Langenhagen,0,bundled,1,105,112.90680951768702,0.9299704813955583,371.3382127152332,False,3,0.2,0.8
Hermes,Hermes LC Hannover Langenhagen,0,bundled,1,103,159.38246951696127,0.6462442219157539,452.4011724662738,False,3,0.2,0.8
Hermes,Hermes LC Hannover Langenhagen,0,bundled,1,98,101.18549289373648,0.9685182845619793,357.0006631426336,False,3,0.2,0.8
Hermes,Hermes LC Hannover Langenhagen,0,bundled,1,96,5.368928981069905,17.880661178138624,270.42464508714374,False,3,0.2,0.8
Hermes,Hermes LC Hannover Langenhagen,0,bundled,1,96,13.714884737746763,6.999694261796033,314.68254066876915,False,3,0.2,0.8
Hermes,Hermes LC Hannover Langenhagen,0,bundled,1,90,153.22446344831192,0.5873735693018772,344.3979394811199,False,3,0.2,0.8
Hermes,Hermes LC Hannover Langenhagen,0,bundled,1,73,139.34872865781722,0.5238655616245899,376.7150256608279,False,3,0.2,0.8
Hermes,Hermes LC Hannover Langenhagen,0,bundled,1,49,53.82702268136371,0.9103234315979556,340.1329254339555,False,3,0.2,0.8
Hermes,Hermes LC Hannover Langenhagen,1,standalone,1,163,129.47251256919432,1.2589544820402516,492.6534829877921,False,3,0.2,0.8
Hermes,Hermes LC Hannover Langenhagen,1,standalone,1,164,125.18180774883541,1.310094517320355,466.34301133142026,False,3,0.2,0.8
Hermes,Hermes LC Hannover Langenhagen,1,standalone,1,172,357.6158854957556,0.480962974453889,682.8681026696811,False,3,0.2,0.8
Hermes,Hermes LC Hannover Langenhagen,2,standalone,1,150,173.55971997363926,0.8642558309196536,440.0657456638071,False,3,0.2,0.8
Hermes,Hermes LC Hannover Langenhagen,2,bundled,1,148,102.53407734275534,1.443422556046993,404.4675122709168,False,3,0.2,0.8
Hermes,Hermes LC Hannover Langenhagen,2,bundled,1,130,112.90680951768702,1.151392024584977,388.558700943748,False,3,0.2,0.8
Hermes,Hermes LC Hannover Langenhagen,2,bundled,1,117,159.38246951696127,0.7340832423703224,475.8640870115789,False,3,0.2,0.8
Hermes,Hermes LC Hannover Langenhagen,2,bundled,1,99,153.22446344831192,0.646110926232065,352.0077701170553,False,3,0.2,0.8
Hermes,Hermes LC Hannover Langenhagen,2,bundled,1,95,37.755537878390655,2.5161871698396108,340.65666150503387,False,3,0.2,0.8
Hermes,Hermes LC Hannover Langenhagen,2,bundled,1,82,139.34872865781722,0.5884517267563887,390.3875595420003,False,3,0.2,0.8
Hermes,Hermes LC Hannover Langenhagen,3,standalone,1,172,129.47251256919432,1.3284673062019832,492.35634667380066,False,3,0.2,0.8
Hermes,Hermes LC Hannover Langenhagen,3,standalone,1,171,125.18180774883541,1.3660131857425653,446.7430490420969,False,3,0.2,0.8
Hermes,Hermes LC Hannover Langenhagen,3,standalone,1,179,357.6158854957556,0.500537048995617,682.3847494175548,False,3,0.2,0.8
Hermes,Hermes LC Hannover Langenhagen,3,bundled,1,106,101.18549289373648,1.0475810016690796,377.1790551892574,False,3,0.2,0.8
Hermes,Hermes LC Hannover Langenhagen,3,bundled,1,94,139.34872865781722,0.674566613598787,407.9497316844435,False,3,0.2,0.8
Hermes,Hermes LC Hannover Langenhagen,3,bundled,1,54,8.305970462175056,6.501347463961388,261.4280583341493,False,3,0.2,0.8
Hermes,Hermes LC Hannover Langenhagen,4,bundled,1,113,173.55971997363926,0.6510727259594724,389.91544766432696,False,3,0.2,0.8
Hermes,Hermes LC Hannover Langenhagen,4,bundled,1,111,102.53407734275534,1.0825669170352448,377.05466314983994,False,3,0.2,0.8
Hermes,Hermes LC Hannover Langenhagen,4,bundled,1,98,112.90680951768702,0.867972449302521,363.1435308629217,False,3,0.2,0.8
Hermes,Hermes LC Hannover Langenhagen,4,bundled,1,94,159.38246951696127,0.5897762801949599,431.33929149710275,False,3,0.2,0.8
Hermes,Hermes LC Hannover Langenhagen,4,bundled,1,86,153.22446344831192,0.561268077332905,344.7135806938182,False,3,0.2,0.8
Hermes,Hermes LC Hannover Langenhagen,4,bundled,1,52,43.13135688268341,1.2056193859478883,305.37494879161244,False,3,0.2,0.8
Hermes,Hermes LC Hannover Langenhagen,4,bundled,1,51,66.6831619829418,0.7648107630685884,325.16303014302497,False,3,0.2,0.8
Hermes,Hermes LC Hannover Langenhagen,4,bundled,1,50,53.82702268136371,0.9289014608142404,343.3104591048217,False,3,0.2,0.8
Hermes,Hermes LC Hannover Langenhagen,5,bundled,1,119,125.18180774883541,0.9506173631775746,402.3596754373992,False,3,0.2,0.8
Hermes,Hermes LC Hannover Langenhagen,5,bundled,1,112,129.47251256919432,0.8650484784571054,449.12759084918105,False,3,0.2,0.8
Hermes,Hermes LC Hannover Langenhagen,5,bundled,1,109,357.6158854957556,0.30479630357833665,481.857883600386,False,3,0.2,0.8
Hermes,Hermes LC Hannover Langenhagen,5,bundled,1,48,139.34872865781722,0.34445954736959333,356.11880211881436,False,3,0.2,0.8
UPS,UPS Depot Hannover,0,bundled,1,85,33.960996603727956,2.5028711904959056,344.60018862615635,False,3,0.2,0.8
UPS,UPS Depot Hannover,0,bundled,1,35,112.90680951768702,0.30999016046518607,316.82663379823794,False,3,0.2,0.8
UPS,UPS Depot Hannover,0,bundled,1,34,102.53407734275534,0.3315970736864714,329.04466444913794,False,3,0.2,0.8
UPS,UPS Depot Hannover,0,bundled,1,33,159.38246951696127,0.20704911964291145,376.13246324908346,False,3,0.2,0.8
UPS,UPS Depot Hannover,0,bundled,1,29,12.528872220645557,2.3146536646939926,270.54761990647364,False,3,0.2,0.8
UPS,UPS Depot Hannover,0,bundled,1,27,31.832385676522556,0.8481927893928918,317.5526880627256,False,3,0.2,0.8
UPS,UPS Depot Hannover,0,bundled,2,46,177.1042665362079,0.25973400245891637,400.3812753082474,False,3,0.2,0.8
UPS,UPS Depot Hannover,1,bundled,1,53,357.6158854957556,0.14820370724451232,424.1202557080713,False,3,0.2,0.8
UPS,UPS Depot Hannover,1,bundled,1,46,173.55971997363926,0.2650384548153604,306.5820796719249,False,3,0.2,0.8
UPS,UPS Depot Hannover,1,bundled,1,33,53.8021301528445,0.6133586143569318,302.65075077583367,False,3,0.2,0.8
UPS,UPS Depot Hannover,1,bundled,1,28,43.13135688268341,0.6491796693565552,318.82970738533436,False,3,0.2,0.8
UPS,UPS Depot Hannover,1,bundled,1,22,101.18549289373648,0.21742247204452597,307.6650780389038,False,3,0.2,0.8
UPS,UPS Depot Hannover,2,bundled,1,47,102.53407734275534,0.45838419009600456,327.71093205541763,False,3,0.2,0.8
UPS,UPS Depot Hannover,2,bundled,1,46,112.90680951768702,0.40741563946853027,320.1472954722809,False,3,0.2,0.8
UPS,UPS Depot Hannover,2,bundled,1,39,159.38246951696127,0.2446944141234408,379.81923593202737,False,3,0.2,0.8
UPS,UPS Depot Hannover,2,bundled,1,25,139.34872865781722,0.17940601425499653,327.6349114484228,False,3,0.2,0.8
UPS,UPS Depot Hannover,3,bundled,1,57,357.6158854957556,0.15938889269692832,419.2331050277969,False,3,0.2,0.8
UPS,UPS Depot Hannover,3,bundled,1,36,53.8021301528445,0.6691184883893802,290.0464310273323,False,3,0.2,0.8
UPS,UPS Depot Hannover,3,bundled,1,30,12.528872220645557,2.39446930830413,280.0762042609263,False,3,0.2,0.8
UPS,UPS Depot Hannover,3,bundled,1,30,37.755537878390655,0.7945854220546139,333.9532167537026,False,3,0.2,0.8
UPS,UPS Depot Hannover,3,bundled,1,30,31.832385676522556,0.9424364326587686,320.8602327525482,False,3,0.2,0.8
UPS,UPS Depot Hannover,3,bundled,1,22,101.18549289373648,0.21742247204452597,304.89510463413365,False,3,0.2,0.8
UPS,UPS Depot Hannover,4,bundled,1,60,125.18180774883541,0.47930287219037376,350.2746568451011,False,3,0.2,0.8
UPS,UPS Depot Hannover,4,bundled,1,40,173.55971997363926,0.2304682215785743,296.4445242133121,False,3,0.2,0.8
UPS,UPS Depot Hannover,4,bundled,1,35,112.90680951768702,0.30999016046518607,320.5353959440602,False,3,0.2,0.8
UPS,UPS Depot Hannover,4,bundled,1,32,102.53407734275534,0.31209136346962013,323.23365937580394,False,3,0.2,0.8
UPS,UPS Depot Hannover,4,bundled,1,30,159.38246951696127,0.18822647240264678,370.761416132372,False,3,0.2,0.8
UPS,UPS Depot Hannover,4,bundled,1,21,101.18549289373648,0.2075396324061384,302.5768532864136,False,3,0.2,0.8
UPS,UPS Depot Hannover,4,bundled,1,18,139.34872865781722,0.1291723302635975,307.427518994339,False,3,0.2,0.8
UPS,UPS Depot Hannover,4,bundled,1,15,66.6831619829418,0.22494434207899658,327.165369953719,False,3,0.2,0.8
UPS,UPS Depot Hannover,5,bundled,1,40,129.47251256919432,0.30894588516325194,347.7324461170935,False,3,0.2,0.8
UPS,UPS Depot Hannover,5,bundled,1,36,357.6158854957556,0.10066666907174421,394.3895763313258,False,3,0.2,0.8
UPS,UPS Depot Hannover,5,bundled,1,22,53.8021301528445,0.40890574290462117,291.9399261658166,False,3,0.2,0.8
Amazon,Amazon Logistics HAJ8 in Garbsen,0,standalone,1,151,7.274391190340525,20.757750861750324,316.72502401021336,True,3,0.30000000000000004,0.7
Amazon,Amazon Logistics HAJ8 in Garbsen,0,standalone,1,157,8.86389555258122,17.712302572685513,324.79985001216414,True,3,0.30000000000000004,0.7
Amazon,Amazon Logistics HAJ8 in Garbsen,0,standalone,1,156,4.12190647126244,37.846564711649314,298.63312417923294,True,3,0.30000000000000004,0.7
Amazon,Amazon Logistics HAJ8 in Garbsen,0,standalone,1,281,159.38246951696127,1.7630546248381247,784.404892549011,False,3,0.30000000000000004,0.7
Amazon,Amazon Logistics HAJ8 in Garbsen,0,bundled,2,283,11.882160069668162,23.81721827855358,610.3066502364891,True,3,0.30000000000000004,0.7
Amazon,Amazon Logistics HAJ8 in Garbsen,1,standalone,1,347,173.55971997363926,1.999311822194132,851.6376341659268,False,3,0.30000000000000004,0.7
Amazon,Amazon Logistics HAJ8 in Garbsen,1,standalone,1,207,139.34872865781722,1.4854817980313713,598.7303726082956,False,3,0.30000000000000004,0.7
Amazon,Amazon Logistics HAJ8 in Garbsen,2,standalone,1,162,8.305970462175056,19.504042391884166,314.23659409518376,True,3,0.30000000000000004,0.7
Amazon,Amazon Logistics HAJ8 in Garbsen,2,standalone,1,349,59.876286869182046,5.828684747310677,691.9617149684318,True,3,0.30000000000000004,0.7
Amazon,Amazon Logistics HAJ8 in Garbsen,2,standalone,1,287,153.22446344831192,1.873069048773764,721.7023921549091,False,3,0.30000000000000004,0.7
Amazon,Amazon Logistics HAJ8 in Garbsen,3,standalone,1,166,7.274391190340525,22.819779093050023,306.0750557028838,True,3,0.30000000000000004,0.7
Amazon,Amazon Logistics HAJ8 in Garbsen,3,standalone,1,176,4.12190647126244,42.69868839263,285.3545428238848,True,3,0.30000000000000004,0.7
Amazon,Amazon Logistics HAJ8 in Garbsen,3,standalone,1,173,43.13135688268341,4.011002957095859,342.55420475760286,False,3,0.30000000000000004,0.7
Amazon,Amazon Logistics HAJ8 in Garbsen,3,standalone,1,307,159.38246951696127,1.926184234253752,787.6012406772629,False,3,0.30000000000000004,0.7
Amazon,Amazon Logistics HAJ8 in Garbsen,4,standalone,1,172,139.34872865781722,1.2343133780743762,549.6657791944665,False,3,0.30000000000000004,0.7
Amazon,Amazon Logistics HAJ8 in Garbsen,4,standalone,1,417,357.6158854957556,1.1660555834143704,1110.1771611431036,False,3,0.30000000000000004,0.7
Amazon,Amazon Logistics HAJ8 in Garbsen,4,bundled,2,287,17.457204739175314,16.440203588604874,654.9705187593265,True,3,0.30000000000000004,0.7
DPD,DPD Paketzentrum in Lehrte,0,standalone,1,174,125.18180774883541,1.389978329352084,541.7630934930114,False,3,0.30000000000000004,0.7
DPD,DPD Paketzentrum in Lehrte,0,standalone,1,165,357.6158854957556,0.461388899912161,805.2509251820279,False,3,0.30000000000000004,0.7
DPD,DPD Paketzentrum in Lehrte,0,bundled,1,132,173.55971997363926,0.7605451312092951,473.61804780978093,False,3,0.30000000000000004,0.7
DPD,DPD Paketzentrum in Lehrte,0,bundled,1,130,23.77191867081394,5.468637252221798,357.8912172914686,True,3,0.30000000000000004,0.7
DPD,DPD Paketzentrum in Lehrte,0,bundled,2,182,113.70330955054575,1.6006570144652965,576.5217901322197,False,3,0.30000000000000004,0.7
DPD,DPD Paketzentrum in Lehrte,0,bundled,2,181,60.769949805861714,2.9784457709481473,455.46901309931815,False,3,0.30000000000000004,0.7
DPD,DPD Paketzentrum in Lehrte,0,bundled,2,181,11.437918629911419,15.824557409130804,390.9168057688891,True,3,0.30000000000000004,0.7
DPD,DPD Paketzentrum in Lehrte,0,bundled,2,141,206.031890640759,0.6843600743627121,487.51055619792453,False,3,0.30000000000000004,0.7
DPD,DPD Paketzentrum in Lehrte,0,bundled,2,135,47.59386578440524,2.83649999374992,411.07815507743,False,3,0.30000000000000004,0.7
DPD,DPD Paketzentrum in Lehrte,1,bundled,1,131,102.53407734275534,1.2776240192037576,459.2915850950161,False,3,0.30000000000000004,0.7
DPD,DPD Paketzentrum in Lehrte,1,bundled,1,107,159.38246951696127,0.6713410849027734,460.77270764024905,False,3,0.30000000000000004,0.7
DPD,DPD Paketzentrum in Lehrte,1,bundled,1,103,101.18549289373648,1.017932482753917,319.9720156647744,False,3,0.30000000000000004,0.7
DPD,DPD Paketzentrum in Lehrte,1,bundled,1,67,8.86389555258122,7.558753327197002,266.23575670674495,False,3,0.30000000000000004,0.7
DPD,DPD Paketzentrum in Lehrte,2,standalone,1,157,173.55971997363926,0.9045877696959042,579.5413982356229,False,3,0.30000000000000004,0.7
DPD,DPD Paketzentrum in Lehrte,2,standalone,1,203,125.18180774883541,1.621641384244098,589.6758666495715,False,3,0.30000000000000004,0.7
DPD,DPD Paketzentrum in Lehrte,2,standalone,1,204,357.6158854957556,0.5704444580732172,946.4682530121959,False,3,0.30000000000000004,0.7
DPD,DPD Paketzentrum in Lehrte,2,bundled,2,205,127.57661922944264,1.606877508106041,547.772080300132,False,3,0.30000000000000004,0.7
DPD,DPD Paketzentrum in Lehrte,2,bundled,2,207,9.308593307423923,22.237516793746956,447.81503527325333,True,3,0.30000000000000004,0.7
DPD,DPD Paketzentrum in Lehrte,2,bundled,2,206,62.10810061501955,3.31679761512757,565.9995221749762,False,3,0.30000000000000004,0.7
DPD,DPD Paketzentrum in Lehrte,2,bundled,2,202,78.79662338863264,2.5635616262858916,465.9144511425427,False,3,0.30000000000000004,0.7
DPD,DPD Paketzentrum in Lehrte,2,bundled,2,192,196.35582033099533,0.977816698666468,658.7284324177594,False,3,0.30000000000000004,0.7
DPD,DPD Paketzentrum in Lehrte,2,bundled,2,191,170.77068460729507,1.118458946506096,642.8417853326025,False,3,0.30000000000000004,0.7
DPD,DPD Paketzentrum in Lehrte,2,bundled,2,160,193.17575133918092,0.8282613055251928,619.1024717453867,False,3,0.30000000000000004,0.7
DPD,DPD Paketzentrum in Lehrte,2,bundled,2,150,13.34338083918204,11.241528800522127,362.56289390040706,True,3,0.30000000000000004,0.7
DPD,DPD Paketzentrum in Lehrte,2,bundled,2,146,10.544009260510318,13.846725319827135,382.85062396690654,True,3,0.30000000000000004,0.7
DPD,DPD Paketzentrum in Lehrte,3,bundled,1,143,173.55971997363926,0.8239238921434031,551.0396424352648,False,3,0.30000000000000004,0.7
DPD,DPD Paketzentrum in Lehrte,3,bundled,1,141,102.53407734275534,1.3751525702880139,493.50301321641587,False,3,0.30000000000000004,0.7
DPD,DPD Paketzentrum in Lehrte,3,bundled,1,106,101.18549289373648,1.0475810016690796,320.2786268826875,False,3,0.30000000000000004,0.7
DPD,DPD Paketzentrum in Lehrte,3,bundled,2,141,17.575275212839223,8.02263397258187,346.2301808960239,True,3,0.30000000000000004,0.7
DPD,DPD Paketzentrum in Lehrte,4,standalone,1,168,125.18180774883541,1.3420480421330465,549.4881490663313,False,3,0.30000000000000004,0.7
DPD,DPD Paketzentrum in Lehrte,4,standalone,1,164,357.6158854957556,0.45859260354905695,805.1453871795306,False,3,0.30000000000000004,0.7
DPD,DPD Paketzentrum in Lehrte,4,bundled,1,120,59.876286869182046,2.004132291338915,339.5010074226396,False,3,0.30000000000000004,0.7
DPD,DPD Paketzentrum in Lehrte,4,bundled,1,113,53.8021301528445,2.1002885885555544,379.62891067366195,False,3,0.30000000000000004,0.7
DPD,DPD Paketzentrum in Lehrte,4,bundled,1,101,153.22446344831192,0.6591636722165511,354.69781001187744,False,3,0.30000000000000004,0.7
DPD,DPD Paketzentrum in Lehrte,4,bundled,1,79,31.832385676522556,2.4817492726680905,335.1333412860828,False,3,0.30000000000000004,0.7
DPD,DPD Paketzentrum in Lehrte,4,bundled,2,146,56.969776168096985,2.562762394733786,419.09245928900236,False,3,0.30000000000000004,0.7
DPD,DPD Paketzentrum in Lehrte,4,bundled,2,144,195.73823326988634,0.7356764061595007,525.7676671463341,False,3,0.30000000000000004,0.7
DPD,DPD Paketzentrum in Lehrte,5,bundled,1,89,173.55971997363926,0.5127917930123278,405.3467061149605,False,3,0.30000000000000004,0.7
DPD,DPD Paketzentrum in Lehrte,5,bundled,1,88,102.53407734275534,0.8582512495414554,403.41446822539285,False,3,0.30000000000000004,0.7
DPD,DPD Paketzentrum in Lehrte,5,bundled,1,80,112.90680951768702,0.7085489382061396,310.243194517334,False,3,0.30000000000000004,0.7
DPD,DPD Paketzentrum in Lehrte,5,bundled,1,75,159.38246951696127,0.47056618100661696,404.4896956095347,False,3,0.30000000000000004,0.7
DPD,DPD Paketzentrum in Lehrte,5,bundled,1,67,101.18549289373648,0.6621502557719654,303.91488595769476,False,3,0.30000000000000004,0.7
FedEx,FedEx Station - Heinz-Peter-Piper Str.,0,bundled,1,43,173.55971997363926,0.24775333819696738,314.9535991844873,False,3,0.30000000000000004,0.7
FedEx,FedEx Station - Heinz-Peter-Piper Str.,0,bundled,1,32,112.90680951768702,0.28341957528245587,335.8796130355833,False,3,0.30000000000000004,0.7
FedEx,FedEx Station - Heinz-Peter-Piper Str.,0,bundled,1,30,159.38246951696127,0.18822647240264678,362.0224242224431,False,3,0.30000000000000004,0.7
FedEx,FedEx Station - Heinz-Peter-Piper Str.,0,bundled,1,20,101.18549289373648,0.19765679276775086,313.5941674056065,False,3,0.30000000000000004,0.7
FedEx,FedEx Station - Heinz-Peter-Piper Str.,1,bundled,1,58,357.6158854957556,0.16218518906003235,433.0611729733238,False,3,0.30000000000000004,0.7
FedEx,FedEx Station - Heinz-Peter-Piper Str.,1,bundled,1,36,102.53407734275534,0.35110278390332267,325.80659760199467,False,3,0.30000000000000004,0.7
FedEx,FedEx Station - Heinz-Peter-Piper Str.,1,bundled,1,20,6.967819653017212,2.87033835488833,286.15613737058857,False,3,0.30000000000000004,0.7
FedEx,FedEx Station - Heinz-Peter-Piper Str.,2,bundled,1,79,125.18180774883541,0.6310821150506588,384.8462803514958,False,3,0.30000000000000004,0.7
FedEx,FedEx Station - Heinz-Peter-Piper Str.,2,bundled,1,56,173.55971997363926,0.322655510210004,329.8850290766989,False,3,0.30000000000000004,0.7
FedEx,FedEx Station - Heinz-Peter-Piper Str.,2,bundled,1,44,112.90680951768702,0.3897019160133768,351.17221147733824,False,3,0.30000000000000004,0.7
FedEx,FedEx Station - Heinz-Peter-Piper Str.,2,bundled,1,40,53.8021301528445,0.7434649870993113,303.8036242282044,False,3,0.30000000000000004,0.7
FedEx,FedEx Station - Heinz-Peter-Piper Str.,2,bundled,1,35,159.38246951696127,0.21959755113642124,360.4269872105166,False,3,0.30000000000000004,0.7
FedEx,FedEx Station - Heinz-Peter-Piper Str.,3,bundled,1,65,129.47251256919432,0.5020370633902844,400.98129418105566,False,3,0.30000000000000004,0.7
FedEx,FedEx Station - Heinz-Peter-Piper Str.,3,bundled,1,62,357.6158854957556,0.17337037451244836,422.47806304226924,False,3,0.30000000000000004,0.7
FedEx,FedEx Station - Heinz-Peter-Piper Str.,3,bundled,1,44,102.53407734275534,0.4291256247707277,332.26134847988124,False,3,0.30000000000000004,0.7
FedEx,FedEx Station - Heinz-Peter-Piper Str.,3,bundled,1,18,66.6831619829418,0.2699332104947959,329.70481561222675,False,3,0.30000000000000004,0.7
FedEx,FedEx Station - Heinz-Peter-Piper Str.,4,bundled,1,64,125.18180774883541,0.5112563970030654,361.33048266652384,False,3,0.30000000000000004,0.7
FedEx,FedEx Station - Heinz-Peter-Piper Str.,4,bundled,1,41,173.55971997363926,0.23622992711803864,309.5551847916695,False,3,0.30000000000000004,0.7
FedEx,FedEx Station - Heinz-Peter-Piper Str.,4,bundled,1,32,112.90680951768702,0.28341957528245587,332.22746629413035,False,3,0.30000000000000004,0.7
FedEx,FedEx Station - Heinz-Peter-Piper Str.,4,bundled,1,24,37.755537878390655,0.6356683376436911,317.7010354300737,False,3,0.30000000000000004,0.7
FedEx,FedEx Station - Heinz-Peter-Piper Str.,4,bundled,1,23,43.13135688268341,0.5332547284000275,309.48715659418326,False,3,0.30000000000000004,0.7
FedEx,FedEx Station - Heinz-Peter-Piper Str.,4,bundled,1,21,12.528872220645557,1.6761285158128914,277.00006558066224,False,3,0.30000000000000004,0.7
FedEx,FedEx Station - Heinz-Peter-Piper Str.,4,bundled,1,20,6.068989648841514,3.2954414420228453,292.35034680385536,False,3,0.30000000000000004,0.7
FedEx,FedEx Station - Heinz-Peter-Piper Str.,4,bundled,1,20,53.82702268136371,0.37156058432569616,329.62153398524185,False,3,0.30000000000000004,0.7
FedEx,FedEx Station - Heinz-Peter-Piper Str.,4,bundled,2,35,240.53422155155369,0.145509440503868,406.67210039618783,False,3,0.30000000000000004,0.7
FedEx,FedEx Station - Heinz-Peter-Piper Str.,5,bundled,1,39,129.47251256919432,0.30122223803417064,358.18637092914406,False,3,0.30000000000000004,0.7
FedEx,FedEx Station - Heinz-Peter-Piper Str.,5,bundled,1,37,357.6158854957556,0.10346296543484822,387.2101267654798,False,3,0.30000000000000004,0.7
FedEx,FedEx Station - Heinz-Peter-Piper Str.,5,bundled,1,24,102.53407734275534,0.2340685226022151,316.468639018693,False,3,0.30000000000000004,0.7
FedEx,FedEx Station - Heinz-Peter-Piper Str.,5,bundled,1,21,159.38246951696127,0.13175853068185275,322.9626868162336,False,3,0.30000000000000004,0.7
FedEx,FedEx Station - Heinz-Peter-Piper Str.,5,bundled,1,11,66.6831619829418,0.16495918419126415,325.4610974182417,False,3,0.30000000000000004,0.7
GLS,GLS in Hannover Laatzen,0,standalone,1,154,357.6158854957556,0.4306296399180169,783.291912182148,False,3,0.30000000000000004,0.7
GLS,GLS in Hannover Laatzen,0,bundled,1,132,6.17992293720077,21.359489647582908,295.20787628659417,True,3,0.30000000000000004,0.7
GLS,GLS in Hannover Laatzen,0,bundled,1,122,173.55971997363926,0.7029280758146516,487.882895397085,False,3,0.30000000000000004,0.7
GLS,GLS in Hannover Laatzen,0,bundled,1,103,112.90680951768702,0.9122567579404047,391.0376405379736,False,3,0.30000000000000004,0.7
GLS,GLS in Hannover Laatzen,0,bundled,1,99,101.18549289373648,0.9784011242003668,338.9167311961441,False,3,0.30000000000000004,0.7
GLS,GLS in Hannover Laatzen,0,bundled,1,90,153.22446344831192,0.5873735693018772,373.27466000242634,False,3,0.30000000000000004,0.7
GLS,GLS in Hannover Laatzen,0,bundled,1,83,37.755537878390655,2.198353001017765,322.7435043487029,False,3,0.30000000000000004,0.7
GLS,GLS in Hannover Laatzen,0,bundled,2,140,143.81123755953905,0.9734983327852862,517.2434862084308,False,3,0.30000000000000004,0.7
GLS,GLS in Hannover Laatzen,0,bundled,2,139,65.54676357080913,2.120623390502576,429.0392691498889,False,3,0.30000000000000004,0.7
GLS,GLS in Hannover Laatzen,1,standalone,1,163,129.47251256919432,1.2589544820402516,471.25394747837476,False,3,0.30000000000000004,0.7
GLS,GLS in Hannover Laatzen,1,standalone,1,167,125.18180774883541,1.3340596609298736,591.3353722214401,False,3,0.30000000000000004,0.7
GLS,GLS in Hannover Laatzen,1,bundled,1,136,23.77191867081394,5.721035894632035,353.0219035857866,True,3,0.30000000000000004,0.7
GLS,GLS in Hannover Laatzen,1,bundled,1,126,102.53407734275534,1.2288597436616293,408.3047915198943,False,3,0.30000000000000004,0.7
GLS,GLS in Hannover Laatzen,1,bundled,1,125,173.55971997363926,0.7202131924330447,483.5287572034497,False,3,0.30000000000000004,0.7
GLS,GLS in Hannover Laatzen,1,bundled,1,62,66.6831619829418,0.9297699472598525,292.1267288617249,False,3,0.30000000000000004,0.7
GLS,GLS in Hannover Laatzen,2,standalone,1,188,357.6158854957556,0.5257037162635531,805.7649170592905,False,3,0.30000000000000004,0.7
GLS,GLS in Hannover Laatzen,2,bundled,2,208,40.02998625256947,5.1961047072967395,453.55006868005665,True,3,0.30000000000000004,0.7
GLS,GLS in Hannover Laatzen,2,bundled,2,205,64.41281384790453,3.1825965635356113,512.8088188641359,False,3,0.30000000000000004,0.7
GLS,GLS in Hannover Laatzen,2,bundled,2,188,113.85644208822222,1.6512021327201432,520.1088696307303,False,3,0.30000000000000004,0.7
GLS,GLS in Hannover Laatzen,2,bundled,2,175,158.17547642249565,1.1063661950514068,615.8062003836191,False,3,0.30000000000000004,0.7
GLS,GLS in Hannover Laatzen,2,bundled,3,240,49.18586643312969,4.8794504886132355,624.3281133665603,False,3,0.30000000000000004,0.7
GLS,GLS in Hannover Laatzen,2,bundled,3,231,167.72022590626358,1.3772936373762255,815.0476846340455,False,3,0.30000000000000004,0.7
GLS,GLS in Hannover Laatzen,3,standalone,1,173,129.47251256919432,1.3361909533310645,481.1936193134594,False,3,0.30000000000000004,0.7
GLS,GLS in Hannover Laatzen,3,standalone,1,175,125.18180774883541,1.397966710555257,589.124258666159,False,3,0.30000000000000004,0.7
GLS,GLS in Hannover Laatzen,3,bundled,1,142,102.53407734275534,1.3849054253964395,425.4705412966756,False,3,0.30000000000000004,0.7
GLS,GLS in Hannover Laatzen,3,bundled,1,131,173.55971997363926,0.7547834256698308,504.5683276603091,False,3,0.30000000000000004,0.7
GLS,GLS in Hannover Laatzen,3,bundled,1,120,112.90680951768702,1.0628234073092095,402.2292249776684,False,3,0.30000000000000004,0.7
GLS,GLS in Hannover Laatzen,3,bundled,1,94,139.34872865781722,0.674566613598787,403.1677748261759,False,3,0.30000000000000004,0.7
GLS,GLS in Hannover Laatzen,3,bundled,1,86,56.38950461206911,1.5251064997225268,387.5532480118746,False,3,0.30000000000000004,0.7
GLS,GLS in Hannover Laatzen,4,standalone,1,152,357.6158854957556,0.4250370471918089,738.2453204029204,False,3,0.30000000000000004,0.7
GLS,GLS in Hannover Laatzen,4,bundled,1,119,33.960996603727956,3.504019666694268,297.81297876410895,False,3,0.30000000000000004,0.7
GLS,GLS in Hannover Laatzen,4,bundled,1,113,173.55971997363926,0.6510727259594724,458.7837696926181,False,3,0.30000000000000004,0.7
GLS,GLS in Hannover Laatzen,4,bundled,1,103,59.876286869182046,1.720213550065902,364.47672569834646,False,3,0.30000000000000004,0.7
GLS,GLS in Hannover Laatzen,4,bundled,2,123,104.57587841730401,1.1761794580311875,360.80861853013425,False,3,0.30000000000000004,0.7
GLS,GLS in Hannover Laatzen,4,bundled,2,164,185.05684912483449,0.8862141594628034,597.2687761210758,False,3,0.30000000000000004,0.7
GLS,GLS in Hannover Laatzen,4,bundled,2,157,42.94222471455214,3.6560751345236264,373.69631209752254,False,3,0.30000000000000004,0.7
GLS,GLS in Hannover Laatzen,5,bundled,1,113,125.18180774883541,0.9026870759585373,490.41941423186813,False,3,0.30000000000000004,0.7
GLS,GLS in Hannover Laatzen,5,bundled,1,111,129.47251256919432,0.8573248313280241,375.9999429595042,False,3,0.30000000000000004,0.7
GLS,GLS in Hannover Laatzen,5,bundled,1,84,53.8021301528445,1.5612764729085535,368.05515690900967,False,3,0.30000000000000004,0.7
GLS,GLS in Hannover Laatzen,5,bundled,1,82,102.53407734275534,0.7997341188909016,360.25725169805355,False,3,0.30000000000000004,0.7
Hermes,Hermes LC Hannover Langenhagen,0,standalone,1,158,112.90680951768702,1.3993841529571258,427.1472787900267,False,3,0.30000000000000004,0.7
Hermes,Hermes LC Hannover Langenhagen,0,standalone,1,154,159.38246951696127,0.9662292250002534,547.3618042494849,False,3,0.30000000000000004,0.7
Hermes,Hermes LC Hannover Langenhagen,0,bundled,1,147,101.18549289373648,1.452777426842969,410.7908772874535,False,3,0.30000000000000004,0.7
Hermes,Hermes LC Hannover Langenhagen,0,bundled,1,145,13.714884737746763,10.572454874587757,335.0393684331968,True,3,0.30000000000000004,0.7
Hermes,Hermes LC Hannover Langenhagen,0,bundled,2,213,20.038738692825522,10.62941152460162,439.39852510789643,True,3,0.30000000000000004,0.7
Hermes,Hermes LC Hannover Langenhagen,0,bundled,2,212,27.790884195718,7.628400683727249,448.033522328996,True,3,0.30000000000000004,0.7
Hermes,Hermes LC Hannover Langenhagen,0,bundled,2,244,292.5731921061291,0.8339793480172665,1038.8253577345808,False,3,0.30000000000000004,0.7
Hermes,Hermes LC Hannover Langenhagen,1,standalone,1,188,102.53407734275534,1.8335367603840182,452.1084882321025,False,3,0.30000000000000004,0.7
Hermes,Hermes LC Hannover Langenhagen,1,standalone,1,244,129.47251256919432,1.8845698994958366,751.9687996073536,False,3,0.30000000000000004,0.7
Hermes,Hermes LC Hannover Langenhagen,1,standalone,1,153,159.38246951696127,0.9599550092534985,539.3067538793011,False,3,0.30000000000000004,0.7
Hermes,Hermes LC Hannover Langenhagen,1,bundled,1,138,5.186686836161483,26.60658033908402,298.97492685843144,True,3,0.30000000000000004,0.7
Hermes,Hermes LC Hannover Langenhagen,2,standalone,1,281,357.6158854957556,0.7857592780322257,1077.1254276962854,False,3,0.30000000000000004,0.7
Hermes,Hermes LC Hannover Langenhagen,2,bundled,1,149,153.22446344831192,0.972429575844219,402.5343319347819,False,3,0.30000000000000004,0.7
Hermes,Hermes LC Hannover Langenhagen,2,bundled,1,143,37.755537878390655,3.787523845126993,379.31417556997053,False,3,0.30000000000000004,0.7
Hermes,Hermes LC Hannover Langenhagen,2,bundled,1,124,139.34872865781722,0.8898538307047829,460.2902708300623,False,3,0.30000000000000004,0.7
Hermes,Hermes LC Hannover Langenhagen,2,bundled,1,94,53.82702268136371,1.746334746330772,357.6882270720765,False,3,0.30000000000000004,0.7
Hermes,Hermes LC Hannover Langenhagen,3,standalone,1,210,102.53407734275534,2.0480995727693823,512.1681288053097,False,3,0.30000000000000004,0.7
Hermes,Hermes LC Hannover Langenhagen,3,standalone,1,257,129.47251256919432,1.9849773121738936,748.5368366968584,False,3,0.30000000000000004,0.7
Hermes,Hermes LC Hannover Langenhagen,3,standalone,1,173,112.90680951768702,1.5322370788707769,443.15076766651373,False,3,0.30000000000000004,0.7
Hermes,Hermes LC Hannover Langenhagen,3,standalone,1,158,101.18549289373648,1.5614886628652318,426.1184835676135,False,3,0.30000000000000004,0.7
Hermes,Hermes LC Hannover Langenhagen,3,standalone,1,168,159.38246951696127,1.054068245454822,568.5701638980653,False,3,0.30000000000000004,0.7
Hermes,Hermes LC Hannover Langenhagen,3,bundled,1,142,139.34872865781722,1.0190261609683804,500.12062655266516,False,3,0.30000000000000004,0.7
Hermes,Hermes LC Hannover Langenhagen,3,bundled,2,174,62.13299314353876,2.8004445174245456,511.8040510486395,False,3,0.30000000000000004,0.7
Hermes,Hermes LC Hannover Langenhagen,3,bundled,2,177,18.245999319248725,9.700756692086074,349.1395460526403,True,3,0.30000000000000004,0.7
Hermes,Hermes LC Hannover Langenhagen,4,standalone,1,227,125.18180774883541,1.8133625331202474,571.1653914752924,False,3,0.30000000000000004,0.7
Hermes,Hermes LC Hannover Langenhagen,4,standalone,1,230,357.6158854957556,0.6431481635139213,900.5351644531074,False,3,0.30000000000000004,0.7
Hermes,Hermes LC Hannover Langenhagen,4,bundled,1,143,19.484913733542946,7.339011193764124,339.9125415337486,True,3,0.30000000000000004,0.7
Hermes,Hermes LC Hannover Langenhagen,4,bundled,2,217,226.06563149990308,0.9598982320322009,789.9213708879986,False,3,0.30000000000000004,0.7
Hermes,Hermes LC Hannover Langenhagen,4,bundled,2,207,196.35582033099533,1.0542086282497858,668.72041213835,False,3,0.30000000000000004,0.7
Hermes,Hermes LC Hannover Langenhagen,4,bundled,2,175,9.726474682309549,17.99213031606291,348.20602257042754,True,3,0.30000000000000004,0.7
Hermes,Hermes LC Hannover Langenhagen,4,bundled,2,173,13.619767860461845,12.702125452682537,358.75026545131857,True,3,0.30000000000000004,0.7
Hermes,Hermes LC Hannover Langenhagen,5,standalone,1,168,129.47251256919432,1.297572717685658,543.7569913189399,False,3,0.30000000000000004,0.7
Hermes,Hermes LC Hannover Langenhagen,5,bundled,1,124,102.53407734275534,1.209354033444778,394.63650535377377,False,3,0.30000000000000004,0.7
Hermes,Hermes LC Hannover Langenhagen,5,bundled,1,73,139.34872865781722,0.5238655616245899,376.6810503430038,False,3,0.30000000000000004,0.7
Hermes,Hermes LC Hannover Langenhagen,5,bundled,1,62,53.82702268136371,1.1518378114096581,355.98369015194754,False,3,0.30000000000000004,0.7
UPS,UPS Depot Hannover,0,bundled,1,86,129.47251256919432,0.6642336531009916,418.0994977717378,False,3,0.30000000000000004,0.7
UPS,UPS Depot Hannover,0,bundled,1,72,357.6158854957556,0.20133333814348842,494.0356529008644,False,3,0.30000000000000004,0.7
UPS,UPS Depot Hannover,0,bundled,1,52,112.90680951768702,0.4605568098339908,337.652819492921,False,3,0.30000000000000004,0.7
UPS,UPS Depot Hannover,0,bundled,1,51,102.53407734275534,0.4973956105297071,347.96866309521164,False,3,0.30000000000000004,0.7
UPS,UPS Depot Hannover,0,bundled,1,50,159.38246951696127,0.3137107873377446,394.3017666455064,False,3,0.30000000000000004,0.7
UPS,UPS Depot Hannover,0,bundled,1,49,53.8021301528445,0.9107446091966563,302.81337611132454,False,3,0.30000000000000004,0.7
UPS,UPS Depot Hannover,0,bundled,1,43,12.528872220645557,3.4320726752359203,281.17792183839697,False,3,0.30000000000000004,0.7
UPS,UPS Depot Hannover,0,bundled,1,41,31.832385676522556,1.2879964579669838,326.1930143219729,False,3,0.30000000000000004,0.7
UPS,UPS Depot Hannover,1,bundled,1,81,19.21423828970633,4.215623787875798,311.95841235839634,False,3,0.30000000000000004,0.7
UPS,UPS Depot Hannover,1,bundled,1,44,37.755537878390655,1.165391952346767,340.2549106769054,False,3,0.30000000000000004,0.7
UPS,UPS Depot Hannover,1,bundled,1,42,43.13135688268341,0.9737695040348329,328.3202021185482,False,3,0.30000000000000004,0.7
UPS,UPS Depot Hannover,1,bundled,2,62,240.53422155155369,0.25775958032113755,455.78703433018774,False,3,0.30000000000000004,0.7
UPS,UPS Depot Hannover,2,bundled,1,96,357.6158854957556,0.2684444508579846,517.5958873814203,False,3,0.30000000000000004,0.7
UPS,UPS Depot Hannover,2,bundled,1,70,102.53407734275534,0.682699857589794,354.6677741987112,False,3,0.30000000000000004,0.7
UPS,UPS Depot Hannover,2,bundled,1,69,112.90680951768702,0.6111234592027954,359.8529912848688,False,3,0.30000000000000004,0.7
UPS,UPS Depot Hannover,2,bundled,1,58,159.38246951696127,0.36390451331178375,403.27586685083486,False,3,0.30000000000000004,0.7
UPS,UPS Depot Hannover,2,bundled,1,54,53.8021301528445,1.0036777325840702,311.30391292015565,False,3,0.30000000000000004,0.7
UPS,UPS Depot Hannover,3,bundled,1,93,129.47251256919432,0.7182991830045607,442.0992924020569,False,3,0.30000000000000004,0.7
UPS,UPS Depot Hannover,3,bundled,1,71,173.55971997363926,0.4090810933019694,349.650583150559,False,3,0.30000000000000004,0.7
UPS,UPS Depot Hannover,3,bundled,1,45,37.755537878390655,1.1918781330819208,336.6394480667159,False,3,0.30000000000000004,0.7
UPS,UPS Depot Hannover,3,bundled,1,45,31.832385676522556,1.413654648988153,327.57114720823904,False,3,0.30000000000000004,0.7
UPS,UPS Depot Hannover,3,bundled,1,44,12.528872220645557,3.511888318846058,283.25752968446113,False,3,0.30000000000000004,0.7
UPS,UPS Depot Hannover,3,bundled,1,41,139.34872865781722,0.29422586337819434,345.5639342260013,False,3,0.30000000000000004,0.7
UPS,UPS Depot Hannover,3,bundled,1,33,101.18549289373648,0.32613370806678893,319.5398458874654,False,3,0.30000000000000004,0.7
UPS,UPS Depot Hannover,4,bundled,1,89,125.18180774883541,0.7109659270823878,388.2087727944578,False,3,0.30000000000000004,0.7
UPS,UPS Depot Hannover,4,bundled,1,74,357.6158854957556,0.20692593086969643,478.05869460332036,False,3,0.30000000000000004,0.7
UPS,UPS Depot Hannover,4,bundled,1,52,112.90680951768702,0.4605568098339908,339.01030347665477,False,3,0.30000000000000004,0.7
UPS,UPS Depot Hannover,4,bundled,1,48,102.53407734275534,0.4681370452044302,340.7061087482157,False,3,0.30000000000000004,0.7
UPS,UPS Depot Hannover,4,bundled,1,45,53.8021301528445,0.8363981104867252,304.49259668507995,False,3,0.30000000000000004,0.7
UPS,UPS Depot Hannover,4,bundled,1,45,159.38246951696127,0.2823397086039702,383.9614016053109,False,3,0.30000000000000004,0.7
UPS,UPS Depot Hannover,4,bundled,1,31,101.18549289373648,0.30636802879001385,318.57753228376674,False,3,0.30000000000000004,0.7
UPS,UPS Depot Hannover,4,bundled,1,23,66.6831619829418,0.34491465785446146,330.6484947275423,False,3,0.30000000000000004,0.7
UPS,UPS Depot Hannover,5,bundled,1,44,173.55971997363926,0.25351504373643174,306.2651056079443,False,3,0.30000000000000004,0.7
UPS,UPS Depot Hannover,5,bundled,1,18,139.34872865781722,0.1291723302635975,304.8276967972778,False,3,0.30000000000000004,0.7
Amazon,Amazon Logistics HAJ8 in Garbsen,0,standalone,1,194,3.576189607493106,54.24768295101478,294.4758011085538,True,3,0.4,0.6
Amazon,Amazon Logistics HAJ8 in Garbsen,0,standalone,1,184,8.305970462175056,22.1527395068314,335.3553433224298,True,3,0.4,0.6
Amazon,Amazon Logistics HAJ8 in Garbsen,0,standalone,1,434,173.55971997363926,2.500580204127531,953.2545739529496,False,3,0.4,0.6
Amazon,Amazon Logistics HAJ8 in Garbsen,0,standalone,1,385,112.90680951768702,3.409891765117047,809.520749789687,False,3,0.4,0.6
Amazon,Amazon Logistics HAJ8 in Garbsen,0,standalone,1,375,159.38246951696127,2.3528309050330845,857.5292461014028,False,3,0.4,0.6
Amazon,Amazon Logistics HAJ8 in Garbsen,1,standalone,1,396,19.484913733542946,20.323415613500654,706.3669870959475,True,3,0.4,0.6
Amazon,Amazon Logistics HAJ8 in Garbsen,1,standalone,1,276,139.34872865781722,1.9806423973751617,878.3440557077472,False,3,0.4,0.6
Amazon,Amazon Logistics HAJ8 in Garbsen,2,standalone,1,216,8.305970462175056,26.005389855845554,365.77809628937655,True,3,0.4,0.6
Amazon,Amazon Logistics HAJ8 in Garbsen,2,standalone,1,383,153.22446344831192,2.4996008560290996,784.9635543921286,False,3,0.4,0.6
Amazon,Amazon Logistics HAJ8 in Garbsen,3,standalone,1,409,159.38246951696127,2.566154240422751,886.340687005141,False,3,0.4,0.6
Amazon,Amazon Logistics HAJ8 in Garbsen,4,standalone,1,193,43.13135688268341,4.47470272092197,370.82527838777867,False,3,0.4,0.6
Amazon,Amazon Logistics HAJ8 in Garbsen,4,bundled,1,125,3.3903855235675273,36.86896346480059,316.0628860946966,True,3,0.4,0.6
DPD,DPD Paketzentrum in Lehrte,0,standalone,1,165,5.368928981069905,30.73238639992576,318.20621214969503,True,3,0.4,0.6
DPD,DPD Paketzentrum in Lehrte,0,standalone,1,174,23.77191867081394,7.319560629896868,380.2847979759755,True,3,0.4,0.6
DPD,DPD Paketzentrum in Lehrte,0,standalone,1,159,102.53407734275534,1.550703962239675,514.2017850988934,False,3,0.4,0.6
DPD,DPD Paketzentrum in Lehrte,0,standalone,1,169,59.876286869182046,2.8224863103023052,408.18816924717225,False,3,0.4,0.6
DPD,DPD Paketzentrum in Lehrte,0,bundled,1,143,153.22446344831192,0.9332713378907606,391.00342672639164,False,3,0.4,0.6
DPD,DPD Paketzentrum in Lehrte,0,bundled,1,136,101.18549289373648,1.3440661908207059,347.79911176660266,False,3,0.4,0.6
DPD,DPD Paketzentrum in Lehrte,0,bundled,1,104,139.34872865781722,0.7463290193007855,379.8178510928658,False,3,0.4,0.6
DPD,DPD Paketzentrum in Lehrte,0,bundled,2,174,110.21652729343282,1.5787106006048848,623.1967856161092,False,3,0.4,0.6
DPD,DPD Paketzentrum in Lehrte,0,bundled,2,177,16.125078611757235,10.976690673057833,390.14916179319636,True,3,0.4,0.6
DPD,DPD Paketzentrum in Lehrte,0,bundled,2,178,71.14567088466362,2.501909080154169,452.4460224904212,False,3,0.4,0.6
DPD,DPD Paketzentrum in Lehrte,0,bundled,2,179,53.74204057774344,3.330725779588848,477.0358331182382,False,3,0.4,0.6
DPD,DPD Paketzentrum in Lehrte,1,standalone,1,186,173.55971997363926,1.0716772303403705,673.4250716874124,False,3,0.4,0.6
DPD,DPD Paketzentrum in Lehrte,1,standalone,1,171,53.8021301528445,3.178312819849556,437.62579976475024,False,3,0.4,0.6
DPD,DPD Paketzentrum in Lehrte,1,bundled,1,89,8.86389555258122,10.04073203164975,280.4323718561729,False,3,0.4,0.6
DPD,DPD Paketzentrum in Lehrte,2,standalone,1,188,5.186686836161483,36.24664567933185,355.2847162772597,True,3,0.4,0.6
DPD,DPD Paketzentrum in Lehrte,2,standalone,1,180,12.113461405690837,14.859501671044827,370.5114746678237,True,3,0.4,0.6
DPD,DPD Paketzentrum in Lehrte,2,standalone,1,209,102.53407734275534,2.0383467176609567,593.830103130369,False,3,0.4,0.6
DPD,DPD Paketzentrum in Lehrte,2,standalone,1,202,59.876286869182046,3.3736226904205067,418.20214970028707,False,3,0.4,0.6
DPD,DPD Paketzentrum in Lehrte,2,standalone,1,188,53.8021301528445,3.494285439366763,482.52148387710315,False,3,0.4,0.6
DPD,DPD Paketzentrum in Lehrte,2,standalone,1,163,153.22446344831192,1.063798797735622,403.12587464195826,False,3,0.4,0.6
DPD,DPD Paketzentrum in Lehrte,2,standalone,1,190,112.90680951768702,1.6828037282395816,415.8678422646505,False,3,0.4,0.6
DPD,DPD Paketzentrum in Lehrte,2,standalone,1,157,101.18549289373648,1.5516058232268444,368.4436373427019,False,3,0.4,0.6
DPD,DPD Paketzentrum in Lehrte,2,standalone,1,271,125.18180774883541,2.164851306059855,888.8243032386138,False,3,0.4,0.6
DPD,DPD Paketzentrum in Lehrte,2,bundled,3,296,165.40675345990664,1.7895278990029158,852.0873596398201,False,3,0.4,0.6
DPD,DPD Paketzentrum in Lehrte,2,bundled,3,287,21.649351301357093,13.256748251020776,641.2746612504543,True,3,0.4,0.6
DPD,DPD Paketzentrum in Lehrte,2,bundled,3,282,14.665915731772758,19.22825721608813,629.9173517005325,True,3,0.4,0.6
DPD,DPD Paketzentrum in Lehrte,2,bundled,3,278,163.64154154698892,1.6988351330103644,892.5256912826634,False,3,0.4,0.6
DPD,DPD Paketzentrum in Lehrte,3,standalone,1,191,173.55971997363926,1.1004857580376923,678.2275117223778,False,3,0.4,0.6
DPD,DPD Paketzentrum in Lehrte,3,standalone,1,157,159.38246951696127,0.9850518722405182,570.2233852848691,False,3,0.4,0.6
DPD,DPD Paketzentrum in Lehrte,3,bundled,5,519,93.73272247870838,5.537020437210624,1273.9733308843151,True,3,0.4,0.6
DPD,DPD Paketzentrum in Lehrte,4,standalone,1,155,102.53407734275534,1.5116925418059726,514.3439647019336,False,3,0.4,0.6
DPD,DPD Paketzentrum in Lehrte,4,standalone,1,223,125.18180774883541,1.7814090083075558,708.8374475146712,False,3,0.4,0.6
DPD,DPD Paketzentrum in Lehrte,4,bundled,1,135,153.22446344831192,0.8810603539528159,384.16905203093313,False,3,0.4,0.6
DPD,DPD Paketzentrum in Lehrte,4,bundled,1,124,101.18549289373648,1.2254721151600554,324.2169950993072,False,3,0.4,0.6
DPD,DPD Paketzentrum in Lehrte,4,bundled,1,116,2.603733329707664,44.55141341721964,285.8541870067182,True,3,0.4,0.6
DPD,DPD Paketzentrum in Lehrte,4,bundled,1,106,31.832385676522556,3.3299420620609825,350.4155208713763,False,3,0.4,0.6
DPD,DPD Paketzentrum in Lehrte,4,bundled,2,199,177.1042665362079,1.1236318802027034,695.2737810879647,False,3,0.4,0.6
DPD,DPD Paketzentrum in Lehrte,5,bundled,1,119,173.55971997363926,0.6856429591962585,457.79616007174195,False,3,0.4,0.6
DPD,DPD Paketzentrum in Lehrte,5,bundled,1,117,53.8021301528445,2.1746350872654854,395.78806309822346,False,3,0.4,0.6
DPD,DPD Paketzentrum in Lehrte,5,bundled,1,106,112.90680951768702,0.938827343123135,332.6982884303101,False,3,0.4,0.6
DPD,DPD Paketzentrum in Lehrte,5,bundled,1,100,159.38246951696127,0.6274215746754892,455.56353464939576,False,3,0.4,0.6
FedEx,FedEx Station - Heinz-Peter-Piper Str.,0,bundled,1,72,357.6158854957556,0.20133333814348842,524.1789416210536,False,3,0.4,0.6
FedEx,FedEx Station - Heinz-Peter-Piper Str.,0,bundled,1,58,173.55971997363926,0.33417892128893273,333.68028594436834,False,3,0.4,0.6
FedEx,FedEx Station - Heinz-Peter-Piper Str.,0,bundled,1,40,159.38246951696127,0.2509686298701957,369.99632385126495,False,3,0.4,0.6
FedEx,FedEx Station - Heinz-Peter-Piper Str.,0,bundled,1,27,101.18549289373648,0.2668366702364637,326.638504964478,False,3,0.4,0.6
FedEx,FedEx Station - Heinz-Peter-Piper Str.,0,bundled,1,21,6.967819653017212,3.0138552726327466,286.0257747438849,False,3,0.4,0.6
FedEx,FedEx Station - Heinz-Peter-Piper Str.,1,bundled,1,105,67.00018830712914,1.5671597745170442,320.07167388133666,False,3,0.4,0.6
FedEx,FedEx Station - Heinz-Peter-Piper Str.,1,bundled,1,98,125.18180774883541,0.7828613579109438,405.9855377159208,False,3,0.4,0.6
FedEx,FedEx Station - Heinz-Peter-Piper Str.,1,bundled,1,49,112.90680951768702,0.4339862246512605,351.3736609067165,False,3,0.4,0.6
FedEx,FedEx Station - Heinz-Peter-Piper Str.,1,bundled,1,48,102.53407734275534,0.4681370452044302,334.78770836515224,False,3,0.4,0.6
FedEx,FedEx Station - Heinz-Peter-Piper Str.,2,bundled,1,90,357.6158854957556,0.25166667267936055,500.0515437865197,False,3,0.4,0.6
FedEx,FedEx Station - Heinz-Peter-Piper Str.,2,bundled,1,74,173.55971997363926,0.42636620992036245,358.4493960731052,False,3,0.4,0.6
FedEx,FedEx Station - Heinz-Peter-Piper Str.,2,bundled,1,53,53.8021301528445,0.9850911079065874,316.2379779289314,False,3,0.4,0.6
FedEx,FedEx Station - Heinz-Peter-Piper Str.,2,bundled,1,46,159.38246951696127,0.288613924350725,372.7751413125701,False,3,0.4,0.6
FedEx,FedEx Station - Heinz-Peter-Piper Str.,3,bundled,1,63,9.157258958740023,6.879787967541367,318.15051305052197,False,3,0.4,0.6
FedEx,FedEx Station - Heinz-Peter-Piper Str.,3,bundled,2,82,169.21723932569714,0.4845841967801656,472.299838539418,False,3,0.4,0.6
FedEx,FedEx Station - Heinz-Peter-Piper Str.,3,bundled,2,85,118.97579916652853,0.7144310069397126,432.61794200810596,False,3,0.4,0.6
FedEx,FedEx Station - Heinz-Peter-Piper Str.,4,bundled,1,85,125.18180774883541,0.6790124022696962,386.46311404871653,False,3,0.4,0.6
FedEx,FedEx Station - Heinz-Peter-Piper Str.,4,bundled,1,74,129.47251256919432,0.5715498875520161,414.14204457966576,False,3,0.4,0.6
FedEx,FedEx Station - Heinz-Peter-Piper Str.,4,bundled,1,74,357.6158854957556,0.20692593086969643,488.81693041023516,False,3,0.4,0.6
FedEx,FedEx Station - Heinz-Peter-Piper Str.,4,bundled,1,55,173.55971997363926,0.3168938046705397,329.04056991460516,False,3,0.4,0.6
FedEx,FedEx Station - Heinz-Peter-Piper Str.,4,bundled,1,33,37.755537878390655,0.8740439642600752,328.96969372661715,False,3,0.4,0.6
FedEx,FedEx Station - Heinz-Peter-Piper Str.,4,bundled,1,31,43.13135688268341,0.7187346339304719,318.86400288892037,False,3,0.4,0.6
FedEx,FedEx Station - Heinz-Peter-Piper Str.,4,bundled,1,28,12.528872220645557,2.234838021083855,285.7149598844372,False,3,0.4,0.6
FedEx,FedEx Station - Heinz-Peter-Piper Str.,4,bundled,1,27,53.82702268136371,0.5016067888396898,332.48775134819334,False,3,0.4,0.6
FedEx,FedEx Station - Heinz-Peter-Piper Str.,4,bundled,1,26,101.18549289373648,0.25695383059807614,326.2251748222111,False,3,0.4,0.6
FedEx,FedEx Station - Heinz-Peter-Piper Str.,4,bundled,1,21,139.34872865781722,0.1507010519741971,321.5277654674477,False,3,0.4,0.6
FedEx,FedEx Station - Heinz-Peter-Piper Str.,5,bundled,1,32,102.53407734275534,0.31209136346962013,326.78835526114216,False,3,0.4,0.6
FedEx,FedEx Station - Heinz-Peter-Piper Str.,5,bundled,1,28,159.38246951696127,0.175678040909137,334.70357905778485,False,3,0.4,0.6
FedEx,FedEx Station - Heinz-Peter-Piper Str.,5,bundled,1,19,6.068989648841514,3.1306693699217027,297.3252800448007,False,3,0.4,0.6
FedEx,FedEx Station - Heinz-Peter-Piper Str.,5,bundled,1,15,66.6831619829418,0.22494434207899658,329.0420012421376,False,3,0.4,0.6
GLS,GLS in Hannover Laatzen,0,standalone,1,177,6.17992293720077,28.641133845622537,342.34362583010545,True,3,0.4,0.6
GLS,GLS in Hannover Laatzen,0,standalone,1,204,129.47251256919432,1.5756240143325848,585.8754978563757,False,3,0.4,0.6
GLS,GLS in Hannover Laatzen,0,standalone,1,215,125.18180774883541,1.7175019586821727,687.2593377386861,False,3,0.4,0.6
GLS,GLS in Hannover Laatzen,0,standalone,1,206,357.6158854957556,0.5760370507994252,1053.4776462448635,False,3,0.4,0.6
GLS,GLS in Hannover Laatzen,0,bundled,1,138,112.90680951768702,1.2222469184055909,419.7259070135093,False,3,0.4,0.6
GLS,GLS in Hannover Laatzen,0,bundled,1,132,101.18549289373648,1.3045348322671557,357.61490854866423,False,3,0.4,0.6
GLS,GLS in Hannover Laatzen,0,bundled,1,120,153.22446344831192,0.7831647590691697,406.9076691877188,False,3,0.4,0.6
GLS,GLS in Hannover Laatzen,0,bundled,2,190,36.29489457824438,5.234896042758818,400.27009848761804,True,3,0.4,0.6
GLS,GLS in Hannover Laatzen,0,bundled,2,186,10.955243297019212,16.978171543721746,376.81720932910974,True,3,0.4,0.6
GLS,GLS in Hannover Laatzen,1,standalone,1,181,23.77191867081394,7.614025712708811,381.07120744731367,True,3,0.4,0.6
GLS,GLS in Hannover Laatzen,1,standalone,1,167,102.53407734275534,1.62872680310708,472.9119162013278,False,3,0.4,0.6
GLS,GLS in Hannover Laatzen,1,standalone,1,166,173.55971997363926,0.9564431195510833,646.2381041611236,False,3,0.4,0.6
GLS,GLS in Hannover Laatzen,1,standalone,1,163,53.8021301528445,3.0296198224296935,421.7344347315149,False,3,0.4,0.6
GLS,GLS in Hannover Laatzen,1,bundled,1,105,139.34872865781722,0.7535052598709855,428.69622058447453,False,3,0.4,0.6
GLS,GLS in Hannover Laatzen,1,bundled,1,100,56.38950461206911,1.7733796508401474,410.21728109161313,False,3,0.4,0.6
GLS,GLS in Hannover Laatzen,1,bundled,1,82,66.6831619829418,1.2296957366985146,313.5307431540862,False,3,0.4,0.6
GLS,GLS in Hannover Laatzen,2,standalone,1,380,58.08159729436245,6.542519794593937,759.8813351285064,True,3,0.4,0.6
GLS,GLS in Hannover Laatzen,2,standalone,1,181,33.960996603727956,5.3296433585853995,352.12512784492685,True,3,0.4,0.6
GLS,GLS in Hannover Laatzen,2,standalone,1,153,101.18549289373648,1.5120744646732942,393.5357287869974,False,3,0.4,0.6
GLS,GLS in Hannover Laatzen,2,bundled,3,328,164.24446607133717,1.9970231438880748,927.916294277742,False,3,0.4,0.6
GLS,GLS in Hannover Laatzen,2,bundled,4,418,59.79655012818972,6.990369830766264,881.6481390656534,True,3,0.4,0.6
GLS,GLS in Hannover Laatzen,2,bundled,4,401,45.817908151057935,8.752036401966137,691.408527954311,True,3,0.4,0.6
GLS,GLS in Hannover Laatzen,3,standalone,1,189,102.53407734275534,1.843289615492444,489.0456113763595,False,3,0.4,0.6
GLS,GLS in Hannover Laatzen,3,standalone,1,175,173.55971997363926,1.0082984694062624,655.8882854278202,False,3,0.4,0.6
GLS,GLS in Hannover Laatzen,3,standalone,1,175,53.8021301528445,3.2526593185594868,423.6603462770777,False,3,0.4,0.6
GLS,GLS in Hannover Laatzen,3,standalone,1,231,129.47251256919432,1.78416248681778,708.0987461469405,False,3,0.4,0.6
GLS,GLS in Hannover Laatzen,3,standalone,1,160,112.90680951768702,1.4170978764122792,466.13317979499175,False,3,0.4,0.6
GLS,GLS in Hannover Laatzen,3,standalone,1,234,125.18180774883541,1.8692812015424578,851.2643103420531,False,3,0.4,0.6
GLS,GLS in Hannover Laatzen,3,bundled,2,239,39.55352221666985,6.04244544116158,610.0924260845436,True,3,0.4,0.6
GLS,GLS in Hannover Laatzen,3,bundled,2,239,171.18111433433978,1.396182055067131,914.5758124958588,False,3,0.4,0.6
GLS,GLS in Hannover Laatzen,3,bundled,2,230,68.91837683271467,3.337281151561044,638.806749688974,False,3,0.4,0.6
GLS,GLS in Hannover Laatzen,4,standalone,1,203,357.6158854957556,0.5676481617101132,992.8222664016145,False,3,0.4,0.6
GLS,GLS in Hannover Laatzen,4,bundled,1,129,19.484913733542946,6.620506601367636,311.4190782053616,True,3,0.4,0.6
GLS,GLS in Hannover Laatzen,4,bundled,1,123,5.368928981069905,22.90959713449011,292.37925564567223,True,3,0.4,0.6
GLS,GLS in Hannover Laatzen,4,bundled,1,122,159.38246951696127,0.7654543211040968,422.02409559611976,False,3,0.4,0.6
GLS,GLS in Hannover Laatzen,4,bundled,2,229,106.37217972989797,2.152818533769644,640.3726354435556,False,3,0.4,0.6
GLS,GLS in Hannover Laatzen,4,bundled,2,235,166.93934818605868,1.4076968824514984,887.9281032467904,False,3,0.4,0.6
GLS,GLS in Hannover Laatzen,5,bundled,1,115,173.55971997363926,0.6625961370384011,481.2117639473613,False,3,0.4,0.6
GLS,GLS in Hannover Laatzen,5,bundled,1,112,53.8021301528445,2.0817019638780714,395.6665765305438,False,3,0.4,0.6
GLS,GLS in Hannover Laatzen,5,bundled,1,110,102.53407734275534,1.0728140619268192,403.87868976037413,False,3,0.4,0.6
GLS,GLS in Hannover Laatzen,5,bundled,1,103,59.876286869182046,1.720213550065902,368.48306030109273,False,3,0.4,0.6
GLS,GLS in Hannover Laatzen,5,bundled,1,76,37.755537878390655,2.0129497358716884,336.70896802920123,False,3,0.4,0.6
GLS,GLS in Hannover Laatzen,5,bundled,1,70,56.38950461206911,1.2413657555881032,382.5099737937046,False,3,0.4,0.6
GLS,GLS in Hannover Laatzen,5,bundled,1,64,139.34872865781722,0.45927939649279115,363.47188472524743,False,3,0.4,0.6
Hermes,Hermes LC Hannover Langenhagen,0,standalone,1,214,59.876286869182046,3.5740359195543983,447.05899079299115,False,3,0.4,0.6
Hermes,Hermes LC Hannover Langenhagen,0,standalone,1,179,153.22446344831192,1.1682207656115113,428.6068543264897,False,3,0.4,0.6
Hermes,Hermes LC Hannover Langenhagen,0,standalone,1,210,112.90680951768702,1.8599409627911165,556.1725763548238,False,3,0.4,0.6
Hermes,Hermes LC Hannover Langenhagen,0,standalone,1,196,101.18549289373648,1.9370365691239586,502.36934843491645,False,3,0.4,0.6
Hermes,Hermes LC Hannover Langenhagen,0,standalone,1,206,159.38246951696127,1.2924884438315078,674.7895237258973,False,3,0.4,0.6
Hermes,Hermes LC Hannover Langenhagen,0,bundled,3,314,69.18938168477283,4.5382686237981655,776.8623935414525,False,3,0.4,0.6
Hermes,Hermes LC Hannover Langenhagen,0,bundled,3,316,61.525118760119256,5.1361136129140155,735.7049180750381,True,3,0.4,0.6
Hermes,Hermes LC Hannover Langenhagen,1,standalone,1,184,5.186686836161483,35.475440452112025,324.68001265801996,True,3,0.4,0.6
Hermes,Hermes LC Hannover Langenhagen,1,standalone,1,196,13.714884737746763,14.2910424511669,377.73768826757134,True,3,0.4,0.6
Hermes,Hermes LC Hannover Langenhagen,1,standalone,1,326,129.47251256919432,2.5179089640805032,789.9445409861385,False,3,0.4,0.6
Hermes,Hermes LC Hannover Langenhagen,1,standalone,1,153,139.34872865781722,1.0979648072405788,542.589191522566,False,3,0.4,0.6
Hermes,Hermes LC Hannover Langenhagen,1,bundled,2,226,51.43732734485847,4.393696400374704,500.1369499689022,False,3,0.4,0.6
Hermes,Hermes LC Hannover Langenhagen,2,standalone,1,198,153.22446344831192,1.29222185246413,466.577973931196,False,3,0.4,0.6
Hermes,Hermes LC Hannover Langenhagen,2,standalone,1,374,357.6158854957556,1.0458148398008982,1232.9137911036191,False,3,0.4,0.6
Hermes,Hermes LC Hannover Langenhagen,3,standalone,1,280,102.53407734275534,2.730799430359176,691.238168627388,False,3,0.4,0.6
Hermes,Hermes LC Hannover Langenhagen,3,standalone,1,189,37.755537878390655,5.005888158944067,405.7555708749248,True,3,0.4,0.6
Hermes,Hermes LC Hannover Langenhagen,3,standalone,1,343,129.47251256919432,2.6492109652748854,792.972635531627,False,3,0.4,0.6
Hermes,Hermes LC Hannover Langenhagen,3,standalone,1,189,139.34872865781722,1.3563094677677738,561.3406528183058,False,3,0.4,0.6
Hermes,Hermes LC Hannover Langenhagen,3,bundled,3,359,19.086311169089345,18.80929200092931,586.6912861767636,True,3,0.4,0.6
Hermes,Hermes LC Hannover Langenhagen,3,bundled,3,351,68.20198279238028,5.146477941389334,758.667661205742,True,3,0.4,0.6
Hermes,Hermes LC Hannover Langenhagen,3,bundled,3,358,124.48432857738084,2.8758640070702817,866.9067087494763,False,3,0.4,0.6
Hermes,Hermes LC Hannover Langenhagen,4,standalone,1,191,19.484913733542946,9.802455510552083,377.1107557642839,True,3,0.4,0.6
Hermes,Hermes LC Hannover Langenhagen,4,standalone,1,196,112.90680951768702,1.735944898605042,491.43940491739716,False,3,0.4,0.6
Hermes,Hermes LC Hannover Langenhagen,4,standalone,1,184,101.18549289373648,1.818442493463308,469.0833953586532,False,3,0.4,0.6
Hermes,Hermes LC Hannover Langenhagen,4,standalone,1,188,159.38246951696127,1.1795525603899197,606.0809125793452,False,3,0.4,0.6
Hermes,Hermes LC Hannover Langenhagen,4,bundled,4,463,23.346242542771396,19.83188511606365,853.2510213972413,True,3,0.4,0.6
Hermes,Hermes LC Hannover Langenhagen,5,standalone,1,165,102.53407734275534,1.6092210928902289,448.32014529646517,False,3,0.4,0.6
Hermes,Hermes LC Hannover Langenhagen,5,bundled,1,97,139.34872865781722,0.6960953353093865,417.6892709819974,False,3,0.4,0.6
Hermes,Hermes LC Hannover Langenhagen,5,bundled,1,78,66.6831619829418,1.1697105788107822,360.54556351446627,False,3,0.4,0.6
UPS,UPS Depot Hannover,0,bundled,1,115,129.47251256919432,0.8882194198443493,483.1591692196588,False,3,0.4,0.6
UPS,UPS Depot Hannover,0,bundled,1,95,357.6158854957556,0.26564815449488055,616.3629967530865,False,3,0.4,0.6
UPS,UPS Depot Hannover,0,bundled,1,70,112.90680951768702,0.6199803209303721,362.05280607366205,False,3,0.4,0.6
UPS,UPS Depot Hannover,0,bundled,1,69,102.53407734275534,0.6729470024813684,373.34515201677635,False,3,0.4,0.6
UPS,UPS Depot Hannover,0,bundled,1,66,159.38246951696127,0.4140982392858229,431.3759215057982,False,3,0.4,0.6
UPS,UPS Depot Hannover,0,bundled,1,58,12.528872220645557,4.629307329387985,296.10329727764633,False,3,0.4,0.6
UPS,UPS Depot Hannover,0,bundled,1,54,31.832385676522556,1.6963855787857836,328.6081665074991,False,3,0.4,0.6
UPS,UPS Depot Hannover,0,bundled,1,52,37.755537878390655,1.3772813982279974,348.0040963043999,False,3,0.4,0.6
UPS,UPS Depot Hannover,1,bundled,2,159,113.43977396988522,1.4016247955695822,504.5588570995096,False,3,0.4,0.6
UPS,UPS Depot Hannover,1,bundled,2,164,62.34559517238974,2.6304985868934128,465.31181705885444,False,3,0.4,0.6
UPS,UPS Depot Hannover,2,bundled,1,128,357.6158854957556,0.35792593447731275,708.0193352361655,False,3,0.4,0.6
UPS,UPS Depot Hannover,2,bundled,1,94,102.53407734275534,0.9167683801920091,384.4603646003277,False,3,0.4,0.6
UPS,UPS Depot Hannover,2,bundled,1,93,112.90680951768702,0.8236881406646374,379.599065688952,False,3,0.4,0.6
UPS,UPS Depot Hannover,2,bundled,1,78,159.38246951696127,0.4893888282468816,458.60485962862987,False,3,0.4,0.6
UPS,UPS Depot Hannover,2,bundled,1,64,12.528872220645557,5.108201191048812,302.1341157726284,False,3,0.4,0.6
UPS,UPS Depot Hannover,2,bundled,1,61,37.755537878390655,1.6156570248443816,345.5583036488681,False,3,0.4,0.6
UPS,UPS Depot Hannover,2,bundled,1,49,139.34872865781722,0.3516357879397932,361.5537274455335,False,3,0.4,0.6
UPS,UPS Depot Hannover,3,bundled,1,95,173.55971997363926,0.5473620262491139,380.91069199782237,False,3,0.4,0.6
UPS,UPS Depot Hannover,3,bundled,1,60,31.832385676522556,1.8848728653175373,341.18203523018485,False,3,0.4,0.6
UPS,UPS Depot Hannover,3,bundled,1,44,101.18549289373648,0.43484494408905194,334.89091112728175,False,3,0.4,0.6
UPS,UPS Depot Hannover,4,bundled,1,111,129.47251256919432,0.8573248313280241,467.65669212576177,False,3,0.4,0.6
UPS,UPS Depot Hannover,4,bundled,1,99,357.6158854957556,0.2768333399472966,576.8087823122239,False,3,0.4,0.6
UPS,UPS Depot Hannover,4,bundled,1,70,112.90680951768702,0.6199803209303721,365.2411877074055,False,3,0.4,0.6
UPS,UPS Depot Hannover,4,bundled,1,64,102.53407734275534,0.6241827269392403,356.945831912311,False,3,0.4,0.6
UPS,UPS Depot Hannover,4,bundled,1,61,159.38246951696127,0.3827271605520484,417.84934384978635,False,3,0.4,0.6
UPS,UPS Depot Hannover,4,bundled,1,60,53.8021301528445,1.1151974806489668,325.7581071337823,False,3,0.4,0.6
UPS,UPS Depot Hannover,4,bundled,1,41,101.18549289373648,0.40519642517388926,324.3810149514619,False,3,0.4,0.6
UPS,UPS Depot Hannover,4,bundled,1,35,139.34872865781722,0.2511684199569951,329.35629724064455,False,3,0.4,0.6
UPS,UPS Depot Hannover,4,bundled,1,30,66.6831619829418,0.44988868415799316,342.6960630394717,False,3,0.4,0.6
UPS,UPS Depot Hannover,5,bundled,1,59,173.55971997363926,0.3399406268283971,333.1430896441473,False,3,0.4,0.6
UPS,UPS Depot Hannover,5,bundled,1,24,139.34872865781722,0.17222977368479667,316.4894486044168,False,3,0.4,0.6
Amazon,Amazon Logistics HAJ8 in Garbsen,1,standalone,1,345,139.34872865781722,2.475802996718952,1054.6753074662995,False,3,0.5,0.5
Amazon,Amazon Logistics HAJ8 in Garbsen,4,standalone,1,157,3.3903855235675273,46.307418111789545,325.4426091969915,True,3,0.5,0.5
DPD,DPD Paketzentrum in Lehrte,0,standalone,1,198,102.53407734275534,1.9310653114682745,566.1880297798225,False,3,0.5,0.5
DPD,DPD Paketzentrum in Lehrte,0,standalone,1,179,153.22446344831192,1.1682207656115113,434.12893406792705,False,3,0.5,0.5
DPD,DPD Paketzentrum in Lehrte,0,bundled,2,247,47.90681859080925,5.155842263493282,671.8228655960877,True,3,0.5,0.5
DPD,DPD Paketzentrum in Lehrte,0,bundled,3,342,156.92723200589447,2.1793540587471387,960.4503538127848,False,3,0.5,0.5
DPD,DPD Paketzentrum in Lehrte,0,bundled,3,349,127.53517549673273,2.7364999392574707,932.2751276126936,False,3,0.5,0.5
DPD,DPD Paketzentrum in Lehrte,0,bundled,2,250,28.371497248446353,8.811660442548206,618.0809157505959,True,3,0.5,0.5
DPD,DPD Paketzentrum in Lehrte,1,standalone,1,218,102.53407734275534,2.126122413636787,657.0412932182618,False,3,0.5,0.5
DPD,DPD Paketzentrum in Lehrte,1,standalone,1,214,53.8021301528445,3.977537680981315,575.9021560205629,False,3,0.5,0.5
DPD,DPD Paketzentrum in Lehrte,1,standalone,1,171,101.18549289373648,1.68996557816427,387.8879056338981,False,3,0.5,0.5
DPD,DPD Paketzentrum in Lehrte,1,standalone,1,179,159.38246951696127,1.1230846186691257,576.8189910704677,False,3,0.5,0.5
DPD,DPD Paketzentrum in Lehrte,1,bundled,3,336,71.40229789420293,4.705730906557833,881.6458315131081,False,3,0.5,0.5
DPD,DPD Paketzentrum in Lehrte,2,standalone,1,261,173.55971997363926,1.5038051458001973,870.4596727946252,False,3,0.5,0.5
DPD,DPD Paketzentrum in Lehrte,2,standalone,1,338,125.18180774883541,2.700072846672439,1078.790289877806,False,3,0.5,0.5
DPD,DPD Paketzentrum in Lehrte,2,bundled,5,599,70.8642409444072,8.452782278016834,1179.1777865382855,True,3,0.5,0.5
DPD,DPD Paketzentrum in Lehrte,2,bundled,6,703,105.7860786581591,6.64548690070741,1562.810561794413,True,3,0.5,0.5
DPD,DPD Paketzentrum in Lehrte,3,standalone,1,223,53.8021301528445,4.144817303078661,599.8546158610186,False,3,0.5,0.5
DPD,DPD Paketzentrum in Lehrte,3,standalone,1,212,112.90680951768702,1.87765468624627,490.0489040700811,False,3,0.5,0.5
DPD,DPD Paketzentrum in Lehrte,3,standalone,1,162,139.34872865781722,1.1625509723723775,462.194186003858,False,3,0.5,0.5
DPD,DPD Paketzentrum in Lehrte,3,standalone,1,197,159.38246951696127,1.2360205021107138,634.3309260369691,False,3,0.5,0.5
DPD,DPD Paketzentrum in Lehrte,3,bundled,5,653,97.466853192895,6.699713580653504,1407.3458277148113,True,3,0.5,0.5
DPD,DPD Paketzentrum in Lehrte,3,bundled,4,540,79.03360493919298,6.832536620535861,1292.9442954564524,True,3,0.5,0.5
DPD,DPD Paketzentrum in Lehrte,4,standalone,1,194,102.53407734275534,1.892053891034572,557.5720864400512,False,3,0.5,0.5
DPD,DPD Paketzentrum in Lehrte,4,standalone,1,169,153.22446344831192,1.1029570356890805,423.36193655151385,False,3,0.5,0.5
DPD,DPD Paketzentrum in Lehrte,4,standalone,1,156,101.18549289373648,1.5417229835884567,373.6936906752073,False,3,0.5,0.5
DPD,DPD Paketzentrum in Lehrte,4,bundled,3,405,72.19165688462087,5.610066557237834,758.9414801572323,True,3,0.5,0.5
DPD,DPD Paketzentrum in Lehrte,5,standalone,1,154,59.876286869182046,2.5719697738849407,405.8829462143137,False,3,0.5,0.5
DPD,DPD Paketzentrum in Lehrte,5,standalone,1,208,125.18180774883541,1.6615832902599623,715.3607265583053,False,3,0.5,0.5
DPD,DPD Paketzentrum in Lehrte,5,bundled,1,149,173.55971997363926,0.8584941253801892,534.4263903301309,False,3,0.5,0.5
DPD,DPD Paketzentrum in Lehrte,5,bundled,1,146,53.8021301528445,2.7136472029124863,439.5138488242943,False,3,0.5,0.5
DPD,DPD Paketzentrum in Lehrte,5,bundled,1,125,159.38246951696127,0.7842769683443616,502.41170308482515,False,3,0.5,0.5
FedEx,FedEx Station - Heinz-Peter-Piper Str.,0,bundled,1,149,153.22446344831192,0.972429575844219,371.5345848274244,False,3,0.5,0.5
FedEx,FedEx Station - Heinz-Peter-Piper Str.,0,bundled,1,90,357.6158854957556,0.25166667267936055,594.3130174153391,False,3,0.5,0.5
FedEx,FedEx Station - Heinz-Peter-Piper Str.,0,bundled,1,71,9.157258958740023,7.753411836435509,336.3448563657598,False,3,0.5,0.5
FedEx,FedEx Station - Heinz-Peter-Piper Str.,0,bundled,1,58,102.53407734275534,0.5656655962886865,353.20067136221854,False,3,0.5,0.5
FedEx,FedEx Station - Heinz-Peter-Piper Str.,0,bundled,1,50,159.38246951696127,0.3137107873377446,387.93049249250316,False,3,0.5,0.5
FedEx,FedEx Station - Heinz-Peter-Piper Str.,0,bundled,1,34,101.18549289373648,0.33601654770517647,329.61697979642736,False,3,0.5,0.5
FedEx,FedEx Station - Heinz-Peter-Piper Str.,1,bundled,1,76,173.55971997363926,0.4378896209992912,380.1276764612131,False,3,0.5,0.5
FedEx,FedEx Station - Heinz-Peter-Piper Str.,1,bundled,1,61,112.90680951768702,0.5402685653821815,380.3581857703326,False,3,0.5,0.5
FedEx,FedEx Station - Heinz-Peter-Piper Str.,2,bundled,1,112,357.6158854957556,0.31318519266764866,677.2437115412083,False,3,0.5,0.5
FedEx,FedEx Station - Heinz-Peter-Piper Str.,2,bundled,1,78,102.53407734275534,0.7607226984571991,376.22989600940946,False,3,0.5,0.5
FedEx,FedEx Station - Heinz-Peter-Piper Str.,2,bundled,1,66,53.8021301528445,1.2267172287138637,330.3077672177451,False,3,0.5,0.5
FedEx,FedEx Station - Heinz-Peter-Piper Str.,2,bundled,1,58,159.38246951696127,0.36390451331178375,394.96417779810673,False,3,0.5,0.5
FedEx,FedEx Station - Heinz-Peter-Piper Str.,3,standalone,1,159,153.22446344831192,1.0376933057666498,375.9150558138301,False,3,0.5,0.5
FedEx,FedEx Station - Heinz-Peter-Piper Str.,3,bundled,1,104,357.6158854957556,0.2908148217628166,663.4398349596347,False,3,0.5,0.5
FedEx,FedEx Station - Heinz-Peter-Piper Str.,3,bundled,1,80,173.55971997363926,0.4609364431571486,368.8513046300095,False,3,0.5,0.5
FedEx,FedEx Station - Heinz-Peter-Piper Str.,3,bundled,1,78,9.157258958740023,8.517832721717884,334.75161689599133,False,3,0.5,0.5
FedEx,FedEx Station - Heinz-Peter-Piper Str.,3,bundled,1,68,112.90680951768702,0.6022665974752187,384.50259277624747,False,3,0.5,0.5
FedEx,FedEx Station - Heinz-Peter-Piper Str.,3,bundled,1,30,66.6831619829418,0.44988868415799316,344.711692342989,False,3,0.5,0.5
FedEx,FedEx Station - Heinz-Peter-Piper Str.,4,bundled,1,53,102.53407734275534,0.5169013207465584,348.56609306581095,False,3,0.5,0.5
FedEx,FedEx Station - Heinz-Peter-Piper Str.,4,bundled,1,41,37.755537878390655,1.0859334101413056,339.2330954531272,False,3,0.5,0.5
FedEx,FedEx Station - Heinz-Peter-Piper Str.,4,bundled,2,65,182.48008554050062,0.35620325257669583,443.1788493897261,False,3,0.5,0.5
FedEx,FedEx Station - Heinz-Peter-Piper Str.,4,bundled,2,68,113.71436511438203,0.597989532207305,437.869853786891,False,3,0.5,0.5
FedEx,FedEx Station - Heinz-Peter-Piper Str.,4,bundled,2,65,59.896012330205224,1.0852141481749507,354.5157681892686,False,3,0.5,0.5
FedEx,FedEx Station - Heinz-Peter-Piper Str.,5,bundled,1,54,173.55971997363926,0.3111320991310753,340.92757909024533,False,3,0.5,0.5
FedEx,FedEx Station - Heinz-Peter-Piper Str.,5,bundled,1,34,159.38246951696127,0.21332333538966633,340.07096018981093,False,3,0.5,0.5
FedEx,FedEx Station - Heinz-Peter-Piper Str.,5,bundled,1,18,66.6831619829418,0.2699332104947959,332.29468670434073,False,3,0.5,0.5
GLS,GLS in Hannover Laatzen,0,standalone,1,194,102.53407734275534,1.892053891034572,537.6783889178043,False,3,0.5,0.5
GLS,GLS in Hannover Laatzen,0,standalone,1,254,129.47251256919432,1.9618063707866498,734.3538609083552,False,3,0.5,0.5
GLS,GLS in Hannover Laatzen,0,standalone,1,172,112.90680951768702,1.5233802171432003,471.40494076909465,False,3,0.5,0.5
GLS,GLS in Hannover Laatzen,0,standalone,1,268,125.18180774883541,2.1408861624503364,927.8725233932105,False,3,0.5,0.5
GLS,GLS in Hannover Laatzen,0,standalone,1,257,357.6158854957556,0.7186481653177295,1314.1978135959748,False,3,0.5,0.5
GLS,GLS in Hannover Laatzen,0,bundled,2,251,46.91279683713068,5.350352503420512,605.8640619174687,True,3,0.5,0.5
GLS,GLS in Hannover Laatzen,0,bundled,2,246,88.22189028859167,2.788423589602129,781.9621408917071,False,3,0.5,0.5
GLS,GLS in Hannover Laatzen,0,bundled,3,354,145.60922189781823,2.431164698128946,958.7018038712471,False,3,0.5,0.5
GLS,GLS in Hannover Laatzen,1,standalone,1,226,33.960996603727956,6.654692812377349,399.80143710125515,True,3,0.5,0.5
GLS,GLS in Hannover Laatzen,1,standalone,1,208,173.55971997363926,1.1984347522085863,766.4659803648949,False,3,0.5,0.5
GLS,GLS in Hannover Laatzen,1,standalone,1,203,53.8021301528445,3.7730848095290046,495.19689960309915,False,3,0.5,0.5
GLS,GLS in Hannover Laatzen,1,standalone,1,158,153.22446344831192,1.0311669327744066,471.771362542945,False,3,0.5,0.5
GLS,GLS in Hannover Laatzen,1,bundled,1,104,6.068989648841514,17.136295498518795,283.61327997351736,True,3,0.5,0.5
GLS,GLS in Hannover Laatzen,2,standalone,1,245,102.53407734275534,2.3894495015642794,711.3750290996388,False,3,0.5,0.5
GLS,GLS in Hannover Laatzen,2,standalone,1,216,112.90680951768702,1.913082133156577,585.252449442934,False,3,0.5,0.5
GLS,GLS in Hannover Laatzen,2,standalone,1,192,101.18549289373648,1.8975052105704084,427.66431261704065,False,3,0.5,0.5
GLS,GLS in Hannover Laatzen,2,bundled,4,512,90.6769354985573,5.646419314734628,1232.5898736299723,True,3,0.5,0.5
GLS,GLS in Hannover Laatzen,2,bundled,5,622,38.52250248855253,16.146406900352215,1042.8845839895166,True,3,0.5,0.5
GLS,GLS in Hannover Laatzen,3,standalone,1,226,33.960996603727956,6.654692812377349,397.7320781901277,True,3,0.5,0.5
GLS,GLS in Hannover Laatzen,3,standalone,1,164,153.22446344831192,1.0703251707278651,508.0113671750087,False,3,0.5,0.5
GLS,GLS in Hannover Laatzen,3,standalone,1,159,37.755537878390655,4.211302736889453,376.05574092409086,False,3,0.5,0.5
GLS,GLS in Hannover Laatzen,3,standalone,1,288,129.47251256919432,2.224410373175414,755.8804509160723,False,3,0.5,0.5
GLS,GLS in Hannover Laatzen,3,standalone,1,156,139.34872865781722,1.1194935289511783,534.8954995439562,False,3,0.5,0.5
GLS,GLS in Hannover Laatzen,3,standalone,1,292,125.18180774883541,2.332607311326486,946.8236780238028,False,3,0.5,0.5
GLS,GLS in Hannover Laatzen,3,standalone,1,292,357.6158854957556,0.8165185380263698,1290.7213624908277,False,3,0.5,0.5
GLS,GLS in Hannover Laatzen,3,bundled,3,428,46.15924223544731,9.27224926737042,807.8444884098899,True,3,0.5,0.5
GLS,GLS in Hannover Laatzen,4,standalone,1,154,5.368928981069905,28.683560639930707,316.00067875295963,True,3,0.5,0.5
GLS,GLS in Hannover Laatzen,4,standalone,1,162,19.484913733542946,8.314124569159357,350.5344979240217,True,3,0.5,0.5
GLS,GLS in Hannover Laatzen,4,standalone,1,188,102.53407734275534,1.8335367603840182,500.7077083346304,False,3,0.5,0.5
GLS,GLS in Hannover Laatzen,4,standalone,1,172,59.876286869182046,2.872589617585778,420.89905931149553,False,3,0.5,0.5
GLS,GLS in Hannover Laatzen,4,standalone,1,164,112.90680951768702,1.4525253233225863,454.8948239864879,False,3,0.5,0.5
GLS,GLS in Hannover Laatzen,4,standalone,1,152,101.18549289373648,1.5021916250349066,398.7767381970726,False,3,0.5,0.5
GLS,GLS in Hannover Laatzen,4,standalone,1,153,159.38246951696127,0.9599550092534985,493.85417022031913,False,3,0.5,0.5
GLS,GLS in Hannover Laatzen,4,bundled,2,226,67.54190741911047,3.346070737943877,555.1428828284587,False,3,0.5,0.5
GLS,GLS in Hannover Laatzen,4,bundled,2,246,61.576191448230595,3.995050590402646,745.3656218773772,False,3,0.5,0.5
GLS,GLS in Hannover Laatzen,5,bundled,1,144,173.55971997363926,0.8296855976828674,543.3249368372929,False,3,0.5,0.5
GLS,GLS in Hannover Laatzen,5,bundled,1,140,53.8021301528445,2.6021274548475892,417.44496757725915,False,3,0.5,0.5
GLS,GLS in Hannover Laatzen,5,bundled,1,108,153.22446344831192,0.7048482831622527,393.3059308421539,False,3,0.5,0.5
Hermes,Hermes LC Hannover Langenhagen,0,standalone,1,224,153.22446344831192,1.4619075502624501,507.9529721479154,False,3,0.5,0.5
Hermes,Hermes LC Hannover Langenhagen,0,standalone,1,263,112.90680951768702,2.329354634352684,710.2656078561386,False,3,0.5,0.5
Hermes,Hermes LC Hannover Langenhagen,0,standalone,1,184,139.34872865781722,1.3204282649167745,575.8241558984531,False,3,0.5,0.5
Hermes,Hermes LC Hannover Langenhagen,0,bundled,5,665,98.27254214137255,6.766895264023462,1283.6050840160697,True,3,0.5,0.5
Hermes,Hermes LC Hannover Langenhagen,0,bundled,4,552,67.50537399686087,8.177126757725526,1087.1883894915106,True,3,0.5,0.5
Hermes,Hermes LC Hannover Langenhagen,1,standalone,1,407,129.47251256919432,3.1435243815360883,874.0825825889193,False,3,0.5,0.5
Hermes,Hermes LC Hannover Langenhagen,1,standalone,1,430,357.6158854957556,1.2024074361347226,1312.2870513427852,False,3,0.5,0.5
Hermes,Hermes LC Hannover Langenhagen,1,bundled,3,408,70.84437280379677,5.759102436123677,828.8155505687366,True,3,0.5,0.5
Hermes,Hermes LC Hannover Langenhagen,2,standalone,1,324,112.90680951768702,2.8696231997348653,724.8469630962368,False,3,0.5,0.5
Hermes,Hermes LC Hannover Langenhagen,2,standalone,1,206,139.34872865781722,1.4783055574611714,621.8598656140005,False,3,0.5,0.5
Hermes,Hermes LC Hannover Langenhagen,3,standalone,1,165,6.967819653017212,23.680291427828724,336.3349790733986,True,3,0.5,0.5
Hermes,Hermes LC Hannover Langenhagen,3,standalone,1,156,7.274391190340525,21.44509360551689,329.03269505379717,True,3,0.5,0.5
Hermes,Hermes LC Hannover Langenhagen,3,standalone,1,156,8.86389555258122,17.59948535884675,320.4273798874299,True,3,0.5,0.5
Hermes,Hermes LC Hannover Langenhagen,3,standalone,1,154,4.12190647126244,37.361352343551246,280.3190996501815,True,3,0.5,0.5
Hermes,Hermes LC Hannover Langenhagen,3,standalone,1,350,102.53407734275534,3.4134992879489703,735.4914619289939,False,3,0.5,0.5
Hermes,Hermes LC Hannover Langenhagen,3,standalone,1,156,53.82702268136371,2.89817255774043,403.3858112896137,False,3,0.5,0.5
Hermes,Hermes LC Hannover Langenhagen,3,standalone,1,155,43.13135688268341,3.593673169652359,376.31060696570614,False,3,0.5,0.5
Hermes,Hermes LC Hannover Langenhagen,3,standalone,1,264,101.18549289373648,2.6090696645343114,700.3056208587664,False,3,0.5,0.5
Hermes,Hermes LC Hannover Langenhagen,3,bundled,3,431,78.56532205260996,5.485880904445196,803.6734808695289,True,3,0.5,0.5
Hermes,Hermes LC Hannover Langenhagen,3,bundled,3,438,32.12701445093093,13.633386341235585,731.8175371848748,True,3,0.5,0.5
Hermes,Hermes LC Hannover Langenhagen,4,standalone,1,161,1.7979843382791898,89.54471769987133,289.3153270779472,True,3,0.5,0.5
Hermes,Hermes LC Hannover Langenhagen,4,standalone,1,150,4.775461708125837,31.410575388922663,305.8173618489178,True,3,0.5,0.5
Hermes,Hermes LC Hannover Langenhagen,4,standalone,1,161,56.38950461206911,2.8551412378526373,380.944152511654,False,3,0.5,0.5
Hermes,Hermes LC Hannover Langenhagen,4,standalone,1,245,112.90680951768702,2.1699311232563026,699.9213059700213,False,3,0.5,0.5
Hermes,Hermes LC Hannover Langenhagen,4,standalone,1,160,139.34872865781722,1.1481984912319778,568.8578077035295,False,3,0.5,0.5
Hermes,Hermes LC Hannover Langenhagen,4,standalone,1,235,159.38246951696127,1.4744407004873996,814.4366013520644,False,3,0.5,0.5
Hermes,Hermes LC Hannover Langenhagen,4,bundled,3,430,18.570780834645557,23.15465374497308,645.9142798960655,True,3,0.5,0.5
Hermes,Hermes LC Hannover Langenhagen,5,standalone,1,165,19.484913733542946,8.468089838958605,374.2873644576624,True,3,0.5,0.5
Hermes,Hermes LC Hannover Langenhagen,5,standalone,1,168,101.18549289373648,1.6603170592491072,469.22164449722817,False,3,0.5,0.5
Hermes,Hermes LC Hannover Langenhagen,5,bundled,1,103,53.82702268136371,1.9135370092773352,386.88930258017876,False,3,0.5,0.5
UPS,UPS Depot Hannover,0,bundled,1,147,19.484913733542946,7.544298220163121,338.7514250458062,True,3,0.5,0.5
UPS,UPS Depot Hannover,0,bundled,1,144,129.47251256919432,1.112205186587707,559.1966100058297,False,3,0.5,0.5
UPS,UPS Depot Hannover,0,bundled,1,87,112.90680951768702,0.7705469702991768,371.55806282992467,False,3,0.5,0.5
UPS,UPS Depot Hannover,0,bundled,1,86,102.53407734275534,0.8387455393246042,390.49902064995956,False,3,0.5,0.5
UPS,UPS Depot Hannover,0,bundled,1,83,159.38246951696127,0.5207599069806561,471.3016492858483,False,3,0.5,0.5
UPS,UPS Depot Hannover,0,bundled,1,72,12.528872220645557,5.746726339929912,311.52579700285014,False,3,0.5,0.5
UPS,UPS Depot Hannover,0,bundled,1,68,31.832385676522556,2.1361892473598756,344.600111574368,False,3,0.5,0.5
UPS,UPS Depot Hannover,0,bundled,2,114,177.1042665362079,0.6436886147894884,639.9322331384482,False,3,0.5,0.5
UPS,UPS Depot Hannover,1,bundled,1,135,19.21423828970633,7.0260396464596635,339.31250534361186,True,3,0.5,0.5
UPS,UPS Depot Hannover,2,standalone,1,160,357.6158854957556,0.4474074180966409,826.0989348015788,False,3,0.5,0.5
UPS,UPS Depot Hannover,2,bundled,1,118,102.53407734275534,1.1508369027942242,426.79797787740915,False,3,0.5,0.5
UPS,UPS Depot Hannover,2,bundled,1,116,112.90680951768702,1.0273959603989025,419.3248741271295,False,3,0.5,0.5
UPS,UPS Depot Hannover,2,bundled,1,97,159.38246951696127,0.6085989274352246,505.37694542078464,False,3,0.5,0.5
UPS,UPS Depot Hannover,2,bundled,1,86,31.832385676522556,2.7016511069551368,359.2230199979578,False,3,0.5,0.5
UPS,UPS Depot Hannover,2,bundled,1,80,12.528872220645557,6.385251488811014,321.43700510016174,False,3,0.5,0.5
UPS,UPS Depot Hannover,2,bundled,1,77,37.755537878390655,2.0394359166068425,362.7617885571618,False,3,0.5,0.5
UPS,UPS Depot Hannover,2,bundled,2,130,240.53422155155369,0.5404636361572239,713.2052070914159,False,3,0.5,0.5
UPS,UPS Depot Hannover,4,bundled,1,138,129.47251256919432,1.065863303813219,530.7296190707104,False,3,0.5,0.5
UPS,UPS Depot Hannover,4,bundled,1,124,357.6158854957556,0.3467407490248967,787.4705015487831,False,3,0.5,0.5
UPS,UPS Depot Hannover,4,bundled,1,87,112.90680951768702,0.7705469702991768,375.67300339623444,False,3,0.5,0.5
UPS,UPS Depot Hannover,4,bundled,1,80,102.53407734275534,0.7802284086740504,378.7505203276933,False,3,0.5,0.5
UPS,UPS Depot Hannover,4,bundled,1,76,159.38246951696127,0.4768403967533718,459.12963167486447,False,3,0.5,0.5
UPS,UPS Depot Hannover,4,bundled,1,74,53.8021301528445,1.3754102261337258,336.8943586550536,False,3,0.5,0.5
UPS,UPS Depot Hannover,4,bundled,1,52,101.18549289373648,0.5139076611961523,334.95770245894397,False,3,0.5,0.5
UPS,UPS Depot Hannover,4,bundled,1,44,139.34872865781722,0.3157545850887939,349.82459893301433,False,3,0.5,0.5
UPS,UPS Depot Hannover,4,bundled,1,38,66.6831619829418,0.569858999933458,348.1250659718177,False,3,0.5,0.5
Amazon,Amazon Logistics HAJ8 in Garbsen,0,standalone,1,563,159.38246951696127,3.5323834654230044,1334.9907536616329,False,3,0.6000000000000001,0.3999999999999999
Amazon,Amazon Logistics HAJ8 in Garbsen,1,standalone,1,414,139.34872865781722,2.9709635960627425,1130.837316012848,False,3,0.6000000000000001,0.3999999999999999
Amazon,Amazon Logistics HAJ8 in Garbsen,2,standalone,1,574,153.22446344831192,3.746138097547528,1247.5282135387188,False,3,0.6000000000000001,0.3999999999999999
Amazon,Amazon Logistics HAJ8 in Garbsen,4,standalone,1,188,3.3903855235675273,55.45092105106009,340.44838504975917,True,3,0.6000000000000001,0.3999999999999999
DPD,DPD Paketzentrum in Lehrte,0,standalone,1,159,4.951012974183712,32.11464014113491,323.23406318106964,True,3,0.6000000000000001,0.3999999999999999
DPD,DPD Paketzentrum in Lehrte,0,standalone,1,168,4.775461708125837,35.17984443559338,314.4486738057441,True,3,0.6000000000000001,0.3999999999999999
DPD,DPD Paketzentrum in Lehrte,0,standalone,1,150,9.157258958740023,16.38044754176516,360.84953675901386,True,3,0.6000000000000001,0.3999999999999999
DPD,DPD Paketzentrum in Lehrte,0,standalone,1,150,19.21423828970633,7.806710718288516,332.51921688842646,True,3,0.6000000000000001,0.3999999999999999
DPD,DPD Paketzentrum in Lehrte,0,standalone,1,162,31.832385676522556,5.08915673635735,390.01811587404615,True,3,0.6000000000000001,0.3999999999999999
DPD,DPD Paketzentrum in Lehrte,0,standalone,1,155,139.34872865781722,1.1123172883809784,463.24371010295783,False,3,0.6000000000000001,0.3999999999999999
DPD,DPD Paketzentrum in Lehrte,0,bundled,2,268,71.14567088466362,3.766919289220884,699.8588176145436,False,3,0.6000000000000001,0.3999999999999999
DPD,DPD Paketzentrum in Lehrte,0,bundled,2,268,53.74204057774344,4.98678496608833,730.3784796027236,False,3,0.6000000000000001,0.3999999999999999
DPD,DPD Paketzentrum in Lehrte,1,standalone,1,278,173.55971997363926,1.6017541399710913,888.5456043753869,False,3,0.6000000000000001,0.3999999999999999
DPD,DPD Paketzentrum in Lehrte,1,standalone,1,256,53.8021301528445,4.758175917435592,695.0451310536141,False,3,0.6000000000000001,0.3999999999999999
DPD,DPD Paketzentrum in Lehrte,1,standalone,1,218,153.22446344831192,1.4227493123089916,612.3384459258873,False,3,0.6000000000000001,0.3999999999999999
DPD,DPD Paketzentrum in Lehrte,1,standalone,1,215,159.38246951696127,1.348956385552302,703.0448778147387,False,3,0.6000000000000001,0.3999999999999999
DPD,DPD Paketzentrum in Lehrte,1,bundled,4,560,80.03376947374983,6.997046417808344,1278.1864333182257,True,3,0.6000000000000001,0.3999999999999999
DPD,DPD Paketzentrum in Lehrte,2,standalone,1,152,6.967819653017212,21.81457149715131,365.28172065387673,True,3,0.6000000000000001,0.3999999999999999
DPD,DPD Paketzentrum in Lehrte,2,standalone,1,170,4.462508901721823,38.09516210363342,330.55663187774985,True,3,0.6000000000000001,0.3999999999999999
DPD,DPD Paketzentrum in Lehrte,2,standalone,1,406,125.18180774883541,3.243282768488196,1144.688603848172,False,3,0.6000000000000001,0.3999999999999999
DPD,DPD Paketzentrum in Lehrte,2,bundled,4,549,77.09739784136566,7.120862900322698,1211.5039513348634,True,3,0.6000000000000001,0.3999999999999999
DPD,DPD Paketzentrum in Lehrte,2,bundled,4,546,121.21081652722816,4.504548485384961,1275.9101399597637,False,3,0.6000000000000001,0.3999999999999999
DPD,DPD Paketzentrum in Lehrte,3,standalone,1,179,4.951012974183712,36.1542175173783,355.5245735796265,True,3,0.6000000000000001,0.3999999999999999
DPD,DPD Paketzentrum in Lehrte,3,standalone,1,174,4.775461708125837,36.436267451150286,330.4017505005919,True,3,0.6000000000000001,0.3999999999999999
DPD,DPD Paketzentrum in Lehrte,3,standalone,1,157,9.157258958740023,17.144868427047534,376.0029551982701,True,3,0.6000000000000001,0.3999999999999999
DPD,DPD Paketzentrum in Lehrte,3,standalone,1,164,19.21423828970633,8.535337051995443,330.9822981331118,True,3,0.6000000000000001,0.3999999999999999
DPD,DPD Paketzentrum in Lehrte,3,standalone,1,184,12.528872220645557,14.686078424265332,449.6729026331898,True,3,0.6000000000000001,0.3999999999999999
DPD,DPD Paketzentrum in Lehrte,3,standalone,1,174,56.38950461206911,3.0856805924618564,481.83081563559375,False,3,0.6000000000000001,0.3999999999999999
DPD,DPD Paketzentrum in Lehrte,3,standalone,1,165,10.610683695060029,15.55036458930713,398.5117679897097,True,3,0.6000000000000001,0.3999999999999999
DPD,DPD Paketzentrum in Lehrte,3,standalone,1,283,102.53407734275534,2.7600579956844533,831.2688545838837,False,3,0.6000000000000001,0.3999999999999999
DPD,DPD Paketzentrum in Lehrte,3,standalone,1,286,173.55971997363926,1.6478477842868062,899.2106212168562,False,3,0.6000000000000001,0.3999999999999999
DPD,DPD Paketzentrum in Lehrte,3,standalone,1,268,53.8021301528445,4.981215413565385,710.4132372732583,False,3,0.6000000000000001,0.3999999999999999
DPD,DPD Paketzentrum in Lehrte,3,standalone,1,175,31.832385676522556,5.49754585717615,403.222244644368,True,3,0.6000000000000001,0.3999999999999999
DPD,DPD Paketzentrum in Lehrte,3,standalone,1,194,139.34872865781722,1.392190670618773,533.0489251275312,False,3,0.6000000000000001,0.3999999999999999
DPD,DPD Paketzentrum in Lehrte,3,bundled,2,283,17.575275212839223,16.10216605844446,614.4629903851392,True,3,0.6000000000000001,0.3999999999999999
DPD,DPD Paketzentrum in Lehrte,4,standalone,1,174,2.603733329707664,66.82712012582947,331.4011613506992,True,3,0.6000000000000001,0.3999999999999999
DPD,DPD Paketzentrum in Lehrte,4,standalone,1,154,37.755537878390655,4.078871833213685,422.3224636845289,False,3,0.6000000000000001,0.3999999999999999
DPD,DPD Paketzentrum in Lehrte,4,standalone,1,215,112.90680951768702,1.9042252714290002,494.8430199010587,False,3,0.6000000000000001,0.3999999999999999
DPD,DPD Paketzentrum in Lehrte,4,standalone,1,187,101.18549289373648,1.8480910123784706,400.8615764233559,False,3,0.6000000000000001,0.3999999999999999
DPD,DPD Paketzentrum in Lehrte,4,standalone,1,201,159.38246951696127,1.2611173650977334,654.2460821630607,False,3,0.6000000000000001,0.3999999999999999
DPD,DPD Paketzentrum in Lehrte,5,standalone,1,182,23.77191867081394,7.656092153110517,440.2033749548267,True,3,0.6000000000000001,0.3999999999999999
DPD,DPD Paketzentrum in Lehrte,5,standalone,1,176,102.53407734275534,1.7165024990829107,542.0208745577584,False,3,0.6000000000000001,0.3999999999999999
DPD,DPD Paketzentrum in Lehrte,5,standalone,1,179,173.55971997363926,1.03134529156412,618.5013401583896,False,3,0.6000000000000001,0.3999999999999999
DPD,DPD Paketzentrum in Lehrte,5,standalone,1,185,59.876286869182046,3.089703949147494,436.03235159737085,False,3,0.6000000000000001,0.3999999999999999
DPD,DPD Paketzentrum in Lehrte,5,standalone,1,176,53.8021301528445,3.2712459432369694,490.7809235593128,False,3,0.6000000000000001,0.3999999999999999
DPD,DPD Paketzentrum in Lehrte,5,bundled,1,117,56.38950461206911,2.0748541914829723,395.1081833384369,False,3,0.6000000000000001,0.3999999999999999
FedEx,FedEx Station - Heinz-Peter-Piper Str.,0,standalone,1,168,34.15472344529856,4.918792572543152,379.9008429776343,False,3,0.6000000000000001,0.3999999999999999
FedEx,FedEx Station - Heinz-Peter-Piper Str.,0,standalone,1,179,153.22446344831192,1.1682207656115113,384.11046709505536,False,3,0.6000000000000001,0.3999999999999999
FedEx,FedEx Station - Heinz-Peter-Piper Str.,0,bundled,1,109,357.6158854957556,0.30479630357833665,816.2504721342286,False,3,0.6000000000000001,0.3999999999999999
FedEx,FedEx Station - Heinz-Peter-Piper Str.,0,bundled,1,87,173.55971997363926,0.5012683819333991,388.368756789961,False,3,0.6000000000000001,0.3999999999999999
FedEx,FedEx Station - Heinz-Peter-Piper Str.,0,bundled,1,86,9.157258958740023,9.391456590612025,343.4213651735207,False,3,0.6000000000000001,0.3999999999999999
FedEx,FedEx Station - Heinz-Peter-Piper Str.,0,bundled,1,70,102.53407734275534,0.682699857589794,379.5808007475523,False,3,0.6000000000000001,0.3999999999999999
FedEx,FedEx Station - Heinz-Peter-Piper Str.,0,bundled,1,60,159.38246951696127,0.37645294480529357,412.43959592619785,False,3,0.6000000000000001,0.3999999999999999
FedEx,FedEx Station - Heinz-Peter-Piper Str.,0,bundled,1,41,101.18549289373648,0.40519642517388926,333.52292882642365,False,3,0.6000000000000001,0.3999999999999999
FedEx,FedEx Station - Heinz-Peter-Piper Str.,1,bundled,1,73,112.90680951768702,0.6465509061131024,393.79505816445544,False,3,0.6000000000000001,0.3999999999999999
FedEx,FedEx Station - Heinz-Peter-Piper Str.,2,bundled,1,135,357.6158854957556,0.3775000090190408,768.2118480168847,False,3,0.6000000000000001,0.3999999999999999
FedEx,FedEx Station - Heinz-Peter-Piper Str.,2,bundled,1,94,102.53407734275534,0.9167683801920091,399.92489114255795,False,3,0.6000000000000001,0.3999999999999999
FedEx,FedEx Station - Heinz-Peter-Piper Str.,2,bundled,1,80,53.8021301528445,1.4869299741986226,340.86022100281497,False,3,0.6000000000000001,0.3999999999999999
FedEx,FedEx Station - Heinz-Peter-Piper Str.,2,bundled,1,70,159.38246951696127,0.4391951022728425,422.6735342157019,False,3,0.6000000000000001,0.3999999999999999
FedEx,FedEx Station - Heinz-Peter-Piper Str.,3,standalone,1,200,34.15472344529856,5.855705443503752,401.2047508201019,True,3,0.6000000000000001,0.3999999999999999
FedEx,FedEx Station - Heinz-Peter-Piper Str.,3,standalone,1,191,153.22446344831192,1.2465372415184284,401.04597057546823,False,3,0.6000000000000001,0.3999999999999999
FedEx,FedEx Station - Heinz-Peter-Piper Str.,3,bundled,1,96,173.55971997363926,0.5531237317885783,403.0576085522098,False,3,0.6000000000000001,0.3999999999999999
FedEx,FedEx Station - Heinz-Peter-Piper Str.,3,bundled,1,94,9.157258958740023,10.265080459506168,342.49668430303575,False,3,0.6000000000000001,0.3999999999999999
FedEx,FedEx Station - Heinz-Peter-Piper Str.,3,bundled,1,81,112.90680951768702,0.7174057999337163,392.83803924688016,False,3,0.6000000000000001,0.3999999999999999
FedEx,FedEx Station - Heinz-Peter-Piper Str.,4,bundled,1,64,102.53407734275534,0.6241827269392403,368.7781014301504,False,3,0.6000000000000001,0.3999999999999999
FedEx,FedEx Station - Heinz-Peter-Piper Str.,4,bundled,1,49,37.755537878390655,1.297822856022536,356.0326310535089,False,3,0.6000000000000001,0.3999999999999999
FedEx,FedEx Station - Heinz-Peter-Piper Str.,4,bundled,1,47,43.13135688268341,1.0896944449913606,343.5529182687918,False,3,0.6000000000000001,0.3999999999999999
FedEx,FedEx Station - Heinz-Peter-Piper Str.,4,bundled,2,72,79.21203420358735,0.9089527964267236,416.2236802090609,False,3,0.6000000000000001,0.3999999999999999
FedEx,FedEx Station - Heinz-Peter-Piper Str.,4,bundled,2,72,193.17575133918092,0.37271758748633677,464.88271254772826,False,3,0.6000000000000001,0.3999999999999999
FedEx,FedEx Station - Heinz-Peter-Piper Str.,4,bundled,2,78,107.25448254257799,0.7272423319839848,465.23746365347,False,3,0.6000000000000001,0.3999999999999999
FedEx,FedEx Station - Heinz-Peter-Piper Str.,5,bundled,1,41,159.38246951696127,0.2572428456169506,349.7137319892944,False,3,0.6000000000000001,0.3999999999999999
GLS,GLS in Hannover Laatzen,0,standalone,1,155,12.528872220645557,12.37142475957134,394.5013640182134,True,3,0.6000000000000001,0.3999999999999999
GLS,GLS in Hannover Laatzen,0,standalone,1,153,31.832385676522556,4.80642580655972,336.3256294236455,False,3,0.6000000000000001,0.3999999999999999
GLS,GLS in Hannover Laatzen,0,bundled,1,149,139.34872865781722,1.0692598449597794,518.994158457748,False,3,0.6000000000000001,0.3999999999999999
GLS,GLS in Hannover Laatzen,0,bundled,2,275,6.260493240001013,43.926251408260526,591.881151675206,True,3,0.6000000000000001,0.3999999999999999
GLS,GLS in Hannover Laatzen,0,bundled,2,276,65.54676357080913,4.21073421423533,754.5542858851134,False,3,0.6000000000000001,0.3999999999999999
GLS,GLS in Hannover Laatzen,1,standalone,1,190,153.22446344831192,1.2400108685261853,557.2559484719284,False,3,0.6000000000000001,0.3999999999999999
GLS,GLS in Hannover Laatzen,1,standalone,1,179,37.755537878390655,4.74102635159253,397.21581907128626,False,3,0.6000000000000001,0.3999999999999999
GLS,GLS in Hannover Laatzen,1,standalone,1,325,129.47251256919432,2.510185316951422,782.7732354947999,False,3,0.6000000000000001,0.3999999999999999
GLS,GLS in Hannover Laatzen,1,standalone,1,223,112.90680951768702,1.9750801652496142,618.8324880096472,False,3,0.6000000000000001,0.3999999999999999
GLS,GLS in Hannover Laatzen,1,bundled,1,125,6.068989648841514,20.596509012642784,295.6279455820179,True,3,0.6000000000000001,0.3999999999999999
GLS,GLS in Hannover Laatzen,2,standalone,1,158,4.775461708125837,33.08580607633187,294.19963011344856,True,3,0.6000000000000001,0.3999999999999999
GLS,GLS in Hannover Laatzen,2,standalone,1,155,9.157258958740023,16.926462459824,351.7370016400738,True,3,0.6000000000000001,0.3999999999999999
GLS,GLS in Hannover Laatzen,2,standalone,1,152,4.462508901721823,34.06155670442518,325.849504654366,True,3,0.6000000000000001,0.3999999999999999
GLS,GLS in Hannover Laatzen,2,standalone,1,172,56.38950461206911,3.0502129994450535,461.70777743305354,False,3,0.6000000000000001,0.3999999999999999
GLS,GLS in Hannover Laatzen,2,standalone,1,294,102.53407734275534,2.867339401877135,748.345571233911,False,3,0.6000000000000001,0.3999999999999999
GLS,GLS in Hannover Laatzen,2,standalone,1,305,173.55971997363926,1.757320189536629,1006.5930834982787,False,3,0.6000000000000001,0.3999999999999999
GLS,GLS in Hannover Laatzen,2,standalone,1,264,53.8021301528445,4.906868914855455,704.1583326084951,False,3,0.6000000000000001,0.3999999999999999
GLS,GLS in Hannover Laatzen,2,standalone,1,164,139.34872865781722,1.1769034535127774,582.6341504182408,False,3,0.6000000000000001,0.3999999999999999
GLS,GLS in Hannover Laatzen,2,standalone,1,364,125.18180774883541,2.907770757954934,1094.7250341683994,False,3,0.6000000000000001,0.3999999999999999
GLS,GLS in Hannover Laatzen,2,standalone,1,377,357.6158854957556,1.0542037288902102,1363.8532885259901,False,3,0.6000000000000001,0.3999999999999999
GLS,GLS in Hannover Laatzen,2,bundled,5,724,54.41470380645303,13.305227252089553,1492.8649361681182,True,3,0.6000000000000001,0.3999999999999999
GLS,GLS in Hannover Laatzen,3,standalone,1,168,1.7979843382791898,93.43796629551791,314.5679315418371,True,3,0.6000000000000001,0.3999999999999999
GLS,GLS in Hannover Laatzen,3,standalone,1,201,5.186686836161483,38.753062667796286,364.9030020037735,True,3,0.6000000000000001,0.3999999999999999
GLS,GLS in Hannover Laatzen,3,standalone,1,175,12.528872220645557,13.967737631774094,421.14723288579853,True,3,0.6000000000000001,0.3999999999999999
GLS,GLS in Hannover Laatzen,3,standalone,1,197,153.22446344831192,1.285695479471887,584.7661924810823,False,3,0.6000000000000001,0.3999999999999999
GLS,GLS in Hannover Laatzen,3,standalone,1,191,37.755537878390655,5.058860520414375,402.4902463691305,True,3,0.6000000000000001,0.3999999999999999
GLS,GLS in Hannover Laatzen,3,standalone,1,170,31.832385676522556,5.3404731183996885,362.79671026944015,True,3,0.6000000000000001,0.3999999999999999
GLS,GLS in Hannover Laatzen,3,standalone,1,346,129.47251256919432,2.672381906662129,786.759189002626,False,3,0.6000000000000001,0.3999999999999999
GLS,GLS in Hannover Laatzen,3,standalone,1,188,139.34872865781722,1.349133227197574,590.131615391198,False,3,0.6000000000000001,0.3999999999999999
GLS,GLS in Hannover Laatzen,4,standalone,1,185,5.368928981069905,34.4575241453713,351.0530327605186,True,3,0.6000000000000001,0.3999999999999999
GLS,GLS in Hannover Laatzen,4,standalone,1,173,13.714884737746763,12.6140323676116,341.3315343380585,True,3,0.6000000000000001,0.3999999999999999
GLS,GLS in Hannover Laatzen,4,standalone,1,194,19.484913733542946,9.95642078035133,392.9217024069427,True,3,0.6000000000000001,0.3999999999999999
GLS,GLS in Hannover Laatzen,4,standalone,1,226,102.53407734275534,2.2041452545041924,646.7975100924817,False,3,0.6000000000000001,0.3999999999999999
GLS,GLS in Hannover Laatzen,4,standalone,1,206,59.876286869182046,3.440427100131804,492.85853675817026,False,3,0.6000000000000001,0.3999999999999999
GLS,GLS in Hannover Laatzen,4,standalone,1,214,53.8021301528445,3.977537680981315,549.7684781042587,False,3,0.6000000000000001,0.3999999999999999
GLS,GLS in Hannover Laatzen,4,standalone,1,197,112.90680951768702,1.744801760332619,544.0503363931359,False,3,0.6000000000000001,0.3999999999999999
GLS,GLS in Hannover Laatzen,4,standalone,1,182,101.18549289373648,1.798676814186533,420.0106214647617,False,3,0.6000000000000001,0.3999999999999999
GLS,GLS in Hannover Laatzen,4,standalone,1,183,159.38246951696127,1.1481814816561453,515.8146874741426,False,3,0.6000000000000001,0.3999999999999999
GLS,GLS in Hannover Laatzen,4,bundled,1,133,56.38950461206911,2.358594935617396,430.9990407701119,False,3,0.6000000000000001,0.3999999999999999
GLS,GLS in Hannover Laatzen,4,bundled,2,203,120.51018466430551,1.6845049284878204,544.2038897695913,False,3,0.6000000000000001,0.3999999999999999
GLS,GLS in Hannover Laatzen,5,standalone,1,173,173.55971997363926,0.9967750583273338,632.9882689443104,False,3,0.6000000000000001,0.3999999999999999
GLS,GLS in Hannover Laatzen,5,bundled,1,132,5.186686836161483,25.449772498254276,297.7523177464013,True,3,0.6000000000000001,0.3999999999999999
GLS,GLS in Hannover Laatzen,5,bundled,2,243,190.98000132670256,1.2723845340450528,951.2033003124275,False,3,0.6000000000000001,0.3999999999999999
Hermes,Hermes LC Hannover Langenhagen,0,standalone,1,184,4.951012974183712,37.164111861439146,307.6602750109534,True,3,0.6000000000000001,0.3999999999999999
Hermes,Hermes LC Hannover Langenhagen,0,standalone,1,158,3.576189607493106,44.18110260958936,289.8517101123017,True,3,0.6000000000000001,0.3999999999999999
Hermes,Hermes LC Hannover Langenhagen,0,standalone,1,168,6.967819653017212,24.110842181061972,351.4846299738562,True,3,0.6000000000000001,0.3999999999999999
Hermes,Hermes LC Hannover Langenhagen,0,standalone,1,159,6.068989648841514,26.19875946408162,346.6741809155284,True,3,0.6000000000000001,0.3999999999999999
Hermes,Hermes LC Hannover Langenhagen,0,standalone,1,166,7.274391190340525,22.819779093050023,337.7811905950172,True,3,0.6000000000000001,0.3999999999999999
Hermes,Hermes LC Hannover Langenhagen,0,standalone,1,187,19.21423828970633,9.732366028799683,377.7117008850928,True,3,0.6000000000000001,0.3999999999999999
Hermes,Hermes LC Hannover Langenhagen,0,standalone,1,166,8.86389555258122,18.727657497234365,331.69453542451083,True,3,0.6000000000000001,0.3999999999999999
Hermes,Hermes LC Hannover Langenhagen,0,standalone,1,179,12.670949194485747,14.126802755858161,331.49338406467575,True,3,0.6000000000000001,0.3999999999999999
Hermes,Hermes LC Hannover Langenhagen,0,standalone,1,180,10.610683695060029,16.96403409742596,345.95149894485064,True,3,0.6000000000000001,0.3999999999999999
Hermes,Hermes LC Hannover Langenhagen,0,standalone,1,168,4.12190647126244,40.757838920237724,303.9017412964231,True,3,0.6000000000000001,0.3999999999999999
Hermes,Hermes LC Hannover Langenhagen,0,standalone,1,176,66.6831619829418,2.6393469470602264,442.69892333217615,False,3,0.6000000000000001,0.3999999999999999
Hermes,Hermes LC Hannover Langenhagen,0,standalone,1,315,112.90680951768702,2.7899114441866746,739.0276226919227,False,3,0.6000000000000001,0.3999999999999999
Hermes,Hermes LC Hannover Langenhagen,0,standalone,1,220,139.34872865781722,1.5787729254439695,668.4706877230598,False,3,0.6000000000000001,0.3999999999999999
Hermes,Hermes LC Hannover Langenhagen,0,bundled,2,287,22.975780173930673,12.491414777968792,614.2096922404749,True,3,0.6000000000000001,0.3999999999999999
Hermes,Hermes LC Hannover Langenhagen,1,standalone,1,169,11.3882150903338,14.839902360418664,331.2483511288061,True,3,0.6000000000000001,0.3999999999999999
Hermes,Hermes LC Hannover Langenhagen,1,standalone,1,275,153.22446344831192,1.7947525728668472,731.330322110368,False,3,0.6000000000000001,0.3999999999999999
Hermes,Hermes LC Hannover Langenhagen,1,standalone,1,173,53.82702268136371,3.213999054417272,405.2936895426699,False,3,0.6000000000000001,0.3999999999999999
Hermes,Hermes LC Hannover Langenhagen,1,standalone,1,183,43.13135688268341,4.242852839008915,390.8852398355334,False,3,0.6000000000000001,0.3999999999999999
Hermes,Hermes LC Hannover Langenhagen,2,standalone,1,188,3.576189607493106,52.56991956077721,300.0392953347637,True,3,0.6000000000000001,0.3999999999999999
Hermes,Hermes LC Hannover Langenhagen,2,standalone,1,177,8.711379660258004,20.318251172944265,327.2423932826955,True,3,0.6000000000000001,0.3999999999999999
Hermes,Hermes LC Hannover Langenhagen,2,standalone,1,286,37.755537878390655,7.575047690253986,660.4782634334737,True,3,0.6000000000000001,0.3999999999999999
Hermes,Hermes LC Hannover Langenhagen,2,standalone,1,389,112.90680951768702,3.445319212027354,773.9738573755403,False,3,0.6000000000000001,0.3999999999999999
Hermes,Hermes LC Hannover Langenhagen,2,standalone,1,247,139.34872865781722,1.7725314208393657,795.2122410541825,False,3,0.6000000000000001,0.3999999999999999
Hermes,Hermes LC Hannover Langenhagen,3,standalone,1,163,8.305970462175056,19.624437715290856,316.81197190051125,True,3,0.6000000000000001,0.3999999999999999
Hermes,Hermes LC Hannover Langenhagen,3,standalone,1,203,9.157258958740023,22.16820567318885,366.34027391872905,True,3,0.6000000000000001,0.3999999999999999
Hermes,Hermes LC Hannover Langenhagen,3,standalone,1,198,6.967819653017212,28.416349713394467,377.0999936850552,True,3,0.6000000000000001,0.3999999999999999
Hermes,Hermes LC Hannover Langenhagen,3,standalone,1,178,6.068989648841514,29.329428834003323,356.4812572750544,True,3,0.6000000000000001,0.3999999999999999
Hermes,Hermes LC Hannover Langenhagen,3,standalone,1,187,7.274391190340525,25.706618616869605,350.8118214988343,True,3,0.6000000000000001,0.3999999999999999
Hermes,Hermes LC Hannover Langenhagen,3,standalone,1,208,19.21423828970633,10.825305529360074,408.0081600978209,True,3,0.6000000000000001,0.3999999999999999
Hermes,Hermes LC Hannover Langenhagen,3,standalone,1,187,8.86389555258122,21.096818987848348,361.59456696495033,True,3,0.6000000000000001,0.3999999999999999
Hermes,Hermes LC Hannover Langenhagen,3,standalone,1,176,14.669809711755617,11.997428968622737,350.64504480026994,True,3,0.6000000000000001,0.3999999999999999
Hermes,Hermes LC Hannover Langenhagen,3,standalone,1,215,4.462508901721823,48.17917560165403,397.4254375861228,True,3,0.6000000000000001,0.3999999999999999
Hermes,Hermes LC Hannover Langenhagen,3,standalone,1,211,12.670949194485747,16.65226470103951,381.5543215853995,True,3,0.6000000000000001,0.3999999999999999
Hermes,Hermes LC Hannover Langenhagen,3,standalone,1,173,11.3882150903338,15.191142652972951,333.6483316695737,True,3,0.6000000000000001,0.3999999999999999
Hermes,Hermes LC Hannover Langenhagen,3,standalone,1,212,10.610683695060029,19.979862381412797,379.48762715400494,True,3,0.6000000000000001,0.3999999999999999
Hermes,Hermes LC Hannover Langenhagen,3,standalone,1,185,4.12190647126244,44.8821440490713,322.89685462928946,True,3,0.6000000000000001,0.3999999999999999
Hermes,Hermes LC Hannover Langenhagen,3,standalone,1,420,102.53407734275534,4.0961991455387645,835.3527511543546,False,3,0.6000000000000001,0.3999999999999999
Hermes,Hermes LC Hannover Langenhagen,3,standalone,1,187,53.82702268136371,3.474091463445259,435.31953749964987,False,3,0.6000000000000001,0.3999999999999999
Hermes,Hermes LC Hannover Langenhagen,3,standalone,1,176,66.6831619829418,2.6393469470602264,437.20281180318676,False,3,0.6000000000000001,0.3999999999999999
Hermes,Hermes LC Hannover Langenhagen,3,standalone,1,186,43.13135688268341,4.312407803582831,389.1045493198948,False,3,0.6000000000000001,0.3999999999999999
Hermes,Hermes LC Hannover Langenhagen,3,standalone,1,317,101.18549289373648,3.1328601653688515,735.0669899199704,False,3,0.6000000000000001,0.3999999999999999
Hermes,Hermes LC Hannover Langenhagen,3,standalone,1,336,159.38246951696127,2.108136490909644,877.677067542031,False,3,0.6000000000000001,0.3999999999999999
Hermes,Hermes LC Hannover Langenhagen,4,standalone,1,170,4.951012974183712,34.336407698068776,305.8192329778384,True,3,0.6000000000000001,0.3999999999999999
Hermes,Hermes LC Hannover Langenhagen,4,standalone,1,180,4.775461708125837,37.6926904667072,325.3903531127571,True,3,0.6000000000000001,0.3999999999999999
Hermes,Hermes LC Hannover Langenhagen,4,standalone,1,206,12.528872220645557,16.442022583688363,382.60388087922973,True,3,0.6000000000000001,0.3999999999999999
Hermes,Hermes LC Hannover Langenhagen,4,standalone,1,193,56.38950461206911,3.4226227261214843,413.5030016627244,False,3,0.6000000000000001,0.3999999999999999
Hermes,Hermes LC Hannover Langenhagen,4,standalone,1,227,37.755537878390655,6.012363026879912,458.6564196316499,True,3,0.6000000000000001,0.3999999999999999
Hermes,Hermes LC Hannover Langenhagen,4,standalone,1,216,31.832385676522556,6.785542315143134,435.1706346878063,True,3,0.6000000000000001,0.3999999999999999
Hermes,Hermes LC Hannover Langenhagen,4,standalone,1,294,112.90680951768702,2.6039173479075632,729.943911914907,False,3,0.6000000000000001,0.3999999999999999
Hermes,Hermes LC Hannover Langenhagen,4,standalone,1,192,139.34872865781722,1.3778381894783733,613.7972181871219,False,3,0.6000000000000001,0.3999999999999999
Hermes,Hermes LC Hannover Langenhagen,4,standalone,1,453,125.18180774883541,3.618736685037322,904.5143368299047,False,3,0.6000000000000001,0.3999999999999999
Hermes,Hermes LC Hannover Langenhagen,5,standalone,1,201,101.18549289373648,1.9864507673158962,520.9137886853568,False,3,0.6000000000000001,0.3999999999999999
Hermes,Hermes LC Hannover Langenhagen,5,standalone,1,219,159.38246951696127,1.3740532485393215,707.0680528887302,False,3,0.6000000000000001,0.3999999999999999
Hermes,Hermes LC Hannover Langenhagen,5,bundled,3,399,67.44679054182555,5.915774446710989,847.1653169996905,True,3,0.6000000000000001,0.3999999999999999
UPS,UPS Depot Hannover,0,standalone,1,173,129.47251256919432,1.3361909533310645,599.8166325237039,False,3,0.6000000000000001,0.3999999999999999
UPS,UPS Depot Hannover,0,bundled,1,99,159.38246951696127,0.6211473589287343,519.7865451626258,False,3,0.6000000000000001,0.3999999999999999
UPS,UPS Depot Hannover,0,bundled,1,86,12.528872220645557,6.864145350471841,321.3580869933132,False,3,0.6000000000000001,0.3999999999999999
UPS,UPS Depot Hannover,0,bundled,1,81,31.832385676522556,2.544578368178675,358.72567956305807,False,3,0.6000000000000001,0.3999999999999999
UPS,UPS Depot Hannover,0,bundled,2,137,177.1042665362079,0.7735556160189466,690.3453486584398,False,3,0.6000000000000001,0.3999999999999999
UPS,UPS Depot Hannover,1,standalone,1,162,19.21423828970633,8.431247575751597,361.21733942683215,True,3,0.6000000000000001,0.3999999999999999
UPS,UPS Depot Hannover,1,bundled,1,113,112.90680951768702,1.0008253752161722,425.01715255617387,False,3,0.6000000000000001,0.3999999999999999
UPS,UPS Depot Hannover,2,standalone,1,192,357.6158854957556,0.5368889017159691,975.2616312493876,False,3,0.6000000000000001,0.3999999999999999
UPS,UPS Depot Hannover,2,bundled,1,104,31.832385676522556,3.267112966550398,366.9056921783288,False,3,0.6000000000000001,0.3999999999999999
UPS,UPS Depot Hannover,2,bundled,1,96,12.528872220645557,7.6623017865732175,335.464027835247,False,3,0.6000000000000001,0.3999999999999999
UPS,UPS Depot Hannover,2,bundled,1,92,37.755537878390655,2.436728627634149,373.5318969328414,False,3,0.6000000000000001,0.3999999999999999
UPS,UPS Depot Hannover,2,bundled,2,155,240.53422155155369,0.6443989508028439,770.7353509569459,False,3,0.6000000000000001,0.3999999999999999
UPS,UPS Depot Hannover,3,bundled,1,109,159.38246951696127,0.6838895163962833,549.0613782952314,False,3,0.6000000000000001,0.3999999999999999
UPS,UPS Depot Hannover,3,bundled,1,108,53.8021301528445,2.0073554651681405,349.6197377228201,False,3,0.6000000000000001,0.3999999999999999
UPS,UPS Depot Hannover,4,standalone,1,173,19.484913733542946,8.878663891756599,357.60223680620555,True,3,0.6000000000000001,0.3999999999999999
UPS,UPS Depot Hannover,4,standalone,1,166,129.47251256919432,1.2821254234274955,588.6287298592933,False,3,0.6000000000000001,0.3999999999999999
UPS,UPS Depot Hannover,4,bundled,1,148,357.6158854957556,0.41385186173939287,919.9581686494158,False,3,0.6000000000000001,0.3999999999999999
UPS,UPS Depot Hannover,4,bundled,1,112,23.77191867081394,4.711441324991088,358.6384455473285,False,3,0.6000000000000001,0.3999999999999999
UPS,UPS Depot Hannover,4,bundled,1,105,112.90680951768702,0.9299704813955583,420.95212369609305,False,3,0.6000000000000001,0.3999999999999999
UPS,UPS Depot Hannover,4,bundled,1,97,102.53407734275534,0.946026945517286,411.2621181294038,False,3,0.6000000000000001,0.3999999999999999
UPS,UPS Depot Hannover,4,bundled,1,62,101.18549289373648,0.6127360575800277,356.5927087844534,False,3,0.6000000000000001,0.3999999999999999
UPS,UPS Depot Hannover,4,bundled,1,53,139.34872865781722,0.38034075022059266,368.5314371773437,False,3,0.6000000000000001,0.3999999999999999
UPS,UPS Depot Hannover,4,bundled,1,46,66.6831619829418,0.6898293157089229,362.52398832844113,False,3,0.6000000000000001,0.3999999999999999
UPS,UPS Depot Hannover,5,bundled,1,68,53.8021301528445,1.2638904780688291,334.80951606238125,False,3,0.6000000000000001,0.3999999999999999
Amazon,Amazon Logistics HAJ8 in Garbsen,5,standalone,1,181,3.3903855235675273,53.386259097031264,350.8604707626745,True,3,0.7000000000000001,0.29999999999999993
DPD,DPD Paketzentrum in Lehrte,0,standalone,1,186,4.951012974183712,37.568069599063485,352.66217556111366,True,3,0.7000000000000001,0.29999999999999993
DPD,DPD Paketzentrum in Lehrte,0,standalone,1,196,4.775461708125837,41.043151841525614,366.10275313001773,True,3,0.7000000000000001,0.29999999999999993
DPD,DPD Paketzentrum in Lehrte,0,standalone,1,175,9.157258958740023,19.110522132059355,377.1472481453272,True,3,0.7000000000000001,0.29999999999999993
DPD,DPD Paketzentrum in Lehrte,0,standalone,1,175,19.21423828970633,9.1078291713366,355.6659756998132,True,3,0.7000000000000001,0.29999999999999993
DPD,DPD Paketzentrum in Lehrte,0,standalone,1,165,4.462508901721823,36.974716159408906,329.6711406731595,True,3,0.7000000000000001,0.29999999999999993
DPD,DPD Paketzentrum in Lehrte,0,standalone,1,186,12.670949194485747,14.679247556366581,361.39323118322625,True,3,0.7000000000000001,0.29999999999999993
DPD,DPD Paketzentrum in Lehrte,0,standalone,1,202,12.528872220645557,16.122760009247813,460.39026393174424,True,3,0.7000000000000001,0.29999999999999993
DPD,DPD Paketzentrum in Lehrte,0,standalone,1,163,10.610683695060029,15.361875321557951,393.9465016068858,True,3,0.7000000000000001,0.29999999999999993
DPD,DPD Paketzentrum in Lehrte,0,standalone,1,278,102.53407734275534,2.711293720142325,833.0979611691811,False,3,0.7000000000000001,0.29999999999999993
DPD,DPD Paketzentrum in Lehrte,0,standalone,1,307,173.55971997363926,1.7688436006155577,881.9891507494812,False,3,0.7000000000000001,0.29999999999999993
DPD,DPD Paketzentrum in Lehrte,0,standalone,1,288,53.8021301528445,5.352947907115041,716.9608732657268,True,3,0.7000000000000001,0.29999999999999993
DPD,DPD Paketzentrum in Lehrte,0,standalone,1,198,37.755537878390655,5.2442637855604515,494.3944761595279,True,3,0.7000000000000001,0.29999999999999993
DPD,DPD Paketzentrum in Lehrte,0,standalone,1,189,31.832385676522556,5.937349525750243,426.8638528369846,True,3,0.7000000000000001,0.29999999999999993
DPD,DPD Paketzentrum in Lehrte,0,standalone,1,150,43.13135688268341,3.4777482286958317,419.6659770804474,False,3,0.7000000000000001,0.29999999999999993
DPD,DPD Paketzentrum in Lehrte,0,standalone,1,181,139.34872865781722,1.298899543206175,518.1714102335798,False,3,0.7000000000000001,0.29999999999999993
DPD,DPD Paketzentrum in Lehrte,0,bundled,1,147,66.6831619829418,2.2044545523741665,394.42516815019974,False,3,0.7000000000000001,0.29999999999999993
DPD,DPD Paketzentrum in Lehrte,1,standalone,1,155,6.967819653017212,22.245122250384558,363.4128426454024,True,3,0.7000000000000001,0.29999999999999993
DPD,DPD Paketzentrum in Lehrte,1,standalone,1,159,6.068989648841514,26.19875946408162,357.96490797854966,True,3,0.7000000000000001,0.29999999999999993
DPD,DPD Paketzentrum in Lehrte,1,standalone,1,156,8.86389555258122,17.59948535884675,332.67664015855365,True,3,0.7000000000000001,0.29999999999999993
DPD,DPD Paketzentrum in Lehrte,1,standalone,1,174,56.38950461206911,3.0856805924618564,503.96886431938066,False,3,0.7000000000000001,0.29999999999999993
DPD,DPD Paketzentrum in Lehrte,1,standalone,1,165,8.711379660258004,18.94074261884635,352.25285776759216,True,3,0.7000000000000001,0.29999999999999993
DPD,DPD Paketzentrum in Lehrte,1,bundled,1,149,53.82702268136371,2.7681263532264366,439.0614789424101,False,3,0.7000000000000001,0.29999999999999993
DPD,DPD Paketzentrum in Lehrte,2,standalone,1,163,3.576189607493106,45.57923876812067,305.64629592878987,True,3,0.7000000000000001,0.29999999999999993
DPD,DPD Paketzentrum in Lehrte,2,standalone,1,153,8.305970462175056,18.420484481223934,340.1774249436617,True,3,0.7000000000000001,0.29999999999999993
DPD,DPD Paketzentrum in Lehrte,2,standalone,1,329,5.186686836161483,63.43162993883074,597.372823042421,True,3,0.7000000000000001,0.29999999999999993
DPD,DPD Paketzentrum in Lehrte,2,standalone,1,177,6.967819653017212,25.40249444076172,391.14511729551714,True,3,0.7000000000000001,0.29999999999999993
DPD,DPD Paketzentrum in Lehrte,2,standalone,1,187,6.068989648841514,30.812377482913604,379.9761448574697,True,3,0.7000000000000001,0.29999999999999993
DPD,DPD Paketzentrum in Lehrte,2,standalone,1,163,7.274391190340525,22.407373446790086,354.0621035178708,True,3,0.7000000000000001,0.29999999999999993
DPD,DPD Paketzentrum in Lehrte,2,standalone,1,198,4.462508901721823,44.36965939129069,366.14921478310987,True,3,0.7000000000000001,0.29999999999999993
DPD,DPD Paketzentrum in Lehrte,2,standalone,1,161,11.3882150903338,14.137421775310088,333.16044405458246,True,3,0.7000000000000001,0.29999999999999993
DPD,DPD Paketzentrum in Lehrte,2,standalone,1,154,4.12190647126244,37.361352343551246,336.51642701573905,True,3,0.7000000000000001,0.29999999999999993
DPD,DPD Paketzentrum in Lehrte,2,standalone,1,329,53.8021301528445,6.114999518891835,751.6180559704696,True,3,0.7000000000000001,0.29999999999999993
DPD,DPD Paketzentrum in Lehrte,2,standalone,1,164,53.82702268136371,3.0467967914707086,482.5790367248345,False,3,0.7000000000000001,0.29999999999999993
DPD,DPD Paketzentrum in Lehrte,2,standalone,1,157,66.6831619829418,2.3544174470934975,406.03416160526945,False,3,0.7000000000000001,0.29999999999999993
DPD,DPD Paketzentrum in Lehrte,2,standalone,1,164,43.13135688268341,3.8023380633741093,403.16426718489845,False,3,0.7000000000000001,0.29999999999999993
DPD,DPD Paketzentrum in Lehrte,2,standalone,1,332,112.90680951768702,2.9404780935554795,684.4780269906946,False,3,0.7000000000000001,0.29999999999999993
DPD,DPD Paketzentrum in Lehrte,2,standalone,1,284,159.38246951696127,1.7818772720783895,869.4140003251025,False,3,0.7000000000000001,0.29999999999999993
DPD,DPD Paketzentrum in Lehrte,3,standalone,1,203,4.775461708125837,42.50897869300867,362.67649431097334,True,3,0.7000000000000001,0.29999999999999993
DPD,DPD Paketzentrum in Lehrte,3,standalone,1,183,9.157258958740023,19.984146000953494,400.7922488773972,True,3,0.7000000000000001,0.29999999999999993
DPD,DPD Paketzentrum in Lehrte,3,standalone,1,191,19.21423828970633,9.940544981287376,378.538114950828,True,3,0.7000000000000001,0.29999999999999993
DPD,DPD Paketzentrum in Lehrte,3,standalone,1,162,8.86389555258122,18.27638864187932,339.17052879165715,True,3,0.7000000000000001,0.29999999999999993
DPD,DPD Paketzentrum in Lehrte,3,standalone,1,206,12.670949194485747,16.257661272104922,408.4212313355315,True,3,0.7000000000000001,0.29999999999999993
DPD,DPD Paketzentrum in Lehrte,3,standalone,1,215,12.528872220645557,17.1603633761796,500.18921800489574,True,3,0.7000000000000001,0.29999999999999993
DPD,DPD Paketzentrum in Lehrte,3,standalone,1,203,56.38950461206911,3.5999606912054993,524.9196083863725,False,3,0.7000000000000001,0.29999999999999993
DPD,DPD Paketzentrum in Lehrte,3,standalone,1,193,10.610683695060029,18.18921433779561,461.22088446491927,True,3,0.7000000000000001,0.29999999999999993
DPD,DPD Paketzentrum in Lehrte,3,standalone,1,168,8.711379660258004,19.28511975737083,352.1940906434097,True,3,0.7000000000000001,0.29999999999999993
DPD,DPD Paketzentrum in Lehrte,3,standalone,1,330,102.53407734275534,3.2184421857804577,967.8836510656729,False,3,0.7000000000000001,0.29999999999999993
DPD,DPD Paketzentrum in Lehrte,3,standalone,1,334,173.55971997363926,1.9244096501810954,939.0343650987951,False,3,0.7000000000000001,0.29999999999999993
DPD,DPD Paketzentrum in Lehrte,3,standalone,1,204,31.832385676522556,6.408567742079627,471.3111232500631,True,3,0.7000000000000001,0.29999999999999993
DPD,DPD Paketzentrum in Lehrte,3,standalone,1,226,139.34872865781722,1.6218303688651687,670.122149233061,False,3,0.7000000000000001,0.29999999999999993
DPD,DPD Paketzentrum in Lehrte,3,standalone,1,436,125.18180774883541,3.482934204583383,1185.423225562493,False,3,0.7000000000000001,0.29999999999999993
DPD,DPD Paketzentrum in Lehrte,4,standalone,1,180,37.755537878390655,4.767512532327683,466.99540160038305,False,3,0.7000000000000001,0.29999999999999993
DPD,DPD Paketzentrum in Lehrte,4,standalone,1,234,159.38246951696127,1.4681664847406448,834.4846904501705,False,3,0.7000000000000001,0.29999999999999993
DPD,DPD Paketzentrum in Lehrte,5,standalone,1,215,59.876286869182046,3.5907370219822226,497.8838810068864,False,3,0.7000000000000001,0.29999999999999993
DPD,DPD Paketzentrum in Lehrte,5,standalone,1,155,101.18549289373648,1.5318401439500693,387.21038928044254,False,3,0.7000000000000001,0.29999999999999993
DPD,DPD Paketzentrum in Lehrte,5,bundled,1,137,56.38950461206911,2.429530121651002,412.08623644098265,False,3,0.7000000000000001,0.29999999999999993
FedEx,FedEx Station - Heinz-Peter-Piper Str.,0,bundled,1,127,357.6158854957556,0.3551296381142087,874.2663601036804,False,3,0.7000000000000001,0.29999999999999993
FedEx,FedEx Station - Heinz-Peter-Piper Str.,0,bundled,1,101,173.55971997363926,0.5819322594859001,431.0632985867841,False,3,0.7000000000000001,0.29999999999999993
FedEx,FedEx Station - Heinz-Peter-Piper Str.,0,bundled,1,100,9.157258958740023,10.920298361176773,360.65104356737567,True,3,0.7000000000000001,0.29999999999999993
FedEx,FedEx Station - Heinz-Peter-Piper Str.,0,bundled,1,81,102.53407734275534,0.789981263782476,387.6044466783899,False,3,0.7000000000000001,0.29999999999999993
FedEx,FedEx Station - Heinz-Peter-Piper Str.,0,bundled,1,70,159.38246951696127,0.4391951022728425,444.43715971383136,False,3,0.7000000000000001,0.29999999999999993
FedEx,FedEx Station - Heinz-Peter-Piper Str.,0,bundled,1,48,101.18549289373648,0.4743763026426021,348.5505913438959,False,3,0.7000000000000001,0.29999999999999993
FedEx,FedEx Station - Heinz-Peter-Piper Str.,1,bundled,1,85,112.90680951768702,0.7528332468440233,411.6987133806275,False,3,0.7000000000000001,0.29999999999999993
FedEx,FedEx Station - Heinz-Peter-Piper Str.,2,standalone,1,157,357.6158854957556,0.4390185290073289,894.9642956607108,False,3,0.7000000000000001,0.29999999999999993
FedEx,FedEx Station - Heinz-Peter-Piper Str.,2,bundled,1,109,102.53407734275534,1.0630612068183936,434.5954955829807,False,3,0.7000000000000001,0.29999999999999993
FedEx,FedEx Station - Heinz-Peter-Piper Str.,2,bundled,1,93,53.8021301528445,1.7285560950058987,352.3838601657063,False,3,0.7000000000000001,0.29999999999999993
FedEx,FedEx Station - Heinz-Peter-Piper Str.,2,bundled,1,81,159.38246951696127,0.5082114754871463,454.6642992935364,False,3,0.7000000000000001,0.29999999999999993
FedEx,FedEx Station - Heinz-Peter-Piper Str.,3,bundled,1,112,173.55971997363926,0.645311020420008,471.8955729545962,False,3,0.7000000000000001,0.29999999999999993
FedEx,FedEx Station - Heinz-Peter-Piper Str.,3,bundled,1,110,9.157258958740023,12.012328197294451,357.62947712535936,True,3,0.7000000000000001,0.29999999999999993
FedEx,FedEx Station - Heinz-Peter-Piper Str.,3,bundled,1,95,112.90680951768702,0.8414018641197908,423.65681335737054,False,3,0.7000000000000001,0.29999999999999993
FedEx,FedEx Station - Heinz-Peter-Piper Str.,4,standalone,1,195,34.15472344529856,5.7093128074161585,415.79502766611637,True,3,0.7000000000000001,0.29999999999999993
FedEx,FedEx Station - Heinz-Peter-Piper Str.,4,standalone,1,197,153.22446344831192,1.285695479471887,441.06842848410895,False,3,0.7000000000000001,0.29999999999999993
FedEx,FedEx Station - Heinz-Peter-Piper Str.,4,bundled,1,132,15.85072399205562,8.3276953195424,394.6164251490567,True,3,0.7000000000000001,0.29999999999999993
FedEx,FedEx Station - Heinz-Peter-Piper Str.,4,bundled,1,130,129.47251256919432,1.0040741267805688,570.2696549462958,False,3,0.7000000000000001,0.29999999999999993
FedEx,FedEx Station - Heinz-Peter-Piper Str.,4,bundled,1,74,102.53407734275534,0.7217112780234965,389.36160123783316,False,3,0.7000000000000001,0.29999999999999993
FedEx,FedEx Station - Heinz-Peter-Piper Str.,4,bundled,1,66,159.38246951696127,0.4140982392858229,403.410070041486,False,3,0.7000000000000001,0.29999999999999993
FedEx,FedEx Station - Heinz-Peter-Piper Str.,4,bundled,1,57,37.755537878390655,1.5097123019037664,363.306928973137,False,3,0.7000000000000001,0.29999999999999993
FedEx,FedEx Station - Heinz-Peter-Piper Str.,4,bundled,1,55,43.13135688268341,1.275174350521805,350.0320870116032,False,3,0.7000000000000001,0.29999999999999993
FedEx,FedEx Station - Heinz-Peter-Piper Str.,4,bundled,2,84,79.21203420358735,1.0604449291645108,447.78953915650914,False,3,0.7000000000000001,0.29999999999999993
FedEx,FedEx Station - Heinz-Peter-Piper Str.,4,bundled,2,84,193.17575133918092,0.43483718540072624,492.89398790083044,False,3,0.7000000000000001,0.29999999999999993
FedEx,FedEx Station - Heinz-Peter-Piper Str.,4,bundled,2,91,107.25448254257799,0.8484493873146489,506.82591250098903,False,3,0.7000000000000001,0.29999999999999993
GLS,GLS in Hannover Laatzen,0,standalone,1,158,9.157258958740023,17.254071410659304,349.9303161145175,True,3,0.7000000000000001,0.29999999999999993
GLS,GLS in Hannover Laatzen,0,standalone,1,153,4.462508901721823,34.28564589327008,324.76803016641594,True,3,0.7000000000000001,0.29999999999999993
GLS,GLS in Hannover Laatzen,0,standalone,1,181,12.528872220645557,14.44663149343492,424.26046417327075,True,3,0.7000000000000001,0.29999999999999993
GLS,GLS in Hannover Laatzen,0,standalone,1,165,56.38950461206911,2.926076423886243,472.47448134405465,False,3,0.7000000000000001,0.29999999999999993
GLS,GLS in Hannover Laatzen,0,standalone,1,179,31.832385676522556,5.623204048197319,372.6902082064629,True,3,0.7000000000000001,0.29999999999999993
GLS,GLS in Hannover Laatzen,0,standalone,1,174,139.34872865781722,1.248665859214776,589.3592004402569,False,3,0.7000000000000001,0.29999999999999993
GLS,GLS in Hannover Laatzen,1,standalone,1,183,1.7979843382791898,101.78064185761772,335.67151692081853,True,3,0.7000000000000001,0.29999999999999993
GLS,GLS in Hannover Laatzen,1,standalone,1,316,33.960996603727956,9.30479171996125,576.141916720911,True,3,0.7000000000000001,0.29999999999999993
GLS,GLS in Hannover Laatzen,1,standalone,1,221,153.22446344831192,1.4423284312857207,671.8048211630162,False,3,0.7000000000000001,0.29999999999999993
GLS,GLS in Hannover Laatzen,1,standalone,1,209,37.755537878390655,5.535611773647143,463.05572828666357,True,3,0.7000000000000001,0.29999999999999993
GLS,GLS in Hannover Laatzen,1,standalone,1,379,129.47251256919432,2.927262261921812,823.2388404347943,False,3,0.7000000000000001,0.29999999999999993
GLS,GLS in Hannover Laatzen,2,standalone,1,174,4.951012974183712,35.14432317331745,344.69996875038044,True,3,0.7000000000000001,0.29999999999999993
GLS,GLS in Hannover Laatzen,2,standalone,1,184,4.775461708125837,38.530305810411804,328.4272835067133,True,3,0.7000000000000001,0.29999999999999993
GLS,GLS in Hannover Laatzen,2,standalone,1,337,23.77191867081394,14.17639041537497,679.1933372812223,True,3,0.7000000000000001,0.29999999999999993
GLS,GLS in Hannover Laatzen,2,standalone,1,181,9.157258958740023,19.76574003372996,367.629525320123,True,3,0.7000000000000001,0.29999999999999993
GLS,GLS in Hannover Laatzen,2,standalone,1,164,6.967819653017212,23.536774510084307,352.3360070478764,True,3,0.7000000000000001,0.29999999999999993
GLS,GLS in Hannover Laatzen,2,standalone,1,168,6.068989648841514,27.6817081129919,334.9179375516361,True,3,0.7000000000000001,0.29999999999999993
GLS,GLS in Hannover Laatzen,2,standalone,1,168,19.21423828970633,8.743516004483137,339.72850876390095,True,3,0.7000000000000001,0.29999999999999993
GLS,GLS in Hannover Laatzen,2,standalone,1,178,4.462508901721823,39.88787561439264,354.3491296353028,True,3,0.7000000000000001,0.29999999999999993
GLS,GLS in Hannover Laatzen,2,standalone,1,169,12.670949194485747,13.33759589798899,374.37309470812846,True,3,0.7000000000000001,0.29999999999999993
GLS,GLS in Hannover Laatzen,2,standalone,1,200,56.38950461206911,3.5467593016802947,537.0187676516356,False,3,0.7000000000000001,0.29999999999999993
GLS,GLS in Hannover Laatzen,2,standalone,1,170,10.610683695060029,16.021587758680074,389.4872559811058,True,3,0.7000000000000001,0.29999999999999993
GLS,GLS in Hannover Laatzen,2,standalone,1,343,102.53407734275534,3.345229302189991,797.1973480245881,False,3,0.7000000000000001,0.29999999999999993
GLS,GLS in Hannover Laatzen,2,standalone,1,356,173.55971997363926,2.051167172049311,1074.921725446612,False,3,0.7000000000000001,0.29999999999999993
GLS,GLS in Hannover Laatzen,2,standalone,1,308,53.8021301528445,5.724680400664696,721.5666239428897,True,3,0.7000000000000001,0.29999999999999993
GLS,GLS in Hannover Laatzen,2,standalone,1,191,139.34872865781722,1.3706619489081735,607.6997484854169,False,3,0.7000000000000001,0.29999999999999993
GLS,GLS in Hannover Laatzen,3,standalone,1,196,1.7979843382791898,109.01096067810423,368.4024940655752,True,3,0.7000000000000001,0.29999999999999993
GLS,GLS in Hannover Laatzen,3,standalone,1,204,12.528872220645557,16.282391296468088,476.40772357576816,True,3,0.7000000000000001,0.29999999999999993
GLS,GLS in Hannover Laatzen,3,standalone,1,230,153.22446344831192,1.5010657882159084,669.6626521342305,False,3,0.7000000000000001,0.29999999999999993
GLS,GLS in Hannover Laatzen,3,standalone,1,223,37.755537878390655,5.906418303939296,468.1080742449131,True,3,0.7000000000000001,0.29999999999999993
GLS,GLS in Hannover Laatzen,3,standalone,1,199,31.832385676522556,6.251495003303165,393.99100267380356,True,3,0.7000000000000001,0.29999999999999993
GLS,GLS in Hannover Laatzen,3,standalone,1,404,129.47251256919432,3.120353440148844,843.6009348384164,False,3,0.7000000000000001,0.29999999999999993
GLS,GLS in Hannover Laatzen,4,standalone,1,190,5.186686836161483,36.63224829294176,361.8695193678735,True,3,0.7000000000000001,0.29999999999999993
GLS,GLS in Hannover Laatzen,4,standalone,1,202,13.714884737746763,14.72852334252915,368.4182680006682,True,3,0.7000000000000001,0.29999999999999993
GLS,GLS in Hannover Laatzen,4,standalone,1,263,102.53407734275534,2.5650008935159407,756.45675010674,False,3,0.7000000000000001,0.29999999999999993
GLS,GLS in Hannover Laatzen,4,standalone,1,250,53.8021301528445,4.646656169370695,712.5519720998855,False,3,0.7000000000000001,0.29999999999999993
GLS,GLS in Hannover Laatzen,4,standalone,1,212,101.18549289373648,2.0951620033381593,482.8674358291471,False,3,0.7000000000000001,0.29999999999999993
GLS,GLS in Hannover Laatzen,4,bundled,1,121,66.6831619829418,1.8145510261039057,322.0583642763815,False,3,0.7000000000000001,0.29999999999999993
GLS,GLS in Hannover Laatzen,4,bundled,1,115,53.82702268136371,2.136473359872753,354.340895746004,False,3,0.7000000000000001,0.29999999999999993
GLS,GLS in Hannover Laatzen,5,standalone,1,161,5.368928981069905,29.98735885083665,317.05930487324486,True,3,0.7000000000000001,0.29999999999999993
GLS,GLS in Hannover Laatzen,5,standalone,1,155,19.484913733542946,7.954872272961114,361.99850148034926,True,3,0.7000000000000001,0.29999999999999993
GLS,GLS in Hannover Laatzen,5,standalone,1,150,153.22446344831192,0.9789559488364621,454.8670207731893,False,3,0.7000000000000001,0.29999999999999993
GLS,GLS in Hannover Laatzen,5,standalone,1,174,112.90680951768702,1.5410939405983537,477.2450147159467,False,3,0.7000000000000001,0.29999999999999993
GLS,GLS in Hannover Laatzen,5,bundled,1,133,37.755537878390655,3.5226620377754547,366.3695879407634,False,3,0.7000000000000001,0.29999999999999993
Hermes,Hermes LC Hannover Langenhagen,0,standalone,1,185,3.576189607493106,51.73103786565842,308.3088099506755,True,3,0.7000000000000001,0.29999999999999993
Hermes,Hermes LC Hannover Langenhagen,0,standalone,1,196,6.967819653017212,28.129315877905636,387.0746670607684,True,3,0.7000000000000001,0.29999999999999993
Hermes,Hermes LC Hannover Langenhagen,0,standalone,1,185,6.068989648841514,30.48283333871132,372.3318667186169,True,3,0.7000000000000001,0.29999999999999993
Hermes,Hermes LC Hannover Langenhagen,0,standalone,1,194,7.274391190340525,26.6688984581428,372.80321316787956,True,3,0.7000000000000001,0.29999999999999993
Hermes,Hermes LC Hannover Langenhagen,0,standalone,1,218,19.21423828970633,11.345752910579309,409.5788907925553,True,3,0.7000000000000001,0.29999999999999993
Hermes,Hermes LC Hannover Langenhagen,0,standalone,1,193,8.86389555258122,21.773722270880917,360.98659109784387,True,3,0.7000000000000001,0.29999999999999993
Hermes,Hermes LC Hannover Langenhagen,0,standalone,1,209,12.670949194485747,16.494423329465675,387.97089905331796,True,3,0.7000000000000001,0.29999999999999993
Hermes,Hermes LC Hannover Langenhagen,0,standalone,1,210,10.610683695060029,19.79137311366362,387.3151684720006,True,3,0.7000000000000001,0.29999999999999993
Hermes,Hermes LC Hannover Langenhagen,0,standalone,1,205,66.6831619829418,3.0742393417462868,536.4108503262012,False,3,0.7000000000000001,0.29999999999999993
Hermes,Hermes LC Hannover Langenhagen,0,standalone,1,201,43.13135688268341,4.660182626452414,399.3206704345185,False,3,0.7000000000000001,0.29999999999999993
Hermes,Hermes LC Hannover Langenhagen,0,standalone,1,343,101.18549289373648,3.3898139959669273,774.4112247162573,False,3,0.7000000000000001,0.29999999999999993
Hermes,Hermes LC Hannover Langenhagen,0,standalone,1,360,159.38246951696127,2.2587176688317614,903.1251784588248,False,3,0.7000000000000001,0.29999999999999993
Hermes,Hermes LC Hannover Langenhagen,1,standalone,1,182,8.305970462175056,21.91194886001801,343.43716236529326,True,3,0.7000000000000001,0.29999999999999993
Hermes,Hermes LC Hannover Langenhagen,1,standalone,1,190,14.669809711755617,12.951769909308636,360.2960350534688,True,3,0.7000000000000001,0.29999999999999993
Hermes,Hermes LC Hannover Langenhagen,1,standalone,1,197,11.3882150903338,17.29858440829868,362.8428571288692,True,3,0.7000000000000001,0.29999999999999993
Hermes,Hermes LC Hannover Langenhagen,1,standalone,1,188,4.12190647126244,45.609962601218406,329.015374466347,True,3,0.7000000000000001,0.29999999999999993
Hermes,Hermes LC Hannover Langenhagen,1,standalone,1,188,8.711379660258004,21.58096734753402,344.6598781756253,True,3,0.7000000000000001,0.29999999999999993
Hermes,Hermes LC Hannover Langenhagen,1,standalone,1,201,53.82702268136371,3.7341838724732463,449.3218903672597,False,3,0.7000000000000001,0.29999999999999993
Hermes,Hermes LC Hannover Langenhagen,1,standalone,1,370,112.90680951768702,3.277038839203396,774.1065386485257,False,3,0.7000000000000001,0.29999999999999993
Hermes,Hermes LC Hannover Langenhagen,2,standalone,1,347,153.22446344831192,2.264651428308349,746.0246333592928,False,3,0.7000000000000001,0.29999999999999993
Hermes,Hermes LC Hannover Langenhagen,2,standalone,1,334,37.755537878390655,8.846384365541368,688.6596138779944,True,3,0.7000000000000001,0.29999999999999993
Hermes,Hermes LC Hannover Langenhagen,2,standalone,1,215,43.13135688268341,4.984772461130691,444.0309553033351,False,3,0.7000000000000001,0.29999999999999993
Hermes,Hermes LC Hannover Langenhagen,2,standalone,1,288,139.34872865781722,2.06675728421756,842.4681111985371,False,3,0.7000000000000001,0.29999999999999993
Hermes,Hermes LC Hannover Langenhagen,3,standalone,1,208,3.576189607493106,58.16246419490245,343.53844086365336,True,3,0.7000000000000001,0.29999999999999993
Hermes,Hermes LC Hannover Langenhagen,3,standalone,1,190,8.305970462175056,22.87511144727155,338.57225825267506,True,3,0.7000000000000001,0.29999999999999993
Hermes,Hermes LC Hannover Langenhagen,3,standalone,1,208,6.068989648841514,34.27259099703759,403.03587395915525,True,3,0.7000000000000001,0.29999999999999993
Hermes,Hermes LC Hannover Langenhagen,3,standalone,1,218,7.274391190340525,29.96814362822232,388.64286093793663,True,3,0.7000000000000001,0.29999999999999993
Hermes,Hermes LC Hannover Langenhagen,3,standalone,1,218,8.86389555258122,24.594152616849946,399.581063176645,True,3,0.7000000000000001,0.29999999999999993
Hermes,Hermes LC Hannover Langenhagen,3,standalone,1,205,14.669809711755617,13.97427806004353,393.2360040690072,True,3,0.7000000000000001,0.29999999999999993
Hermes,Hermes LC Hannover Langenhagen,3,standalone,1,202,11.3882150903338,17.737634773991537,365.94146131502833,True,3,0.7000000000000001,0.29999999999999993
Hermes,Hermes LC Hannover Langenhagen,3,standalone,1,216,4.12190647126244,52.402935754591354,358.6785279601662,True,3,0.7000000000000001,0.29999999999999993
Hermes,Hermes LC Hannover Langenhagen,3,standalone,1,419,59.876286869182046,6.997761917258378,720.1748751637022,True,3,0.7000000000000001,0.29999999999999993
Hermes,Hermes LC Hannover Langenhagen,3,standalone,1,218,53.82702268136371,4.050010369150089,533.7258929018826,False,3,0.7000000000000001,0.29999999999999993
Hermes,Hermes LC Hannover Langenhagen,3,standalone,1,205,66.6831619829418,3.0742393417462868,522.2141425309926,False,3,0.7000000000000001,0.29999999999999993
Hermes,Hermes LC Hannover Langenhagen,3,standalone,1,403,112.90680951768702,3.5693152762134286,824.5009257258324,False,3,0.7000000000000001,0.29999999999999993
Hermes,Hermes LC Hannover Langenhagen,3,standalone,1,370,101.18549289373648,3.656650666203391,783.4995569969781,False,3,0.7000000000000001,0.29999999999999993
Hermes,Hermes LC Hannover Langenhagen,3,standalone,1,392,159.38246951696127,2.459492572727918,965.2609249454856,False,3,0.7000000000000001,0.29999999999999993
Hermes,Hermes LC Hannover Langenhagen,4,standalone,1,224,139.34872865781722,1.6074778877247689,709.1744570187634,False,3,0.7000000000000001,0.29999999999999993
Hermes,Hermes LC Hannover Langenhagen,5,standalone,1,158,9.157258958740023,17.254071410659304,342.88048033244183,True,3,0.7000000000000001,0.29999999999999993
Hermes,Hermes LC Hannover Langenhagen,5,standalone,1,165,4.462508901721823,36.974716159408906,323.63851676107646,True,3,0.7000000000000001,0.29999999999999993
Hermes,Hermes LC Hannover Langenhagen,5,standalone,1,193,56.38950461206911,3.4226227261214843,416.3740775770625,False,3,0.7000000000000001,0.29999999999999993
Hermes,Hermes LC Hannover Langenhagen,5,bundled,1,144,53.82702268136371,2.675236207145012,412.15484339825696,False,3,0.7000000000000001,0.29999999999999993
UPS,UPS Depot Hannover,0,standalone,1,167,357.6158854957556,0.46698149263836897,959.5075497388272,False,3,0.7000000000000001,0.29999999999999993
UPS,UPS Depot Hannover,0,bundled,1,116,159.38246951696127,0.7278090266235675,555.997623616382,False,3,0.7000000000000001,0.29999999999999993
UPS,UPS Depot Hannover,0,bundled,1,114,53.8021301528445,2.118875213233037,365.4739703936199,False,3,0.7000000000000001,0.29999999999999993
UPS,UPS Depot Hannover,0,bundled,1,101,12.528872220645557,8.061380004623906,338.6442385739165,True,3,0.7000000000000001,0.29999999999999993
UPS,UPS Depot Hannover,0,bundled,1,94,31.832385676522556,2.952967488997475,367.37454163258826,False,3,0.7000000000000001,0.29999999999999993
UPS,UPS Depot Hannover,0,bundled,2,159,177.1042665362079,0.8977762258906022,721.7512775832172,False,3,0.7000000000000001,0.29999999999999993
UPS,UPS Depot Hannover,1,standalone,1,189,19.21423828970633,9.83645550504353,370.6212234696481,True,3,0.7000000000000001,0.29999999999999993
UPS,UPS Depot Hannover,2,standalone,1,224,357.6158854957556,0.6263703853352973,1110.4922107807022,False,3,0.7000000000000001,0.29999999999999993
UPS,UPS Depot Hannover,2,bundled,1,121,31.832385676522556,3.8011602783903666,387.7559748462203,False,3,0.7000000000000001,0.29999999999999993
UPS,UPS Depot Hannover,2,bundled,1,112,12.528872220645557,8.93935208433542,367.0591983756409,True,3,0.7000000000000001,0.29999999999999993
UPS,UPS Depot Hannover,2,bundled,1,107,37.755537878390655,2.834021338661456,406.45910760048656,False,3,0.7000000000000001,0.29999999999999993
UPS,UPS Depot Hannover,2,bundled,2,181,240.53422155155369,0.7524916780342887,899.6234276773075,False,3,0.7000000000000001,0.29999999999999993
UPS,UPS Depot Hannover,3,bundled,1,127,159.38246951696127,0.7968253998378714,588.4417816841294,False,3,0.7000000000000001,0.29999999999999993
UPS,UPS Depot Hannover,3,bundled,1,126,53.8021301528445,2.3419147093628303,385.75062343254194,False,3,0.7000000000000001,0.29999999999999993
UPS,UPS Depot Hannover,4,standalone,1,173,357.6158854957556,0.483759270816993,933.5779001297494,False,3,0.7000000000000001,0.29999999999999993
UPS,UPS Depot Hannover,4,bundled,1,141,173.55971997363926,0.8124004810644744,504.5457575477547,False,3,0.7000000000000001,0.29999999999999993
UPS,UPS Depot Hannover,4,bundled,1,137,10.610683695060029,12.911514840818647,353.0363028677399,True,3,0.7000000000000001,0.29999999999999993
UPS,UPS Depot Hannover,4,bundled,1,131,23.77191867081394,5.510703692623505,373.088390234559,True,3,0.7000000000000001,0.29999999999999993
UPS,UPS Depot Hannover,4,bundled,1,122,112.90680951768702,1.080537130764363,443.53359410894063,False,3,0.7000000000000001,0.29999999999999993
UPS,UPS Depot Hannover,4,bundled,1,113,102.53407734275534,1.1020726272520962,463.64156151769794,False,3,0.7000000000000001,0.29999999999999993
UPS,UPS Depot Hannover,4,bundled,1,72,101.18549289373648,0.7115644539639031,370.2566593794912,False,3,0.7000000000000001,0.29999999999999993
UPS,UPS Depot Hannover,4,bundled,1,62,139.34872865781722,0.4449269153523914,386.96712783763746,False,3,0.7000000000000001,0.29999999999999993
UPS,UPS Depot Hannover,4,bundled,1,53,66.6831619829418,0.7948033420124546,368.28828522677753,False,3,0.7000000000000001,0.29999999999999993
UPS,UPS Depot Hannover,5,bundled,1,140,129.47251256919432,1.0813105980713817,572.8656552750728,False,3,0.7000000000000001,0.29999999999999993
Amazon,Amazon Logistics HAJ8 in Garbsen,1,standalone,1,552,139.34872865781722,3.9612847947503234,1475.609545206439,False,3,0.8,0.19999999999999996
DPD,DPD Paketzentrum in Lehrte,0,standalone,1,200,19.21423828970633,10.408947624384687,397.63631079675866,True,3,0.8,0.19999999999999996
DPD,DPD Paketzentrum in Lehrte,0,standalone,1,189,4.462508901721823,42.35285669168657,361.12661384676056,True,3,0.8,0.19999999999999996
DPD,DPD Paketzentrum in Lehrte,0,standalone,1,186,10.610683695060029,17.52950190067349,431.6552796217643,True,3,0.8,0.19999999999999996
DPD,DPD Paketzentrum in Lehrte,0,standalone,1,317,102.53407734275534,3.0916550693709244,929.9994620808937,False,3,0.8,0.19999999999999996
DPD,DPD Paketzentrum in Lehrte,0,standalone,1,351,173.55971997363926,2.0223586443519896,991.1318991513053,False,3,0.8,0.19999999999999996
DPD,DPD Paketzentrum in Lehrte,0,standalone,1,338,59.876286869182046,5.6449726206046105,691.5648263226785,True,3,0.8,0.19999999999999996
DPD,DPD Paketzentrum in Lehrte,0,standalone,1,216,31.832385676522556,6.785542315143134,497.3001320768963,True,3,0.8,0.19999999999999996
DPD,DPD Paketzentrum in Lehrte,0,standalone,1,168,66.6831619829418,2.5193766312847616,415.404014580014,False,3,0.8,0.19999999999999996
DPD,DPD Paketzentrum in Lehrte,0,standalone,1,171,43.13135688268341,3.964632980713248,449.1367408222011,False,3,0.8,0.19999999999999996
DPD,DPD Paketzentrum in Lehrte,0,standalone,1,207,139.34872865781722,1.4854817980313713,634.0159326065034,False,3,0.8,0.19999999999999996
DPD,DPD Paketzentrum in Lehrte,1,standalone,1,198,4.775461708125837,41.46195951337791,374.4006476138036,True,3,0.8,0.19999999999999996
DPD,DPD Paketzentrum in Lehrte,1,standalone,1,203,9.157258958740023,22.16820567318885,420.05931285081226,True,3,0.8,0.19999999999999996
DPD,DPD Paketzentrum in Lehrte,1,standalone,1,177,6.967819653017212,25.40249444076172,390.54729668677794,True,3,0.8,0.19999999999999996
DPD,DPD Paketzentrum in Lehrte,1,standalone,1,182,6.068989648841514,29.98851712240789,390.41195082523313,True,3,0.8,0.19999999999999996
DPD,DPD Paketzentrum in Lehrte,1,standalone,1,178,8.86389555258122,20.0814640632995,350.91132410370005,True,3,0.8,0.19999999999999996
DPD,DPD Paketzentrum in Lehrte,1,standalone,1,199,56.38950461206911,3.5290255051718935,522.302025304139,False,3,0.8,0.19999999999999996
DPD,DPD Paketzentrum in Lehrte,1,standalone,1,188,8.711379660258004,21.58096734753402,378.4065696979891,True,3,0.8,0.19999999999999996
DPD,DPD Paketzentrum in Lehrte,1,standalone,1,342,53.8021301528445,6.356625639699112,741.9935242872712,True,3,0.8,0.19999999999999996
DPD,DPD Paketzentrum in Lehrte,1,standalone,1,170,53.82702268136371,3.1582649667684173,485.5262447585318,False,3,0.8,0.19999999999999996
DPD,DPD Paketzentrum in Lehrte,2,standalone,1,186,3.576189607493106,52.01066509736469,342.71578774175816,True,3,0.8,0.19999999999999996
DPD,DPD Paketzentrum in Lehrte,2,standalone,1,174,8.305970462175056,20.948786272764472,352.70610478380786,True,3,0.8,0.19999999999999996
DPD,DPD Paketzentrum in Lehrte,2,standalone,1,376,5.186686836161483,72.4932913586637,626.890859125192,True,3,0.8,0.19999999999999996
DPD,DPD Paketzentrum in Lehrte,2,standalone,1,202,6.967819653017212,28.990417384372133,436.7148729889594,True,3,0.8,0.19999999999999996
DPD,DPD Paketzentrum in Lehrte,2,standalone,1,186,7.274391190340525,25.569150068116294,385.4080419503621,True,3,0.8,0.19999999999999996
DPD,DPD Paketzentrum in Lehrte,2,standalone,1,226,4.462508901721823,50.64415667894796,412.90361386972114,True,3,0.8,0.19999999999999996
DPD,DPD Paketzentrum in Lehrte,2,standalone,1,184,11.3882150903338,16.157053457497245,356.4557271955741,True,3,0.8,0.19999999999999996
DPD,DPD Paketzentrum in Lehrte,2,standalone,1,176,4.12190647126244,42.69868839263,354.2401406485577,True,3,0.8,0.19999999999999996
DPD,DPD Paketzentrum in Lehrte,2,standalone,1,418,173.55971997363926,2.4083929154961012,1146.6263808097253,False,3,0.8,0.19999999999999996
DPD,DPD Paketzentrum in Lehrte,2,standalone,1,187,53.82702268136371,3.474091463445259,501.6901963704064,False,3,0.8,0.19999999999999996
DPD,DPD Paketzentrum in Lehrte,2,standalone,1,179,66.6831619829418,2.6843358154760257,448.54702454362933,False,3,0.8,0.19999999999999996
DPD,DPD Paketzentrum in Lehrte,2,standalone,1,187,43.13135688268341,4.335592791774137,458.8395288586429,False,3,0.8,0.19999999999999996
DPD,DPD Paketzentrum in Lehrte,2,standalone,1,380,112.90680951768702,3.365607456479163,730.1115213428293,False,3,0.8,0.19999999999999996
DPD,DPD Paketzentrum in Lehrte,2,standalone,1,325,159.38246951696127,2.03912011769534,911.4195213002934,False,3,0.8,0.19999999999999996
DPD,DPD Paketzentrum in Lehrte,3,standalone,1,209,9.157258958740023,22.823423574859458,457.99053736470273,True,3,0.8,0.19999999999999996
DPD,DPD Paketzentrum in Lehrte,3,standalone,1,219,19.21423828970633,11.397797648701232,434.1320848564216,True,3,0.8,0.19999999999999996
DPD,DPD Paketzentrum in Lehrte,3,standalone,1,185,8.86389555258122,20.871184560170825,363.00199035558774,True,3,0.8,0.19999999999999996
DPD,DPD Paketzentrum in Lehrte,3,standalone,1,192,8.711379660258004,22.04013686556666,384.69229786439905,True,3,0.8,0.19999999999999996
DPD,DPD Paketzentrum in Lehrte,3,standalone,1,377,102.53407734275534,3.676826375876462,1020.6076689386078,False,3,0.8,0.19999999999999996
DPD,DPD Paketzentrum in Lehrte,4,standalone,1,302,53.8021301528445,5.6131606525998,716.3789487979589,True,3,0.8,0.19999999999999996
DPD,DPD Paketzentrum in Lehrte,4,standalone,1,268,159.38246951696127,1.6814898201303112,842.7620066108922,False,3,0.8,0.19999999999999996
DPD,DPD Paketzentrum in Lehrte,4,bundled,1,148,53.82702268136371,2.7495483240101515,442.2949770232344,False,3,0.8,0.19999999999999996
DPD,DPD Paketzentrum in Lehrte,4,bundled,1,146,66.6831619829418,2.1894582629022334,408.8152283408526,False,3,0.8,0.19999999999999996
DPD,DPD Paketzentrum in Lehrte,5,standalone,1,156,56.38950461206911,2.76647225531063,441.73356591398743,False,3,0.8,0.19999999999999996
DPD,DPD Paketzentrum in Lehrte,5,standalone,1,152,37.755537878390655,4.025899471743377,449.9204281634709,False,3,0.8,0.19999999999999996
DPD,DPD Paketzentrum in Lehrte,5,standalone,1,178,101.18549289373648,1.7591454556329829,414.21095835558174,False,3,0.8,0.19999999999999996
FedEx,FedEx Station - Heinz-Peter-Piper Str.,0,bundled,1,116,173.55971997363926,0.6683578425778655,501.920874219139,False,3,0.8,0.19999999999999996
FedEx,FedEx Station - Heinz-Peter-Piper Str.,0,bundled,1,114,9.157258958740023,12.449140131741522,382.302019119879,True,3,0.8,0.19999999999999996
FedEx,FedEx Station - Heinz-Peter-Piper Str.,0,bundled,1,93,102.53407734275534,0.9070155250835835,409.16422206904485,False,3,0.8,0.19999999999999996
FedEx,FedEx Station - Heinz-Peter-Piper Str.,0,bundled,1,54,101.18549289373648,0.5336733404729274,361.1932995439778,False,3,0.8,0.19999999999999996
FedEx,FedEx Station - Heinz-Peter-Piper Str.,1,standalone,1,156,357.6158854957556,0.43622223264422494,925.2554073491999,False,3,0.8,0.19999999999999996
FedEx,FedEx Station - Heinz-Peter-Piper Str.,1,bundled,1,98,112.90680951768702,0.867972449302521,452.55081822703175,False,3,0.8,0.19999999999999996
FedEx,FedEx Station - Heinz-Peter-Piper Str.,2,bundled,1,134,9.157258958740023,14.633199803976876,392.9857421067261,True,3,0.8,0.19999999999999996
FedEx,FedEx Station - Heinz-Peter-Piper Str.,2,bundled,1,125,102.53407734275534,1.2191068885532037,470.97832517469317,False,3,0.8,0.19999999999999996
FedEx,FedEx Station - Heinz-Peter-Piper Str.,2,bundled,1,106,53.8021301528445,1.9701822158131748,352.97569571650564,False,3,0.8,0.19999999999999996
FedEx,FedEx Station - Heinz-Peter-Piper Str.,2,bundled,1,93,159.38246951696127,0.583502064448205,497.3339649550021,False,3,0.8,0.19999999999999996
FedEx,FedEx Station - Heinz-Peter-Piper Str.,3,standalone,1,166,357.6158854957556,0.464185196275265,878.8863252227012,False,3,0.8,0.19999999999999996
FedEx,FedEx Station - Heinz-Peter-Piper Str.,3,bundled,1,144,23.77191867081394,6.057567417845684,387.0128533526289,True,3,0.8,0.19999999999999996
FedEx,FedEx Station - Heinz-Peter-Piper Str.,3,bundled,1,128,173.55971997363926,0.7374983090514378,506.7739452652403,False,3,0.8,0.19999999999999996
FedEx,FedEx Station - Heinz-Peter-Piper Str.,3,bundled,1,108,112.90680951768702,0.9565410665782885,469.69278125508333,False,3,0.8,0.19999999999999996
FedEx,FedEx Station - Heinz-Peter-Piper Str.,4,standalone,1,162,12.254281076148747,13.21986977394459,402.0278531372982,True,3,0.8,0.19999999999999996
FedEx,FedEx Station - Heinz-Peter-Piper Str.,4,standalone,1,151,15.85072399205562,9.52637873674926,406.42452985998796,True,3,0.8,0.19999999999999996
FedEx,FedEx Station - Heinz-Peter-Piper Str.,4,bundled,1,148,129.47251256919432,1.1430997751040322,601.5148543670566,False,3,0.8,0.19999999999999996
FedEx,FedEx Station - Heinz-Peter-Piper Str.,4,bundled,1,75,159.38246951696127,0.47056618100661696,424.1097294118383,False,3,0.8,0.19999999999999996
FedEx,FedEx Station - Heinz-Peter-Piper Str.,4,bundled,1,65,37.755537878390655,1.7216017477849967,372.88215844414776,False,3,0.8,0.19999999999999996
FedEx,FedEx Station - Heinz-Peter-Piper Str.,4,bundled,1,62,43.13135688268341,1.4374692678609438,360.0229057581145,False,3,0.8,0.19999999999999996
FedEx,FedEx Station - Heinz-Peter-Piper Str.,4,bundled,1,52,101.18549289373648,0.5139076611961523,359.33910722894603,False,3,0.8,0.19999999999999996
FedEx,FedEx Station - Heinz-Peter-Piper Str.,4,bundled,1,42,139.34872865781722,0.3014021039483942,346.8946352831791,False,3,0.8,0.19999999999999996
FedEx,FedEx Station - Heinz-Peter-Piper Str.,4,bundled,1,39,66.6831619829418,0.5848552894053911,349.27123698420826,False,3,0.8,0.19999999999999996
GLS,GLS in Hannover Laatzen,0,standalone,1,192,1.7979843382791898,106.7862471948776,343.30808825769327,True,3,0.8,0.19999999999999996
GLS,GLS in Hannover Laatzen,0,standalone,1,353,6.17992293720077,57.12045337573308,609.4799912103892,True,3,0.8,0.19999999999999996
GLS,GLS in Hannover Laatzen,0,standalone,1,180,9.157258958740023,19.656537050118192,369.5940490196927,True,3,0.8,0.19999999999999996
GLS,GLS in Hannover Laatzen,0,standalone,1,175,4.462508901721823,39.215608047857934,353.95797063830526,True,3,0.8,0.19999999999999996
GLS,GLS in Hannover Laatzen,0,standalone,1,207,12.528872220645557,16.5218382272985,488.4758930764069,True,3,0.8,0.19999999999999996
GLS,GLS in Hannover Laatzen,0,standalone,1,188,56.38950461206911,3.3339537435794773,538.0868295166271,False,3,0.8,0.19999999999999996
GLS,GLS in Hannover Laatzen,0,standalone,1,221,37.755537878390655,5.853445942468989,483.9734988774225,True,3,0.8,0.19999999999999996
GLS,GLS in Hannover Laatzen,0,standalone,1,204,31.832385676522556,6.408567742079627,415.21536253798365,True,3,0.8,0.19999999999999996
GLS,GLS in Hannover Laatzen,0,standalone,1,407,129.47251256919432,3.1435243815360883,862.9039403034581,False,3,0.8,0.19999999999999996
GLS,GLS in Hannover Laatzen,1,standalone,1,361,33.960996603727956,10.6298411737532,587.7024316281304,True,3,0.8,0.19999999999999996
GLS,GLS in Hannover Laatzen,1,standalone,1,332,173.55971997363926,1.9128862391021666,990.1412203908005,False,3,0.8,0.19999999999999996
GLS,GLS in Hannover Laatzen,1,standalone,1,253,153.22446344831192,1.6511723670374994,766.0568168118715,False,3,0.8,0.19999999999999996
GLS,GLS in Hannover Laatzen,2,standalone,1,199,4.951012974183712,40.193794893621686,376.62629015297875,True,3,0.8,0.19999999999999996
GLS,GLS in Hannover Laatzen,2,standalone,1,210,4.775461708125837,43.97480554449173,374.71553848304814,True,3,0.8,0.19999999999999996
GLS,GLS in Hannover Laatzen,2,standalone,1,386,23.77191867081394,16.23764599505857,700.4810640121624,True,3,0.8,0.19999999999999996
GLS,GLS in Hannover Laatzen,2,standalone,1,206,9.157258958740023,22.495814624024153,416.72176692200037,True,3,0.8,0.19999999999999996
GLS,GLS in Hannover Laatzen,2,standalone,1,187,6.967819653017212,26.837663618205887,379.5410302884794,True,3,0.8,0.19999999999999996
GLS,GLS in Hannover Laatzen,2,standalone,1,192,19.21423828970633,9.992589719409299,354.0866513741642,True,3,0.8,0.19999999999999996
GLS,GLS in Hannover Laatzen,2,standalone,1,203,4.462508901721823,45.4901053355152,388.4378998900089,True,3,0.8,0.19999999999999996
GLS,GLS in Hannover Laatzen,2,standalone,1,194,12.670949194485747,15.310613042661918,404.1614280572552,True,3,0.8,0.19999999999999996
GLS,GLS in Hannover Laatzen,2,standalone,1,229,56.38950461206911,4.061039400423938,655.1053942619105,False,3,0.8,0.19999999999999996
GLS,GLS in Hannover Laatzen,2,standalone,1,195,10.610683695060029,18.377703605544788,430.43136569284536,True,3,0.8,0.19999999999999996
GLS,GLS in Hannover Laatzen,2,standalone,1,392,102.53407734275534,3.8231192025028466,877.6472454280788,False,3,0.8,0.19999999999999996
GLS,GLS in Hannover Laatzen,2,standalone,1,352,53.8021301528445,6.542491886473939,745.2623098435174,True,3,0.8,0.19999999999999996
GLS,GLS in Hannover Laatzen,3,standalone,1,224,1.7979843382791898,124.58395506069054,412.67030065545987,True,3,0.8,0.19999999999999996
GLS,GLS in Hannover Laatzen,3,standalone,1,262,153.22446344831192,1.709909723967687,755.5938506825341,False,3,0.8,0.19999999999999996
GLS,GLS in Hannover Laatzen,3,standalone,1,227,31.832385676522556,7.131102340451349,440.18024323559695,True,3,0.8,0.19999999999999996
GLS,GLS in Hannover Laatzen,3,standalone,1,321,112.90680951768702,2.843052614552135,786.1414400485378,False,3,0.8,0.19999999999999996
GLS,GLS in Hannover Laatzen,4,standalone,1,177,56.38950461206911,3.138881981987061,522.8903507066475,False,3,0.8,0.19999999999999996
GLS,GLS in Hannover Laatzen,4,standalone,1,286,53.8021301528445,5.315774657760075,721.1128620521281,True,3,0.8,0.19999999999999996
GLS,GLS in Hannover Laatzen,4,standalone,1,202,37.755537878390655,5.350208508501066,431.0704545681516,True,3,0.8,0.19999999999999996
GLS,GLS in Hannover Laatzen,4,standalone,1,170,139.34872865781722,1.2199608969339764,617.417253178041,False,3,0.8,0.19999999999999996
GLS,GLS in Hannover Laatzen,4,bundled,1,138,66.6831619829418,2.0694879471267686,328.36480120429354,False,3,0.8,0.19999999999999996
GLS,GLS in Hannover Laatzen,4,bundled,1,132,53.82702268136371,2.452299856549595,373.06623375967854,False,3,0.8,0.19999999999999996
GLS,GLS in Hannover Laatzen,5,standalone,1,184,5.368928981069905,34.27126725809903,357.0918178736082,True,3,0.8,0.19999999999999996
GLS,GLS in Hannover Laatzen,5,standalone,1,176,5.186686836161483,33.93302999767237,344.3440712169594,True,3,0.8,0.19999999999999996
GLS,GLS in Hannover Laatzen,5,standalone,1,193,13.714884737746763,14.072302005485774,371.784504804581,True,3,0.8,0.19999999999999996
GLS,GLS in Hannover Laatzen,5,standalone,1,178,19.484913733542946,9.135272674755344,386.5310448146874,True,3,0.8,0.19999999999999996
GLS,GLS in Hannover Laatzen,5,standalone,1,219,102.53407734275534,2.1358752687452127,663.8103585589273,False,3,0.8,0.19999999999999996
GLS,GLS in Hannover Laatzen,5,standalone,1,207,59.876286869182046,3.457128202559628,506.7415592065119,False,3,0.8,0.19999999999999996
GLS,GLS in Hannover Laatzen,5,standalone,1,172,153.22446344831192,1.12253615466581,523.1741485064116,False,3,0.8,0.19999999999999996
GLS,GLS in Hannover Laatzen,5,standalone,1,198,112.90680951768702,1.7536586220601955,564.8177093827268,False,3,0.8,0.19999999999999996
GLS,GLS in Hannover Laatzen,5,standalone,1,178,101.18549289373648,1.7591454556329829,431.59768272695993,False,3,0.8,0.19999999999999996
Hermes,Hermes LC Hannover Langenhagen,0,standalone,1,211,3.576189607493106,59.00134589002123,347.9129903544915,True,3,0.8,0.19999999999999996
Hermes,Hermes LC Hannover Langenhagen,0,standalone,1,195,8.305970462175056,23.477088064305015,341.3975240267473,True,3,0.8,0.19999999999999996
Hermes,Hermes LC Hannover Langenhagen,0,standalone,1,224,6.967819653017212,32.1477895747493,423.8260494957009,True,3,0.8,0.19999999999999996
Hermes,Hermes LC Hannover Langenhagen,0,standalone,1,212,6.068989648841514,34.93167928544216,424.58973715702035,True,3,0.8,0.19999999999999996
Hermes,Hermes LC Hannover Langenhagen,0,standalone,1,222,7.274391190340525,30.518017823235574,415.0683364077454,True,3,0.8,0.19999999999999996
Hermes,Hermes LC Hannover Langenhagen,0,standalone,1,221,8.86389555258122,24.93260425836623,403.07288807629044,True,3,0.8,0.19999999999999996
Hermes,Hermes LC Hannover Langenhagen,0,standalone,1,188,14.669809711755617,12.815435489210651,366.0403674623053,True,3,0.8,0.19999999999999996
Hermes,Hermes LC Hannover Langenhagen,0,standalone,1,209,11.3882150903338,18.352305285961542,403.1218020508638,True,3,0.8,0.19999999999999996
Hermes,Hermes LC Hannover Langenhagen,0,standalone,1,195,53.82702268136371,3.6227156971755377,457.46795831310106,False,3,0.8,0.19999999999999996
Hermes,Hermes LC Hannover Langenhagen,0,standalone,1,229,43.13135688268341,5.3093622958089695,488.97259457884354,True,3,0.8,0.19999999999999996
Hermes,Hermes LC Hannover Langenhagen,0,standalone,1,420,112.90680951768702,3.719881925582233,845.574788333752,False,3,0.8,0.19999999999999996
Hermes,Hermes LC Hannover Langenhagen,0,standalone,1,392,101.18549289373648,3.874073138247917,818.5876221987967,False,3,0.8,0.19999999999999996
Hermes,Hermes LC Hannover Langenhagen,0,standalone,1,412,159.38246951696127,2.5849768876630157,1034.3001744636656,False,3,0.8,0.19999999999999996
Hermes,Hermes LC Hannover Langenhagen,1,standalone,1,214,8.711379660258004,24.565569214746173,375.799565494503,True,3,0.8,0.19999999999999996
Hermes,Hermes LC Hannover Langenhagen,2,standalone,1,227,11.3882150903338,19.932886602455838,408.37372093475085,True,3,0.8,0.19999999999999996
Hermes,Hermes LC Hannover Langenhagen,2,standalone,1,594,102.53407734275534,5.793195934404824,1169.377018788385,True,3,0.8,0.19999999999999996
Hermes,Hermes LC Hannover Langenhagen,2,standalone,1,396,153.22446344831192,2.58444370492826,778.4197300463877,False,3,0.8,0.19999999999999996
Hermes,Hermes LC Hannover Langenhagen,2,standalone,1,382,37.755537878390655,10.11772104082875,721.7354284389858,True,3,0.8,0.19999999999999996
Hermes,Hermes LC Hannover Langenhagen,3,standalone,1,378,139.34872865781722,2.7126189355355477,985.6804288525486,False,3,0.8,0.19999999999999996
Hermes,Hermes LC Hannover Langenhagen,3,standalone,1,448,159.38246951696127,2.810848654546192,1151.440561635802,False,3,0.8,0.19999999999999996
Hermes,Hermes LC Hannover Langenhagen,4,standalone,1,182,8.305970462175056,21.91194886001801,342.36870762656827,True,3,0.8,0.19999999999999996
Hermes,Hermes LC Hannover Langenhagen,4,standalone,1,199,53.82702268136371,3.697027814040677,457.6919712573905,False,3,0.8,0.19999999999999996
Hermes,Hermes LC Hannover Langenhagen,4,standalone,1,392,112.90680951768702,3.471889797210084,823.5562366553331,False,3,0.8,0.19999999999999996
Hermes,Hermes LC Hannover Langenhagen,4,standalone,1,368,101.18549289373648,3.636884986926616,794.3334088529393,False,3,0.8,0.19999999999999996
Hermes,Hermes LC Hannover Langenhagen,5,standalone,1,180,9.157258958740023,19.656537050118192,359.3899800100435,True,3,0.8,0.19999999999999996
Hermes,Hermes LC Hannover Langenhagen,5,standalone,1,188,4.462508901721823,42.12876750284167,346.1744800397852,True,3,0.8,0.19999999999999996
Hermes,Hermes LC Hannover Langenhagen,5,standalone,1,220,56.38950461206911,3.9014352318483243,458.1911350103193,False,3,0.8,0.19999999999999996
Hermes,Hermes LC Hannover Langenhagen,5,standalone,1,221,31.832385676522556,6.942615053919595,438.42213351017415,True,3,0.8,0.19999999999999996
Hermes,Hermes LC Hannover Langenhagen,5,standalone,1,194,139.34872865781722,1.392190670618773,659.9548900522763,False,3,0.8,0.19999999999999996
UPS,UPS Depot Hannover,0,standalone,1,191,357.6158854957556,0.5340926053528651,974.1179995344368,False,3,0.8,0.19999999999999996
UPS,UPS Depot Hannover,0,bundled,1,139,112.90680951768702,1.2311037801331677,476.8506034372113,False,3,0.8,0.19999999999999996
UPS,UPS Depot Hannover,0,bundled,1,137,102.53407734275534,1.3361411498543112,506.19569725543613,False,3,0.8,0.19999999999999996
UPS,UPS Depot Hannover,0,bundled,1,132,159.38246951696127,0.8281964785716458,588.0872931958202,False,3,0.8,0.19999999999999996
UPS,UPS Depot Hannover,0,bundled,1,130,53.8021301528445,2.4162612080727617,393.7906240162629,False,3,0.8,0.19999999999999996
UPS,UPS Depot Hannover,0,bundled,1,104,37.755537878390655,2.754562796455995,416.83364108445915,False,3,0.8,0.19999999999999996
UPS,UPS Depot Hannover,1,standalone,1,216,19.21423828970633,11.241663434335463,415.5003014712904,True,3,0.8,0.19999999999999996
UPS,UPS Depot Hannover,2,bundled,1,138,31.832385676522556,4.335207590230335,396.7571314686259,False,3,0.8,0.19999999999999996
UPS,UPS Depot Hannover,2,bundled,1,128,12.528872220645557,10.216402382097623,379.5585810602297,True,3,0.8,0.19999999999999996
UPS,UPS Depot Hannover,2,bundled,1,123,37.755537878390655,3.257800230423917,407.15244100069583,False,3,0.8,0.19999999999999996
UPS,UPS Depot Hannover,2,bundled,2,207,240.53422155155369,0.8605844052657334,998.7965337173371,False,3,0.8,0.19999999999999996
UPS,UPS Depot Hannover,3,standalone,1,228,357.6158854957556,0.6375555707877133,1141.8298472404833,False,3,0.8,0.19999999999999996
UPS,UPS Depot Hannover,3,bundled,1,145,159.38246951696127,0.9097612832794594,616.2967594130826,False,3,0.8,0.19999999999999996
UPS,UPS Depot Hannover,3,bundled,1,144,53.8021301528445,2.6764739535575206,405.40113526862785,False,3,0.8,0.19999999999999996
UPS,UPS Depot Hannover,4,standalone,1,161,173.55971997363926,0.9276345918537615,522.5736500061474,False,3,0.8,0.19999999999999996
UPS,UPS Depot Hannover,4,bundled,1,149,23.77191867081394,6.267899619854215,381.11483987671204,True,3,0.8,0.19999999999999996
UPS,UPS Depot Hannover,4,bundled,1,140,112.90680951768702,1.2399606418607443,485.3787900523738,False,3,0.8,0.19999999999999996
UPS,UPS Depot Hannover,4,bundled,1,129,102.53407734275534,1.2581183089869061,488.6291281416403,False,3,0.8,0.19999999999999996
UPS,UPS Depot Hannover,4,bundled,1,83,101.18549289373648,0.8202756899861661,382.2442529847058,False,3,0.8,0.19999999999999996
UPS,UPS Depot Hannover,4,bundled,1,71,139.34872865781722,0.5095130804841902,411.3288103313844,False,3,0.8,0.19999999999999996
UPS,UPS Depot Hannover,4,bundled,1,61,66.6831619829418,0.9147736577879194,384.7099730883276,False,3,0.8,0.19999999999999996
UPS,UPS Depot Hannover,5,standalone,1,160,129.47251256919432,1.2357835406530078,641.7101552236694,False,3,0.8,0.19999999999999996
DPD,DPD Paketzentrum in Lehrte,0,standalone,1,210,10.610683695060029,19.79137311366362,497.10010080899644,True,3,0.9,0.09999999999999998
DPD,DPD Paketzentrum in Lehrte,0,standalone,1,357,102.53407734275534,3.4817692737079495,1022.9577552591311,False,3,0.9,0.09999999999999998
DPD,DPD Paketzentrum in Lehrte,0,standalone,1,395,173.55971997363926,2.275873688088421,1058.5550618566813,False,3,0.9,0.09999999999999998
DPD,DPD Paketzentrum in Lehrte,0,standalone,1,189,66.6831619829418,2.834298710195357,470.3913263213925,False,3,0.9,0.09999999999999998
DPD,DPD Paketzentrum in Lehrte,0,standalone,1,193,43.13135688268341,4.47470272092197,504.67164541373495,False,3,0.9,0.09999999999999998
DPD,DPD Paketzentrum in Lehrte,1,standalone,1,199,6.967819653017212,28.559866631138885,429.210181780021,True,3,0.9,0.09999999999999998
DPD,DPD Paketzentrum in Lehrte,1,standalone,1,204,6.068989648841514,33.61350270863302,455.8405246959752,True,3,0.9,0.09999999999999998
DPD,DPD Paketzentrum in Lehrte,1,standalone,1,201,8.86389555258122,22.676259981591006,374.07667477810816,True,3,0.9,0.09999999999999998
DPD,DPD Paketzentrum in Lehrte,1,standalone,1,217,4.462508901721823,48.62735397934384,411.88805780041827,True,3,0.9,0.09999999999999998
DPD,DPD Paketzentrum in Lehrte,1,standalone,1,212,8.711379660258004,24.335984455729854,428.0745766745665,True,3,0.9,0.09999999999999998
DPD,DPD Paketzentrum in Lehrte,1,standalone,1,384,53.8021301528445,7.137263876153388,801.8800450194669,True,3,0.9,0.09999999999999998
DPD,DPD Paketzentrum in Lehrte,2,standalone,1,210,3.576189607493106,58.72171865831497,391.5409262197896,True,3,0.9,0.09999999999999998
DPD,DPD Paketzentrum in Lehrte,2,standalone,1,196,8.305970462175056,23.597483387711705,381.3497228625546,True,3,0.9,0.09999999999999998
DPD,DPD Paketzentrum in Lehrte,2,standalone,1,209,7.274391190340525,28.7309266894425,417.3369351370119,True,3,0.9,0.09999999999999998
DPD,DPD Paketzentrum in Lehrte,2,standalone,1,405,12.113461405690837,33.43387875985086,678.06690754952,True,3,0.9,0.09999999999999998
DPD,DPD Paketzentrum in Lehrte,2,standalone,1,207,11.3882150903338,18.1766851396844,400.66206773791885,True,3,0.9,0.09999999999999998
DPD,DPD Paketzentrum in Lehrte,2,standalone,1,198,4.12190647126244,48.03602444170875,382.10790807397,True,3,0.9,0.09999999999999998
DPD,DPD Paketzentrum in Lehrte,2,standalone,1,211,53.82702268136371,3.9199641646360943,571.689239877132,False,3,0.9,0.09999999999999998
DPD,DPD Paketzentrum in Lehrte,2,standalone,1,202,66.6831619829418,3.0292504733304875,486.25597822606767,False,3,0.9,0.09999999999999998
DPD,DPD Paketzentrum in Lehrte,2,standalone,1,211,43.13135688268341,4.892032508365469,543.8784608848079,False,3,0.9,0.09999999999999998
DPD,DPD Paketzentrum in Lehrte,2,standalone,1,428,112.90680951768702,3.790736819402847,789.5473348000694,False,3,0.9,0.09999999999999998
DPD,DPD Paketzentrum in Lehrte,4,standalone,1,194,8.86389555258122,21.886539484719677,372.351851812948,True,3,0.9,0.09999999999999998
DPD,DPD Paketzentrum in Lehrte,4,standalone,1,187,8.711379660258004,21.46617496802586,386.22262440013793,True,3,0.9,0.09999999999999998
DPD,DPD Paketzentrum in Lehrte,4,standalone,1,339,53.8021301528445,6.300865765666663,745.5429379802256,True,3,0.9,0.09999999999999998
DPD,DPD Paketzentrum in Lehrte,4,standalone,1,165,66.6831619829418,2.4743877628689623,418.4755172813177,False,3,0.9,0.09999999999999998
DPD,DPD Paketzentrum in Lehrte,4,standalone,1,302,159.38246951696127,1.8948131555199774,907.1601005425473,False,3,0.9,0.09999999999999998
DPD,DPD Paketzentrum in Lehrte,5,standalone,1,171,37.755537878390655,4.529136905711299,470.0456970902816,False,3,0.9,0.09999999999999998
DPD,DPD Paketzentrum in Lehrte,5,standalone,1,200,101.18549289373648,1.9765679276775088,449.8180296781767,False,3,0.9,0.09999999999999998
FedEx,FedEx Station - Heinz-Peter-Piper Str.,0,bundled,1,136,23.77191867081394,5.721035894632035,389.53329802972877,True,3,0.9,0.09999999999999998
FedEx,FedEx Station - Heinz-Peter-Piper Str.,0,bundled,1,130,173.55971997363926,0.7490217201303665,513.0770897462183,False,3,0.9,0.09999999999999998
FedEx,FedEx Station - Heinz-Peter-Piper Str.,0,bundled,1,128,9.157258958740023,13.97798190230627,405.0412413825202,True,3,0.9,0.09999999999999998
FedEx,FedEx Station - Heinz-Peter-Piper Str.,0,bundled,1,104,102.53407734275534,1.0142969312762655,443.48100762976173,False,3,0.9,0.09999999999999998
FedEx,FedEx Station - Heinz-Peter-Piper Str.,0,bundled,1,61,101.18549289373648,0.6028532179416402,381.4723314934595,False,3,0.9,0.09999999999999998
FedEx,FedEx Station - Heinz-Peter-Piper Str.,1,standalone,1,210,19.21423828970633,10.929395005603922,391.5820337396495,True,3,0.9,0.09999999999999998
FedEx,FedEx Station - Heinz-Peter-Piper Str.,1,standalone,1,220,125.18180774883541,1.7574438646980373,640.8210690400198,False,3,0.9,0.09999999999999998
FedEx,FedEx Station - Heinz-Peter-Piper Str.,1,standalone,1,175,357.6158854957556,0.48935186354320104,930.1292070370802,False,3,0.9,0.09999999999999998
FedEx,FedEx Station - Heinz-Peter-Piper Str.,1,bundled,1,110,112.90680951768702,0.974254790033442,504.28193432254886,False,3,0.9,0.09999999999999998
FedEx,FedEx Station - Heinz-Peter-Piper Str.,2,standalone,1,167,173.55971997363926,0.9622048250905477,585.0659068560758,False,3,0.9,0.09999999999999998
FedEx,FedEx Station - Heinz-Peter-Piper Str.,2,bundled,1,140,102.53407734275534,1.365399715179588,524.446709275659,False,3,0.9,0.09999999999999998
FedEx,FedEx Station - Heinz-Peter-Piper Str.,2,bundled,1,119,53.8021301528445,2.211808336620451,377.9209834587531,False,3,0.9,0.09999999999999998
FedEx,FedEx Station - Heinz-Peter-Piper Str.,2,bundled,1,104,159.38246951696127,0.6525184376625088,535.6231073162639,False,3,0.9,0.09999999999999998
FedEx,FedEx Station - Heinz-Peter-Piper Str.,3,standalone,1,162,23.77191867081394,6.814763345076394,404.71708326432923,True,3,0.9,0.09999999999999998
FedEx,FedEx Station - Heinz-Peter-Piper Str.,3,bundled,1,141,9.157258958740023,15.39762068925925,407.6612242776924,True,3,0.9,0.09999999999999998
FedEx,FedEx Station - Heinz-Peter-Piper Str.,3,bundled,1,122,112.90680951768702,1.080537130764363,496.41540525575226,False,3,0.9,0.09999999999999998
FedEx,FedEx Station - Heinz-Peter-Piper Str.,4,standalone,1,182,12.254281076148747,14.851952462085897,411.16125355100223,True,3,0.9,0.09999999999999998
FedEx,FedEx Station - Heinz-Peter-Piper Str.,4,standalone,1,170,15.85072399205562,10.72506215395612,407.1357388485894,True,3,0.9,0.09999999999999998
FedEx,FedEx Station - Heinz-Peter-Piper Str.,4,bundled,1,123,173.55971997363926,0.708689781354116,508.13928472643795,False,3,0.9,0.09999999999999998
FedEx,FedEx Station - Heinz-Peter-Piper Str.,4,bundled,1,85,159.38246951696127,0.5333083384741658,454.1810154493736,False,3,0.9,0.09999999999999998
FedEx,FedEx Station - Heinz-Peter-Piper Str.,4,bundled,1,73,37.755537878390655,1.9334911936662271,380.2534528538321,False,3,0.9,0.09999999999999998
FedEx,FedEx Station - Heinz-Peter-Piper Str.,4,bundled,1,70,43.13135688268341,1.6229491733913881,364.99444090762177,False,3,0.9,0.09999999999999998
FedEx,FedEx Station - Heinz-Peter-Piper Str.,4,bundled,1,58,101.18549289373648,0.5732046990264775,378.80589080117335,False,3,0.9,0.09999999999999998
FedEx,FedEx Station - Heinz-Peter-Piper Str.,4,bundled,1,48,139.34872865781722,0.34445954736959333,359.1650130968649,False,3,0.9,0.09999999999999998
FedEx,FedEx Station - Heinz-Peter-Piper Str.,4,bundled,1,44,66.6831619829418,0.6598367367650566,363.6114976946741,False,3,0.9,0.09999999999999998
GLS,GLS in Hannover Laatzen,0,standalone,1,203,9.157258958740023,22.16820567318885,400.34748605170284,True,3,0.9,0.09999999999999998
GLS,GLS in Hannover Laatzen,0,standalone,1,197,4.462508901721823,44.14557020244579,382.730160662255,True,3,0.9,0.09999999999999998
GLS,GLS in Hannover Laatzen,0,standalone,1,212,56.38950461206911,3.7595648597811127,614.7415806975815,False,3,0.9,0.09999999999999998
GLS,GLS in Hannover Laatzen,0,standalone,1,230,31.832385676522556,7.225345983717226,457.144404014997,True,3,0.9,0.09999999999999998
GLS,GLS in Hannover Laatzen,0,standalone,1,458,129.47251256919432,3.5374303851192344,956.3605313426517,False,3,0.9,0.09999999999999998
GLS,GLS in Hannover Laatzen,1,standalone,1,407,23.77191867081394,17.1210412434944,713.0824790956967,True,3,0.9,0.09999999999999998
GLS,GLS in Hannover Laatzen,1,standalone,1,406,33.960996603727956,11.954890627545149,621.246331646551,True,3,0.9,0.09999999999999998
GLS,GLS in Hannover Laatzen,1,standalone,1,377,102.53407734275534,3.676826375876462,829.4209023426758,False,3,0.9,0.09999999999999998
GLS,GLS in Hannover Laatzen,1,standalone,1,284,153.22446344831192,1.8534899297970349,773.6043236098316,False,3,0.9,0.09999999999999998
GLS,GLS in Hannover Laatzen,2,standalone,1,224,4.951012974183712,45.24326661392592,414.29672349217856,True,3,0.9,0.09999999999999998
GLS,GLS in Hannover Laatzen,2,standalone,1,216,19.21423828970633,11.241663434335463,384.12809314153446,True,3,0.9,0.09999999999999998
GLS,GLS in Hannover Laatzen,2,standalone,1,229,4.462508901721823,51.31642424548267,434.95394771821987,True,3,0.9,0.09999999999999998
GLS,GLS in Hannover Laatzen,2,standalone,1,218,12.670949194485747,17.204709501547928,429.9764890826848,True,3,0.9,0.09999999999999998
GLS,GLS in Hannover Laatzen,2,standalone,1,219,10.610683695060029,20.639574818534918,507.3497341331474,True,3,0.9,0.09999999999999998
GLS,GLS in Hannover Laatzen,3,standalone,1,203,6.967819653017212,29.13393430211655,394.81521466016176,True,3,0.9,0.09999999999999998
GLS,GLS in Hannover Laatzen,3,standalone,1,426,102.53407734275534,4.154716276189318,918.684374694117,False,3,0.9,0.09999999999999998
GLS,GLS in Hannover Laatzen,3,standalone,1,295,153.22446344831192,1.9252800327117088,780.0279306997802,False,3,0.9,0.09999999999999998
GLS,GLS in Hannover Laatzen,3,standalone,1,194,53.82702268136371,3.604137667959253,414.103212802784,False,3,0.9,0.09999999999999998
GLS,GLS in Hannover Laatzen,3,standalone,1,182,66.6831619829418,2.729324683891825,368.8895826174377,False,3,0.9,0.09999999999999998
GLS,GLS in Hannover Laatzen,3,standalone,1,361,112.90680951768702,3.197327083655205,802.6922246987538,False,3,0.9,0.09999999999999998
GLS,GLS in Hannover Laatzen,4,standalone,1,199,56.38950461206911,3.5290255051718935,564.1158293742304,False,3,0.9,0.09999999999999998
GLS,GLS in Hannover Laatzen,4,standalone,1,321,53.8021301528445,5.966306521471973,749.6925101143884,True,3,0.9,0.09999999999999998
GLS,GLS in Hannover Laatzen,4,standalone,1,227,37.755537878390655,6.012363026879912,479.70159055074805,True,3,0.9,0.09999999999999998
GLS,GLS in Hannover Laatzen,4,standalone,1,224,31.832385676522556,7.0368586971854725,444.24478813560563,True,3,0.9,0.09999999999999998
GLS,GLS in Hannover Laatzen,4,standalone,1,445,129.47251256919432,3.4370229724411776,904.1030756113194,False,3,0.9,0.09999999999999998
GLS,GLS in Hannover Laatzen,4,standalone,1,191,139.34872865781722,1.3706619489081735,643.6104653231714,False,3,0.9,0.09999999999999998
GLS,GLS in Hannover Laatzen,5,standalone,1,207,5.368928981069905,38.5551756653614,398.37516043782944,True,3,0.9,0.09999999999999998
GLS,GLS in Hannover Laatzen,5,standalone,1,198,5.186686836161483,38.174658747381415,376.3218862151381,True,3,0.9,0.09999999999999998
GLS,GLS in Hannover Laatzen,5,standalone,1,200,19.484913733542946,10.264351319949824,409.5586273423754,True,3,0.9,0.09999999999999998
GLS,GLS in Hannover Laatzen,5,standalone,1,194,153.22446344831192,1.2661163604951575,585.1570779901803,False,3,0.9,0.09999999999999998
GLS,GLS in Hannover Laatzen,5,standalone,1,223,112.90680951768702,1.9750801652496142,653.0872313229149,False,3,0.9,0.09999999999999998
GLS,GLS in Hannover Laatzen,5,bundled,1,119,53.82702268136371,2.2107854767378923,363.06122173511585,False,3,0.9,0.09999999999999998
Hermes,Hermes LC Hannover Langenhagen,0,standalone,1,219,8.305970462175056,26.36657582606563,386.1737469306106,True,3,0.9,0.09999999999999998
Hermes,Hermes LC Hannover Langenhagen,0,standalone,1,211,14.669809711755617,14.383281320337485,393.1555330100133,True,3,0.9,0.09999999999999998
Hermes,Hermes LC Hannover Langenhagen,0,standalone,1,220,53.82702268136371,4.087166427582658,554.9390673794423,False,3,0.9,0.09999999999999998
Hermes,Hermes LC Hannover Langenhagen,0,standalone,1,441,101.18549289373648,4.358332280528907,900.1724539807308,False,3,0.9,0.09999999999999998
Hermes,Hermes LC Hannover Langenhagen,1,standalone,1,345,139.34872865781722,2.475802996718952,943.1593884078376,False,3,0.9,0.09999999999999998
Hermes,Hermes LC Hannover Langenhagen,2,standalone,1,446,153.22446344831192,2.910762354540414,864.5787303879474,False,3,0.9,0.09999999999999998
Hermes,Hermes LC Hannover Langenhagen,3,standalone,1,630,102.53407734275534,6.144298718308146,1272.507896200414,True,3,0.9,0.09999999999999998
Hermes,Hermes LC Hannover Langenhagen,3,standalone,1,426,37.755537878390655,11.283112993175518,754.8520454938016,True,3,0.9,0.09999999999999998
Hermes,Hermes LC Hannover Langenhagen,3,standalone,1,425,139.34872865781722,3.049902242334941,1125.3097869400488,False,3,0.9,0.09999999999999998
Hermes,Hermes LC Hannover Langenhagen,4,standalone,1,215,3.576189607493106,60.11985481684628,366.5557715374267,True,3,0.9,0.09999999999999998
Hermes,Hermes LC Hannover Langenhagen,4,standalone,1,204,8.305970462175056,24.560645974965244,359.7612574834893,True,3,0.9,0.09999999999999998
Hermes,Hermes LC Hannover Langenhagen,4,standalone,1,229,6.068989648841514,37.732804511161575,428.6588371366174,True,3,0.9,0.09999999999999998
Hermes,Hermes LC Hannover Langenhagen,4,standalone,1,215,14.669809711755617,14.655950160533457,385.5594878036445,True,3,0.9,0.09999999999999998
Hermes,Hermes LC Hannover Langenhagen,4,standalone,1,230,11.3882150903338,20.196316821871555,435.6030193720361,True,3,0.9,0.09999999999999998
Hermes,Hermes LC Hannover Langenhagen,4,standalone,1,441,112.90680951768702,3.905876021861345,898.8084541135984,False,3,0.9,0.09999999999999998
Hermes,Hermes LC Hannover Langenhagen,4,standalone,1,414,101.18549289373648,4.091495610292443,826.2402890289895,False,3,0.9,0.09999999999999998
Hermes,Hermes LC Hannover Langenhagen,4,standalone,1,423,159.38246951696127,2.6539932608773196,1090.5718108620536,False,3,0.9,0.09999999999999998
Hermes,Hermes LC Hannover Langenhagen,5,standalone,1,203,9.157258958740023,22.16820567318885,377.90724033263734,True,3,0.9,0.09999999999999998
Hermes,Hermes LC Hannover Langenhagen,5,standalone,1,218,139.34872865781722,1.5644204443035699,725.9585256524955,False,3,0.9,0.09999999999999998
UPS,UPS Depot Hannover,0,standalone,1,154,102.53407734275534,1.501939686697547,539.9454624533108,False,3,0.9,0.09999999999999998
UPS,UPS Depot Hannover,0,standalone,1,157,112.90680951768702,1.390527291229549,504.9741141011644,False,3,0.9,0.09999999999999998
UPS,UPS Depot Hannover,0,bundled,1,149,159.38246951696127,0.934858146266479,636.7721114395141,False,3,0.9,0.09999999999999998
UPS,UPS Depot Hannover,0,bundled,1,117,37.755537878390655,3.098883146012994,418.0488818745023,False,3,0.9,0.09999999999999998
UPS,UPS Depot Hannover,1,standalone,1,150,53.8021301528445,2.787993701622417,422.50060165694794,False,3,0.9,0.09999999999999998
UPS,UPS Depot Hannover,1,bundled,1,135,12.528872220645557,10.775111887368586,381.70434082015277,True,3,0.9,0.09999999999999998
UPS,UPS Depot Hannover,2,standalone,1,156,31.832385676522556,4.900669449825597,411.7749894612931,False,3,0.9,0.09999999999999998
UPS,UPS Depot Hannover,2,bundled,1,138,37.755537878390655,3.655092941451224,423.17077566893454,False,3,0.9,0.09999999999999998
UPS,UPS Depot Hannover,2,bundled,1,122,101.18549289373648,1.2057064358832803,469.4240665729111,False,3,0.9,0.09999999999999998
UPS,UPS Depot Hannover,2,bundled,1,111,139.34872865781722,0.7965627032921846,524.147949168533,False,3,0.9,0.09999999999999998
UPS,UPS Depot Hannover,3,standalone,1,162,53.8021301528445,3.0110331977522105,418.26387876336435,False,3,0.9,0.09999999999999998
UPS,UPS Depot Hannover,3,standalone,1,182,112.90680951768702,1.6119488344189676,537.6161153482471,False,3,0.9,0.09999999999999998
UPS,UPS Depot Hannover,3,standalone,1,256,357.6158854957556,0.7158518689546255,1202.6471379371715,False,3,0.9,0.09999999999999998
UPS,UPS Depot Hannover,3,standalone,1,163,159.38246951696127,1.0226971667210474,696.3278217504684,False,3,0.9,0.09999999999999998
UPS,UPS Depot Hannover,4,standalone,1,168,23.77191867081394,7.067161987486632,392.16486652941114,True,3,0.9,0.09999999999999998
UPS,UPS Depot Hannover,4,bundled,1,145,102.53407734275534,1.4141639907217163,522.5487066319274,False,3,0.9,0.09999999999999998
UPS,UPS Depot Hannover,4,bundled,1,93,101.18549289373648,0.9191040863700416,417.0352957346313,False,3,0.9,0.09999999999999998
UPS,UPS Depot Hannover,4,bundled,1,80,139.34872865781722,0.5740992456159889,463.56336045585476,False,3,0.9,0.09999999999999998
UPS,UPS Depot Hannover,4,bundled,1,68,66.6831619829418,1.0197476840914512,401.45793841184195,False,3,0.9,0.09999999999999998
UPS,UPS Depot Hannover,5,standalone,1,180,129.47251256919432,1.3902564832346336,656.6583508438289,False,3,0.9,0.09999999999999998
UPS,UPS Depot Hannover,5,standalone,1,162,357.6158854957556,0.45300001082284896,954.0362315593679,False,3,0.9,0.09999999999999998
DPD,DPD Paketzentrum in Lehrte,0,standalone,1,210,66.6831619829418,3.1492207891059523,561.7077848287202,False,3,1.0,0.0
DPD,DPD Paketzentrum in Lehrte,1,standalone,1,222,6.967819653017212,31.860755739260465,492.4215085812872,True,3,1.0,0.0
DPD,DPD Paketzentrum in Lehrte,1,standalone,1,227,6.068989648841514,37.403260366959294,486.48814275593435,True,3,1.0,0.0
DPD,DPD Paketzentrum in Lehrte,1,standalone,1,223,8.86389555258122,25.158238686043752,416.48748124283634,True,3,1.0,0.0
DPD,DPD Paketzentrum in Lehrte,1,standalone,1,427,53.8021301528445,7.936488737285147,852.270788829677,True,3,1.0,0.0
DPD,DPD Paketzentrum in Lehrte,1,standalone,1,213,53.82702268136371,3.957120223068664,592.5606631880462,False,3,1.0,0.0
DPD,DPD Paketzentrum in Lehrte,2,standalone,1,230,11.3882150903338,20.196316821871555,443.25174628875567,True,3,1.0,0.0
DPD,DPD Paketzentrum in Lehrte,2,standalone,1,220,4.12190647126244,53.37336049078749,412.95716548607015,True,3,1.0,0.0
DPD,DPD Paketzentrum in Lehrte,3,standalone,1,214,8.305970462175056,25.76459920903217,418.38035895642577,True,3,1.0,0.0
DPD,DPD Paketzentrum in Lehrte,3,standalone,1,215,6.068989648841514,35.42599550174559,461.0265099228899,True,3,1.0,0.0
DPD,DPD Paketzentrum in Lehrte,3,standalone,1,446,53.8021301528445,8.289634606157321,970.7813773157475,True,3,1.0,0.0
DPD,DPD Paketzentrum in Lehrte,3,standalone,1,204,66.6831619829418,3.0592430522743537,540.3759123651696,False,3,1.0,0.0
DPD,DPD Paketzentrum in Lehrte,3,standalone,1,424,112.90680951768702,3.75530937249254,798.13214139084,False,3,1.0,0.0
DPD,DPD Paketzentrum in Lehrte,4,standalone,1,215,8.86389555258122,24.255700975333664,401.2794378862368,True,3,1.0,0.0
DPD,DPD Paketzentrum in Lehrte,4,standalone,1,208,8.711379660258004,23.876814937697215,416.73932584402866,True,3,1.0,0.0
DPD,DPD Paketzentrum in Lehrte,5,standalone,1,190,37.755537878390655,5.0323743396792215,491.3966926221134,True,3,1.0,0.0
FedEx,FedEx Station - Heinz-Peter-Piper Str.,0,standalone,1,151,23.77191867081394,6.352032500657627,409.02438428427155,True,3,1.0,0.0
FedEx,FedEx Station - Heinz-Peter-Piper Str.,0,bundled,1,144,173.55971997363926,0.8296855976828674,552.3023196420844,False,3,1.0,0.0
FedEx,FedEx Station - Heinz-Peter-Piper Str.,0,bundled,1,142,9.157258958740023,15.506823672871018,413.74259258113204,True,3,1.0,0.0
FedEx,FedEx Station - Heinz-Peter-Piper Str.,0,bundled,1,116,102.53407734275534,1.131331192577373,466.73504406177335,False,3,1.0,0.0
FedEx,FedEx Station - Heinz-Peter-Piper Str.,0,bundled,1,68,101.18549289373648,0.6720330954103529,393.9920964131745,False,3,1.0,0.0
FedEx,FedEx Station - Heinz-Peter-Piper Str.,1,standalone,1,194,357.6158854957556,0.5424814944421771,1006.4550911622587,False,3,1.0,0.0
FedEx,FedEx Station - Heinz-Peter-Piper Str.,2,standalone,1,156,102.53407734275534,1.5214453969143982,529.1335909073281,False,3,1.0,0.0
FedEx,FedEx Station - Heinz-Peter-Piper Str.,2,bundled,1,148,112.90680951768702,1.3108155356813582,528.7644410556254,False,3,1.0,0.0
FedEx,FedEx Station - Heinz-Peter-Piper Str.,2,bundled,1,132,53.8021301528445,2.4534344574277274,414.48459252321095,False,3,1.0,0.0
FedEx,FedEx Station - Heinz-Peter-Piper Str.,2,bundled,1,116,159.38246951696127,0.7278090266235675,584.9979930694719,False,3,1.0,0.0
FedEx,FedEx Station - Heinz-Peter-Piper Str.,3,standalone,1,180,23.77191867081394,7.571959272307105,407.47577969466454,True,3,1.0,0.0
FedEx,FedEx Station - Heinz-Peter-Piper Str.,3,standalone,1,156,9.157258958740023,17.035665443435768,414.22089206668767,True,3,1.0,0.0
FedEx,FedEx Station - Heinz-Peter-Piper Str.,3,standalone,1,160,173.55971997363926,0.9218728863142972,576.0600791251627,False,3,1.0,0.0
FedEx,FedEx Station - Heinz-Peter-Piper Str.,4,standalone,1,195,13.714884737746763,14.218128969273192,422.0794837790944,True,3,1.0,0.0
FedEx,FedEx Station - Heinz-Peter-Piper Str.,4,standalone,1,213,19.21423828970633,11.085529219969692,394.69679302995144,True,3,1.0,0.0
FedEx,FedEx Station - Heinz-Peter-Piper Str.,4,standalone,1,202,12.254281076148747,16.484035150227204,419.7527495105728,True,3,1.0,0.0
FedEx,FedEx Station - Heinz-Peter-Piper Str.,4,standalone,1,189,15.85072399205562,11.92374557116298,415.65464824651343,True,3,1.0,0.0
FedEx,FedEx Station - Heinz-Peter-Piper Str.,4,bundled,1,94,159.38246951696127,0.5897762801949599,476.25801139363296,False,3,1.0,0.0
FedEx,FedEx Station - Heinz-Peter-Piper Str.,4,bundled,1,82,37.755537878390655,2.1718668202826112,386.7634253666197,False,3,1.0,0.0
FedEx,FedEx Station - Heinz-Peter-Piper Str.,4,bundled,1,78,43.13135688268341,1.8084290789218325,372.7910139295015,False,3,1.0,0.0
FedEx,FedEx Station - Heinz-Peter-Piper Str.,4,bundled,1,64,101.18549289373648,0.6325017368568028,392.02984970397836,False,3,1.0,0.0
FedEx,FedEx Station - Heinz-Peter-Piper Str.,4,bundled,1,53,139.34872865781722,0.38034075022059266,371.19768517846353,False,3,1.0,0.0
GLS,GLS in Hannover Laatzen,0,standalone,1,226,9.157258958740023,24.67987429625951,431.1483557432295,True,3,1.0,0.0
GLS,GLS in Hannover Laatzen,0,standalone,1,219,4.462508901721823,49.075532357033644,416.8455902836781,True,3,1.0,0.0
GLS,GLS in Hannover Laatzen,0,standalone,1,344,112.90680951768702,3.0467604342864005,791.9015161847619,False,3,1.0,0.0
GLS,GLS in Hannover Laatzen,1,standalone,1,316,153.22446344831192,2.0623338655488133,822.6862554033278,False,3,1.0,0.0
GLS,GLS in Hannover Laatzen,2,standalone,1,452,33.960996603727956,13.309385624754698,653.975817676849,True,3,1.0,0.0
GLS,GLS in Hannover Laatzen,2,standalone,1,433,112.90680951768702,3.8350211280407307,952.6490797980489,False,3,1.0,0.0
GLS,GLS in Hannover Laatzen,3,standalone,1,228,9.157258958740023,24.898280263483045,444.3028067273582,True,3,1.0,0.0
GLS,GLS in Hannover Laatzen,3,standalone,1,226,6.967819653017212,32.43482341023813,423.2489961432949,True,3,1.0,0.0
GLS,GLS in Hannover Laatzen,3,standalone,1,473,102.53407734275534,4.6131004662853226,1230.0073107584737,False,3,1.0,0.0
GLS,GLS in Hannover Laatzen,3,standalone,1,328,153.22446344831192,2.1406503414557303,831.1108453689014,False,3,1.0,0.0
GLS,GLS in Hannover Laatzen,3,standalone,1,216,53.82702268136371,4.012854310717518,455.6487588956106,False,3,1.0,0.0
GLS,GLS in Hannover Laatzen,3,standalone,1,202,66.6831619829418,3.0292504733304875,382.06359124206494,False,3,1.0,0.0
GLS,GLS in Hannover Laatzen,3,standalone,1,313,139.34872865781722,2.2461632984725566,859.8081520865292,False,3,1.0,0.0
GLS,GLS in Hannover Laatzen,4,standalone,1,221,56.38950461206911,3.9191690283567255,641.6505028335168,False,3,1.0,0.0
GLS,GLS in Hannover Laatzen,4,standalone,1,252,37.755537878390655,6.674517545258757,651.626633232587,True,3,1.0,0.0
GLS,GLS in Hannover Laatzen,4,standalone,1,328,112.90680951768702,2.9050506466451727,788.5492932597673,False,3,1.0,0.0
GLS,GLS in Hannover Laatzen,5,standalone,1,215,153.22446344831192,1.4031701933322622,624.4783540686904,False,3,1.0,0.0
GLS,GLS in Hannover Laatzen,5,bundled,1,132,53.82702268136371,2.452299856549595,372.70883077883514,False,3,1.0,0.0
Hermes,Hermes LC Hannover Langenhagen,4,standalone,1,227,8.305970462175056,27.32973841331917,380.4410536781692,True,3,1.0,0.0
Hermes,Hermes LC Hannover Langenhagen,4,standalone,1,460,101.18549289373648,4.5461062336582705,936.8804810423405,False,3,1.0,0.0
Hermes,Hermes LC Hannover Langenhagen,5,standalone,1,226,9.157258958740023,24.67987429625951,414.1737604940456,True,3,1.0,0.0
UPS,UPS Depot Hannover,0,standalone,1,172,102.53407734275534,1.6774910786492083,547.4171342747352,False,3,1.0,0.0
UPS,UPS Depot Hannover,0,standalone,1,163,53.8021301528445,3.0296198224296935,418.05364589902626,False,3,1.0,0.0
UPS,UPS Depot Hannover,0,standalone,1,174,112.90680951768702,1.5410939405983537,531.9711537915484,False,3,1.0,0.0
UPS,UPS Depot Hannover,0,standalone,1,166,159.38246951696127,1.0415198139613122,688.6345246263816,False,3,1.0,0.0
UPS,UPS Depot Hannover,1,standalone,1,150,12.528872220645557,11.972346541520652,385.125984896786,True,3,1.0,0.0
UPS,UPS Depot Hannover,1,bundled,1,145,37.755537878390655,3.8404962065973005,443.7147275038462,False,3,1.0,0.0
UPS,UPS Depot Hannover,2,standalone,1,154,37.755537878390655,4.078871833213685,441.85188317698567,False,3,1.0,0.0
UPS,UPS Depot Hannover,2,standalone,1,173,31.832385676522556,5.434716761665566,424.8230752643695,True,3,1.0,0.0
UPS,UPS Depot Hannover,2,standalone,1,320,357.6158854957556,0.8948148361932818,1221.4797231711925,False,3,1.0,0.0
UPS,UPS Depot Hannover,2,bundled,1,124,139.34872865781722,0.8898538307047829,558.3465172500751,False,3,1.0,0.0
UPS,UPS Depot Hannover,3,standalone,1,180,53.8021301528445,3.3455924419469008,428.6352719517967,False,3,1.0,0.0
UPS,UPS Depot Hannover,3,standalone,1,202,112.90680951768702,1.7890860689705026,583.5626333073144,False,3,1.0,0.0
UPS,UPS Depot Hannover,3,standalone,1,182,159.38246951696127,1.1419072659093905,721.5844499452207,False,3,1.0,0.0
UPS,UPS Depot Hannover,4,standalone,1,186,23.77191867081394,7.824357914717342,414.87329084112844,True,3,1.0,0.0
UPS,UPS Depot Hannover,4,standalone,1,161,102.53407734275534,1.5702096724565264,539.0696578458374,False,3,1.0,0.0
UPS,UPS Depot Hannover,4,bundled,1,104,101.18549289373648,1.0278153223923046,462.3398500534531,False,3,1.0,0.0
UPS,UPS Depot Hannover,4,bundled,1,88,139.34872865781722,0.6315091701775878,522.6264073327869,False,3,1.0,0.0
UPS,UPS Depot Hannover,4,bundled,1,76,66.6831619829418,1.139717999866916,406.6774831804149,False,3,1.0,0.0
UPS,UPS Depot Hannover,5,standalone,1,180,357.6158854957556,0.5033333453587211,942.817676732432,False,3,1.0,0.0
