provider,plz,baseline_routes,baseline_distance_km,baseline_parcels,baseline_cost_eur,saml_routes,saml_distance_km,saml_parcels,saml_cost_eur,fixed_routes,fixed_distance_km,fixed_parcels,fixed_cost_eur,actual_saving_pct,actual_saving_abs,actual_fixed_saving_pct,predicted_saving_pct,avg_demand,area_km2,demand_per_area,hub_dist_km,cluster_id,raumtyp_3,raumtyp_8,raumtyp_8_name,weekly_parcels,parcels_per_route_baseline,parcels_per_route_saml,baseline_eur_per_parcel,saml_eur_per_parcel,fixed_eur_per_parcel,routes_delta_pct,distance_delta_pct,b2c_share,_view
Amazon,30159,19,729.97,3562,5025.92,18,644.41,3562,4600.16,19,677.3199999999999,3562,4846.91,8.471284859289447,425.7600000000002,3.561735960779324,14.243087738412225,1503.1666666666667,1.955539120782912,768.6712327518486,12.83,30159,urban,2,Zentrumsnah hochverdichtete Wohnnutzung,3562,187.47368421052633,197.88888888888889,1.4109825940482874,1.2914542391914654,1.3607271195957327,-5.2631578947368425,-11.721029631354721,0.7,PLZ
Amazon,30161,24,934.15,4512,6193.16,22,807.69,4512,5493.0,22,817.18,4512,5547.53,11.305375607928744,700.1599999999999,10.424888102358087,20.605951631290736,752.0,1.7979843382791898,418.246134846604,12.74,30161,urban,2,Zentrumsnah hochverdichtete Wohnnutzung,4512,188.0,205.0909090909091,1.3725975177304963,1.2174202127659575,1.2295057624113475,-8.333333333333334,-13.537440453888554,0.7,PLZ
Amazon,30163,23,877.71,4469,5808.44,20,726.62,4469,4922.56,23,840.87,4469,5682.13,15.251599396739902,885.8799999999992,2.17459421118234,17.266962179567827,744.8333333333334,2.603733329707664,286.06360138154395,12.41,30163,suburban,5,Städtisch mit gewerblicher Prägung,4469,194.30434782608697,223.45,1.2997180577310359,1.1014902662788097,1.2714544640859253,-13.043478260869565,-17.21411400120769,0.7,PLZ
Amazon,30165,18,689.36,3574,4672.21,18,622.1,3574,4431.37,19,685.24,3574,4748.88,5.15473405519016,240.84000000000012,-1.6409793224191564,16.2982128946736,595.6666666666666,4.951012974183712,120.31207952244884,10.52,30163,suburban,5,Städtisch mit gewerblicher Prägung,3574,198.55555555555554,198.55555555555554,1.3072775601566873,1.2398908785674314,1.3287297146054842,0.0,-9.75687594290356,0.7,PLZ
Amazon,30167,17,602.72,3232,4404.56,16,509.22,3232,3952.66,16,530.24,3232,4016.02,10.259821639391916,451.90000000000055,8.821312457998085,14.402852415012209,955.0,4.343746915001259,219.8562712532536,10.62,30167,urban,3,Zentrumsnah verdichtete Mischnutzung,3232,190.11764705882354,202.0,1.3627970297029703,1.2229764851485148,1.2425804455445544,-5.882352941176471,-15.513007698433766,0.7,PLZ
Amazon,30173,19,828.97,3759,5143.63,18,756.2,3759,4737.39,19,809.65,3759,5004.48,7.897924228608974,406.2399999999998,2.7052878997906253,15.106204368451582,626.5,4.775461708125837,131.19150320773366,15.11,30159,urban,2,Zentrumsnah hochverdichtete Wohnnutzung,3759,197.8421052631579,208.83333333333334,1.3683506251662676,1.2602793296089387,1.3313328012769352,-5.2631578947368425,-8.778363511345402,0.7,PLZ
Amazon,30177,16,681.63,2906,4180.19,14,579.62,2906,3550.49,16,669.15,2906,4085.15,15.063908578318207,629.6999999999998,2.2735808659414887,21.80885147163398,484.3333333333333,3.576189607493106,135.4327892230661,13.99,30163,suburban,5,Städtisch mit gewerblicher Prägung,2906,181.625,207.57142857142858,1.4384686854783206,1.2217790777701307,1.4057639366827255,-12.5,-14.965597171485998,0.7,PLZ
Amazon,30179,16,657.35,2781,4252.65,14,512.06,2781,3501.9,14,537.25,2781,3581.33,17.653698282247532,750.7499999999995,15.785921719398488,24.09017279485341,463.5,8.305970462175056,55.80323239900192,12.08,30163,suburban,5,Städtisch mit gewerblicher Prägung,2781,173.8125,198.64285714285714,1.529180151024811,1.2592233009708738,1.2877849694354548,-12.5,-22.10238077127863,0.7,PLZ
Amazon,30419,32,1010.62,6859,8394.95,32,776.87,6859,7645.14,33,874.0,6859,8084.77,8.931679164259469,749.8100000000004,3.694840350448785,18.8347630692748,1143.1666666666667,23.77191867081394,48.08895245255041,6.74,30419,suburban,5,Städtisch mit gewerblicher Prägung,6859,214.34375,214.34375,1.2239320600670653,1.1146143752733635,1.1787097244496283,0.0,-23.129366131681543,0.7,PLZ
Amazon,30449,17,636.92,3141,4433.65,15,499.18,3141,3718.85,16,556.56,3141,4036.41,16.122156688056112,714.7999999999997,8.959660776109972,15.057997918364409,879.1666666666666,2.190643461651216,401.3280490673673,12.05,30449,urban,3,Zentrumsnah verdichtete Mischnutzung,3141,184.76470588235293,209.4,1.4115409105380452,1.1839700732250875,1.2850716332378223,-11.764705882352942,-21.625949883815856,0.7,PLZ
Amazon,30453,18,702.47,3593,4943.95,18,535.35,3593,4470.51,18,584.36,3593,4608.53,9.576148626098556,473.4399999999996,6.784453726271505,19.09775501397077,598.8333333333334,9.157258958740025,65.39438668618025,9.82,30453,suburban,4,Städtisch mit Verdichtungsansätzen,3593,199.61111111111111,199.61111111111111,1.3759949902588366,1.24422766490398,1.2826412468689117,0.0,-23.79033980098794,0.7,PLZ
Amazon,30455,17,675.72,3165,4742.4,16,534.24,3165,4113.69,17,597.54,3165,4466.27,13.25721153846154,628.71,5.822579284750321,20.57598173914743,527.5,6.967819653017212,75.70517411017971,9.84,30455,suburban,4,Städtisch mit Verdichtungsansätzen,3165,186.1764705882353,197.8125,1.498388625592417,1.2997440758293837,1.4111437598736178,-5.882352941176471,-20.937666489078318,0.7,PLZ
Amazon,30457,17,806.95,3134,4871.15,15,654.96,3134,4041.48,16,722.82,3134,4396.27,17.03232296275006,829.6699999999996,9.74882727897928,23.157999560398963,522.3333333333334,6.068989648841514,86.06594566082998,13.37,30457,suburban,4,Städtisch mit Verdichtungsansätzen,3134,184.35294117647058,208.93333333333334,1.5542916400765794,1.2895596681557115,1.4027664326738993,-11.764705882352942,-18.83511989590433,0.7,PLZ
Amazon,30459,17,764.04,3087,4748.25,16,663.87,3087,4281.62,17,696.37,3087,4521.1,9.82741009845733,466.6300000000001,4.783867740746583,20.2441730180073,514.5,7.274391190340525,70.72756833357974,13.92,30449,urban,3,Zentrumsnah verdichtete Mischnutzung,3087,181.58823529411765,192.9375,1.5381438289601554,1.386984126984127,1.4645610625202463,-5.882352941176471,-13.110570127218466,0.7,PLZ
Amazon,30519,27,1437.98,5505,7909.63,26,1312.02,5505,7172.18,27,1382.8,5505,7561.11,9.323444965188004,737.4499999999998,4.406274376930406,20.06706192547443,918.0,12.113461405690837,75.78345852232862,17.09,30519,urban,3,Zentrumsnah verdichtete Mischnutzung,5505,203.88888888888889,211.73076923076923,1.4368083560399636,1.3028483197093552,1.3734986376021798,-3.7037037037037037,-8.759509868009292,0.7,PLZ
Amazon,30539,17,1442.18,3516,5352.17,18,1386.53,3516,5191.55,18,1420.66,3516,5311.69,3.001025752171547,160.6199999999999,0.7563287414263835,16.192150787644593,586.0,19.21423828970633,30.49821653944713,21.37,30539,rural,7,Umland dörflich mit geringem gewerblichem Einfluss,3516,206.8235294117647,195.33333333333334,1.5222326507394768,1.4765500568828214,1.5107195676905574,5.882352941176471,-3.8587416272587394,0.7,PLZ
Amazon,30559,26,2029.54,5369,7958.82,25,1773.62,5369,7039.0,26,1883.61,5369,7465.86,11.55724089751998,919.8199999999996,6.193883012808431,18.934331995707662,894.8333333333334,19.484913733542943,45.92441853067551,20.15,30559,suburban,4,Städtisch mit Verdichtungsansätzen,5369,206.5,214.76,1.4823654311789904,1.3110448873160738,1.3905494505494504,-3.8461538461538463,-12.609753934389078,0.7,PLZ
Amazon,30625,17,1151.8,3180,4965.01,16,1024.96,3180,4458.1,16,1025.7,3180,4461.89,10.20964711047913,506.9099999999999,10.133312923841036,16.702425946191767,530.0,8.86389555258122,59.79312333454345,16.66,30625,suburban,4,Städtisch mit Verdichtungsansätzen,3180,187.05882352941177,198.75,1.5613238993710692,1.4019182389937108,1.403110062893082,-5.882352941176471,-11.012328529258546,0.7,PLZ
Amazon,30627,12,663.26,2090,3403.67,12,641.73,2090,3257.18,12,639.29,2090,3259.73,4.303883749012103,146.49000000000024,4.228964617603941,24.615344092360505,348.3333333333333,3.390385523567528,102.74151152191098,17.89,30625,suburban,4,Städtisch mit Verdichtungsansätzen,2090,174.16666666666666,174.16666666666666,1.6285502392344497,1.5584593301435405,1.5596794258373206,0.0,-3.2460875071615916,0.7,PLZ
Amazon,30629,15,935.37,2757,4314.68,15,870.28,2757,4079.44,14,818.89,2757,3832.33,5.452084511481737,235.24000000000024,11.179276331037304,19.763893171788485,459.5,14.669809711755615,31.322833017512203,20.32,30559,suburban,4,Städtisch mit Verdichtungsansätzen,2757,183.8,183.8,1.5649909321726516,1.4796663039535727,1.3900362713093943,0.0,-6.958743598789788,0.7,PLZ
Amazon,30655,18,922.1,3642,5002.4,17,779.75,3642,4388.19,19,890.61,3642,4978.5,12.2783064129218,614.21,0.4777706700783551,14.696737580202775,607.0,4.462508901721823,136.0221376288558,16.14,30559,suburban,4,Städtisch mit Verdichtungsansätzen,3642,202.33333333333334,214.23529411764707,1.373531026908292,1.2048846787479406,1.3669686985172982,-5.555555555555555,-15.437588114087411,0.7,PLZ
Amazon,30657,18,866.52,3559,4960.84,18,756.49,3559,4582.25,19,824.6,3559,4936.19,7.631570459841481,378.59000000000015,0.4968916554454597,19.149077126389727,593.1666666666666,12.670949194485749,46.813120119273,15.05,30657,rural,8,Umland dörflich ohne gewerblichen Einfluss,3559,197.72222222222223,197.72222222222223,1.3938859230120821,1.2875105366676032,1.3869598201742062,0.0,-12.69791810921848,0.7,PLZ
Amazon,30659,17,876.37,3002,4719.91,16,703.61,3002,4087.97,16,746.61,3002,4218.69,13.388814617227872,631.94,10.619270282696077,23.36766870589066,500.3333333333333,11.3882150903338,43.93430659366551,18.11,30559,suburban,4,Städtisch mit Verdichtungsansätzen,3002,176.58823529411765,187.625,1.572255163224517,1.3617488341105928,1.405293137908061,-5.882352941176471,-19.713134863128587,0.7,PLZ
Amazon,30823,22,421.3,4370,5550.42,21,263.96,4370,4791.21,22,314.04,4370,5154.02,13.678424335455697,759.21,7.141801881659399,19.99796593503992,728.3333333333334,12.528872220645557,58.132393762716944,1.29,30823,suburban,4,Städtisch mit Verdichtungsansätzen,4370,198.63636363636363,208.0952380952381,1.2701189931350114,1.096386727688787,1.1794096109839818,-4.545454545454546,-37.34630904343699,0.7,PLZ
Amazon,30826,20,633.16,3852,5614.86,19,398.1,3852,4640.81,19,483.55,3852,4901.99,17.347716594892827,974.0499999999992,12.696131337201638,22.6831660904883,642.0,56.38950461206911,11.385097358393748,3.98,30827,rural,7,Umland dörflich mit geringem gewerblichem Einfluss,3852,192.6,202.73684210526315,1.4576479750778815,1.2047793354101766,1.2725830737279336,-5.0,-37.12489734032471,0.7,PLZ
Amazon,30827,17,412.44,3498,4418.38,18,291.82,3498,4170.07,18,328.71,3498,4298.51,5.6199330976511845,248.3100000000004,2.712985302305367,16.824982040348036,583.0,10.610683695060027,54.94462154888519,3.78,30827,rural,7,Umland dörflich mit geringem gewerblichem Einfluss,3498,205.76470588235293,194.33333333333334,1.2631160663236136,1.192129788450543,1.2288479130931962,5.882352941176471,-29.245466007176802,0.7,PLZ
Amazon,30851,17,642.55,3032,4392.99,15,512.8,3032,3657.7,17,598.56,3032,4205.03,16.737802726616724,735.29,4.278634825028057,23.34740706794509,505.3333333333333,4.12190647126244,122.59699167277854,11.33,30853,suburban,6,Umland Verstädtert,3032,178.35294117647058,202.13333333333333,1.4488753298153034,1.2063654353562006,1.3868832453825857,-11.764705882352942,-20.192981090965684,0.7,PLZ
Amazon,30853,15,672.37,2911,4102.3,15,593.97,2911,3835.27,16,626.79,2911,4067.34,6.509275284596451,267.0300000000002,0.8522048606879077,19.33435089582092,485.1666666666667,8.711379660258004,55.69343612470881,12.37,30853,suburban,6,Umland Verstädtert,2911,194.06666666666666,194.06666666666666,1.4092408107179664,1.3175094469254551,1.3972311920302303,0.0,-11.660246590418962,0.7,PLZ
Amazon,30855,62,2356.13,13591,15884.48,61,2057.11,13591,14721.11,62,2140.74,13591,15167.41,7.323941356594607,1163.369999999999,4.514280605975139,17.98147786286426,2265.333333333333,58.08159729436245,39.0026004597021,9.97,30855,suburban,4,Städtisch mit Verdichtungsansätzen,13591,219.20967741935485,222.80327868852459,1.168749908027371,1.0831513501581929,1.1159892575969392,-1.6129032258064515,-12.691150318530811,0.7,PLZ
Amazon,30880,33,2865.29,6971,10786.36,32,2648.25,6971,9579.02,34,2862.88,6971,10389.35,11.193210684605372,1207.34,3.680667064700234,15.98732139268941,1161.8333333333333,33.96099660372796,34.21081386068031,23.78,30880,suburban,6,Umland Verstädtert,6971,211.24242424242425,217.84375,1.5473188925548702,1.374124228948501,1.4903672356907187,-3.0303030303030303,-7.574800456498294,0.7,PLZ
Amazon,30890,31,2039.21,6502,9819.87,31,1582.04,6502,8473.23,31,1699.77,6502,8841.27,13.71341983142344,1346.6400000000012,9.96550870836376,17.947084606392355,1083.6666666666667,102.53407734275534,10.568843985830574,12.55,30890,rural,8,Umland dörflich ohne gewerblichen Einfluss,6502,209.74193548387098,209.74193548387098,1.5102845278375885,1.3031728698861889,1.3597769916948632,0.0,-22.418975975990705,0.7,PLZ
Amazon,30900,33,2569.96,6667,11224.39,31,1924.79,6667,8973.7,32,2151.99,6667,9713.72,20.05178009673576,2250.6899999999987,13.458816024746111,26.885468837519163,1111.1666666666667,173.55971997363926,6.402215138601479,17.55,30900,rural,7,Umland dörflich mit geringem gewerblichem Einfluss,6667,202.03030303030303,215.06451612903226,1.6835743212839358,1.3459877006149694,1.4569851507424627,-6.0606060606060606,-25.104281778704728,0.7,PLZ
Amazon,30916,31,1964.77,6164,9504.28,27,1515.7,6164,7500.6,29,1689.63,6164,8286.6,21.0818704836137,2003.6800000000003,12.811912106966547,20.82991961066265,1027.3333333333333,59.876286869182046,17.157599227518155,19.41,30916,suburban,6,Umland Verstädtert,6164,198.83870967741936,228.2962962962963,1.5419013627514602,1.2168397144711227,1.3443543153796236,-12.903225806451612,-22.856110384421584,0.7,PLZ
Amazon,30926,31,1073.34,6338,8682.19,30,697.52,6338,7355.11,32,823.72,6338,8078.93,15.28508360217872,1327.0800000000008,6.948246928482332,22.046290346152382,1056.3333333333333,53.8021301528445,19.633671200980977,4.34,30926,rural,8,Umland dörflich ohne gewerblichen Einfluss,6338,204.4516129032258,211.26666666666668,1.3698627327232566,1.160478068791417,1.2746812874723887,-3.225806451612903,-35.014068235601016,0.7,PLZ
Amazon,30938,25,2292.3,5072,8427.6,24,1930.35,5072,7091.31,26,2151.5,5072,7915.78,15.856115620105369,1336.29,6.073140633157727,26.487946750208057,845.3333333333334,153.22446344831192,5.516960636109484,24.95,30938,rural,7,Umland dörflich mit geringem gewerblichem Einfluss,5072,202.88,211.33333333333334,1.6615930599369086,1.3981289432176658,1.5606821766561514,-4.0,-15.789818086637887,0.7,PLZ
Amazon,30952,22,1286.98,4476,7135.91,21,1113.85,4476,6268.8,23,1201.91,4476,6779.02,12.15135841119072,867.1099999999997,5.001324288002503,19.408350265371613,746.0,37.755537878390655,19.758690828424733,14.14,30952,suburban,4,Städtisch mit Verdichtungsansätzen,4476,203.45454545454547,213.14285714285714,1.5942605004468275,1.4005361930294906,1.51452636282395,-4.545454545454546,-13.452423503084749,0.7,PLZ
Amazon,30966,22,1314.11,4221,6777.63,20,1042.25,4221,5634.66,21,1141.68,4221,6068.89,16.863859490706933,1142.9700000000005,10.457047670055752,22.216047117351028,703.5,31.83238567652256,22.10013434584812,17.79,30966,rural,8,Umland dörflich ohne gewerblichen Einfluss,4221,191.86363636363637,211.05,1.6056929637526653,1.334911158493248,1.437784885098318,-9.090909090909092,-20.68776586434925,0.7,PLZ
Amazon,30974,15,1053.74,2971,4984.34,15,831.97,2971,4367.27,16,942.74,2971,4796.39,12.38017470718289,617.0699999999997,3.7708101774758505,20.874006842724057,495.1666666666667,53.82702268136371,9.199220800263694,18.26,30974,rural,7,Umland dörflich mit geringem gewerblichem Einfluss,2971,198.06666666666666,198.06666666666666,1.677664086166274,1.469966341299226,1.6144025580612589,0.0,-21.045988574031544,0.7,PLZ
Amazon,30982,16,1294.8,3044,5544.48,16,1168.06,3044,5058.51,17,1256.14,3044,5371.56,8.764933771967783,485.96999999999935,3.118777595013404,22.23923997908868,507.3333333333333,66.6831619829418,7.608117525427395,24.57,30982,rural,8,Umland dörflich ohne gewerblichen Einfluss,3044,190.25,190.25,1.8214454664914586,1.6617969776609725,1.7646386333771356,0.0,-9.788384306456596,0.7,PLZ
Amazon,30989,17,897.58,3112,5230.89,16,747.6,3112,4587.93,17,789.09,3112,4854.38,12.291598561621443,642.96,7.197819109176454,22.3627313735816,518.6666666666666,43.13135688268341,12.025280541890474,11.39,30989,rural,8,Umland dörflich ohne gewerblichen Einfluss,3112,183.05882352941177,194.5,1.6808772493573265,1.4742705655526993,1.5598907455012854,-5.882352941176471,-16.70937409478821,0.7,PLZ
Amazon,31275,40,3749.73,8588,13290.93,39,3149.32,8588,11437.92,41,3427.34,8588,12427.78,13.941913771271087,1853.01,6.494278428973741,19.842473423694404,1431.3333333333333,129.47251256919432,11.055113590758364,30.8,31275,suburban,6,Umland Verstädtert,8588,214.7,220.2051282051282,1.5476164415463438,1.3318490917559385,1.4471099208197487,-2.5,-16.012086203539983,0.7,PLZ
Amazon,31303,29,2745.41,5793,9870.3,28,2279.24,5793,8363.52,28,2393.04,5793,8721.81,15.26579739217652,1506.7799999999988,11.635816540530682,25.43569777317533,965.5,112.90680951768702,8.551299997975347,30.88,31303,rural,8,Umland dörflich ohne gewerblichen Einfluss,5793,199.75862068965517,206.89285714285714,1.7038322112894873,1.4437286380113932,1.5055774210253754,-3.4482758620689653,-16.979977489700996,0.7,PLZ
Amazon,31311,22,2699.82,3965,8419.38,18,1964.08,3965,6119.85,20,2270.12,3965,7054.47,27.312343664260304,2299.529999999999,16.211526264404256,31.73718089425122,660.8333333333334,139.34872865781722,4.742298976807075,40.99,31311,rural,7,Umland dörflich mit geringem gewerblichem Einfluss,3965,180.22727272727272,220.27777777777777,2.1234249684741484,1.5434678436317781,1.7791853720050441,-18.181818181818183,-27.251446392722485,0.7,PLZ
Amazon,31319,25,2470.02,5228,8525.8,25,2118.81,5228,7513.72,25,2221.37,5228,7796.57,11.870792183724683,1012.079999999999,8.553214947570899,24.27325167112309,871.3333333333334,101.18549289373648,8.611247604915013,29.57,31319,rural,8,Umland dörflich ohne gewerblichen Einfluss,5228,209.12,209.12,1.6307957153787298,1.4372073450650344,1.4913102524866104,0.0,-14.218913207180508,0.7,PLZ
Amazon,31515,40,1987.59,8733,12131.51,40,1468.75,8733,10386.34,40,1606.91,8733,10876.56,14.385430997460332,1745.17,10.34454902975805,17.107739224880802,1455.5,125.1818077488354,11.62708884121815,12.09,31515,rural,7,Umland dörflich mit geringem gewerblichem Einfluss,8733,218.325,218.325,1.3891572197412114,1.1893209664491011,1.245455170044658,0.0,-26.103975165904433,0.7,PLZ
Amazon,31535,46,3398.04,8625,15832.28,40,2213.24,8625,11689.75,41,2524.93,8625,12730.74,26.165088035330356,4142.530000000001,19.5899769332023,23.318791647196942,1437.5,357.6158854957556,4.019676021962009,16.13,31535,rural,7,Umland dörflich mit geringem gewerblichem Einfluss,8625,187.5,215.625,1.8356266666666667,1.3553333333333333,1.4760278260869566,-13.043478260869565,-34.86715871502396,0.7,PLZ
Amazon,31832,28,2875.15,5466,10526.15,26,2274.46,5466,8536.65,27,2484.94,5466,9217.03,18.90054768362602,1989.5,12.436835880165104,27.52611750701504,911.0,159.3824695169613,5.715810545293707,25.63,31832,rural,7,Umland dörflich mit geringem gewerblichem Einfluss,5466,195.21428571428572,210.23076923076923,1.92575009147457,1.5617727771679473,1.6862477131357483,-7.142857142857143,-20.89247517520825,0.7,PLZ
DHL,30159,50,327.91,10583,10379.18,48,291.04,10583,9874.34,47,270.39,10583,9617.98,4.863968059133767,504.84000000000015,7.333912698305653,12.24161490963789,3843.0,1.955539120782912,1965.186970261905,1.54,30159,urban,2,Zentrumsnah hochverdichtete Wohnnutzung,10583,211.66,220.47916666666666,0.9807408107341964,0.9330378909571955,0.9088141358782953,-4.0,-11.243938885669849,0.7,PLZ
DHL,30161,53,277.8,11554,10814.18,52,221.27,11554,10426.55,53,234.31,11554,10661.92,3.5844604029154405,387.630000000001,1.4079662073314871,6.163030398162213,1925.6666666666667,1.7979843382791898,1071.014149383347,1.04,30161,urban,2,Zentrumsnah hochverdichtete Wohnnutzung,11554,218.0,222.19230769230768,0.9359684957590445,0.9024190756447983,0.9227903756274883,-1.8867924528301887,-20.3491720662347,0.7,PLZ
DHL,30163,48,295.82,10484,9884.95,47,256.34000000000003,10484,9563.21,48,258.41,10484,9759.4,3.2548470149065154,321.7400000000016,1.2701126459921506,6.511789911227465,1747.3333333333333,2.603733329707664,671.0876699226017,1.7,30163,suburban,5,Städtisch mit gewerblicher Prägung,10484,218.41666666666666,223.06382978723406,0.9428605494086227,0.912171880961465,0.9308851583365128,-2.0833333333333335,-13.345953620444853,0.7,PLZ
DHL,30165,41,271.42,8599,8504.94,39,197.32,8599,7874.42,39,215.08,8599,7930.59,7.413573758309881,630.5200000000004,6.753134060910487,13.114926896093891,1433.1666666666667,4.951012974183712,289.4693821526406,1.88,30163,suburban,5,Städtisch mit gewerblicher Prägung,8599,209.73170731707316,220.48717948717947,0.9890615187812537,0.9157367135713456,0.9222688684730783,-4.878048780487805,-27.3008621324884,0.7,PLZ
DHL,30167,38,198.64,7997,7770.23,37,133.42,7997,7370.86,37,157.43,7997,7438.08,5.139744898156167,399.3699999999999,4.274648240785661,9.080172210161882,2315.333333333333,4.343746915001259,533.0267574607676,1.26,30167,urban,3,Zentrumsnah verdichtete Mischnutzung,7997,210.44736842105263,216.13513513513513,0.9716431161685631,0.9217031386770038,0.9301087907965487,-2.6315789473684212,-32.83326621022956,0.7,PLZ
DHL,30169,25,335.14,5294,5493.22,25,290.71,5294,5337.65,25,298.98,5294,5372.81,2.8320365832790357,155.57000000000062,2.191974834432261,8.791991988534917,882.3333333333334,2.9960433745102675,294.499519212588,2.4,30449,urban,3,Zentrumsnah verdichtete Mischnutzung,5294,211.76,211.76,1.0376312806951267,1.0082451832262938,1.0148866641480923,0.0,-13.257146267231608,0.7,PLZ
DHL,30173,40,670.08,8547,8973.9,39,611.57,8547,8561.09,39,616.87,8547,8603.04,4.600118120326719,412.8099999999995,4.132651355597887,10.214413893640607,1424.5,4.775461708125837,298.29576427680223,3.83,30159,urban,2,Zentrumsnah hochverdichtete Wohnnutzung,8547,213.675,219.15384615384616,1.04994734994735,1.0016485316485317,1.0065566865566866,-2.5,-8.731793218720151,0.7,PLZ
DHL,30177,31,313.21,6260,6675.58,28,251.75,6260,5908.29,29,267.59,6260,6149.12,11.493982545336884,767.29,7.886355942105405,14.14176484342448,1043.3333333333333,3.576189607493106,291.74441174686643,2.83,30163,suburban,5,Städtisch mit gewerblicher Prägung,6260,201.93548387096774,223.57142857142858,1.0663865814696485,0.9438162939297124,0.9822875399361022,-9.67741935483871,-19.62261741323712,0.7,PLZ
DHL,30179,31,448.69,6322,7008.53,29,343.94,6322,6297.35,30,371.54,6322,6570.86,10.147349016127482,711.1799999999994,6.244818813645659,15.218472148071337,1053.6666666666667,8.305970462175056,126.85653909618487,3.55,30163,suburban,5,Städtisch mit gewerblicher Prägung,6322,203.93548387096774,218.0,1.10859379943056,0.9961009174311927,1.039364125276811,-6.451612903225806,-23.345739820365953,0.7,PLZ
DHL,30419,66,1140.08,14775,15166.02,66,919.12,14775,14405.68,66,980.3,14775,14614.43,5.013444529283228,760.3400000000001,3.6370122154658913,9.325612399057082,2462.5,23.77191867081394,103.58860948920136,5.16,30419,suburban,5,Städtisch mit gewerblicher Prägung,14775,223.86363636363637,223.86363636363637,1.0264649746192893,0.9750037225042302,0.989132318104907,0.0,-19.38109606343414,0.7,PLZ
DHL,30449,35,385.89,7431,7518.04,33,321.39,7431,6932.42,34,332.69,7431,7161.06,7.7895302499055585,585.6199999999999,4.7483120600582005,8.694629098778028,1238.5,2.190643461651216,565.3590014444752,1.56,30449,urban,3,Zentrumsnah verdichtete Mischnutzung,7431,212.31428571428572,225.1818181818182,1.0117130937962588,0.9329053963127439,0.9636737989503432,-5.714285714285714,-16.714607789784655,0.7,PLZ
DHL,30453,38,686.22,8150,8781.5,38,568.75,8150,8349.71,39,602.54,8150,8654.36,4.917041507715092,431.7900000000009,1.447816432272384,13.373248292021072,1358.3333333333333,9.157258958740025,148.33405273931783,2.98,30453,suburban,4,Städtisch mit Verdichtungsansätzen,8150,214.47368421052633,214.47368421052633,1.0774846625766872,1.0245042944785274,1.0618846625766871,0.0,-17.11841683425141,0.7,PLZ
DHL,30455,33,533.92,6748,7563.08,31,403.48,6748,6751.09,31,438.26,6748,6870.37,10.736234444168243,811.9899999999998,9.159099202970218,15.205447982833904,1124.6666666666667,6.967819653017212,161.4086934898871,3.04,30455,suburban,4,Städtisch mit Verdichtungsansätzen,6748,204.4848484848485,217.67741935483872,1.1207883817427386,1.000457913455839,1.0181342620035565,-6.0606060606060606,-24.43062631105783,0.7,PLZ
DHL,30457,33,370.26,6736,7266.86,32,274.66,6736,6714.21,33,314.13,6736,7028.31,7.605072892556065,552.6499999999996,3.28271082695964,14.527213796278422,1122.6666666666667,6.068989648841514,184.98411294554904,2.4,30457,suburban,4,Städtisch mit Verdichtungsansätzen,6736,204.12121212121212,210.5,1.0788093824228029,0.9967651425178148,1.043395190023753,-3.0303030303030303,-25.81969426889212,0.7,PLZ
DHL,30459,31,309.08,6561,6727.5,30,213.95,6561,6209.07,31,241.79,6561,6493.62,7.706131549609815,518.4300000000003,3.476477146042365,10.915659529250853,1093.5,7.274391190340525,150.3218580617482,1.24,30449,urban,3,Zentrumsnah verdichtete Mischnutzung,6561,211.6451612903226,218.7,1.0253772290809329,0.9463603109282122,0.9897302240512117,-3.225806451612903,-30.778439239031968,0.7,PLZ
DHL,30519,57,1190.45,12633,13292.4,57,1075.26,12633,12797.2,57,1098.1,12633,12923.46,3.725437091872039,495.1999999999989,2.77557100297915,10.50713548621558,2107.5,12.113461405690837,173.97999873181652,4.76,30519,urban,3,Zentrumsnah verdichtete Mischnutzung,12633,221.6315789473684,221.6315789473684,1.0521966278793635,1.012997704424919,1.0229921633816195,0.0,-9.676172875803271,0.7,PLZ
DHL,30539,40,761.08,8372,9331.61,38,612.66,8372,8467.42,39,646.09,8372,8778.06,9.260888528346133,864.1900000000005,5.931988156384601,14.782676335573871,1395.3333333333333,19.21423828970633,72.61975792612382,3.99,30539,rural,7,Umland dörflich mit geringem gewerblichem Einfluss,8372,209.3,220.31578947368422,1.1146213569039656,1.0113975155279502,1.0485021500238891,-5.0,-19.501235086981666,0.7,PLZ
DHL,30559,55,729.45,12320,12407.45,56,545.92,12320,11942.07,57,596.03,12320,12302.37,3.7508110046786487,465.380000000001,0.8469105255310311,7.37408518395189,2053.333333333333,19.484913733542943,105.38067355148488,1.93,30559,suburban,4,Städtisch mit Verdichtungsansätzen,12320,224.0,220.0,1.0070982142857143,0.9693238636363636,0.9985689935064935,1.8181818181818181,-25.160052094043465,0.7,PLZ
DHL,30625,35,607.97,7084,8075.55,32,478.45,7084,7101.74,33,514.25,7084,7399.61,12.058745224783456,973.8100000000004,8.370203887041756,14.009489095837893,1180.6666666666667,8.86389555258122,133.19952380563075,4.99,30625,suburban,4,Städtisch mit Verdichtungsansätzen,7084,202.4,221.375,1.1399703557312253,1.0025042348955393,1.0445525127046866,-8.571428571428571,-21.303682747503995,0.7,PLZ
DHL,30627,24,465.74,4809,5642.16,22,376.06,4809,4986.08,22,391.41,4809,5039.88,11.62817077147759,656.0799999999999,10.674635246075963,15.076259890418497,801.5,3.390385523567528,236.40379373630145,4.61,30625,suburban,4,Städtisch mit Verdichtungsansätzen,4809,200.375,218.5909090909091,1.1732501559575794,1.036822624246205,1.0480099812850905,-8.333333333333334,-19.25537853738137,0.7,PLZ
DHL,30629,29,458.23,5907,6650.6,28,368.1,5907,6147.42,27,378.73,5907,6010.35,7.565933900700693,503.1800000000003,9.626950951793823,17.111824993642873,984.5,14.669809711755615,67.11061829323343,4.28,30559,suburban,4,Städtisch mit Verdichtungsansätzen,5907,203.68965517241378,210.96428571428572,1.1258845437616387,1.0407008633824277,1.017496190959878,-3.4482758620689653,-19.669161774654647,0.7,PLZ
DHL,30655,38,648.62,7945,8784.4,36,527.85,7945,8006.43,37,569.28,7945,8317.83,8.8562679295114,777.9699999999993,5.311347388552431,14.266084377437206,1324.1666666666667,4.462508901721823,296.7314342287917,5.25,30559,suburban,4,Städtisch mit Verdichtungsansätzen,7945,209.07894736842104,220.69444444444446,1.105651353052234,1.0077319068596602,1.0469263687853996,-5.2631578947368425,-18.61953069593907,0.7,PLZ
DHL,30657,42,862.52,9056,9929.22,41,737.42,9056,9315.48,42,766.62,9056,9614.86,6.181150180980982,613.7399999999998,3.166009011785405,12.539779277103603,1509.3333333333333,12.670949194485749,119.1176217477202,6.56,30657,rural,8,Umland dörflich ohne gewerblichen Einfluss,9056,215.61904761904762,220.8780487804878,1.0964244699646641,1.0286528268551236,1.0617115724381625,-2.380952380952381,-14.504011501182584,0.7,PLZ
DHL,30659,32,1141.88,6829,7930.47,32,1048.71,6829,7572.93,33,1107.87,6829,7899.88,4.508433926362498,357.54,0.3857274537322522,12.906434685092524,1138.1666666666667,11.3882150903338,99.94249824388469,7.01,30559,suburban,4,Städtisch mit Verdichtungsansätzen,6829,213.40625,213.40625,1.1612930150827354,1.1089368868062675,1.1568135891052862,0.0,-8.159351245314749,0.7,PLZ
DHL,30823,44,704.7,9437,10151.37,43,515.56,9437,9296.1,44,573.45,9437,9681.64,8.425168228524823,855.2700000000004,4.627257207647848,14.16274290609975,1572.8333333333333,12.528872220645557,125.5367047914782,3.26,30823,suburban,4,Städtisch mit Verdichtungsansätzen,9437,214.47727272727272,219.46511627906978,1.0756988449719191,0.9850694076507365,1.0259234926353713,-2.272727272727273,-26.839789981552446,0.7,PLZ
DHL,30826,40,642.69,8281,9367.53,39,396.27,8281,8350.72,40,489.22,8281,8814.71,10.854622296379102,1016.8100000000012,5.901448941183017,18.57810707523726,1380.1666666666667,56.38950461206911,24.475594814345435,1.44,30827,rural,7,Umland dörflich mit geringem gewerblichem Einfluss,8281,207.025,212.33333333333334,1.131207583625166,1.0084192730346575,1.0644499456587369,-2.5,-38.34196891191711,0.7,PLZ
DHL,30827,37,495.73,8048,8273.67,37,346.07,8048,7765.58,37,385.74,8048,7896.82,6.141047443274872,508.09000000000015,4.554810622130208,12.977274776530455,1341.3333333333333,10.610683695060027,126.4134689037816,3.25,30827,rural,7,Umland dörflich mit geringem gewerblichem Einfluss,8048,217.51351351351352,217.51351351351352,1.0280405069582506,0.9649080516898608,0.9812152087475149,0.0,-30.189821071954494,0.7,PLZ
DHL,30851,31,507.33,6654,7091.37,30,418.63,6654,6607.61,31,445.12,6654,6872.89,6.821812992411907,483.7600000000002,3.080927944811786,10.843573962019002,1109.0,4.12190647126244,269.0502581103788,5.02,30853,suburban,6,Umland Verstädtert,6654,214.6451612903226,221.8,1.0657303877366997,0.9930282536819958,1.0328960024045688,-3.225806451612903,-17.483689117536905,0.7,PLZ
DHL,30853,33,702.15,7164,7893.51,33,588.83,7164,7483.53,35,649.87,7164,8017.64,5.193887130060017,409.9800000000005,-1.5725577088012823,10.040910965708004,1194.0,8.711379660258004,137.06210113274267,6.98,30853,suburban,6,Umland Verstädtert,7164,217.0909090909091,217.0909090909091,1.1018299832495813,1.0446021775544387,1.1191568955890565,0.0,-16.139001637826667,0.7,PLZ
DHL,30855,145,3139.66,32845,32838.02,145,2888.72,32845,31969.37,146,2950.71,32845,32358.99,2.645256930838089,868.6499999999978,1.4587663933452604,28.2421943496132,5475.666666666667,58.08159729436245,94.27541461911808,5.89,30855,suburban,4,Städtisch mit Verdichtungsansätzen,32845,226.51724137931035,226.51724137931035,0.9997874866798598,0.9733405388948089,0.9852029228193029,0.0,-7.992585184383025,0.7,PLZ
DHL,30880,74,1711.85,16161,17884.54,73,1427.26,16161,16659.81,74,1515.94,16161,17148.5,6.847981552782456,1224.7299999999996,4.115509820213441,17.24183470654558,2693.5,33.96099660372796,79.3115711953026,5.11,30880,suburban,6,Umland Verstädtert,16161,218.3918918918919,221.3835616438356,1.1066481034589444,1.030865045479859,1.0611038920858857,-1.3513513513513513,-16.624704267313138,0.7,PLZ
DHL,30890,64,1781.82,13989,16036.11,63,1266.75,13989,14304.27,64,1387.26,13989,14885.77,10.799626592733524,1731.84,7.173435452862322,14.974522256998442,2331.5,102.53407734275534,22.73878168529436,4.73,30890,rural,8,Umland dörflich ohne gewerblichen Einfluss,13989,218.578125,222.04761904761904,1.1463371220244478,1.0225369933519195,1.0641053685038244,-1.5625,-28.9069602990201,0.7,PLZ
DHL,30900,68,1880.84,14609,17464.56,66,1192.75,14609,15038.15,67,1366.07,14609,15733.1,13.893335990142331,2426.4100000000017,9.914134681892936,20.313489726407,2434.833333333333,173.55971997363926,14.028792704339134,4.94,30900,rural,7,Umland dörflich mit geringem gewerblichem Einfluss,14609,214.83823529411765,221.34848484848484,1.195465808748032,1.0293757272913957,1.0769457183927715,-2.9411764705882355,-36.58418578932817,0.7,PLZ
DHL,30916,65,2756.3,14499,17006.08,65,2430.17,14499,15832.64,67,2550.09,14499,16563.88,6.900120427517701,1173.4400000000023,2.6002465000752712,15.59041916173174,2416.5,59.876286869182046,40.3582140168374,11.0,30916,suburban,6,Umland Verstädtert,14499,223.06153846153848,223.06153846153848,1.1729139940685567,1.0919815159666184,1.1424153389888958,0.0,-11.832166309908214,0.7,PLZ
DHL,30926,63,1056.63,13519,14625.11,61,693.89,13519,13037.06,61,796.17,13519,13384.27,10.858379868595868,1588.050000000001,8.484312254745435,14.758976090468751,2253.1666666666665,53.8021301528445,41.878763169148286,0.37,30926,rural,8,Umland dörflich ohne gewerblichen Einfluss,13519,214.5873015873016,221.62295081967213,1.0818189215178637,0.9643509135291072,0.9900340261853687,-3.1746031746031744,-34.32989788289184,0.7,PLZ
DHL,30938,55,1888.22,12030,14183.81,55,1509.89,12030,13048.96,56,1627.95,12030,13587.74,8.001023702376163,1134.8500000000004,4.202467461140552,13.927972501331396,2005.0,153.22446344831192,13.085377849447376,10.53,30938,rural,7,Umland dörflich mit geringem gewerblichem Einfluss,12030,218.72727272727272,218.72727272727272,1.1790365752285952,1.084701579384871,1.1294879467996675,0.0,-20.036330512334363,0.7,PLZ
DHL,30952,45,1010.04,9709,11014.25,44,739.42,9709,9853.58,45,828.11,9709,10324.55,10.537894091744786,1160.67,6.261888008715988,15.96149104319626,1618.1666666666667,37.755537878390655,42.85905479293471,5.68,30952,suburban,4,Städtisch mit Verdichtungsansätzen,9709,215.75555555555556,220.6590909090909,1.1344371201977546,1.0148913379338758,1.0633999382016686,-2.2222222222222223,-26.792998297097146,0.7,PLZ
DHL,30966,43,1068.96,9182,10408.78,41,835.27,9182,9297.63,44,936.35,9182,10137.28,10.67512234863261,1111.1500000000017,2.608374852768528,14.502022152561212,1530.3333333333333,31.83238567652256,48.074729581515626,5.52,30966,rural,8,Umland dörflich ohne gewerblichen Einfluss,9182,213.53488372093022,223.9512195121951,1.1336070572859944,1.0125931169679807,1.1040383358745371,-4.651162790697675,-21.861435413860207,0.7,PLZ
DHL,30974,32,515.59,6515,7433.11,30,300.48,6515,6366.32,32,359.02,6515,6930.47,14.351866177145231,1066.79,6.76217626269488,20.18444172121601,1085.8333333333333,53.82702268136371,20.172643390682587,1.4,30974,rural,7,Umland dörflich mit geringem gewerblichem Einfluss,6515,203.59375,217.16666666666666,1.1409224865694552,0.9771788181120491,1.063771297006907,-6.25,-41.72113501037646,0.7,PLZ
DHL,30982,33,665.11,6551,8006.82,30,444.93,6551,6698.09,32,524.16,6551,7300.36,16.345190724907013,1308.7299999999996,8.823228197961239,22.21153663619964,1091.8333333333333,66.6831619829418,16.373448721772295,2.77,30982,rural,8,Umland dörflich ohne gewerblichen Einfluss,6551,198.5151515151515,218.36666666666667,1.2222286673790261,1.0224530606014348,1.1143886429552738,-9.090909090909092,-33.10429853708409,0.7,PLZ
DHL,30989,33,792.67,6841,8029.61,32,574.55,6841,7188.84,32,644.45,6841,7385.52,10.470869693546756,840.7699999999995,8.021435661258757,19.2640572629469,1140.1666666666667,43.13135688268341,26.43475070278687,5.72,30989,rural,8,Umland dörflich ohne gewerblichen Einfluss,6841,207.3030303030303,213.78125,1.1737479900599328,1.050846367490133,1.0795965502119573,-3.0303030303030303,-27.517125663895442,0.7,PLZ
DHL,31275,87,2011.95,18743,20820.42,83,1399.96,18743,18219.8,84,1550.13,18743,18853.44,12.49071824679809,2600.619999999999,9.44735985153037,14.880750140576929,3123.833333333333,129.47251256919432,24.12738635672846,2.93,31275,suburban,6,Umland Verstädtert,18743,215.4367816091954,225.81927710843374,1.1108371125220082,0.9720855786160166,1.0058923331377048,-4.597701149425287,-30.41775392032605,0.7,PLZ
DHL,31303,59,1201.22,12605,14318.38,57,760.56,12605,12531.36,58,881.69,12605,13100.99,12.480601855796529,1787.0199999999986,8.502288666734641,11.662282090309864,2100.833333333333,112.90680951768702,18.60679034601748,1.84,31303,rural,8,Umland dörflich ohne gewerblichen Einfluss,12605,213.64406779661016,221.140350877193,1.1359285997619992,0.9941578738595795,1.0393486711622373,-3.389830508474576,-36.684370889595584,0.7,PLZ
DHL,31311,40,1231.76,8577,10494.0,39,828.4399999999999,8577,9039.21,40,930.27,8577,9549.65,13.863064608347637,1454.7900000000009,8.998951781970653,18.769520369211136,1429.5,139.34872865781722,10.258435895100702,3.81,31311,rural,7,Umland dörflich mit geringem gewerblichem Einfluss,8577,214.425,219.92307692307693,1.223504721930745,1.0538894718433018,1.113402121954063,-2.5,-32.743391569786326,0.7,PLZ
DHL,31319,51,950.92,10967,11942.91,49,593.54,10967,10481.68,51,703.27,10967,11163.5,12.23512527516325,1461.2299999999996,6.526131403485414,14.002232658114115,1827.8333333333333,101.18549289373648,18.06418371903269,0.58,31319,rural,8,Umland dörflich ohne gewerblichen Einfluss,10967,215.0392156862745,223.81632653061226,1.0889860490562597,0.9557472417251756,1.017917388529224,-3.9215686274509802,-37.58255163420687,0.7,PLZ
DHL,31515,87,1728.22,19286,20777.52,86,1212.38,19286,18798.72,88,1357.02,19286,19658.96,9.523754519307404,1978.7999999999995,5.383510640345919,12.255546238553771,3214.333333333333,125.1818077488354,25.67731998073208,5.28,31515,rural,7,Umland dörflich mit geringem gewerblichem Einfluss,19286,221.67816091954023,224.25581395348837,1.0773369283418024,0.9747340039406824,1.0193383801721456,-1.1494252873563218,-29.848051752670372,0.7,PLZ
DHL,31535,88,2990.97,18533,23370.74,81,1899.36,18533,19011.58,84,2157.72,18533,20343.77,18.65221212507605,4359.16,12.951964721699015,16.686350500778705,3088.833333333333,357.6158854957556,8.637293416234424,5.5,31535,rural,7,Umland dörflich mit geringem gewerblichem Einfluss,18533,210.60227272727272,228.80246913580248,1.2610338315437328,1.0258231263152215,1.0977051745534991,-7.954545454545454,-36.49685553516083,0.7,PLZ
DHL,31832,55,1473.3,11902,13875.58,54,949.54,11902,12108.06,55,1075.41,11902,12689.61,12.738350396884314,1767.5200000000004,8.547174244247804,17.3023869721142,1983.6666666666667,159.3824695169613,12.44595263631279,4.65,31832,rural,7,Umland dörflich mit geringem gewerblichem Einfluss,11902,216.4,220.40740740740742,1.165819190052092,1.017313056629138,1.0661745925054613,-1.8181818181818181,-35.550125568451776,0.7,PLZ
DPD,30159,13,644.09,2302,3526.6,13,586.71,2302,3342.02,12,544.03,2302,3061.41,5.233936369307546,184.57999999999996,13.19089207735496,20.66453855099742,797.1666666666666,1.955539120782912,407.64547136623696,14.47,30159,urban,2,Zentrumsnah hochverdichtete Wohnnutzung,2302,177.07692307692307,177.07692307692307,1.5319721980886185,1.451789748045178,1.3298913987836662,0.0,-8.90869288453477,0.7,PLZ
DPD,30161,13,590.55,2359,3445.06,12,496.72,2359,3010.23,12,493.78,2359,2993.42,12.621841129036936,434.8299999999999,13.109786186597615,19.68011234078321,393.1666666666667,1.7979843382791898,218.6707961221496,14.05,30161,urban,2,Zentrumsnah hochverdichtete Wohnnutzung,2359,181.46153846153845,196.58333333333334,1.4603899957609157,1.2760618906316237,1.2689359898261976,-7.6923076923076925,-15.888578443823544,0.7,PLZ
DPD,30163,12,549.61,2106,3140.01,11,486.94,2106,2730.25,11,490.01,2106,2736.36,13.049639969299466,409.7600000000002,12.855054601736938,21.11581294383481,351.0,2.603733329707664,134.80643197796633,14.01,30163,suburban,5,Städtisch mit gewerblicher Prägung,2106,175.5,191.45454545454547,1.490982905982906,1.296415004748338,1.2993162393162394,-8.333333333333334,-11.402630956496427,0.7,PLZ
DPD,30165,11,605.73,1757,3006.7,10,493.05,1757,2543.54,10,496.67,1757,2551.37,15.404263810822492,463.1599999999999,15.143845411913391,27.604042916974365,292.8333333333333,4.951012974183712,59.14614541716357,15.88,30163,suburban,5,Städtisch mit gewerblicher Prägung,1757,159.72727272727272,175.7,1.7112692088787704,1.4476607854297097,1.4521172453044962,-9.090909090909092,-18.60234758060522,0.7,PLZ
DPD,30167,11,622.46,1635,3037.33,9,471.26,1635,2354.52,9,471.26,1635,2354.52,22.480599737269248,682.81,22.480599737269248,22.67870508180396,470.6666666666667,4.343746915001259,108.3549930225459,16.3,30167,urban,3,Zentrumsnah verdichtete Mischnutzung,1635,148.63636363636363,181.66666666666666,1.8576941896024464,1.440073394495413,1.440073394495413,-18.181818181818183,-24.290717475821744,0.7,PLZ
DPD,30173,11,499.15,1708,2917.4,10,409.44,1708,2495.81,10,409.44,1708,2495.81,14.450880921368348,421.59000000000015,14.450880921368348,32.394739656918226,284.6666666666667,4.775461708125837,59.61029196031102,13.13,30159,urban,2,Zentrumsnah hochverdichtete Wohnnutzung,1708,155.27272727272728,170.8,1.7080796252927402,1.4612470725995317,1.4612470725995317,-9.090909090909092,-17.972553340679152,0.7,PLZ
DPD,30177,8,338.14,1250,2092.47,7,260.15,1250,1714.01,7,260.15,1250,1714.0,18.08675871099704,378.4599999999998,18.087236615100807,29.869665251681383,208.3333333333333,3.576189607493106,58.25567327213787,12.44,30163,suburban,5,Städtisch mit gewerblicher Prägung,1250,156.25,178.57142857142858,1.673976,1.371208,1.3712,-12.5,-23.064411190631102,0.7,PLZ
DPD,30179,8,457.09,1256,2313.12,7,328.02,1256,1814.73,7,329.23,1256,1817.68,21.54622328283876,498.3899999999999,21.41868990800304,33.79006314120958,209.3333333333333,8.305970462175056,25.202754366467605,14.42,30163,suburban,5,Städtisch mit gewerblicher Prägung,1256,157.0,179.42857142857142,1.8416560509554138,1.4448487261146497,1.4471974522292994,-12.5,-28.237327440985364,0.7,PLZ
DPD,30419,16,1157.36,2858,4996.37,14,856.93,2858,3882.32,15,907.0,2858,4120.22,22.29718775831253,1114.0499999999995,17.535730940662916,28.35685438905816,476.3333333333333,23.77191867081394,20.03764777801269,19.64,30419,suburban,5,Städtisch mit gewerblicher Prägung,2858,178.625,204.14285714285714,1.7482050384884533,1.3584044786564031,1.4416445066480057,-12.5,-25.95821524849658,0.7,PLZ
DPD,30449,11,592.12,1496,3088.17,8,389.45,1496,2128.54,8,396.48,1496,2135.96,31.074390334728985,959.63,30.8341185880311,20.048367065614904,425.6666666666667,2.190643461651216,194.31124878067416,16.3,30449,urban,3,Zentrumsnah verdichtete Mischnutzung,1496,136.0,187.0,2.064284759358289,1.4228208556149733,1.4277807486631016,-27.272727272727273,-34.227859217726134,0.7,PLZ
DPD,30453,11,820.25,1619,3424.57,8,564.92,1619,2298.99,9,612.8,1619,2560.46,32.86777610035713,1125.5800000000004,25.23265694671156,36.63412583077876,269.8333333333333,9.157258958740025,29.466605077908657,18.23,30453,suburban,4,Städtisch mit Verdichtungsansätzen,1619,147.1818181818182,202.375,2.1152378011117974,1.4200061766522543,1.5815071031500927,-27.272727272727273,-31.12831453825054,0.7,PLZ
DPD,30455,9,662.37,1318,2928.51,8,505.9,1318,2339.61,8,505.9,1318,2339.61,20.109202290584637,588.9000000000001,20.109202290584637,33.709064404851546,219.66666666666663,6.967819653017212,31.52588293119016,19.47,30455,suburban,4,Städtisch mit Verdichtungsansätzen,1318,146.44444444444446,164.75,2.2219347496206376,1.7751213960546284,1.7751213960546284,-11.11111111111111,-23.622748614822537,0.7,PLZ
DPD,30457,9,556.12,1335,2793.27,8,434.97,1335,2252.61,8,434.97,1335,2252.61,19.35580878325403,540.6599999999999,19.35580878325403,32.719764873365165,222.5,6.068989648841514,36.66178604250416,18.69,30457,suburban,4,Städtisch mit Verdichtungsansätzen,1335,148.33333333333334,166.875,2.0923370786516853,1.6873483146067416,1.6873483146067416,-11.11111111111111,-21.784866575559228,0.7,PLZ
DPD,30459,8,514.84,1284,2496.26,7,375.13,1284,1954.85,7,375.0,1284,1954.13,21.68884651438553,541.4100000000003,21.717689663736955,35.25127323759887,214.0,7.274391190340525,29.41826943320907,16.25,30449,urban,3,Zentrumsnah verdichtete Mischnutzung,1284,160.5,183.42857142857142,1.944127725856698,1.522468847352025,1.5219080996884735,-12.5,-27.136586123844307,0.7,PLZ
DPD,30519,14,748.52,2540,4111.02,14,610.46,2540,3673.95,12,541.74,2540,3201.77,10.631668053183894,437.0700000000006,22.117382060899736,23.533403216304475,423.3333333333333,12.113461405690837,34.94734652264246,12.99,30519,urban,3,Zentrumsnah verdichtete Mischnutzung,2540,181.42857142857142,181.42857142857142,1.6185118110236223,1.4464370078740156,1.2605393700787402,0.0,-18.44439694330144,0.7,PLZ
DPD,30539,11,526.61,1695,3168.55,9,355.36,1695,2348.63,9,355.36,1695,2348.63,25.876820627731927,819.9200000000001,25.876820627731927,39.123714816705615,282.5,19.21423828970633,14.70263851944337,9.52,30539,rural,7,Umland dörflich mit geringem gewerblichem Einfluss,1695,154.0909090909091,188.33333333333334,1.8693510324483777,1.385622418879056,1.385622418879056,-18.181818181818183,-32.51932169917016,0.7,PLZ
DPD,30559,13,591.61,2467,3804.81,12,408.85,2467,3051.16,13,425.46,2467,3252.27,19.80782220399968,753.6500000000001,14.522144338350667,24.518654070465256,411.1666666666667,19.484913733542943,21.101795588596847,7.42,30559,suburban,4,Städtisch mit Verdichtungsansätzen,2467,189.76923076923077,205.58333333333334,1.5422821240372921,1.2367896230239157,1.3183096878800162,-7.6923076923076925,-30.89197275231994,0.7,PLZ
DPD,30625,10,451.23,1405,2766.43,8,324.79,1405,2039.73,8,324.79,1405,2039.73,26.26851212573605,726.6999999999998,26.26851212573605,37.27983959606801,234.16666666666663,8.86389555258122,26.418030907243253,10.22,30625,suburban,4,Städtisch mit Verdichtungsansätzen,1405,140.5,175.625,1.9689893238434162,1.4517651245551602,1.4517651245551602,-20.0,-28.02118653458325,0.7,PLZ
DPD,30627,6,286.3,971,1721.61,6,240.78,971,1567.32,6,223.77,971,1508.27,8.96196002578981,154.28999999999996,12.391888987633664,24.096537766182205,161.83333333333334,3.390385523567528,47.7330180324285,8.59,30625,suburban,4,Städtisch mit Verdichtungsansätzen,971,161.83333333333334,161.83333333333334,1.7730278063851699,1.614129763130793,1.5533161688980432,0.0,-15.899406217254631,0.7,PLZ
DPD,30629,7,322.51,1173,2026.42,8,274.24,1173,1972.04,8,274.24,1173,1972.04,2.683550300530004,54.38000000000011,2.683550300530004,22.01885427015487,195.5,14.669809711755615,13.326689564578096,6.08,30559,suburban,4,Städtisch mit Verdichtungsansätzen,1173,167.57142857142858,146.625,1.7275532821824382,1.6811935208866156,1.6811935208866156,14.285714285714286,-14.966977768131215,0.7,PLZ
DPD,30655,10,434.64,1537,2740.34,9,311.25,1537,2205.23,9,316.16,1537,2216.7,19.52713896815724,535.1100000000001,19.108577767722263,39.08588834956539,256.1666666666667,4.462508901721823,57.40418054243586,10.23,30559,suburban,4,Städtisch mit Verdichtungsansätzen,1537,153.7,170.77777777777777,1.782914769030579,1.4347625243981783,1.4422251138581652,-10.0,-28.38901159580342,0.7,PLZ
DPD,30657,11,560.92,1866,3128.32,10,425.15,1866,2558.7,10,428.73,1866,2560.49,18.20849529459903,569.6200000000003,18.151276084288064,30.14459096812756,311.0,12.670949194485749,24.54433327973122,12.26,30657,rural,8,Umland dörflich ohne gewerblichen Einfluss,1866,169.63636363636363,186.6,1.6764844587352628,1.3712218649517685,1.3721811361200427,-9.090909090909092,-24.204877700919916,0.7,PLZ
DPD,30659,9,411.27,1368,2550.5,8,287.57,1368,2007.72,8,284.29,1368,1995.02,21.281317388747304,542.78,21.77925896882964,31.136891296158467,228.0,11.3882150903338,20.02069667559441,8.73,30559,suburban,4,Städtisch mit Verdichtungsansätzen,1368,152.0,171.0,1.8644005847953216,1.4676315789473684,1.4583479532163743,-11.11111111111111,-30.077564616918323,0.7,PLZ
DPD,30823,11,903.28,1867,3555.66,11,746.78,1867,3084.63,10,688.51,1867,2828.42,13.247329609692708,471.02999999999975,20.45302419241434,32.361294257449174,311.1666666666667,12.528872220645557,24.835967770021178,25.25,30823,suburban,4,Städtisch mit Verdichtungsansätzen,1867,169.72727272727272,169.72727272727272,1.9044777718264594,1.652185324049277,1.51495447241564,0.0,-17.325746169515543,0.7,PLZ
DPD,30826,11,1075.3,1639,3968.13,9,752.9300000000001,1639,2823.81,9,763.87,1639,2823.22,28.837764891775223,1144.3200000000002,28.852633356266058,44.272893100387,273.1666666666667,56.38950461206911,4.844282079545003,27.87,30827,rural,7,Umland dörflich mit geringem gewerblichem Einfluss,1639,149.0,182.11111111111111,2.4210677242220866,1.7228859060402684,1.7225259304453935,-18.181818181818183,-29.979540593322785,0.7,PLZ
DPD,30827,11,836.87,1601,3399.06,9,599.42,1601,2502.75,9,596.45,1601,2506.83,26.36934917300665,896.31,26.24931598736121,38.31267368670893,266.8333333333333,10.610683695060027,25.147609805536074,23.76,30827,rural,7,Umland dörflich mit geringem gewerblichem Einfluss,1601,145.54545454545453,177.88888888888889,2.123085571517801,1.5632417239225485,1.56579013116802,-18.181818181818183,-28.373582515802937,0.7,PLZ
DPD,30851,8,442.66,1281,2295.83,8,360.33,1281,2020.92,8,367.62,1281,2027.97,11.974318655998042,274.90999999999985,11.66724017022166,36.4488166962983,213.5,4.12190647126244,51.79642029446877,15.63,30853,suburban,6,Umland Verstädtert,1281,160.125,160.125,1.7922170179547228,1.5776112412177987,1.5831147540983608,0.0,-18.59892468260065,0.7,PLZ
DPD,30853,10,547.31,1470,2847.89,10,488.5,1470,2629.44,9,415.78,1470,2311.84,7.670591209632389,218.44999999999985,18.822707337713176,40.72555347212847,245.0,8.711379660258004,28.124132979499123,15.68,30853,suburban,6,Umland Verstädtert,1470,147.0,147.0,1.9373401360544218,1.788734693877551,1.5726802721088435,0.0,-10.745281467541238,0.7,PLZ
DPD,30855,32,2042.63,6666,9225.82,30,1658.93,6666,7850.98,30,1658.93,6666,7850.98,14.902090003923773,1374.84,14.902090003923773,18.785964342811823,1111.3333333333333,58.08159729436245,19.134000872961565,19.87,30855,suburban,4,Städtisch mit Verdichtungsansätzen,6666,208.3125,222.2,1.384011401140114,1.1777647764776478,1.1777647764776478,-6.25,-18.78460612054068,0.7,PLZ
DPD,30880,17,1119.46,3235,5433.86,16,873.9,3235,4418.45,16,869.7900000000001,3235,4413.67,18.68671625695178,1015.41,18.774683190218365,26.126697300615685,539.1666666666666,33.96099660372796,15.8760554926554,12.89,30880,suburban,6,Umland Verstädtert,3235,190.2941176470588,202.1875,1.67970942812983,1.3658268933539413,1.3643493044822257,-5.882352941176471,-21.935576081324932,0.7,PLZ
DPD,30890,17,2253.62,2726,6652.2,13,1625.7,2726,4791.24,14,1617.25,2726,4753.9,27.97510597997655,1860.96,28.53642404016717,36.919452038842536,454.3333333333333,102.53407734275534,4.431047170928045,32.64,30890,rural,8,Umland dörflich ohne gewerblichen Einfluss,2726,160.35294117647058,209.69230769230768,2.440278796771827,1.7576082171680116,1.743910491562729,-23.529411764705884,-27.862727522829932,0.7,PLZ
DPD,30900,17,1838.2,2839,6690.96,14,1168.0,2839,4541.01,14,1168.0,2839,4541.01,32.132160407475155,2149.95,32.132160407475155,41.15012444065675,473.1666666666667,173.55971997363926,2.7262470044232185,25.52,30900,rural,7,Umland dörflich mit geringem gewerblichem Einfluss,2839,167.0,202.78571428571428,2.356801690736175,1.5995103909827404,1.5995103909827404,-17.647058823529413,-36.45958002393646,0.7,PLZ
DPD,30916,17,987.63,2914,5395.9,15,651.34,2914,4024.75,15,651.34,2914,4024.75,25.410960173465035,1371.1499999999996,25.410960173465035,30.66382824069976,485.6666666666667,59.876286869182046,8.111168745779997,10.68,30916,suburban,6,Umland Verstädtert,2914,171.41176470588235,194.26666666666668,1.8517158544955385,1.3811770761839397,1.3811770761839397,-11.764705882352942,-34.050200986199286,0.7,PLZ
DPD,30926,15,1462.57,2637,5355.48,14,1136.06,2637,4229.26,14,1119.28,2637,4240.33,21.029300828310436,1126.2199999999991,20.82259666733887,39.57170178497752,439.5,53.8021301528445,8.168821545753682,25.6,30926,rural,8,Umland dörflich ohne gewerblichen Einfluss,2637,175.8,188.35714285714286,2.0308987485779295,1.6038149412210847,1.6080128934395146,-6.666666666666667,-22.32440156710448,0.7,PLZ
DPD,30938,13,1111.04,2412,4635.55,13,760.48,2412,3690.55,12,699.7099999999999,2412,3424.53,20.38593047211226,945.0,26.124623831044858,36.56920843635476,402.0,153.22446344831192,2.6236019428817183,17.56,30938,rural,7,Umland dörflich mit geringem gewerblichem Einfluss,2412,185.53846153846155,185.53846153846155,1.921869817578773,1.5300787728026535,1.4197885572139304,0.0,-31.552419354838705,0.7,PLZ
DPD,30952,12,1013.53,1895,4355.11,10,707.31,1895,3128.68,10,707.31,1895,3128.68,28.16071235858566,1226.4299999999998,28.16071235858566,39.5094872750621,315.8333333333333,37.755537878390655,8.36521874885274,21.73,30952,suburban,4,Städtisch mit Verdichtungsansätzen,1895,157.91666666666666,189.5,2.298211081794195,1.651018469656992,1.651018469656992,-16.666666666666668,-30.21321519836611,0.7,PLZ
DPD,30966,12,871.79,1807,3968.1,9,555.53,1807,2666.86,10,587.79,1807,2916.62,32.79252034978956,1301.2399999999998,26.49832413497644,35.00802809634741,301.1666666666667,31.83238567652256,9.461014632302197,17.93,30966,rural,8,Umland dörflich ohne gewerblichen Einfluss,1807,150.58333333333334,200.77777777777777,2.1959601549529606,1.4758494742667405,1.6140675152185944,-25.0,-36.277085077828374,0.7,PLZ
DPD,30974,9,967.03,1280,3447.68,8,703.68,1280,2654.02,8,703.79,1280,2658.54,23.020117876369035,793.6599999999999,22.88901522183033,45.39105959147725,213.3333333333333,53.82702268136371,3.9633128994740927,28.84,30974,rural,7,Umland dörflich mit geringem gewerblichem Einfluss,1280,142.22222222222223,160.0,2.6935,2.073453125,2.076984375,-11.11111111111111,-27.232867646298466,0.7,PLZ
DPD,30982,10,849.72,1278,3467.78,8,570.9,1278,2414.68,8,570.9,1278,2414.68,30.368131773065198,1053.1000000000004,30.368131773065198,45.64942550258096,213.0,66.6831619829418,3.194209657521752,20.59,30982,rural,8,Umland dörflich ohne gewerblichen Einfluss,1278,127.8,159.75,2.7134428794992176,1.8894209702660405,1.8894209702660405,-20.0,-32.8131619827708,0.7,PLZ
DPD,30989,10,970.9,1356,3619.61,8,651.28,1356,2595.13,8,651.28,1356,2595.13,28.303601769251383,1024.48,28.303601769251383,41.69769618946668,226.0,43.13135688268341,5.239807331235053,25.63,30989,rural,8,Umland dörflich ohne gewerblichen Einfluss,1356,135.6,169.5,2.669328908554572,1.913812684365782,1.913812684365782,-20.0,-32.91997116077866,0.7,PLZ
DPD,31275,19,1026.79,3643,6194.77,18,539.86,3643,4642.71,17,538.45,3643,4454.93,25.054360371732933,1552.0600000000004,28.085627069285863,36.74765779817692,607.1666666666666,129.47251256919432,4.689541081873861,4.47,31275,suburban,6,Umland Verstädtert,3643,191.73684210526315,202.38888888888889,1.7004584133955531,1.2744194345319793,1.2228740049409828,-5.2631578947368425,-47.42254988848742,0.7,PLZ
DPD,31303,14,909.14,2491,4863.44,13,535.36,2491,3630.2,13,524.29,2491,3610.63,25.35736022239402,1233.2399999999998,25.759750300199027,40.32084735580749,415.1666666666667,112.90680951768702,3.677073760565612,10.77,31303,rural,8,Umland dörflich ohne gewerblichen Einfluss,2491,177.92857142857142,191.6153846153846,1.9524046567643516,1.4573263749498193,1.4494700923323967,-7.142857142857143,-41.113579866687196,0.7,PLZ
DPD,31311,12,1047.34,1650,4497.96,8,604.77,1650,2682.99,8,607.1,1650,2688.39,40.35095910145933,1814.9700000000005,40.230904676786814,43.363769140165815,275.0,139.34872865781722,1.9734661568049616,17.19,31311,rural,7,Umland dörflich mit geringem gewerblichem Einfluss,1650,137.5,206.25,2.726036363636364,1.6260545454545454,1.6293272727272727,-33.333333333333336,-42.256573796474875,0.7,PLZ
DPD,31319,12,785.81,2115,4109.72,12,458.15,2115,3238.84,12,458.15,2115,3238.84,21.19073805514731,870.8800000000001,21.19073805514731,33.3280682704768,352.5,101.18549289373648,3.4837009725316093,7.08,31319,rural,8,Umland dörflich ohne gewerblichen Einfluss,2115,176.25,176.25,1.9431300236406621,1.5313664302600474,1.5313664302600474,0.0,-41.697102352986086,0.7,PLZ
DPD,31515,20,2387.83,3812,7760.66,19,1870.31,3812,6098.72,19,1872.78,3812,6111.34,21.414931204304786,1661.9399999999996,21.252316168985622,34.28622003211126,635.3333333333334,125.1818077488354,5.07528485774918,38.45,31515,rural,7,Umland dörflich mit geringem gewerblichem Einfluss,3812,190.6,200.6315789473684,2.035849947534103,1.5998740818467996,1.6031846799580274,-5.0,-21.673234694262156,0.7,PLZ
DPD,31535,23,3446.01,3582,10211.27,18,2147.74,3582,6675.98,17,2061.44,3582,6388.22,34.62145257152147,3535.290000000001,37.43951535901019,40.250919507056096,597.0,357.6158854957556,1.6693889287730914,38.17,31535,rural,7,Umland dörflich mit geringem gewerblichem Einfluss,3582,155.7391304347826,199.0,2.85071747627024,1.863757677275265,1.7834226689000559,-21.73913043478261,-37.674585970441186,0.7,PLZ
DPD,31832,16,1955.6,2309,6536.42,12,1265.18,2309,4325.08,12,1259.09,2309,4316.74,33.8310573677946,2211.34,33.95865014794031,38.00510398416374,384.8333333333333,159.3824695169613,2.4145273598761743,30.86,31832,rural,7,Umland dörflich mit geringem gewerblichem Einfluss,2309,144.3125,192.41666666666666,2.830844521437852,1.8731398873971417,1.8695279341706366,-25.0,-35.30476580077725,0.7,PLZ
FedEx,30159,32,980.38,6411,8128.94,30,865.23,6411,7442.7,30,863.76,6411,7434.38,8.441937079127165,686.2399999999998,8.544287447071813,16.295374427359384,1644.0,1.955539120782912,840.6888834531804,10.52,30159,urban,2,Zentrumsnah hochverdichtete Wohnnutzung,6411,200.34375,213.7,1.2679675557635313,1.1609265325222273,1.1596287630634847,-6.25,-11.745445643525978,0.7,PLZ
FedEx,30161,20,582.0,3810,5031.11,18,484.54,3810,4384.04,19,509.99,3810,4625.26,12.861376515321664,647.0699999999997,8.066808318641401,18.57164453301249,635.0,1.7979843382791898,353.1732654622254,9.67,30161,urban,2,Zentrumsnah hochverdichtete Wohnnutzung,3810,190.5,211.66666666666666,1.320501312335958,1.1506666666666667,1.213979002624672,-10.0,-16.74570446735395,0.7,PLZ
FedEx,30163,12,342.58,2113,3026.95,11,280.12,2113,2656.64,11,280.35,2113,2657.09,12.2337666628124,370.31,12.218900213085773,19.0667315240514,1035.0,2.603733329707664,397.50614557605456,8.4,30163,suburban,5,Städtisch mit gewerblicher Prägung,2113,176.08333333333334,192.0909090909091,1.4325366777094177,1.2572834831992428,1.2574964505442499,-8.333333333333334,-18.23223772549477,0.7,PLZ
FedEx,30167,13,463.04,2400,3508.57,12,360.7,2400,3029.16,13,385.92,2400,3260.39,13.663971361551864,479.4100000000003,7.07353708205908,16.69004508018657,629.1666666666666,4.343746915001259,144.84422757086074,8.75,30167,urban,3,Zentrumsnah verdichtete Mischnutzung,2400,184.6153846153846,200.0,1.4619041666666668,1.2621499999999999,1.3584958333333332,-7.6923076923076925,-22.10176226675882,0.7,PLZ
FedEx,30419,11,503.44,1709,3180.93,9,371.2,1709,2458.73,10,351.53,1709,2579.85,22.704051959647018,722.1999999999998,18.896360498344823,29.61457868553948,284.8333333333333,23.77191867081394,11.981924441085964,5.53,30419,suburban,5,Städtisch mit gewerblicher Prägung,1709,155.36363636363637,189.88888888888889,1.861281451141018,1.4386951433586892,1.5095669982445874,-18.181818181818183,-26.267281105990783,0.7,PLZ
FedEx,30449,11,585.24,1576,3070.94,9,430.17,1576,2379.89,9,430.17,1576,2379.89,22.50288185376465,691.0500000000002,22.50288185376465,12.185569480688113,617.1666666666666,2.190643461651216,281.7284863879547,11.29,30449,urban,3,Zentrumsnah verdichtete Mischnutzung,1576,143.27272727272728,175.11111111111111,1.9485659898477157,1.5100824873096446,1.5100824873096446,-18.181818181818183,-26.496821816690588,0.7,PLZ
FedEx,30453,11,642.98,1516,3324.68,8,410.26,1516,2229.35,8,410.26,1516,2229.35,32.94542632674423,1095.33,32.94542632674423,40.13567217205635,252.66666666666663,9.157258958740025,27.59195385923998,10.07,30453,suburban,4,Städtisch mit Verdichtungsansätzen,1516,137.8181818181818,189.5,2.193060686015831,1.470547493403694,1.470547493403694,-27.272727272727273,-36.19397181871909,0.7,PLZ
FedEx,30455,6,374.08,612,1884.68,4,230.57,612,1202.62,4,230.57,612,1202.62,36.18969798586498,682.0600000000002,36.18969798586498,41.28664522857598,102.0,6.967819653017212,14.638725609930484,11.34,30455,suburban,4,Städtisch mit Verdichtungsansätzen,612,102.0,153.0,3.0795424836601306,1.965065359477124,1.965065359477124,-33.333333333333336,-38.36345166809239,0.7,PLZ
FedEx,30457,6,420.75,778,1943.16,5,308.38,778,1479.78,5,308.38,778,1479.78,23.84672389304021,463.3800000000001,23.84672389304021,41.59208418911248,129.66666666666666,6.068989648841514,21.36544534911478,14.63,30457,suburban,4,Städtisch mit Verdichtungsansätzen,778,129.66666666666666,155.6,2.497634961439589,1.902030848329049,1.902030848329049,-16.666666666666668,-26.707070707070706,0.7,PLZ
FedEx,30519,13,932.1,2369,4086.21,14,903.51,2369,4099.35,11,705.01,2369,3203.41,-0.3215693760232667,-13.140000000000327,21.604371777270384,22.491509286930807,395.3333333333333,12.113461405690837,32.63586848492438,15.32,30519,urban,3,Zentrumsnah verdichtete Mischnutzung,2369,182.23076923076923,169.21428571428572,1.7248670325031659,1.7304136766568174,1.3522203461376108,7.6923076923076925,-3.067267460572903,0.7,PLZ
FedEx,30539,13,982.97,2429,3965.58,13,913.89,2429,3804.49,13,889.47,2429,3724.28,4.062205276403455,161.09000000000017,6.084860222212129,20.046524456510767,404.8333333333333,19.21423828970633,21.06944481635867,18.41,30539,rural,7,Umland dörflich mit geringem gewerblichem Einfluss,2429,186.84615384615384,186.84615384615384,1.6325977768629065,1.566278303828736,1.533256484149856,0.0,-7.027681414488747,0.7,PLZ
FedEx,30559,15,982.72,2596,4436.19,14,822.34,2596,3854.58,14,822.34,2596,3854.58,13.110574614703152,581.6099999999997,13.110574614703152,20.74157121213532,524.0,19.484913733542943,26.89260045826854,15.91,30559,suburban,4,Städtisch mit Verdichtungsansätzen,2596,173.06666666666666,185.42857142857142,1.7088559322033896,1.4848151001540832,1.4848151001540832,-6.666666666666667,-16.320009768804947,0.7,PLZ
FedEx,30625,8,464.82,1206,2328.94,7,365.99,1206,1901.99,7,364.94,1206,1903.57,18.33237438491331,426.9500000000001,18.26453236236228,19.08180765380763,371.5,8.86389555258122,41.91159494109979,12.59,30625,suburban,4,Städtisch mit Verdichtungsansätzen,1206,150.75,172.28571428571428,1.9311276948590381,1.577106135986733,1.5784162520729685,-12.5,-21.261993890107995,0.7,PLZ
FedEx,30655,6,291.39,941,1792.34,6,233.97,941,1583.41,6,233.97,941,1583.41,11.65682850352053,208.92999999999984,11.65682850352053,13.328868806407424,373.6666666666667,4.462508901721823,83.7346602317119,10.81,30559,suburban,4,Städtisch mit Verdichtungsansätzen,941,156.83333333333334,156.83333333333334,1.9047183846971307,1.6826886291179597,1.6826886291179597,0.0,-19.705549263873156,0.7,PLZ
FedEx,30657,17,503.17,3429,4306.57,17,471.35,3429,4201.94,17,436.79,3429,4088.98,2.429543697188252,104.63000000000012,5.052512788599738,16.987965456441504,571.5,12.670949194485749,45.10317192722312,8.22,30657,rural,8,Umland dörflich ohne gewerblichen Einfluss,3429,201.7058823529412,201.7058823529412,1.255925925925926,1.2254126567512393,1.1924701079031788,0.0,-6.323906433213425,0.7,PLZ
FedEx,30823,6,358.21,878,1895.1,5,231.19,878,1393.53,5,231.19,878,1393.53,26.466677220199458,501.57,26.466677220199458,32.10097469206444,146.33333333333334,12.528872220645557,11.679689181616814,8.07,30823,suburban,4,Städtisch mit Verdichtungsansätzen,878,146.33333333333334,175.6,2.1584282460136675,1.5871640091116173,1.5871640091116173,-16.666666666666668,-35.45964657603081,0.7,PLZ
FedEx,30827,11,463.36,1853,3003.1,10,353.85,1853,2519.43,10,359.06,1853,2523.77,16.10569078618761,483.6700000000001,15.96117345409743,20.011491512393725,459.5,10.610683695060027,43.30540926537349,4.72,30827,rural,7,Umland dörflich mit geringem gewerblichem Einfluss,1853,168.45454545454547,185.3,1.6206691851052346,1.359649217485159,1.3619913653534808,-9.090909090909092,-23.633891574585636,0.7,PLZ
FedEx,30853,12,278.47,2120,3070.65,11,183.24,2120,2565.21,11,183.24,2120,2565.21,16.46035855600606,505.44000000000005,16.46035855600606,22.77573686721697,504.8333333333333,8.711379660258004,57.95101958836928,4.85,30853,suburban,6,Umland Verstädtert,2120,176.66666666666666,192.72727272727272,1.4484198113207547,1.210004716981132,1.210004716981132,-8.333333333333334,-34.19757963155816,0.7,PLZ
FedEx,30855,46,1046.82,9966,11162.03,45,799.33,9966,10263.12,45,791.93,9966,10243.86,8.053284214430528,898.9099999999999,8.225833472943542,12.905543892624127,1661.6666666666667,58.08159729436245,28.60917647021998,1.52,30855,suburban,4,Städtisch mit Verdichtungsansätzen,9966,216.65217391304347,221.46666666666667,1.1200110375275938,1.0298133654425046,1.0278807947019868,-2.1739130434782608,-23.64207791215299,0.7,PLZ
FedEx,30880,17,1501.46,3498,5647.21,17,1315.07,3498,5098.46,17,1323.81,3498,5091.83,9.717187779452154,548.75,9.834590886473146,17.04190812254954,583.0,33.96099660372796,17.166751812460152,22.05,30880,suburban,6,Umland Verstädtert,3498,205.76470588235293,205.76470588235293,1.6144110920526016,1.457535734705546,1.4556403659233847,0.0,-12.413917120669222,0.7,PLZ
FedEx,30890,8,937.98,1281,3095.95,8,699.5,1281,2539.96,7,640.78,1281,2277.03,17.9586233627804,555.9899999999998,26.451331578352352,48.70723045290418,213.5,102.53407734275534,2.082234565648872,20.22,30890,rural,8,Umland dörflich ohne gewerblichen Einfluss,1281,160.125,160.125,2.416822794691647,1.9827946916471506,1.7775409836065574,0.0,-25.424849143904986,0.7,PLZ
FedEx,30900,12,969.32,1597,4274.56,8,473.08,1597,2470.48,9,481.11,1597,2664.6,42.2050456655188,1804.0800000000004,37.66375954484205,45.42864337094175,266.1666666666667,173.55971997363926,1.5335739577540966,10.92,30900,rural,7,Umland dörflich mit geringem gewerblichem Einfluss,1597,133.08333333333334,199.625,2.6766186599874766,1.5469505322479649,1.66850344395742,-33.333333333333336,-51.19465192093427,0.7,PLZ
FedEx,30916,17,844.04,3245,5173.86,16,678.21,3245,4348.03,16,678.21,3245,4348.03,15.961583807833998,825.8299999999999,15.961583807833998,21.36543373856469,540.8333333333334,59.876286869182046,9.032512896381638,11.65,30916,suburban,6,Umland Verstädtert,3245,190.88235294117646,202.8125,1.5944098613251154,1.3399167950693374,1.3399167950693374,-5.882352941176471,-19.64717311975735,0.7,PLZ
FedEx,30926,8,649.9300000000001,1266,2778.12,7,410.95,1266,2064.49,8,468.19,1266,2316.27,25.68751529811528,713.6300000000001,16.624551855211436,46.61603476700861,211.0,53.8021301528445,3.921777806948867,10.98,30926,rural,8,Umland dörflich ohne gewerblichen Einfluss,1266,158.25,180.85714285714286,2.1944075829383887,1.6307187993680883,1.8295971563981042,-12.5,-36.770113704552806,0.7,PLZ
FedEx,30938,17,1285.81,3131,5341.55,15,1007.76,3131,4338.42,16,997.28,3131,4427.74,18.779754940045496,1003.13,17.107581132817263,22.853942958609085,521.8333333333334,153.22446344831192,3.405678973118848,16.47,30938,rural,7,Umland dörflich mit geringem gewerblichem Einfluss,3131,184.1764705882353,208.73333333333332,1.706020440753753,1.3856339827531141,1.414161609709358,-11.764705882352942,-21.6245012871264,0.7,PLZ
FedEx,30952,6,587.51,979,2378.91,7,468.88,979,2183.18,7,468.88,979,2183.18,8.227717736274176,195.73,8.227717736274176,41.62898811670447,163.16666666666666,37.755537878390655,4.321661823285927,17.01,30952,suburban,4,Städtisch mit Verdichtungsansätzen,979,163.16666666666666,139.85714285714286,2.4299387129724206,2.2300102145045964,2.2300102145045964,16.666666666666668,-20.19199673197052,0.7,PLZ
FedEx,30966,6,529.77,1063,2133.8,6,420.33,1063,1849.55,6,420.33,1063,1849.55,13.321304714593692,284.2500000000002,13.321304714593692,41.455710204783394,177.16666666666666,31.83238567652256,5.56561071064595,18.53,30966,rural,8,Umland dörflich ohne gewerblichen Einfluss,1063,177.16666666666666,177.16666666666666,2.0073377234242713,1.739934148635936,1.739934148635936,0.0,-20.6580214055156,0.7,PLZ
FedEx,30974,6,672.3199999999999,802,2247.0,4,403.43,802,1382.66,5,481.93,802,1665.53,38.46639964396973,864.3399999999999,25.877614597240765,42.47925015623698,133.66666666666666,53.82702268136371,2.483263238576736,23.36,30974,rural,7,Umland dörflich mit geringem gewerblichem Einfluss,802,133.66666666666666,200.5,2.8017456359102244,1.7240149625935164,2.076720698254364,-33.333333333333336,-39.99434792955735,0.7,PLZ
FedEx,30982,6,687.45,618,2296.92,4,401.46,618,1401.36,4,401.46,618,1401.36,38.98960346899327,895.5600000000002,38.98960346899327,41.75625939291506,103.0,66.6831619829418,1.54461781560911,25.47,30982,rural,8,Umland dörflich ohne gewerblichen Einfluss,618,103.0,154.5,3.7166990291262136,2.2675728155339803,2.2675728155339803,-33.333333333333336,-41.60157102334716,0.7,PLZ
FedEx,30989,6,547.46,876,2198.67,6,418.13,876,1880.5,6,418.13,876,1880.5,14.471021117311832,318.1700000000001,14.471021117311832,39.334693048039206,146.0,43.13135688268341,3.385008275930609,16.61,30989,rural,8,Umland dörflich ohne gewerblichen Einfluss,876,146.0,146.0,2.5098972602739726,2.146689497716895,2.146689497716895,0.0,-23.623643736528702,0.7,PLZ
FedEx,31275,12,1350.71,2133,4769.67,12,948.67,2133,3774.64,12,948.67,2133,3774.64,20.86161097098961,995.0300000000002,20.86161097098961,37.14322460112562,355.5,129.47251256919432,2.745756554388401,24.61,31275,suburban,6,Umland Verstädtert,2133,177.75,177.75,2.2361322081575246,1.7696390060947023,1.7696390060947023,0.0,-29.765086510057678,0.7,PLZ
FedEx,31303,10,965.61,1243,3633.31,7,566.0,1243,2258.89,7,579.62,1243,2283.74,37.82831632863697,1374.42,37.14436698217329,48.98235006799472,207.16666666666663,112.90680951768702,1.834846521229649,23.03,31303,rural,8,Umland dörflich ohne gewerblichen Einfluss,1243,124.3,177.57142857142858,2.9230168946098147,1.817288817377313,1.83728077232502,-30.0,-41.384202731951824,0.7,PLZ
FedEx,31311,6,834.94,675,2497.49,4,500.33,675,1520.04,4,498.28,675,1513.56,39.13729384301839,977.4499999999998,39.39675434135872,45.41107988418742,112.5,139.34872865781722,0.8073270641474845,33.34,31311,rural,7,Umland dörflich mit geringem gewerblichem Einfluss,675,112.5,168.75,3.699985185185185,2.251911111111111,2.242311111111111,-33.333333333333336,-40.07593360001917,0.7,PLZ
FedEx,31319,6,658.37,751,2264.31,5,431.5,751,1622.79,5,431.5,751,1622.79,28.33180969036925,641.52,28.33180969036925,50.69255826100194,125.16666666666669,101.18549289373648,1.2370020947381744,25.21,31319,rural,8,Umland dörflich ohne gewerblichen Einfluss,751,125.16666666666667,150.2,3.0150599201065247,2.160838881491345,2.160838881491345,-16.666666666666668,-34.45934656803925,0.7,PLZ
FedEx,31515,13,1233.61,2478,4793.63,13,931.16,2478,3964.96,13,934.02,2478,3963.61,17.2868994895309,828.6700000000001,17.315061863347818,29.694604405108244,413.0,125.1818077488354,3.299201436910406,19.63,31515,rural,7,Umland dörflich mit geringem gewerblichem Einfluss,2478,190.6153846153846,190.6153846153846,1.9344753833736885,1.6000645682001615,1.5995197740112994,0.0,-24.517473107384017,0.7,PLZ
FedEx,31535,14,1842.6,2005,6040.7,11,1024.8,2005,3834.24,11,1024.8,2005,3834.24,36.52656149121791,2206.46,36.52656149121791,45.72596587044662,334.1666666666667,357.6158854957556,0.9344290346705888,17.87,31535,rural,7,Umland dörflich mit geringem gewerblichem Einfluss,2005,143.21428571428572,182.27272727272728,3.012817955112219,1.9123391521197006,1.9123391521197006,-21.428571428571427,-44.38293715402149,0.7,PLZ
FedEx,31832,10,1414.36,1068,4275.86,7,883.42,1068,2669.51,7,869.6400000000001,1068,2675.09,37.56788108123277,1606.3499999999997,37.43738101808758,49.84615764171317,178.0,159.3824695169613,1.1168104029223709,29.81,31832,rural,7,Umland dörflich mit geringem gewerblichem Einfluss,1068,106.8,152.57142857142858,4.0036142322097374,2.499541198501873,2.5047659176029966,-30.0,-37.539240363132436,0.7,PLZ
GLS,30159,8,341.88,1248,2251.07,8,285.46000000000004,1248,2042.48,8,285.73,1248,2047.63,9.266260045222944,208.59000000000012,9.037479953977444,15.490755890490131,555.3333333333334,1.955539120782912,283.97965933353584,11.38,30159,urban,2,Zentrumsnah hochverdichtete Wohnnutzung,1248,156.0,156.0,1.8037419871794873,1.636602564102564,1.6407291666666668,0.0,-16.502866502866492,0.7,PLZ
GLS,30161,11,421.0,1649,2926.55,8,280.12,1649,2036.48,9,308.62,1649,2270.14,30.413626966906428,890.0700000000002,22.429481813056334,31.3755699731842,274.8333333333333,1.7979843382791898,152.85635557669545,12.21,30161,urban,2,Zentrumsnah hochverdichtete Wohnnutzung,1649,149.9090909090909,206.125,1.7747422680412372,1.2349787750151606,1.3766767738023042,-27.272727272727273,-33.46318289786223,0.7,PLZ
GLS,30163,11,430.04,1681,2939.39,9,320.17,1681,2292.63,9,320.23,1681,2292.5,22.003204746563057,646.7599999999998,22.00762743290274,22.011531904009423,466.8333333333333,2.603733329707664,179.29383474372446,13.59,30163,suburban,5,Städtisch mit gewerblicher Prägung,1681,152.8181818181818,186.77777777777777,1.7485960737656157,1.3638488994646045,1.3637715645449138,-18.181818181818183,-25.548786159427028,0.7,PLZ
GLS,30165,8,384.14,1358,2320.08,8,316.56,1358,2111.78,8,316.56,1358,2111.78,8.978138684872922,208.29999999999973,8.978138684872922,23.678018545322583,226.3333333333333,4.951012974183712,45.71455064115432,14.79,30163,suburban,5,Städtisch mit gewerblicher Prägung,1358,169.75,169.75,1.7084536082474227,1.5550662739322534,1.5550662739322534,0.0,-17.592544384859682,0.7,PLZ
GLS,30167,7,327.37,1202,1998.89,7,289.91,1202,1868.35,8,305.84000000000003,1202,2060.82,6.530624496595619,130.5400000000002,-3.0982195118290683,16.372903902202477,357.8333333333333,4.343746915001259,82.37895538930808,13.39,30167,urban,3,Zentrumsnah verdichtete Mischnutzung,1202,171.71428571428572,171.71428571428572,1.6629700499168054,1.5543677204658901,1.7144925124792014,0.0,-11.442710083391875,0.7,PLZ
GLS,30173,9,308.67,1424,2349.27,9,252.96,1424,2175.16,9,255.99,1424,2179.16,7.411238384689718,174.11000000000013,7.240972727698398,28.06170052415643,237.3333333333333,4.775461708125837,49.69851039313986,9.02,30159,urban,2,Zentrumsnah hochverdichtete Wohnnutzung,1424,158.22222222222223,158.22222222222223,1.6497682584269662,1.5274999999999999,1.5303089887640449,0.0,-18.048401205170574,0.7,PLZ
GLS,30179,6,496.15,1034,1989.79,6,398.73,1034,1718.57,6,398.73,1034,1718.57,13.63058413199383,271.22,13.63058413199383,28.212310908560266,172.33333333333334,8.305970462175056,20.74812740041999,15.58,30163,suburban,5,Städtisch mit gewerblicher Prägung,1034,172.33333333333334,172.33333333333334,1.9243617021276596,1.6620599613152804,1.6620599613152804,0.0,-19.63519097047263,0.7,PLZ
GLS,30419,15,1063.28,2617,4855.1,13,767.5899999999999,2617,3733.17,13,767.5899999999999,2617,3733.17,23.108277893349268,1121.9300000000003,23.108277893349268,27.50866695438376,436.1666666666667,23.77191867081394,18.34797908854416,17.6,30419,suburban,5,Städtisch mit gewerblicher Prägung,2617,174.46666666666667,201.30769230769232,1.8552158960641958,1.4265074512800917,1.4265074512800917,-13.333333333333334,-27.809231810999933,0.7,PLZ
GLS,30449,7,347.99,1182,1989.54,8,314.12,1182,2027.81,8,315.84000000000003,1182,2028.74,-1.9235602199503397,-38.26999999999998,-1.9703046935472543,33.23462783642949,330.1666666666667,2.190643461651216,150.71675169714783,11.21,30449,urban,3,Zentrumsnah verdichtete Mischnutzung,1182,168.85714285714286,147.75,1.6831979695431472,1.715575296108291,1.716362098138748,14.285714285714286,-9.733038305698441,0.7,PLZ
GLS,30453,10,551.9300000000001,1373,2974.66,8,403.51,1373,2216.03,8,403.51,1373,2216.03,25.50308270525034,758.6299999999997,25.50308270525034,40.39292975969311,228.8333333333333,9.157258958740025,24.989282749826184,13.29,30453,suburban,4,Städtisch mit Verdichtungsansätzen,1373,137.3,171.625,2.1665404224326292,1.6140058266569557,1.6140058266569557,-20.0,-26.891091261573035,0.7,PLZ
GLS,30455,8,472.73,1201,2494.23,8,383.34,1201,2199.96,8,381.99,1201,2192.67,11.798029852900497,294.27,12.090304422607376,37.09739259882452,200.16666666666663,6.967819653017212,28.727303035174035,13.26,30455,suburban,4,Städtisch mit Verdichtungsansätzen,1201,150.125,150.125,2.0767943380516236,1.8317735220649458,1.8257035803497086,0.0,-18.909313984727017,0.7,PLZ
GLS,30457,7,351.02,1189,2124.69,8,313.81,1189,2093.85,8,308.0,1189,2079.74,1.4515058667382132,30.840000000000146,2.1156027467536567,32.57086258924518,198.16666666666663,6.068989648841514,32.65233228804302,10.08,30457,suburban,4,Städtisch mit Verdichtungsansätzen,1189,169.85714285714286,148.625,1.786955424726661,1.761017661900757,1.7491505466778803,14.285714285714286,-10.600535582018114,0.7,PLZ
GLS,30459,6,330.93,1169,1855.88,7,270.9,1169,1811.47,7,267.34,1169,1804.74,2.392934888031558,44.41000000000008,2.7555660926353047,16.83456803618848,194.8333333333333,7.274391190340525,26.783455582103898,9.13,30449,urban,3,Zentrumsnah verdichtete Mischnutzung,1169,194.83333333333334,167.0,1.5875791274593671,1.5495893926432849,1.5438323353293413,16.666666666666668,-18.139787870546648,0.7,PLZ
GLS,30519,12,407.2,2083,3335.02,11,259.41,2083,2703.58,11,259.41,2083,2703.58,18.933619588488227,631.44,18.933619588488227,27.617415592944987,347.3333333333333,12.113461405690837,28.67333470597909,6.56,30519,urban,3,Zentrumsnah verdichtete Mischnutzung,2083,173.58333333333334,189.36363636363637,1.6010657705232838,1.2979260681709073,1.2979260681709073,-8.333333333333334,-36.294204322200386,0.7,PLZ
GLS,30539,8,297.04,1310,2294.27,8,206.27,1310,1976.38,8,206.49,1310,1982.01,13.855823420957424,317.8899999999999,13.61042946122296,25.59596012224731,218.3333333333333,19.21423828970633,11.363101156619951,5.29,30539,rural,7,Umland dörflich mit geringem gewerblichem Einfluss,1310,163.75,163.75,1.751351145038168,1.5086870229007634,1.5129847328244275,0.0,-30.558173983301916,0.7,PLZ
GLS,30559,12,574.72,2040,3608.2,11,379.62,2040,2836.89,11,379.62,2040,2836.89,21.37658666371044,771.31,21.37658666371044,32.974595032785004,340.0,19.484913733542943,17.449397243914703,8.92,30559,suburban,4,Städtisch mit Verdichtungsansätzen,2040,170.0,185.45454545454547,1.7687254901960783,1.3906323529411764,1.3906323529411764,-8.333333333333334,-33.946965478841875,0.7,PLZ
GLS,30625,7,313.78,1185,2031.55,8,256.91,1185,2004.43,8,254.28,1185,1998.32,1.3349413009770812,27.11999999999989,1.6356968816913204,29.315685708431463,197.5,8.86389555258122,22.281399733155343,10.34,30625,suburban,4,Städtisch mit Verdichtungsansätzen,1185,169.28571428571428,148.125,1.7143881856540084,1.6915021097046414,1.6863459915611814,14.285714285714286,-18.12416342660461,0.7,PLZ
GLS,30627,6,309.46,774,1790.97,5,202.83,774,1335.51,5,206.34,774,1343.22,25.43091174056517,455.46,25.00041876748354,39.27810505506063,129.0,3.390385523567528,38.04877029567422,11.43,30625,suburban,4,Städtisch mit Verdichtungsansätzen,774,129.0,154.8,2.3139147286821706,1.7254651162790697,1.7354263565891472,-16.666666666666668,-34.45679570865377,0.7,PLZ
GLS,30629,6,343.73,1080,1883.26,7,300.03000000000003,1080,1849.04,7,299.86,1080,1849.03,1.817061903295351,34.22000000000003,1.8175928974225557,33.648271148362184,180.0,14.669809711755615,12.270097808818708,12.94,30559,suburban,4,Städtisch mit Verdichtungsansätzen,1080,180.0,154.28571428571428,1.7437592592592592,1.712074074074074,1.7120648148148148,16.666666666666668,-12.713466965350708,0.7,PLZ
GLS,30655,10,489.38,1383,2897.32,9,387.37,1383,2437.75,8,343.62,1383,2120.34,15.861899962724175,459.57000000000016,26.817196581668576,39.36347593134399,230.5,4.462508901721823,51.65255802875002,13.05,30559,suburban,4,Städtisch mit Verdichtungsansätzen,1383,138.3,153.66666666666666,2.094953000723066,1.7626536514822848,1.5331453362255967,-10.0,-20.844742327026033,0.7,PLZ
GLS,30657,8,461.12,1325,2543.35,7,383.75,1325,2082.22,8,397.79,1325,2232.37,18.130811724693817,461.1300000000001,12.22718068688934,30.36814314479575,220.8333333333333,12.670949194485749,17.428318111277527,16.66,30657,rural,8,Umland dörflich ohne gewerblichen Einfluss,1325,165.625,189.28571428571428,1.919509433962264,1.57148679245283,1.6848075471698112,-12.5,-16.778712699514227,0.7,PLZ
GLS,30659,6,434.02,1138,1994.74,8,428.01,1138,2173.89,7,352.2,1138,1935.16,-8.981120346511318,-179.14999999999986,2.9868554297803187,24.919057665965187,189.66666666666663,11.3882150903338,16.65464387194915,14.84,30559,suburban,4,Städtisch mit Verdichtungsansätzen,1138,189.66666666666666,142.25,1.7528471001757469,1.9102724077328646,1.7004920913884007,33.333333333333336,-1.3847288143403509,0.7,PLZ
GLS,30823,11,1115.97,1687,3786.92,9,808.73,1687,2778.37,9,812.61,1687,2795.53,26.63246120858112,1008.5500000000002,26.17932251011376,37.29490695990062,281.1666666666667,12.528872220645557,22.44149846171705,21.76,30823,suburban,4,Städtisch mit Verdichtungsansätzen,1687,153.36363636363637,187.44444444444446,2.2447658565500888,1.6469294605809128,1.6571013633669236,-18.181818181818183,-27.53120603600455,0.7,PLZ
GLS,30826,11,1296.51,1480,4194.89,8,856.6,1480,2735.03,9,936.6,1480,3014.86,34.800912538827,1459.86,28.13017743015908,47.05356582336543,246.66666666666663,56.38950461206911,4.374336472072363,26.25,30827,rural,7,Umland dörflich mit geringem gewerblichem Einfluss,1480,134.54545454545453,185.0,2.8343851351351352,1.8479932432432433,2.0370675675675676,-27.272727272727273,-33.930320629998995,0.7,PLZ
GLS,30827,8,820.72,1331,2802.25,8,704.05,1331,2437.72,8,704.05,1331,2437.72,13.008475332322249,364.5300000000002,13.008475332322249,30.407693848649537,221.8333333333333,10.610683695060027,20.906601281179583,22.43,30827,rural,7,Umland dörflich mit geringem gewerblichem Einfluss,1331,166.375,166.375,2.105371900826446,1.831495116453794,1.831495116453794,0.0,-14.215566819378115,0.7,PLZ
GLS,30851,6,491.0700000000001,1137,1988.86,7,471.1,1137,1961.52,7,471.1,1137,1961.52,1.3746568385909474,27.33999999999992,1.3746568385909474,26.29863448600204,189.5,4.12190647126244,45.97387187729196,17.37,30853,suburban,6,Umland Verstädtert,1137,189.5,162.42857142857142,1.7492172383465259,1.7251715039577835,1.7251715039577835,16.666666666666668,-4.066630012014596,0.7,PLZ
GLS,30853,6,496.82,1083,1994.65,7,477.38,1083,1984.09,6,419.39,1083,1737.3,0.5294161883037211,10.560000000000173,12.902012884465954,34.741014183379946,180.5,8.711379660258004,20.720024501222824,18.94,30853,suburban,6,Umland Verstädtert,1083,180.5,154.71428571428572,1.8417820867959374,1.8320313942751616,1.6041551246537396,16.666666666666668,-3.9128859546717116,0.7,PLZ
GLS,30855,25,2206.2,5111,8054.6,24,1846.53,5111,6904.4,24,1850.83,5111,6927.76,14.280038735629338,1150.2000000000007,13.990018126288083,17.14953728033011,851.8333333333334,58.08159729436245,14.666148539548075,22.3,30855,suburban,4,Städtisch mit Verdichtungsansätzen,5111,204.44,212.95833333333334,1.5759342594404226,1.350890236744277,1.3554607708863236,-4.0,-16.302692412292625,0.7,PLZ
GLS,30880,15,446.04,2630,4260.6,13,239.28,2630,3169.67,14,244.0,2630,3369.76,25.605079096840825,1090.9300000000003,20.908792188893585,29.408638836496127,438.3333333333333,33.96099660372796,12.906963198047514,1.58,30880,suburban,6,Umland Verstädtert,2630,175.33333333333334,202.30769230769232,1.62,1.2051977186311786,1.281277566539924,-13.333333333333334,-46.35458703255314,0.7,PLZ
GLS,30890,16,1575.75,2471,6159.7,12,984.74,2471,4049.38,13,1056.79,2471,4315.47,34.260110070295624,2110.32,29.9402568306898,41.80379872731088,411.8333333333333,102.53407734275534,4.0165508288199545,23.44,30890,rural,8,Umland dörflich ohne gewerblichen Einfluss,2471,154.4375,205.91666666666666,2.49279643868879,1.6387616349656011,1.7464467826790775,-25.0,-37.50658416627003,0.7,PLZ
GLS,30900,17,2135.25,2487,6933.91,13,1352.49,2487,4514.56,13,1348.96,2487,4518.27,34.8915691146842,2419.3499999999995,34.838063949488806,40.12754421402516,414.5,173.55971997363926,2.388226946107976,31.36,30900,rural,7,Umland dörflich mit geringem gewerblichem Einfluss,2487,146.2941176470588,191.30769230769232,2.7880619219943705,1.8152633695215121,1.816755126658625,-23.529411764705884,-36.6589392342817,0.7,PLZ
GLS,30916,12,1056.18,2276,4460.2,12,810.3100000000001,2276,3601.96,13,840.06,2276,3830.61,19.242186449038154,858.2399999999998,14.11573472041612,29.66494584461435,379.3333333333333,59.876286869182046,6.335284854288014,19.31,30916,suburban,6,Umland Verstädtert,2276,189.66666666666666,189.66666666666666,1.959666080843585,1.5825834797891036,1.6830448154657294,0.0,-23.27917589804768,0.7,PLZ
GLS,30926,14,1277.69,2421,5195.24,13,936.4,2421,4085.81,13,936.4,2421,4085.81,21.354740108252937,1109.4299999999998,21.354740108252937,40.11217367173014,403.5,53.8021301528445,7.499703057364302,20.06,30926,rural,8,Umland dörflich ohne gewerblichen Einfluss,2421,172.92857142857142,186.23076923076923,2.145906650144568,1.687653862040479,1.687653862040479,-7.142857142857143,-26.711487136942456,0.7,PLZ
GLS,30938,12,1274.14,1873,4553.11,10,847.64,1873,3194.04,10,847.64,1873,3194.04,29.849267863065023,1359.0699999999997,29.849267863065023,47.05620973188519,312.1666666666667,153.22446344831192,2.0373161024118818,28.43,30938,rural,7,Umland dörflich mit geringem gewerblichem Einfluss,1873,156.08333333333334,187.3,2.430918312867058,1.7053069941270689,1.7053069941270689,-16.666666666666668,-33.47355863562875,0.7,PLZ
GLS,30952,12,739.5600000000001,1710,3933.43,9,449.64,1710,2602.48,9,449.32,1710,2596.35,33.83688028006091,1330.9499999999998,33.99272390763278,39.471203070923664,285.0,37.755537878390655,7.548561509518832,11.4,30952,suburban,4,Städtisch mit Verdichtungsansätzen,1710,142.5,190.0,2.300251461988304,1.5219181286549708,1.5183333333333333,-25.0,-39.20168748985884,0.7,PLZ
GLS,30966,11,478.86,1619,3262.52,8,275.64,1619,2123.04,8,275.64,1619,2123.04,34.926375930262495,1139.48,34.926375930262495,41.586684892779424,269.8333333333333,31.83238567652256,8.476692135969701,6.33,30966,rural,8,Umland dörflich ohne gewerblichen Einfluss,1619,147.1818181818182,202.375,2.0151451513279803,1.3113279802347129,1.3113279802347129,-27.272727272727273,-42.43829094098484,0.7,PLZ
GLS,30974,9,613.47,1120,3010.52,8,442.17,1120,2318.9,8,442.17,1120,2318.9,22.973439804419165,691.6199999999999,22.973439804419165,31.6106106112224,186.66666666666663,53.82702268136371,3.4678987870398306,16.59,30974,rural,7,Umland dörflich mit geringem gewerblichem Einfluss,1120,124.44444444444444,140.0,2.6879642857142856,2.0704464285714286,2.0704464285714286,-11.11111111111111,-27.923125825223725,0.7,PLZ
GLS,30982,7,386.96,1154,2369.4,8,214.65,1154,2027.79,8,214.65,1154,2027.79,14.41757406938466,341.6100000000001,14.41757406938466,35.66645443707545,192.3333333333333,66.6831619829418,2.884286341768468,6.34,30982,rural,8,Umland dörflich ohne gewerblichen Einfluss,1154,164.85714285714286,144.25,2.053206239168111,1.7571837088388214,1.7571837088388214,14.285714285714286,-44.52915029977258,0.7,PLZ
GLS,30989,7,596.24,1172,2573.52,8,445.24,1172,2338.1,7,400.73,1172,2074.91,9.14778202617427,235.42000000000007,19.37463085579285,29.734517193673348,195.3333333333333,43.13135688268341,4.528801026701683,16.28,30989,rural,8,Umland dörflich ohne gewerblichen Einfluss,1172,167.42857142857142,146.5,2.1958361774744026,1.994965870307167,1.7704010238907848,14.285714285714286,-25.32537233328861,0.7,PLZ
GLS,31275,17,1483.84,3227,6214.08,16,1032.93,3227,4752.61,16,1032.93,3227,4752.61,23.51868659560225,1461.4700000000005,23.51868659560225,36.312203006018144,537.8333333333334,129.47251256919432,4.154034880924225,17.38,31275,suburban,6,Umland Verstädtert,3227,189.8235294117647,201.6875,1.925652308645801,1.4727641772544158,1.4727641772544158,-5.882352941176471,-30.388047228811722,0.7,PLZ
GLS,31303,13,1321.24,2208,4977.69,12,936.38,2208,3754.39,12,924.21,2208,3747.37,24.575656579658432,1223.2999999999995,24.71668585227284,37.41612800865826,368.0,112.90680951768702,3.259325115748242,24.81,31303,rural,8,Umland dörflich ohne gewerblichen Einfluss,2208,169.84615384615384,184.0,2.2543885869565217,1.7003577898550724,1.6971784420289855,-7.6923076923076925,-29.128697284369228,0.7,PLZ
GLS,31311,12,1456.49,1483,4809.94,8,884.59,1483,2909.63,8,884.59,1483,2909.63,39.5079772304852,1900.3099999999995,39.5079772304852,48.43021708003992,247.16666666666663,139.34872865781722,1.773727460934399,30.96,31311,rural,7,Umland dörflich mit geringem gewerblichem Einfluss,1483,123.58333333333333,185.375,3.243385030343897,1.961989211058665,1.961989211058665,-33.333333333333336,-39.265631758542796,0.7,PLZ
GLS,31319,12,803.13,1985,4079.7,11,494.45,1985,3077.51,10,472.23,1985,2854.86,24.56528666323503,1002.1899999999996,30.022795793808363,36.40580438242537,330.8333333333333,101.18549289373648,3.2695727803665453,11.04,31319,rural,8,Umland dörflich ohne gewerblichen Einfluss,1985,165.41666666666666,180.45454545454547,2.055264483627204,1.550382871536524,1.4382166246851387,-8.333333333333334,-38.43462453152043,0.7,PLZ
GLS,31515,19,2669.19,3284,7867.71,17,2040.7,3284,5938.85,17,2039.53,3284,5932.93,24.51615527262697,1928.86,24.591399530485997,36.50535618858971,547.3333333333334,125.1818077488354,4.372307311869966,33.59,31515,rural,7,Umland dörflich mit geringem gewerblichem Einfluss,3284,172.8421052631579,193.1764705882353,2.395770401948843,1.8084196102314252,1.8066169305724726,-10.526315789473685,-23.546094508071736,0.7,PLZ
GLS,31535,23,3855.99,3227,10599.7,17,2383.12,3227,6708.93,17,2376.81,3227,6705.14,36.70641621932697,3890.77,36.74217194826269,42.620955854457485,537.8333333333334,357.6158854957556,1.5039413939561046,38.52,31535,rural,7,Umland dörflich mit geringem gewerblichem Einfluss,3227,140.30434782608697,189.8235294117647,3.284691664084289,2.078999070343973,2.0778246048961884,-26.08695652173913,-38.19693515802686,0.7,PLZ
GLS,31832,14,1162.39,2069,5214.95,12,722.15,2069,3700.62,11,696.73,2069,3475.26,29.038245812519776,1514.33,33.35966787792788,32.18689525967919,344.8333333333333,159.3824695169613,2.1635587300059784,16.88,31832,rural,7,Umland dörflich mit geringem gewerblichem Einfluss,2069,147.78571428571428,172.41666666666666,2.5205171580473658,1.7886031899468342,1.6796810053165783,-14.285714285714286,-37.873691274013034,0.7,PLZ
Hermes,30159,11,365.46,1503,2971.45,9,260.03,1503,2283.51,8,227.94,1503,2046.12,23.15165996399063,687.9399999999996,31.14068888926282,16.87984443463027,735.3333333333334,1.955539120782912,376.0258874488475,8.77,30159,urban,2,Zentrumsnah hochverdichtete Wohnnutzung,1503,136.63636363636363,167.0,1.9770126413838987,1.5193013972055889,1.3613572854291416,-18.181818181818183,-28.848574399387076,0.7,PLZ
Hermes,30161,12,341.13,2187,3109.56,12,281.69,2187,2909.33,12,279.82,2187,2905.35,6.439174674230438,200.23,6.567167059005134,15.96072946914438,364.5,1.7979843382791898,202.72701615902545,7.9,30161,urban,2,Zentrumsnah hochverdichtete Wohnnutzung,2187,182.25,182.25,1.421838134430727,1.330283493369913,1.3284636488340191,0.0,-17.42444229472635,0.7,PLZ
Hermes,30163,12,310.47,2318,3038.4,12,253.98,2318,2853.97,12,253.0,2318,2848.9,6.069971037388108,184.4300000000003,6.236835176408636,16.141901361332568,386.3333333333333,2.603733329707664,148.3766900878091,6.63,30163,suburban,5,Städtisch mit gewerblicher Prägung,2318,193.16666666666666,193.16666666666666,1.3107851596203624,1.231220880069025,1.2290336496980157,0.0,-18.194994685476868,0.7,PLZ
Hermes,30165,12,308.85,1888,3058.28,10,215.22,1888,2398.34,11,234.05,1888,2627.1,21.578795924506583,659.94,14.098774474541257,30.14147472098493,314.6666666666667,4.951012974183712,63.55601738622927,5.34,30163,suburban,5,Städtisch mit gewerblicher Prägung,1888,157.33333333333334,188.8,1.6198516949152544,1.2703072033898306,1.3914724576271187,-16.666666666666668,-30.315687226809136,0.7,PLZ
Hermes,30167,11,312.57,1629,2839.17,9,229.15,1629,2219.71,10,245.59,1629,2452.79,21.818348320107635,619.46,13.60890682840408,23.49967468408408,486.3333333333333,4.343746915001259,111.96171021238985,7.06,30167,urban,3,Zentrumsnah verdichtete Mischnutzung,1629,148.0909090909091,181.0,1.7428913443830572,1.362621240024555,1.5057028852056475,-18.181818181818183,-26.68842179351825,0.7,PLZ
Hermes,30173,12,444.2,1982,3285.73,10,386.24,1982,2620.3,10,381.25,1982,2616.29,20.252120533336576,665.4299999999998,20.37416342791404,30.708313187425965,330.3333333333333,4.775461708125837,69.1730671342719,11.08,30159,urban,2,Zentrumsnah hochverdichtete Wohnnutzung,1982,165.16666666666666,198.2,1.6577850655903128,1.3220484359233098,1.3200252270433905,-16.666666666666668,-13.048176497073387,0.7,PLZ
Hermes,30177,11,316.75,1604,2829.48,9,232.08,1604,2209.49,8,208.22,1604,1975.93,21.911800048065377,619.9900000000002,30.16632031327311,32.81067442337792,267.3333333333333,3.576189607493106,74.75367994280731,7.86,30163,suburban,5,Städtisch mit gewerblicher Prägung,1604,145.8181818181818,178.22222222222223,1.7640149625935162,1.3774875311720698,1.2318765586034912,-18.181818181818183,-26.73086029992107,0.7,PLZ
Hermes,30179,11,298.1,1492,2881.72,9,199.58,1492,2196.36,8,184.08,1492,1977.9,23.783018475077377,685.3599999999997,31.363907666254867,39.95004463669161,248.66666666666663,8.305970462175056,29.938303753797506,5.02,30163,suburban,5,Städtisch mit gewerblicher Prägung,1492,135.63636363636363,165.77777777777777,1.9314477211796246,1.4720911528150136,1.3256702412868633,-18.181818181818183,-33.04931231130494,0.7,PLZ
Hermes,30419,20,638.79,3791,5444.13,18,411.42,3791,4386.16,18,414.21,3791,4389.21,19.43322440867504,1057.9700000000005,19.3772007648605,23.23114360986412,631.8333333333334,23.77191867081394,26.578979260478,4.3,30419,suburban,5,Städtisch mit gewerblicher Prägung,3791,189.55,210.61111111111111,1.4360670007913479,1.1569928778686362,1.1577974149300976,-10.0,-35.593857136148024,0.7,PLZ
Hermes,30449,11,465.75,1632,2970.15,9,335.68,1632,2288.9,10,368.12,1632,2529.36,22.936552025991958,681.25,14.84066461289834,20.318071535133857,458.6666666666667,2.190643461651216,209.37531583571467,9.61,30449,urban,3,Zentrumsnah verdichtete Mischnutzung,1632,148.36363636363637,181.33333333333334,1.8199448529411766,1.4025122549019609,1.5498529411764708,-18.181818181818183,-27.926999463231347,0.7,PLZ
Hermes,30453,12,556.15,1923,3456.84,10,358.25,1923,2607.0,11,382.19,1923,2823.57,24.584302426493565,849.8400000000001,18.3193321067796,32.39899110320065,320.5,9.157258958740025,34.99955624757156,8.55,30453,suburban,4,Städtisch mit Verdichtungsansätzen,1923,160.25,192.3,1.797628705148206,1.3556942277691109,1.4683151326053043,-16.666666666666668,-35.58392520003596,0.7,PLZ
Hermes,30455,11,512.28,1769,3243.07,9,350.79,1769,2425.88,10,380.34,1769,2657.23,25.198037661845103,817.19,18.06436493816045,30.17281646075277,294.8333333333333,6.967819653017212,42.31357124831213,9.92,30455,suburban,4,Städtisch mit Verdichtungsansätzen,1769,160.8181818181818,196.55555555555554,1.8332786885245902,1.371328434143584,1.5021085358959865,-18.181818181818183,-31.523776059967197,0.7,PLZ
Hermes,30457,11,587.63,1718,3330.43,9,439.45,1718,2531.89,10,477.13,1718,2780.26,23.977084040199014,798.54,16.519488474461244,33.06168801434373,286.3333333333333,6.068989648841514,47.1797366449604,13.07,30457,suburban,4,Städtisch mit Verdichtungsansätzen,1718,156.1818181818182,190.88888888888889,1.9385506402793946,1.473742724097788,1.6183119906868453,-18.181818181818183,-25.21654782771472,0.7,PLZ
Hermes,30459,11,562.09,1718,3234.02,10,437.26,1718,2695.68,9,404.26,1718,2455.27,16.6461555587164,538.3400000000001,24.07993766272317,37.52769880303096,286.3333333333333,7.274391190340525,39.36182779303207,11.99,30449,urban,3,Zentrumsnah verdichtete Mischnutzung,1718,156.1818181818182,171.8,1.8824330616996507,1.569080325960419,1.4291443538998836,-9.090909090909092,-22.208187300966042,0.7,PLZ
Hermes,30519,16,989.77,2919,4959.44,14,780.07,2919,3989.46,14,779.63,2919,3987.69,19.5582565773555,969.9799999999996,19.59394609068765,26.11996618908624,486.6666666666667,12.113461405690837,40.17568970319528,13.55,30519,urban,3,Zentrumsnah verdichtete Mischnutzung,2919,182.4375,208.5,1.6990202124015072,1.36672147995889,1.366115107913669,-12.5,-21.186740353819566,0.7,PLZ
Hermes,30539,11,811.1,1846,3488.44,10,631.3,1846,2862.24,10,638.37,1846,2865.95,17.95071722603801,626.2000000000003,17.84436596300926,27.88994214086658,307.6666666666667,19.21423828970633,16.01243109551178,16.65,30539,rural,7,Umland dörflich mit geringem gewerblichem Einfluss,1846,167.8181818181818,184.6,1.8897291440953412,1.5505092091007582,1.552518959913326,-9.090909090909092,-22.167426951054132,0.7,PLZ
Hermes,30559,17,1161.7,2928,5347.66,15,864.74,2928,4205.43,14,821.1800000000001,2928,3949.23,21.3594357158084,1142.2299999999996,26.150316213072628,29.91770449474703,488.0,19.484913733542943,25.04501722067757,14.22,30559,suburban,4,Städtisch mit Verdichtungsansätzen,2928,172.23529411764707,195.2,1.826386612021858,1.436280737704918,1.3487807377049181,-11.764705882352942,-25.562537660325386,0.7,PLZ
Hermes,30625,11,609.94,1721,3220.39,10,486.86,1721,2691.26,9,446.06,1721,2446.55,16.43061865177819,529.1299999999997,24.02938774496256,26.765330296917416,286.8333333333333,8.86389555258122,32.359737502751344,10.86,30625,suburban,4,Städtisch mit Verdichtungsansätzen,1721,156.45454545454547,172.1,1.8712318419523533,1.5637768739105173,1.4215862870424174,-9.090909090909092,-20.179034003344597,0.7,PLZ
Hermes,30627,6,287.58,1110,1817.53,7,293.65,1110,1907.76,6,256.0,1110,1613.87,-4.964429748064682,-90.23000000000002,11.205317106182571,11.43341831378318,185.0,3.390385523567528,54.56606592790488,11.3,30625,suburban,4,Städtisch mit Verdichtungsansätzen,1110,185.0,158.57142857142858,1.6374144144144145,1.7187027027027026,1.4539369369369368,16.666666666666668,2.1107170178732853,0.7,PLZ
Hermes,30629,11,548.0,1544,3157.19,10,454.48,1544,2708.49,8,347.44,1544,2129.59,14.21200497911118,448.7000000000003,32.5479302797741,43.44575909925068,257.3333333333333,14.669809711755615,17.54169538594082,13.03,30559,suburban,4,Städtisch mit Verdichtungsansätzen,1544,140.36363636363637,154.4,2.044812176165803,1.7542033678756475,1.379268134715026,-9.090909090909092,-17.065693430656932,0.7,PLZ
Hermes,30655,12,474.89,1982,3379.92,10,321.21,1982,2561.58,11,365.01,1982,2811.14,24.21181566427608,818.3400000000001,16.82820895169117,31.4739480618078,330.3333333333333,4.462508901721823,74.02412871509945,9.19,30559,suburban,4,Städtisch mit Verdichtungsansätzen,1982,165.16666666666666,198.2,1.7053077699293644,1.2924217961654894,1.418335015136226,-16.666666666666668,-32.36117837815073,0.7,PLZ
Hermes,30657,11,420.8,1834,3123.63,10,287.44,1834,2549.12,11,303.95,1834,2760.93,18.392383220804007,574.5100000000002,11.611490477425312,25.98459213678101,305.6666666666667,12.670949194485749,24.12342295553433,6.89,30657,rural,8,Umland dörflich ohne gewerblichen Einfluss,1834,166.72727272727272,183.4,1.7031788440567066,1.3899236641221373,1.5054143947655396,-9.090909090909092,-31.69201520912548,0.7,PLZ
Hermes,30659,11,451.72,1587,3120.59,9,287.87,1587,2306.39,9,285.24,1587,2308.08,26.09121992956461,814.2000000000003,26.03706350401688,34.81296876552756,264.5,11.3882150903338,23.22576434515229,10.33,30559,suburban,4,Städtisch mit Verdichtungsansätzen,1587,144.27272727272728,176.33333333333334,1.9663453056080655,1.4533018273471958,1.454366729678639,-18.181818181818183,-36.272469671477914,0.7,PLZ
Hermes,30823,13,550.15,2384,3797.72,12,366.35,2384,3056.3,13,385.48,2384,3277.73,19.52276629135375,741.4199999999996,13.69216266602066,25.778375772977423,397.3333333333333,12.528872220645557,31.71341572776137,8.05,30823,suburban,4,Städtisch mit Verdichtungsansätzen,2384,183.3846153846154,198.66666666666666,1.5930033557046979,1.282005033557047,1.374886744966443,-7.6923076923076925,-33.4090702535672,0.7,PLZ
Hermes,30826,12,670.0,2156,3933.75,10,449.33,2156,2839.03,11,459.45,2156,3056.76,27.828916428344453,1094.7199999999998,22.293994280266915,30.965173044277385,359.3333333333333,56.38950461206911,6.3723442120189295,9.0,30827,rural,7,Umland dörflich mit geringem gewerblichem Einfluss,2156,179.66666666666666,215.6,1.8245593692022264,1.3168042671614102,1.4177922077922078,-16.666666666666668,-32.93582089552239,0.7,PLZ
Hermes,30827,11,377.6,1865,3096.53,9,224.12,1865,2259.41,11,252.85,1865,2690.11,27.03413175393102,837.1200000000003,13.125014128718275,27.35295203848887,310.8333333333333,10.610683695060027,29.29437369601797,5.18,30827,rural,7,Umland dörflich mit geringem gewerblichem Einfluss,1865,169.54545454545453,207.22222222222223,1.6603378016085792,1.2114798927613941,1.4424182305630027,-18.181818181818183,-40.646186440677965,0.7,PLZ
Hermes,30851,11,230.79,1650,2774.69,9,138.6,1650,2092.93,10,146.14,1650,2298.91,24.570672759839848,681.7600000000002,17.14714076167068,32.67026884406131,275.0,4.12190647126244,66.71670061348436,3.44,30853,suburban,6,Umland Verstädtert,1650,150.0,183.33333333333334,1.681630303030303,1.2684424242424241,1.3932787878787878,-18.181818181818183,-39.94540491355778,0.7,PLZ
Hermes,30853,9,255.54,1477,2434.95,9,160.41,1477,2138.4,8,145.7,1477,1916.07,12.178894843836618,296.5499999999997,21.30967781679295,29.53841941280936,246.16666666666663,8.711379660258004,28.25805742225864,3.75,30853,suburban,6,Umland Verstädtert,1477,164.11111111111111,164.11111111111111,1.6485781990521327,1.4477995937711579,1.2972714962762355,0.0,-37.22704860295844,0.7,PLZ
Hermes,30855,34,860.9,7102,8695.93,32,594.46,7102,7445.0,32,594.36,7102,7432.93,14.385235391729235,1250.9300000000003,14.524035957051172,17.201827152276632,1183.6666666666667,58.08159729436245,20.379375254914976,2.52,30855,suburban,4,Städtisch mit Verdichtungsansätzen,7102,208.88235294117646,221.9375,1.224433962264151,1.0482962545761758,1.0465967333145594,-5.882352941176471,-30.949006853293056,0.7,PLZ
Hermes,30880,17,1541.36,3668,5971.7,18,1382.03,3668,5446.23,18,1355.87,3668,5430.09,8.799336872247439,525.4700000000003,9.069611668369136,21.678110603016183,611.3333333333334,33.96099660372796,18.001042209292123,20.27,30880,suburban,6,Umland Verstädtert,3668,215.76470588235293,203.77777777777777,1.6280534351145037,1.4847955288985821,1.4803953107960741,5.882352941176471,-10.336975138838424,0.7,PLZ
Hermes,30890,20,1819.04,3618,7080.31,18,1356.85,3618,5478.86,18,1355.5,3618,5451.78,22.61835993056802,1601.4500000000007,23.000829059744564,34.29903089646432,603.0,102.53407734275534,5.880971630380655,19.74,30890,rural,8,Umland dörflich ohne gewerblichen Einfluss,3618,180.9,201.0,1.9569679380873413,1.514333886124931,1.5068490878938638,-10.0,-25.408457208197735,0.7,PLZ
Hermes,30900,20,1598.51,3644,7373.69,18,1000.77,3644,5370.1,18,1013.57,3644,5357.05,27.1721485443516,2003.5899999999992,27.34912913344607,31.27565759272656,607.3333333333334,173.55971997363926,3.49927583096802,12.32,30900,rural,7,Umland dörflich mit geringem gewerblichem Einfluss,3644,182.2,202.44444444444446,2.0235153677277715,1.473682766190999,1.4701015367727772,-10.0,-37.39357276463707,0.7,PLZ
Hermes,30916,17,941.58,3232,5593.33,16,704.0600000000001,3232,4487.99,16,675.88,3232,4477.55,19.761751943833104,1105.34,19.948402829799058,28.04094921254864,538.6666666666666,59.876286869182046,8.996327174454684,10.8,30916,suburban,6,Umland Verstädtert,3232,190.11764705882354,202.0,1.7306095297029702,1.3886107673267325,1.3853805693069308,-5.882352941176471,-25.225684487775865,0.7,PLZ
Hermes,30926,17,1020.79,3537,5595.25,18,739.35,3537,4844.7,19,743.65,3537,5082.09,13.414056565837097,750.5500000000002,9.171350699253829,27.134934303518406,589.5,53.8021301528445,10.9568152473761,10.52,30926,rural,8,Umland dörflich ohne gewerblichen Einfluss,3537,208.05882352941177,196.5,1.5819197059655075,1.3697201017811704,1.436836301950806,5.882352941176471,-27.57080300551533,0.7,PLZ
Hermes,30938,16,1409.17,2656,5707.67,13,993.76,2656,4010.04,14,1057.79,2656,4278.56,29.74295991183793,1697.63,25.03841322290882,33.385717083435566,442.6666666666667,153.22446344831192,2.889007777899604,16.57,30938,rural,7,Umland dörflich mit geringem gewerblichem Einfluss,2656,166.0,204.30769230769232,2.148972138554217,1.50980421686747,1.6109036144578315,-18.75,-29.47905504658771,0.7,PLZ
Hermes,30952,14,965.72,2488,4859.72,13,725.51,2488,3888.91,13,731.52,2488,3881.22,19.97666532228195,970.8100000000004,20.134904891639856,32.094496736409624,414.6666666666667,37.755537878390655,10.982936278177108,15.6,30952,suburban,4,Städtisch mit Verdichtungsansätzen,2488,177.71428571428572,191.3846153846154,1.9532636655948554,1.5630667202572346,1.559975884244373,-7.142857142857143,-24.87366938657168,0.7,PLZ
Hermes,30966,12,888.88,2313,4128.35,13,742.3,2313,3811.24,12,702.65,2313,3549.74,7.681277023508195,317.1100000000006,14.015526784308516,21.584305942764583,385.5,31.83238567652256,12.110308159665175,16.87,30966,rural,8,Umland dörflich ohne gewerblichen Einfluss,2313,192.75,177.92307692307693,1.7848465196714225,1.6477475140510158,1.534690877648076,8.333333333333334,-16.490414904149045,0.7,PLZ
Hermes,30974,12,1148.8,1616,4321.71,9,759.0799999999999,1616,2929.58,10,827.7,1616,3197.11,32.21248070786795,1392.13,26.02210699005717,42.45791176441638,269.3333333333333,53.82702268136371,5.003682535586042,22.19,30974,rural,7,Umland dörflich mit geringem gewerblichem Einfluss,1616,134.66666666666666,179.55555555555554,2.674325495049505,1.812858910891089,1.9784096534653466,-25.0,-33.924094707520894,0.7,PLZ
Hermes,30982,11,1037.2,1680,4057.59,10,837.94,1680,3231.49,10,842.35,1680,3223.96,20.359375885685843,826.1000000000004,20.544954024433224,42.24173102876014,280.0,66.6831619829418,4.19896105214127,23.78,30982,rural,8,Umland dörflich ohne gewerblichen Einfluss,1680,152.72727272727272,168.0,2.415232142857143,1.9235059523809523,1.9190238095238095,-9.090909090909092,-19.211338218279984,0.7,PLZ
Hermes,30989,11,786.91,1681,3728.8,9,542.13,1681,2738.11,10,564.48,1681,2985.96,26.568601158549665,990.69,19.921690624329543,41.40054232198415,280.1666666666667,43.13135688268341,6.495660858264103,15.58,30989,rural,8,Umland dörflich ohne gewerblichen Einfluss,1681,152.8181818181818,186.77777777777777,2.218203450327186,1.6288578227245687,1.7762998215348007,-18.181818181818183,-31.10647977532373,0.7,PLZ
Hermes,31275,24,2131.72,4698,8456.53,22,1517.8,4698,6534.11,21,1491.14,4698,6314.97,22.73296493952012,1922.420000000001,25.324335158747147,30.256184504729728,783.0,129.47251256919432,6.047615702070656,23.26,31275,suburban,6,Umland Verstädtert,4698,195.75,213.54545454545453,1.8000276713495105,1.3908280119199659,1.3441826309067688,-8.333333333333334,-28.799279455087905,0.7,PLZ
Hermes,31303,17,1534.98,3161,6212.33,16,1143.98,3161,4905.3,16,1148.46,3161,4909.84,21.039287996613183,1307.0299999999995,20.96620752600071,35.8418017170244,526.8333333333334,112.90680951768702,4.6660899868116825,22.27,31303,rural,8,Umland dörflich ohne gewerblichen Einfluss,3161,185.94117647058823,197.5625,1.9653052831382474,1.5518190446061373,1.5532552989560267,-5.882352941176471,-25.472644594717845,0.7,PLZ
Hermes,31311,14,1678.2,2196,5705.77,12,1186.24,2196,4140.75,12,1189.31,2196,4140.22,27.428725658412457,1565.0200000000004,27.43801450111028,43.41253585536287,366.0,139.34872865781722,2.626504048693149,32.49,31311,rural,7,Umland dörflich mit geringem gewerblichem Einfluss,2196,156.85714285714286,183.0,2.5982559198542807,1.8855874316939891,1.8853460837887068,-14.285714285714286,-29.31474198546061,0.7,PLZ
Hermes,31319,17,1549.82,2907,5988.85,15,1112.93,2907,4572.06,15,1106.16,2907,4562.29,23.65712949898561,1416.79,23.820265994306087,44.125648580946326,484.5,101.18549289373648,4.788235804798765,23.57,31319,rural,8,Umland dörflich ohne gewerblichen Einfluss,2907,171.0,193.8,2.0601479188166496,1.5727760577915377,1.5694152046783625,-11.764705882352942,-28.1897252584171,0.7,PLZ
Hermes,31515,23,1834.73,4758,8198.26,23,1381.32,4758,6713.86,23,1368.28,4758,6696.29,18.106281088913995,1484.4000000000003,18.320594857933276,25.98561576769232,793.0,125.1818077488354,6.334786294116107,20.37,31515,rural,7,Umland dörflich mit geringem gewerblichem Einfluss,4758,206.8695652173913,206.8695652173913,1.7230474989491384,1.4110676754939049,1.4073749474569146,0.0,-24.712628016111367,0.7,PLZ
Hermes,31535,27,2850.29,4780,11007.19,24,2013.95,4780,8489.7,22,1699.32,4780,7367.56,22.871323198745543,2517.49,33.065932358758225,33.51228657675403,796.6666666666666,357.6158854957556,2.227716102606191,19.5,31535,rural,7,Umland dörflich mit geringem gewerblichem Einfluss,4780,177.03703703703704,199.16666666666666,2.3027594142259415,1.7760878661087867,1.5413305439330545,-11.11111111111111,-29.342277452469745,0.7,PLZ
Hermes,31832,17,2175.86,3015,7196.29,15,1592.05,3015,5397.1,16,1655.25,3015,5666.92,25.00163278578267,1799.1899999999996,21.252200786794308,40.3616773303272,502.5,159.3824695169613,3.1527934127443333,28.44,31832,rural,7,Umland dörflich mit geringem gewerblichem Einfluss,3015,177.35294117647058,201.0,2.3868291873963514,1.7900829187396352,1.879575456053068,-11.764705882352942,-26.831229950456375,0.7,PLZ
UPS,30159,34,890.22,7101,8339.56,33,811.72,7101,7901.55,33,811.72,7101,7901.55,5.25219555947795,438.0099999999993,5.25219555947795,14.229281344451673,1967.5,1.955539120782912,1006.1164100937546,9.68,30159,urban,2,Zentrumsnah hochverdichtete Wohnnutzung,7101,208.85294117647058,215.1818181818182,1.1744205041543443,1.1127376425855513,1.1127376425855513,-2.9411764705882355,-8.818044977645975,0.7,PLZ
UPS,30161,24,578.9,4726,5790.65,23,518.68,4726,5417.42,23,504.61,4726,5372.01,6.445390413856813,373.2299999999996,7.229585625102526,16.03134973474638,787.6666666666666,1.7979843382791898,438.0831634053746,8.59,30161,urban,2,Zentrumsnah hochverdichtete Wohnnutzung,4726,196.91666666666666,205.47826086956522,1.2252750740584002,1.1463013118916632,1.1366927634363098,-4.166666666666667,-10.402487476248062,0.7,PLZ
UPS,30163,16,362.89,2817,3828.53,14,284.88,2817,3237.46,15,300.91,2817,3455.23,15.438562581460772,591.0700000000002,9.750478643239052,14.15196361523024,880.5,2.603733329707664,338.16827167122324,7.06,30163,suburban,5,Städtisch mit gewerblicher Prägung,2817,176.0625,201.21428571428572,1.3590805821796237,1.1492580759673412,1.2265637202697905,-12.5,-21.496872330458263,0.7,PLZ
UPS,30165,15,371.05,2701,3670.29,15,318.71,2701,3477.95,15,318.71,2701,3477.95,5.240457838481432,192.34000000000012,5.240457838481432,17.447399142325935,450.1666666666667,4.951012974183712,90.9241541102782,6.57,30163,suburban,5,Städtisch mit gewerblicher Prägung,2701,180.06666666666666,180.06666666666666,1.3588633839318771,1.287652721214365,1.287652721214365,0.0,-14.105915644791816,0.7,PLZ
UPS,30167,17,505.03,2856,4306.18,14,352.53,2856,3384.35,15,374.74,2856,3606.43,21.407140435374284,921.8300000000004,16.2499013046366,16.392659027755876,758.5,4.343746915001259,174.61882905297676,8.57,30167,urban,3,Zentrumsnah verdichtete Mischnutzung,2856,168.0,204.0,1.5077661064425771,1.1849964985994397,1.2627556022408963,-17.647058823529413,-30.196225966774254,0.7,PLZ
UPS,30419,12,483.83,2053,3352.76,12,390.77,2053,3066.57,11,337.85,2053,2736.49,8.535952469010608,286.19000000000005,18.38097567377326,25.501287085196903,342.1666666666667,23.77191867081394,14.393733690783783,7.09,30419,suburban,5,Städtisch mit gewerblicher Prägung,2053,171.08333333333334,171.08333333333334,1.6331027764247443,1.4937018996590357,1.3329225523623964,0.0,-19.234028481078067,0.7,PLZ
UPS,30449,12,579.52,2096,3238.15,11,470.38,2096,2794.83,11,470.38,2096,2794.83,13.690533174806609,443.32000000000016,13.690533174806609,18.30943175370028,780.8333333333334,2.190643461651216,356.4401724892163,11.08,30449,urban,3,Zentrumsnah verdichtete Mischnutzung,2096,174.66666666666666,190.54545454545453,1.544918893129771,1.3334112595419847,1.3334112595419847,-8.333333333333334,-18.832827167310874,0.7,PLZ
UPS,30453,11,605.04,1821,3257.93,10,453.67,1821,2654.48,10,451.29,1821,2657.24,18.52249741400214,603.4499999999998,18.437781045019385,28.19520959565302,303.5,9.157258958740025,33.14310552617151,10.59,30453,suburban,4,Städtisch mit Verdichtungsansätzen,1821,165.54545454545453,182.1,1.789088412959912,1.4577045579352004,1.4592202086765513,-9.090909090909092,-25.0181806161576,0.7,PLZ
UPS,30455,6,354.19,812,1866.69,5,244.51,812,1403.13,5,240.64,812,1386.49,24.83326101280876,463.56,25.724678441519483,45.4794069775141,135.33333333333334,6.967819653017212,19.422622868077703,12.14,30455,suburban,4,Städtisch mit Verdichtungsansätzen,812,135.33333333333334,162.4,2.2988793103448275,1.7279926108374386,1.7075,-16.666666666666668,-30.96643044693526,0.7,PLZ
UPS,30457,6,395.38,1021,1917.3,6,335.85,1021,1709.42,6,335.76,1021,1706.07,10.842330360402643,207.87999999999988,11.017055233922704,29.66446298469828,170.16666666666666,6.068989648841514,28.03871426921104,14.87,30457,suburban,4,Städtisch mit Verdichtungsansätzen,1021,170.16666666666666,170.16666666666666,1.8778648383937315,1.674260528893242,1.6709794319294808,0.0,-15.056401436592639,0.7,PLZ
UPS,30519,16,1043.83,3056,4817.82,16,917.98,3056,4439.22,16,917.98,3056,4439.22,7.858325964855463,378.59999999999945,7.858325964855463,21.28819231977261,510.6666666666667,12.113461405690837,42.15695659266792,14.11,30519,urban,3,Zentrumsnah verdichtete Mischnutzung,3056,191.0,191.0,1.576511780104712,1.4526243455497383,1.4526243455497383,0.0,-12.056560934251738,0.7,PLZ
UPS,30539,15,1054.87,2701,4416.14,13,842.22,2701,3630.59,13,834.4300000000001,2701,3626.42,17.78815888989027,785.5500000000002,17.88258524412723,19.04737949794628,450.1666666666667,19.21423828970633,23.42880627788587,16.42,30539,rural,7,Umland dörflich mit geringem gewerblichem Einfluss,2701,180.06666666666666,207.76923076923077,1.6350018511662348,1.3441651240281378,1.3426212513883746,-13.333333333333334,-20.158882137135368,0.7,PLZ
UPS,30559,17,1039.2,3087,4902.22,16,872.63,3087,4274.36,16,872.63,3087,4274.36,12.807666730583298,627.8600000000006,12.807666730583298,22.52699157364223,514.5,19.484913733542943,26.405043770570924,13.47,30559,suburban,4,Städtisch mit Verdichtungsansätzen,3087,181.58823529411765,192.9375,1.588020732102365,1.384632329122125,1.384632329122125,-5.882352941176471,-16.02867590454196,0.7,PLZ
UPS,30625,11,547.41,1492,3011.61,9,419.07,1492,2342.36,9,418.37,1492,2342.97,22.222332904991017,669.25,22.202077958301384,21.39646270798085,454.5,8.86389555258122,51.27542368971697,10.5,30625,suburban,4,Städtisch mit Verdichtungsansätzen,1492,135.63636363636363,165.77777777777777,2.018505361930295,1.569946380697051,1.5703552278820374,-18.181818181818183,-23.444949854770645,0.7,PLZ
UPS,30655,7,308.93,1218,2007.14,6,208.32,1218,1550.48,7,226.12,1218,1774.06,22.751776159111973,456.6600000000001,11.6125432207021,23.94484093655227,203.0,4.462508901721823,45.4901053355152,8.22,30559,suburban,4,Städtisch mit Verdichtungsansätzen,1218,174.0,203.0,1.6478981937602628,1.2729720853858786,1.456535303776683,-14.285714285714286,-32.567248243938764,0.7,PLZ
UPS,30657,19,469.75,3745,4632.26,18,379.27,3745,4184.06,18,381.37,3745,4184.23,9.675622698207782,448.1999999999998,9.67195278330665,18.0418931461407,624.1666666666666,12.670949194485749,49.259661378667424,5.0,30657,rural,8,Umland dörflich ohne gewerblichen Einfluss,3745,197.10526315789474,208.05555555555554,1.2369185580774367,1.1172389853137519,1.1172843791722296,-5.2631578947368425,-19.26130920702502,0.7,PLZ
UPS,30659,11,417.64,1646,2979.55,10,320.21000000000004,1646,2534.64,9,274.26,1646,2242.41,14.932120622241625,444.9100000000003,24.7399775133829,23.66768239116072,397.5,11.3882150903338,34.90450407258236,8.51,30559,suburban,4,Städtisch mit Verdichtungsansätzen,1646,149.63636363636363,164.6,1.810176184690158,1.5398784933171323,1.3623390036452003,-9.090909090909092,-23.328704147112333,0.7,PLZ
UPS,30823,9,443.14,1337,2623.66,8,302.7,1337,2071.6,8,302.7,1337,2071.6,21.04159837783859,552.06,21.04159837783859,38.10601467358225,222.8333333333333,12.528872220645557,17.785585917792346,11.23,30823,suburban,4,Städtisch mit Verdichtungsansätzen,1337,148.55555555555554,167.125,1.962348541510845,1.5494390426327598,1.5494390426327598,-11.11111111111111,-31.692016067157105,0.7,PLZ
UPS,30826,6,390.98,1105,1977.73,8,358.85,1105,2108.42,8,359.75,1105,2108.25,-6.608080981731584,-130.69000000000003,-6.59948526846435,19.4816515540682,184.16666666666663,56.38950461206911,3.265974190297271,11.69,30827,rural,7,Umland dörflich mit geringem gewerblichem Einfluss,1105,184.16666666666666,138.125,1.7898009049773755,1.9080723981900454,1.9079185520361992,33.333333333333336,-8.217811652769962,0.7,PLZ
UPS,30827,12,447.59,2105,3174.0,11,337.83,2105,2667.36,11,336.67,2105,2666.08,15.962192816635156,506.6399999999999,16.002520478890993,22.4482979511878,350.8333333333333,10.610683695060027,33.06415905100152,8.21,30827,rural,7,Umland dörflich mit geringem gewerblichem Einfluss,2105,175.41666666666666,191.36363636363637,1.5078384798099762,1.2671543942992876,1.2665463182897863,-8.333333333333334,-24.52244241381622,0.7,PLZ
UPS,30853,15,220.63,2526,3537.0,14,128.22,2526,3042.54,13,127.1,2526,2841.66,13.979643765903308,494.46,19.65903307888041,19.01752838016018,611.3333333333334,8.711379660258004,70.17640800598829,1.67,30853,suburban,6,Umland Verstädtert,2526,168.4,180.42857142857142,1.4002375296912113,1.2044893111638955,1.1249643705463181,-6.666666666666667,-41.88460318179758,0.7,PLZ
UPS,30855,52,1039.02,11467,12280.45,52,760.52,11467,11479.96,52,743.76,11467,11450.75,6.518409341677232,800.4900000000016,6.7562670749036124,8.866014741027158,1912.5,58.08159729436245,32.927813439897115,2.72,30855,suburban,4,Städtisch mit Verdichtungsansätzen,11467,220.51923076923077,220.51923076923077,1.0709383448155578,1.001130199703497,0.9985828900322665,0.0,-26.804103867105542,0.7,PLZ
UPS,30880,22,1749.42,4190,6919.6,19,1378.01,4190,5511.45,20,1458.15,4190,5776.14,20.350164749407487,1408.1500000000003,16.524943638360597,22.809076127045227,698.3333333333334,33.96099660372796,20.562804486623225,20.44,30880,suburban,6,Umland Verstädtert,4190,190.45454545454547,220.52631578947367,1.65145584725537,1.315381861575179,1.3785536992840097,-13.636363636363637,-21.230464954099077,0.7,PLZ
UPS,30890,12,1235.1,1795,4319.52,11,961.71,1795,3539.4,9,772.34,1795,2847.87,18.06034003778198,780.1200000000003,34.069757750861214,39.88367970419444,299.1666666666667,102.53407734275534,2.917729153270668,22.83,30890,rural,8,Umland dörflich ohne gewerblichen Einfluss,1795,149.58333333333334,163.1818181818182,2.4064178272980503,1.9718105849582173,1.5865571030640668,-8.333333333333334,-22.135049793538975,0.7,PLZ
UPS,30900,12,1014.26,2208,4491.7,12,561.22,2208,3413.95,11,526.01,2208,3167.05,23.994256072311156,1077.75,29.491061290825296,34.282496134759015,368.0,173.55971997363926,2.1203076385228834,10.9,30900,rural,7,Umland dörflich mit geringem gewerblichem Einfluss,2208,184.0,184.0,2.034284420289855,1.5461730072463766,1.434352355072464,0.0,-44.66704789698894,0.7,PLZ
UPS,30916,21,876.79,4019,6111.62,20,706.19,4019,5151.95,20,706.19,4019,5151.95,15.702383328806436,959.67,15.702383328806436,22.653765577558502,669.8333333333334,59.876286869182046,11.186955109570972,7.96,30916,suburban,6,Umland Verstädtert,4019,191.38095238095238,200.95,1.5206817616322468,1.2818984822095048,1.2818984822095048,-4.761904761904762,-19.457338701399415,0.7,PLZ
UPS,30926,11,736.03,1634,3524.89,9,534.83,1634,2683.33,9,465.54,1634,2513.59,23.87478758202384,841.56,28.69025700092768,39.42699871639527,272.3333333333333,53.8021301528445,5.061757453834477,13.64,30926,rural,8,Umland dörflich ohne gewerblichen Einfluss,1634,148.54545454545453,181.55555555555554,2.1572154222766216,1.6421848225214197,1.5383047735618116,-18.181818181818183,-27.335842289037124,0.7,PLZ
UPS,30938,18,1305.47,3590,5595.48,17,1007.67,3590,4608.94,17,1007.67,3590,4608.94,17.631016463288226,986.54,17.631016463288226,22.12156441367695,598.3333333333334,153.22446344831192,3.904946507025443,13.43,30938,rural,7,Umland dörflich mit geringem gewerblichem Einfluss,3590,199.44444444444446,211.1764705882353,1.5586295264623955,1.283827298050139,1.283827298050139,-5.555555555555555,-22.811707660842462,0.7,PLZ
UPS,30952,9,737.35,1329,3209.26,8,513.75,1329,2444.56,8,514.22,1329,2442.63,23.82792294796932,764.7000000000003,23.88806142225934,40.62060578480117,221.5,37.755537878390655,5.8666890328365655,17.72,30952,suburban,4,Städtisch mit Verdichtungsansätzen,1329,147.66666666666666,166.125,2.4147930775018813,1.839398043641836,1.8379458239277653,-11.11111111111111,-30.324811826134134,0.7,PLZ
UPS,30966,9,687.62,1386,2977.32,8,503.02,1386,2359.07,8,517.66,1386,2380.35,20.76531914607768,618.25,20.050582402966437,37.20174447244298,231.0,31.83238567652256,7.256760531472518,18.2,30966,rural,8,Umland dörflich ohne gewerblichen Einfluss,1386,154.0,173.25,2.1481385281385283,1.7020707070707073,1.7174242424242423,-11.11111111111111,-26.846223204677006,0.7,PLZ
UPS,30974,6,671.75,1072,2272.48,6,541.9,1072,1942.22,6,541.9,1072,1942.22,14.533021192705766,330.26,14.533021192705766,40.05185200376185,178.66666666666666,53.82702268136371,3.319274553309552,24.68,30974,rural,7,Umland dörflich mit geringem gewerblichem Einfluss,1072,178.66666666666666,178.66666666666666,2.1198507462686567,1.8117723880597014,1.8117723880597014,0.0,-19.3301079270562,0.7,PLZ
UPS,30982,6,740.71,878,2404.21,4,427.13,878,1444.96,6,575.84,878,1993.21,39.89876092354661,959.25,17.095012498908165,50.41654084948672,146.33333333333334,66.6831619829418,2.1944570260595446,24.88,30982,rural,8,Umland dörflich ohne gewerblichen Einfluss,878,146.33333333333334,219.5,2.738280182232346,1.645740318906606,2.2701708428246015,-33.333333333333336,-42.33505690486155,0.7,PLZ
UPS,30989,6,546.4300000000001,1191,2256.94,7,461.44000000000005,1191,2156.18,7,459.0,1191,2152.73,4.464451868459074,100.76000000000022,4.617313707940842,36.66788099335346,198.5,43.13135688268341,4.60222015597415,18.29,30989,rural,8,Umland dörflich ohne gewerblichen Einfluss,1191,198.5,170.14285714285714,1.8949958018471873,1.8103946263643995,1.8074979009235936,16.666666666666668,-15.553684826967771,0.7,PLZ
UPS,31275,17,1607.45,2904,6113.21,15,1080.91,2904,4502.45,15,1091.97,2904,4527.39,26.348841279785912,1610.7600000000002,25.940872307674688,41.01074888721189,484.0,129.47251256919432,3.738245210475348,21.19,31275,suburban,6,Umland Verstädtert,2904,170.8235294117647,193.6,2.105099862258953,1.5504304407713498,1.5590185950413225,-11.764705882352942,-32.756228809605275,0.7,PLZ
UPS,31303,12,1090.0,1804,4252.2,10,735.29,1804,3054.53,9,674.4,1804,2786.8,28.165890597808183,1197.6699999999996,34.46216076383989,38.32327082811494,300.6666666666667,112.90680951768702,2.662963092758075,19.35,31303,rural,8,Umland dörflich ohne gewerblichen Einfluss,1804,150.33333333333334,180.4,2.3570953436807094,1.69319844789357,1.544789356984479,-16.666666666666668,-32.54220183486238,0.7,PLZ
UPS,31311,8,1027.9,1062,3263.73,7,735.85,1062,2426.48,7,735.85,1062,2426.48,25.653163711458976,837.25,25.653163711458976,52.58515361484324,177.0,139.34872865781722,1.2701945809253754,29.65,31311,rural,7,Umland dörflich mit geringem gewerblichem Einfluss,1062,132.75,151.71428571428572,3.07319209039548,2.2848210922787193,2.2848210922787193,-12.5,-28.412296916042422,0.7,PLZ
UPS,31319,6,689.21,1055,2338.69,6,529.54,1055,1941.1,6,529.54,1055,1941.1,17.000543039051784,397.59000000000015,17.000543039051784,46.68395146621714,175.83333333333334,101.18549289373648,1.7377326364164765,22.42,31319,rural,8,Umland dörflich ohne gewerblichen Einfluss,1055,175.83333333333334,175.83333333333334,2.216767772511848,1.8399052132701421,1.8399052132701421,0.0,-23.167104365868177,0.7,PLZ
UPS,31515,17,1451.9,3281,5986.2,17,1107.11,3281,4978.43,16,1055.98,3281,4683.1,16.83488690655173,1007.7699999999996,21.768400654839454,32.521361593148384,546.8333333333334,125.1818077488354,4.368313121268379,23.29,31515,rural,7,Umland dörflich mit geringem gewerblichem Einfluss,3281,193.0,193.0,1.8245047241694605,1.5173514172508382,1.4273392258457789,0.0,-23.74750327157519,0.7,PLZ
UPS,31535,17,2065.21,2571,7128.82,14,1198.37,2571,4697.49,13,1130.64,2571,4393.47,34.10564441239925,2431.33,38.370305324022766,46.35332108303568,428.5,357.6158854957556,1.1982129915900666,20.99,31535,rural,7,Umland dörflich mit geringem gewerblichem Einfluss,2571,151.23529411764707,183.64285714285714,2.772781019058732,1.8271061843640606,1.7088564760793468,-17.647058823529413,-41.97345548394595,0.7,PLZ
UPS,31832,12,1606.96,1605,5018.32,8,983.77,1605,3028.95,8,988.02,1605,3011.15,39.64215115815652,1989.37,39.9968515359722,43.887327357478696,267.5,159.3824695169613,1.6783527122569335,30.54,31832,rural,7,Umland dörflich mit geringem gewerblichem Einfluss,1605,133.75,200.625,3.1266791277258563,1.8871962616822429,1.8761059190031153,-33.333333333333336,-38.78067904614925,0.7,PLZ
