provider,plz,penalty,share_willing,total_eur,baseline_eur,saving_pct,area_km2,hub_dist_km,n_stops,weekly_parcels,raumtyp_3
DHL,30159,0.0,0.0,21973.50194568585,21973.50194568585,0.0,6.211813374113814,2.18,221,23058,urban
DHL,30161,0.0,0.0,10909.00812046849,10909.00812046849,0.0,1.7979843382791898,1.04,84,11554,urban
DHL,30163,0.0,0.0,9914.04927442146,9914.04927442146,0.0,2.603733329707664,1.7,95,10484,urban
DHL,30165,0.0,0.0,8565.397376626115,8565.397376626115,0.0,4.951012974183712,1.88,94,8599,urban
DHL,30167,0.0,0.0,13540.33589751315,13540.33589751315,0.0,5.368928981069905,1.39,142,13892,urban
DHL,30169,0.0,0.0,5441.748523674446,5441.748523674446,0.0,2.9960433745102675,2.4,76,5294,urban
DHL,30173,0.0,0.0,8900.020227394843,8900.020227394843,0.0,4.775461708125837,3.83,88,8547,urban
DHL,30177,0.0,0.0,6717.193405547422,6717.193405547422,0.0,3.576189607493106,2.83,80,6260,urban
DHL,30179,0.0,0.0,7015.019470078845,7015.019470078845,0.0,8.305970462175056,3.55,96,6322,suburban
DHL,30419,0.0,0.0,15260.397562746597,15260.397562746597,0.0,23.77191867081394,5.16,274,14775,suburban
DHL,30449,0.0,0.0,7432.014762814106,7432.014762814106,0.0,2.190643461651216,1.56,91,7431,urban
DHL,30453,0.0,0.0,8728.871611104647,8728.871611104647,0.0,9.157258958740025,2.98,148,8150,suburban
DHL,30455,0.0,0.0,7560.480077937329,7560.480077937329,0.0,6.967819653017212,3.04,160,6748,suburban
DHL,30457,0.0,0.0,7333.849598031452,7333.849598031452,0.0,6.068989648841514,2.4,139,6736,suburban
DHL,30459,0.0,0.0,6748.368740605874,6748.368740605874,0.0,7.274391190340525,1.24,125,6561,urban
DHL,30519,0.0,0.0,13335.327593044716,13335.327593044716,0.0,13.714884737746765,5.03,248,12645,urban
DHL,30539,0.0,0.0,9296.282509988963,9296.282509988963,0.0,19.21423828970633,3.99,164,8372,rural
DHL,30559,0.0,0.0,12462.482929522981,12462.482929522981,0.0,19.484913733542943,1.93,224,12320,suburban
DHL,30625,0.0,0.0,8084.182917612831,8084.182917612831,0.0,8.86389555258122,4.99,117,7084,urban
DHL,30627,0.0,0.0,5566.459185356654,5566.459185356654,0.0,3.390385523567528,4.61,82,4809,suburban
DHL,30629,0.0,0.0,6830.019894903581,6830.019894903581,0.0,14.669809711755615,4.28,124,5907,suburban
DHL,30655,0.0,0.0,8770.048460462032,8770.048460462032,0.0,4.462508901721823,5.25,139,7945,suburban
DHL,30657,0.0,0.0,9997.913539537092,9997.913539537092,0.0,12.670949194485749,6.56,140,9056,rural
DHL,30659,0.0,0.0,7841.281218861646,7841.281218861646,0.0,11.3882150903338,7.01,131,6829,suburban
DHL,30823,0.0,0.0,10202.29191336214,10202.29191336214,0.0,12.528872220645557,3.26,227,9437,suburban
DHL,30826,0.0,0.0,9289.171862330428,9289.171862330428,0.0,56.38950461206911,1.44,239,8281,rural
DHL,30827,0.0,0.0,8499.259441991915,8499.259441991915,0.0,10.610683695060027,3.25,153,8048,suburban
DHL,30851,0.0,0.0,7091.396611882496,7091.396611882496,0.0,4.12190647126244,5.02,97,6654,suburban
DHL,30853,0.0,0.0,8087.121413003322,8087.121413003322,0.0,8.711379660258004,6.98,132,7164,suburban
DHL,30855,0.0,0.0,33181.974645551454,33181.974645551454,0.0,59.06346106841505,5.9,278,32854,suburban
DHL,30880,0.0,0.0,17626.17972557684,17626.17972557684,0.0,33.96099660372796,5.11,360,16161,suburban
DHL,30890,0.0,0.0,16098.044263724361,16098.044263724361,0.0,102.53407734275534,4.73,504,13989,rural
DHL,30900,0.0,0.0,17593.529073393336,17593.529073393336,0.0,173.55971997363926,4.94,590,14609,rural
DHL,30916,0.0,0.0,17062.590954336305,17062.590954336305,0.0,59.876286869182046,11.0,355,14499,suburban
DHL,30926,0.0,0.0,14775.4174568136,14775.4174568136,0.0,53.8021301528445,0.37,429,13519,rural
DHL,30938,0.0,0.0,14888.20103197316,14888.20103197316,0.0,153.22446344831192,10.53,355,12030,rural
DHL,30952,0.0,0.0,11029.332668750209,11029.332668750209,0.0,37.755537878390655,5.68,286,9709,suburban
DHL,30966,0.0,0.0,10564.896592403224,10564.896592403224,0.0,31.83238567652256,5.52,237,9182,rural
DHL,30974,0.0,0.0,7602.589230059956,7602.589230059956,0.0,53.82702268136371,1.4,244,6515,rural
DHL,30982,0.0,0.0,8026.683955967339,8026.683955967339,0.0,66.6831619829418,2.77,239,6551,rural
DHL,30989,0.0,0.0,8197.588934134921,8197.588934134921,0.0,43.13135688268341,5.72,271,6841,rural
DHL,31275,0.0,0.0,20490.51279819747,20490.51279819747,0.0,129.47251256919432,2.93,571,18743,suburban
DHL,31303,0.0,0.0,14494.326252546625,14494.326252546625,0.0,112.90680951768702,1.84,468,12605,rural
DHL,31311,0.0,0.0,10485.698502104207,10485.698502104207,0.0,139.34872865781722,3.81,380,8577,rural
DHL,31319,0.0,0.0,12204.762656945873,12204.762656945873,0.0,101.18549289373648,0.58,411,10967,rural
DHL,31515,0.0,0.0,21088.897809861297,21088.897809861297,0.0,125.1818077488354,5.28,537,19286,rural
DHL,31535,0.0,0.0,22512.716761824166,22512.716761824166,0.0,357.6158854957556,5.5,880,18533,rural
DHL,31832,0.0,0.0,14457.781202836444,14457.781202836444,0.0,159.3824695169613,4.65,515,11902,rural
Amazon,30159,0.0,0.0,11555.196270293998,11555.196270293998,0.0,6.211813374113814,13.81,221,9019,urban
Amazon,30161,0.0,0.0,6224.7449789257325,6224.7449789257325,0.0,1.7979843382791898,12.74,83,4512,urban
Amazon,30163,0.0,0.0,5889.0064831046275,5889.0064831046275,0.0,2.603733329707664,12.41,93,4469,urban
Amazon,30165,0.0,0.0,4750.233821598029,4750.233821598029,0.0,4.951012974183712,10.52,92,3574,urban
Amazon,30167,0.0,0.0,7175.254343343608,7175.254343343608,0.0,5.368928981069905,10.65,139,5730,urban
Amazon,30173,0.0,0.0,5164.654397653723,5164.654397653723,0.0,4.775461708125837,15.11,87,3759,urban
Amazon,30177,0.0,0.0,4343.242376782357,4343.242376782357,0.0,3.576189607493106,13.99,79,2906,urban
Amazon,30179,0.0,0.0,4390.652005410074,4390.652005410074,0.0,8.305970462175056,12.08,95,2781,suburban
Amazon,30419,0.0,0.0,8519.368501277868,8519.368501277868,0.0,23.77191867081394,6.74,265,6859,suburban
Amazon,30449,0.0,0.0,7005.60345798299,7005.60345798299,0.0,5.186686836161483,12.61,159,5275,urban
Amazon,30453,0.0,0.0,4970.930164967193,4970.930164967193,0.0,9.157258958740025,9.82,139,3593,suburban
Amazon,30455,0.0,0.0,4820.378887430032,4820.378887430032,0.0,6.967819653017212,9.84,158,3165,suburban
Amazon,30457,0.0,0.0,4934.7989617734975,4934.7989617734975,0.0,6.068989648841514,13.37,135,3134,suburban
Amazon,30459,0.0,0.0,4858.408897775894,4858.408897775894,0.0,7.274391190340525,13.92,124,3087,urban
Amazon,30519,0.0,0.0,8140.269152347262,8140.269152347262,0.0,13.714884737746765,17.38,242,5508,urban
Amazon,30539,0.0,0.0,5821.859629336905,5821.859629336905,0.0,19.21423828970633,21.37,157,3516,rural
Amazon,30559,0.0,0.0,8252.52270516162,8252.52270516162,0.0,19.484913733542943,20.15,222,5369,suburban
Amazon,30625,0.0,0.0,4932.584335545381,4932.584335545381,0.0,8.86389555258122,16.66,114,3180,urban
Amazon,30627,0.0,0.0,3472.360903435115,3472.360903435115,0.0,3.390385523567528,17.89,79,2090,suburban
Amazon,30629,0.0,0.0,4629.145185289602,4629.145185289602,0.0,14.669809711755615,20.32,122,2757,suburban
Amazon,30655,0.0,0.0,5061.237427944449,5061.237427944449,0.0,4.462508901721823,16.14,137,3642,suburban
Amazon,30657,0.0,0.0,5227.080664344542,5227.080664344542,0.0,12.670949194485749,15.05,138,3559,rural
Amazon,30659,0.0,0.0,4975.003626465991,4975.003626465991,0.0,11.3882150903338,18.11,130,3002,suburban
Amazon,30823,0.0,0.0,5705.037154540299,5705.037154540299,0.0,12.528872220645557,1.29,222,4370,suburban
Amazon,30826,0.0,0.0,5673.254342811335,5673.254342811335,0.0,56.38950461206911,3.98,233,3852,rural
Amazon,30827,0.0,0.0,4536.061456785562,4536.061456785562,0.0,10.610683695060027,3.78,150,3498,suburban
Amazon,30851,0.0,0.0,4490.007090916008,4490.007090916008,0.0,4.12190647126244,11.33,96,3032,suburban
Amazon,30853,0.0,0.0,4319.068900643669,4319.068900643669,0.0,8.711379660258004,12.37,128,2911,suburban
Amazon,30855,0.0,0.0,16244.345238115564,16244.345238115564,0.0,59.06346106841505,9.96,271,13592,suburban
Amazon,30880,0.0,0.0,11278.054808972109,11278.054808972109,0.0,33.96099660372796,23.78,345,6971,suburban
Amazon,30890,0.0,0.0,10080.548522471709,10080.548522471709,0.0,102.53407734275534,12.55,490,6502,rural
Amazon,30900,0.0,0.0,12085.38072969665,12085.38072969665,0.0,173.55971997363926,17.55,570,6667,rural
Amazon,30916,0.0,0.0,9904.82527723206,9904.82527723206,0.0,59.876286869182046,19.41,344,6164,suburban
Amazon,30926,0.0,0.0,8752.96361616949,8752.96361616949,0.0,53.8021301528445,4.34,415,6338,rural
Amazon,30938,0.0,0.0,9384.90809448861,9384.90809448861,0.0,153.22446344831192,24.95,346,5072,rural
Amazon,30952,0.0,0.0,7076.623355325187,7076.623355325187,0.0,37.755537878390655,14.14,275,4476,suburban
Amazon,30966,0.0,0.0,6955.194722247112,6955.194722247112,0.0,31.83238567652256,17.79,233,4221,rural
Amazon,30974,0.0,0.0,5436.138154721389,5436.138154721389,0.0,53.82702268136371,18.26,240,2971,rural
Amazon,30982,0.0,0.0,6084.06789519755,6084.06789519755,0.0,66.6831619829418,24.57,233,3044,rural
Amazon,30989,0.0,0.0,5499.955907320829,5499.955907320829,0.0,43.13135688268341,11.39,265,3112,rural
Amazon,31275,0.0,0.0,14129.512676709497,14129.512676709497,0.0,129.47251256919432,30.8,550,8588,suburban
Amazon,31303,0.0,0.0,10291.231205914351,10291.231205914351,0.0,112.90680951768702,30.88,449,5793,rural
Amazon,31311,0.0,0.0,8790.113460938559,8790.113460938559,0.0,139.34872865781722,40.99,367,3965,rural
Amazon,31319,0.0,0.0,9320.815628099372,9320.815628099372,0.0,101.18549289373648,29.57,396,5228,rural
Amazon,31515,0.0,0.0,12450.58174407703,12450.58174407703,0.0,125.1818077488354,12.09,525,8733,rural
Amazon,31535,0.0,0.0,15851.91067139521,15851.91067139521,0.0,357.6158854957556,16.13,834,8625,rural
Amazon,31832,0.0,0.0,11355.500473785536,11355.500473785536,0.0,159.3824695169613,25.63,491,5466,rural
DPD,30159,0.0,0.0,6656.069904499083,6656.069904499083,0.0,6.211813374113814,13.32,219,4783,urban
DPD,30161,0.0,0.0,3438.6384541878197,3438.6384541878197,0.0,1.7979843382791898,14.05,84,2359,urban
DPD,30163,0.0,0.0,3176.704105051865,3176.704105051865,0.0,2.603733329707664,14.01,92,2106,urban
DPD,30165,0.0,0.0,3109.5847921201566,3109.5847921201566,0.0,4.951012974183712,15.88,91,1757,urban
DPD,30167,0.0,0.0,4548.61275587726,4548.61275587726,0.0,5.368928981069905,16.37,138,2824,urban
DPD,30173,0.0,0.0,3042.0725720869623,3042.0725720869623,0.0,4.775461708125837,13.13,86,1708,urban
DPD,30177,0.0,0.0,2301.8161532682093,2301.8161532682093,0.0,3.576189607493106,12.44,75,1250,urban
DPD,30179,0.0,0.0,2402.9493976963904,2402.9493976963904,0.0,8.305970462175056,14.42,89,1256,suburban
DPD,30419,0.0,0.0,5350.888005691542,5350.888005691542,0.0,23.77191867081394,19.64,257,2858,suburban
DPD,30449,0.0,0.0,4115.648431001423,4115.648431001423,0.0,5.186686836161483,15.53,161,2554,urban
DPD,30453,0.0,0.0,3546.158276962033,3546.158276962033,0.0,9.157258958740025,18.23,137,1619,suburban
DPD,30455,0.0,0.0,3189.32194545774,3189.32194545774,0.0,6.967819653017212,19.47,151,1318,suburban
DPD,30457,0.0,0.0,3071.8681502213976,3071.8681502213976,0.0,6.068989648841514,18.69,130,1335,suburban
DPD,30459,0.0,0.0,2692.648089162524,2692.648089162524,0.0,7.274391190340525,16.25,119,1284,urban
DPD,30519,0.0,0.0,4359.743796141659,4359.743796141659,0.0,12.113461405690837,12.99,227,2540,urban
DPD,30539,0.0,0.0,3283.465182476126,3283.465182476126,0.0,19.21423828970633,9.52,156,1695,rural
DPD,30559,0.0,0.0,3964.267070732265,3964.267070732265,0.0,19.484913733542943,7.42,213,2467,suburban
DPD,30625,0.0,0.0,2879.61806243138,2879.61806243138,0.0,8.86389555258122,10.22,108,1405,urban
DPD,30627,0.0,0.0,1734.323815852828,1734.323815852828,0.0,3.390385523567528,8.59,77,971,suburban
DPD,30629,0.0,0.0,2209.7242260325893,2209.7242260325893,0.0,14.669809711755615,6.08,121,1173,suburban
DPD,30655,0.0,0.0,2902.8311877698657,2902.8311877698657,0.0,4.462508901721823,10.23,132,1537,suburban
DPD,30657,0.0,0.0,3254.827165454566,3254.827165454566,0.0,12.670949194485749,12.26,136,1866,rural
DPD,30659,0.0,0.0,2732.1680399331904,2732.1680399331904,0.0,11.3882150903338,8.73,122,1368,suburban
DPD,30823,0.0,0.0,4031.85332034608,4031.85332034608,0.0,12.528872220645557,25.25,211,1867,suburban
DPD,30826,0.0,0.0,4659.6772590054525,4659.6772590054525,0.0,56.38950461206911,27.87,212,1639,rural
DPD,30827,0.0,0.0,3693.9834286058103,3693.9834286058103,0.0,10.610683695060027,23.76,145,1601,suburban
DPD,30851,0.0,0.0,2392.8715311930196,2392.8715311930196,0.0,4.12190647126244,15.63,96,1281,suburban
DPD,30853,0.0,0.0,3054.623065805542,3054.623065805542,0.0,8.711379660258004,15.68,120,1470,suburban
DPD,30855,0.0,0.0,9651.557570967712,9651.557570967712,0.0,59.06346106841505,19.88,265,6668,suburban
DPD,30880,0.0,0.0,5651.747006229777,5651.747006229777,0.0,33.96099660372796,12.89,328,3235,suburban
DPD,30890,0.0,0.0,6923.102121964851,6923.102121964851,0.0,102.53407734275534,32.64,451,2726,rural
DPD,30900,0.0,0.0,7912.531093330155,7912.531093330155,0.0,173.55971997363926,25.52,515,2839,rural
DPD,30916,0.0,0.0,5505.336403799816,5505.336403799816,0.0,59.876286869182046,10.68,308,2914,suburban
DPD,30926,0.0,0.0,6146.851473398595,6146.851473398595,0.0,53.8021301528445,25.6,384,2637,rural
DPD,30938,0.0,0.0,5614.10632319326,5614.10632319326,0.0,153.22446344831192,17.56,317,2412,rural
DPD,30952,0.0,0.0,4651.5791758270425,4651.5791758270425,0.0,37.755537878390655,21.73,266,1895,suburban
DPD,30966,0.0,0.0,4054.5734078226283,4054.5734078226283,0.0,31.83238567652256,17.93,217,1807,rural
DPD,30974,0.0,0.0,4049.5746175540357,4049.5746175540357,0.0,53.82702268136371,28.84,224,1280,rural
DPD,30982,0.0,0.0,3635.1428609264503,3635.1428609264503,0.0,66.6831619829418,20.59,218,1278,rural
DPD,30989,0.0,0.0,4189.963023652114,4189.963023652114,0.0,43.13135688268341,25.63,242,1356,rural
DPD,31275,0.0,0.0,6310.744546848563,6310.744546848563,0.0,129.47251256919432,4.47,516,3643,suburban
DPD,31303,0.0,0.0,5298.7418231419815,5298.7418231419815,0.0,112.90680951768702,10.77,417,2491,rural
DPD,31311,0.0,0.0,4503.622414154428,4503.622414154428,0.0,139.34872865781722,17.19,336,1650,rural
DPD,31319,0.0,0.0,4393.641206526262,4393.641206526262,0.0,101.18549289373648,7.08,368,2115,rural
DPD,31515,0.0,0.0,8672.940895409381,8672.940895409381,0.0,125.1818077488354,38.45,488,3812,rural
DPD,31535,0.0,0.0,10736.90548199021,10736.90548199021,0.0,357.6158854957556,38.17,720,3582,rural
DPD,31832,0.0,0.0,6479.205569246742,6479.205569246742,0.0,159.3824695169613,30.86,456,2309,rural
FedEx,30159,0.0,0.0,12214.299279183924,12214.299279183924,0.0,10.98727508223965,11.75,273,9864,urban
FedEx,30161,0.0,0.0,5224.187237195072,5224.187237195072,0.0,1.7979843382791898,9.67,80,3810,urban
FedEx,30163,0.0,0.0,8257.65060106912,8257.65060106912,0.0,19.436906373559538,7.51,263,6210,urban
FedEx,30167,0.0,0.0,5175.6698343295675,5175.6698343295675,0.0,5.368928981069905,8.96,132,3775,urban
FedEx,30419,0.0,0.0,3306.0595520416546,3306.0595520416546,0.0,23.77191867081394,5.53,136,1709,suburban
FedEx,30449,0.0,0.0,5430.5021475969215,5430.5021475969215,0.0,12.46107802650201,12.7,204,3703,urban
FedEx,30453,0.0,0.0,3326.3835685835006,3326.3835685835006,0.0,9.157258958740025,10.07,106,1516,suburban
FedEx,30455,0.0,0.0,1959.2973539377524,1959.2973539377524,0.0,6.967819653017212,11.34,85,612,suburban
FedEx,30457,0.0,0.0,1996.1328134447208,1996.1328134447208,0.0,6.068989648841514,14.63,82,778,suburban
FedEx,30519,0.0,0.0,4147.606607808722,4147.606607808722,0.0,13.714884737746765,15.57,154,2372,urban
FedEx,30539,0.0,0.0,4110.789837016759,4110.789837016759,0.0,19.21423828970633,18.41,81,2429,rural
FedEx,30559,0.0,0.0,5375.733073538704,5375.733073538704,0.0,34.15472344529856,15.2,165,3144,suburban
FedEx,30625,0.0,0.0,3602.9465575642243,3602.9465575642243,0.0,12.254281076148748,12.66,134,2229,urban
FedEx,30655,0.0,0.0,3651.3066283117864,3651.3066283117864,0.0,15.85072399205562,11.41,144,2242,suburban
FedEx,30657,0.0,0.0,4510.957538899967,4510.957538899967,0.0,12.670949194485749,8.22,82,3429,rural
FedEx,30823,0.0,0.0,2013.2163655803622,2013.2163655803622,0.0,12.528872220645557,8.07,113,878,suburban
FedEx,30827,0.0,0.0,4491.66174623818,4491.66174623818,0.0,67.00018830712914,7.42,137,2757,suburban
FedEx,30853,0.0,0.0,4558.287686101956,4558.287686101956,0.0,12.833286131520444,4.82,152,3029,suburban
FedEx,30855,0.0,0.0,11164.944696921486,11164.944696921486,0.0,59.06346106841505,1.5,210,9970,suburban
FedEx,30880,0.0,0.0,6033.650689518244,6033.650689518244,0.0,33.96099660372796,22.05,184,3498,suburban
FedEx,30890,0.0,0.0,3937.614024274669,3937.614024274669,0.0,102.53407734275534,20.22,167,1281,rural
FedEx,30900,0.0,0.0,4467.0239843658765,4467.0239843658765,0.0,173.55971997363926,10.92,207,1597,rural
FedEx,30916,0.0,0.0,5459.16940205895,5459.16940205895,0.0,59.876286869182046,11.65,204,3245,suburban
FedEx,30926,0.0,0.0,3230.0558047592294,3230.0558047592294,0.0,53.8021301528445,10.98,152,1266,rural
FedEx,30938,0.0,0.0,5737.710883078335,5737.710883078335,0.0,153.22446344831192,16.47,151,3131,rural
FedEx,30952,0.0,0.0,2694.734755168253,2694.734755168253,0.0,37.755537878390655,17.01,132,979,suburban
FedEx,30966,0.0,0.0,2504.2719321468335,2504.2719321468335,0.0,31.83238567652256,18.53,102,1063,rural
FedEx,30974,0.0,0.0,2454.671117478426,2454.671117478426,0.0,53.82702268136371,23.36,94,802,rural
FedEx,30982,0.0,0.0,2716.2138956601093,2716.2138956601093,0.0,66.6831619829418,25.47,105,618,rural
FedEx,30989,0.0,0.0,2473.2391948618315,2473.2391948618315,0.0,43.13135688268341,16.61,128,876,rural
FedEx,31275,0.0,0.0,5422.493872435705,5422.493872435705,0.0,129.47251256919432,24.61,246,2133,suburban
FedEx,31303,0.0,0.0,3973.889348501275,3973.889348501275,0.0,112.90680951768702,23.03,195,1243,rural
FedEx,31311,0.0,0.0,3062.8021398398528,3062.8021398398528,0.0,139.34872865781722,33.34,113,675,rural
FedEx,31319,0.0,0.0,2817.067630852216,2817.067630852216,0.0,101.18549289373648,25.21,119,751,rural
FedEx,31515,0.0,0.0,5470.280769208987,5470.280769208987,0.0,125.1818077488354,19.63,249,2478,rural
FedEx,31535,0.0,0.0,6228.495098699879,6228.495098699879,0.0,357.6158854957556,17.87,237,2005,rural
FedEx,31832,0.0,0.0,4547.708372184966,4547.708372184966,0.0,159.3824695169613,29.81,182,1068,rural
GLS,30159,0.0,0.0,4840.335510593373,4840.335510593373,0.0,6.211813374113814,11.0,208,3332,urban
GLS,30161,0.0,0.0,3003.1123197883485,3003.1123197883485,0.0,1.7979843382791898,12.21,80,1649,urban
GLS,30163,0.0,0.0,4530.9209569497225,4530.9209569497225,0.0,6.17992293720077,13.11,162,2801,urban
GLS,30165,0.0,0.0,2518.402065806431,2518.402065806431,0.0,4.951012974183712,14.79,86,1358,urban
GLS,30167,0.0,0.0,3486.1823236641876,3486.1823236641876,0.0,5.368928981069905,13.23,133,2147,urban
GLS,30173,0.0,0.0,2554.876072428404,2554.876072428404,0.0,4.775461708125837,9.02,83,1424,urban
GLS,30179,0.0,0.0,2012.9451781141186,2012.9451781141186,0.0,8.305970462175056,15.58,89,1034,suburban
GLS,30419,0.0,0.0,5101.804856969734,5101.804856969734,0.0,23.77191867081394,17.6,248,2617,suburban
GLS,30449,0.0,0.0,3412.5020081467483,3412.5020081467483,0.0,5.186686836161483,10.84,150,1981,urban
GLS,30453,0.0,0.0,3168.728615727752,3168.728615727752,0.0,9.157258958740025,13.29,125,1373,suburban
GLS,30455,0.0,0.0,2732.89498767275,2732.89498767275,0.0,6.967819653017212,13.26,149,1201,suburban
GLS,30457,0.0,0.0,2344.3788154149365,2344.3788154149365,0.0,6.068989648841514,10.08,128,1189,suburban
GLS,30459,0.0,0.0,2084.898287419,2084.898287419,0.0,7.274391190340525,9.13,113,1169,urban
GLS,30519,0.0,0.0,3551.9496596439303,3551.9496596439303,0.0,13.714884737746765,6.3,224,2084,urban
GLS,30539,0.0,0.0,2580.3663075652257,2580.3663075652257,0.0,19.21423828970633,5.29,145,1310,rural
GLS,30559,0.0,0.0,3658.07773972127,3658.07773972127,0.0,19.484913733542943,8.92,208,2040,suburban
GLS,30625,0.0,0.0,2259.1204653397162,2259.1204653397162,0.0,8.86389555258122,10.34,105,1185,urban
GLS,30627,0.0,0.0,1778.1322716706136,1778.1322716706136,0.0,3.390385523567528,11.43,78,774,suburban
GLS,30629,0.0,0.0,2143.7517893568083,2143.7517893568083,0.0,14.669809711755615,12.94,116,1080,suburban
GLS,30655,0.0,0.0,2960.5284409044616,2960.5284409044616,0.0,4.462508901721823,13.05,124,1383,suburban
GLS,30657,0.0,0.0,2873.29432340711,2873.29432340711,0.0,12.670949194485749,16.66,127,1325,rural
GLS,30659,0.0,0.0,2313.189380462103,2313.189380462103,0.0,11.3882150903338,14.84,124,1138,suburban
GLS,30823,0.0,0.0,4081.0154973189988,4081.0154973189988,0.0,12.528872220645557,21.76,209,1687,suburban
GLS,30826,0.0,0.0,4802.849009920454,4802.849009920454,0.0,56.38950461206911,26.25,214,1480,rural
GLS,30827,0.0,0.0,3413.7429042160657,3413.7429042160657,0.0,10.610683695060027,22.43,133,1331,suburban
GLS,30851,0.0,0.0,2060.2946146334557,2060.2946146334557,0.0,4.12190647126244,17.37,95,1137,suburban
GLS,30853,0.0,0.0,2481.088173620477,2481.088173620477,0.0,8.711379660258004,18.94,117,1083,suburban
GLS,30855,0.0,0.0,8370.230959567252,8370.230959567252,0.0,58.08159729436245,22.3,262,5111,suburban
GLS,30880,0.0,0.0,4450.294123718125,4450.294123718125,0.0,33.96099660372796,1.58,305,2630,suburban
GLS,30890,0.0,0.0,6293.752660817818,6293.752660817818,0.0,102.53407734275534,23.44,436,2471,rural
GLS,30900,0.0,0.0,7176.610893793414,7176.610893793414,0.0,173.55971997363926,31.36,490,2487,rural
GLS,30916,0.0,0.0,5182.054562818042,5182.054562818042,0.0,59.876286869182046,19.31,308,2276,suburban
GLS,30926,0.0,0.0,5707.156100114085,5707.156100114085,0.0,53.8021301528445,20.06,381,2421,rural
GLS,30938,0.0,0.0,5298.987880460923,5298.987880460923,0.0,153.22446344831192,28.43,321,1873,rural
GLS,30952,0.0,0.0,4052.359581403284,4052.359581403284,0.0,37.755537878390655,11.4,259,1710,suburban
GLS,30966,0.0,0.0,3510.9395596477075,3510.9395596477075,0.0,31.83238567652256,6.33,220,1619,rural
GLS,30974,0.0,0.0,3101.933528043918,3101.933528043918,0.0,53.82702268136371,16.59,214,1120,rural
GLS,30982,0.0,0.0,2386.647671549595,2386.647671549595,0.0,66.6831619829418,6.34,209,1154,rural
GLS,30989,0.0,0.0,3148.477695946504,3148.477695946504,0.0,43.13135688268341,16.28,231,1172,rural
GLS,31275,0.0,0.0,6805.937726269975,6805.937726269975,0.0,129.47251256919432,17.38,507,3227,suburban
GLS,31303,0.0,0.0,5596.886925837495,5596.886925837495,0.0,112.90680951768702,24.81,407,2208,rural
GLS,31311,0.0,0.0,4871.049261225609,4871.049261225609,0.0,139.34872865781722,30.96,326,1483,rural
GLS,31319,0.0,0.0,4437.068207504176,4437.068207504176,0.0,101.18549289373648,11.04,357,1985,rural
GLS,31515,0.0,0.0,8050.858133283889,8050.858133283889,0.0,125.1818077488354,33.59,472,3284,rural
GLS,31535,0.0,0.0,10569.427946070218,10569.427946070218,0.0,357.6158854957556,38.52,705,3227,rural
GLS,31832,0.0,0.0,5153.98445539914,5153.98445539914,0.0,159.3824695169613,16.88,440,2069,rural
Hermes,30159,0.0,0.0,6103.311963748475,6103.311963748475,0.0,6.211813374113814,9.13,207,4412,urban
Hermes,30161,0.0,0.0,3205.3444612983394,3205.3444612983394,0.0,1.7979843382791898,7.9,80,2187,urban
Hermes,30163,0.0,0.0,3151.45637345559,3151.45637345559,0.0,2.603733329707664,6.63,93,2318,urban
Hermes,30165,0.0,0.0,3165.918762514473,3165.918762514473,0.0,4.951012974183712,5.34,89,1888,urban
Hermes,30167,0.0,0.0,4309.333549458941,4309.333549458941,0.0,5.368928981069905,7.27,135,2918,urban
Hermes,30173,0.0,0.0,3377.006730770633,3377.006730770633,0.0,4.775461708125837,11.08,82,1982,urban
Hermes,30177,0.0,0.0,2975.551858278056,2975.551858278056,0.0,3.576189607493106,7.86,76,1604,urban
Hermes,30179,0.0,0.0,2972.7332058248016,2972.7332058248016,0.0,8.305970462175056,5.02,88,1492,suburban
Hermes,30419,0.0,0.0,5546.714589306118,5546.714589306118,0.0,23.77191867081394,4.3,253,3791,suburban
Hermes,30449,0.0,0.0,4264.762288981972,4264.762288981972,0.0,5.186686836161483,9.65,147,2752,urban
Hermes,30453,0.0,0.0,3456.6569376644593,3456.6569376644593,0.0,9.157258958740025,8.55,127,1923,suburban
Hermes,30455,0.0,0.0,3386.0721023475717,3386.0721023475717,0.0,6.967819653017212,9.92,152,1769,suburban
Hermes,30457,0.0,0.0,3390.4448760059295,3390.4448760059295,0.0,6.068989648841514,13.07,130,1718,suburban
Hermes,30459,0.0,0.0,3359.004573372854,3359.004573372854,0.0,7.274391190340525,11.99,121,1718,urban
Hermes,30519,0.0,0.0,5162.317584328793,5162.317584328793,0.0,13.714884737746765,13.8,229,2920,urban
Hermes,30539,0.0,0.0,3748.1337976976,3748.1337976976,0.0,19.21423828970633,16.65,149,1846,rural
Hermes,30559,0.0,0.0,5370.925287647466,5370.925287647466,0.0,19.484913733542943,14.22,216,2928,suburban
Hermes,30625,0.0,0.0,3247.4589705680532,3247.4589705680532,0.0,8.86389555258122,10.86,112,1721,urban
Hermes,30627,0.0,0.0,1976.5200916772521,1976.5200916772521,0.0,3.390385523567528,11.3,80,1110,suburban
Hermes,30629,0.0,0.0,3288.097282907375,3288.097282907375,0.0,14.669809711755615,13.03,120,1544,suburban
Hermes,30655,0.0,0.0,3426.8003677575816,3426.8003677575816,0.0,4.462508901721823,9.19,134,1982,suburban
Hermes,30657,0.0,0.0,3245.628188162223,3245.628188162223,0.0,12.670949194485749,6.89,133,1834,rural
Hermes,30659,0.0,0.0,3215.6998845024846,3215.6998845024846,0.0,11.3882150903338,10.33,126,1587,suburban
Hermes,30823,0.0,0.0,3936.6042296322357,3936.6042296322357,0.0,12.528872220645557,8.05,216,2384,suburban
Hermes,30826,0.0,0.0,4191.43021519428,4191.43021519428,0.0,56.38950461206911,9.0,221,2156,rural
Hermes,30827,0.0,0.0,3247.3865843141566,3247.3865843141566,0.0,10.610683695060027,5.18,139,1865,suburban
Hermes,30851,0.0,0.0,2857.2114343496014,2857.2114343496014,0.0,4.12190647126244,3.44,95,1650,suburban
Hermes,30853,0.0,0.0,2627.454020793578,2627.454020793578,0.0,8.711379660258004,3.75,121,1477,suburban
Hermes,30855,0.0,0.0,8658.56494813409,8658.56494813409,0.0,58.08159729436245,2.52,261,7102,suburban
Hermes,30880,0.0,0.0,6718.354835871605,6718.354835871605,0.0,33.96099660372796,20.27,312,3668,suburban
Hermes,30890,0.0,0.0,7568.635969962485,7568.635969962485,0.0,102.53407734275534,19.74,454,3618,rural
Hermes,30900,0.0,0.0,7696.514876914835,7696.514876914835,0.0,173.55971997363926,12.32,527,3644,rural
Hermes,30916,0.0,0.0,5798.014253899346,5798.014253899346,0.0,59.876286869182046,10.8,310,3232,suburban
Hermes,30926,0.0,0.0,5981.497888198291,5981.497888198291,0.0,53.8021301528445,10.52,393,3537,rural
Hermes,30938,0.0,0.0,6007.684029332934,6007.684029332934,0.0,153.22446344831192,16.57,334,2656,rural
Hermes,30952,0.0,0.0,5277.6182452376,5277.6182452376,0.0,37.755537878390655,15.6,274,2488,suburban
Hermes,30966,0.0,0.0,4601.173469262583,4601.173469262583,0.0,31.83238567652256,16.87,229,2313,rural
Hermes,30974,0.0,0.0,4626.2307003590395,4626.2307003590395,0.0,53.82702268136371,22.19,228,1616,rural
Hermes,30982,0.0,0.0,4596.833861562218,4596.833861562218,0.0,66.6831619829418,23.78,220,1680,rural
Hermes,30989,0.0,0.0,4185.515150068637,4185.515150068637,0.0,43.13135688268341,15.58,242,1681,rural
Hermes,31275,0.0,0.0,9418.194923082388,9418.194923082388,0.0,129.47251256919432,23.26,528,4698,suburban
Hermes,31303,0.0,0.0,6888.21710469868,6888.21710469868,0.0,112.90680951768702,22.27,425,3161,rural
Hermes,31311,0.0,0.0,6231.959144058387,6231.959144058387,0.0,139.34872865781722,32.49,345,2196,rural
Hermes,31319,0.0,0.0,6653.523191455497,6653.523191455497,0.0,101.18549289373648,23.57,378,2907,rural
Hermes,31515,0.0,0.0,9098.73098096226,9098.73098096226,0.0,125.1818077488354,20.37,503,4758,rural
Hermes,31535,0.0,0.0,11828.260970846719,11828.260970846719,0.0,357.6158854957556,19.5,777,4780,rural
Hermes,31832,0.0,0.0,8226.290929342216,8226.290929342216,0.0,159.3824695169613,28.44,458,3015,rural
UPS,30159,0.0,0.0,14124.871351764605,14124.871351764605,0.0,10.98727508223965,10.54,282,11805,urban
UPS,30161,0.0,0.0,5917.055804797465,5917.055804797465,0.0,1.7979843382791898,8.59,80,4726,urban
UPS,30163,0.0,0.0,6504.720392897118,6504.720392897118,0.0,14.485893399375826,6.02,215,5283,urban
UPS,30165,0.0,0.0,3773.2492250252108,3773.2492250252108,0.0,4.951012974183712,6.57,77,2701,urban
UPS,30167,0.0,0.0,6006.644999548211,6006.644999548211,0.0,5.368928981069905,8.81,137,4551,urban
UPS,30419,0.0,0.0,3598.2785262855646,3598.2785262855646,0.0,23.77191867081394,7.09,153,2053,suburban
UPS,30449,0.0,0.0,6798.755020154903,6798.755020154903,0.0,12.46107802650201,12.33,209,4685,urban
UPS,30453,0.0,0.0,3375.021836857729,3375.021836857729,0.0,9.157258958740025,10.59,118,1821,suburban
UPS,30455,0.0,0.0,1985.0500139571805,1985.0500139571805,0.0,6.967819653017212,12.14,99,812,suburban
UPS,30457,0.0,0.0,2069.491599260607,2069.491599260607,0.0,6.068989648841514,14.87,93,1021,suburban
UPS,30519,0.0,0.0,4937.054841641878,4937.054841641878,0.0,13.714884737746765,14.32,178,3064,urban
UPS,30539,0.0,0.0,4533.06046911727,4533.06046911727,0.0,19.21423828970633,16.42,96,2701,rural
UPS,30559,0.0,0.0,5027.435680366569,5027.435680366569,0.0,19.484913733542943,13.47,141,3087,suburban
UPS,30625,0.0,0.0,4315.013444156701,4315.013444156701,0.0,12.254281076148748,10.42,148,2727,urban
UPS,30655,0.0,0.0,2121.9137816651596,2121.9137816651596,0.0,4.462508901721823,8.22,93,1218,suburban
UPS,30657,0.0,0.0,4786.350272484361,4786.350272484361,0.0,12.670949194485749,5.0,96,3745,rural
UPS,30659,0.0,0.0,3729.581575766453,3729.581575766453,0.0,26.058024802089417,10.16,158,2385,suburban
UPS,30823,0.0,0.0,2901.0492307771306,2901.0492307771306,0.0,12.528872220645557,11.23,141,1337,suburban
UPS,30826,0.0,0.0,2179.7117952412614,2179.7117952412614,0.0,56.38950461206911,11.69,77,1105,rural
UPS,30827,0.0,0.0,3291.825156956803,3291.825156956803,0.0,10.610683695060027,8.21,92,2105,suburban
UPS,30853,0.0,0.0,4885.572256538386,4885.572256538386,0.0,12.833286131520444,2.1,167,3668,suburban
UPS,30855,0.0,0.0,12372.313669298126,12372.313669298126,0.0,59.06346106841505,2.73,226,11475,suburban
UPS,30880,0.0,0.0,7164.597554373629,7164.597554373629,0.0,33.96099660372796,20.44,221,4190,suburban
UPS,30890,0.0,0.0,4686.02421265492,4686.02421265492,0.0,102.53407734275534,22.83,246,1795,rural
UPS,30900,0.0,0.0,5252.628048739307,5252.628048739307,0.0,173.55971997363926,10.9,296,2208,rural
UPS,30916,0.0,0.0,6109.051569407693,6109.051569407693,0.0,59.876286869182046,7.96,236,4019,suburban
UPS,30926,0.0,0.0,3963.3498677038015,3963.3498677038015,0.0,53.8021301528445,13.64,194,1634,rural
UPS,30938,0.0,0.0,6063.945568650633,6063.945568650633,0.0,153.22446344831192,13.43,195,3590,rural
UPS,30952,0.0,0.0,3731.55368849277,3731.55368849277,0.0,37.755537878390655,17.72,163,1329,suburban
UPS,30966,0.0,0.0,3533.856164661857,3533.856164661857,0.0,31.83238567652256,18.2,136,1386,rural
UPS,30974,0.0,0.0,3208.8293030723075,3208.8293030723075,0.0,53.82702268136371,24.68,134,1072,rural
UPS,30982,0.0,0.0,3007.173952156455,3007.173952156455,0.0,66.6831619829418,24.88,141,878,rural
UPS,30989,0.0,0.0,3364.1454124269208,3364.1454124269208,0.0,43.13135688268341,18.29,160,1191,rural
UPS,31275,0.0,0.0,6734.00020753597,6734.00020753597,0.0,129.47251256919432,21.19,339,2904,suburban
UPS,31303,0.0,0.0,4633.075702530725,4633.075702530725,0.0,112.90680951768702,19.35,259,1804,rural
UPS,31311,0.0,0.0,3968.942591958489,3968.942591958489,0.0,139.34872865781722,29.65,195,1062,rural
UPS,31319,0.0,0.0,3441.882252785476,3441.882252785476,0.0,101.18549289373648,22.42,153,1055,rural
UPS,31515,0.0,0.0,6718.456041625136,6718.456041625136,0.0,125.1818077488354,23.29,321,3281,rural
UPS,31535,0.0,0.0,8009.28273019456,8009.28273019456,0.0,357.6158854957556,20.99,322,2571,rural
UPS,31832,0.0,0.0,5227.687081644636,5227.687081644636,0.0,159.3824695169613,30.54,251,1605,rural
DHL,30159,0.4,0.0,21973.50194568585,21973.50194568585,0.0,6.211813374113814,2.18,221,23058,urban
DHL,30161,0.4,0.0,10909.00812046849,10909.00812046849,0.0,1.7979843382791898,1.04,84,11554,urban
DHL,30163,0.4,0.0,9914.04927442146,9914.04927442146,0.0,2.603733329707664,1.7,95,10484,urban
DHL,30165,0.4,0.0,8565.397376626115,8565.397376626115,0.0,4.951012974183712,1.88,94,8599,urban
DHL,30167,0.4,0.0,13540.33589751315,13540.33589751315,0.0,5.368928981069905,1.39,142,13892,urban
DHL,30169,0.4,0.0,5441.748523674446,5441.748523674446,0.0,2.9960433745102675,2.4,76,5294,urban
DHL,30173,0.4,0.0,8900.020227394843,8900.020227394843,0.0,4.775461708125837,3.83,88,8547,urban
DHL,30177,0.4,0.0,6717.193405547422,6717.193405547422,0.0,3.576189607493106,2.83,80,6260,urban
DHL,30179,0.4,0.0,7015.019470078845,7015.019470078845,0.0,8.305970462175056,3.55,96,6322,suburban
DHL,30419,0.4,0.0,15260.397562746597,15260.397562746597,0.0,23.77191867081394,5.16,274,14775,suburban
DHL,30449,0.4,0.0,7432.014762814106,7432.014762814106,0.0,2.190643461651216,1.56,91,7431,urban
DHL,30453,0.4,0.0,8728.871611104647,8728.871611104647,0.0,9.157258958740025,2.98,148,8150,suburban
DHL,30455,0.4,0.0,7560.480077937329,7560.480077937329,0.0,6.967819653017212,3.04,160,6748,suburban
DHL,30457,0.4,0.0,7333.849598031452,7333.849598031452,0.0,6.068989648841514,2.4,139,6736,suburban
DHL,30459,0.4,0.0,6748.368740605874,6748.368740605874,0.0,7.274391190340525,1.24,125,6561,urban
DHL,30519,0.4,0.0,13335.327593044716,13335.327593044716,0.0,13.714884737746765,5.03,248,12645,urban
DHL,30539,0.4,0.0,9296.282509988963,9296.282509988963,0.0,19.21423828970633,3.99,164,8372,rural
DHL,30559,0.4,0.0,12462.482929522981,12462.482929522981,0.0,19.484913733542943,1.93,224,12320,suburban
DHL,30625,0.4,0.0,8084.182917612831,8084.182917612831,0.0,8.86389555258122,4.99,117,7084,urban
DHL,30627,0.4,0.0,5566.459185356654,5566.459185356654,0.0,3.390385523567528,4.61,82,4809,suburban
DHL,30629,0.4,0.0,6830.019894903581,6830.019894903581,0.0,14.669809711755615,4.28,124,5907,suburban
DHL,30655,0.4,0.0,8770.048460462032,8770.048460462032,0.0,4.462508901721823,5.25,139,7945,suburban
DHL,30657,0.4,0.0,9997.913539537092,9997.913539537092,0.0,12.670949194485749,6.56,140,9056,rural
DHL,30659,0.4,0.0,7841.281218861646,7841.281218861646,0.0,11.3882150903338,7.01,131,6829,suburban
DHL,30823,0.4,0.0,10202.29191336214,10202.29191336214,0.0,12.528872220645557,3.26,227,9437,suburban
DHL,30826,0.4,0.0,9289.171862330428,9289.171862330428,0.0,56.38950461206911,1.44,239,8281,rural
DHL,30827,0.4,0.0,8499.259441991915,8499.259441991915,0.0,10.610683695060027,3.25,153,8048,suburban
DHL,30851,0.4,0.0,7091.396611882496,7091.396611882496,0.0,4.12190647126244,5.02,97,6654,suburban
DHL,30853,0.4,0.0,8087.121413003322,8087.121413003322,0.0,8.711379660258004,6.98,132,7164,suburban
DHL,30855,0.4,0.0,33181.974645551454,33181.974645551454,0.0,59.06346106841505,5.9,278,32854,suburban
DHL,30880,0.4,0.0,17626.17972557684,17626.17972557684,0.0,33.96099660372796,5.11,360,16161,suburban
DHL,30890,0.4,0.0,16098.044263724361,16098.044263724361,0.0,102.53407734275534,4.73,504,13989,rural
DHL,30900,0.4,0.0,17593.529073393336,17593.529073393336,0.0,173.55971997363926,4.94,590,14609,rural
DHL,30916,0.4,0.0,17062.590954336305,17062.590954336305,0.0,59.876286869182046,11.0,355,14499,suburban
DHL,30926,0.4,0.0,14775.4174568136,14775.4174568136,0.0,53.8021301528445,0.37,429,13519,rural
DHL,30938,0.4,0.0,14888.20103197316,14888.20103197316,0.0,153.22446344831192,10.53,355,12030,rural
DHL,30952,0.4,0.0,11029.332668750209,11029.332668750209,0.0,37.755537878390655,5.68,286,9709,suburban
DHL,30966,0.4,0.0,10564.896592403224,10564.896592403224,0.0,31.83238567652256,5.52,237,9182,rural
DHL,30974,0.4,0.0,7602.589230059956,7602.589230059956,0.0,53.82702268136371,1.4,244,6515,rural
DHL,30982,0.4,0.0,8026.683955967339,8026.683955967339,0.0,66.6831619829418,2.77,239,6551,rural
DHL,30989,0.4,0.0,8197.588934134921,8197.588934134921,0.0,43.13135688268341,5.72,271,6841,rural
DHL,31275,0.4,0.0,20490.51279819747,20490.51279819747,0.0,129.47251256919432,2.93,571,18743,suburban
DHL,31303,0.4,0.0,14494.326252546625,14494.326252546625,0.0,112.90680951768702,1.84,468,12605,rural
DHL,31311,0.4,0.0,10485.698502104207,10485.698502104207,0.0,139.34872865781722,3.81,380,8577,rural
DHL,31319,0.4,0.0,12204.762656945873,12204.762656945873,0.0,101.18549289373648,0.58,411,10967,rural
DHL,31515,0.4,0.0,21088.897809861297,21088.897809861297,0.0,125.1818077488354,5.28,537,19286,rural
DHL,31535,0.4,0.0,22512.716761824166,22512.716761824166,0.0,357.6158854957556,5.5,880,18533,rural
DHL,31832,0.4,0.0,14457.781202836444,14457.781202836444,0.0,159.3824695169613,4.65,515,11902,rural
Amazon,30159,0.4,0.0,11555.196270293998,11555.196270293998,0.0,6.211813374113814,13.81,221,9019,urban
Amazon,30161,0.4,0.0,6224.7449789257325,6224.7449789257325,0.0,1.7979843382791898,12.74,83,4512,urban
Amazon,30163,0.4,0.0,5889.0064831046275,5889.0064831046275,0.0,2.603733329707664,12.41,93,4469,urban
Amazon,30165,0.4,0.0,4750.233821598029,4750.233821598029,0.0,4.951012974183712,10.52,92,3574,urban
Amazon,30167,0.4,0.0,7175.254343343608,7175.254343343608,0.0,5.368928981069905,10.65,139,5730,urban
Amazon,30173,0.4,0.0,5164.654397653723,5164.654397653723,0.0,4.775461708125837,15.11,87,3759,urban
Amazon,30177,0.4,0.0,4343.242376782357,4343.242376782357,0.0,3.576189607493106,13.99,79,2906,urban
Amazon,30179,0.4,0.0,4390.652005410074,4390.652005410074,0.0,8.305970462175056,12.08,95,2781,suburban
Amazon,30419,0.4,0.0,8519.368501277868,8519.368501277868,0.0,23.77191867081394,6.74,265,6859,suburban
Amazon,30449,0.4,0.0,7005.60345798299,7005.60345798299,0.0,5.186686836161483,12.61,159,5275,urban
Amazon,30453,0.4,0.0,4970.930164967193,4970.930164967193,0.0,9.157258958740025,9.82,139,3593,suburban
Amazon,30455,0.4,0.0,4820.378887430032,4820.378887430032,0.0,6.967819653017212,9.84,158,3165,suburban
Amazon,30457,0.4,0.0,4934.7989617734975,4934.7989617734975,0.0,6.068989648841514,13.37,135,3134,suburban
Amazon,30459,0.4,0.0,4858.408897775894,4858.408897775894,0.0,7.274391190340525,13.92,124,3087,urban
Amazon,30519,0.4,0.0,8140.269152347262,8140.269152347262,0.0,13.714884737746765,17.38,242,5508,urban
Amazon,30539,0.4,0.0,5821.859629336905,5821.859629336905,0.0,19.21423828970633,21.37,157,3516,rural
Amazon,30559,0.4,0.0,8252.52270516162,8252.52270516162,0.0,19.484913733542943,20.15,222,5369,suburban
Amazon,30625,0.4,0.0,4932.584335545381,4932.584335545381,0.0,8.86389555258122,16.66,114,3180,urban
Amazon,30627,0.4,0.0,3472.360903435115,3472.360903435115,0.0,3.390385523567528,17.89,79,2090,suburban
Amazon,30629,0.4,0.0,4629.145185289602,4629.145185289602,0.0,14.669809711755615,20.32,122,2757,suburban
Amazon,30655,0.4,0.0,5061.237427944449,5061.237427944449,0.0,4.462508901721823,16.14,137,3642,suburban
Amazon,30657,0.4,0.0,5227.080664344542,5227.080664344542,0.0,12.670949194485749,15.05,138,3559,rural
Amazon,30659,0.4,0.0,4975.003626465991,4975.003626465991,0.0,11.3882150903338,18.11,130,3002,suburban
Amazon,30823,0.4,0.0,5705.037154540299,5705.037154540299,0.0,12.528872220645557,1.29,222,4370,suburban
Amazon,30826,0.4,0.0,5673.254342811335,5673.254342811335,0.0,56.38950461206911,3.98,233,3852,rural
Amazon,30827,0.4,0.0,4536.061456785562,4536.061456785562,0.0,10.610683695060027,3.78,150,3498,suburban
Amazon,30851,0.4,0.0,4490.007090916008,4490.007090916008,0.0,4.12190647126244,11.33,96,3032,suburban
Amazon,30853,0.4,0.0,4319.068900643669,4319.068900643669,0.0,8.711379660258004,12.37,128,2911,suburban
Amazon,30855,0.4,0.0,16244.345238115564,16244.345238115564,0.0,59.06346106841505,9.96,271,13592,suburban
Amazon,30880,0.4,0.0,11278.054808972109,11278.054808972109,0.0,33.96099660372796,23.78,345,6971,suburban
Amazon,30890,0.4,0.0,10080.548522471709,10080.548522471709,0.0,102.53407734275534,12.55,490,6502,rural
Amazon,30900,0.4,0.0,12085.38072969665,12085.38072969665,0.0,173.55971997363926,17.55,570,6667,rural
Amazon,30916,0.4,0.0,9904.82527723206,9904.82527723206,0.0,59.876286869182046,19.41,344,6164,suburban
Amazon,30926,0.4,0.0,8752.96361616949,8752.96361616949,0.0,53.8021301528445,4.34,415,6338,rural
Amazon,30938,0.4,0.0,9384.90809448861,9384.90809448861,0.0,153.22446344831192,24.95,346,5072,rural
Amazon,30952,0.4,0.0,7076.623355325187,7076.623355325187,0.0,37.755537878390655,14.14,275,4476,suburban
Amazon,30966,0.4,0.0,6955.194722247112,6955.194722247112,0.0,31.83238567652256,17.79,233,4221,rural
Amazon,30974,0.4,0.0,5436.138154721389,5436.138154721389,0.0,53.82702268136371,18.26,240,2971,rural
Amazon,30982,0.4,0.0,6084.06789519755,6084.06789519755,0.0,66.6831619829418,24.57,233,3044,rural
Amazon,30989,0.4,0.0,5499.955907320829,5499.955907320829,0.0,43.13135688268341,11.39,265,3112,rural
Amazon,31275,0.4,0.0,14129.512676709497,14129.512676709497,0.0,129.47251256919432,30.8,550,8588,suburban
Amazon,31303,0.4,0.0,10291.231205914351,10291.231205914351,0.0,112.90680951768702,30.88,449,5793,rural
Amazon,31311,0.4,0.0,8790.113460938559,8790.113460938559,0.0,139.34872865781722,40.99,367,3965,rural
Amazon,31319,0.4,0.0,9320.815628099372,9320.815628099372,0.0,101.18549289373648,29.57,396,5228,rural
Amazon,31515,0.4,0.0,12450.58174407703,12450.58174407703,0.0,125.1818077488354,12.09,525,8733,rural
Amazon,31535,0.4,0.0,15851.91067139521,15851.91067139521,0.0,357.6158854957556,16.13,834,8625,rural
Amazon,31832,0.4,0.0,11355.500473785536,11355.500473785536,0.0,159.3824695169613,25.63,491,5466,rural
DPD,30159,0.4,0.0,6656.069904499083,6656.069904499083,0.0,6.211813374113814,13.32,219,4783,urban
DPD,30161,0.4,0.0,3438.6384541878197,3438.6384541878197,0.0,1.7979843382791898,14.05,84,2359,urban
DPD,30163,0.4,0.0,3176.704105051865,3176.704105051865,0.0,2.603733329707664,14.01,92,2106,urban
DPD,30165,0.4,0.0,3109.5847921201566,3109.5847921201566,0.0,4.951012974183712,15.88,91,1757,urban
DPD,30167,0.4,0.0,4548.61275587726,4548.61275587726,0.0,5.368928981069905,16.37,138,2824,urban
DPD,30173,0.4,0.0,3042.0725720869623,3042.0725720869623,0.0,4.775461708125837,13.13,86,1708,urban
DPD,30177,0.4,0.0,2301.8161532682093,2301.8161532682093,0.0,3.576189607493106,12.44,75,1250,urban
DPD,30179,0.4,0.0,2402.9493976963904,2402.9493976963904,0.0,8.305970462175056,14.42,89,1256,suburban
DPD,30419,0.4,0.0,5350.888005691542,5350.888005691542,0.0,23.77191867081394,19.64,257,2858,suburban
DPD,30449,0.4,0.0,4115.648431001423,4115.648431001423,0.0,5.186686836161483,15.53,161,2554,urban
DPD,30453,0.4,0.0,3546.158276962033,3546.158276962033,0.0,9.157258958740025,18.23,137,1619,suburban
DPD,30455,0.4,0.0,3189.32194545774,3189.32194545774,0.0,6.967819653017212,19.47,151,1318,suburban
DPD,30457,0.4,0.0,3071.8681502213976,3071.8681502213976,0.0,6.068989648841514,18.69,130,1335,suburban
DPD,30459,0.4,0.0,2692.648089162524,2692.648089162524,0.0,7.274391190340525,16.25,119,1284,urban
DPD,30519,0.4,0.0,4359.743796141659,4359.743796141659,0.0,12.113461405690837,12.99,227,2540,urban
DPD,30539,0.4,0.0,3283.465182476126,3283.465182476126,0.0,19.21423828970633,9.52,156,1695,rural
DPD,30559,0.4,0.0,3964.267070732265,3964.267070732265,0.0,19.484913733542943,7.42,213,2467,suburban
DPD,30625,0.4,0.0,2879.61806243138,2879.61806243138,0.0,8.86389555258122,10.22,108,1405,urban
DPD,30627,0.4,0.0,1734.323815852828,1734.323815852828,0.0,3.390385523567528,8.59,77,971,suburban
DPD,30629,0.4,0.0,2209.7242260325893,2209.7242260325893,0.0,14.669809711755615,6.08,121,1173,suburban
DPD,30655,0.4,0.0,2902.8311877698657,2902.8311877698657,0.0,4.462508901721823,10.23,132,1537,suburban
DPD,30657,0.4,0.0,3254.827165454566,3254.827165454566,0.0,12.670949194485749,12.26,136,1866,rural
DPD,30659,0.4,0.0,2732.1680399331904,2732.1680399331904,0.0,11.3882150903338,8.73,122,1368,suburban
DPD,30823,0.4,0.0,4031.85332034608,4031.85332034608,0.0,12.528872220645557,25.25,211,1867,suburban
DPD,30826,0.4,0.0,4659.6772590054525,4659.6772590054525,0.0,56.38950461206911,27.87,212,1639,rural
DPD,30827,0.4,0.0,3693.9834286058103,3693.9834286058103,0.0,10.610683695060027,23.76,145,1601,suburban
DPD,30851,0.4,0.0,2392.8715311930196,2392.8715311930196,0.0,4.12190647126244,15.63,96,1281,suburban
DPD,30853,0.4,0.0,3054.623065805542,3054.623065805542,0.0,8.711379660258004,15.68,120,1470,suburban
DPD,30855,0.4,0.0,9651.557570967712,9651.557570967712,0.0,59.06346106841505,19.88,265,6668,suburban
DPD,30880,0.4,0.0,5651.747006229777,5651.747006229777,0.0,33.96099660372796,12.89,328,3235,suburban
DPD,30890,0.4,0.0,6923.102121964851,6923.102121964851,0.0,102.53407734275534,32.64,451,2726,rural
DPD,30900,0.4,0.0,7912.531093330155,7912.531093330155,0.0,173.55971997363926,25.52,515,2839,rural
DPD,30916,0.4,0.0,5505.336403799816,5505.336403799816,0.0,59.876286869182046,10.68,308,2914,suburban
DPD,30926,0.4,0.0,6146.851473398595,6146.851473398595,0.0,53.8021301528445,25.6,384,2637,rural
DPD,30938,0.4,0.0,5614.10632319326,5614.10632319326,0.0,153.22446344831192,17.56,317,2412,rural
DPD,30952,0.4,0.0,4651.5791758270425,4651.5791758270425,0.0,37.755537878390655,21.73,266,1895,suburban
DPD,30966,0.4,0.0,4054.5734078226283,4054.5734078226283,0.0,31.83238567652256,17.93,217,1807,rural
DPD,30974,0.4,0.0,4049.5746175540357,4049.5746175540357,0.0,53.82702268136371,28.84,224,1280,rural
DPD,30982,0.4,0.0,3635.1428609264503,3635.1428609264503,0.0,66.6831619829418,20.59,218,1278,rural
DPD,30989,0.4,0.0,4189.963023652114,4189.963023652114,0.0,43.13135688268341,25.63,242,1356,rural
DPD,31275,0.4,0.0,6310.744546848563,6310.744546848563,0.0,129.47251256919432,4.47,516,3643,suburban
DPD,31303,0.4,0.0,5298.7418231419815,5298.7418231419815,0.0,112.90680951768702,10.77,417,2491,rural
DPD,31311,0.4,0.0,4503.622414154428,4503.622414154428,0.0,139.34872865781722,17.19,336,1650,rural
DPD,31319,0.4,0.0,4393.641206526262,4393.641206526262,0.0,101.18549289373648,7.08,368,2115,rural
DPD,31515,0.4,0.0,8672.940895409381,8672.940895409381,0.0,125.1818077488354,38.45,488,3812,rural
DPD,31535,0.4,0.0,10736.90548199021,10736.90548199021,0.0,357.6158854957556,38.17,720,3582,rural
DPD,31832,0.4,0.0,6479.205569246742,6479.205569246742,0.0,159.3824695169613,30.86,456,2309,rural
FedEx,30159,0.4,0.0,12214.299279183924,12214.299279183924,0.0,10.98727508223965,11.75,273,9864,urban
FedEx,30161,0.4,0.0,5224.187237195072,5224.187237195072,0.0,1.7979843382791898,9.67,80,3810,urban
FedEx,30163,0.4,0.0,8257.65060106912,8257.65060106912,0.0,19.436906373559538,7.51,263,6210,urban
FedEx,30167,0.4,0.0,5175.6698343295675,5175.6698343295675,0.0,5.368928981069905,8.96,132,3775,urban
FedEx,30419,0.4,0.0,3306.0595520416546,3306.0595520416546,0.0,23.77191867081394,5.53,136,1709,suburban
FedEx,30449,0.4,0.0,5430.5021475969215,5430.5021475969215,0.0,12.46107802650201,12.7,204,3703,urban
FedEx,30453,0.4,0.0,3326.3835685835006,3326.3835685835006,0.0,9.157258958740025,10.07,106,1516,suburban
FedEx,30455,0.4,0.0,1959.2973539377524,1959.2973539377524,0.0,6.967819653017212,11.34,85,612,suburban
FedEx,30457,0.4,0.0,1996.1328134447208,1996.1328134447208,0.0,6.068989648841514,14.63,82,778,suburban
FedEx,30519,0.4,0.0,4147.606607808722,4147.606607808722,0.0,13.714884737746765,15.57,154,2372,urban
FedEx,30539,0.4,0.0,4110.789837016759,4110.789837016759,0.0,19.21423828970633,18.41,81,2429,rural
FedEx,30559,0.4,0.0,5375.733073538704,5375.733073538704,0.0,34.15472344529856,15.2,165,3144,suburban
FedEx,30625,0.4,0.0,3602.9465575642243,3602.9465575642243,0.0,12.254281076148748,12.66,134,2229,urban
FedEx,30655,0.4,0.0,3651.3066283117864,3651.3066283117864,0.0,15.85072399205562,11.41,144,2242,suburban
FedEx,30657,0.4,0.0,4510.957538899967,4510.957538899967,0.0,12.670949194485749,8.22,82,3429,rural
FedEx,30823,0.4,0.0,2013.2163655803622,2013.2163655803622,0.0,12.528872220645557,8.07,113,878,suburban
FedEx,30827,0.4,0.0,4491.66174623818,4491.66174623818,0.0,67.00018830712914,7.42,137,2757,suburban
FedEx,30853,0.4,0.0,4558.287686101956,4558.287686101956,0.0,12.833286131520444,4.82,152,3029,suburban
FedEx,30855,0.4,0.0,11164.944696921486,11164.944696921486,0.0,59.06346106841505,1.5,210,9970,suburban
FedEx,30880,0.4,0.0,6033.650689518244,6033.650689518244,0.0,33.96099660372796,22.05,184,3498,suburban
FedEx,30890,0.4,0.0,3937.614024274669,3937.614024274669,0.0,102.53407734275534,20.22,167,1281,rural
FedEx,30900,0.4,0.0,4467.0239843658765,4467.0239843658765,0.0,173.55971997363926,10.92,207,1597,rural
FedEx,30916,0.4,0.0,5459.16940205895,5459.16940205895,0.0,59.876286869182046,11.65,204,3245,suburban
FedEx,30926,0.4,0.0,3230.0558047592294,3230.0558047592294,0.0,53.8021301528445,10.98,152,1266,rural
FedEx,30938,0.4,0.0,5737.710883078335,5737.710883078335,0.0,153.22446344831192,16.47,151,3131,rural
FedEx,30952,0.4,0.0,2694.734755168253,2694.734755168253,0.0,37.755537878390655,17.01,132,979,suburban
FedEx,30966,0.4,0.0,2504.2719321468335,2504.2719321468335,0.0,31.83238567652256,18.53,102,1063,rural
FedEx,30974,0.4,0.0,2454.671117478426,2454.671117478426,0.0,53.82702268136371,23.36,94,802,rural
FedEx,30982,0.4,0.0,2716.2138956601093,2716.2138956601093,0.0,66.6831619829418,25.47,105,618,rural
FedEx,30989,0.4,0.0,2473.2391948618315,2473.2391948618315,0.0,43.13135688268341,16.61,128,876,rural
FedEx,31275,0.4,0.0,5422.493872435705,5422.493872435705,0.0,129.47251256919432,24.61,246,2133,suburban
FedEx,31303,0.4,0.0,3973.889348501275,3973.889348501275,0.0,112.90680951768702,23.03,195,1243,rural
FedEx,31311,0.4,0.0,3062.8021398398528,3062.8021398398528,0.0,139.34872865781722,33.34,113,675,rural
FedEx,31319,0.4,0.0,2817.067630852216,2817.067630852216,0.0,101.18549289373648,25.21,119,751,rural
FedEx,31515,0.4,0.0,5470.280769208987,5470.280769208987,0.0,125.1818077488354,19.63,249,2478,rural
FedEx,31535,0.4,0.0,6228.495098699879,6228.495098699879,0.0,357.6158854957556,17.87,237,2005,rural
FedEx,31832,0.4,0.0,4547.708372184966,4547.708372184966,0.0,159.3824695169613,29.81,182,1068,rural
GLS,30159,0.4,0.0,4840.335510593373,4840.335510593373,0.0,6.211813374113814,11.0,208,3332,urban
GLS,30161,0.4,0.0,3003.1123197883485,3003.1123197883485,0.0,1.7979843382791898,12.21,80,1649,urban
GLS,30163,0.4,0.0,4530.9209569497225,4530.9209569497225,0.0,6.17992293720077,13.11,162,2801,urban
GLS,30165,0.4,0.0,2518.402065806431,2518.402065806431,0.0,4.951012974183712,14.79,86,1358,urban
GLS,30167,0.4,0.0,3486.1823236641876,3486.1823236641876,0.0,5.368928981069905,13.23,133,2147,urban
GLS,30173,0.4,0.0,2554.876072428404,2554.876072428404,0.0,4.775461708125837,9.02,83,1424,urban
GLS,30179,0.4,0.0,2012.9451781141186,2012.9451781141186,0.0,8.305970462175056,15.58,89,1034,suburban
GLS,30419,0.4,0.0,5101.804856969734,5101.804856969734,0.0,23.77191867081394,17.6,248,2617,suburban
GLS,30449,0.4,0.0,3412.5020081467483,3412.5020081467483,0.0,5.186686836161483,10.84,150,1981,urban
GLS,30453,0.4,0.0,3168.728615727752,3168.728615727752,0.0,9.157258958740025,13.29,125,1373,suburban
GLS,30455,0.4,0.0,2732.89498767275,2732.89498767275,0.0,6.967819653017212,13.26,149,1201,suburban
GLS,30457,0.4,0.0,2344.3788154149365,2344.3788154149365,0.0,6.068989648841514,10.08,128,1189,suburban
GLS,30459,0.4,0.0,2084.898287419,2084.898287419,0.0,7.274391190340525,9.13,113,1169,urban
GLS,30519,0.4,0.0,3551.9496596439303,3551.9496596439303,0.0,13.714884737746765,6.3,224,2084,urban
GLS,30539,0.4,0.0,2580.3663075652257,2580.3663075652257,0.0,19.21423828970633,5.29,145,1310,rural
GLS,30559,0.4,0.0,3658.07773972127,3658.07773972127,0.0,19.484913733542943,8.92,208,2040,suburban
GLS,30625,0.4,0.0,2259.1204653397162,2259.1204653397162,0.0,8.86389555258122,10.34,105,1185,urban
GLS,30627,0.4,0.0,1778.1322716706136,1778.1322716706136,0.0,3.390385523567528,11.43,78,774,suburban
GLS,30629,0.4,0.0,2143.7517893568083,2143.7517893568083,0.0,14.669809711755615,12.94,116,1080,suburban
GLS,30655,0.4,0.0,2960.5284409044616,2960.5284409044616,0.0,4.462508901721823,13.05,124,1383,suburban
GLS,30657,0.4,0.0,2873.29432340711,2873.29432340711,0.0,12.670949194485749,16.66,127,1325,rural
GLS,30659,0.4,0.0,2313.189380462103,2313.189380462103,0.0,11.3882150903338,14.84,124,1138,suburban
GLS,30823,0.4,0.0,4081.0154973189988,4081.0154973189988,0.0,12.528872220645557,21.76,209,1687,suburban
GLS,30826,0.4,0.0,4802.849009920454,4802.849009920454,0.0,56.38950461206911,26.25,214,1480,rural
GLS,30827,0.4,0.0,3413.7429042160657,3413.7429042160657,0.0,10.610683695060027,22.43,133,1331,suburban
GLS,30851,0.4,0.0,2060.2946146334557,2060.2946146334557,0.0,4.12190647126244,17.37,95,1137,suburban
GLS,30853,0.4,0.0,2481.088173620477,2481.088173620477,0.0,8.711379660258004,18.94,117,1083,suburban
GLS,30855,0.4,0.0,8370.230959567252,8370.230959567252,0.0,58.08159729436245,22.3,262,5111,suburban
GLS,30880,0.4,0.0,4450.294123718125,4450.294123718125,0.0,33.96099660372796,1.58,305,2630,suburban
GLS,30890,0.4,0.0,6293.752660817818,6293.752660817818,0.0,102.53407734275534,23.44,436,2471,rural
GLS,30900,0.4,0.0,7176.610893793414,7176.610893793414,0.0,173.55971997363926,31.36,490,2487,rural
GLS,30916,0.4,0.0,5182.054562818042,5182.054562818042,0.0,59.876286869182046,19.31,308,2276,suburban
GLS,30926,0.4,0.0,5707.156100114085,5707.156100114085,0.0,53.8021301528445,20.06,381,2421,rural
GLS,30938,0.4,0.0,5298.987880460923,5298.987880460923,0.0,153.22446344831192,28.43,321,1873,rural
GLS,30952,0.4,0.0,4052.359581403284,4052.359581403284,0.0,37.755537878390655,11.4,259,1710,suburban
GLS,30966,0.4,0.0,3510.9395596477075,3510.9395596477075,0.0,31.83238567652256,6.33,220,1619,rural
GLS,30974,0.4,0.0,3101.933528043918,3101.933528043918,0.0,53.82702268136371,16.59,214,1120,rural
GLS,30982,0.4,0.0,2386.647671549595,2386.647671549595,0.0,66.6831619829418,6.34,209,1154,rural
GLS,30989,0.4,0.0,3148.477695946504,3148.477695946504,0.0,43.13135688268341,16.28,231,1172,rural
GLS,31275,0.4,0.0,6805.937726269975,6805.937726269975,0.0,129.47251256919432,17.38,507,3227,suburban
GLS,31303,0.4,0.0,5596.886925837495,5596.886925837495,0.0,112.90680951768702,24.81,407,2208,rural
GLS,31311,0.4,0.0,4871.049261225609,4871.049261225609,0.0,139.34872865781722,30.96,326,1483,rural
GLS,31319,0.4,0.0,4437.068207504176,4437.068207504176,0.0,101.18549289373648,11.04,357,1985,rural
GLS,31515,0.4,0.0,8050.858133283889,8050.858133283889,0.0,125.1818077488354,33.59,472,3284,rural
GLS,31535,0.4,0.0,10569.427946070218,10569.427946070218,0.0,357.6158854957556,38.52,705,3227,rural
GLS,31832,0.4,0.0,5153.98445539914,5153.98445539914,0.0,159.3824695169613,16.88,440,2069,rural
Hermes,30159,0.4,0.0,6103.311963748475,6103.311963748475,0.0,6.211813374113814,9.13,207,4412,urban
Hermes,30161,0.4,0.0,3205.3444612983394,3205.3444612983394,0.0,1.7979843382791898,7.9,80,2187,urban
Hermes,30163,0.4,0.0,3151.45637345559,3151.45637345559,0.0,2.603733329707664,6.63,93,2318,urban
Hermes,30165,0.4,0.0,3165.918762514473,3165.918762514473,0.0,4.951012974183712,5.34,89,1888,urban
Hermes,30167,0.4,0.0,4309.333549458941,4309.333549458941,0.0,5.368928981069905,7.27,135,2918,urban
Hermes,30173,0.4,0.0,3377.006730770633,3377.006730770633,0.0,4.775461708125837,11.08,82,1982,urban
Hermes,30177,0.4,0.0,2975.551858278056,2975.551858278056,0.0,3.576189607493106,7.86,76,1604,urban
Hermes,30179,0.4,0.0,2972.7332058248016,2972.7332058248016,0.0,8.305970462175056,5.02,88,1492,suburban
Hermes,30419,0.4,0.0,5546.714589306118,5546.714589306118,0.0,23.77191867081394,4.3,253,3791,suburban
Hermes,30449,0.4,0.0,4264.762288981972,4264.762288981972,0.0,5.186686836161483,9.65,147,2752,urban
Hermes,30453,0.4,0.0,3456.6569376644593,3456.6569376644593,0.0,9.157258958740025,8.55,127,1923,suburban
Hermes,30455,0.4,0.0,3386.0721023475717,3386.0721023475717,0.0,6.967819653017212,9.92,152,1769,suburban
Hermes,30457,0.4,0.0,3390.4448760059295,3390.4448760059295,0.0,6.068989648841514,13.07,130,1718,suburban
Hermes,30459,0.4,0.0,3359.004573372854,3359.004573372854,0.0,7.274391190340525,11.99,121,1718,urban
Hermes,30519,0.4,0.0,5162.317584328793,5162.317584328793,0.0,13.714884737746765,13.8,229,2920,urban
Hermes,30539,0.4,0.0,3748.1337976976,3748.1337976976,0.0,19.21423828970633,16.65,149,1846,rural
Hermes,30559,0.4,0.0,5370.925287647466,5370.925287647466,0.0,19.484913733542943,14.22,216,2928,suburban
Hermes,30625,0.4,0.0,3247.4589705680532,3247.4589705680532,0.0,8.86389555258122,10.86,112,1721,urban
Hermes,30627,0.4,0.0,1976.5200916772521,1976.5200916772521,0.0,3.390385523567528,11.3,80,1110,suburban
Hermes,30629,0.4,0.0,3288.097282907375,3288.097282907375,0.0,14.669809711755615,13.03,120,1544,suburban
Hermes,30655,0.4,0.0,3426.8003677575816,3426.8003677575816,0.0,4.462508901721823,9.19,134,1982,suburban
Hermes,30657,0.4,0.0,3245.628188162223,3245.628188162223,0.0,12.670949194485749,6.89,133,1834,rural
Hermes,30659,0.4,0.0,3215.6998845024846,3215.6998845024846,0.0,11.3882150903338,10.33,126,1587,suburban
Hermes,30823,0.4,0.0,3936.6042296322357,3936.6042296322357,0.0,12.528872220645557,8.05,216,2384,suburban
Hermes,30826,0.4,0.0,4191.43021519428,4191.43021519428,0.0,56.38950461206911,9.0,221,2156,rural
Hermes,30827,0.4,0.0,3247.3865843141566,3247.3865843141566,0.0,10.610683695060027,5.18,139,1865,suburban
Hermes,30851,0.4,0.0,2857.2114343496014,2857.2114343496014,0.0,4.12190647126244,3.44,95,1650,suburban
Hermes,30853,0.4,0.0,2627.454020793578,2627.454020793578,0.0,8.711379660258004,3.75,121,1477,suburban
Hermes,30855,0.4,0.0,8658.56494813409,8658.56494813409,0.0,58.08159729436245,2.52,261,7102,suburban
Hermes,30880,0.4,0.0,6718.354835871605,6718.354835871605,0.0,33.96099660372796,20.27,312,3668,suburban
Hermes,30890,0.4,0.0,7568.635969962485,7568.635969962485,0.0,102.53407734275534,19.74,454,3618,rural
Hermes,30900,0.4,0.0,7696.514876914835,7696.514876914835,0.0,173.55971997363926,12.32,527,3644,rural
Hermes,30916,0.4,0.0,5798.014253899346,5798.014253899346,0.0,59.876286869182046,10.8,310,3232,suburban
Hermes,30926,0.4,0.0,5981.497888198291,5981.497888198291,0.0,53.8021301528445,10.52,393,3537,rural
Hermes,30938,0.4,0.0,6007.684029332934,6007.684029332934,0.0,153.22446344831192,16.57,334,2656,rural
Hermes,30952,0.4,0.0,5277.6182452376,5277.6182452376,0.0,37.755537878390655,15.6,274,2488,suburban
Hermes,30966,0.4,0.0,4601.173469262583,4601.173469262583,0.0,31.83238567652256,16.87,229,2313,rural
Hermes,30974,0.4,0.0,4626.2307003590395,4626.2307003590395,0.0,53.82702268136371,22.19,228,1616,rural
Hermes,30982,0.4,0.0,4596.833861562218,4596.833861562218,0.0,66.6831619829418,23.78,220,1680,rural
Hermes,30989,0.4,0.0,4185.515150068637,4185.515150068637,0.0,43.13135688268341,15.58,242,1681,rural
Hermes,31275,0.4,0.0,9418.194923082388,9418.194923082388,0.0,129.47251256919432,23.26,528,4698,suburban
Hermes,31303,0.4,0.0,6888.21710469868,6888.21710469868,0.0,112.90680951768702,22.27,425,3161,rural
Hermes,31311,0.4,0.0,6231.959144058387,6231.959144058387,0.0,139.34872865781722,32.49,345,2196,rural
Hermes,31319,0.4,0.0,6653.523191455497,6653.523191455497,0.0,101.18549289373648,23.57,378,2907,rural
Hermes,31515,0.4,0.0,9098.73098096226,9098.73098096226,0.0,125.1818077488354,20.37,503,4758,rural
Hermes,31535,0.4,0.0,11828.260970846719,11828.260970846719,0.0,357.6158854957556,19.5,777,4780,rural
Hermes,31832,0.4,0.0,8226.290929342216,8226.290929342216,0.0,159.3824695169613,28.44,458,3015,rural
UPS,30159,0.4,0.0,14124.871351764605,14124.871351764605,0.0,10.98727508223965,10.54,282,11805,urban
UPS,30161,0.4,0.0,5917.055804797465,5917.055804797465,0.0,1.7979843382791898,8.59,80,4726,urban
UPS,30163,0.4,0.0,6504.720392897118,6504.720392897118,0.0,14.485893399375826,6.02,215,5283,urban
UPS,30165,0.4,0.0,3773.2492250252108,3773.2492250252108,0.0,4.951012974183712,6.57,77,2701,urban
UPS,30167,0.4,0.0,6006.644999548211,6006.644999548211,0.0,5.368928981069905,8.81,137,4551,urban
UPS,30419,0.4,0.0,3598.2785262855646,3598.2785262855646,0.0,23.77191867081394,7.09,153,2053,suburban
UPS,30449,0.4,0.0,6798.755020154903,6798.755020154903,0.0,12.46107802650201,12.33,209,4685,urban
UPS,30453,0.4,0.0,3375.021836857729,3375.021836857729,0.0,9.157258958740025,10.59,118,1821,suburban
UPS,30455,0.4,0.0,1985.0500139571805,1985.0500139571805,0.0,6.967819653017212,12.14,99,812,suburban
UPS,30457,0.4,0.0,2069.491599260607,2069.491599260607,0.0,6.068989648841514,14.87,93,1021,suburban
UPS,30519,0.4,0.0,4937.054841641878,4937.054841641878,0.0,13.714884737746765,14.32,178,3064,urban
UPS,30539,0.4,0.0,4533.06046911727,4533.06046911727,0.0,19.21423828970633,16.42,96,2701,rural
UPS,30559,0.4,0.0,5027.435680366569,5027.435680366569,0.0,19.484913733542943,13.47,141,3087,suburban
UPS,30625,0.4,0.0,4315.013444156701,4315.013444156701,0.0,12.254281076148748,10.42,148,2727,urban
UPS,30655,0.4,0.0,2121.9137816651596,2121.9137816651596,0.0,4.462508901721823,8.22,93,1218,suburban
UPS,30657,0.4,0.0,4786.350272484361,4786.350272484361,0.0,12.670949194485749,5.0,96,3745,rural
UPS,30659,0.4,0.0,3729.581575766453,3729.581575766453,0.0,26.058024802089417,10.16,158,2385,suburban
UPS,30823,0.4,0.0,2901.0492307771306,2901.0492307771306,0.0,12.528872220645557,11.23,141,1337,suburban
UPS,30826,0.4,0.0,2179.7117952412614,2179.7117952412614,0.0,56.38950461206911,11.69,77,1105,rural
UPS,30827,0.4,0.0,3291.825156956803,3291.825156956803,0.0,10.610683695060027,8.21,92,2105,suburban
UPS,30853,0.4,0.0,4885.572256538386,4885.572256538386,0.0,12.833286131520444,2.1,167,3668,suburban
UPS,30855,0.4,0.0,12372.313669298126,12372.313669298126,0.0,59.06346106841505,2.73,226,11475,suburban
UPS,30880,0.4,0.0,7164.597554373629,7164.597554373629,0.0,33.96099660372796,20.44,221,4190,suburban
UPS,30890,0.4,0.0,4686.02421265492,4686.02421265492,0.0,102.53407734275534,22.83,246,1795,rural
UPS,30900,0.4,0.0,5252.628048739307,5252.628048739307,0.0,173.55971997363926,10.9,296,2208,rural
UPS,30916,0.4,0.0,6109.051569407693,6109.051569407693,0.0,59.876286869182046,7.96,236,4019,suburban
UPS,30926,0.4,0.0,3963.3498677038015,3963.3498677038015,0.0,53.8021301528445,13.64,194,1634,rural
UPS,30938,0.4,0.0,6063.945568650633,6063.945568650633,0.0,153.22446344831192,13.43,195,3590,rural
UPS,30952,0.4,0.0,3731.55368849277,3731.55368849277,0.0,37.755537878390655,17.72,163,1329,suburban
UPS,30966,0.4,0.0,3533.856164661857,3533.856164661857,0.0,31.83238567652256,18.2,136,1386,rural
UPS,30974,0.4,0.0,3208.8293030723075,3208.8293030723075,0.0,53.82702268136371,24.68,134,1072,rural
UPS,30982,0.4,0.0,3007.173952156455,3007.173952156455,0.0,66.6831619829418,24.88,141,878,rural
UPS,30989,0.4,0.0,3364.1454124269208,3364.1454124269208,0.0,43.13135688268341,18.29,160,1191,rural
UPS,31275,0.4,0.0,6734.00020753597,6734.00020753597,0.0,129.47251256919432,21.19,339,2904,suburban
UPS,31303,0.4,0.0,4633.075702530725,4633.075702530725,0.0,112.90680951768702,19.35,259,1804,rural
UPS,31311,0.4,0.0,3968.942591958489,3968.942591958489,0.0,139.34872865781722,29.65,195,1062,rural
UPS,31319,0.4,0.0,3441.882252785476,3441.882252785476,0.0,101.18549289373648,22.42,153,1055,rural
UPS,31515,0.4,0.0,6718.456041625136,6718.456041625136,0.0,125.1818077488354,23.29,321,3281,rural
UPS,31535,0.4,0.0,8009.28273019456,8009.28273019456,0.0,357.6158854957556,20.99,322,2571,rural
UPS,31832,0.4,0.0,5227.687081644636,5227.687081644636,0.0,159.3824695169613,30.54,251,1605,rural
DHL,30159,0.0,0.1,22648.408236750485,21973.50194568585,-3.071455304360999,6.211813374113814,2.18,221,23058,urban
DHL,30161,0.0,0.1,11350.354928479115,10909.00812046849,-4.0457097761484775,1.7979843382791898,1.04,84,11554,urban
DHL,30163,0.0,0.1,9877.912650716453,9914.04927442146,0.3644991335502178,2.603733329707664,1.7,95,10484,urban
DHL,30165,0.0,0.1,8569.519362472303,8565.397376626115,-0.04812369660089045,4.951012974183712,1.88,94,8599,urban
DHL,30167,0.0,0.1,13826.172219269863,13540.33589751315,-2.1109987515834843,5.368928981069905,1.39,142,13892,urban
DHL,30169,0.0,0.1,5260.330324853115,5441.748523674446,3.333821804371655,2.9960433745102675,2.4,76,5294,urban
DHL,30173,0.0,0.1,8732.638042191804,8900.020227394843,1.8806944358151718,4.775461708125837,3.83,88,8547,urban
DHL,30177,0.0,0.1,6379.133179747288,6717.193405547422,5.032760044112264,3.576189607493106,2.83,80,6260,urban
DHL,30179,0.0,0.1,6677.2305707756495,7015.019470078845,4.815223973988473,8.305970462175056,3.55,96,6322,suburban
DHL,30419,0.0,0.1,15260.397562746597,15260.397562746597,0.0,23.77191867081394,5.16,274,14775,suburban
DHL,30449,0.0,0.1,7261.718769077774,7432.014762814106,2.2913839540309273,2.190643461651216,1.56,91,7431,urban
DHL,30453,0.0,0.1,8282.59988986587,8728.871611104647,5.112593484260218,9.157258958740025,2.98,148,8150,suburban
DHL,30455,0.0,0.1,6879.28863669754,7560.480077937329,9.009896649653413,6.967819653017212,3.04,160,6748,suburban
DHL,30457,0.0,0.1,6759.71718236062,7333.849598031452,7.828527269293058,6.068989648841514,2.4,139,6736,suburban
DHL,30459,0.0,0.1,6517.18906135904,6748.368740605874,3.425712022163129,7.274391190340525,1.24,125,6561,urban
DHL,30519,0.0,0.1,13076.427413834712,13335.327593044716,1.9414609607718858,13.714884737746765,5.03,248,12645,urban
DHL,30539,0.0,0.1,8872.10474599463,9296.282509988963,4.562875144323012,19.21423828970633,3.99,164,8372,rural
DHL,30559,0.0,0.1,12650.018367787008,12462.482929522981,-1.5047999610074916,19.484913733542943,1.93,224,12320,suburban
DHL,30625,0.0,0.1,7415.241347789727,8084.182917612831,8.27469611512248,8.86389555258122,4.99,117,7084,urban
DHL,30627,0.0,0.1,5107.514529537854,5566.459185356654,8.24482207695186,3.390385523567528,4.61,82,4809,suburban
DHL,30629,0.0,0.1,6450.019755608626,6830.019894903581,5.56367543787835,14.669809711755615,4.28,124,5907,suburban
DHL,30655,0.0,0.1,8418.928669560977,8770.048460462032,4.003624295623986,4.462508901721823,5.25,139,7945,suburban
DHL,30657,0.0,0.1,9521.85324650383,9997.913539537092,4.761596418599398,12.670949194485749,6.56,140,9056,rural
DHL,30659,0.0,0.1,7465.12861886815,7841.281218861646,4.797080853173434,11.3882150903338,7.01,131,6829,suburban
DHL,30823,0.0,0.1,9999.93398348191,10202.29191336214,1.9834555960430662,12.528872220645557,3.26,227,9437,suburban
DHL,30826,0.0,0.1,9289.171862330428,9289.171862330428,0.0,56.38950461206911,1.44,239,8281,rural
DHL,30827,0.0,0.1,8482.641905689126,8499.259441991915,0.19551746144713733,10.610683695060027,3.25,153,8048,suburban
DHL,30851,0.0,0.1,6731.132014875278,7091.396611882496,5.080305287163746,4.12190647126244,5.02,97,6654,suburban
DHL,30853,0.0,0.1,8094.749661766604,8087.121413003322,-0.0943258840038693,8.711379660258004,6.98,132,7164,suburban
DHL,30855,0.0,0.1,33181.974645551454,33181.974645551454,0.0,59.06346106841505,5.9,278,32854,suburban
DHL,30880,0.0,0.1,17527.862773430534,17626.17972557684,0.5577893433347959,33.96099660372796,5.11,360,16161,suburban
DHL,30890,0.0,0.1,16098.044263724361,16098.044263724361,0.0,102.53407734275534,4.73,504,13989,rural
DHL,30900,0.0,0.1,17579.779913020277,17593.529073393336,0.07814896213092573,173.55971997363926,4.94,590,14609,rural
DHL,30916,0.0,0.1,16448.482612659005,17062.590954336305,3.59915058223458,59.876286869182046,11.0,355,14499,suburban
DHL,30926,0.0,0.1,14680.486869150629,14775.4174568136,0.6424900544464464,53.8021301528445,0.37,429,13519,rural
DHL,30938,0.0,0.1,14888.20103197316,14888.20103197316,0.0,153.22446344831192,10.53,355,12030,rural
DHL,30952,0.0,0.1,10444.801489781872,11029.332668750209,5.299787362697917,37.755537878390655,5.68,286,9709,suburban
DHL,30966,0.0,0.1,10312.932429856723,10564.896592403224,2.384918397854248,31.83238567652256,5.52,237,9182,rural
DHL,30974,0.0,0.1,7535.325867477892,7602.589230059956,0.8847428230912591,53.82702268136371,1.4,244,6515,rural
DHL,30982,0.0,0.1,7699.2368750243795,8026.683955967339,4.079481423951207,66.6831619829418,2.77,239,6551,rural
DHL,30989,0.0,0.1,8049.317877242529,8197.588934134921,1.8087154416219697,43.13135688268341,5.72,271,6841,rural
DHL,31275,0.0,0.1,20490.51279819747,20490.51279819747,0.0,129.47251256919432,2.93,571,18743,suburban
DHL,31303,0.0,0.1,14494.326252546625,14494.326252546625,0.0,112.90680951768702,1.84,468,12605,rural
DHL,31311,0.0,0.1,10485.698502104207,10485.698502104207,0.0,139.34872865781722,3.81,380,8577,rural
DHL,31319,0.0,0.1,12204.762656945873,12204.762656945873,0.0,101.18549289373648,0.58,411,10967,rural
DHL,31515,0.0,0.1,21088.897809861297,21088.897809861297,0.0,125.1818077488354,5.28,537,19286,rural
DHL,31535,0.0,0.1,22512.716761824166,22512.716761824166,0.0,357.6158854957556,5.5,880,18533,rural
DHL,31832,0.0,0.1,14441.45587624239,14457.781202836444,0.11291723373744203,159.3824695169613,4.65,515,11902,rural
Amazon,30159,0.0,0.1,10936.379095478234,11555.196270293998,5.355315135638274,6.211813374113814,13.81,221,9019,urban
Amazon,30161,0.0,0.1,5593.5929955111405,6224.7449789257325,10.139403068742524,1.7979843382791898,12.74,83,4512,urban
Amazon,30163,0.0,0.1,5435.832969393147,5889.0064831046275,7.695245624395568,2.603733329707664,12.41,93,4469,urban
Amazon,30165,0.0,0.1,4439.119062105887,4750.233821598029,6.549462009166527,4.951012974183712,10.52,92,3574,urban
Amazon,30167,0.0,0.1,7328.610412591683,7175.254343343608,-2.137291054920465,5.368928981069905,10.65,139,5730,urban
Amazon,30173,0.0,0.1,4608.650908169441,5164.654397653723,10.765550735338103,4.775461708125837,15.11,87,3759,urban
Amazon,30177,0.0,0.1,3641.459697632212,4343.242376782357,16.158036284174695,3.576189607493106,13.99,79,2906,urban
Amazon,30179,0.0,0.1,3659.1825053988123,4390.652005410074,16.65970109017885,8.305970462175056,12.08,95,2781,suburban
Amazon,30419,0.0,0.1,8422.451979984166,8519.368501277868,1.1376021741419597,23.77191867081394,6.74,265,6859,suburban
Amazon,30449,0.0,0.1,6301.389810622642,7005.60345798299,10.052148277931527,5.186686836161483,12.61,159,5275,urban
Amazon,30453,0.0,0.1,4491.144845063849,4970.930164967193,9.65182177139901,9.157258958740025,9.82,139,3593,suburban
Amazon,30455,0.0,0.1,4198.1437061759125,4820.378887430032,12.908428897087418,6.967819653017212,9.84,158,3165,suburban
Amazon,30457,0.0,0.1,3953.278150330689,4934.7989617734975,19.88978313090314,6.068989648841514,13.37,135,3134,suburban
Amazon,30459,0.0,0.1,4092.2032853441738,4858.408897775894,15.7707107111235,7.274391190340525,13.92,124,3087,urban
Amazon,30519,0.0,0.1,7416.218365659932,8140.269152347262,8.894678703327015,13.714884737746765,17.38,242,5508,urban
Amazon,30539,0.0,0.1,4958.9568094379065,5821.859629336905,14.821773021643269,19.21423828970633,21.37,157,3516,rural
Amazon,30559,0.0,0.1,6977.717711403227,8252.52270516162,15.44745818101238,19.484913733542943,20.15,222,5369,suburban
Amazon,30625,0.0,0.1,4185.565438620234,4932.584335545381,15.14457424563327,8.86389555258122,16.66,114,3180,urban
Amazon,30627,0.0,0.1,2912.5361470763078,3472.360903435115,16.12230905505782,3.390385523567528,17.89,79,2090,suburban
Amazon,30629,0.0,0.1,3803.74882211248,4629.145185289602,17.830427220127994,14.669809711755615,20.32,122,2757,suburban
Amazon,30655,0.0,0.1,4547.954020320331,5061.237427944449,10.14146075799848,4.462508901721823,16.14,137,3642,suburban
Amazon,30657,0.0,0.1,4536.553291254592,5227.080664344542,13.21057426567454,12.670949194485749,15.05,138,3559,rural
Amazon,30659,0.0,0.1,3965.5625951681363,4975.003626465991,20.29025719554931,11.3882150903338,18.11,130,3002,suburban
Amazon,30823,0.0,0.1,5570.420697108405,5705.037154540299,2.3596070242024707,12.528872220645557,1.29,222,4370,suburban
Amazon,30826,0.0,0.1,5673.254342811335,5673.254342811335,0.0,56.38950461206911,3.98,233,3852,rural
Amazon,30827,0.0,0.1,4536.061456785562,4536.061456785562,0.0,10.610683695060027,3.78,150,3498,suburban
Amazon,30851,0.0,0.1,3839.410582911778,4490.007090916008,14.489877072142916,4.12190647126244,11.33,96,3032,suburban
Amazon,30853,0.0,0.1,3863.7680025942786,4319.068900643669,10.5416447045227,8.711379660258004,12.37,128,2911,suburban
Amazon,30855,0.0,0.1,16244.345238115564,16244.345238115564,0.0,59.06346106841505,9.96,271,13592,suburban
Amazon,30880,0.0,0.1,9186.702052166385,11278.054808972109,18.54355908203226,33.96099660372796,23.78,345,6971,suburban
Amazon,30890,0.0,0.1,10080.548522471709,10080.548522471709,0.0,102.53407734275534,12.55,490,6502,rural
Amazon,30900,0.0,0.1,12085.38072969665,12085.38072969665,0.0,173.55971997363926,17.55,570,6667,rural
Amazon,30916,0.0,0.1,9904.82527723206,9904.82527723206,0.0,59.876286869182046,19.41,344,6164,suburban
Amazon,30926,0.0,0.1,8752.96361616949,8752.96361616949,0.0,53.8021301528445,4.34,415,6338,rural
Amazon,30938,0.0,0.1,9384.90809448861,9384.90809448861,0.0,153.22446344831192,24.95,346,5072,rural
Amazon,30952,0.0,0.1,7076.623355325187,7076.623355325187,0.0,37.755537878390655,14.14,275,4476,suburban
Amazon,30966,0.0,0.1,5868.900084051227,6955.194722247112,15.618464781744027,31.83238567652256,17.79,233,4221,rural
Amazon,30974,0.0,0.1,5436.138154721389,5436.138154721389,0.0,53.82702268136371,18.26,240,2971,rural
Amazon,30982,0.0,0.1,6084.06789519755,6084.06789519755,0.0,66.6831619829418,24.57,233,3044,rural
Amazon,30989,0.0,0.1,5145.153523037522,5499.955907320829,6.451004158252254,43.13135688268341,11.39,265,3112,rural
Amazon,31275,0.0,0.1,14129.512676709497,14129.512676709497,0.0,129.47251256919432,30.8,550,8588,suburban
Amazon,31303,0.0,0.1,10291.231205914351,10291.231205914351,0.0,112.90680951768702,30.88,449,5793,rural
Amazon,31311,0.0,0.1,8790.113460938559,8790.113460938559,0.0,139.34872865781722,40.99,367,3965,rural
Amazon,31319,0.0,0.1,9320.815628099372,9320.815628099372,0.0,101.18549289373648,29.57,396,5228,rural
Amazon,31515,0.0,0.1,12450.58174407703,12450.58174407703,0.0,125.1818077488354,12.09,525,8733,rural
Amazon,31535,0.0,0.1,15851.91067139521,15851.91067139521,0.0,357.6158854957556,16.13,834,8625,rural
Amazon,31832,0.0,0.1,11355.500473785536,11355.500473785536,0.0,159.3824695169613,25.63,491,5466,rural
DPD,30159,0.0,0.1,6921.572839950412,6656.069904499083,-3.988884420697952,6.211813374113814,13.32,219,4783,urban
DPD,30161,0.0,0.1,3502.5191003901527,3438.6384541878197,-1.857730815652767,1.7979843382791898,14.05,84,2359,urban
DPD,30163,0.0,0.1,3199.572334176696,3176.704105051865,-0.7198728105794943,2.603733329707664,14.01,92,2106,urban
DPD,30165,0.0,0.1,2979.8327143535344,3109.5847921201566,4.172649612109646,4.951012974183712,15.88,91,1757,urban
DPD,30167,0.0,0.1,4336.757812905956,4548.61275587726,4.65757263459208,5.368928981069905,16.37,138,2824,urban
DPD,30173,0.0,0.1,2864.666139496239,3042.0725720869623,5.831762010497229,4.775461708125837,13.13,86,1708,urban
DPD,30177,0.0,0.1,2114.858930870677,2301.8161532682093,8.122161369494394,3.576189607493106,12.44,75,1250,urban
DPD,30179,0.0,0.1,2216.594962696681,2402.9493976963904,7.755237591701266,8.305970462175056,14.42,89,1256,suburban
DPD,30419,0.0,0.1,4821.64471038987,5350.888005691542,9.890756351819283,23.77191867081394,19.64,257,2858,suburban
DPD,30449,0.0,0.1,3961.6441954087827,4115.648431001423,3.7419191209966356,5.186686836161483,15.53,161,2554,urban
DPD,30453,0.0,0.1,2915.756018133165,3546.158276962033,17.777047993721503,9.157258958740025,18.23,137,1619,suburban
DPD,30455,0.0,0.1,2569.1018928196117,3189.32194545774,19.446768411745047,6.967819653017212,19.47,151,1318,suburban
DPD,30457,0.0,0.1,2376.7468452385583,3071.8681502213976,22.628617863456807,6.068989648841514,18.69,130,1335,suburban
DPD,30459,0.0,0.1,2388.6960577613463,2692.648089162524,11.288219675810424,7.274391190340525,16.25,119,1284,urban
DPD,30519,0.0,0.1,4226.163099253468,4359.743796141659,3.063957496915498,12.113461405690837,12.99,227,2540,urban
DPD,30539,0.0,0.1,2842.5087155588963,3283.465182476126,13.429606906466283,19.21423828970633,9.52,156,1695,rural
DPD,30559,0.0,0.1,3781.000564849055,3964.267070732265,4.622960628365474,19.484913733542943,7.42,213,2467,suburban
DPD,30625,0.0,0.1,2409.1219218618053,2879.61806243138,16.338838358734133,8.86389555258122,10.22,108,1405,urban
DPD,30627,0.0,0.1,1621.3800974918051,1734.323815852828,6.512262434998874,3.390385523567528,8.59,77,971,suburban
DPD,30629,0.0,0.1,2101.4714158574425,2209.7242260325893,4.898928513333423,14.669809711755615,6.08,121,1173,suburban
DPD,30655,0.0,0.1,2810.497641864991,2902.8311877698657,3.1808100413793343,4.462508901721823,10.23,132,1537,suburban
DPD,30657,0.0,0.1,3091.079244596037,3254.827165454566,5.030925223817845,12.670949194485749,12.26,136,1866,rural
DPD,30659,0.0,0.1,2316.403519336757,2732.1680399331904,15.217384674721538,11.3882150903338,8.73,122,1368,suburban
DPD,30823,0.0,0.1,3359.8924349919625,4031.85332034608,16.66630286283428,12.528872220645557,25.25,211,1867,suburban
DPD,30826,0.0,0.1,3283.1104127018016,4659.6772590054525,29.542107098581784,56.38950461206911,27.87,212,1639,rural
DPD,30827,0.0,0.1,2940.985535350301,3693.9834286058103,20.384441560413478,10.610683695060027,23.76,145,1601,suburban
DPD,30851,0.0,0.1,2409.104329880345,2392.8715311930196,-0.6783815376512248,4.12190647126244,15.63,96,1281,suburban
DPD,30853,0.0,0.1,2613.824089091707,3054.623065805542,14.430552222573196,8.711379660258004,15.68,120,1470,suburban
DPD,30855,0.0,0.1,9651.557570967712,9651.557570967712,0.0,59.06346106841505,19.88,265,6668,suburban
DPD,30880,0.0,0.1,5231.423994133525,5651.747006229777,7.437045777755802,33.96099660372796,12.89,328,3235,suburban
DPD,30890,0.0,0.1,5197.418601145015,6923.102121964851,24.926449016904993,102.53407734275534,32.64,451,2726,rural
DPD,30900,0.0,0.1,5766.8301026371455,7912.531093330155,27.117757458188343,173.55971997363926,25.52,515,2839,rural
DPD,30916,0.0,0.1,5130.902537276669,5505.336403799816,6.80128949549224,59.876286869182046,10.68,308,2914,suburban
DPD,30926,0.0,0.1,4885.720655909774,6146.851473398595,20.516695790463626,53.8021301528445,25.6,384,2637,rural
DPD,30938,0.0,0.1,5009.547490975439,5614.10632319326,10.768567558477455,153.22446344831192,17.56,317,2412,rural
DPD,30952,0.0,0.1,3581.523039893025,4651.5791758270425,23.00414752681843,37.755537878390655,21.73,266,1895,suburban
DPD,30966,0.0,0.1,3315.8844329556564,4054.5734078226283,18.218660770620005,31.83238567652256,17.93,217,1807,rural
DPD,30974,0.0,0.1,2694.9274483002173,4049.5746175540357,33.451591764273566,53.82702268136371,28.84,224,1280,rural
DPD,30982,0.0,0.1,2742.4751400641226,3635.1428609264503,24.5566063017073,66.6831619829418,20.59,218,1278,rural
DPD,30989,0.0,0.1,2786.9226487809715,4189.963023652114,33.48574598274629,43.13135688268341,25.63,242,1356,rural
DPD,31275,0.0,0.1,6310.744546848563,6310.744546848563,0.0,129.47251256919432,4.47,516,3643,suburban
DPD,31303,0.0,0.1,4738.42664725293,5298.7418231419815,10.574494749714058,112.90680951768702,10.77,417,2491,rural
DPD,31311,0.0,0.1,3599.7181761386714,4503.622414154428,20.070604391142503,139.34872865781722,17.19,336,1650,rural
DPD,31319,0.0,0.1,4227.022621190219,4393.641206526262,3.792266539392196,101.18549289373648,7.08,368,2115,rural
DPD,31515,0.0,0.1,6961.926498674169,8672.940895409381,19.72819159462805,125.1818077488354,38.45,488,3812,rural
DPD,31535,0.0,0.1,10117.900642445727,10736.90548199021,5.765207122133882,357.6158854957556,38.17,720,3582,rural
DPD,31832,0.0,0.1,5250.831248161722,6479.205569246742,18.958718132288368,159.3824695169613,30.86,456,2309,rural
FedEx,30159,0.0,0.1,12673.11668491699,12214.299279183924,-3.756395641254668,10.98727508223965,11.75,273,9864,urban
FedEx,30161,0.0,0.1,5510.32622577225,5224.187237195072,-5.477196271602416,1.7979843382791898,9.67,80,3810,urban
FedEx,30163,0.0,0.1,8137.542585846044,8257.65060106912,1.4545059003528775,19.436906373559538,7.51,263,6210,urban
FedEx,30167,0.0,0.1,5329.045608921215,5175.6698343295675,-2.963399511582541,5.368928981069905,8.96,132,3775,urban
FedEx,30419,0.0,0.1,2675.6069714613304,3306.0595520416546,19.069607508763376,23.77191867081394,5.53,136,1709,suburban
FedEx,30449,0.0,0.1,5367.356747163767,5430.5021475969215,1.1627911879400923,12.46107802650201,12.7,204,3703,urban
FedEx,30453,0.0,0.1,2818.94460162616,3326.3835685835006,15.254974554044809,9.157258958740025,10.07,106,1516,suburban
FedEx,30455,0.0,0.1,1099.286213760327,1959.2973539377524,43.89385503170277,6.967819653017212,11.34,85,612,suburban
FedEx,30457,0.0,0.1,1433.0268147483234,1996.1328134447208,28.20984630399652,6.068989648841514,14.63,82,778,suburban
FedEx,30519,0.0,0.1,3670.106275143192,4147.606607808722,11.512671712079396,13.714884737746765,15.57,154,2372,urban
FedEx,30539,0.0,0.1,3717.980303777876,4110.789837016759,9.55557323076259,19.21423828970633,18.41,81,2429,rural
FedEx,30559,0.0,0.1,4829.912783415398,5375.733073538704,10.153411314449938,34.15472344529856,15.2,165,3144,suburban
FedEx,30625,0.0,0.1,3759.0634724455094,3602.9465575642243,-4.333034431319128,12.254281076148748,12.66,134,2229,urban
FedEx,30655,0.0,0.1,3474.7407047435267,3651.3066283117864,4.8356914809397,15.85072399205562,11.41,144,2242,suburban
FedEx,30657,0.0,0.1,4641.376166080845,4510.957538899967,-2.891151735661897,12.670949194485749,8.22,82,3429,rural
FedEx,30823,0.0,0.1,1910.5385574560576,2013.2163655803622,5.100187435378069,12.528872220645557,8.07,113,878,suburban
FedEx,30827,0.0,0.1,4156.246482061702,4491.66174623818,7.46750942359789,67.00018830712914,7.42,137,2757,suburban
FedEx,30853,0.0,0.1,4426.145913105573,4558.287686101956,2.8989344704872053,12.833286131520444,4.82,152,3029,suburban
FedEx,30855,0.0,0.1,11164.944696921486,11164.944696921486,0.0,59.06346106841505,1.5,210,9970,suburban
FedEx,30880,0.0,0.1,5525.740032225488,6033.650689518244,8.417965895425574,33.96099660372796,22.05,184,3498,suburban
FedEx,30890,0.0,0.1,2437.136069155963,3937.614024274669,38.106273135673895,102.53407734275534,20.22,167,1281,rural
FedEx,30900,0.0,0.1,2908.919420400947,4467.0239843658765,34.88014770948477,173.55971997363926,10.92,207,1597,rural
FedEx,30916,0.0,0.1,4847.92157368763,5459.16940205895,11.19671846308314,59.876286869182046,11.65,204,3245,suburban
FedEx,30926,0.0,0.1,2180.939380937123,3230.0558047592294,32.47982348404994,53.8021301528445,10.98,152,1266,rural
FedEx,30938,0.0,0.1,5187.584497961746,5737.710883078335,9.587907029945043,153.22446344831192,16.47,151,3131,rural
FedEx,30952,0.0,0.1,2015.9288521151407,2694.734755168253,25.190082317052727,37.755537878390655,17.01,132,979,suburban
FedEx,30966,0.0,0.1,2049.0519778689304,2504.2719321468335,18.177736548269234,31.83238567652256,18.53,102,1063,rural
FedEx,30974,0.0,0.1,1744.3505948398472,2454.671117478426,28.9375027709724,53.82702268136371,23.36,94,802,rural
FedEx,30982,0.0,0.1,1426.2200698151319,2716.2138956601093,47.49235058056707,66.6831619829418,25.47,105,618,rural
FedEx,30989,0.0,0.1,1916.4596421883598,2473.2391948618315,22.512159512520437,43.13135688268341,16.61,128,876,rural
FedEx,31275,0.0,0.1,3903.3053755435426,5422.493872435705,28.016417033031434,129.47251256919432,24.61,246,2133,suburban
FedEx,31303,0.0,0.1,2434.9880141229705,3973.889348501275,38.72531918783019,112.90680951768702,23.03,195,1243,rural
FedEx,31311,0.0,0.1,1811.4922209146343,3062.8021398398528,40.85506871791093,139.34872865781722,33.34,113,675,rural
FedEx,31319,0.0,0.1,1889.0666716150904,2817.067630852216,32.942090174682384,101.18549289373648,25.21,119,751,rural
FedEx,31515,0.0,0.1,4387.555775740454,5470.280769208987,19.79285961998432,125.1818077488354,19.63,249,2478,rural
FedEx,31535,0.0,0.1,4026.5994756970854,6228.495098699879,35.35196846285409,357.6158854957556,17.87,237,2005,rural
FedEx,31832,0.0,0.1,2530.947149940317,4547.708372184966,44.34675790953779,159.3824695169613,29.81,182,1068,rural
GLS,30159,0.0,0.1,5184.691127653092,4840.335510593373,-7.114292311061392,6.211813374113814,11.0,208,3332,urban
GLS,30161,0.0,0.1,2929.857162862246,3003.1123197883485,2.439307928757907,1.7979843382791898,12.21,80,1649,urban
GLS,30163,0.0,0.1,4440.551387520416,4530.9209569497225,1.9945077455101863,6.17992293720077,13.11,162,2801,urban
GLS,30165,0.0,0.1,2385.7762308686506,2518.402065806431,5.2662693037980635,4.951012974183712,14.79,86,1358,urban
GLS,30167,0.0,0.1,3389.5271460078607,3486.1823236641876,2.772522165585893,5.368928981069905,13.23,133,2147,urban
GLS,30173,0.0,0.1,2394.5436230904434,2554.876072428404,6.2755470243049745,4.775461708125837,9.02,83,1424,urban
GLS,30179,0.0,0.1,1821.5962851606196,2012.9451781141186,9.505916754909803,8.305970462175056,15.58,89,1034,suburban
GLS,30419,0.0,0.1,4548.793939994523,5101.804856969734,10.839515278984573,23.77191867081394,17.6,248,2617,suburban
GLS,30449,0.0,0.1,3243.844533669505,3412.5020081467483,4.942340666015824,5.186686836161483,10.84,150,1981,urban
GLS,30453,0.0,0.1,2475.3928776511025,3168.728615727752,21.88056543041675,9.157258958740025,13.29,125,1373,suburban
GLS,30455,0.0,0.1,2252.3508639573984,2732.89498767275,17.583702479712493,6.967819653017212,13.26,149,1201,suburban
GLS,30457,0.0,0.1,2134.5044062613206,2344.3788154149365,8.952239619878574,6.068989648841514,10.08,128,1189,suburban
GLS,30459,0.0,0.1,2061.269343590478,2084.898287419,1.1333379652670514,7.274391190340525,9.13,113,1169,urban
GLS,30519,0.0,0.1,3475.6728094504797,3551.9496596439303,2.1474642802538226,13.714884737746765,6.3,224,2084,urban
GLS,30539,0.0,0.1,2343.0890821641597,2580.3663075652257,9.19548611006921,19.21423828970633,5.29,145,1310,rural
GLS,30559,0.0,0.1,3513.7376161004495,3658.07773972127,3.9457915848398204,19.484913733542943,8.92,208,2040,suburban
GLS,30625,0.0,0.1,2030.6912750795937,2259.1204653397162,10.111421403363385,8.86389555258122,10.34,105,1185,urban
GLS,30627,0.0,0.1,1433.0671062822857,1778.1322716706136,19.406045932911834,3.390385523567528,11.43,78,774,suburban
GLS,30629,0.0,0.1,1940.0126295676837,2143.7517893568083,9.503859579296384,14.669809711755615,12.94,116,1080,suburban
GLS,30655,0.0,0.1,2399.566074638101,2960.5284409044616,18.94804854821739,4.462508901721823,13.05,124,1383,suburban
GLS,30657,0.0,0.1,2438.080688039749,2873.29432340711,15.146851884330841,12.670949194485749,16.66,127,1325,rural
GLS,30659,0.0,0.1,2186.9787197148935,2313.189380462103,5.4561317725743965,11.3882150903338,14.84,124,1138,suburban
GLS,30823,0.0,0.1,3211.5964106544952,4081.0154973189988,21.303988853648406,12.528872220645557,21.76,209,1687,suburban
GLS,30826,0.0,0.1,3126.184728624639,4802.849009920454,34.90978537598425,56.38950461206911,26.25,214,1480,rural
GLS,30827,0.0,0.1,2559.7297578379266,3413.7429042160657,25.016914581452795,10.610683695060027,22.43,133,1331,suburban
GLS,30851,0.0,0.1,1938.8609015509096,2060.2946146334557,5.893997500165781,4.12190647126244,17.37,95,1137,suburban
GLS,30853,0.0,0.1,2025.0800570964198,2481.088173620477,18.37935956377708,8.711379660258004,18.94,117,1083,suburban
GLS,30855,0.0,0.1,8579.815999246048,8370.230959567252,-2.5039337706594327,58.08159729436245,22.3,262,5111,suburban
GLS,30880,0.0,0.1,4508.651452501168,4450.294123718125,-1.3113139752274816,33.96099660372796,1.58,305,2630,suburban
GLS,30890,0.0,0.1,5262.432341215926,6293.752660817818,16.386413244715612,102.53407734275534,23.44,436,2471,rural
GLS,30900,0.0,0.1,5721.491097666596,7176.610893793414,20.27586304540012,173.55971997363926,31.36,490,2487,rural
GLS,30916,0.0,0.1,4488.52397187039,5182.054562818042,13.383313173192539,59.876286869182046,19.31,308,2276,suburban
GLS,30926,0.0,0.1,4686.33890543493,5707.156100114085,17.886617726449593,53.8021301528445,20.06,381,2421,rural
GLS,30938,0.0,0.1,4611.859787940088,5298.987880460923,12.96715727647724,153.22446344831192,28.43,321,1873,rural
GLS,30952,0.0,0.1,3305.3289106657558,4052.359581403284,18.434461595306914,37.755537878390655,11.4,259,1710,suburban
GLS,30966,0.0,0.1,3077.570989427316,3510.9395596477075,12.343378826603223,31.83238567652256,6.33,220,1619,rural
GLS,30974,0.0,0.1,2447.536171043031,3101.933528043918,21.096433920476386,53.82702268136371,16.59,214,1120,rural
GLS,30982,0.0,0.1,2386.647671549595,2386.647671549595,0.0,66.6831619829418,6.34,209,1154,rural
GLS,30989,0.0,0.1,2515.7354184802307,3148.477695946504,20.096768615540615,43.13135688268341,16.28,231,1172,rural
GLS,31275,0.0,0.1,6041.149133259669,6805.937726269975,11.237078912114178,129.47251256919432,17.38,507,3227,suburban
GLS,31303,0.0,0.1,4554.649605503217,5596.886925837495,18.62173265503881,112.90680951768702,24.81,407,2208,rural
GLS,31311,0.0,0.1,3587.717178066111,4871.049261225609,26.346111778729945,139.34872865781722,30.96,326,1483,rural
GLS,31319,0.0,0.1,3949.352635892987,4437.068207504176,10.991843009903286,101.18549289373648,11.04,357,1985,rural
GLS,31515,0.0,0.1,6402.061889240977,8050.858133283889,20.47975776925509,125.1818077488354,33.59,472,3284,rural
GLS,31535,0.0,0.1,8984.270316035923,10569.427946070218,14.9975726039522,357.6158854957556,38.52,705,3227,rural
GLS,31832,0.0,0.1,4294.802797204955,5153.98445539914,16.67024155057618,159.3824695169613,16.88,440,2069,rural
Hermes,30159,0.0,0.1,6396.2333329035455,6103.311963748475,-4.799383857402672,6.211813374113814,9.13,207,4412,urban
Hermes,30161,0.0,0.1,3063.588342261532,3205.3444612983394,4.422492519864415,1.7979843382791898,7.9,80,2187,urban
Hermes,30163,0.0,0.1,3262.9676192002025,3151.45637345559,-3.5384035991696066,2.603733329707664,6.63,93,2318,urban
Hermes,30165,0.0,0.1,3014.285369205159,3165.918762514473,4.789554144746347,4.951012974183712,5.34,89,1888,urban
Hermes,30167,0.0,0.1,4161.721706642772,4309.333549458941,3.4253984084082423,5.368928981069905,7.27,135,2918,urban
Hermes,30173,0.0,0.1,2981.8816240488964,3377.006730770633,11.700453633137094,4.775461708125837,11.08,82,1982,urban
Hermes,30177,0.0,0.1,2763.092922970881,2975.551858278056,7.14015232892377,3.576189607493106,7.86,76,1604,urban
Hermes,30179,0.0,0.1,2600.7449503597895,2972.7332058248016,12.513341417121953,8.305970462175056,5.02,88,1492,suburban
Hermes,30419,0.0,0.1,5773.2216328327,5546.714589306118,-4.0836253583928865,23.77191867081394,4.3,253,3791,suburban
Hermes,30449,0.0,0.1,4055.505958533089,4264.762288981972,4.90663526521742,5.186686836161483,9.65,147,2752,urban
Hermes,30453,0.0,0.1,3062.752538706679,3456.6569376644593,11.395530596794705,9.157258958740025,8.55,127,1923,suburban
Hermes,30455,0.0,0.1,2900.6537628513797,3386.0721023475717,14.335735472367828,6.967819653017212,9.92,152,1769,suburban
Hermes,30457,0.0,0.1,2902.820770223595,3390.4448760059295,14.382304494411185,6.068989648841514,13.07,130,1718,suburban
Hermes,30459,0.0,0.1,3009.8744342454797,3359.004573372854,10.393857212787433,7.274391190340525,11.99,121,1718,urban
Hermes,30519,0.0,0.1,4814.329444934431,5162.317584328793,6.740928540521149,13.714884737746765,13.8,229,2920,urban
Hermes,30539,0.0,0.1,3260.1954323794835,3748.1337976976,13.018168284650004,19.21423828970633,16.65,149,1846,rural
Hermes,30559,0.0,0.1,4652.508099667068,5370.925287647466,13.376041361675206,19.484913733542943,14.22,216,2928,suburban
Hermes,30625,0.0,0.1,2889.071292289006,3247.4589705680532,11.03594168631966,8.86389555258122,10.86,112,1721,urban
Hermes,30627,0.0,0.1,1824.5951835936914,1976.5200916772521,7.686484378443073,3.390385523567528,11.3,80,1110,suburban
Hermes,30629,0.0,0.1,2732.1125369618685,3288.097282907375,16.909011446702028,14.669809711755615,13.03,120,1544,suburban
Hermes,30655,0.0,0.1,3076.329693826112,3426.8003677575816,10.227344353905552,4.462508901721823,9.19,134,1982,suburban
Hermes,30657,0.0,0.1,2867.2114536950735,3245.628188162223,11.659275570977249,12.670949194485749,6.89,133,1834,rural
Hermes,30659,0.0,0.1,2573.6635967129187,3215.6998845024846,19.96567810583786,11.3882150903338,10.33,126,1587,suburban
Hermes,30823,0.0,0.1,3614.3549931019215,3936.6042296322357,8.185969879944453,12.528872220645557,8.05,216,2384,suburban
Hermes,30826,0.0,0.1,3788.7891349534843,4191.43021519428,9.606293307262726,56.38950461206911,9.0,221,2156,rural
Hermes,30827,0.0,0.1,3115.758447629361,3247.3865843141566,4.053355929983782,10.610683695060027,5.18,139,1865,suburban
Hermes,30851,0.0,0.1,2476.2708048640943,2857.2114343496014,13.332602022580879,4.12190647126244,3.44,95,1650,suburban
Hermes,30853,0.0,0.1,2314.315183202497,2627.454020793578,11.91795689336184,8.711379660258004,3.75,121,1477,suburban
Hermes,30855,0.0,0.1,8658.56494813409,8658.56494813409,0.0,58.08159729436245,2.52,261,7102,suburban
Hermes,30880,0.0,0.1,5920.404615938534,6718.354835871605,11.877166946773047,33.96099660372796,20.27,312,3668,suburban
Hermes,30890,0.0,0.1,6244.610642908716,7568.635969962485,17.493579190601928,102.53407734275534,19.74,454,3618,rural
Hermes,30900,0.0,0.1,7696.514876914835,7696.514876914835,0.0,173.55971997363926,12.32,527,3644,rural
Hermes,30916,0.0,0.1,5459.733618778114,5798.014253899346,5.834422274724967,59.876286869182046,10.8,310,3232,suburban
Hermes,30926,0.0,0.1,5573.581910598467,5981.497888198291,6.819629217033681,53.8021301528445,10.52,393,3537,rural
Hermes,30938,0.0,0.1,6007.684029332934,6007.684029332934,0.0,153.22446344831192,16.57,334,2656,rural
Hermes,30952,0.0,0.1,4241.393332920926,5277.6182452376,19.634328671872755,37.755537878390655,15.6,274,2488,suburban
Hermes,30966,0.0,0.1,3896.906526925859,4601.173469262583,15.30624626612035,31.83238567652256,16.87,229,2313,rural
Hermes,30974,0.0,0.1,3209.936942869683,4626.2307003590395,30.614421312353453,53.82702268136371,22.19,228,1616,rural
Hermes,30982,0.0,0.1,3299.8069744196014,4596.833861562218,28.215657258968815,66.6831619829418,23.78,220,1680,rural
Hermes,30989,0.0,0.1,3086.68186603694,4185.515150068637,26.253238720535457,43.13135688268341,15.58,242,1681,rural
Hermes,31275,0.0,0.1,8905.801740031307,9418.194923082388,5.440460589696363,129.47251256919432,23.26,528,4698,suburban
Hermes,31303,0.0,0.1,6501.992222029579,6888.21710469868,5.607037014057578,112.90680951768702,22.27,425,3161,rural
Hermes,31311,0.0,0.1,4258.8826176422735,6231.959144058387,31.660613954718634,139.34872865781722,32.49,345,2196,rural
Hermes,31319,0.0,0.1,5493.66239341185,6653.523191455497,17.432280081824153,101.18549289373648,23.57,378,2907,rural
Hermes,31515,0.0,0.1,8780.264046204398,9098.73098096226,3.5001247473324204,125.1818077488354,20.37,503,4758,rural
Hermes,31535,0.0,0.1,11828.260970846719,11828.260970846719,0.0,357.6158854957556,19.5,777,4780,rural
Hermes,31832,0.0,0.1,6333.415921569585,8226.290929342216,23.010066432503223,159.3824695169613,28.44,458,3015,rural
UPS,30159,0.0,0.1,14435.928087097836,14124.871351764605,-2.2021916347887425,10.98727508223965,10.54,282,11805,urban
UPS,30161,0.0,0.1,6059.041589789272,5917.055804797465,-2.3996019249419125,1.7979843382791898,8.59,80,4726,urban
UPS,30163,0.0,0.1,6504.720392897118,6504.720392897118,0.0,14.485893399375826,6.02,215,5283,urban
UPS,30165,0.0,0.1,3758.0655613182107,3773.2492250252108,0.40240288413227204,4.951012974183712,6.57,77,2701,urban
UPS,30167,0.0,0.1,5958.666980527788,6006.644999548211,0.7987490358433285,5.368928981069905,8.81,137,4551,urban
UPS,30419,0.0,0.1,3105.6274978708634,3598.2785262855646,13.691297791870925,23.77191867081394,7.09,153,2053,suburban
UPS,30449,0.0,0.1,6502.986249606843,6798.755020154903,4.350337226025266,12.46107802650201,12.33,209,4685,urban
UPS,30453,0.0,0.1,3033.37764718863,3375.021836857729,10.122725309154813,9.157258958740025,10.59,118,1821,suburban
UPS,30455,0.0,0.1,1447.2757860388865,1985.0500139571805,27.091218061868656,6.967819653017212,12.14,99,812,suburban
UPS,30457,0.0,0.1,2039.858103434486,2069.491599260607,1.4319215326463965,6.068989648841514,14.87,93,1021,suburban
UPS,30519,0.0,0.1,4789.3457497751215,4937.054841641878,2.991846284973288,13.714884737746765,14.32,178,3064,urban
UPS,30539,0.0,0.1,4172.998847025508,4533.06046911727,7.943013876492081,19.21423828970633,16.42,96,2701,rural
UPS,30559,0.0,0.1,4772.2794174406445,5027.435680366569,5.075276525612753,19.484913733542943,13.47,141,3087,suburban
UPS,30625,0.0,0.1,3850.8087465519743,4315.013444156701,10.75789690141852,12.254281076148748,10.42,148,2727,urban
UPS,30655,0.0,0.1,1868.481620774663,2121.9137816651596,11.943565430430313,4.462508901721823,8.22,93,1218,suburban
UPS,30657,0.0,0.1,4989.081308317187,4786.350272484361,-4.235608016368558,12.670949194485749,5.0,96,3745,rural
UPS,30659,0.0,0.1,3581.7138468370445,3729.581575766453,3.9647270323889066,26.058024802089417,10.16,158,2385,suburban
UPS,30823,0.0,0.1,2196.39999142805,2901.0492307771306,24.28946161524877,12.528872220645557,11.23,141,1337,suburban
UPS,30826,0.0,0.1,2114.8611229644434,2179.7117952412614,2.975194813295945,56.38950461206911,11.69,77,1105,rural
UPS,30827,0.0,0.1,3040.849581730396,3291.825156956803,7.6242073396883105,10.610683695060027,8.21,92,2105,suburban
UPS,30853,0.0,0.1,4799.745072643172,4885.572256538386,1.756747815577821,12.833286131520444,2.1,167,3668,suburban
UPS,30855,0.0,0.1,12372.313669298126,12372.313669298126,0.0,59.06346106841505,2.73,226,11475,suburban
UPS,30880,0.0,0.1,6523.349067836871,7164.597554373629,8.950237353461782,33.96099660372796,20.44,221,4190,suburban
UPS,30890,0.0,0.1,3328.038875466283,4686.02421265492,28.979477603237886,102.53407734275534,22.83,246,1795,rural
UPS,30900,0.0,0.1,3748.5771687975266,5252.628048739307,28.63425443388801,173.55971997363926,10.9,296,2208,rural
UPS,30916,0.0,0.1,6181.1546983282715,6109.051569407693,-1.1802671511507516,59.876286869182046,7.96,236,4019,suburban
UPS,30926,0.0,0.1,2823.7886439636827,3963.3498677038015,28.752476106792276,53.8021301528445,13.64,194,1634,rural
UPS,30938,0.0,0.1,5694.301394750331,6063.945568650633,6.095769985325834,153.22446344831192,13.43,195,3590,rural
UPS,30952,0.0,0.1,2371.165585387103,3731.55368849277,36.456345444011234,37.755537878390655,17.72,163,1329,suburban
UPS,30966,0.0,0.1,2400.110086956382,3533.856164661857,32.08240587273475,31.83238567652256,18.2,136,1386,rural
UPS,30974,0.0,0.1,2214.4929342399105,3208.8293030723075,30.987512108555144,53.82702268136371,24.68,134,1072,rural
UPS,30982,0.0,0.1,2136.0863982333517,3007.173952156455,28.966982548463594,66.6831619829418,24.88,141,878,rural
UPS,30989,0.0,0.1,2262.1735646184848,3364.1454124269208,32.7563678947357,43.13135688268341,18.29,160,1191,rural
UPS,31275,0.0,0.1,5120.289482744588,6734.00020753597,23.96362748824228,129.47251256919432,21.19,339,2904,suburban
UPS,31303,0.0,0.1,3441.1646129687083,4633.075702530725,25.726130244557822,112.90680951768702,19.35,259,1804,rural
UPS,31311,0.0,0.1,2369.3157002435914,3968.942591958489,40.30360365896741,139.34872865781722,29.65,195,1062,rural
UPS,31319,0.0,0.1,2230.976491802604,3441.882252785476,35.18149872799686,101.18549289373648,22.42,153,1055,rural
UPS,31515,0.0,0.1,5373.879844796096,6718.456041625136,20.013172498242596,125.1818077488354,23.29,321,3281,rural
UPS,31535,0.0,0.1,5177.637098849527,8009.28273019456,35.35454705163401,357.6158854957556,20.99,322,2571,rural
UPS,31832,0.0,0.1,3448.639656972443,5227.687081644636,34.03125315053293,159.3824695169613,30.54,251,1605,rural
DHL,30159,0.4,0.1,21973.50194568585,21973.50194568585,0.0,6.211813374113814,2.18,221,23058,urban
DHL,30161,0.4,0.1,10909.00812046849,10909.00812046849,0.0,1.7979843382791898,1.04,84,11554,urban
DHL,30163,0.4,0.1,9914.04927442146,9914.04927442146,0.0,2.603733329707664,1.7,95,10484,urban
DHL,30165,0.4,0.1,8565.397376626115,8565.397376626115,0.0,4.951012974183712,1.88,94,8599,urban
DHL,30167,0.4,0.1,13540.33589751315,13540.33589751315,0.0,5.368928981069905,1.39,142,13892,urban
DHL,30169,0.4,0.1,5441.748523674446,5441.748523674446,0.0,2.9960433745102675,2.4,76,5294,urban
DHL,30173,0.4,0.1,8900.020227394843,8900.020227394843,0.0,4.775461708125837,3.83,88,8547,urban
DHL,30177,0.4,0.1,6717.193405547422,6717.193405547422,0.0,3.576189607493106,2.83,80,6260,urban
DHL,30179,0.4,0.1,7015.019470078845,7015.019470078845,0.0,8.305970462175056,3.55,96,6322,suburban
DHL,30419,0.4,0.1,15260.397562746597,15260.397562746597,0.0,23.77191867081394,5.16,274,14775,suburban
DHL,30449,0.4,0.1,7432.014762814106,7432.014762814106,0.0,2.190643461651216,1.56,91,7431,urban
DHL,30453,0.4,0.1,8728.871611104647,8728.871611104647,0.0,9.157258958740025,2.98,148,8150,suburban
DHL,30455,0.4,0.1,7560.480077937329,7560.480077937329,0.0,6.967819653017212,3.04,160,6748,suburban
DHL,30457,0.4,0.1,7333.849598031452,7333.849598031452,0.0,6.068989648841514,2.4,139,6736,suburban
DHL,30459,0.4,0.1,6748.368740605874,6748.368740605874,0.0,7.274391190340525,1.24,125,6561,urban
DHL,30519,0.4,0.1,13335.327593044716,13335.327593044716,0.0,13.714884737746765,5.03,248,12645,urban
DHL,30539,0.4,0.1,9296.282509988963,9296.282509988963,0.0,19.21423828970633,3.99,164,8372,rural
DHL,30559,0.4,0.1,12462.482929522981,12462.482929522981,0.0,19.484913733542943,1.93,224,12320,suburban
DHL,30625,0.4,0.1,8084.182917612831,8084.182917612831,0.0,8.86389555258122,4.99,117,7084,urban
DHL,30627,0.4,0.1,5566.459185356654,5566.459185356654,0.0,3.390385523567528,4.61,82,4809,suburban
DHL,30629,0.4,0.1,6830.019894903581,6830.019894903581,0.0,14.669809711755615,4.28,124,5907,suburban
DHL,30655,0.4,0.1,8770.048460462032,8770.048460462032,0.0,4.462508901721823,5.25,139,7945,suburban
DHL,30657,0.4,0.1,9997.913539537092,9997.913539537092,0.0,12.670949194485749,6.56,140,9056,rural
DHL,30659,0.4,0.1,7841.281218861646,7841.281218861646,0.0,11.3882150903338,7.01,131,6829,suburban
DHL,30823,0.4,0.1,10202.29191336214,10202.29191336214,0.0,12.528872220645557,3.26,227,9437,suburban
DHL,30826,0.4,0.1,9289.171862330428,9289.171862330428,0.0,56.38950461206911,1.44,239,8281,rural
DHL,30827,0.4,0.1,8499.259441991915,8499.259441991915,0.0,10.610683695060027,3.25,153,8048,suburban
DHL,30851,0.4,0.1,7091.396611882496,7091.396611882496,0.0,4.12190647126244,5.02,97,6654,suburban
DHL,30853,0.4,0.1,8087.121413003322,8087.121413003322,0.0,8.711379660258004,6.98,132,7164,suburban
DHL,30855,0.4,0.1,33181.974645551454,33181.974645551454,0.0,59.06346106841505,5.9,278,32854,suburban
DHL,30880,0.4,0.1,17626.17972557684,17626.17972557684,0.0,33.96099660372796,5.11,360,16161,suburban
DHL,30890,0.4,0.1,16098.044263724361,16098.044263724361,0.0,102.53407734275534,4.73,504,13989,rural
DHL,30900,0.4,0.1,17593.529073393336,17593.529073393336,0.0,173.55971997363926,4.94,590,14609,rural
DHL,30916,0.4,0.1,17062.590954336305,17062.590954336305,0.0,59.876286869182046,11.0,355,14499,suburban
DHL,30926,0.4,0.1,14775.4174568136,14775.4174568136,0.0,53.8021301528445,0.37,429,13519,rural
DHL,30938,0.4,0.1,14888.20103197316,14888.20103197316,0.0,153.22446344831192,10.53,355,12030,rural
DHL,30952,0.4,0.1,11029.332668750209,11029.332668750209,0.0,37.755537878390655,5.68,286,9709,suburban
DHL,30966,0.4,0.1,10564.896592403224,10564.896592403224,0.0,31.83238567652256,5.52,237,9182,rural
DHL,30974,0.4,0.1,7602.589230059956,7602.589230059956,0.0,53.82702268136371,1.4,244,6515,rural
DHL,30982,0.4,0.1,8026.683955967339,8026.683955967339,0.0,66.6831619829418,2.77,239,6551,rural
DHL,30989,0.4,0.1,8197.588934134921,8197.588934134921,0.0,43.13135688268341,5.72,271,6841,rural
DHL,31275,0.4,0.1,20490.51279819747,20490.51279819747,0.0,129.47251256919432,2.93,571,18743,suburban
DHL,31303,0.4,0.1,14494.326252546625,14494.326252546625,0.0,112.90680951768702,1.84,468,12605,rural
DHL,31311,0.4,0.1,10485.698502104207,10485.698502104207,0.0,139.34872865781722,3.81,380,8577,rural
DHL,31319,0.4,0.1,12204.762656945873,12204.762656945873,0.0,101.18549289373648,0.58,411,10967,rural
DHL,31515,0.4,0.1,21088.897809861297,21088.897809861297,0.0,125.1818077488354,5.28,537,19286,rural
DHL,31535,0.4,0.1,22512.716761824166,22512.716761824166,0.0,357.6158854957556,5.5,880,18533,rural
DHL,31832,0.4,0.1,14457.781202836444,14457.781202836444,0.0,159.3824695169613,4.65,515,11902,rural
Amazon,30159,0.4,0.1,11555.196270293998,11555.196270293998,0.0,6.211813374113814,13.81,221,9019,urban
Amazon,30161,0.4,0.1,6224.7449789257325,6224.7449789257325,0.0,1.7979843382791898,12.74,83,4512,urban
Amazon,30163,0.4,0.1,5889.0064831046275,5889.0064831046275,0.0,2.603733329707664,12.41,93,4469,urban
Amazon,30165,0.4,0.1,4750.233821598029,4750.233821598029,0.0,4.951012974183712,10.52,92,3574,urban
Amazon,30167,0.4,0.1,7175.254343343608,7175.254343343608,0.0,5.368928981069905,10.65,139,5730,urban
Amazon,30173,0.4,0.1,5164.654397653723,5164.654397653723,0.0,4.775461708125837,15.11,87,3759,urban
Amazon,30177,0.4,0.1,4343.242376782357,4343.242376782357,0.0,3.576189607493106,13.99,79,2906,urban
Amazon,30179,0.4,0.1,4390.652005410074,4390.652005410074,0.0,8.305970462175056,12.08,95,2781,suburban
Amazon,30419,0.4,0.1,8519.368501277868,8519.368501277868,0.0,23.77191867081394,6.74,265,6859,suburban
Amazon,30449,0.4,0.1,7005.60345798299,7005.60345798299,0.0,5.186686836161483,12.61,159,5275,urban
Amazon,30453,0.4,0.1,4970.930164967193,4970.930164967193,0.0,9.157258958740025,9.82,139,3593,suburban
Amazon,30455,0.4,0.1,4820.378887430032,4820.378887430032,0.0,6.967819653017212,9.84,158,3165,suburban
Amazon,30457,0.4,0.1,4934.7989617734975,4934.7989617734975,0.0,6.068989648841514,13.37,135,3134,suburban
Amazon,30459,0.4,0.1,4858.408897775894,4858.408897775894,0.0,7.274391190340525,13.92,124,3087,urban
Amazon,30519,0.4,0.1,8140.269152347262,8140.269152347262,0.0,13.714884737746765,17.38,242,5508,urban
Amazon,30539,0.4,0.1,5821.859629336905,5821.859629336905,0.0,19.21423828970633,21.37,157,3516,rural
Amazon,30559,0.4,0.1,8252.52270516162,8252.52270516162,0.0,19.484913733542943,20.15,222,5369,suburban
Amazon,30625,0.4,0.1,4932.584335545381,4932.584335545381,0.0,8.86389555258122,16.66,114,3180,urban
Amazon,30627,0.4,0.1,3472.360903435115,3472.360903435115,0.0,3.390385523567528,17.89,79,2090,suburban
Amazon,30629,0.4,0.1,4629.145185289602,4629.145185289602,0.0,14.669809711755615,20.32,122,2757,suburban
Amazon,30655,0.4,0.1,5061.237427944449,5061.237427944449,0.0,4.462508901721823,16.14,137,3642,suburban
Amazon,30657,0.4,0.1,5227.080664344542,5227.080664344542,0.0,12.670949194485749,15.05,138,3559,rural
Amazon,30659,0.4,0.1,4975.003626465991,4975.003626465991,0.0,11.3882150903338,18.11,130,3002,suburban
Amazon,30823,0.4,0.1,5705.037154540299,5705.037154540299,0.0,12.528872220645557,1.29,222,4370,suburban
Amazon,30826,0.4,0.1,5673.254342811335,5673.254342811335,0.0,56.38950461206911,3.98,233,3852,rural
Amazon,30827,0.4,0.1,4536.061456785562,4536.061456785562,0.0,10.610683695060027,3.78,150,3498,suburban
Amazon,30851,0.4,0.1,4490.007090916008,4490.007090916008,0.0,4.12190647126244,11.33,96,3032,suburban
Amazon,30853,0.4,0.1,4319.068900643669,4319.068900643669,0.0,8.711379660258004,12.37,128,2911,suburban
Amazon,30855,0.4,0.1,16244.345238115564,16244.345238115564,0.0,59.06346106841505,9.96,271,13592,suburban
Amazon,30880,0.4,0.1,11278.054808972109,11278.054808972109,0.0,33.96099660372796,23.78,345,6971,suburban
Amazon,30890,0.4,0.1,10080.548522471709,10080.548522471709,0.0,102.53407734275534,12.55,490,6502,rural
Amazon,30900,0.4,0.1,12085.38072969665,12085.38072969665,0.0,173.55971997363926,17.55,570,6667,rural
Amazon,30916,0.4,0.1,9904.82527723206,9904.82527723206,0.0,59.876286869182046,19.41,344,6164,suburban
Amazon,30926,0.4,0.1,8752.96361616949,8752.96361616949,0.0,53.8021301528445,4.34,415,6338,rural
Amazon,30938,0.4,0.1,9384.90809448861,9384.90809448861,0.0,153.22446344831192,24.95,346,5072,rural
Amazon,30952,0.4,0.1,7076.623355325187,7076.623355325187,0.0,37.755537878390655,14.14,275,4476,suburban
Amazon,30966,0.4,0.1,6955.194722247112,6955.194722247112,0.0,31.83238567652256,17.79,233,4221,rural
Amazon,30974,0.4,0.1,5436.138154721389,5436.138154721389,0.0,53.82702268136371,18.26,240,2971,rural
Amazon,30982,0.4,0.1,6084.06789519755,6084.06789519755,0.0,66.6831619829418,24.57,233,3044,rural
Amazon,30989,0.4,0.1,5499.955907320829,5499.955907320829,0.0,43.13135688268341,11.39,265,3112,rural
Amazon,31275,0.4,0.1,14129.512676709497,14129.512676709497,0.0,129.47251256919432,30.8,550,8588,suburban
Amazon,31303,0.4,0.1,10291.231205914351,10291.231205914351,0.0,112.90680951768702,30.88,449,5793,rural
Amazon,31311,0.4,0.1,8790.113460938559,8790.113460938559,0.0,139.34872865781722,40.99,367,3965,rural
Amazon,31319,0.4,0.1,9320.815628099372,9320.815628099372,0.0,101.18549289373648,29.57,396,5228,rural
Amazon,31515,0.4,0.1,12450.58174407703,12450.58174407703,0.0,125.1818077488354,12.09,525,8733,rural
Amazon,31535,0.4,0.1,15851.91067139521,15851.91067139521,0.0,357.6158854957556,16.13,834,8625,rural
Amazon,31832,0.4,0.1,11355.500473785536,11355.500473785536,0.0,159.3824695169613,25.63,491,5466,rural
DPD,30159,0.4,0.1,6656.069904499083,6656.069904499083,0.0,6.211813374113814,13.32,219,4783,urban
DPD,30161,0.4,0.1,3438.6384541878197,3438.6384541878197,0.0,1.7979843382791898,14.05,84,2359,urban
DPD,30163,0.4,0.1,3176.704105051865,3176.704105051865,0.0,2.603733329707664,14.01,92,2106,urban
DPD,30165,0.4,0.1,3109.5847921201566,3109.5847921201566,0.0,4.951012974183712,15.88,91,1757,urban
DPD,30167,0.4,0.1,4548.61275587726,4548.61275587726,0.0,5.368928981069905,16.37,138,2824,urban
DPD,30173,0.4,0.1,3042.0725720869623,3042.0725720869623,0.0,4.775461708125837,13.13,86,1708,urban
DPD,30177,0.4,0.1,2301.8161532682093,2301.8161532682093,0.0,3.576189607493106,12.44,75,1250,urban
DPD,30179,0.4,0.1,2402.9493976963904,2402.9493976963904,0.0,8.305970462175056,14.42,89,1256,suburban
DPD,30419,0.4,0.1,5350.888005691542,5350.888005691542,0.0,23.77191867081394,19.64,257,2858,suburban
DPD,30449,0.4,0.1,4115.648431001423,4115.648431001423,0.0,5.186686836161483,15.53,161,2554,urban
DPD,30453,0.4,0.1,3546.158276962033,3546.158276962033,0.0,9.157258958740025,18.23,137,1619,suburban
DPD,30455,0.4,0.1,3189.32194545774,3189.32194545774,0.0,6.967819653017212,19.47,151,1318,suburban
DPD,30457,0.4,0.1,3071.8681502213976,3071.8681502213976,0.0,6.068989648841514,18.69,130,1335,suburban
DPD,30459,0.4,0.1,2692.648089162524,2692.648089162524,0.0,7.274391190340525,16.25,119,1284,urban
DPD,30519,0.4,0.1,4359.743796141659,4359.743796141659,0.0,12.113461405690837,12.99,227,2540,urban
DPD,30539,0.4,0.1,3283.465182476126,3283.465182476126,0.0,19.21423828970633,9.52,156,1695,rural
DPD,30559,0.4,0.1,3964.267070732265,3964.267070732265,0.0,19.484913733542943,7.42,213,2467,suburban
DPD,30625,0.4,0.1,2879.61806243138,2879.61806243138,0.0,8.86389555258122,10.22,108,1405,urban
DPD,30627,0.4,0.1,1734.323815852828,1734.323815852828,0.0,3.390385523567528,8.59,77,971,suburban
DPD,30629,0.4,0.1,2209.7242260325893,2209.7242260325893,0.0,14.669809711755615,6.08,121,1173,suburban
DPD,30655,0.4,0.1,2902.8311877698657,2902.8311877698657,0.0,4.462508901721823,10.23,132,1537,suburban
DPD,30657,0.4,0.1,3254.827165454566,3254.827165454566,0.0,12.670949194485749,12.26,136,1866,rural
DPD,30659,0.4,0.1,2732.1680399331904,2732.1680399331904,0.0,11.3882150903338,8.73,122,1368,suburban
DPD,30823,0.4,0.1,4031.85332034608,4031.85332034608,0.0,12.528872220645557,25.25,211,1867,suburban
DPD,30826,0.4,0.1,4659.6772590054525,4659.6772590054525,0.0,56.38950461206911,27.87,212,1639,rural
DPD,30827,0.4,0.1,3693.9834286058103,3693.9834286058103,0.0,10.610683695060027,23.76,145,1601,suburban
DPD,30851,0.4,0.1,2392.8715311930196,2392.8715311930196,0.0,4.12190647126244,15.63,96,1281,suburban
DPD,30853,0.4,0.1,3054.623065805542,3054.623065805542,0.0,8.711379660258004,15.68,120,1470,suburban
DPD,30855,0.4,0.1,9651.557570967712,9651.557570967712,0.0,59.06346106841505,19.88,265,6668,suburban
DPD,30880,0.4,0.1,5651.747006229777,5651.747006229777,0.0,33.96099660372796,12.89,328,3235,suburban
DPD,30890,0.4,0.1,6923.102121964851,6923.102121964851,0.0,102.53407734275534,32.64,451,2726,rural
DPD,30900,0.4,0.1,7912.531093330155,7912.531093330155,0.0,173.55971997363926,25.52,515,2839,rural
DPD,30916,0.4,0.1,5505.336403799816,5505.336403799816,0.0,59.876286869182046,10.68,308,2914,suburban
DPD,30926,0.4,0.1,6146.851473398595,6146.851473398595,0.0,53.8021301528445,25.6,384,2637,rural
DPD,30938,0.4,0.1,5614.10632319326,5614.10632319326,0.0,153.22446344831192,17.56,317,2412,rural
DPD,30952,0.4,0.1,4651.5791758270425,4651.5791758270425,0.0,37.755537878390655,21.73,266,1895,suburban
DPD,30966,0.4,0.1,4054.5734078226283,4054.5734078226283,0.0,31.83238567652256,17.93,217,1807,rural
DPD,30974,0.4,0.1,4049.5746175540357,4049.5746175540357,0.0,53.82702268136371,28.84,224,1280,rural
DPD,30982,0.4,0.1,3635.1428609264503,3635.1428609264503,0.0,66.6831619829418,20.59,218,1278,rural
DPD,30989,0.4,0.1,4189.963023652114,4189.963023652114,0.0,43.13135688268341,25.63,242,1356,rural
DPD,31275,0.4,0.1,6310.744546848563,6310.744546848563,0.0,129.47251256919432,4.47,516,3643,suburban
DPD,31303,0.4,0.1,5298.7418231419815,5298.7418231419815,0.0,112.90680951768702,10.77,417,2491,rural
DPD,31311,0.4,0.1,4503.622414154428,4503.622414154428,0.0,139.34872865781722,17.19,336,1650,rural
DPD,31319,0.4,0.1,4393.641206526262,4393.641206526262,0.0,101.18549289373648,7.08,368,2115,rural
DPD,31515,0.4,0.1,8672.940895409381,8672.940895409381,0.0,125.1818077488354,38.45,488,3812,rural
DPD,31535,0.4,0.1,10736.90548199021,10736.90548199021,0.0,357.6158854957556,38.17,720,3582,rural
DPD,31832,0.4,0.1,6479.205569246742,6479.205569246742,0.0,159.3824695169613,30.86,456,2309,rural
FedEx,30159,0.4,0.1,12214.299279183924,12214.299279183924,0.0,10.98727508223965,11.75,273,9864,urban
FedEx,30161,0.4,0.1,5224.187237195072,5224.187237195072,0.0,1.7979843382791898,9.67,80,3810,urban
FedEx,30163,0.4,0.1,8257.65060106912,8257.65060106912,0.0,19.436906373559538,7.51,263,6210,urban
FedEx,30167,0.4,0.1,5175.6698343295675,5175.6698343295675,0.0,5.368928981069905,8.96,132,3775,urban
FedEx,30419,0.4,0.1,3306.0595520416546,3306.0595520416546,0.0,23.77191867081394,5.53,136,1709,suburban
FedEx,30449,0.4,0.1,5430.5021475969215,5430.5021475969215,0.0,12.46107802650201,12.7,204,3703,urban
FedEx,30453,0.4,0.1,3326.3835685835006,3326.3835685835006,0.0,9.157258958740025,10.07,106,1516,suburban
FedEx,30455,0.4,0.1,1959.2973539377524,1959.2973539377524,0.0,6.967819653017212,11.34,85,612,suburban
FedEx,30457,0.4,0.1,1996.1328134447208,1996.1328134447208,0.0,6.068989648841514,14.63,82,778,suburban
FedEx,30519,0.4,0.1,4147.606607808722,4147.606607808722,0.0,13.714884737746765,15.57,154,2372,urban
FedEx,30539,0.4,0.1,4110.789837016759,4110.789837016759,0.0,19.21423828970633,18.41,81,2429,rural
FedEx,30559,0.4,0.1,5375.733073538704,5375.733073538704,0.0,34.15472344529856,15.2,165,3144,suburban
FedEx,30625,0.4,0.1,3602.9465575642243,3602.9465575642243,0.0,12.254281076148748,12.66,134,2229,urban
FedEx,30655,0.4,0.1,3651.3066283117864,3651.3066283117864,0.0,15.85072399205562,11.41,144,2242,suburban
FedEx,30657,0.4,0.1,4510.957538899967,4510.957538899967,0.0,12.670949194485749,8.22,82,3429,rural
FedEx,30823,0.4,0.1,2013.2163655803622,2013.2163655803622,0.0,12.528872220645557,8.07,113,878,suburban
FedEx,30827,0.4,0.1,4491.66174623818,4491.66174623818,0.0,67.00018830712914,7.42,137,2757,suburban
FedEx,30853,0.4,0.1,4558.287686101956,4558.287686101956,0.0,12.833286131520444,4.82,152,3029,suburban
FedEx,30855,0.4,0.1,11164.944696921486,11164.944696921486,0.0,59.06346106841505,1.5,210,9970,suburban
FedEx,30880,0.4,0.1,6033.650689518244,6033.650689518244,0.0,33.96099660372796,22.05,184,3498,suburban
FedEx,30890,0.4,0.1,3937.614024274669,3937.614024274669,0.0,102.53407734275534,20.22,167,1281,rural
FedEx,30900,0.4,0.1,4467.0239843658765,4467.0239843658765,0.0,173.55971997363926,10.92,207,1597,rural
FedEx,30916,0.4,0.1,5459.16940205895,5459.16940205895,0.0,59.876286869182046,11.65,204,3245,suburban
FedEx,30926,0.4,0.1,3230.0558047592294,3230.0558047592294,0.0,53.8021301528445,10.98,152,1266,rural
FedEx,30938,0.4,0.1,5737.710883078335,5737.710883078335,0.0,153.22446344831192,16.47,151,3131,rural
FedEx,30952,0.4,0.1,2694.734755168253,2694.734755168253,0.0,37.755537878390655,17.01,132,979,suburban
FedEx,30966,0.4,0.1,2504.2719321468335,2504.2719321468335,0.0,31.83238567652256,18.53,102,1063,rural
FedEx,30974,0.4,0.1,2454.671117478426,2454.671117478426,0.0,53.82702268136371,23.36,94,802,rural
FedEx,30982,0.4,0.1,2716.2138956601093,2716.2138956601093,0.0,66.6831619829418,25.47,105,618,rural
FedEx,30989,0.4,0.1,2473.2391948618315,2473.2391948618315,0.0,43.13135688268341,16.61,128,876,rural
FedEx,31275,0.4,0.1,5422.493872435705,5422.493872435705,0.0,129.47251256919432,24.61,246,2133,suburban
FedEx,31303,0.4,0.1,3973.889348501275,3973.889348501275,0.0,112.90680951768702,23.03,195,1243,rural
FedEx,31311,0.4,0.1,3062.8021398398528,3062.8021398398528,0.0,139.34872865781722,33.34,113,675,rural
FedEx,31319,0.4,0.1,2817.067630852216,2817.067630852216,0.0,101.18549289373648,25.21,119,751,rural
FedEx,31515,0.4,0.1,5470.280769208987,5470.280769208987,0.0,125.1818077488354,19.63,249,2478,rural
FedEx,31535,0.4,0.1,6228.495098699879,6228.495098699879,0.0,357.6158854957556,17.87,237,2005,rural
FedEx,31832,0.4,0.1,4547.708372184966,4547.708372184966,0.0,159.3824695169613,29.81,182,1068,rural
GLS,30159,0.4,0.1,4840.335510593373,4840.335510593373,0.0,6.211813374113814,11.0,208,3332,urban
GLS,30161,0.4,0.1,3003.1123197883485,3003.1123197883485,0.0,1.7979843382791898,12.21,80,1649,urban
GLS,30163,0.4,0.1,4530.9209569497225,4530.9209569497225,0.0,6.17992293720077,13.11,162,2801,urban
GLS,30165,0.4,0.1,2518.402065806431,2518.402065806431,0.0,4.951012974183712,14.79,86,1358,urban
GLS,30167,0.4,0.1,3486.1823236641876,3486.1823236641876,0.0,5.368928981069905,13.23,133,2147,urban
GLS,30173,0.4,0.1,2554.876072428404,2554.876072428404,0.0,4.775461708125837,9.02,83,1424,urban
GLS,30179,0.4,0.1,2012.9451781141186,2012.9451781141186,0.0,8.305970462175056,15.58,89,1034,suburban
GLS,30419,0.4,0.1,5101.804856969734,5101.804856969734,0.0,23.77191867081394,17.6,248,2617,suburban
GLS,30449,0.4,0.1,3412.5020081467483,3412.5020081467483,0.0,5.186686836161483,10.84,150,1981,urban
GLS,30453,0.4,0.1,3168.728615727752,3168.728615727752,0.0,9.157258958740025,13.29,125,1373,suburban
GLS,30455,0.4,0.1,2732.89498767275,2732.89498767275,0.0,6.967819653017212,13.26,149,1201,suburban
GLS,30457,0.4,0.1,2344.3788154149365,2344.3788154149365,0.0,6.068989648841514,10.08,128,1189,suburban
GLS,30459,0.4,0.1,2084.898287419,2084.898287419,0.0,7.274391190340525,9.13,113,1169,urban
GLS,30519,0.4,0.1,3551.9496596439303,3551.9496596439303,0.0,13.714884737746765,6.3,224,2084,urban
GLS,30539,0.4,0.1,2580.3663075652257,2580.3663075652257,0.0,19.21423828970633,5.29,145,1310,rural
GLS,30559,0.4,0.1,3658.07773972127,3658.07773972127,0.0,19.484913733542943,8.92,208,2040,suburban
GLS,30625,0.4,0.1,2259.1204653397162,2259.1204653397162,0.0,8.86389555258122,10.34,105,1185,urban
GLS,30627,0.4,0.1,1778.1322716706136,1778.1322716706136,0.0,3.390385523567528,11.43,78,774,suburban
GLS,30629,0.4,0.1,2143.7517893568083,2143.7517893568083,0.0,14.669809711755615,12.94,116,1080,suburban
GLS,30655,0.4,0.1,2960.5284409044616,2960.5284409044616,0.0,4.462508901721823,13.05,124,1383,suburban
GLS,30657,0.4,0.1,2873.29432340711,2873.29432340711,0.0,12.670949194485749,16.66,127,1325,rural
GLS,30659,0.4,0.1,2313.189380462103,2313.189380462103,0.0,11.3882150903338,14.84,124,1138,suburban
GLS,30823,0.4,0.1,4081.0154973189988,4081.0154973189988,0.0,12.528872220645557,21.76,209,1687,suburban
GLS,30826,0.4,0.1,4802.849009920454,4802.849009920454,0.0,56.38950461206911,26.25,214,1480,rural
GLS,30827,0.4,0.1,3413.7429042160657,3413.7429042160657,0.0,10.610683695060027,22.43,133,1331,suburban
GLS,30851,0.4,0.1,2060.2946146334557,2060.2946146334557,0.0,4.12190647126244,17.37,95,1137,suburban
GLS,30853,0.4,0.1,2481.088173620477,2481.088173620477,0.0,8.711379660258004,18.94,117,1083,suburban
GLS,30855,0.4,0.1,8370.230959567252,8370.230959567252,0.0,58.08159729436245,22.3,262,5111,suburban
GLS,30880,0.4,0.1,4450.294123718125,4450.294123718125,0.0,33.96099660372796,1.58,305,2630,suburban
GLS,30890,0.4,0.1,6293.752660817818,6293.752660817818,0.0,102.53407734275534,23.44,436,2471,rural
GLS,30900,0.4,0.1,7176.610893793414,7176.610893793414,0.0,173.55971997363926,31.36,490,2487,rural
GLS,30916,0.4,0.1,5182.054562818042,5182.054562818042,0.0,59.876286869182046,19.31,308,2276,suburban
GLS,30926,0.4,0.1,5707.156100114085,5707.156100114085,0.0,53.8021301528445,20.06,381,2421,rural
GLS,30938,0.4,0.1,5298.987880460923,5298.987880460923,0.0,153.22446344831192,28.43,321,1873,rural
GLS,30952,0.4,0.1,4052.359581403284,4052.359581403284,0.0,37.755537878390655,11.4,259,1710,suburban
GLS,30966,0.4,0.1,3510.9395596477075,3510.9395596477075,0.0,31.83238567652256,6.33,220,1619,rural
GLS,30974,0.4,0.1,3101.933528043918,3101.933528043918,0.0,53.82702268136371,16.59,214,1120,rural
GLS,30982,0.4,0.1,2386.647671549595,2386.647671549595,0.0,66.6831619829418,6.34,209,1154,rural
GLS,30989,0.4,0.1,3148.477695946504,3148.477695946504,0.0,43.13135688268341,16.28,231,1172,rural
GLS,31275,0.4,0.1,6805.937726269975,6805.937726269975,0.0,129.47251256919432,17.38,507,3227,suburban
GLS,31303,0.4,0.1,5596.886925837495,5596.886925837495,0.0,112.90680951768702,24.81,407,2208,rural
GLS,31311,0.4,0.1,4871.049261225609,4871.049261225609,0.0,139.34872865781722,30.96,326,1483,rural
GLS,31319,0.4,0.1,4437.068207504176,4437.068207504176,0.0,101.18549289373648,11.04,357,1985,rural
GLS,31515,0.4,0.1,8050.858133283889,8050.858133283889,0.0,125.1818077488354,33.59,472,3284,rural
GLS,31535,0.4,0.1,10569.427946070218,10569.427946070218,0.0,357.6158854957556,38.52,705,3227,rural
GLS,31832,0.4,0.1,5153.98445539914,5153.98445539914,0.0,159.3824695169613,16.88,440,2069,rural
Hermes,30159,0.4,0.1,6103.311963748475,6103.311963748475,0.0,6.211813374113814,9.13,207,4412,urban
Hermes,30161,0.4,0.1,3205.3444612983394,3205.3444612983394,0.0,1.7979843382791898,7.9,80,2187,urban
Hermes,30163,0.4,0.1,3151.45637345559,3151.45637345559,0.0,2.603733329707664,6.63,93,2318,urban
Hermes,30165,0.4,0.1,3165.918762514473,3165.918762514473,0.0,4.951012974183712,5.34,89,1888,urban
Hermes,30167,0.4,0.1,4309.333549458941,4309.333549458941,0.0,5.368928981069905,7.27,135,2918,urban
Hermes,30173,0.4,0.1,3377.006730770633,3377.006730770633,0.0,4.775461708125837,11.08,82,1982,urban
Hermes,30177,0.4,0.1,2975.551858278056,2975.551858278056,0.0,3.576189607493106,7.86,76,1604,urban
Hermes,30179,0.4,0.1,2972.7332058248016,2972.7332058248016,0.0,8.305970462175056,5.02,88,1492,suburban
Hermes,30419,0.4,0.1,5546.714589306118,5546.714589306118,0.0,23.77191867081394,4.3,253,3791,suburban
Hermes,30449,0.4,0.1,4264.762288981972,4264.762288981972,0.0,5.186686836161483,9.65,147,2752,urban
Hermes,30453,0.4,0.1,3456.6569376644593,3456.6569376644593,0.0,9.157258958740025,8.55,127,1923,suburban
Hermes,30455,0.4,0.1,3386.0721023475717,3386.0721023475717,0.0,6.967819653017212,9.92,152,1769,suburban
Hermes,30457,0.4,0.1,3390.4448760059295,3390.4448760059295,0.0,6.068989648841514,13.07,130,1718,suburban
Hermes,30459,0.4,0.1,3359.004573372854,3359.004573372854,0.0,7.274391190340525,11.99,121,1718,urban
Hermes,30519,0.4,0.1,5162.317584328793,5162.317584328793,0.0,13.714884737746765,13.8,229,2920,urban
Hermes,30539,0.4,0.1,3748.1337976976,3748.1337976976,0.0,19.21423828970633,16.65,149,1846,rural
Hermes,30559,0.4,0.1,5370.925287647466,5370.925287647466,0.0,19.484913733542943,14.22,216,2928,suburban
Hermes,30625,0.4,0.1,3247.4589705680532,3247.4589705680532,0.0,8.86389555258122,10.86,112,1721,urban
Hermes,30627,0.4,0.1,1976.5200916772521,1976.5200916772521,0.0,3.390385523567528,11.3,80,1110,suburban
Hermes,30629,0.4,0.1,3288.097282907375,3288.097282907375,0.0,14.669809711755615,13.03,120,1544,suburban
Hermes,30655,0.4,0.1,3426.8003677575816,3426.8003677575816,0.0,4.462508901721823,9.19,134,1982,suburban
Hermes,30657,0.4,0.1,3245.628188162223,3245.628188162223,0.0,12.670949194485749,6.89,133,1834,rural
Hermes,30659,0.4,0.1,3215.6998845024846,3215.6998845024846,0.0,11.3882150903338,10.33,126,1587,suburban
Hermes,30823,0.4,0.1,3936.6042296322357,3936.6042296322357,0.0,12.528872220645557,8.05,216,2384,suburban
Hermes,30826,0.4,0.1,4191.43021519428,4191.43021519428,0.0,56.38950461206911,9.0,221,2156,rural
Hermes,30827,0.4,0.1,3247.3865843141566,3247.3865843141566,0.0,10.610683695060027,5.18,139,1865,suburban
Hermes,30851,0.4,0.1,2857.2114343496014,2857.2114343496014,0.0,4.12190647126244,3.44,95,1650,suburban
Hermes,30853,0.4,0.1,2627.454020793578,2627.454020793578,0.0,8.711379660258004,3.75,121,1477,suburban
Hermes,30855,0.4,0.1,8658.56494813409,8658.56494813409,0.0,58.08159729436245,2.52,261,7102,suburban
Hermes,30880,0.4,0.1,6718.354835871605,6718.354835871605,0.0,33.96099660372796,20.27,312,3668,suburban
Hermes,30890,0.4,0.1,7568.635969962485,7568.635969962485,0.0,102.53407734275534,19.74,454,3618,rural
Hermes,30900,0.4,0.1,7696.514876914835,7696.514876914835,0.0,173.55971997363926,12.32,527,3644,rural
Hermes,30916,0.4,0.1,5798.014253899346,5798.014253899346,0.0,59.876286869182046,10.8,310,3232,suburban
Hermes,30926,0.4,0.1,5981.497888198291,5981.497888198291,0.0,53.8021301528445,10.52,393,3537,rural
Hermes,30938,0.4,0.1,6007.684029332934,6007.684029332934,0.0,153.22446344831192,16.57,334,2656,rural
Hermes,30952,0.4,0.1,5277.6182452376,5277.6182452376,0.0,37.755537878390655,15.6,274,2488,suburban
Hermes,30966,0.4,0.1,4601.173469262583,4601.173469262583,0.0,31.83238567652256,16.87,229,2313,rural
Hermes,30974,0.4,0.1,4626.2307003590395,4626.2307003590395,0.0,53.82702268136371,22.19,228,1616,rural
Hermes,30982,0.4,0.1,4596.833861562218,4596.833861562218,0.0,66.6831619829418,23.78,220,1680,rural
Hermes,30989,0.4,0.1,4185.515150068637,4185.515150068637,0.0,43.13135688268341,15.58,242,1681,rural
Hermes,31275,0.4,0.1,9418.194923082388,9418.194923082388,0.0,129.47251256919432,23.26,528,4698,suburban
Hermes,31303,0.4,0.1,6888.21710469868,6888.21710469868,0.0,112.90680951768702,22.27,425,3161,rural
Hermes,31311,0.4,0.1,6231.959144058387,6231.959144058387,0.0,139.34872865781722,32.49,345,2196,rural
Hermes,31319,0.4,0.1,6653.523191455497,6653.523191455497,0.0,101.18549289373648,23.57,378,2907,rural
Hermes,31515,0.4,0.1,9098.73098096226,9098.73098096226,0.0,125.1818077488354,20.37,503,4758,rural
Hermes,31535,0.4,0.1,11828.260970846719,11828.260970846719,0.0,357.6158854957556,19.5,777,4780,rural
Hermes,31832,0.4,0.1,8226.290929342216,8226.290929342216,0.0,159.3824695169613,28.44,458,3015,rural
UPS,30159,0.4,0.1,14124.871351764605,14124.871351764605,0.0,10.98727508223965,10.54,282,11805,urban
UPS,30161,0.4,0.1,5917.055804797465,5917.055804797465,0.0,1.7979843382791898,8.59,80,4726,urban
UPS,30163,0.4,0.1,6504.720392897118,6504.720392897118,0.0,14.485893399375826,6.02,215,5283,urban
UPS,30165,0.4,0.1,3773.2492250252108,3773.2492250252108,0.0,4.951012974183712,6.57,77,2701,urban
UPS,30167,0.4,0.1,6006.644999548211,6006.644999548211,0.0,5.368928981069905,8.81,137,4551,urban
UPS,30419,0.4,0.1,3598.2785262855646,3598.2785262855646,0.0,23.77191867081394,7.09,153,2053,suburban
UPS,30449,0.4,0.1,6798.755020154903,6798.755020154903,0.0,12.46107802650201,12.33,209,4685,urban
UPS,30453,0.4,0.1,3375.021836857729,3375.021836857729,0.0,9.157258958740025,10.59,118,1821,suburban
UPS,30455,0.4,0.1,1985.0500139571805,1985.0500139571805,0.0,6.967819653017212,12.14,99,812,suburban
UPS,30457,0.4,0.1,2069.491599260607,2069.491599260607,0.0,6.068989648841514,14.87,93,1021,suburban
UPS,30519,0.4,0.1,4937.054841641878,4937.054841641878,0.0,13.714884737746765,14.32,178,3064,urban
UPS,30539,0.4,0.1,4533.06046911727,4533.06046911727,0.0,19.21423828970633,16.42,96,2701,rural
UPS,30559,0.4,0.1,5027.435680366569,5027.435680366569,0.0,19.484913733542943,13.47,141,3087,suburban
UPS,30625,0.4,0.1,4315.013444156701,4315.013444156701,0.0,12.254281076148748,10.42,148,2727,urban
UPS,30655,0.4,0.1,2121.9137816651596,2121.9137816651596,0.0,4.462508901721823,8.22,93,1218,suburban
UPS,30657,0.4,0.1,4786.350272484361,4786.350272484361,0.0,12.670949194485749,5.0,96,3745,rural
UPS,30659,0.4,0.1,3729.581575766453,3729.581575766453,0.0,26.058024802089417,10.16,158,2385,suburban
UPS,30823,0.4,0.1,2901.0492307771306,2901.0492307771306,0.0,12.528872220645557,11.23,141,1337,suburban
UPS,30826,0.4,0.1,2179.7117952412614,2179.7117952412614,0.0,56.38950461206911,11.69,77,1105,rural
UPS,30827,0.4,0.1,3291.825156956803,3291.825156956803,0.0,10.610683695060027,8.21,92,2105,suburban
UPS,30853,0.4,0.1,4885.572256538386,4885.572256538386,0.0,12.833286131520444,2.1,167,3668,suburban
UPS,30855,0.4,0.1,12372.313669298126,12372.313669298126,0.0,59.06346106841505,2.73,226,11475,suburban
UPS,30880,0.4,0.1,7164.597554373629,7164.597554373629,0.0,33.96099660372796,20.44,221,4190,suburban
UPS,30890,0.4,0.1,4686.02421265492,4686.02421265492,0.0,102.53407734275534,22.83,246,1795,rural
UPS,30900,0.4,0.1,5252.628048739307,5252.628048739307,0.0,173.55971997363926,10.9,296,2208,rural
UPS,30916,0.4,0.1,6109.051569407693,6109.051569407693,0.0,59.876286869182046,7.96,236,4019,suburban
UPS,30926,0.4,0.1,3963.3498677038015,3963.3498677038015,0.0,53.8021301528445,13.64,194,1634,rural
UPS,30938,0.4,0.1,6063.945568650633,6063.945568650633,0.0,153.22446344831192,13.43,195,3590,rural
UPS,30952,0.4,0.1,3731.55368849277,3731.55368849277,0.0,37.755537878390655,17.72,163,1329,suburban
UPS,30966,0.4,0.1,3533.856164661857,3533.856164661857,0.0,31.83238567652256,18.2,136,1386,rural
UPS,30974,0.4,0.1,3208.8293030723075,3208.8293030723075,0.0,53.82702268136371,24.68,134,1072,rural
UPS,30982,0.4,0.1,3007.173952156455,3007.173952156455,0.0,66.6831619829418,24.88,141,878,rural
UPS,30989,0.4,0.1,3364.1454124269208,3364.1454124269208,0.0,43.13135688268341,18.29,160,1191,rural
UPS,31275,0.4,0.1,6734.00020753597,6734.00020753597,0.0,129.47251256919432,21.19,339,2904,suburban
UPS,31303,0.4,0.1,4633.075702530725,4633.075702530725,0.0,112.90680951768702,19.35,259,1804,rural
UPS,31311,0.4,0.1,3968.942591958489,3968.942591958489,0.0,139.34872865781722,29.65,195,1062,rural
UPS,31319,0.4,0.1,3441.882252785476,3441.882252785476,0.0,101.18549289373648,22.42,153,1055,rural
UPS,31515,0.4,0.1,6718.456041625136,6718.456041625136,0.0,125.1818077488354,23.29,321,3281,rural
UPS,31535,0.4,0.1,8009.28273019456,8009.28273019456,0.0,357.6158854957556,20.99,322,2571,rural
UPS,31832,0.4,0.1,5227.687081644636,5227.687081644636,0.0,159.3824695169613,30.54,251,1605,rural
DHL,30159,0.0,0.2,22245.112250533446,21973.50194568585,-1.2360811013144972,6.211813374113814,2.18,221,23058,urban
DHL,30161,0.0,0.2,10791.780278184468,10909.00812046849,1.0745967093384867,1.7979843382791898,1.04,84,11554,urban
DHL,30163,0.0,0.2,10033.422310655416,9914.04927442146,-1.2040795131202504,2.603733329707664,1.7,95,10484,urban
DHL,30165,0.0,0.2,8683.89666118557,8565.397376626115,-1.3834651137473755,4.951012974183712,1.88,94,8599,urban
DHL,30167,0.0,0.2,13716.70939849924,13540.33589751315,-1.3025784760515682,5.368928981069905,1.39,142,13892,urban
DHL,30169,0.0,0.2,5302.970616256134,5441.748523674446,2.550244775453247,2.9960433745102675,2.4,76,5294,urban
DHL,30173,0.0,0.2,8424.920719935546,8900.020227394843,5.338184580714886,4.775461708125837,3.83,88,8547,urban
DHL,30177,0.0,0.2,6443.9706405801235,6717.193405547422,4.067513743785559,3.576189607493106,2.83,80,6260,urban
DHL,30179,0.0,0.2,6611.464171950848,7015.019470078845,5.752732402943157,8.305970462175056,3.55,96,6322,suburban
DHL,30419,0.0,0.2,15260.397562746597,15260.397562746597,0.0,23.77191867081394,5.16,274,14775,suburban
DHL,30449,0.0,0.2,7433.27479477535,7432.014762814106,-0.016954110042250954,2.190643461651216,1.56,91,7431,urban
DHL,30453,0.0,0.2,8360.058628427792,8728.871611104647,4.225208012083258,9.157258958740025,2.98,148,8150,suburban
DHL,30455,0.0,0.2,6906.209357384426,7560.480077937329,8.653825072063455,6.967819653017212,3.04,160,6748,suburban
DHL,30457,0.0,0.2,6801.4472800957055,7333.849598031452,7.259520539917447,6.068989648841514,2.4,139,6736,suburban
DHL,30459,0.0,0.2,6647.162156504927,6748.368740605874,1.4997192357313405,7.274391190340525,1.24,125,6561,urban
DHL,30519,0.0,0.2,12911.222382228781,13335.327593044716,3.180313403302777,13.714884737746765,5.03,248,12645,urban
DHL,30539,0.0,0.2,8869.344584963765,9296.282509988963,4.592566163586884,19.21423828970633,3.99,164,8372,rural
DHL,30559,0.0,0.2,12462.482929522981,12462.482929522981,0.0,19.484913733542943,1.93,224,12320,suburban
DHL,30625,0.0,0.2,7625.091540182195,8084.182917612831,5.678884088958751,8.86389555258122,4.99,117,7084,urban
DHL,30627,0.0,0.2,5263.3639024196855,5566.459185356654,5.445028389578482,3.390385523567528,4.61,82,4809,suburban
DHL,30629,0.0,0.2,6443.898369336294,6830.019894903581,5.653300158838523,14.669809711755615,4.28,124,5907,suburban
DHL,30655,0.0,0.2,8315.109182227916,8770.048460462032,5.187420346479464,4.462508901721823,5.25,139,7945,suburban
DHL,30657,0.0,0.2,9529.54654354481,9997.913539537092,4.6846473930796595,12.670949194485749,6.56,140,9056,rural
DHL,30659,0.0,0.2,7581.299577228345,7841.281218861646,3.315550537939311,11.3882150903338,7.01,131,6829,suburban
DHL,30823,0.0,0.2,10140.950750508808,10202.29191336214,0.6012488504959606,12.528872220645557,3.26,227,9437,suburban
DHL,30826,0.0,0.2,9287.312573065155,9289.171862330428,0.020015662244469,56.38950461206911,1.44,239,8281,rural
DHL,30827,0.0,0.2,8444.292795674564,8499.259441991915,0.646722772642749,10.610683695060027,3.25,153,8048,suburban
DHL,30851,0.0,0.2,7149.827061740581,7091.396611882496,-0.8239625148053022,4.12190647126244,5.02,97,6654,suburban
DHL,30853,0.0,0.2,7517.516414707916,8087.121413003322,7.043359054552288,8.711379660258004,6.98,132,7164,suburban
DHL,30855,0.0,0.2,33181.974645551454,33181.974645551454,0.0,59.06346106841505,5.9,278,32854,suburban
DHL,30880,0.0,0.2,17548.590398718974,17626.17972557684,0.4401936668402288,33.96099660372796,5.11,360,16161,suburban
DHL,30890,0.0,0.2,16098.044263724361,16098.044263724361,0.0,102.53407734275534,4.73,504,13989,rural
DHL,30900,0.0,0.2,17516.43507982445,17593.529073393336,0.4381951639564835,173.55971997363926,4.94,590,14609,rural
DHL,30916,0.0,0.2,16520.635131238632,17062.590954336305,3.1762809326442856,59.876286869182046,11.0,355,14499,suburban
DHL,30926,0.0,0.2,14487.15216667461,14775.4174568136,1.9509789891321023,53.8021301528445,0.37,429,13519,rural
DHL,30938,0.0,0.2,14888.20103197316,14888.20103197316,0.0,153.22446344831192,10.53,355,12030,rural
DHL,30952,0.0,0.2,10404.749583778366,11029.332668750209,5.662927248005632,37.755537878390655,5.68,286,9709,suburban
DHL,30966,0.0,0.2,10271.035215171989,10564.896592403224,2.781488438254456,31.83238567652256,5.52,237,9182,rural
DHL,30974,0.0,0.2,7562.40088238634,7602.589230059956,0.528613955818045,53.82702268136371,1.4,244,6515,rural
DHL,30982,0.0,0.2,7404.637080043028,8026.683955967339,7.749736744796813,66.6831619829418,2.77,239,6551,rural
DHL,30989,0.0,0.2,8162.302547739835,8197.588934134921,0.43044835107738666,43.13135688268341,5.72,271,6841,rural
DHL,31275,0.0,0.2,20470.815665977843,20490.51279819747,0.0961280589393481,129.47251256919432,2.93,571,18743,suburban
DHL,31303,0.0,0.2,14442.990741499563,14494.326252546625,0.3541765940175555,112.90680951768702,1.84,468,12605,rural
DHL,31311,0.0,0.2,10425.724986110692,10485.698502104207,0.5719553731349437,139.34872865781722,3.81,380,8577,rural
DHL,31319,0.0,0.2,12204.762656945873,12204.762656945873,0.0,101.18549289373648,0.58,411,10967,rural
DHL,31515,0.0,0.2,21088.897809861297,21088.897809861297,0.0,125.1818077488354,5.28,537,19286,rural
DHL,31535,0.0,0.2,22512.716761824166,22512.716761824166,0.0,357.6158854957556,5.5,880,18533,rural
DHL,31832,0.0,0.2,14457.781202836444,14457.781202836444,0.0,159.3824695169613,4.65,515,11902,rural
Amazon,30159,0.0,0.2,11462.463886266354,11555.196270293998,0.8025167367000043,6.211813374113814,13.81,221,9019,urban
Amazon,30161,0.0,0.2,5541.643205262491,6224.7449789257325,10.97397204184148,1.7979843382791898,12.74,83,4512,urban
Amazon,30163,0.0,0.2,5655.432339653999,5889.0064831046275,3.966274177499123,2.603733329707664,12.41,93,4469,urban
Amazon,30165,0.0,0.2,4736.3174069800725,4750.233821598029,0.2929627285857437,4.951012974183712,10.52,92,3574,urban
Amazon,30167,0.0,0.2,7590.042919311272,7175.254343343608,-5.78082052732331,5.368928981069905,10.65,139,5730,urban
Amazon,30173,0.0,0.2,5027.579360442963,5164.654397653723,2.654098932022111,4.775461708125837,15.11,87,3759,urban
Amazon,30177,0.0,0.2,3795.339842433631,4343.242376782357,12.615057756795816,3.576189607493106,13.99,79,2906,urban
Amazon,30179,0.0,0.2,3765.443781336342,4390.652005410074,14.239530331790421,8.305970462175056,12.08,95,2781,suburban
Amazon,30419,0.0,0.2,8519.368501277868,8519.368501277868,0.0,23.77191867081394,6.74,265,6859,suburban
Amazon,30449,0.0,0.2,7021.767426651051,7005.60345798299,-0.23072914082286378,5.186686836161483,12.61,159,5275,urban
Amazon,30453,0.0,0.2,5176.049580717818,4970.930164967193,-4.126378946061457,9.157258958740025,9.82,139,3593,suburban
Amazon,30455,0.0,0.2,4207.818064481903,4820.378887430032,12.707731845425812,6.967819653017212,9.84,158,3165,suburban
Amazon,30457,0.0,0.2,4237.220222386967,4934.7989617734975,14.135909989245649,6.068989648841514,13.37,135,3134,suburban
Amazon,30459,0.0,0.2,4301.8724766893465,4858.408897775894,11.4551169487056,7.274391190340525,13.92,124,3087,urban
Amazon,30519,0.0,0.2,7830.753078506503,8140.269152347262,3.8022830455367664,13.714884737746765,17.38,242,5508,urban
Amazon,30539,0.0,0.2,5292.246131564646,5821.859629336905,9.096981574469535,19.21423828970633,21.37,157,3516,rural
Amazon,30559,0.0,0.2,7640.130813586883,8252.52270516162,7.420662910648047,19.484913733542943,20.15,222,5369,suburban
Amazon,30625,0.0,0.2,4400.073152161204,4932.584335545381,10.795784667010633,8.86389555258122,16.66,114,3180,urban
Amazon,30627,0.0,0.2,2876.6278664927127,3472.360903435115,17.1564262330295,3.390385523567528,17.89,79,2090,suburban
Amazon,30629,0.0,0.2,3808.2677124918446,4629.145185289602,17.73280897316256,14.669809711755615,20.32,122,2757,suburban
Amazon,30655,0.0,0.2,5101.582540151849,5061.237427944449,-0.7971392921549805,4.462508901721823,16.14,137,3642,suburban
Amazon,30657,0.0,0.2,4978.809823260466,5227.080664344542,4.7497036496414635,12.670949194485749,15.05,138,3559,rural
Amazon,30659,0.0,0.2,4046.1985948484603,4975.003626465991,18.669434262851187,11.3882150903338,18.11,130,3002,suburban
Amazon,30823,0.0,0.2,5713.052196251049,5705.037154540299,-0.14049061370918456,12.528872220645557,1.29,222,4370,suburban
Amazon,30826,0.0,0.2,5673.254342811335,5673.254342811335,0.0,56.38950461206911,3.98,233,3852,rural
Amazon,30827,0.0,0.2,4474.471767674026,4536.061456785562,1.3577789828972293,10.610683695060027,3.78,150,3498,suburban
Amazon,30851,0.0,0.2,3948.3306237083475,4490.007090916008,12.064044805264496,4.12190647126244,11.33,96,3032,suburban
Amazon,30853,0.0,0.2,3761.0683289684257,4319.068900643669,12.919464461242663,8.711379660258004,12.37,128,2911,suburban
Amazon,30855,0.0,0.2,16244.345238115564,16244.345238115564,0.0,59.06346106841505,9.96,271,13592,suburban
Amazon,30880,0.0,0.2,10117.55129296568,11278.054808972109,10.289926194393075,33.96099660372796,23.78,345,6971,suburban
Amazon,30890,0.0,0.2,10080.548522471709,10080.548522471709,0.0,102.53407734275534,12.55,490,6502,rural
Amazon,30900,0.0,0.2,12085.38072969665,12085.38072969665,0.0,173.55971997363926,17.55,570,6667,rural
Amazon,30916,0.0,0.2,8889.895015966737,9904.82527723206,10.2468264997901,59.876286869182046,19.41,344,6164,suburban
Amazon,30926,0.0,0.2,8752.96361616949,8752.96361616949,0.0,53.8021301528445,4.34,415,6338,rural
Amazon,30938,0.0,0.2,9384.90809448861,9384.90809448861,0.0,153.22446344831192,24.95,346,5072,rural
Amazon,30952,0.0,0.2,6394.45237097925,7076.623355325187,9.639780868549408,37.755537878390655,14.14,275,4476,suburban
Amazon,30966,0.0,0.2,6202.906920047741,6955.194722247112,10.816200440701953,31.83238567652256,17.79,233,4221,rural
Amazon,30974,0.0,0.2,4817.6665019026605,5436.138154721389,11.37704074502915,53.82702268136371,18.26,240,2971,rural
Amazon,30982,0.0,0.2,5323.693428234912,6084.06789519755,12.497797198529591,66.6831619829418,24.57,233,3044,rural
Amazon,30989,0.0,0.2,4964.383611188156,5499.955907320829,9.737756177641156,43.13135688268341,11.39,265,3112,rural
Amazon,31275,0.0,0.2,14129.512676709497,14129.512676709497,0.0,129.47251256919432,30.8,550,8588,suburban
Amazon,31303,0.0,0.2,10291.231205914351,10291.231205914351,0.0,112.90680951768702,30.88,449,5793,rural
Amazon,31311,0.0,0.2,8398.405144618486,8790.113460938559,4.4562373177632315,139.34872865781722,40.99,367,3965,rural
Amazon,31319,0.0,0.2,9320.815628099372,9320.815628099372,0.0,101.18549289373648,29.57,396,5228,rural
Amazon,31515,0.0,0.2,12450.58174407703,12450.58174407703,0.0,125.1818077488354,12.09,525,8733,rural
Amazon,31535,0.0,0.2,15851.91067139521,15851.91067139521,0.0,357.6158854957556,16.13,834,8625,rural
Amazon,31832,0.0,0.2,10926.162109157853,11355.500473785536,3.7808845644348485,159.3824695169613,25.63,491,5466,rural
DPD,30159,0.0,0.2,7082.485555164422,6656.069904499083,-6.406417852930133,6.211813374113814,13.32,219,4783,urban
DPD,30161,0.0,0.2,3654.4649573464126,3438.6384541878197,-6.276510486170594,1.7979843382791898,14.05,84,2359,urban
DPD,30163,0.0,0.2,2981.3667472614675,3176.704105051865,6.149057366713996,2.603733329707664,14.01,92,2106,urban
DPD,30165,0.0,0.2,2618.5308713621644,3109.5847921201566,15.791623434818291,4.951012974183712,15.88,91,1757,urban
DPD,30167,0.0,0.2,4078.3799182113585,4548.61275587726,10.3379395631847,5.368928981069905,16.37,138,2824,urban
DPD,30173,0.0,0.2,2834.3900689926004,3042.0725720869623,6.8270068571008755,4.775461708125837,13.13,86,1708,urban
DPD,30177,0.0,0.2,2281.5763186899794,2301.8161532682093,0.8792984856541457,3.576189607493106,12.44,75,1250,urban
DPD,30179,0.0,0.2,2159.0338416150094,2402.9493976963904,10.150673847531412,8.305970462175056,14.42,89,1256,suburban
DPD,30419,0.0,0.2,4586.82687186442,5350.888005691542,14.279146433534365,23.77191867081394,19.64,257,2858,suburban
DPD,30449,0.0,0.2,3964.290903049401,4115.648431001423,3.6776107213607028,5.186686836161483,15.53,161,2554,urban
DPD,30453,0.0,0.2,2806.954628628757,3546.158276962033,20.8451961418526,9.157258958740025,18.23,137,1619,suburban
DPD,30455,0.0,0.2,2405.840928882127,3189.32194545774,24.565755040548773,6.967819653017212,19.47,151,1318,suburban
DPD,30457,0.0,0.2,2614.193490879405,3071.8681502213976,14.898903109139196,6.068989648841514,18.69,130,1335,suburban
DPD,30459,0.0,0.2,2335.0235483609104,2692.648089162524,13.281518006047458,7.274391190340525,16.25,119,1284,urban
DPD,30519,0.0,0.2,4028.936726683384,4359.743796141659,7.587763981705452,12.113461405690837,12.99,227,2540,urban
DPD,30539,0.0,0.2,2544.795650889446,3283.465182476126,22.49664578534178,19.21423828970633,9.52,156,1695,rural
DPD,30559,0.0,0.2,4029.1210850355865,3964.267070732265,-1.6359648113047514,19.484913733542943,7.42,213,2467,suburban
DPD,30625,0.0,0.2,2510.4024394634903,2879.61806243138,12.821687285019525,8.86389555258122,10.22,108,1405,urban
DPD,30627,0.0,0.2,1523.3229158678125,1734.323815852828,12.16617669989493,3.390385523567528,8.59,77,971,suburban
DPD,30629,0.0,0.2,2064.6429345961355,2209.7242260325893,6.56558360211932,14.669809711755615,6.08,121,1173,suburban
DPD,30655,0.0,0.2,2525.092433697632,2902.8311877698657,13.012770279708759,4.462508901721823,10.23,132,1537,suburban
DPD,30657,0.0,0.2,3088.74429713352,3254.827165454566,5.102663210009529,12.670949194485749,12.26,136,1866,rural
DPD,30659,0.0,0.2,2262.7868777637896,2732.1680399331904,17.179805755317982,11.3882150903338,8.73,122,1368,suburban
DPD,30823,0.0,0.2,3330.3077480319516,4031.85332034608,17.400076753137196,12.528872220645557,25.25,211,1867,suburban
DPD,30826,0.0,0.2,3260.3017275548577,4659.6772590054525,30.03159776240111,56.38950461206911,27.87,212,1639,rural
DPD,30827,0.0,0.2,2840.6735621844437,3693.9834286058103,23.09999172745137,10.610683695060027,23.76,145,1601,suburban
DPD,30851,0.0,0.2,2155.84541386837,2392.8715311930196,9.905509520039915,4.12190647126244,15.63,96,1281,suburban
DPD,30853,0.0,0.2,2387.761411697429,3054.623065805542,21.831225645258236,8.711379660258004,15.68,120,1470,suburban
DPD,30855,0.0,0.2,9684.826235367134,9651.557570967712,-0.34469736262565104,59.06346106841505,19.88,265,6668,suburban
DPD,30880,0.0,0.2,5214.105742064182,5651.747006229777,7.743468766085855,33.96099660372796,12.89,328,3235,suburban
DPD,30890,0.0,0.2,5351.321094203588,6923.102121964851,22.703421097523478,102.53407734275534,32.64,451,2726,rural
DPD,30900,0.0,0.2,6367.854926340012,7912.531093330155,19.521896960281442,173.55971997363926,25.52,515,2839,rural
DPD,30916,0.0,0.2,4839.705655619321,5505.336403799816,12.090646226833165,59.876286869182046,10.68,308,2914,suburban
DPD,30926,0.0,0.2,4664.417079630917,6146.851473398595,24.11697110599029,53.8021301528445,25.6,384,2637,rural
DPD,30938,0.0,0.2,4636.67764525623,5614.10632319326,17.410227410532485,153.22446344831192,17.56,317,2412,rural
DPD,30952,0.0,0.2,3607.482396290031,4651.5791758270425,22.446071324828583,37.755537878390655,21.73,266,1895,suburban
DPD,30966,0.0,0.2,3207.769020721243,4054.5734078226283,20.88516600704815,31.83238567652256,17.93,217,1807,rural
DPD,30974,0.0,0.2,2800.305817851295,4049.5746175540357,30.849383396651806,53.82702268136371,28.84,224,1280,rural
DPD,30982,0.0,0.2,2892.3417595196465,3635.1428609264503,20.433890216284208,66.6831619829418,20.59,218,1278,rural
DPD,30989,0.0,0.2,2887.0227965614145,4189.963023652114,31.096699892950674,43.13135688268341,25.63,242,1356,rural
DPD,31275,0.0,0.2,6310.744546848563,6310.744546848563,0.0,129.47251256919432,4.47,516,3643,suburban
DPD,31303,0.0,0.2,4879.845908459762,5298.7418231419815,7.905573222169716,112.90680951768702,10.77,417,2491,rural
DPD,31311,0.0,0.2,4221.991557347119,4503.622414154428,6.253429593079827,139.34872865781722,17.19,336,1650,rural
DPD,31319,0.0,0.2,4231.480959862524,4393.641206526262,3.6907940143784814,101.18549289373648,7.08,368,2115,rural
DPD,31515,0.0,0.2,7403.763839321785,8672.940895409381,14.633756546863781,125.1818077488354,38.45,488,3812,rural
DPD,31535,0.0,0.2,7844.845686101929,10736.90548199021,26.935692045900407,357.6158854957556,38.17,720,3582,rural
DPD,31832,0.0,0.2,4859.022235237781,6479.205569246742,25.005894884692157,159.3824695169613,30.86,456,2309,rural
FedEx,30159,0.0,0.2,12799.048801665134,12214.299279183924,-4.787417674280854,10.98727508223965,11.75,273,9864,urban
FedEx,30161,0.0,0.2,5061.528957688599,5224.187237195072,3.1135614425987996,1.7979843382791898,9.67,80,3810,urban
FedEx,30163,0.0,0.2,8073.45819908831,8257.65060106912,2.2305666693739976,19.436906373559538,7.51,263,6210,urban
FedEx,30167,0.0,0.2,4937.875452620719,5175.6698343295675,4.594465824144883,5.368928981069905,8.96,132,3775,urban
FedEx,30419,0.0,0.2,2526.0548073786936,3306.0595520416546,23.593184949777136,23.77191867081394,5.53,136,1709,suburban
FedEx,30449,0.0,0.2,5081.356248841457,5430.5021475969215,6.42934832297169,12.46107802650201,12.7,204,3703,urban
FedEx,30453,0.0,0.2,2525.114569968232,3326.3835685835006,24.088292347971137,9.157258958740025,10.07,106,1516,suburban
FedEx,30455,0.0,0.2,1200.2183825190955,1959.2973539377524,38.74240782763662,6.967819653017212,11.34,85,612,suburban
FedEx,30457,0.0,0.2,1486.336884222716,1996.1328134447208,25.53917884563259,6.068989648841514,14.63,82,778,suburban
FedEx,30519,0.0,0.2,3768.5415524501655,4147.606607808722,9.139368585364123,13.714884737746765,15.57,154,2372,urban
FedEx,30539,0.0,0.2,3610.2227928809216,4110.789837016759,12.176906725523667,19.21423828970633,18.41,81,2429,rural
FedEx,30559,0.0,0.2,4560.197424198268,5375.733073538704,15.17068720087306,34.15472344529856,15.2,165,3144,suburban
FedEx,30625,0.0,0.2,3246.561476634234,3602.9465575642243,9.89148951381962,12.254281076148748,12.66,134,2229,urban
FedEx,30655,0.0,0.2,3141.4300504091816,3651.3066283117864,13.964222395048502,15.85072399205562,11.41,144,2242,suburban
FedEx,30657,0.0,0.2,4685.702986498946,4510.957538899967,-3.8737994337581805,12.670949194485749,8.22,82,3429,rural
FedEx,30823,0.0,0.2,1737.7272289781097,2013.2163655803622,13.68403025686887,12.528872220645557,8.07,113,878,suburban
FedEx,30827,0.0,0.2,3856.3204829533256,4491.66174623818,14.144904473649653,67.00018830712914,7.42,137,2757,suburban
FedEx,30853,0.0,0.2,3977.409431326363,4558.287686101956,12.743343438955558,12.833286131520444,4.82,152,3029,suburban
FedEx,30855,0.0,0.2,11898.405042167562,11164.944696921486,-6.569314628565185,59.06346106841505,1.5,210,9970,suburban
FedEx,30880,0.0,0.2,5432.4077460368235,6033.650689518244,9.96482849969935,33.96099660372796,22.05,184,3498,suburban
FedEx,30890,0.0,0.2,2363.8382444206973,3937.614024274669,39.967751286741986,102.53407734275534,20.22,167,1281,rural
FedEx,30900,0.0,0.2,2635.7187035529078,4467.0239843658765,40.99609241459971,173.55971997363926,10.92,207,1597,rural
FedEx,30916,0.0,0.2,4519.103381218723,5459.16940205895,17.21994595891596,59.876286869182046,11.65,204,3245,suburban
FedEx,30926,0.0,0.2,2088.802700495109,3230.0558047592294,35.33230300797203,53.8021301528445,10.98,152,1266,rural
FedEx,30938,0.0,0.2,4692.602736696577,5737.710883078335,18.214723043365474,153.22446344831192,16.47,151,3131,rural
FedEx,30952,0.0,0.2,1753.2730695386288,2694.734755168253,34.93708179715971,37.755537878390655,17.01,132,979,suburban
FedEx,30966,0.0,0.2,1757.6478309837375,2504.2719321468335,29.814018660626786,31.83238567652256,18.53,102,1063,rural
FedEx,30974,0.0,0.2,1695.2625500735232,2454.671117478426,30.937283695463417,53.82702268136371,23.36,94,802,rural
FedEx,30982,0.0,0.2,1641.7979189645487,2716.2138956601093,39.55564686611141,66.6831619829418,25.47,105,618,rural
FedEx,30989,0.0,0.2,1672.4492329174711,2473.2391948618315,32.378184997553255,43.13135688268341,16.61,128,876,rural
FedEx,31275,0.0,0.2,3974.9800548474395,5422.493872435705,26.694614169071688,129.47251256919432,24.61,246,2133,suburban
FedEx,31303,0.0,0.2,2932.909991049877,3973.889348501275,26.195479193299533,112.90680951768702,23.03,195,1243,rural
FedEx,31311,0.0,0.2,1790.0786790622135,3062.8021398398528,41.55421743450222,139.34872865781722,33.34,113,675,rural
FedEx,31319,0.0,0.2,1787.5512183305934,2817.067630852216,36.545676122449876,101.18549289373648,25.21,119,751,rural
FedEx,31515,0.0,0.2,4063.749436767432,5470.280769208987,25.7122329142338,125.1818077488354,19.63,249,2478,rural
FedEx,31535,0.0,0.2,3798.1933922228027,6228.495098699879,39.019083550123874,357.6158854957556,17.87,237,2005,rural
FedEx,31832,0.0,0.2,2307.0442453379796,4547.708372184966,49.270180571637,159.3824695169613,29.81,182,1068,rural
GLS,30159,0.0,0.2,5099.664994882323,4840.335510593373,-5.357675799981042,6.211813374113814,11.0,208,3332,urban
GLS,30161,0.0,0.2,2848.206565219333,3003.1123197883485,5.1581738567784585,1.7979843382791898,12.21,80,1649,urban
GLS,30163,0.0,0.2,4709.07985413403,4530.9209569497225,-3.9320680911689645,6.17992293720077,13.11,162,2801,urban
GLS,30165,0.0,0.2,2306.6780161651036,2518.402065806431,8.407078937712438,4.951012974183712,14.79,86,1358,urban
GLS,30167,0.0,0.2,3432.904315070953,3486.1823236641876,1.5282622550055305,5.368928981069905,13.23,133,2147,urban
GLS,30173,0.0,0.2,2715.5036138779496,2554.876072428404,-6.287097177941382,4.775461708125837,9.02,83,1424,urban
GLS,30179,0.0,0.2,1837.2072332517992,2012.9451781141186,8.730389022664005,8.305970462175056,15.58,89,1034,suburban
GLS,30419,0.0,0.2,4592.765256580817,5101.804856969734,9.977637613745703,23.77191867081394,17.6,248,2617,suburban
GLS,30449,0.0,0.2,3252.2951329917796,3412.5020081467483,4.694704201565389,5.186686836161483,10.84,150,1981,urban
GLS,30453,0.0,0.2,2497.7821382919697,3168.728615727752,21.173996223772175,9.157258958740025,13.29,125,1373,suburban
GLS,30455,0.0,0.2,2314.7916821221743,2732.89498767275,15.298915890896339,6.967819653017212,13.26,149,1201,suburban
GLS,30457,0.0,0.2,2200.7462381258874,2344.3788154149365,6.12667954276951,6.068989648841514,10.08,128,1189,suburban
GLS,30459,0.0,0.2,2057.0942586733095,2084.898287419,1.3335916151627054,7.274391190340525,9.13,113,1169,urban
GLS,30519,0.0,0.2,3510.6661702719916,3551.9496596439303,1.1622768712346334,13.714884737746765,6.3,224,2084,urban
GLS,30539,0.0,0.2,2320.9179065387825,2580.3663075652257,10.054712009910435,19.21423828970633,5.29,145,1310,rural
GLS,30559,0.0,0.2,3607.727355039361,3658.07773972127,1.3764164751114734,19.484913733542943,8.92,208,2040,suburban
GLS,30625,0.0,0.2,2128.5341029532865,2259.1204653397162,5.780407215548498,8.86389555258122,10.34,105,1185,urban
GLS,30627,0.0,0.2,1370.3062939512793,1778.1322716706136,22.935637815974648,3.390385523567528,11.43,78,774,suburban
GLS,30629,0.0,0.2,1960.8830596118773,2143.7517893568083,8.530312634738243,14.669809711755615,12.94,116,1080,suburban
GLS,30655,0.0,0.2,2577.9944571461265,2960.5284409044616,12.921138620829069,4.462508901721823,13.05,124,1383,suburban
GLS,30657,0.0,0.2,2471.6284752639317,2873.29432340711,13.97927963282539,12.670949194485749,16.66,127,1325,rural
GLS,30659,0.0,0.2,2158.8889065122253,2313.189380462103,6.670464392286525,11.3882150903338,14.84,124,1138,suburban
GLS,30823,0.0,0.2,3232.9253081246243,4081.0154973189988,20.781351841264087,12.528872220645557,21.76,209,1687,suburban
GLS,30826,0.0,0.2,3335.916951614586,4802.849009920454,30.542955967923785,56.38950461206911,26.25,214,1480,rural
GLS,30827,0.0,0.2,2737.1011574259237,3413.7429042160657,19.82111031133806,10.610683695060027,22.43,133,1331,suburban
GLS,30851,0.0,0.2,1975.6439599074283,2060.2946146334557,4.108667475262389,4.12190647126244,17.37,95,1137,suburban
GLS,30853,0.0,0.2,2148.0780798299397,2481.088173620477,13.421937089184503,8.711379660258004,18.94,117,1083,suburban
GLS,30855,0.0,0.2,8508.260293856078,8370.230959567252,-1.649050485650656,58.08159729436245,22.3,262,5111,suburban
GLS,30880,0.0,0.2,4244.718200055488,4450.294123718125,4.619378358994461,33.96099660372796,1.58,305,2630,suburban
GLS,30890,0.0,0.2,5193.774155370043,6293.752660817818,17.47730749407686,102.53407734275534,23.44,436,2471,rural
GLS,30900,0.0,0.2,5309.598856662127,7176.610893793414,26.015232883058278,173.55971997363926,31.36,490,2487,rural
GLS,30916,0.0,0.2,4470.688846977546,5182.054562818042,13.727484093753919,59.876286869182046,19.31,308,2276,suburban
GLS,30926,0.0,0.2,4852.185158254562,5707.156100114085,14.980682617782826,53.8021301528445,20.06,381,2421,rural
GLS,30938,0.0,0.2,4209.718016434409,5298.987880460923,20.55618711722296,153.22446344831192,28.43,321,1873,rural
GLS,30952,0.0,0.2,3346.1501576329256,4052.359581403284,17.42711646348537,37.755537878390655,11.4,259,1710,suburban
GLS,30966,0.0,0.2,3002.8581981960874,3510.9395596477075,14.471378752603808,31.83238567652256,6.33,220,1619,rural
GLS,30974,0.0,0.2,2534.206261761372,3101.933528043918,18.302367254160842,53.82702268136371,16.59,214,1120,rural
GLS,30982,0.0,0.2,2353.6665879031766,2386.647671549595,1.3818999779303256,66.6831619829418,6.34,209,1154,rural
GLS,30989,0.0,0.2,2615.268356711309,3148.477695946504,16.935465031931884,43.13135688268341,16.28,231,1172,rural
GLS,31275,0.0,0.2,6136.133345953182,6805.937726269975,9.841470892856423,129.47251256919432,17.38,507,3227,suburban
GLS,31303,0.0,0.2,4664.54940264742,5596.886925837495,16.658144706944643,112.90680951768702,24.81,407,2208,rural
GLS,31311,0.0,0.2,3295.867232984546,4871.049261225609,32.33763289523232,139.34872865781722,30.96,326,1483,rural
GLS,31319,0.0,0.2,4127.263622250358,4437.068207504176,6.982191184932927,101.18549289373648,11.04,357,1985,rural
GLS,31515,0.0,0.2,6591.280739735239,8050.858133283889,18.129463584937113,125.1818077488354,33.59,472,3284,rural
GLS,31535,0.0,0.2,8176.988583092626,10569.427946070218,22.63546688794181,357.6158854957556,38.52,705,3227,rural
GLS,31832,0.0,0.2,4599.054101177713,5153.98445539914,10.767016451516463,159.3824695169613,16.88,440,2069,rural
Hermes,30159,0.0,0.2,6062.962079656073,6103.311963748475,0.6611145609476665,6.211813374113814,9.13,207,4412,urban
Hermes,30161,0.0,0.2,3008.5823600085787,3205.3444612983394,6.138563379552079,1.7979843382791898,7.9,80,2187,urban
Hermes,30163,0.0,0.2,3048.8930293353055,3151.45637345559,3.2544745021433745,2.603733329707664,6.63,93,2318,urban
Hermes,30165,0.0,0.2,3033.129266472756,3165.918762514473,4.194343127625024,4.951012974183712,5.34,89,1888,urban
Hermes,30167,0.0,0.2,4238.958951856402,4309.333549458941,1.6330738104822546,5.368928981069905,7.27,135,2918,urban
Hermes,30173,0.0,0.2,3041.3515032202313,3377.006730770633,9.939430220614494,4.775461708125837,11.08,82,1982,urban
Hermes,30177,0.0,0.2,2413.2043168252553,2975.551858278056,18.89893264297634,3.576189607493106,7.86,76,1604,urban
Hermes,30179,0.0,0.2,2305.966094728214,2972.7332058248016,22.429429919581004,8.305970462175056,5.02,88,1492,suburban
Hermes,30419,0.0,0.2,5762.733964010153,5546.714589306118,-3.894546424301568,23.77191867081394,4.3,253,3791,suburban
Hermes,30449,0.0,0.2,4001.7924250870274,4264.762288981972,6.166108356714942,5.186686836161483,9.65,147,2752,urban
Hermes,30453,0.0,0.2,2985.5256914851416,3456.6569376644593,13.629679041786668,9.157258958740025,8.55,127,1923,suburban
Hermes,30455,0.0,0.2,3111.6804318825452,3386.0721023475717,8.103538913858038,6.967819653017212,9.92,152,1769,suburban
Hermes,30457,0.0,0.2,2830.584748192477,3390.4448760059295,16.51288100200551,6.068989648841514,13.07,130,1718,suburban
Hermes,30459,0.0,0.2,3057.8387519278303,3359.004573372854,8.965924721639066,7.274391190340525,11.99,121,1718,urban
Hermes,30519,0.0,0.2,4476.2640968652395,5162.317584328793,13.289641256210203,13.714884737746765,13.8,229,2920,urban
Hermes,30539,0.0,0.2,3118.3189209156803,3748.1337976976,16.803425671965122,19.21423828970633,16.65,149,1846,rural
Hermes,30559,0.0,0.2,4583.1176885187215,5370.925287647466,14.668005174836718,19.484913733542943,14.22,216,2928,suburban
Hermes,30625,0.0,0.2,3048.792829512774,3247.4589705680532,6.117587407748775,8.86389555258122,10.86,112,1721,urban
Hermes,30627,0.0,0.2,1734.3548052369042,1976.5200916772521,12.252103454959027,3.390385523567528,11.3,80,1110,suburban
Hermes,30629,0.0,0.2,2528.662856274208,3288.097282907375,23.096470733422642,14.669809711755615,13.03,120,1544,suburban
Hermes,30655,0.0,0.2,3044.337706341194,3426.8003677575816,11.16092623938471,4.462508901721823,9.19,134,1982,suburban
Hermes,30657,0.0,0.2,2938.5898760217133,3245.628188162223,9.460058094774084,12.670949194485749,6.89,133,1834,rural
Hermes,30659,0.0,0.2,2685.8018363549495,3215.6998845024846,16.47846712005956,11.3882150903338,10.33,126,1587,suburban
Hermes,30823,0.0,0.2,3570.053970175091,3936.6042296322357,9.311331240717298,12.528872220645557,8.05,216,2384,suburban
Hermes,30826,0.0,0.2,3620.824365624342,4191.43021519428,13.613631153906484,56.38950461206911,9.0,221,2156,rural
Hermes,30827,0.0,0.2,3089.8123145946543,3247.3865843141566,4.852340971063715,10.610683695060027,5.18,139,1865,suburban
Hermes,30851,0.0,0.2,2732.1806701774785,2857.2114343496014,4.375971713853375,4.12190647126244,3.44,95,1650,suburban
Hermes,30853,0.0,0.2,2315.793671987992,2627.454020793578,11.86168611664055,8.711379660258004,3.75,121,1477,suburban
Hermes,30855,0.0,0.2,8658.56494813409,8658.56494813409,0.0,58.08159729436245,2.52,261,7102,suburban
Hermes,30880,0.0,0.2,6358.566800098718,6718.354835871605,5.3552996911067465,33.96099660372796,20.27,312,3668,suburban
Hermes,30890,0.0,0.2,6918.071775232111,7568.635969962485,8.595527613063405,102.53407734275534,19.74,454,3618,rural
Hermes,30900,0.0,0.2,7696.514876914835,7696.514876914835,0.0,173.55971997363926,12.32,527,3644,rural
Hermes,30916,0.0,0.2,5575.597062897004,5798.014253899346,3.8360925182748384,59.876286869182046,10.8,310,3232,suburban
Hermes,30926,0.0,0.2,5981.497888198291,5981.497888198291,0.0,53.8021301528445,10.52,393,3537,rural
Hermes,30938,0.0,0.2,5598.790639173518,6007.684029332934,6.806173363362089,153.22446344831192,16.57,334,2656,rural
Hermes,30952,0.0,0.2,4338.012877026647,5277.6182452376,17.80358723480673,37.755537878390655,15.6,274,2488,suburban
Hermes,30966,0.0,0.2,3829.551862294703,4601.173469262583,16.77010467270094,31.83238567652256,16.87,229,2313,rural
Hermes,30974,0.0,0.2,3157.999564102075,4626.2307003590395,31.73709292411673,53.82702268136371,22.19,228,1616,rural
Hermes,30982,0.0,0.2,3541.6597728488136,4596.833861562218,22.954366428957844,66.6831619829418,23.78,220,1680,rural
Hermes,30989,0.0,0.2,3451.4909570809123,4185.515150068637,17.537248502748525,43.13135688268341,15.58,242,1681,rural
Hermes,31275,0.0,0.2,9208.740304453162,9418.194923082388,2.223935906400587,129.47251256919432,23.26,528,4698,suburban
Hermes,31303,0.0,0.2,6122.07497578582,6888.21710469868,11.122502634103222,112.90680951768702,22.27,425,3161,rural
Hermes,31311,0.0,0.2,4861.129950418927,6231.959144058387,21.996761563278575,139.34872865781722,32.49,345,2196,rural
Hermes,31319,0.0,0.2,5262.141185797908,6653.523191455497,20.911958456001347,101.18549289373648,23.57,378,2907,rural
Hermes,31515,0.0,0.2,8878.09271683424,9098.73098096226,2.4249344726168127,125.1818077488354,20.37,503,4758,rural
Hermes,31535,0.0,0.2,11228.20638802262,11828.260970846719,5.073058366762978,357.6158854957556,19.5,777,4780,rural
Hermes,31832,0.0,0.2,6330.934826276852,8226.290929342216,23.040226991059257,159.3824695169613,28.44,458,3015,rural
UPS,30159,0.0,0.2,14549.05347744673,14124.871351764605,-3.0030866484963292,10.98727508223965,10.54,282,11805,urban
UPS,30161,0.0,0.2,6083.6199929251425,5917.055804797465,-2.814984235785473,1.7979843382791898,8.59,80,4726,urban
UPS,30163,0.0,0.2,6656.2142272482015,6504.720392897118,-2.3289830338673565,14.485893399375826,6.02,215,5283,urban
UPS,30165,0.0,0.2,3366.568507572423,3773.2492250252108,10.777997773260534,4.951012974183712,6.57,77,2701,urban
UPS,30167,0.0,0.2,5827.266235641589,6006.644999548211,2.9863386952302537,5.368928981069905,8.81,137,4551,urban
UPS,30419,0.0,0.2,2771.054628834598,3598.2785262855646,22.989434848027013,23.77191867081394,7.09,153,2053,suburban
UPS,30449,0.0,0.2,6297.2410349681795,6798.755020154903,7.376556203304659,12.46107802650201,12.33,209,4685,urban
UPS,30453,0.0,0.2,2729.695680764706,3375.021836857729,19.120651281292016,9.157258958740025,10.59,118,1821,suburban
UPS,30455,0.0,0.2,1500.4209269091116,1985.0500139571805,24.41394844666734,6.967819653017212,12.14,99,812,suburban
UPS,30457,0.0,0.2,1638.652800781536,2069.491599260607,20.81858165710855,6.068989648841514,14.87,93,1021,suburban
UPS,30519,0.0,0.2,4774.877785831121,4937.054841641878,3.2848947603916523,13.714884737746765,14.32,178,3064,urban
UPS,30539,0.0,0.2,3969.2564777820617,4533.06046911727,12.437601377177282,19.21423828970633,16.42,96,2701,rural
UPS,30559,0.0,0.2,4420.650724080568,5027.435680366569,12.069472288937531,19.484913733542943,13.47,141,3087,suburban
UPS,30625,0.0,0.2,3653.499206469267,4315.013444156701,15.330525530186755,12.254281076148748,10.42,148,2727,urban
UPS,30655,0.0,0.2,1648.9397696236288,2121.9137816651596,22.289973142564122,4.462508901721823,8.22,93,1218,suburban
UPS,30657,0.0,0.2,4721.2906016903835,4786.350272484361,1.3592751698092564,12.670949194485749,5.0,96,3745,rural
UPS,30659,0.0,0.2,3281.3399047338075,3729.581575766453,12.0185511947283,26.058024802089417,10.16,158,2385,suburban
UPS,30823,0.0,0.2,2080.505354308471,2901.0492307771306,28.2843830350598,12.528872220645557,11.23,141,1337,suburban
UPS,30826,0.0,0.2,1667.913246432196,2179.7117952412614,23.480101815589656,56.38950461206911,11.69,77,1105,rural
UPS,30827,0.0,0.2,3043.7456016403944,3291.825156956803,7.536231223949659,10.610683695060027,8.21,92,2105,suburban
UPS,30853,0.0,0.2,4632.878422889643,4885.572256538386,5.172246369103669,12.833286131520444,2.1,167,3668,suburban
UPS,30855,0.0,0.2,12977.610525683578,12372.313669298126,-4.8923497460907015,59.06346106841505,2.73,226,11475,suburban
UPS,30880,0.0,0.2,6091.341985576215,7164.597554373629,14.97998402076673,33.96099660372796,20.44,221,4190,suburban
UPS,30890,0.0,0.2,3269.0147714699456,4686.02421265492,30.239055047096137,102.53407734275534,22.83,246,1795,rural
UPS,30900,0.0,0.2,3580.033805626911,5252.628048739307,31.84299797343995,173.55971997363926,10.9,296,2208,rural
UPS,30916,0.0,0.2,5330.604708643677,6109.051569407693,12.742515788575842,59.876286869182046,7.96,236,4019,suburban
UPS,30926,0.0,0.2,2591.6661978568727,3963.3498677038015,34.609199682934495,53.8021301528445,13.64,194,1634,rural
UPS,30938,0.0,0.2,5454.963120740805,6063.945568650633,10.04267668658082,153.22446344831192,13.43,195,3590,rural
UPS,30952,0.0,0.2,2276.8134890875185,3731.55368849277,38.984839046837955,37.755537878390655,17.72,163,1329,suburban
UPS,30966,0.0,0.2,2258.879863703442,3533.856164661857,36.078896297705235,31.83238567652256,18.2,136,1386,rural
UPS,30974,0.0,0.2,1999.6287071735524,3208.8293030723075,37.683543800257645,53.82702268136371,24.68,134,1072,rural
UPS,30982,0.0,0.2,1896.5477801624836,3007.173952156455,36.932554939082834,66.6831619829418,24.88,141,878,rural
UPS,30989,0.0,0.2,2000.3668396818719,3364.1454124269208,40.53863330958719,43.13135688268341,18.29,160,1191,rural
UPS,31275,0.0,0.2,5033.349720264571,6734.00020753597,25.25468421233806,129.47251256919432,21.19,339,2904,suburban
UPS,31303,0.0,0.2,3208.5545100374043,4633.075702530725,30.746771344901713,112.90680951768702,19.35,259,1804,rural
UPS,31311,0.0,0.2,2261.674973041504,3968.942591958489,43.015679349358585,139.34872865781722,29.65,195,1062,rural
UPS,31319,0.0,0.2,2021.0817088549802,3441.882252785476,41.279754494235185,101.18549289373648,22.42,153,1055,rural
UPS,31515,0.0,0.2,5105.164385861037,6718.456041625136,24.012833391611476,125.1818077488354,23.29,321,3281,rural
UPS,31535,0.0,0.2,4883.0073876099095,8009.28273019456,39.03315000728795,357.6158854957556,20.99,322,2571,rural
UPS,31832,0.0,0.2,3221.098509589399,5227.687081644636,38.383869208636,159.3824695169613,30.54,251,1605,rural
DHL,30159,0.4,0.2,21973.50194568585,21973.50194568585,0.0,6.211813374113814,2.18,221,23058,urban
DHL,30161,0.4,0.2,10909.00812046849,10909.00812046849,0.0,1.7979843382791898,1.04,84,11554,urban
DHL,30163,0.4,0.2,9914.04927442146,9914.04927442146,0.0,2.603733329707664,1.7,95,10484,urban
DHL,30165,0.4,0.2,8565.397376626115,8565.397376626115,0.0,4.951012974183712,1.88,94,8599,urban
DHL,30167,0.4,0.2,13540.33589751315,13540.33589751315,0.0,5.368928981069905,1.39,142,13892,urban
DHL,30169,0.4,0.2,5441.748523674446,5441.748523674446,0.0,2.9960433745102675,2.4,76,5294,urban
DHL,30173,0.4,0.2,8900.020227394843,8900.020227394843,0.0,4.775461708125837,3.83,88,8547,urban
DHL,30177,0.4,0.2,6717.193405547422,6717.193405547422,0.0,3.576189607493106,2.83,80,6260,urban
DHL,30179,0.4,0.2,7015.019470078845,7015.019470078845,0.0,8.305970462175056,3.55,96,6322,suburban
DHL,30419,0.4,0.2,15260.397562746597,15260.397562746597,0.0,23.77191867081394,5.16,274,14775,suburban
DHL,30449,0.4,0.2,7432.014762814106,7432.014762814106,0.0,2.190643461651216,1.56,91,7431,urban
DHL,30453,0.4,0.2,8728.871611104647,8728.871611104647,0.0,9.157258958740025,2.98,148,8150,suburban
DHL,30455,0.4,0.2,7560.480077937329,7560.480077937329,0.0,6.967819653017212,3.04,160,6748,suburban
DHL,30457,0.4,0.2,7333.849598031452,7333.849598031452,0.0,6.068989648841514,2.4,139,6736,suburban
DHL,30459,0.4,0.2,6748.368740605874,6748.368740605874,0.0,7.274391190340525,1.24,125,6561,urban
DHL,30519,0.4,0.2,13335.327593044716,13335.327593044716,0.0,13.714884737746765,5.03,248,12645,urban
DHL,30539,0.4,0.2,9296.282509988963,9296.282509988963,0.0,19.21423828970633,3.99,164,8372,rural
DHL,30559,0.4,0.2,12462.482929522981,12462.482929522981,0.0,19.484913733542943,1.93,224,12320,suburban
DHL,30625,0.4,0.2,8084.182917612831,8084.182917612831,0.0,8.86389555258122,4.99,117,7084,urban
DHL,30627,0.4,0.2,5566.459185356654,5566.459185356654,0.0,3.390385523567528,4.61,82,4809,suburban
DHL,30629,0.4,0.2,6830.019894903581,6830.019894903581,0.0,14.669809711755615,4.28,124,5907,suburban
DHL,30655,0.4,0.2,8770.048460462032,8770.048460462032,0.0,4.462508901721823,5.25,139,7945,suburban
DHL,30657,0.4,0.2,9997.913539537092,9997.913539537092,0.0,12.670949194485749,6.56,140,9056,rural
DHL,30659,0.4,0.2,7841.281218861646,7841.281218861646,0.0,11.3882150903338,7.01,131,6829,suburban
DHL,30823,0.4,0.2,10202.29191336214,10202.29191336214,0.0,12.528872220645557,3.26,227,9437,suburban
DHL,30826,0.4,0.2,9289.171862330428,9289.171862330428,0.0,56.38950461206911,1.44,239,8281,rural
DHL,30827,0.4,0.2,8499.259441991915,8499.259441991915,0.0,10.610683695060027,3.25,153,8048,suburban
DHL,30851,0.4,0.2,7091.396611882496,7091.396611882496,0.0,4.12190647126244,5.02,97,6654,suburban
DHL,30853,0.4,0.2,8087.121413003322,8087.121413003322,0.0,8.711379660258004,6.98,132,7164,suburban
DHL,30855,0.4,0.2,33181.974645551454,33181.974645551454,0.0,59.06346106841505,5.9,278,32854,suburban
DHL,30880,0.4,0.2,17626.17972557684,17626.17972557684,0.0,33.96099660372796,5.11,360,16161,suburban
DHL,30890,0.4,0.2,16098.044263724361,16098.044263724361,0.0,102.53407734275534,4.73,504,13989,rural
DHL,30900,0.4,0.2,17593.529073393336,17593.529073393336,0.0,173.55971997363926,4.94,590,14609,rural
DHL,30916,0.4,0.2,17062.590954336305,17062.590954336305,0.0,59.876286869182046,11.0,355,14499,suburban
DHL,30926,0.4,0.2,14775.4174568136,14775.4174568136,0.0,53.8021301528445,0.37,429,13519,rural
DHL,30938,0.4,0.2,14888.20103197316,14888.20103197316,0.0,153.22446344831192,10.53,355,12030,rural
DHL,30952,0.4,0.2,11029.332668750209,11029.332668750209,0.0,37.755537878390655,5.68,286,9709,suburban
DHL,30966,0.4,0.2,10564.896592403224,10564.896592403224,0.0,31.83238567652256,5.52,237,9182,rural
DHL,30974,0.4,0.2,7602.589230059956,7602.589230059956,0.0,53.82702268136371,1.4,244,6515,rural
DHL,30982,0.4,0.2,8026.683955967339,8026.683955967339,0.0,66.6831619829418,2.77,239,6551,rural
DHL,30989,0.4,0.2,8197.588934134921,8197.588934134921,0.0,43.13135688268341,5.72,271,6841,rural
DHL,31275,0.4,0.2,20490.51279819747,20490.51279819747,0.0,129.47251256919432,2.93,571,18743,suburban
DHL,31303,0.4,0.2,14494.326252546625,14494.326252546625,0.0,112.90680951768702,1.84,468,12605,rural
DHL,31311,0.4,0.2,10485.698502104207,10485.698502104207,0.0,139.34872865781722,3.81,380,8577,rural
DHL,31319,0.4,0.2,12204.762656945873,12204.762656945873,0.0,101.18549289373648,0.58,411,10967,rural
DHL,31515,0.4,0.2,21088.897809861297,21088.897809861297,0.0,125.1818077488354,5.28,537,19286,rural
DHL,31535,0.4,0.2,22512.716761824166,22512.716761824166,0.0,357.6158854957556,5.5,880,18533,rural
DHL,31832,0.4,0.2,14457.781202836444,14457.781202836444,0.0,159.3824695169613,4.65,515,11902,rural
Amazon,30159,0.4,0.2,11555.196270293998,11555.196270293998,0.0,6.211813374113814,13.81,221,9019,urban
Amazon,30161,0.4,0.2,6224.7449789257325,6224.7449789257325,0.0,1.7979843382791898,12.74,83,4512,urban
Amazon,30163,0.4,0.2,5889.0064831046275,5889.0064831046275,0.0,2.603733329707664,12.41,93,4469,urban
Amazon,30165,0.4,0.2,4750.233821598029,4750.233821598029,0.0,4.951012974183712,10.52,92,3574,urban
Amazon,30167,0.4,0.2,7175.254343343608,7175.254343343608,0.0,5.368928981069905,10.65,139,5730,urban
Amazon,30173,0.4,0.2,5164.654397653723,5164.654397653723,0.0,4.775461708125837,15.11,87,3759,urban
Amazon,30177,0.4,0.2,4343.242376782357,4343.242376782357,0.0,3.576189607493106,13.99,79,2906,urban
Amazon,30179,0.4,0.2,4390.652005410074,4390.652005410074,0.0,8.305970462175056,12.08,95,2781,suburban
Amazon,30419,0.4,0.2,8519.368501277868,8519.368501277868,0.0,23.77191867081394,6.74,265,6859,suburban
Amazon,30449,0.4,0.2,7005.60345798299,7005.60345798299,0.0,5.186686836161483,12.61,159,5275,urban
Amazon,30453,0.4,0.2,4970.930164967193,4970.930164967193,0.0,9.157258958740025,9.82,139,3593,suburban
Amazon,30455,0.4,0.2,4820.378887430032,4820.378887430032,0.0,6.967819653017212,9.84,158,3165,suburban
Amazon,30457,0.4,0.2,4934.7989617734975,4934.7989617734975,0.0,6.068989648841514,13.37,135,3134,suburban
Amazon,30459,0.4,0.2,4858.408897775894,4858.408897775894,0.0,7.274391190340525,13.92,124,3087,urban
Amazon,30519,0.4,0.2,8140.269152347262,8140.269152347262,0.0,13.714884737746765,17.38,242,5508,urban
Amazon,30539,0.4,0.2,5821.859629336905,5821.859629336905,0.0,19.21423828970633,21.37,157,3516,rural
Amazon,30559,0.4,0.2,8252.52270516162,8252.52270516162,0.0,19.484913733542943,20.15,222,5369,suburban
Amazon,30625,0.4,0.2,4932.584335545381,4932.584335545381,0.0,8.86389555258122,16.66,114,3180,urban
Amazon,30627,0.4,0.2,3472.360903435115,3472.360903435115,0.0,3.390385523567528,17.89,79,2090,suburban
Amazon,30629,0.4,0.2,4629.145185289602,4629.145185289602,0.0,14.669809711755615,20.32,122,2757,suburban
Amazon,30655,0.4,0.2,5061.237427944449,5061.237427944449,0.0,4.462508901721823,16.14,137,3642,suburban
Amazon,30657,0.4,0.2,5227.080664344542,5227.080664344542,0.0,12.670949194485749,15.05,138,3559,rural
Amazon,30659,0.4,0.2,4975.003626465991,4975.003626465991,0.0,11.3882150903338,18.11,130,3002,suburban
Amazon,30823,0.4,0.2,5705.037154540299,5705.037154540299,0.0,12.528872220645557,1.29,222,4370,suburban
Amazon,30826,0.4,0.2,5673.254342811335,5673.254342811335,0.0,56.38950461206911,3.98,233,3852,rural
Amazon,30827,0.4,0.2,4536.061456785562,4536.061456785562,0.0,10.610683695060027,3.78,150,3498,suburban
Amazon,30851,0.4,0.2,4490.007090916008,4490.007090916008,0.0,4.12190647126244,11.33,96,3032,suburban
Amazon,30853,0.4,0.2,4319.068900643669,4319.068900643669,0.0,8.711379660258004,12.37,128,2911,suburban
Amazon,30855,0.4,0.2,16244.345238115564,16244.345238115564,0.0,59.06346106841505,9.96,271,13592,suburban
Amazon,30880,0.4,0.2,11278.054808972109,11278.054808972109,0.0,33.96099660372796,23.78,345,6971,suburban
Amazon,30890,0.4,0.2,10080.548522471709,10080.548522471709,0.0,102.53407734275534,12.55,490,6502,rural
Amazon,30900,0.4,0.2,12085.38072969665,12085.38072969665,0.0,173.55971997363926,17.55,570,6667,rural
Amazon,30916,0.4,0.2,9904.82527723206,9904.82527723206,0.0,59.876286869182046,19.41,344,6164,suburban
Amazon,30926,0.4,0.2,8752.96361616949,8752.96361616949,0.0,53.8021301528445,4.34,415,6338,rural
Amazon,30938,0.4,0.2,9384.90809448861,9384.90809448861,0.0,153.22446344831192,24.95,346,5072,rural
Amazon,30952,0.4,0.2,7076.623355325187,7076.623355325187,0.0,37.755537878390655,14.14,275,4476,suburban
Amazon,30966,0.4,0.2,6955.194722247112,6955.194722247112,0.0,31.83238567652256,17.79,233,4221,rural
Amazon,30974,0.4,0.2,5436.138154721389,5436.138154721389,0.0,53.82702268136371,18.26,240,2971,rural
Amazon,30982,0.4,0.2,6084.06789519755,6084.06789519755,0.0,66.6831619829418,24.57,233,3044,rural
Amazon,30989,0.4,0.2,5499.955907320829,5499.955907320829,0.0,43.13135688268341,11.39,265,3112,rural
Amazon,31275,0.4,0.2,14129.512676709497,14129.512676709497,0.0,129.47251256919432,30.8,550,8588,suburban
Amazon,31303,0.4,0.2,10291.231205914351,10291.231205914351,0.0,112.90680951768702,30.88,449,5793,rural
Amazon,31311,0.4,0.2,8790.113460938559,8790.113460938559,0.0,139.34872865781722,40.99,367,3965,rural
Amazon,31319,0.4,0.2,9320.815628099372,9320.815628099372,0.0,101.18549289373648,29.57,396,5228,rural
Amazon,31515,0.4,0.2,12450.58174407703,12450.58174407703,0.0,125.1818077488354,12.09,525,8733,rural
Amazon,31535,0.4,0.2,15851.91067139521,15851.91067139521,0.0,357.6158854957556,16.13,834,8625,rural
Amazon,31832,0.4,0.2,11355.500473785536,11355.500473785536,0.0,159.3824695169613,25.63,491,5466,rural
DPD,30159,0.4,0.2,6656.069904499083,6656.069904499083,0.0,6.211813374113814,13.32,219,4783,urban
DPD,30161,0.4,0.2,3438.6384541878197,3438.6384541878197,0.0,1.7979843382791898,14.05,84,2359,urban
DPD,30163,0.4,0.2,3176.704105051865,3176.704105051865,0.0,2.603733329707664,14.01,92,2106,urban
DPD,30165,0.4,0.2,3109.5847921201566,3109.5847921201566,0.0,4.951012974183712,15.88,91,1757,urban
DPD,30167,0.4,0.2,4548.61275587726,4548.61275587726,0.0,5.368928981069905,16.37,138,2824,urban
DPD,30173,0.4,0.2,3042.0725720869623,3042.0725720869623,0.0,4.775461708125837,13.13,86,1708,urban
DPD,30177,0.4,0.2,2301.8161532682093,2301.8161532682093,0.0,3.576189607493106,12.44,75,1250,urban
DPD,30179,0.4,0.2,2402.9493976963904,2402.9493976963904,0.0,8.305970462175056,14.42,89,1256,suburban
DPD,30419,0.4,0.2,5350.888005691542,5350.888005691542,0.0,23.77191867081394,19.64,257,2858,suburban
DPD,30449,0.4,0.2,4115.648431001423,4115.648431001423,0.0,5.186686836161483,15.53,161,2554,urban
DPD,30453,0.4,0.2,3546.158276962033,3546.158276962033,0.0,9.157258958740025,18.23,137,1619,suburban
DPD,30455,0.4,0.2,3189.32194545774,3189.32194545774,0.0,6.967819653017212,19.47,151,1318,suburban
DPD,30457,0.4,0.2,3071.8681502213976,3071.8681502213976,0.0,6.068989648841514,18.69,130,1335,suburban
DPD,30459,0.4,0.2,2692.648089162524,2692.648089162524,0.0,7.274391190340525,16.25,119,1284,urban
DPD,30519,0.4,0.2,4359.743796141659,4359.743796141659,0.0,12.113461405690837,12.99,227,2540,urban
DPD,30539,0.4,0.2,3283.465182476126,3283.465182476126,0.0,19.21423828970633,9.52,156,1695,rural
DPD,30559,0.4,0.2,3964.267070732265,3964.267070732265,0.0,19.484913733542943,7.42,213,2467,suburban
DPD,30625,0.4,0.2,2879.61806243138,2879.61806243138,0.0,8.86389555258122,10.22,108,1405,urban
DPD,30627,0.4,0.2,1734.323815852828,1734.323815852828,0.0,3.390385523567528,8.59,77,971,suburban
DPD,30629,0.4,0.2,2209.7242260325893,2209.7242260325893,0.0,14.669809711755615,6.08,121,1173,suburban
DPD,30655,0.4,0.2,2902.8311877698657,2902.8311877698657,0.0,4.462508901721823,10.23,132,1537,suburban
DPD,30657,0.4,0.2,3254.827165454566,3254.827165454566,0.0,12.670949194485749,12.26,136,1866,rural
DPD,30659,0.4,0.2,2732.1680399331904,2732.1680399331904,0.0,11.3882150903338,8.73,122,1368,suburban
DPD,30823,0.4,0.2,4031.85332034608,4031.85332034608,0.0,12.528872220645557,25.25,211,1867,suburban
DPD,30826,0.4,0.2,4659.6772590054525,4659.6772590054525,0.0,56.38950461206911,27.87,212,1639,rural
DPD,30827,0.4,0.2,3693.9834286058103,3693.9834286058103,0.0,10.610683695060027,23.76,145,1601,suburban
DPD,30851,0.4,0.2,2392.8715311930196,2392.8715311930196,0.0,4.12190647126244,15.63,96,1281,suburban
DPD,30853,0.4,0.2,3054.623065805542,3054.623065805542,0.0,8.711379660258004,15.68,120,1470,suburban
DPD,30855,0.4,0.2,9651.557570967712,9651.557570967712,0.0,59.06346106841505,19.88,265,6668,suburban
DPD,30880,0.4,0.2,5651.747006229777,5651.747006229777,0.0,33.96099660372796,12.89,328,3235,suburban
DPD,30890,0.4,0.2,6923.102121964851,6923.102121964851,0.0,102.53407734275534,32.64,451,2726,rural
DPD,30900,0.4,0.2,7912.531093330155,7912.531093330155,0.0,173.55971997363926,25.52,515,2839,rural
DPD,30916,0.4,0.2,5505.336403799816,5505.336403799816,0.0,59.876286869182046,10.68,308,2914,suburban
DPD,30926,0.4,0.2,6146.851473398595,6146.851473398595,0.0,53.8021301528445,25.6,384,2637,rural
DPD,30938,0.4,0.2,5614.10632319326,5614.10632319326,0.0,153.22446344831192,17.56,317,2412,rural
DPD,30952,0.4,0.2,4651.5791758270425,4651.5791758270425,0.0,37.755537878390655,21.73,266,1895,suburban
DPD,30966,0.4,0.2,4054.5734078226283,4054.5734078226283,0.0,31.83238567652256,17.93,217,1807,rural
DPD,30974,0.4,0.2,4049.5746175540357,4049.5746175540357,0.0,53.82702268136371,28.84,224,1280,rural
DPD,30982,0.4,0.2,3635.1428609264503,3635.1428609264503,0.0,66.6831619829418,20.59,218,1278,rural
DPD,30989,0.4,0.2,4189.963023652114,4189.963023652114,0.0,43.13135688268341,25.63,242,1356,rural
DPD,31275,0.4,0.2,6310.744546848563,6310.744546848563,0.0,129.47251256919432,4.47,516,3643,suburban
DPD,31303,0.4,0.2,5298.7418231419815,5298.7418231419815,0.0,112.90680951768702,10.77,417,2491,rural
DPD,31311,0.4,0.2,4503.622414154428,4503.622414154428,0.0,139.34872865781722,17.19,336,1650,rural
DPD,31319,0.4,0.2,4393.641206526262,4393.641206526262,0.0,101.18549289373648,7.08,368,2115,rural
DPD,31515,0.4,0.2,8672.940895409381,8672.940895409381,0.0,125.1818077488354,38.45,488,3812,rural
DPD,31535,0.4,0.2,10736.90548199021,10736.90548199021,0.0,357.6158854957556,38.17,720,3582,rural
DPD,31832,0.4,0.2,6479.205569246742,6479.205569246742,0.0,159.3824695169613,30.86,456,2309,rural
FedEx,30159,0.4,0.2,12214.299279183924,12214.299279183924,0.0,10.98727508223965,11.75,273,9864,urban
FedEx,30161,0.4,0.2,5224.187237195072,5224.187237195072,0.0,1.7979843382791898,9.67,80,3810,urban
FedEx,30163,0.4,0.2,8257.65060106912,8257.65060106912,0.0,19.436906373559538,7.51,263,6210,urban
FedEx,30167,0.4,0.2,5175.6698343295675,5175.6698343295675,0.0,5.368928981069905,8.96,132,3775,urban
FedEx,30419,0.4,0.2,3306.0595520416546,3306.0595520416546,0.0,23.77191867081394,5.53,136,1709,suburban
FedEx,30449,0.4,0.2,5430.5021475969215,5430.5021475969215,0.0,12.46107802650201,12.7,204,3703,urban
FedEx,30453,0.4,0.2,3326.3835685835006,3326.3835685835006,0.0,9.157258958740025,10.07,106,1516,suburban
FedEx,30455,0.4,0.2,1959.2973539377524,1959.2973539377524,0.0,6.967819653017212,11.34,85,612,suburban
FedEx,30457,0.4,0.2,1996.1328134447208,1996.1328134447208,0.0,6.068989648841514,14.63,82,778,suburban
FedEx,30519,0.4,0.2,4147.606607808722,4147.606607808722,0.0,13.714884737746765,15.57,154,2372,urban
FedEx,30539,0.4,0.2,4110.789837016759,4110.789837016759,0.0,19.21423828970633,18.41,81,2429,rural
FedEx,30559,0.4,0.2,5375.733073538704,5375.733073538704,0.0,34.15472344529856,15.2,165,3144,suburban
FedEx,30625,0.4,0.2,3602.9465575642243,3602.9465575642243,0.0,12.254281076148748,12.66,134,2229,urban
FedEx,30655,0.4,0.2,3651.3066283117864,3651.3066283117864,0.0,15.85072399205562,11.41,144,2242,suburban
FedEx,30657,0.4,0.2,4510.957538899967,4510.957538899967,0.0,12.670949194485749,8.22,82,3429,rural
FedEx,30823,0.4,0.2,2013.2163655803622,2013.2163655803622,0.0,12.528872220645557,8.07,113,878,suburban
FedEx,30827,0.4,0.2,4491.66174623818,4491.66174623818,0.0,67.00018830712914,7.42,137,2757,suburban
FedEx,30853,0.4,0.2,4558.287686101956,4558.287686101956,0.0,12.833286131520444,4.82,152,3029,suburban
FedEx,30855,0.4,0.2,11164.944696921486,11164.944696921486,0.0,59.06346106841505,1.5,210,9970,suburban
FedEx,30880,0.4,0.2,6033.650689518244,6033.650689518244,0.0,33.96099660372796,22.05,184,3498,suburban
FedEx,30890,0.4,0.2,3937.614024274669,3937.614024274669,0.0,102.53407734275534,20.22,167,1281,rural
FedEx,30900,0.4,0.2,4467.0239843658765,4467.0239843658765,0.0,173.55971997363926,10.92,207,1597,rural
FedEx,30916,0.4,0.2,5459.16940205895,5459.16940205895,0.0,59.876286869182046,11.65,204,3245,suburban
FedEx,30926,0.4,0.2,3230.0558047592294,3230.0558047592294,0.0,53.8021301528445,10.98,152,1266,rural
FedEx,30938,0.4,0.2,5737.710883078335,5737.710883078335,0.0,153.22446344831192,16.47,151,3131,rural
FedEx,30952,0.4,0.2,2694.734755168253,2694.734755168253,0.0,37.755537878390655,17.01,132,979,suburban
FedEx,30966,0.4,0.2,2504.2719321468335,2504.2719321468335,0.0,31.83238567652256,18.53,102,1063,rural
FedEx,30974,0.4,0.2,2454.671117478426,2454.671117478426,0.0,53.82702268136371,23.36,94,802,rural
FedEx,30982,0.4,0.2,2716.2138956601093,2716.2138956601093,0.0,66.6831619829418,25.47,105,618,rural
FedEx,30989,0.4,0.2,2473.2391948618315,2473.2391948618315,0.0,43.13135688268341,16.61,128,876,rural
FedEx,31275,0.4,0.2,5422.493872435705,5422.493872435705,0.0,129.47251256919432,24.61,246,2133,suburban
FedEx,31303,0.4,0.2,3973.889348501275,3973.889348501275,0.0,112.90680951768702,23.03,195,1243,rural
FedEx,31311,0.4,0.2,3062.8021398398528,3062.8021398398528,0.0,139.34872865781722,33.34,113,675,rural
FedEx,31319,0.4,0.2,2817.067630852216,2817.067630852216,0.0,101.18549289373648,25.21,119,751,rural
FedEx,31515,0.4,0.2,5470.280769208987,5470.280769208987,0.0,125.1818077488354,19.63,249,2478,rural
FedEx,31535,0.4,0.2,6228.495098699879,6228.495098699879,0.0,357.6158854957556,17.87,237,2005,rural
FedEx,31832,0.4,0.2,4547.708372184966,4547.708372184966,0.0,159.3824695169613,29.81,182,1068,rural
GLS,30159,0.4,0.2,4840.335510593373,4840.335510593373,0.0,6.211813374113814,11.0,208,3332,urban
GLS,30161,0.4,0.2,3003.1123197883485,3003.1123197883485,0.0,1.7979843382791898,12.21,80,1649,urban
GLS,30163,0.4,0.2,4530.9209569497225,4530.9209569497225,0.0,6.17992293720077,13.11,162,2801,urban
GLS,30165,0.4,0.2,2518.402065806431,2518.402065806431,0.0,4.951012974183712,14.79,86,1358,urban
GLS,30167,0.4,0.2,3486.1823236641876,3486.1823236641876,0.0,5.368928981069905,13.23,133,2147,urban
GLS,30173,0.4,0.2,2554.876072428404,2554.876072428404,0.0,4.775461708125837,9.02,83,1424,urban
GLS,30179,0.4,0.2,2012.9451781141186,2012.9451781141186,0.0,8.305970462175056,15.58,89,1034,suburban
GLS,30419,0.4,0.2,5101.804856969734,5101.804856969734,0.0,23.77191867081394,17.6,248,2617,suburban
GLS,30449,0.4,0.2,3412.5020081467483,3412.5020081467483,0.0,5.186686836161483,10.84,150,1981,urban
GLS,30453,0.4,0.2,3168.728615727752,3168.728615727752,0.0,9.157258958740025,13.29,125,1373,suburban
GLS,30455,0.4,0.2,2732.89498767275,2732.89498767275,0.0,6.967819653017212,13.26,149,1201,suburban
GLS,30457,0.4,0.2,2344.3788154149365,2344.3788154149365,0.0,6.068989648841514,10.08,128,1189,suburban
GLS,30459,0.4,0.2,2084.898287419,2084.898287419,0.0,7.274391190340525,9.13,113,1169,urban
GLS,30519,0.4,0.2,3551.9496596439303,3551.9496596439303,0.0,13.714884737746765,6.3,224,2084,urban
GLS,30539,0.4,0.2,2580.3663075652257,2580.3663075652257,0.0,19.21423828970633,5.29,145,1310,rural
GLS,30559,0.4,0.2,3658.07773972127,3658.07773972127,0.0,19.484913733542943,8.92,208,2040,suburban
GLS,30625,0.4,0.2,2259.1204653397162,2259.1204653397162,0.0,8.86389555258122,10.34,105,1185,urban
GLS,30627,0.4,0.2,1778.1322716706136,1778.1322716706136,0.0,3.390385523567528,11.43,78,774,suburban
GLS,30629,0.4,0.2,2143.7517893568083,2143.7517893568083,0.0,14.669809711755615,12.94,116,1080,suburban
GLS,30655,0.4,0.2,2960.5284409044616,2960.5284409044616,0.0,4.462508901721823,13.05,124,1383,suburban
GLS,30657,0.4,0.2,2873.29432340711,2873.29432340711,0.0,12.670949194485749,16.66,127,1325,rural
GLS,30659,0.4,0.2,2313.189380462103,2313.189380462103,0.0,11.3882150903338,14.84,124,1138,suburban
GLS,30823,0.4,0.2,4081.0154973189988,4081.0154973189988,0.0,12.528872220645557,21.76,209,1687,suburban
GLS,30826,0.4,0.2,4802.849009920454,4802.849009920454,0.0,56.38950461206911,26.25,214,1480,rural
GLS,30827,0.4,0.2,3413.7429042160657,3413.7429042160657,0.0,10.610683695060027,22.43,133,1331,suburban
GLS,30851,0.4,0.2,2060.2946146334557,2060.2946146334557,0.0,4.12190647126244,17.37,95,1137,suburban
GLS,30853,0.4,0.2,2481.088173620477,2481.088173620477,0.0,8.711379660258004,18.94,117,1083,suburban
GLS,30855,0.4,0.2,8370.230959567252,8370.230959567252,0.0,58.08159729436245,22.3,262,5111,suburban
GLS,30880,0.4,0.2,4450.294123718125,4450.294123718125,0.0,33.96099660372796,1.58,305,2630,suburban
GLS,30890,0.4,0.2,6293.752660817818,6293.752660817818,0.0,102.53407734275534,23.44,436,2471,rural
GLS,30900,0.4,0.2,7176.610893793414,7176.610893793414,0.0,173.55971997363926,31.36,490,2487,rural
GLS,30916,0.4,0.2,5182.054562818042,5182.054562818042,0.0,59.876286869182046,19.31,308,2276,suburban
GLS,30926,0.4,0.2,5707.156100114085,5707.156100114085,0.0,53.8021301528445,20.06,381,2421,rural
GLS,30938,0.4,0.2,5298.987880460923,5298.987880460923,0.0,153.22446344831192,28.43,321,1873,rural
GLS,30952,0.4,0.2,4052.359581403284,4052.359581403284,0.0,37.755537878390655,11.4,259,1710,suburban
GLS,30966,0.4,0.2,3510.9395596477075,3510.9395596477075,0.0,31.83238567652256,6.33,220,1619,rural
GLS,30974,0.4,0.2,3101.933528043918,3101.933528043918,0.0,53.82702268136371,16.59,214,1120,rural
GLS,30982,0.4,0.2,2386.647671549595,2386.647671549595,0.0,66.6831619829418,6.34,209,1154,rural
GLS,30989,0.4,0.2,3148.477695946504,3148.477695946504,0.0,43.13135688268341,16.28,231,1172,rural
GLS,31275,0.4,0.2,6805.937726269975,6805.937726269975,0.0,129.47251256919432,17.38,507,3227,suburban
GLS,31303,0.4,0.2,5596.886925837495,5596.886925837495,0.0,112.90680951768702,24.81,407,2208,rural
GLS,31311,0.4,0.2,4871.049261225609,4871.049261225609,0.0,139.34872865781722,30.96,326,1483,rural
GLS,31319,0.4,0.2,4437.068207504176,4437.068207504176,0.0,101.18549289373648,11.04,357,1985,rural
GLS,31515,0.4,0.2,8050.858133283889,8050.858133283889,0.0,125.1818077488354,33.59,472,3284,rural
GLS,31535,0.4,0.2,10569.427946070218,10569.427946070218,0.0,357.6158854957556,38.52,705,3227,rural
GLS,31832,0.4,0.2,5153.98445539914,5153.98445539914,0.0,159.3824695169613,16.88,440,2069,rural
Hermes,30159,0.4,0.2,6103.311963748475,6103.311963748475,0.0,6.211813374113814,9.13,207,4412,urban
Hermes,30161,0.4,0.2,3205.3444612983394,3205.3444612983394,0.0,1.7979843382791898,7.9,80,2187,urban
Hermes,30163,0.4,0.2,3151.45637345559,3151.45637345559,0.0,2.603733329707664,6.63,93,2318,urban
Hermes,30165,0.4,0.2,3165.918762514473,3165.918762514473,0.0,4.951012974183712,5.34,89,1888,urban
Hermes,30167,0.4,0.2,4309.333549458941,4309.333549458941,0.0,5.368928981069905,7.27,135,2918,urban
Hermes,30173,0.4,0.2,3377.006730770633,3377.006730770633,0.0,4.775461708125837,11.08,82,1982,urban
Hermes,30177,0.4,0.2,2975.551858278056,2975.551858278056,0.0,3.576189607493106,7.86,76,1604,urban
Hermes,30179,0.4,0.2,2972.7332058248016,2972.7332058248016,0.0,8.305970462175056,5.02,88,1492,suburban
Hermes,30419,0.4,0.2,5546.714589306118,5546.714589306118,0.0,23.77191867081394,4.3,253,3791,suburban
Hermes,30449,0.4,0.2,4264.762288981972,4264.762288981972,0.0,5.186686836161483,9.65,147,2752,urban
Hermes,30453,0.4,0.2,3456.6569376644593,3456.6569376644593,0.0,9.157258958740025,8.55,127,1923,suburban
Hermes,30455,0.4,0.2,3386.0721023475717,3386.0721023475717,0.0,6.967819653017212,9.92,152,1769,suburban
Hermes,30457,0.4,0.2,3390.4448760059295,3390.4448760059295,0.0,6.068989648841514,13.07,130,1718,suburban
Hermes,30459,0.4,0.2,3359.004573372854,3359.004573372854,0.0,7.274391190340525,11.99,121,1718,urban
Hermes,30519,0.4,0.2,5162.317584328793,5162.317584328793,0.0,13.714884737746765,13.8,229,2920,urban
Hermes,30539,0.4,0.2,3748.1337976976,3748.1337976976,0.0,19.21423828970633,16.65,149,1846,rural
Hermes,30559,0.4,0.2,5370.925287647466,5370.925287647466,0.0,19.484913733542943,14.22,216,2928,suburban
Hermes,30625,0.4,0.2,3247.4589705680532,3247.4589705680532,0.0,8.86389555258122,10.86,112,1721,urban
Hermes,30627,0.4,0.2,1976.5200916772521,1976.5200916772521,0.0,3.390385523567528,11.3,80,1110,suburban
Hermes,30629,0.4,0.2,3288.097282907375,3288.097282907375,0.0,14.669809711755615,13.03,120,1544,suburban
Hermes,30655,0.4,0.2,3426.8003677575816,3426.8003677575816,0.0,4.462508901721823,9.19,134,1982,suburban
Hermes,30657,0.4,0.2,3245.628188162223,3245.628188162223,0.0,12.670949194485749,6.89,133,1834,rural
Hermes,30659,0.4,0.2,3215.6998845024846,3215.6998845024846,0.0,11.3882150903338,10.33,126,1587,suburban
Hermes,30823,0.4,0.2,3936.6042296322357,3936.6042296322357,0.0,12.528872220645557,8.05,216,2384,suburban
Hermes,30826,0.4,0.2,4191.43021519428,4191.43021519428,0.0,56.38950461206911,9.0,221,2156,rural
Hermes,30827,0.4,0.2,3247.3865843141566,3247.3865843141566,0.0,10.610683695060027,5.18,139,1865,suburban
Hermes,30851,0.4,0.2,2857.2114343496014,2857.2114343496014,0.0,4.12190647126244,3.44,95,1650,suburban
Hermes,30853,0.4,0.2,2627.454020793578,2627.454020793578,0.0,8.711379660258004,3.75,121,1477,suburban
Hermes,30855,0.4,0.2,8658.56494813409,8658.56494813409,0.0,58.08159729436245,2.52,261,7102,suburban
Hermes,30880,0.4,0.2,6718.354835871605,6718.354835871605,0.0,33.96099660372796,20.27,312,3668,suburban
Hermes,30890,0.4,0.2,7568.635969962485,7568.635969962485,0.0,102.53407734275534,19.74,454,3618,rural
Hermes,30900,0.4,0.2,7696.514876914835,7696.514876914835,0.0,173.55971997363926,12.32,527,3644,rural
Hermes,30916,0.4,0.2,5798.014253899346,5798.014253899346,0.0,59.876286869182046,10.8,310,3232,suburban
Hermes,30926,0.4,0.2,5981.497888198291,5981.497888198291,0.0,53.8021301528445,10.52,393,3537,rural
Hermes,30938,0.4,0.2,6007.684029332934,6007.684029332934,0.0,153.22446344831192,16.57,334,2656,rural
Hermes,30952,0.4,0.2,5277.6182452376,5277.6182452376,0.0,37.755537878390655,15.6,274,2488,suburban
Hermes,30966,0.4,0.2,4601.173469262583,4601.173469262583,0.0,31.83238567652256,16.87,229,2313,rural
Hermes,30974,0.4,0.2,4626.2307003590395,4626.2307003590395,0.0,53.82702268136371,22.19,228,1616,rural
Hermes,30982,0.4,0.2,4596.833861562218,4596.833861562218,0.0,66.6831619829418,23.78,220,1680,rural
Hermes,30989,0.4,0.2,4185.515150068637,4185.515150068637,0.0,43.13135688268341,15.58,242,1681,rural
Hermes,31275,0.4,0.2,9418.194923082388,9418.194923082388,0.0,129.47251256919432,23.26,528,4698,suburban
Hermes,31303,0.4,0.2,6888.21710469868,6888.21710469868,0.0,112.90680951768702,22.27,425,3161,rural
Hermes,31311,0.4,0.2,6231.959144058387,6231.959144058387,0.0,139.34872865781722,32.49,345,2196,rural
Hermes,31319,0.4,0.2,6653.523191455497,6653.523191455497,0.0,101.18549289373648,23.57,378,2907,rural
Hermes,31515,0.4,0.2,9098.73098096226,9098.73098096226,0.0,125.1818077488354,20.37,503,4758,rural
Hermes,31535,0.4,0.2,11828.260970846719,11828.260970846719,0.0,357.6158854957556,19.5,777,4780,rural
Hermes,31832,0.4,0.2,8226.290929342216,8226.290929342216,0.0,159.3824695169613,28.44,458,3015,rural
UPS,30159,0.4,0.2,14124.871351764605,14124.871351764605,0.0,10.98727508223965,10.54,282,11805,urban
UPS,30161,0.4,0.2,5917.055804797465,5917.055804797465,0.0,1.7979843382791898,8.59,80,4726,urban
UPS,30163,0.4,0.2,6504.720392897118,6504.720392897118,0.0,14.485893399375826,6.02,215,5283,urban
UPS,30165,0.4,0.2,3773.2492250252108,3773.2492250252108,0.0,4.951012974183712,6.57,77,2701,urban
UPS,30167,0.4,0.2,6006.644999548211,6006.644999548211,0.0,5.368928981069905,8.81,137,4551,urban
UPS,30419,0.4,0.2,3598.2785262855646,3598.2785262855646,0.0,23.77191867081394,7.09,153,2053,suburban
UPS,30449,0.4,0.2,6798.755020154903,6798.755020154903,0.0,12.46107802650201,12.33,209,4685,urban
UPS,30453,0.4,0.2,3375.021836857729,3375.021836857729,0.0,9.157258958740025,10.59,118,1821,suburban
UPS,30455,0.4,0.2,1985.0500139571805,1985.0500139571805,0.0,6.967819653017212,12.14,99,812,suburban
UPS,30457,0.4,0.2,2069.491599260607,2069.491599260607,0.0,6.068989648841514,14.87,93,1021,suburban
UPS,30519,0.4,0.2,4937.054841641878,4937.054841641878,0.0,13.714884737746765,14.32,178,3064,urban
UPS,30539,0.4,0.2,4533.06046911727,4533.06046911727,0.0,19.21423828970633,16.42,96,2701,rural
UPS,30559,0.4,0.2,5027.435680366569,5027.435680366569,0.0,19.484913733542943,13.47,141,3087,suburban
UPS,30625,0.4,0.2,4315.013444156701,4315.013444156701,0.0,12.254281076148748,10.42,148,2727,urban
UPS,30655,0.4,0.2,2121.9137816651596,2121.9137816651596,0.0,4.462508901721823,8.22,93,1218,suburban
UPS,30657,0.4,0.2,4786.350272484361,4786.350272484361,0.0,12.670949194485749,5.0,96,3745,rural
UPS,30659,0.4,0.2,3729.581575766453,3729.581575766453,0.0,26.058024802089417,10.16,158,2385,suburban
UPS,30823,0.4,0.2,2901.0492307771306,2901.0492307771306,0.0,12.528872220645557,11.23,141,1337,suburban
UPS,30826,0.4,0.2,2179.7117952412614,2179.7117952412614,0.0,56.38950461206911,11.69,77,1105,rural
UPS,30827,0.4,0.2,3291.825156956803,3291.825156956803,0.0,10.610683695060027,8.21,92,2105,suburban
UPS,30853,0.4,0.2,4885.572256538386,4885.572256538386,0.0,12.833286131520444,2.1,167,3668,suburban
UPS,30855,0.4,0.2,12372.313669298126,12372.313669298126,0.0,59.06346106841505,2.73,226,11475,suburban
UPS,30880,0.4,0.2,7164.597554373629,7164.597554373629,0.0,33.96099660372796,20.44,221,4190,suburban
UPS,30890,0.4,0.2,4686.02421265492,4686.02421265492,0.0,102.53407734275534,22.83,246,1795,rural
UPS,30900,0.4,0.2,5252.628048739307,5252.628048739307,0.0,173.55971997363926,10.9,296,2208,rural
UPS,30916,0.4,0.2,6109.051569407693,6109.051569407693,0.0,59.876286869182046,7.96,236,4019,suburban
UPS,30926,0.4,0.2,3963.3498677038015,3963.3498677038015,0.0,53.8021301528445,13.64,194,1634,rural
UPS,30938,0.4,0.2,6063.945568650633,6063.945568650633,0.0,153.22446344831192,13.43,195,3590,rural
UPS,30952,0.4,0.2,3731.55368849277,3731.55368849277,0.0,37.755537878390655,17.72,163,1329,suburban
UPS,30966,0.4,0.2,3533.856164661857,3533.856164661857,0.0,31.83238567652256,18.2,136,1386,rural
UPS,30974,0.4,0.2,3208.8293030723075,3208.8293030723075,0.0,53.82702268136371,24.68,134,1072,rural
UPS,30982,0.4,0.2,3007.173952156455,3007.173952156455,0.0,66.6831619829418,24.88,141,878,rural
UPS,30989,0.4,0.2,3364.1454124269208,3364.1454124269208,0.0,43.13135688268341,18.29,160,1191,rural
UPS,31275,0.4,0.2,6734.00020753597,6734.00020753597,0.0,129.47251256919432,21.19,339,2904,suburban
UPS,31303,0.4,0.2,4633.075702530725,4633.075702530725,0.0,112.90680951768702,19.35,259,1804,rural
UPS,31311,0.4,0.2,3968.942591958489,3968.942591958489,0.0,139.34872865781722,29.65,195,1062,rural
UPS,31319,0.4,0.2,3441.882252785476,3441.882252785476,0.0,101.18549289373648,22.42,153,1055,rural
UPS,31515,0.4,0.2,6718.456041625136,6718.456041625136,0.0,125.1818077488354,23.29,321,3281,rural
UPS,31535,0.4,0.2,8009.28273019456,8009.28273019456,0.0,357.6158854957556,20.99,322,2571,rural
UPS,31832,0.4,0.2,5227.687081644636,5227.687081644636,0.0,159.3824695169613,30.54,251,1605,rural
DHL,30159,0.0,0.3,22260.680563671405,21973.50194568585,-1.3069314972888895,6.211813374113814,2.18,221,23058,urban
DHL,30161,0.0,0.3,11189.109656216122,10909.00812046849,-2.5676168965543194,1.7979843382791898,1.04,84,11554,urban
DHL,30163,0.0,0.3,10162.37995335737,9914.04927442146,-2.504836036841263,2.603733329707664,1.7,95,10484,urban
DHL,30165,0.0,0.3,8417.254712528938,8565.397376626115,1.7295480592813979,4.951012974183712,1.88,94,8599,urban
DHL,30167,0.0,0.3,13769.043603755643,13540.33589751315,-1.6890844361143016,5.368928981069905,1.39,142,13892,urban
DHL,30169,0.0,0.3,5303.491228449495,5441.748523674446,2.5406777733932344,2.9960433745102675,2.4,76,5294,urban
DHL,30173,0.0,0.3,8652.520011904779,8900.020227394843,2.780894977387164,4.775461708125837,3.83,88,8547,urban
DHL,30177,0.0,0.3,6405.946661029836,6717.193405547422,4.633583190570957,3.576189607493106,2.83,80,6260,urban
DHL,30179,0.0,0.3,6566.8089255972845,7015.019470078845,6.389298652602642,8.305970462175056,3.55,96,6322,suburban
DHL,30419,0.0,0.3,15265.047410855741,15260.397562746597,-0.030470032579590557,23.77191867081394,5.16,274,14775,suburban
DHL,30449,0.0,0.3,7408.191925618297,7432.014762814106,0.3205434590227863,2.190643461651216,1.56,91,7431,urban
DHL,30453,0.0,0.3,8434.157547946634,8728.871611104647,3.3763134147039757,9.157258958740025,2.98,148,8150,suburban
DHL,30455,0.0,0.3,7016.950252972273,7560.480077937329,7.189091424910456,6.967819653017212,3.04,160,6748,suburban
DHL,30457,0.0,0.3,7029.412572489102,7333.849598031452,4.1511217468117545,6.068989648841514,2.4,139,6736,suburban
DHL,30459,0.0,0.3,6521.910671460068,6748.368740605874,3.3557453341750008,7.274391190340525,1.24,125,6561,urban
DHL,30519,0.0,0.3,12982.850324102827,13335.327593044716,2.6431841773855678,13.714884737746765,5.03,248,12645,urban
DHL,30539,0.0,0.3,9224.665045557313,9296.282509988963,0.7703882100688836,19.21423828970633,3.99,164,8372,rural
DHL,30559,0.0,0.3,12462.482929522981,12462.482929522981,0.0,19.484913733542943,1.93,224,12320,suburban
DHL,30625,0.0,0.3,7667.626408636195,8084.182917612831,5.152734830740822,8.86389555258122,4.99,117,7084,urban
DHL,30627,0.0,0.3,5447.227033972155,5566.459185356654,2.141974770930789,3.390385523567528,4.61,82,4809,suburban
DHL,30629,0.0,0.3,6642.330374168803,6830.019894903581,2.7480084044093043,14.669809711755615,4.28,124,5907,suburban
DHL,30655,0.0,0.3,8225.070202920739,8770.048460462032,6.214084904983326,4.462508901721823,5.25,139,7945,suburban
DHL,30657,0.0,0.3,9559.262137196261,9997.913539537092,4.387429443215015,12.670949194485749,6.56,140,9056,rural
DHL,30659,0.0,0.3,7716.352598014784,7841.281218861646,1.5932169419756952,11.3882150903338,7.01,131,6829,suburban
DHL,30823,0.0,0.3,10175.451789362369,10202.29191336214,0.26307935734144267,12.528872220645557,3.26,227,9437,suburban
DHL,30826,0.0,0.3,9212.69345152475,9289.171862330428,0.8233070928078494,56.38950461206911,1.44,239,8281,rural
DHL,30827,0.0,0.3,8523.13739385107,8499.259441991915,-0.28094155758067374,10.610683695060027,3.25,153,8048,suburban
DHL,30851,0.0,0.3,6829.51215379334,7091.396611882496,3.692988453788303,4.12190647126244,5.02,97,6654,suburban
DHL,30853,0.0,0.3,7417.390744266536,8087.121413003322,8.281446939326559,8.711379660258004,6.98,132,7164,suburban
DHL,30855,0.0,0.3,33574.55020278795,33181.974645551454,-1.1830988403492282,59.06346106841505,5.9,278,32854,suburban
DHL,30880,0.0,0.3,17866.443127215098,17626.17972557684,-1.3631053658758443,33.96099660372796,5.11,360,16161,suburban
DHL,30890,0.0,0.3,16098.044263724361,16098.044263724361,0.0,102.53407734275534,4.73,504,13989,rural
DHL,30900,0.0,0.3,17640.825505351895,17593.529073393336,-0.26882856623737467,173.55971997363926,4.94,590,14609,rural
DHL,30916,0.0,0.3,16676.62807237304,17062.590954336305,2.2620414624964944,59.876286869182046,11.0,355,14499,suburban
DHL,30926,0.0,0.3,14308.223552666861,14775.4174568136,3.1619675417786293,53.8021301528445,0.37,429,13519,rural
DHL,30938,0.0,0.3,14784.311764348251,14888.20103197316,0.6977959754963101,153.22446344831192,10.53,355,12030,rural
DHL,30952,0.0,0.3,10363.952450039687,11029.332668750209,6.032823913234261,37.755537878390655,5.68,286,9709,suburban
DHL,30966,0.0,0.3,10921.414877597286,10564.896592403224,-3.3745553690551033,31.83238567652256,5.52,237,9182,rural
DHL,30974,0.0,0.3,7594.4651224361605,7602.589230059956,0.10685974709344663,53.82702268136371,1.4,244,6515,rural
DHL,30982,0.0,0.3,7650.677153272055,8026.683955967339,4.684460043001274,66.6831619829418,2.77,239,6551,rural
DHL,30989,0.0,0.3,7927.659520733964,8197.588934134921,3.2927903017552587,43.13135688268341,5.72,271,6841,rural
DHL,31275,0.0,0.3,20490.51279819747,20490.51279819747,0.0,129.47251256919432,2.93,571,18743,suburban
DHL,31303,0.0,0.3,14430.143669417092,14494.326252546625,0.4428117734569202,112.90680951768702,1.84,468,12605,rural
DHL,31311,0.0,0.3,10474.471935357766,10485.698502104207,0.10706551160314973,139.34872865781722,3.81,380,8577,rural
DHL,31319,0.0,0.3,12204.762656945873,12204.762656945873,0.0,101.18549289373648,0.58,411,10967,rural
DHL,31515,0.0,0.3,21088.897809861297,21088.897809861297,0.0,125.1818077488354,5.28,537,19286,rural
DHL,31535,0.0,0.3,22512.716761824166,22512.716761824166,0.0,357.6158854957556,5.5,880,18533,rural
DHL,31832,0.0,0.3,14456.40320220746,14457.781202836444,0.009531204059950449,159.3824695169613,4.65,515,11902,rural
Amazon,30159,0.0,0.3,11785.729598560973,11555.196270293998,-1.995061986611405,6.211813374113814,13.81,221,9019,urban
Amazon,30161,0.0,0.3,6090.741652442516,6224.7449789257325,2.1527520715610535,1.7979843382791898,12.74,83,4512,urban
Amazon,30163,0.0,0.3,5757.637519998074,5889.0064831046275,2.230749167681288,2.603733329707664,12.41,93,4469,urban
Amazon,30165,0.0,0.3,4530.819551052061,4750.233821598029,4.619020426917738,4.951012974183712,10.52,92,3574,urban
Amazon,30167,0.0,0.3,7206.033181348372,7175.254343343608,-0.4289581460386453,5.368928981069905,10.65,139,5730,urban
Amazon,30173,0.0,0.3,5217.033091244928,5164.654397653723,-1.0141761589120124,4.775461708125837,15.11,87,3759,urban
Amazon,30177,0.0,0.3,4183.873838901349,4343.242376782357,3.6693447902641396,3.576189607493106,13.99,79,2906,urban
Amazon,30179,0.0,0.3,3704.1049105689904,4390.652005410074,15.636563635540549,8.305970462175056,12.08,95,2781,suburban
Amazon,30419,0.0,0.3,9072.434932963784,8519.368501277868,-6.4918712179542295,23.77191867081394,6.74,265,6859,suburban
Amazon,30449,0.0,0.3,6694.109262888782,7005.60345798299,4.44635779005242,5.186686836161483,12.61,159,5275,urban
Amazon,30453,0.0,0.3,4749.799756507228,4970.930164967193,4.448471435354081,9.157258958740025,9.82,139,3593,suburban
Amazon,30455,0.0,0.3,4302.849827686419,4820.378887430032,10.73627347205338,6.967819653017212,9.84,158,3165,suburban
Amazon,30457,0.0,0.3,4381.743813477754,4934.7989617734975,11.207247804416804,6.068989648841514,13.37,135,3134,suburban
Amazon,30459,0.0,0.3,4381.351844988231,4858.408897775894,9.819203422874761,7.274391190340525,13.92,124,3087,urban
Amazon,30519,0.0,0.3,7668.568964476204,8140.269152347262,5.794651000391582,13.714884737746765,17.38,242,5508,urban
Amazon,30539,0.0,0.3,5090.01954272721,5821.859629336905,12.570555341490588,19.21423828970633,21.37,157,3516,rural
Amazon,30559,0.0,0.3,7607.8798612579285,8252.52270516162,7.811464044812547,19.484913733542943,20.15,222,5369,suburban
Amazon,30625,0.0,0.3,4871.070444159908,4932.584335545381,1.2470925421829844,8.86389555258122,16.66,114,3180,urban
Amazon,30627,0.0,0.3,3272.1667472660824,3472.360903435115,5.7653614280412375,3.390385523567528,17.89,79,2090,suburban
Amazon,30629,0.0,0.3,4165.271248244565,4629.145185289602,10.020725608674477,14.669809711755615,20.32,122,2757,suburban
Amazon,30655,0.0,0.3,4979.489833476984,5061.237427944449,1.6151701166223662,4.462508901721823,16.14,137,3642,suburban
Amazon,30657,0.0,0.3,5232.903017461373,5227.080664344542,-0.11138823926224277,12.670949194485749,15.05,138,3559,rural
Amazon,30659,0.0,0.3,4091.5248903973625,4975.003626465991,17.75835360940652,11.3882150903338,18.11,130,3002,suburban
Amazon,30823,0.0,0.3,5917.559838212803,5705.037154540299,-3.7251761542581727,12.528872220645557,1.29,222,4370,suburban
Amazon,30826,0.0,0.3,5673.254342811335,5673.254342811335,0.0,56.38950461206911,3.98,233,3852,rural
Amazon,30827,0.0,0.3,4722.641148792927,4536.061456785562,-4.113253177561296,10.610683695060027,3.78,150,3498,suburban
Amazon,30851,0.0,0.3,4473.270816636483,4490.007090916008,0.3727449409464185,4.12190647126244,11.33,96,3032,suburban
Amazon,30853,0.0,0.3,4365.2518592608685,4319.068900643669,-1.0692804324172087,8.711379660258004,12.37,128,2911,suburban
Amazon,30855,0.0,0.3,16244.345238115564,16244.345238115564,0.0,59.06346106841505,9.96,271,13592,suburban
Amazon,30880,0.0,0.3,10064.839078838766,11278.054808972109,10.757313656324714,33.96099660372796,23.78,345,6971,suburban
Amazon,30890,0.0,0.3,10080.548522471709,10080.548522471709,0.0,102.53407734275534,12.55,490,6502,rural
Amazon,30900,0.0,0.3,12085.38072969665,12085.38072969665,0.0,173.55971997363926,17.55,570,6667,rural
Amazon,30916,0.0,0.3,9212.64720995074,9904.82527723206,6.98829154384389,59.876286869182046,19.41,344,6164,suburban
Amazon,30926,0.0,0.3,8752.96361616949,8752.96361616949,0.0,53.8021301528445,4.34,415,6338,rural
Amazon,30938,0.0,0.3,9384.90809448861,9384.90809448861,0.0,153.22446344831192,24.95,346,5072,rural
Amazon,30952,0.0,0.3,6756.726078283315,7076.623355325187,4.520479061544915,37.755537878390655,14.14,275,4476,suburban
Amazon,30966,0.0,0.3,6302.340312348036,6955.194722247112,9.386572712491207,31.83238567652256,17.79,233,4221,rural
Amazon,30974,0.0,0.3,4623.432965192975,5436.138154721389,14.950046639682329,53.82702268136371,18.26,240,2971,rural
Amazon,30982,0.0,0.3,5167.881927122459,6084.06789519755,15.058772910773735,66.6831619829418,24.57,233,3044,rural
Amazon,30989,0.0,0.3,4812.420650540584,5499.955907320829,12.500741248945065,43.13135688268341,11.39,265,3112,rural
Amazon,31275,0.0,0.3,13992.948835047937,14129.512676709497,0.9665148741234819,129.47251256919432,30.8,550,8588,suburban
Amazon,31303,0.0,0.3,10291.231205914351,10291.231205914351,0.0,112.90680951768702,30.88,449,5793,rural
Amazon,31311,0.0,0.3,7854.907501044764,8790.113460938559,10.639293383977991,139.34872865781722,40.99,367,3965,rural
Amazon,31319,0.0,0.3,9098.399972680356,9320.815628099372,2.386225243513041,101.18549289373648,29.57,396,5228,rural
Amazon,31515,0.0,0.3,12450.58174407703,12450.58174407703,0.0,125.1818077488354,12.09,525,8733,rural
Amazon,31535,0.0,0.3,15851.91067139521,15851.91067139521,0.0,357.6158854957556,16.13,834,8625,rural
Amazon,31832,0.0,0.3,10856.32562914466,11355.500473785536,4.395885903868653,159.3824695169613,25.63,491,5466,rural
DPD,30159,0.0,0.3,6885.429944510013,6656.069904499083,-3.44587787240481,6.211813374113814,13.32,219,4783,urban
DPD,30161,0.0,0.3,3474.0804683351007,3438.6384541878197,-1.0306990577656463,1.7979843382791898,14.05,84,2359,urban
DPD,30163,0.0,0.3,3247.2731104058007,3176.704105051865,-2.2214535260527026,2.603733329707664,14.01,92,2106,urban
DPD,30165,0.0,0.3,2614.665136390487,3109.5847921201566,15.915940191880946,4.951012974183712,15.88,91,1757,urban
DPD,30167,0.0,0.3,4197.4070805135825,4548.61275587726,7.721160147341284,5.368928981069905,16.37,138,2824,urban
DPD,30173,0.0,0.3,2703.7492043002917,3042.0725720869623,11.121475894132583,4.775461708125837,13.13,86,1708,urban
DPD,30177,0.0,0.3,2040.9073821062543,2301.8161532682093,11.33490921034273,3.576189607493106,12.44,75,1250,urban
DPD,30179,0.0,0.3,2201.492581952971,2402.9493976963904,8.383731090490214,8.305970462175056,14.42,89,1256,suburban
DPD,30419,0.0,0.3,4774.62627314154,5350.888005691542,10.769459796898271,23.77191867081394,19.64,257,2858,suburban
DPD,30449,0.0,0.3,3786.2660933229613,4115.648431001423,8.003169930584088,5.186686836161483,15.53,161,2554,urban
DPD,30453,0.0,0.3,2986.3663224065044,3546.158276962033,15.785870534664861,9.157258958740025,18.23,137,1619,suburban
DPD,30455,0.0,0.3,2383.936210498719,3189.32194545774,25.25256931511911,6.967819653017212,19.47,151,1318,suburban
DPD,30457,0.0,0.3,2394.167534541431,3071.8681502213976,22.061513793524078,6.068989648841514,18.69,130,1335,suburban
DPD,30459,0.0,0.3,2350.3410388082348,2692.648089162524,12.712654569753097,7.274391190340525,16.25,119,1284,urban
DPD,30519,0.0,0.3,4009.9956936285207,4359.743796141659,8.022216874823304,12.113461405690837,12.99,227,2540,urban
DPD,30539,0.0,0.3,2967.7920297874207,3283.465182476126,9.614024670444344,19.21423828970633,9.52,156,1695,rural
DPD,30559,0.0,0.3,3965.4161312254864,3964.267070732265,-0.028985446053945874,19.484913733542943,7.42,213,2467,suburban
DPD,30625,0.0,0.3,2234.1467279721523,2879.61806243138,22.415171750736615,8.86389555258122,10.22,108,1405,urban
DPD,30627,0.0,0.3,1578.2979094325156,1734.323815852828,8.996353794725984,3.390385523567528,8.59,77,971,suburban
DPD,30629,0.0,0.3,1972.6565801332151,2209.7242260325893,10.728381537682333,14.669809711755615,6.08,121,1173,suburban
DPD,30655,0.0,0.3,2368.818089006506,2902.8311877698657,18.39628501351543,4.462508901721823,10.23,132,1537,suburban
DPD,30657,0.0,0.3,3081.8346613155018,3254.827165454566,5.314952080255983,12.670949194485749,12.26,136,1866,rural
DPD,30659,0.0,0.3,2251.3913139446604,2732.1680399331904,17.596894442857415,11.3882150903338,8.73,122,1368,suburban
DPD,30823,0.0,0.3,3468.031595190022,4031.85332034608,13.984182467919286,12.528872220645557,25.25,211,1867,suburban
DPD,30826,0.0,0.3,3307.4951730277244,4659.6772590054525,29.018792736438012,56.38950461206911,27.87,212,1639,rural
DPD,30827,0.0,0.3,2791.3280450281873,3693.9834286058103,24.43582655481226,10.610683695060027,23.76,145,1601,suburban
DPD,30851,0.0,0.3,2064.3013323034174,2392.8715311930196,13.731209327639336,4.12190647126244,15.63,96,1281,suburban
DPD,30853,0.0,0.3,2347.0218837491734,3054.623065805542,23.164926303919117,8.711379660258004,15.68,120,1470,suburban
DPD,30855,0.0,0.3,9908.721008952649,9651.557570967712,-2.664476029843047,59.06346106841505,19.88,265,6668,suburban
DPD,30880,0.0,0.3,5139.637854243982,5651.747006229777,9.061077069113507,33.96099660372796,12.89,328,3235,suburban
DPD,30890,0.0,0.3,5284.282542515272,6923.102121964851,23.671752208451665,102.53407734275534,32.64,451,2726,rural
DPD,30900,0.0,0.3,5890.065070924641,7912.531093330155,25.560291625398424,173.55971997363926,25.52,515,2839,rural
DPD,30916,0.0,0.3,4668.06091769894,5505.336403799816,15.208434593079245,59.876286869182046,10.68,308,2914,suburban
DPD,30926,0.0,0.3,4866.4841446632845,6146.851473398595,20.829644807203955,53.8021301528445,25.6,384,2637,rural
DPD,30938,0.0,0.3,4428.224190726679,5614.10632319326,21.123257455374674,153.22446344831192,17.56,317,2412,rural
DPD,30952,0.0,0.3,3544.80881929943,4651.5791758270425,23.793432610567802,37.755537878390655,21.73,266,1895,suburban
DPD,30966,0.0,0.3,3187.9876575608005,4054.5734078226283,21.373043797650674,31.83238567652256,17.93,217,1807,rural
DPD,30974,0.0,0.3,2682.884442407484,4049.5746175540357,33.748981170077556,53.82702268136371,28.84,224,1280,rural
DPD,30982,0.0,0.3,2569.8906067177204,3635.1428609264503,29.30427482394022,66.6831619829418,20.59,218,1278,rural
DPD,30989,0.0,0.3,2718.0989814720897,4189.963023652114,35.12833010390382,43.13135688268341,25.63,242,1356,rural
DPD,31275,0.0,0.3,6179.733532007228,6310.744546848563,2.0759993352410193,129.47251256919432,4.47,516,3643,suburban
DPD,31303,0.0,0.3,4782.6888514841585,5298.7418231419815,9.739160519276261,112.90680951768702,10.77,417,2491,rural
DPD,31311,0.0,0.3,3592.0137332150907,4503.622414154428,20.24167652408523,139.34872865781722,17.19,336,1650,rural
DPD,31319,0.0,0.3,3977.4158288858607,4393.641206526262,9.47335838488917,101.18549289373648,7.08,368,2115,rural
DPD,31515,0.0,0.3,7052.961136669885,8672.940895409381,18.678551811611655,125.1818077488354,38.45,488,3812,rural
DPD,31535,0.0,0.3,7549.213729226959,10736.90548199021,29.689110685664485,357.6158854957556,38.17,720,3582,rural
DPD,31832,0.0,0.3,4935.766961396241,6479.205569246742,23.821417477111137,159.3824695169613,30.86,456,2309,rural
FedEx,30159,0.0,0.3,12262.200224277494,12214.299279183924,-0.392171044762303,10.98727508223965,11.75,273,9864,urban
FedEx,30161,0.0,0.3,5294.113899372676,5224.187237195072,-1.338517533976225,1.7979843382791898,9.67,80,3810,urban
FedEx,30163,0.0,0.3,7869.180646837229,8257.65060106912,4.7043641466447506,19.436906373559538,7.51,263,6210,urban
FedEx,30167,0.0,0.3,4878.75614336605,5175.6698343295675,5.7367200858548975,5.368928981069905,8.96,132,3775,urban
FedEx,30419,0.0,0.3,2380.193756093422,3306.0595520416546,28.005115496980835,23.77191867081394,5.53,136,1709,suburban
FedEx,30449,0.0,0.3,5369.020617638042,5430.5021475969215,1.13215183951426,12.46107802650201,12.7,204,3703,urban
FedEx,30453,0.0,0.3,2215.2943244111775,3326.3835685835006,33.402318802502585,9.157258958740025,10.07,106,1516,suburban
FedEx,30455,0.0,0.3,1351.6274459673587,1959.2973539377524,31.014685277306796,6.967819653017212,11.34,85,612,suburban
FedEx,30457,0.0,0.3,1439.304241470169,1996.1328134447208,27.895366892628463,6.068989648841514,14.63,82,778,suburban
FedEx,30519,0.0,0.3,3440.9153489048576,4147.606607808722,17.03853151293021,13.714884737746765,15.57,154,2372,urban
FedEx,30539,0.0,0.3,3444.993454406249,4110.789837016759,16.196312850030903,19.21423828970633,18.41,81,2429,rural
FedEx,30559,0.0,0.3,4532.548246283611,5375.733073538704,15.685020363186426,34.15472344529856,15.2,165,3144,suburban
FedEx,30625,0.0,0.3,3148.780245320465,3602.9465575642243,12.605413513288386,12.254281076148748,12.66,134,2229,urban
FedEx,30655,0.0,0.3,3188.9787740177217,3651.3066283117864,12.661983814485229,15.85072399205562,11.41,144,2242,suburban
FedEx,30657,0.0,0.3,4467.852987102042,4510.957538899967,0.9555521510946633,12.670949194485749,8.22,82,3429,rural
FedEx,30823,0.0,0.3,1412.8152735907765,2013.2163655803622,29.822978903537,12.528872220645557,8.07,113,878,suburban
FedEx,30827,0.0,0.3,3991.9244966425363,4491.66174623818,11.125887874664198,67.00018830712914,7.42,137,2757,suburban
FedEx,30853,0.0,0.3,3798.2746496412365,4558.287686101956,16.673213469565994,12.833286131520444,4.82,152,3029,suburban
FedEx,30855,0.0,0.3,11348.875698873817,11164.944696921486,-1.6473973400248572,59.06346106841505,1.5,210,9970,suburban
FedEx,30880,0.0,0.3,5190.056650854538,6033.650689518244,13.981486202527618,33.96099660372796,22.05,184,3498,suburban
FedEx,30890,0.0,0.3,2454.4902903269094,3937.614024274669,37.66554377357897,102.53407734275534,20.22,167,1281,rural
FedEx,30900,0.0,0.3,3226.2519104397816,4467.0239843658765,27.776257263642847,173.55971997363926,10.92,207,1597,rural
FedEx,30916,0.0,0.3,4675.686525090752,5459.16940205895,14.351686479498218,59.876286869182046,11.65,204,3245,suburban
FedEx,30926,0.0,0.3,2190.2745072465527,3230.0558047592294,32.190815278814746,53.8021301528445,10.98,152,1266,rural
FedEx,30938,0.0,0.3,4690.180179690463,5737.710883078335,18.256944707291744,153.22446344831192,16.47,151,3131,rural
FedEx,30952,0.0,0.3,1704.5950527900452,2694.734755168253,36.74349397391379,37.755537878390655,17.01,132,979,suburban
FedEx,30966,0.0,0.3,1947.65683566966,2504.2719321468335,22.226623607924434,31.83238567652256,18.53,102,1063,rural
FedEx,30974,0.0,0.3,1608.5624692207891,2454.671117478426,34.46932838509162,53.82702268136371,23.36,94,802,rural
FedEx,30982,0.0,0.3,1806.453568281666,2716.2138956601093,33.49369240883543,66.6831619829418,25.47,105,618,rural
FedEx,30989,0.0,0.3,1612.1874563344415,2473.2391948618315,34.8147377057678,43.13135688268341,16.61,128,876,rural
FedEx,31275,0.0,0.3,3704.2752661755503,5422.493872435705,31.686870408363525,129.47251256919432,24.61,246,2133,suburban
FedEx,31303,0.0,0.3,2507.6890906116805,3973.889348501275,36.8958501182868,112.90680951768702,23.03,195,1243,rural
FedEx,31311,0.0,0.3,1792.7115570205324,3062.8021398398528,41.468254390266644,139.34872865781722,33.34,113,675,rural
FedEx,31319,0.0,0.3,1743.039511182223,2817.067630852216,38.125748487801815,101.18549289373648,25.21,119,751,rural
FedEx,31515,0.0,0.3,4075.7696874230487,5470.280769208987,25.492495552245437,125.1818077488354,19.63,249,2478,rural
FedEx,31535,0.0,0.3,3768.8765301760095,6228.495098699879,39.48977288329703,357.6158854957556,17.87,237,2005,rural
FedEx,31832,0.0,0.3,2468.0519628039206,4547.708372184966,45.72976627307053,159.3824695169613,29.81,182,1068,rural
GLS,30159,0.0,0.3,5225.779303997372,4840.335510593373,-7.9631627303609696,6.211813374113814,11.0,208,3332,urban
GLS,30161,0.0,0.3,2691.8634395001545,3003.1123197883485,10.364210430535278,1.7979843382791898,12.21,80,1649,urban
GLS,30163,0.0,0.3,4204.289561011237,4530.9209569497225,7.208940501102404,6.17992293720077,13.11,162,2801,urban
GLS,30165,0.0,0.3,2218.093523574005,2518.402065806431,11.924567022472749,4.951012974183712,14.79,86,1358,urban
GLS,30167,0.0,0.3,3658.950812688247,3486.1823236641876,-4.9558076137127935,5.368928981069905,13.23,133,2147,urban
GLS,30173,0.0,0.3,2340.234693442897,2554.876072428404,8.401244244363319,4.775461708125837,9.02,83,1424,urban
GLS,30179,0.0,0.3,1829.9315494266389,2012.9451781141186,9.091833730859024,8.305970462175056,15.58,89,1034,suburban
GLS,30419,0.0,0.3,4433.779323461875,5101.804856969734,13.093906024164149,23.77191867081394,17.6,248,2617,suburban
GLS,30449,0.0,0.3,3183.697103687269,3412.5020081467483,6.704901679566711,5.186686836161483,10.84,150,1981,urban
GLS,30453,0.0,0.3,2503.1167880142566,3168.728615727752,21.00564322264078,9.157258958740025,13.29,125,1373,suburban
GLS,30455,0.0,0.3,2269.3732980233312,2732.89498767275,16.96083061150256,6.967819653017212,13.26,149,1201,suburban
GLS,30457,0.0,0.3,2048.609198046843,2344.3788154149365,12.616118838104432,6.068989648841514,10.08,128,1189,suburban
GLS,30459,0.0,0.3,2271.238622481035,2084.898287419,-8.937622338052506,7.274391190340525,9.13,113,1169,urban
GLS,30519,0.0,0.3,3340.410351981618,3551.9496596439303,5.95558293141796,13.714884737746765,6.3,224,2084,urban
GLS,30539,0.0,0.3,2369.766230856217,2580.3663075652257,8.161634884611633,19.21423828970633,5.29,145,1310,rural
GLS,30559,0.0,0.3,3434.7146531890758,3658.07773972127,6.10602350263922,19.484913733542943,8.92,208,2040,suburban
GLS,30625,0.0,0.3,2186.6981546413417,2259.1204653397162,3.2057746282017763,8.86389555258122,10.34,105,1185,urban
GLS,30627,0.0,0.3,1343.3634568310804,1778.1322716706136,24.45087026237107,3.390385523567528,11.43,78,774,suburban
GLS,30629,0.0,0.3,1964.6369393462414,2143.7517893568083,8.355204688333199,14.669809711755615,12.94,116,1080,suburban
GLS,30655,0.0,0.3,2377.4186848113204,2960.5284409044616,19.696137623153426,4.462508901721823,13.05,124,1383,suburban
GLS,30657,0.0,0.3,2442.457450667782,2873.29432340711,14.994526290938692,12.670949194485749,16.66,127,1325,rural
GLS,30659,0.0,0.3,2126.939449720546,2313.189380462103,8.051650777695963,11.3882150903338,14.84,124,1138,suburban
GLS,30823,0.0,0.3,3353.0095999575874,4081.0154973189988,17.838841774545354,12.528872220645557,21.76,209,1687,suburban
GLS,30826,0.0,0.3,3151.3640038333906,4802.849009920454,34.38552831196365,56.38950461206911,26.25,214,1480,rural
GLS,30827,0.0,0.3,2581.95002232845,3413.7429042160657,24.366008373399442,10.610683695060027,22.43,133,1331,suburban
GLS,30851,0.0,0.3,1970.0641922312545,2060.2946146334557,4.379491251461332,4.12190647126244,17.37,95,1137,suburban
GLS,30853,0.0,0.3,2126.6913650267725,2481.088173620477,14.283926398172227,8.711379660258004,18.94,117,1083,suburban
GLS,30855,0.0,0.3,8432.438844499055,8370.230959567252,-0.7432039239096271,58.08159729436245,22.3,262,5111,suburban
GLS,30880,0.0,0.3,4190.801391141084,4450.294123718125,5.830911965886871,33.96099660372796,1.58,305,2630,suburban
GLS,30890,0.0,0.3,5022.93682177884,6293.752660817818,20.191702908036536,102.53407734275534,23.44,436,2471,rural
GLS,30900,0.0,0.3,5365.819467757277,7176.610893793414,25.231846240990617,173.55971997363926,31.36,490,2487,rural
GLS,30916,0.0,0.3,4215.586326564711,5182.054562818042,18.650290623874817,59.876286869182046,19.31,308,2276,suburban
GLS,30926,0.0,0.3,4620.061967753161,5707.156100114085,19.047913063727012,53.8021301528445,20.06,381,2421,rural
GLS,30938,0.0,0.3,3958.9357637597354,5298.987880460923,25.288831507661907,153.22446344831192,28.43,321,1873,rural
GLS,30952,0.0,0.3,3158.398891833434,4052.359581403284,22.06025086402333,37.755537878390655,11.4,259,1710,suburban
GLS,30966,0.0,0.3,2815.278587309953,3510.9395596477075,19.814097067725033,31.83238567652256,6.33,220,1619,rural
GLS,30974,0.0,0.3,2489.0655669516536,3101.933528043918,19.75761103684061,53.82702268136371,16.59,214,1120,rural
GLS,30982,0.0,0.3,2254.1332650596573,2386.647671549595,5.552323791634448,66.6831619829418,6.34,209,1154,rural
GLS,30989,0.0,0.3,2460.076070465004,3148.477695946504,21.864586379880674,43.13135688268341,16.28,231,1172,rural
GLS,31275,0.0,0.3,6422.430204657958,6805.937726269975,5.6348961309435985,129.47251256919432,17.38,507,3227,suburban
GLS,31303,0.0,0.3,4644.423390568898,5596.886925837495,17.017737679702623,112.90680951768702,24.81,407,2208,rural
GLS,31311,0.0,0.3,3368.1279714108723,4871.049261225609,30.854159118821674,139.34872865781722,30.96,326,1483,rural
GLS,31319,0.0,0.3,4040.7580886361106,4437.068207504176,8.931801368250484,101.18549289373648,11.04,357,1985,rural
GLS,31515,0.0,0.3,6502.287853151784,8050.858133283889,19.234847447255348,125.1818077488354,33.59,472,3284,rural
GLS,31535,0.0,0.3,7536.862980693448,10569.427946070218,28.69185523426836,357.6158854957556,38.52,705,3227,rural
GLS,31832,0.0,0.3,4597.221120954185,5153.98445539914,10.802580785079952,159.3824695169613,16.88,440,2069,rural
Hermes,30159,0.0,0.3,6508.862913577083,6103.311963748475,-6.644768483692759,6.211813374113814,9.13,207,4412,urban
Hermes,30161,0.0,0.3,3184.6867573613495,3205.3444612983394,0.6444768787384071,1.7979843382791898,7.9,80,2187,urban
Hermes,30163,0.0,0.3,3176.7606256297813,3151.45637345559,-0.8029383616833977,2.603733329707664,6.63,93,2318,urban
Hermes,30165,0.0,0.3,2864.6160238844072,3165.918762514473,9.517071069466159,4.951012974183712,5.34,89,1888,urban
Hermes,30167,0.0,0.3,3954.2403412277968,4309.333549458941,8.240095693584173,5.368928981069905,7.27,135,2918,urban
Hermes,30173,0.0,0.3,3083.7152013198092,3377.006730770633,8.684955430452895,4.775461708125837,11.08,82,1982,urban
Hermes,30177,0.0,0.3,2582.311909679723,2975.551858278056,13.215698039485682,3.576189607493106,7.86,76,1604,urban
Hermes,30179,0.0,0.3,2369.533139619273,2972.7332058248016,20.2910932277277,8.305970462175056,5.02,88,1492,suburban
Hermes,30419,0.0,0.3,5654.242993740792,5546.714589306118,-1.9385963114450795,23.77191867081394,4.3,253,3791,suburban
Hermes,30449,0.0,0.3,3973.0125826145922,4264.762288981972,6.8409371167325395,5.186686836161483,9.65,147,2752,urban
Hermes,30453,0.0,0.3,2840.9542370043223,3456.6569376644593,17.81208583216087,9.157258958740025,8.55,127,1923,suburban
Hermes,30455,0.0,0.3,2750.0664117975907,3386.0721023475717,18.7829931355873,6.967819653017212,9.92,152,1769,suburban
Hermes,30457,0.0,0.3,2709.7794692381594,3390.4448760059295,20.075990958732802,6.068989648841514,13.07,130,1718,suburban
Hermes,30459,0.0,0.3,2814.333498899629,3359.004573372854,16.215252542103812,7.274391190340525,11.99,121,1718,urban
Hermes,30519,0.0,0.3,4864.001651348311,5162.317584328793,5.778721051298305,13.714884737746765,13.8,229,2920,urban
Hermes,30539,0.0,0.3,2968.342251068051,3748.1337976976,20.80479483172555,19.21423828970633,16.65,149,1846,rural
Hermes,30559,0.0,0.3,4718.949638340541,5370.925287647466,12.138981914464466,19.484913733542943,14.22,216,2928,suburban
Hermes,30625,0.0,0.3,2818.160512257212,3247.4589705680532,13.219519082507375,8.86389555258122,10.86,112,1721,urban
Hermes,30627,0.0,0.3,1827.0855940702418,1976.5200916772521,7.5604846232654275,3.390385523567528,11.3,80,1110,suburban
Hermes,30629,0.0,0.3,2641.9140914965005,3288.097282907375,19.652192006907757,14.669809711755615,13.03,120,1544,suburban
Hermes,30655,0.0,0.3,2965.628189989241,3426.8003677575816,13.457806941643378,4.462508901721823,9.19,134,1982,suburban
Hermes,30657,0.0,0.3,3076.8140705791934,3245.628188162223,5.201277157954976,12.670949194485749,6.89,133,1834,rural
Hermes,30659,0.0,0.3,2673.148335586172,3215.6998845024846,16.8719584663683,11.3882150903338,10.33,126,1587,suburban
Hermes,30823,0.0,0.3,3691.1347213924855,3936.6042296322357,6.2355648147713945,12.528872220645557,8.05,216,2384,suburban
Hermes,30826,0.0,0.3,3831.100064924049,4191.43021519428,8.596830479581996,56.38950461206911,9.0,221,2156,rural
Hermes,30827,0.0,0.3,3048.4469784851362,3247.3865843141566,6.126144844902601,10.610683695060027,5.18,139,1865,suburban
Hermes,30851,0.0,0.3,2550.5661365313285,2857.2114343496014,10.73232782606709,4.12190647126244,3.44,95,1650,suburban
Hermes,30853,0.0,0.3,2640.161666290111,2627.454020793578,-0.4836486346084566,8.711379660258004,3.75,121,1477,suburban
Hermes,30855,0.0,0.3,8658.56494813409,8658.56494813409,0.0,58.08159729436245,2.52,261,7102,suburban
Hermes,30880,0.0,0.3,6094.682405019179,6718.354835871605,9.283112400113565,33.96099660372796,20.27,312,3668,suburban
Hermes,30890,0.0,0.3,6701.61046323416,7568.635969962485,11.45550545923036,102.53407734275534,19.74,454,3618,rural
Hermes,30900,0.0,0.3,7696.514876914835,7696.514876914835,0.0,173.55971997363926,12.32,527,3644,rural
Hermes,30916,0.0,0.3,5491.314448890949,5798.014253899346,5.289738720496098,59.876286869182046,10.8,310,3232,suburban
Hermes,30926,0.0,0.3,5981.497888198291,5981.497888198291,0.0,53.8021301528445,10.52,393,3537,rural
Hermes,30938,0.0,0.3,5526.939846857844,6007.684029332934,8.002154909076834,153.22446344831192,16.57,334,2656,rural
Hermes,30952,0.0,0.3,4191.099930555916,5277.6182452376,20.58728510085269,37.755537878390655,15.6,274,2488,suburban
Hermes,30966,0.0,0.3,3980.4992078918976,4601.173469262583,13.489477532568648,31.83238567652256,16.87,229,2313,rural
Hermes,30974,0.0,0.3,3261.1079446860444,4626.2307003590395,29.508315604905924,53.82702268136371,22.19,228,1616,rural
Hermes,30982,0.0,0.3,3319.4265679257946,4596.833861562218,27.788850589485975,66.6831619829418,23.78,220,1680,rural
Hermes,30989,0.0,0.3,3176.815317559186,4185.515150068637,24.099777359374976,43.13135688268341,15.58,242,1681,rural
Hermes,31275,0.0,0.3,7859.248810267357,9418.194923082388,16.552493609941333,129.47251256919432,23.26,528,4698,suburban
Hermes,31303,0.0,0.3,5561.18715990285,6888.21710469868,19.265216595606706,112.90680951768702,22.27,425,3161,rural
Hermes,31311,0.0,0.3,5172.391285683679,6231.959144058387,17.00216310604204,139.34872865781722,32.49,345,2196,rural
Hermes,31319,0.0,0.3,5378.1063577159275,6653.523191455497,19.16904468564067,101.18549289373648,23.57,378,2907,rural
Hermes,31515,0.0,0.3,8746.620719758224,9098.73098096226,3.869883195148578,125.1818077488354,20.37,503,4758,rural
Hermes,31535,0.0,0.3,10584.521472858549,11828.260970846719,10.51498188156004,357.6158854957556,19.5,777,4780,rural
Hermes,31832,0.0,0.3,5988.0009376826865,8226.290929342216,27.20898167697682,159.3824695169613,28.44,458,3015,rural
UPS,30159,0.0,0.3,14297.513601310831,14124.871351764605,-1.2222571466086918,10.98727508223965,10.54,282,11805,urban
UPS,30161,0.0,0.3,5884.395679487134,5917.055804797465,0.5519658152260534,1.7979843382791898,8.59,80,4726,urban
UPS,30163,0.0,0.3,6423.52548661638,6504.720392897118,1.2482459102992256,14.485893399375826,6.02,215,5283,urban
UPS,30165,0.0,0.3,3540.9419138959724,3773.2492250252108,6.156691415677324,4.951012974183712,6.57,77,2701,urban
UPS,30167,0.0,0.3,5705.111333018739,6006.644999548211,5.020001457588246,5.368928981069905,8.81,137,4551,urban
UPS,30419,0.0,0.3,2752.446554950555,3598.2785262855646,23.506573078103163,23.77191867081394,7.09,153,2053,suburban
UPS,30449,0.0,0.3,6101.3862032361685,6798.755020154903,10.257301739088776,12.46107802650201,12.33,209,4685,urban
UPS,30453,0.0,0.3,2557.0563316619855,3375.021836857729,24.235858158396386,9.157258958740025,10.59,118,1821,suburban
UPS,30455,0.0,0.3,1423.2834348630108,1985.0500139571805,28.299870287615207,6.967819653017212,12.14,99,812,suburban
UPS,30457,0.0,0.3,1783.3623217698143,2069.491599260607,13.82606615040243,6.068989648841514,14.87,93,1021,suburban
UPS,30519,0.0,0.3,4198.080819290967,4937.054841641878,14.967911964801182,13.714884737746765,14.32,178,3064,urban
UPS,30539,0.0,0.3,3707.167293555737,4533.06046911727,18.219328446822164,19.21423828970633,16.42,96,2701,rural
UPS,30559,0.0,0.3,4151.324060965281,5027.435680366569,17.426610206525943,19.484913733542943,13.47,141,3087,suburban
UPS,30625,0.0,0.3,3776.144395797532,4315.013444156701,12.488235676041603,12.254281076148748,10.42,148,2727,urban
UPS,30655,0.0,0.3,1740.1014310562223,2121.9137816651596,17.993773069766874,4.462508901721823,8.22,93,1218,suburban
UPS,30657,0.0,0.3,4603.172931387103,4786.350272484361,3.8270776409805007,12.670949194485749,5.0,96,3745,rural
UPS,30659,0.0,0.3,3416.89633700642,3729.581575766453,8.383922764734661,26.058024802089417,10.16,158,2385,suburban
UPS,30823,0.0,0.3,1947.6667135635826,2901.0492307771306,32.863369125182224,12.528872220645557,11.23,141,1337,suburban
UPS,30826,0.0,0.3,1816.5347896307642,2179.7117952412614,16.661698413679456,56.38950461206911,11.69,77,1105,rural
UPS,30827,0.0,0.3,2753.208018441126,3291.825156956803,16.36226448350048,10.610683695060027,8.21,92,2105,suburban
UPS,30853,0.0,0.3,4390.617341430704,4885.572256538386,10.130950666941443,12.833286131520444,2.1,167,3668,suburban
UPS,30855,0.0,0.3,12824.15931132849,12372.313669298126,-3.6520706967817893,59.06346106841505,2.73,226,11475,suburban
UPS,30880,0.0,0.3,5941.063967220382,7164.597554373629,17.077492181069402,33.96099660372796,20.44,221,4190,suburban
UPS,30890,0.0,0.3,3167.9158732813753,4686.02421265492,32.39651078357197,102.53407734275534,22.83,246,1795,rural
UPS,30900,0.0,0.3,3636.272467575285,5252.628048739307,30.77232132497877,173.55971997363926,10.9,296,2208,rural
UPS,30916,0.0,0.3,5239.406638334315,6109.051569407693,14.235350957394107,59.876286869182046,7.96,236,4019,suburban
UPS,30926,0.0,0.3,2641.0083624753506,3963.3498677038015,33.3642385701003,53.8021301528445,13.64,194,1634,rural
UPS,30938,0.0,0.3,5037.759001698133,6063.945568650633,16.922753598872585,153.22446344831192,13.43,195,3590,rural
UPS,30952,0.0,0.3,2373.2032743653294,3731.55368849277,36.401738458601635,37.755537878390655,17.72,163,1329,suburban
UPS,30966,0.0,0.3,2356.4012599546663,3533.856164661857,33.31926512690585,31.83238567652256,18.2,136,1386,rural
UPS,30974,0.0,0.3,1898.207680035565,3208.8293030723075,40.844230068015214,53.82702268136371,24.68,134,1072,rural
UPS,30982,0.0,0.3,1802.4856194525178,3007.173952156455,40.06048043346647,66.6831619829418,24.88,141,878,rural
UPS,30989,0.0,0.3,2104.4060178277323,3364.1454124269208,37.44604469074964,43.13135688268341,18.29,160,1191,rural
UPS,31275,0.0,0.3,4759.8389936828,6734.00020753597,29.31632243853959,129.47251256919432,21.19,339,2904,suburban
UPS,31303,0.0,0.3,3050.5080922200027,4633.075702530725,34.1580347898541,112.90680951768702,19.35,259,1804,rural
UPS,31311,0.0,0.3,2236.4955244577804,3968.942591958489,43.65009136213851,139.34872865781722,29.65,195,1062,rural
UPS,31319,0.0,0.3,1978.5141526610776,3441.882252785476,42.516506743951254,101.18549289373648,22.42,153,1055,rural
UPS,31515,0.0,0.3,5056.415806174811,6718.456041625136,24.738425393467214,125.1818077488354,23.29,321,3281,rural
UPS,31535,0.0,0.3,4880.72535717222,8009.28273019456,39.061642326944565,357.6158854957556,20.99,322,2571,rural
UPS,31832,0.0,0.3,3107.275269652496,5227.687081644636,40.56118468600184,159.3824695169613,30.54,251,1605,rural
DHL,30159,0.4,0.3,21973.50194568585,21973.50194568585,0.0,6.211813374113814,2.18,221,23058,urban
DHL,30161,0.4,0.3,10909.00812046849,10909.00812046849,0.0,1.7979843382791898,1.04,84,11554,urban
DHL,30163,0.4,0.3,9914.04927442146,9914.04927442146,0.0,2.603733329707664,1.7,95,10484,urban
DHL,30165,0.4,0.3,8565.397376626115,8565.397376626115,0.0,4.951012974183712,1.88,94,8599,urban
DHL,30167,0.4,0.3,13540.33589751315,13540.33589751315,0.0,5.368928981069905,1.39,142,13892,urban
DHL,30169,0.4,0.3,5441.748523674446,5441.748523674446,0.0,2.9960433745102675,2.4,76,5294,urban
DHL,30173,0.4,0.3,8900.020227394843,8900.020227394843,0.0,4.775461708125837,3.83,88,8547,urban
DHL,30177,0.4,0.3,6717.193405547422,6717.193405547422,0.0,3.576189607493106,2.83,80,6260,urban
DHL,30179,0.4,0.3,7015.019470078845,7015.019470078845,0.0,8.305970462175056,3.55,96,6322,suburban
DHL,30419,0.4,0.3,15260.397562746597,15260.397562746597,0.0,23.77191867081394,5.16,274,14775,suburban
DHL,30449,0.4,0.3,7432.014762814106,7432.014762814106,0.0,2.190643461651216,1.56,91,7431,urban
DHL,30453,0.4,0.3,8728.871611104647,8728.871611104647,0.0,9.157258958740025,2.98,148,8150,suburban
DHL,30455,0.4,0.3,7560.480077937329,7560.480077937329,0.0,6.967819653017212,3.04,160,6748,suburban
DHL,30457,0.4,0.3,7333.849598031452,7333.849598031452,0.0,6.068989648841514,2.4,139,6736,suburban
DHL,30459,0.4,0.3,6748.368740605874,6748.368740605874,0.0,7.274391190340525,1.24,125,6561,urban
DHL,30519,0.4,0.3,13335.327593044716,13335.327593044716,0.0,13.714884737746765,5.03,248,12645,urban
DHL,30539,0.4,0.3,9296.282509988963,9296.282509988963,0.0,19.21423828970633,3.99,164,8372,rural
DHL,30559,0.4,0.3,12462.482929522981,12462.482929522981,0.0,19.484913733542943,1.93,224,12320,suburban
DHL,30625,0.4,0.3,8084.182917612831,8084.182917612831,0.0,8.86389555258122,4.99,117,7084,urban
DHL,30627,0.4,0.3,5566.459185356654,5566.459185356654,0.0,3.390385523567528,4.61,82,4809,suburban
DHL,30629,0.4,0.3,6830.019894903581,6830.019894903581,0.0,14.669809711755615,4.28,124,5907,suburban
DHL,30655,0.4,0.3,8770.048460462032,8770.048460462032,0.0,4.462508901721823,5.25,139,7945,suburban
DHL,30657,0.4,0.3,9997.913539537092,9997.913539537092,0.0,12.670949194485749,6.56,140,9056,rural
DHL,30659,0.4,0.3,7841.281218861646,7841.281218861646,0.0,11.3882150903338,7.01,131,6829,suburban
DHL,30823,0.4,0.3,10202.29191336214,10202.29191336214,0.0,12.528872220645557,3.26,227,9437,suburban
DHL,30826,0.4,0.3,9289.171862330428,9289.171862330428,0.0,56.38950461206911,1.44,239,8281,rural
DHL,30827,0.4,0.3,8499.259441991915,8499.259441991915,0.0,10.610683695060027,3.25,153,8048,suburban
DHL,30851,0.4,0.3,7091.396611882496,7091.396611882496,0.0,4.12190647126244,5.02,97,6654,suburban
DHL,30853,0.4,0.3,8087.121413003322,8087.121413003322,0.0,8.711379660258004,6.98,132,7164,suburban
DHL,30855,0.4,0.3,33181.974645551454,33181.974645551454,0.0,59.06346106841505,5.9,278,32854,suburban
DHL,30880,0.4,0.3,17626.17972557684,17626.17972557684,0.0,33.96099660372796,5.11,360,16161,suburban
DHL,30890,0.4,0.3,16098.044263724361,16098.044263724361,0.0,102.53407734275534,4.73,504,13989,rural
DHL,30900,0.4,0.3,17593.529073393336,17593.529073393336,0.0,173.55971997363926,4.94,590,14609,rural
DHL,30916,0.4,0.3,17062.590954336305,17062.590954336305,0.0,59.876286869182046,11.0,355,14499,suburban
DHL,30926,0.4,0.3,14775.4174568136,14775.4174568136,0.0,53.8021301528445,0.37,429,13519,rural
DHL,30938,0.4,0.3,14888.20103197316,14888.20103197316,0.0,153.22446344831192,10.53,355,12030,rural
DHL,30952,0.4,0.3,11029.332668750209,11029.332668750209,0.0,37.755537878390655,5.68,286,9709,suburban
DHL,30966,0.4,0.3,10564.896592403224,10564.896592403224,0.0,31.83238567652256,5.52,237,9182,rural
DHL,30974,0.4,0.3,7602.589230059956,7602.589230059956,0.0,53.82702268136371,1.4,244,6515,rural
DHL,30982,0.4,0.3,8026.683955967339,8026.683955967339,0.0,66.6831619829418,2.77,239,6551,rural
DHL,30989,0.4,0.3,8197.588934134921,8197.588934134921,0.0,43.13135688268341,5.72,271,6841,rural
DHL,31275,0.4,0.3,20490.51279819747,20490.51279819747,0.0,129.47251256919432,2.93,571,18743,suburban
DHL,31303,0.4,0.3,14494.326252546625,14494.326252546625,0.0,112.90680951768702,1.84,468,12605,rural
DHL,31311,0.4,0.3,10485.698502104207,10485.698502104207,0.0,139.34872865781722,3.81,380,8577,rural
DHL,31319,0.4,0.3,12204.762656945873,12204.762656945873,0.0,101.18549289373648,0.58,411,10967,rural
DHL,31515,0.4,0.3,21088.897809861297,21088.897809861297,0.0,125.1818077488354,5.28,537,19286,rural
DHL,31535,0.4,0.3,22512.716761824166,22512.716761824166,0.0,357.6158854957556,5.5,880,18533,rural
DHL,31832,0.4,0.3,14457.781202836444,14457.781202836444,0.0,159.3824695169613,4.65,515,11902,rural
Amazon,30159,0.4,0.3,11555.196270293998,11555.196270293998,0.0,6.211813374113814,13.81,221,9019,urban
Amazon,30161,0.4,0.3,6224.7449789257325,6224.7449789257325,0.0,1.7979843382791898,12.74,83,4512,urban
Amazon,30163,0.4,0.3,5889.0064831046275,5889.0064831046275,0.0,2.603733329707664,12.41,93,4469,urban
Amazon,30165,0.4,0.3,4750.233821598029,4750.233821598029,0.0,4.951012974183712,10.52,92,3574,urban
Amazon,30167,0.4,0.3,7175.254343343608,7175.254343343608,0.0,5.368928981069905,10.65,139,5730,urban
Amazon,30173,0.4,0.3,5164.654397653723,5164.654397653723,0.0,4.775461708125837,15.11,87,3759,urban
Amazon,30177,0.4,0.3,4343.242376782357,4343.242376782357,0.0,3.576189607493106,13.99,79,2906,urban
Amazon,30179,0.4,0.3,4390.652005410074,4390.652005410074,0.0,8.305970462175056,12.08,95,2781,suburban
Amazon,30419,0.4,0.3,8519.368501277868,8519.368501277868,0.0,23.77191867081394,6.74,265,6859,suburban
Amazon,30449,0.4,0.3,7005.60345798299,7005.60345798299,0.0,5.186686836161483,12.61,159,5275,urban
Amazon,30453,0.4,0.3,4970.930164967193,4970.930164967193,0.0,9.157258958740025,9.82,139,3593,suburban
Amazon,30455,0.4,0.3,4820.378887430032,4820.378887430032,0.0,6.967819653017212,9.84,158,3165,suburban
Amazon,30457,0.4,0.3,4934.7989617734975,4934.7989617734975,0.0,6.068989648841514,13.37,135,3134,suburban
Amazon,30459,0.4,0.3,4858.408897775894,4858.408897775894,0.0,7.274391190340525,13.92,124,3087,urban
Amazon,30519,0.4,0.3,8140.269152347262,8140.269152347262,0.0,13.714884737746765,17.38,242,5508,urban
Amazon,30539,0.4,0.3,5821.859629336905,5821.859629336905,0.0,19.21423828970633,21.37,157,3516,rural
Amazon,30559,0.4,0.3,8252.52270516162,8252.52270516162,0.0,19.484913733542943,20.15,222,5369,suburban
Amazon,30625,0.4,0.3,4932.584335545381,4932.584335545381,0.0,8.86389555258122,16.66,114,3180,urban
Amazon,30627,0.4,0.3,3472.360903435115,3472.360903435115,0.0,3.390385523567528,17.89,79,2090,suburban
Amazon,30629,0.4,0.3,4629.145185289602,4629.145185289602,0.0,14.669809711755615,20.32,122,2757,suburban
Amazon,30655,0.4,0.3,5061.237427944449,5061.237427944449,0.0,4.462508901721823,16.14,137,3642,suburban
Amazon,30657,0.4,0.3,5227.080664344542,5227.080664344542,0.0,12.670949194485749,15.05,138,3559,rural
Amazon,30659,0.4,0.3,4975.003626465991,4975.003626465991,0.0,11.3882150903338,18.11,130,3002,suburban
Amazon,30823,0.4,0.3,5705.037154540299,5705.037154540299,0.0,12.528872220645557,1.29,222,4370,suburban
Amazon,30826,0.4,0.3,5673.254342811335,5673.254342811335,0.0,56.38950461206911,3.98,233,3852,rural
Amazon,30827,0.4,0.3,4536.061456785562,4536.061456785562,0.0,10.610683695060027,3.78,150,3498,suburban
Amazon,30851,0.4,0.3,4490.007090916008,4490.007090916008,0.0,4.12190647126244,11.33,96,3032,suburban
Amazon,30853,0.4,0.3,4319.068900643669,4319.068900643669,0.0,8.711379660258004,12.37,128,2911,suburban
Amazon,30855,0.4,0.3,16244.345238115564,16244.345238115564,0.0,59.06346106841505,9.96,271,13592,suburban
Amazon,30880,0.4,0.3,11278.054808972109,11278.054808972109,0.0,33.96099660372796,23.78,345,6971,suburban
Amazon,30890,0.4,0.3,10080.548522471709,10080.548522471709,0.0,102.53407734275534,12.55,490,6502,rural
Amazon,30900,0.4,0.3,12085.38072969665,12085.38072969665,0.0,173.55971997363926,17.55,570,6667,rural
Amazon,30916,0.4,0.3,9904.82527723206,9904.82527723206,0.0,59.876286869182046,19.41,344,6164,suburban
Amazon,30926,0.4,0.3,8752.96361616949,8752.96361616949,0.0,53.8021301528445,4.34,415,6338,rural
Amazon,30938,0.4,0.3,9384.90809448861,9384.90809448861,0.0,153.22446344831192,24.95,346,5072,rural
Amazon,30952,0.4,0.3,7076.623355325187,7076.623355325187,0.0,37.755537878390655,14.14,275,4476,suburban
Amazon,30966,0.4,0.3,6955.194722247112,6955.194722247112,0.0,31.83238567652256,17.79,233,4221,rural
Amazon,30974,0.4,0.3,5436.138154721389,5436.138154721389,0.0,53.82702268136371,18.26,240,2971,rural
Amazon,30982,0.4,0.3,6084.06789519755,6084.06789519755,0.0,66.6831619829418,24.57,233,3044,rural
Amazon,30989,0.4,0.3,5499.955907320829,5499.955907320829,0.0,43.13135688268341,11.39,265,3112,rural
Amazon,31275,0.4,0.3,14129.512676709497,14129.512676709497,0.0,129.47251256919432,30.8,550,8588,suburban
Amazon,31303,0.4,0.3,10291.231205914351,10291.231205914351,0.0,112.90680951768702,30.88,449,5793,rural
Amazon,31311,0.4,0.3,8790.113460938559,8790.113460938559,0.0,139.34872865781722,40.99,367,3965,rural
Amazon,31319,0.4,0.3,9320.815628099372,9320.815628099372,0.0,101.18549289373648,29.57,396,5228,rural
Amazon,31515,0.4,0.3,12450.58174407703,12450.58174407703,0.0,125.1818077488354,12.09,525,8733,rural
Amazon,31535,0.4,0.3,15851.91067139521,15851.91067139521,0.0,357.6158854957556,16.13,834,8625,rural
Amazon,31832,0.4,0.3,11355.500473785536,11355.500473785536,0.0,159.3824695169613,25.63,491,5466,rural
DPD,30159,0.4,0.3,6656.069904499083,6656.069904499083,0.0,6.211813374113814,13.32,219,4783,urban
DPD,30161,0.4,0.3,3438.6384541878197,3438.6384541878197,0.0,1.7979843382791898,14.05,84,2359,urban
DPD,30163,0.4,0.3,3176.704105051865,3176.704105051865,0.0,2.603733329707664,14.01,92,2106,urban
DPD,30165,0.4,0.3,3109.5847921201566,3109.5847921201566,0.0,4.951012974183712,15.88,91,1757,urban
DPD,30167,0.4,0.3,4548.61275587726,4548.61275587726,0.0,5.368928981069905,16.37,138,2824,urban
DPD,30173,0.4,0.3,3042.0725720869623,3042.0725720869623,0.0,4.775461708125837,13.13,86,1708,urban
DPD,30177,0.4,0.3,2301.8161532682093,2301.8161532682093,0.0,3.576189607493106,12.44,75,1250,urban
DPD,30179,0.4,0.3,2402.9493976963904,2402.9493976963904,0.0,8.305970462175056,14.42,89,1256,suburban
DPD,30419,0.4,0.3,5350.888005691542,5350.888005691542,0.0,23.77191867081394,19.64,257,2858,suburban
DPD,30449,0.4,0.3,4115.648431001423,4115.648431001423,0.0,5.186686836161483,15.53,161,2554,urban
DPD,30453,0.4,0.3,3546.158276962033,3546.158276962033,0.0,9.157258958740025,18.23,137,1619,suburban
DPD,30455,0.4,0.3,3189.32194545774,3189.32194545774,0.0,6.967819653017212,19.47,151,1318,suburban
DPD,30457,0.4,0.3,3071.8681502213976,3071.8681502213976,0.0,6.068989648841514,18.69,130,1335,suburban
DPD,30459,0.4,0.3,2692.648089162524,2692.648089162524,0.0,7.274391190340525,16.25,119,1284,urban
DPD,30519,0.4,0.3,4359.743796141659,4359.743796141659,0.0,12.113461405690837,12.99,227,2540,urban
DPD,30539,0.4,0.3,3283.465182476126,3283.465182476126,0.0,19.21423828970633,9.52,156,1695,rural
DPD,30559,0.4,0.3,3964.267070732265,3964.267070732265,0.0,19.484913733542943,7.42,213,2467,suburban
DPD,30625,0.4,0.3,2879.61806243138,2879.61806243138,0.0,8.86389555258122,10.22,108,1405,urban
DPD,30627,0.4,0.3,1734.323815852828,1734.323815852828,0.0,3.390385523567528,8.59,77,971,suburban
DPD,30629,0.4,0.3,2209.7242260325893,2209.7242260325893,0.0,14.669809711755615,6.08,121,1173,suburban
DPD,30655,0.4,0.3,2902.8311877698657,2902.8311877698657,0.0,4.462508901721823,10.23,132,1537,suburban
DPD,30657,0.4,0.3,3254.827165454566,3254.827165454566,0.0,12.670949194485749,12.26,136,1866,rural
DPD,30659,0.4,0.3,2732.1680399331904,2732.1680399331904,0.0,11.3882150903338,8.73,122,1368,suburban
DPD,30823,0.4,0.3,4031.85332034608,4031.85332034608,0.0,12.528872220645557,25.25,211,1867,suburban
DPD,30826,0.4,0.3,4659.6772590054525,4659.6772590054525,0.0,56.38950461206911,27.87,212,1639,rural
DPD,30827,0.4,0.3,3693.9834286058103,3693.9834286058103,0.0,10.610683695060027,23.76,145,1601,suburban
DPD,30851,0.4,0.3,2392.8715311930196,2392.8715311930196,0.0,4.12190647126244,15.63,96,1281,suburban
DPD,30853,0.4,0.3,3054.623065805542,3054.623065805542,0.0,8.711379660258004,15.68,120,1470,suburban
DPD,30855,0.4,0.3,9651.557570967712,9651.557570967712,0.0,59.06346106841505,19.88,265,6668,suburban
DPD,30880,0.4,0.3,5651.747006229777,5651.747006229777,0.0,33.96099660372796,12.89,328,3235,suburban
DPD,30890,0.4,0.3,6923.102121964851,6923.102121964851,0.0,102.53407734275534,32.64,451,2726,rural
DPD,30900,0.4,0.3,7912.531093330155,7912.531093330155,0.0,173.55971997363926,25.52,515,2839,rural
DPD,30916,0.4,0.3,5505.336403799816,5505.336403799816,0.0,59.876286869182046,10.68,308,2914,suburban
DPD,30926,0.4,0.3,6146.851473398595,6146.851473398595,0.0,53.8021301528445,25.6,384,2637,rural
DPD,30938,0.4,0.3,5614.10632319326,5614.10632319326,0.0,153.22446344831192,17.56,317,2412,rural
DPD,30952,0.4,0.3,4651.5791758270425,4651.5791758270425,0.0,37.755537878390655,21.73,266,1895,suburban
DPD,30966,0.4,0.3,4054.5734078226283,4054.5734078226283,0.0,31.83238567652256,17.93,217,1807,rural
DPD,30974,0.4,0.3,4049.5746175540357,4049.5746175540357,0.0,53.82702268136371,28.84,224,1280,rural
DPD,30982,0.4,0.3,3635.1428609264503,3635.1428609264503,0.0,66.6831619829418,20.59,218,1278,rural
DPD,30989,0.4,0.3,4189.963023652114,4189.963023652114,0.0,43.13135688268341,25.63,242,1356,rural
DPD,31275,0.4,0.3,6310.744546848563,6310.744546848563,0.0,129.47251256919432,4.47,516,3643,suburban
DPD,31303,0.4,0.3,5298.7418231419815,5298.7418231419815,0.0,112.90680951768702,10.77,417,2491,rural
DPD,31311,0.4,0.3,4503.622414154428,4503.622414154428,0.0,139.34872865781722,17.19,336,1650,rural
DPD,31319,0.4,0.3,4393.641206526262,4393.641206526262,0.0,101.18549289373648,7.08,368,2115,rural
DPD,31515,0.4,0.3,8672.940895409381,8672.940895409381,0.0,125.1818077488354,38.45,488,3812,rural
DPD,31535,0.4,0.3,10736.90548199021,10736.90548199021,0.0,357.6158854957556,38.17,720,3582,rural
DPD,31832,0.4,0.3,6479.205569246742,6479.205569246742,0.0,159.3824695169613,30.86,456,2309,rural
FedEx,30159,0.4,0.3,12214.299279183924,12214.299279183924,0.0,10.98727508223965,11.75,273,9864,urban
FedEx,30161,0.4,0.3,5224.187237195072,5224.187237195072,0.0,1.7979843382791898,9.67,80,3810,urban
FedEx,30163,0.4,0.3,8257.65060106912,8257.65060106912,0.0,19.436906373559538,7.51,263,6210,urban
FedEx,30167,0.4,0.3,5175.6698343295675,5175.6698343295675,0.0,5.368928981069905,8.96,132,3775,urban
FedEx,30419,0.4,0.3,3306.0595520416546,3306.0595520416546,0.0,23.77191867081394,5.53,136,1709,suburban
FedEx,30449,0.4,0.3,5430.5021475969215,5430.5021475969215,0.0,12.46107802650201,12.7,204,3703,urban
FedEx,30453,0.4,0.3,3326.3835685835006,3326.3835685835006,0.0,9.157258958740025,10.07,106,1516,suburban
FedEx,30455,0.4,0.3,1959.2973539377524,1959.2973539377524,0.0,6.967819653017212,11.34,85,612,suburban
FedEx,30457,0.4,0.3,1996.1328134447208,1996.1328134447208,0.0,6.068989648841514,14.63,82,778,suburban
FedEx,30519,0.4,0.3,4147.606607808722,4147.606607808722,0.0,13.714884737746765,15.57,154,2372,urban
FedEx,30539,0.4,0.3,4110.789837016759,4110.789837016759,0.0,19.21423828970633,18.41,81,2429,rural
FedEx,30559,0.4,0.3,5375.733073538704,5375.733073538704,0.0,34.15472344529856,15.2,165,3144,suburban
FedEx,30625,0.4,0.3,3602.9465575642243,3602.9465575642243,0.0,12.254281076148748,12.66,134,2229,urban
FedEx,30655,0.4,0.3,3651.3066283117864,3651.3066283117864,0.0,15.85072399205562,11.41,144,2242,suburban
FedEx,30657,0.4,0.3,4510.957538899967,4510.957538899967,0.0,12.670949194485749,8.22,82,3429,rural
FedEx,30823,0.4,0.3,2013.2163655803622,2013.2163655803622,0.0,12.528872220645557,8.07,113,878,suburban
FedEx,30827,0.4,0.3,4491.66174623818,4491.66174623818,0.0,67.00018830712914,7.42,137,2757,suburban
FedEx,30853,0.4,0.3,4558.287686101956,4558.287686101956,0.0,12.833286131520444,4.82,152,3029,suburban
FedEx,30855,0.4,0.3,11164.944696921486,11164.944696921486,0.0,59.06346106841505,1.5,210,9970,suburban
FedEx,30880,0.4,0.3,6033.650689518244,6033.650689518244,0.0,33.96099660372796,22.05,184,3498,suburban
FedEx,30890,0.4,0.3,3937.614024274669,3937.614024274669,0.0,102.53407734275534,20.22,167,1281,rural
FedEx,30900,0.4,0.3,4467.0239843658765,4467.0239843658765,0.0,173.55971997363926,10.92,207,1597,rural
FedEx,30916,0.4,0.3,5459.16940205895,5459.16940205895,0.0,59.876286869182046,11.65,204,3245,suburban
FedEx,30926,0.4,0.3,3230.0558047592294,3230.0558047592294,0.0,53.8021301528445,10.98,152,1266,rural
FedEx,30938,0.4,0.3,5737.710883078335,5737.710883078335,0.0,153.22446344831192,16.47,151,3131,rural
FedEx,30952,0.4,0.3,2694.734755168253,2694.734755168253,0.0,37.755537878390655,17.01,132,979,suburban
FedEx,30966,0.4,0.3,2504.2719321468335,2504.2719321468335,0.0,31.83238567652256,18.53,102,1063,rural
FedEx,30974,0.4,0.3,2454.671117478426,2454.671117478426,0.0,53.82702268136371,23.36,94,802,rural
FedEx,30982,0.4,0.3,2716.2138956601093,2716.2138956601093,0.0,66.6831619829418,25.47,105,618,rural
FedEx,30989,0.4,0.3,2473.2391948618315,2473.2391948618315,0.0,43.13135688268341,16.61,128,876,rural
FedEx,31275,0.4,0.3,5422.493872435705,5422.493872435705,0.0,129.47251256919432,24.61,246,2133,suburban
FedEx,31303,0.4,0.3,3973.889348501275,3973.889348501275,0.0,112.90680951768702,23.03,195,1243,rural
FedEx,31311,0.4,0.3,3062.8021398398528,3062.8021398398528,0.0,139.34872865781722,33.34,113,675,rural
FedEx,31319,0.4,0.3,2817.067630852216,2817.067630852216,0.0,101.18549289373648,25.21,119,751,rural
FedEx,31515,0.4,0.3,5470.280769208987,5470.280769208987,0.0,125.1818077488354,19.63,249,2478,rural
FedEx,31535,0.4,0.3,6228.495098699879,6228.495098699879,0.0,357.6158854957556,17.87,237,2005,rural
FedEx,31832,0.4,0.3,4547.708372184966,4547.708372184966,0.0,159.3824695169613,29.81,182,1068,rural
GLS,30159,0.4,0.3,4840.335510593373,4840.335510593373,0.0,6.211813374113814,11.0,208,3332,urban
GLS,30161,0.4,0.3,3003.1123197883485,3003.1123197883485,0.0,1.7979843382791898,12.21,80,1649,urban
GLS,30163,0.4,0.3,4530.9209569497225,4530.9209569497225,0.0,6.17992293720077,13.11,162,2801,urban
GLS,30165,0.4,0.3,2518.402065806431,2518.402065806431,0.0,4.951012974183712,14.79,86,1358,urban
GLS,30167,0.4,0.3,3486.1823236641876,3486.1823236641876,0.0,5.368928981069905,13.23,133,2147,urban
GLS,30173,0.4,0.3,2554.876072428404,2554.876072428404,0.0,4.775461708125837,9.02,83,1424,urban
GLS,30179,0.4,0.3,2012.9451781141186,2012.9451781141186,0.0,8.305970462175056,15.58,89,1034,suburban
GLS,30419,0.4,0.3,5101.804856969734,5101.804856969734,0.0,23.77191867081394,17.6,248,2617,suburban
GLS,30449,0.4,0.3,3412.5020081467483,3412.5020081467483,0.0,5.186686836161483,10.84,150,1981,urban
GLS,30453,0.4,0.3,3168.728615727752,3168.728615727752,0.0,9.157258958740025,13.29,125,1373,suburban
GLS,30455,0.4,0.3,2732.89498767275,2732.89498767275,0.0,6.967819653017212,13.26,149,1201,suburban
GLS,30457,0.4,0.3,2344.3788154149365,2344.3788154149365,0.0,6.068989648841514,10.08,128,1189,suburban
GLS,30459,0.4,0.3,2084.898287419,2084.898287419,0.0,7.274391190340525,9.13,113,1169,urban
GLS,30519,0.4,0.3,3551.9496596439303,3551.9496596439303,0.0,13.714884737746765,6.3,224,2084,urban
GLS,30539,0.4,0.3,2580.3663075652257,2580.3663075652257,0.0,19.21423828970633,5.29,145,1310,rural
GLS,30559,0.4,0.3,3658.07773972127,3658.07773972127,0.0,19.484913733542943,8.92,208,2040,suburban
GLS,30625,0.4,0.3,2259.1204653397162,2259.1204653397162,0.0,8.86389555258122,10.34,105,1185,urban
GLS,30627,0.4,0.3,1778.1322716706136,1778.1322716706136,0.0,3.390385523567528,11.43,78,774,suburban
GLS,30629,0.4,0.3,2143.7517893568083,2143.7517893568083,0.0,14.669809711755615,12.94,116,1080,suburban
GLS,30655,0.4,0.3,2960.5284409044616,2960.5284409044616,0.0,4.462508901721823,13.05,124,1383,suburban
GLS,30657,0.4,0.3,2873.29432340711,2873.29432340711,0.0,12.670949194485749,16.66,127,1325,rural
GLS,30659,0.4,0.3,2313.189380462103,2313.189380462103,0.0,11.3882150903338,14.84,124,1138,suburban
GLS,30823,0.4,0.3,4081.0154973189988,4081.0154973189988,0.0,12.528872220645557,21.76,209,1687,suburban
GLS,30826,0.4,0.3,4802.849009920454,4802.849009920454,0.0,56.38950461206911,26.25,214,1480,rural
GLS,30827,0.4,0.3,3413.7429042160657,3413.7429042160657,0.0,10.610683695060027,22.43,133,1331,suburban
GLS,30851,0.4,0.3,2060.2946146334557,2060.2946146334557,0.0,4.12190647126244,17.37,95,1137,suburban
GLS,30853,0.4,0.3,2481.088173620477,2481.088173620477,0.0,8.711379660258004,18.94,117,1083,suburban
GLS,30855,0.4,0.3,8370.230959567252,8370.230959567252,0.0,58.08159729436245,22.3,262,5111,suburban
GLS,30880,0.4,0.3,4450.294123718125,4450.294123718125,0.0,33.96099660372796,1.58,305,2630,suburban
GLS,30890,0.4,0.3,6293.752660817818,6293.752660817818,0.0,102.53407734275534,23.44,436,2471,rural
GLS,30900,0.4,0.3,7176.610893793414,7176.610893793414,0.0,173.55971997363926,31.36,490,2487,rural
GLS,30916,0.4,0.3,5182.054562818042,5182.054562818042,0.0,59.876286869182046,19.31,308,2276,suburban
GLS,30926,0.4,0.3,5707.156100114085,5707.156100114085,0.0,53.8021301528445,20.06,381,2421,rural
GLS,30938,0.4,0.3,5298.987880460923,5298.987880460923,0.0,153.22446344831192,28.43,321,1873,rural
GLS,30952,0.4,0.3,4052.359581403284,4052.359581403284,0.0,37.755537878390655,11.4,259,1710,suburban
GLS,30966,0.4,0.3,3510.9395596477075,3510.9395596477075,0.0,31.83238567652256,6.33,220,1619,rural
GLS,30974,0.4,0.3,3101.933528043918,3101.933528043918,0.0,53.82702268136371,16.59,214,1120,rural
GLS,30982,0.4,0.3,2386.647671549595,2386.647671549595,0.0,66.6831619829418,6.34,209,1154,rural
GLS,30989,0.4,0.3,3148.477695946504,3148.477695946504,0.0,43.13135688268341,16.28,231,1172,rural
GLS,31275,0.4,0.3,6805.937726269975,6805.937726269975,0.0,129.47251256919432,17.38,507,3227,suburban
GLS,31303,0.4,0.3,5596.886925837495,5596.886925837495,0.0,112.90680951768702,24.81,407,2208,rural
GLS,31311,0.4,0.3,4871.049261225609,4871.049261225609,0.0,139.34872865781722,30.96,326,1483,rural
GLS,31319,0.4,0.3,4437.068207504176,4437.068207504176,0.0,101.18549289373648,11.04,357,1985,rural
GLS,31515,0.4,0.3,8050.858133283889,8050.858133283889,0.0,125.1818077488354,33.59,472,3284,rural
GLS,31535,0.4,0.3,10569.427946070218,10569.427946070218,0.0,357.6158854957556,38.52,705,3227,rural
GLS,31832,0.4,0.3,5153.98445539914,5153.98445539914,0.0,159.3824695169613,16.88,440,2069,rural
Hermes,30159,0.4,0.3,6103.311963748475,6103.311963748475,0.0,6.211813374113814,9.13,207,4412,urban
Hermes,30161,0.4,0.3,3205.3444612983394,3205.3444612983394,0.0,1.7979843382791898,7.9,80,2187,urban
Hermes,30163,0.4,0.3,3151.45637345559,3151.45637345559,0.0,2.603733329707664,6.63,93,2318,urban
Hermes,30165,0.4,0.3,3165.918762514473,3165.918762514473,0.0,4.951012974183712,5.34,89,1888,urban
Hermes,30167,0.4,0.3,4309.333549458941,4309.333549458941,0.0,5.368928981069905,7.27,135,2918,urban
Hermes,30173,0.4,0.3,3377.006730770633,3377.006730770633,0.0,4.775461708125837,11.08,82,1982,urban
Hermes,30177,0.4,0.3,2975.551858278056,2975.551858278056,0.0,3.576189607493106,7.86,76,1604,urban
Hermes,30179,0.4,0.3,2972.7332058248016,2972.7332058248016,0.0,8.305970462175056,5.02,88,1492,suburban
Hermes,30419,0.4,0.3,5546.714589306118,5546.714589306118,0.0,23.77191867081394,4.3,253,3791,suburban
Hermes,30449,0.4,0.3,4264.762288981972,4264.762288981972,0.0,5.186686836161483,9.65,147,2752,urban
Hermes,30453,0.4,0.3,3456.6569376644593,3456.6569376644593,0.0,9.157258958740025,8.55,127,1923,suburban
Hermes,30455,0.4,0.3,3386.0721023475717,3386.0721023475717,0.0,6.967819653017212,9.92,152,1769,suburban
Hermes,30457,0.4,0.3,3390.4448760059295,3390.4448760059295,0.0,6.068989648841514,13.07,130,1718,suburban
Hermes,30459,0.4,0.3,3359.004573372854,3359.004573372854,0.0,7.274391190340525,11.99,121,1718,urban
Hermes,30519,0.4,0.3,5162.317584328793,5162.317584328793,0.0,13.714884737746765,13.8,229,2920,urban
Hermes,30539,0.4,0.3,3748.1337976976,3748.1337976976,0.0,19.21423828970633,16.65,149,1846,rural
Hermes,30559,0.4,0.3,5370.925287647466,5370.925287647466,0.0,19.484913733542943,14.22,216,2928,suburban
Hermes,30625,0.4,0.3,3247.4589705680532,3247.4589705680532,0.0,8.86389555258122,10.86,112,1721,urban
Hermes,30627,0.4,0.3,1976.5200916772521,1976.5200916772521,0.0,3.390385523567528,11.3,80,1110,suburban
Hermes,30629,0.4,0.3,3288.097282907375,3288.097282907375,0.0,14.669809711755615,13.03,120,1544,suburban
Hermes,30655,0.4,0.3,3426.8003677575816,3426.8003677575816,0.0,4.462508901721823,9.19,134,1982,suburban
Hermes,30657,0.4,0.3,3245.628188162223,3245.628188162223,0.0,12.670949194485749,6.89,133,1834,rural
Hermes,30659,0.4,0.3,3215.6998845024846,3215.6998845024846,0.0,11.3882150903338,10.33,126,1587,suburban
Hermes,30823,0.4,0.3,3936.6042296322357,3936.6042296322357,0.0,12.528872220645557,8.05,216,2384,suburban
Hermes,30826,0.4,0.3,4191.43021519428,4191.43021519428,0.0,56.38950461206911,9.0,221,2156,rural
Hermes,30827,0.4,0.3,3247.3865843141566,3247.3865843141566,0.0,10.610683695060027,5.18,139,1865,suburban
Hermes,30851,0.4,0.3,2857.2114343496014,2857.2114343496014,0.0,4.12190647126244,3.44,95,1650,suburban
Hermes,30853,0.4,0.3,2627.454020793578,2627.454020793578,0.0,8.711379660258004,3.75,121,1477,suburban
Hermes,30855,0.4,0.3,8658.56494813409,8658.56494813409,0.0,58.08159729436245,2.52,261,7102,suburban
Hermes,30880,0.4,0.3,6718.354835871605,6718.354835871605,0.0,33.96099660372796,20.27,312,3668,suburban
Hermes,30890,0.4,0.3,7568.635969962485,7568.635969962485,0.0,102.53407734275534,19.74,454,3618,rural
Hermes,30900,0.4,0.3,7696.514876914835,7696.514876914835,0.0,173.55971997363926,12.32,527,3644,rural
Hermes,30916,0.4,0.3,5798.014253899346,5798.014253899346,0.0,59.876286869182046,10.8,310,3232,suburban
Hermes,30926,0.4,0.3,5981.497888198291,5981.497888198291,0.0,53.8021301528445,10.52,393,3537,rural
Hermes,30938,0.4,0.3,6007.684029332934,6007.684029332934,0.0,153.22446344831192,16.57,334,2656,rural
Hermes,30952,0.4,0.3,5277.6182452376,5277.6182452376,0.0,37.755537878390655,15.6,274,2488,suburban
Hermes,30966,0.4,0.3,4601.173469262583,4601.173469262583,0.0,31.83238567652256,16.87,229,2313,rural
Hermes,30974,0.4,0.3,4626.2307003590395,4626.2307003590395,0.0,53.82702268136371,22.19,228,1616,rural
Hermes,30982,0.4,0.3,4596.833861562218,4596.833861562218,0.0,66.6831619829418,23.78,220,1680,rural
Hermes,30989,0.4,0.3,4185.515150068637,4185.515150068637,0.0,43.13135688268341,15.58,242,1681,rural
Hermes,31275,0.4,0.3,9418.194923082388,9418.194923082388,0.0,129.47251256919432,23.26,528,4698,suburban
Hermes,31303,0.4,0.3,6888.21710469868,6888.21710469868,0.0,112.90680951768702,22.27,425,3161,rural
Hermes,31311,0.4,0.3,6231.959144058387,6231.959144058387,0.0,139.34872865781722,32.49,345,2196,rural
Hermes,31319,0.4,0.3,6653.523191455497,6653.523191455497,0.0,101.18549289373648,23.57,378,2907,rural
Hermes,31515,0.4,0.3,9098.73098096226,9098.73098096226,0.0,125.1818077488354,20.37,503,4758,rural
Hermes,31535,0.4,0.3,11828.260970846719,11828.260970846719,0.0,357.6158854957556,19.5,777,4780,rural
Hermes,31832,0.4,0.3,8226.290929342216,8226.290929342216,0.0,159.3824695169613,28.44,458,3015,rural
UPS,30159,0.4,0.3,14124.871351764605,14124.871351764605,0.0,10.98727508223965,10.54,282,11805,urban
UPS,30161,0.4,0.3,5917.055804797465,5917.055804797465,0.0,1.7979843382791898,8.59,80,4726,urban
UPS,30163,0.4,0.3,6504.720392897118,6504.720392897118,0.0,14.485893399375826,6.02,215,5283,urban
UPS,30165,0.4,0.3,3773.2492250252108,3773.2492250252108,0.0,4.951012974183712,6.57,77,2701,urban
UPS,30167,0.4,0.3,6006.644999548211,6006.644999548211,0.0,5.368928981069905,8.81,137,4551,urban
UPS,30419,0.4,0.3,3598.2785262855646,3598.2785262855646,0.0,23.77191867081394,7.09,153,2053,suburban
UPS,30449,0.4,0.3,6798.755020154903,6798.755020154903,0.0,12.46107802650201,12.33,209,4685,urban
UPS,30453,0.4,0.3,3375.021836857729,3375.021836857729,0.0,9.157258958740025,10.59,118,1821,suburban
UPS,30455,0.4,0.3,1985.0500139571805,1985.0500139571805,0.0,6.967819653017212,12.14,99,812,suburban
UPS,30457,0.4,0.3,2069.491599260607,2069.491599260607,0.0,6.068989648841514,14.87,93,1021,suburban
UPS,30519,0.4,0.3,4937.054841641878,4937.054841641878,0.0,13.714884737746765,14.32,178,3064,urban
UPS,30539,0.4,0.3,4533.06046911727,4533.06046911727,0.0,19.21423828970633,16.42,96,2701,rural
UPS,30559,0.4,0.3,5027.435680366569,5027.435680366569,0.0,19.484913733542943,13.47,141,3087,suburban
UPS,30625,0.4,0.3,4315.013444156701,4315.013444156701,0.0,12.254281076148748,10.42,148,2727,urban
UPS,30655,0.4,0.3,2121.9137816651596,2121.9137816651596,0.0,4.462508901721823,8.22,93,1218,suburban
UPS,30657,0.4,0.3,4786.350272484361,4786.350272484361,0.0,12.670949194485749,5.0,96,3745,rural
UPS,30659,0.4,0.3,3729.581575766453,3729.581575766453,0.0,26.058024802089417,10.16,158,2385,suburban
UPS,30823,0.4,0.3,2901.0492307771306,2901.0492307771306,0.0,12.528872220645557,11.23,141,1337,suburban
UPS,30826,0.4,0.3,2179.7117952412614,2179.7117952412614,0.0,56.38950461206911,11.69,77,1105,rural
UPS,30827,0.4,0.3,3291.825156956803,3291.825156956803,0.0,10.610683695060027,8.21,92,2105,suburban
UPS,30853,0.4,0.3,4885.572256538386,4885.572256538386,0.0,12.833286131520444,2.1,167,3668,suburban
UPS,30855,0.4,0.3,12372.313669298126,12372.313669298126,0.0,59.06346106841505,2.73,226,11475,suburban
UPS,30880,0.4,0.3,7164.597554373629,7164.597554373629,0.0,33.96099660372796,20.44,221,4190,suburban
UPS,30890,0.4,0.3,4686.02421265492,4686.02421265492,0.0,102.53407734275534,22.83,246,1795,rural
UPS,30900,0.4,0.3,5252.628048739307,5252.628048739307,0.0,173.55971997363926,10.9,296,2208,rural
UPS,30916,0.4,0.3,6109.051569407693,6109.051569407693,0.0,59.876286869182046,7.96,236,4019,suburban
UPS,30926,0.4,0.3,3963.3498677038015,3963.3498677038015,0.0,53.8021301528445,13.64,194,1634,rural
UPS,30938,0.4,0.3,6063.945568650633,6063.945568650633,0.0,153.22446344831192,13.43,195,3590,rural
UPS,30952,0.4,0.3,3731.55368849277,3731.55368849277,0.0,37.755537878390655,17.72,163,1329,suburban
UPS,30966,0.4,0.3,3533.856164661857,3533.856164661857,0.0,31.83238567652256,18.2,136,1386,rural
UPS,30974,0.4,0.3,3208.8293030723075,3208.8293030723075,0.0,53.82702268136371,24.68,134,1072,rural
UPS,30982,0.4,0.3,3007.173952156455,3007.173952156455,0.0,66.6831619829418,24.88,141,878,rural
UPS,30989,0.4,0.3,3364.1454124269208,3364.1454124269208,0.0,43.13135688268341,18.29,160,1191,rural
UPS,31275,0.4,0.3,6734.00020753597,6734.00020753597,0.0,129.47251256919432,21.19,339,2904,suburban
UPS,31303,0.4,0.3,4633.075702530725,4633.075702530725,0.0,112.90680951768702,19.35,259,1804,rural
UPS,31311,0.4,0.3,3968.942591958489,3968.942591958489,0.0,139.34872865781722,29.65,195,1062,rural
UPS,31319,0.4,0.3,3441.882252785476,3441.882252785476,0.0,101.18549289373648,22.42,153,1055,rural
UPS,31515,0.4,0.3,6718.456041625136,6718.456041625136,0.0,125.1818077488354,23.29,321,3281,rural
UPS,31535,0.4,0.3,8009.28273019456,8009.28273019456,0.0,357.6158854957556,20.99,322,2571,rural
UPS,31832,0.4,0.3,5227.687081644636,5227.687081644636,0.0,159.3824695169613,30.54,251,1605,rural
DHL,30159,0.0,0.4,21765.829167423013,21973.50194568585,0.9451055128862156,6.211813374113814,2.18,221,23058,urban
DHL,30161,0.0,0.4,10767.471233772807,10909.00812046849,1.2974313075275714,1.7979843382791898,1.04,84,11554,urban
DHL,30163,0.0,0.4,9793.917540168728,9914.04927442146,1.2117322693026766,2.603733329707664,1.7,95,10484,urban
DHL,30165,0.0,0.4,8492.088901330082,8565.397376626115,0.855867767397256,4.951012974183712,1.88,94,8599,urban
DHL,30167,0.0,0.4,13032.26265946218,13540.33589751315,3.752294196366906,5.368928981069905,1.39,142,13892,urban
DHL,30169,0.0,0.4,5526.902214106202,5441.748523674446,-1.5648222269238157,2.9960433745102675,2.4,76,5294,urban
DHL,30173,0.0,0.4,8677.35144413572,8900.020227394843,2.5018907549640645,4.775461708125837,3.83,88,8547,urban
DHL,30177,0.0,0.4,6367.862884891339,6717.193405547422,5.200542839329108,3.576189607493106,2.83,80,6260,urban
DHL,30179,0.0,0.4,6530.780412475808,7015.019470078845,6.902889716392974,8.305970462175056,3.55,96,6322,suburban
DHL,30419,0.0,0.4,15123.033586983449,15260.397562746597,0.9001336642662479,23.77191867081394,5.16,274,14775,suburban
DHL,30449,0.0,0.4,7349.6815218915945,7432.014762814106,1.1078185868852626,2.190643461651216,1.56,91,7431,urban
DHL,30453,0.0,0.4,8690.813717211797,8728.871611104647,0.43600015658878416,9.157258958740025,2.98,148,8150,suburban
DHL,30455,0.0,0.4,7139.350248595476,7560.480077937329,5.5701466705900895,6.967819653017212,3.04,160,6748,suburban
DHL,30457,0.0,0.4,6825.9381011937085,7333.849598031452,6.925578307115499,6.068989648841514,2.4,139,6736,suburban
DHL,30459,0.0,0.4,6615.142126291582,6748.368740605874,1.9742047216929528,7.274391190340525,1.24,125,6561,urban
DHL,30519,0.0,0.4,13102.313063495287,13335.327593044716,1.7473476217484332,13.714884737746765,5.03,248,12645,urban
DHL,30539,0.0,0.4,8861.939293086338,9296.282509988963,4.672224799923181,19.21423828970633,3.99,164,8372,rural
DHL,30559,0.0,0.4,12716.564719992008,12462.482929522981,-2.0387734282638004,19.484913733542943,1.93,224,12320,suburban
DHL,30625,0.0,0.4,7375.396194969325,8084.182917612831,8.767574037683985,8.86389555258122,4.99,117,7084,urban
DHL,30627,0.0,0.4,5221.701429021118,5566.459185356654,6.193483951925301,3.390385523567528,4.61,82,4809,suburban
DHL,30629,0.0,0.4,6403.562574731712,6830.019894903581,6.24386644159094,14.669809711755615,4.28,124,5907,suburban
DHL,30655,0.0,0.4,7994.457313112773,8770.048460462032,8.843635823061339,4.462508901721823,5.25,139,7945,suburban
DHL,30657,0.0,0.4,9213.884460803481,9997.913539537092,7.8419269743946165,12.670949194485749,6.56,140,9056,rural
DHL,30659,0.0,0.4,7722.14774459779,7841.281218861646,1.51931133367962,11.3882150903338,7.01,131,6829,suburban
DHL,30823,0.0,0.4,10059.099325331572,10202.29191336214,1.4035335319412483,12.528872220645557,3.26,227,9437,suburban
DHL,30826,0.0,0.4,9058.59784655945,9289.171862330428,2.482180534370386,56.38950461206911,1.44,239,8281,rural
DHL,30827,0.0,0.4,8685.217843403017,8499.259441991915,-2.1879365217673663,10.610683695060027,3.25,153,8048,suburban
DHL,30851,0.0,0.4,6849.999088432283,7091.396611882496,3.4040900074002547,4.12190647126244,5.02,97,6654,suburban
DHL,30853,0.0,0.4,7579.942186319444,8087.121413003322,6.27144320930291,8.711379660258004,6.98,132,7164,suburban
DHL,30855,0.0,0.4,33761.70153492895,33181.974645551454,-1.7471138941250968,59.06346106841505,5.9,278,32854,suburban
DHL,30880,0.0,0.4,17500.935730849225,17626.17972557684,0.710556664447693,33.96099660372796,5.11,360,16161,suburban
DHL,30890,0.0,0.4,16098.044263724361,16098.044263724361,0.0,102.53407734275534,4.73,504,13989,rural
DHL,30900,0.0,0.4,17063.47521861251,17593.529073393336,3.012777326081918,173.55971997363926,4.94,590,14609,rural
DHL,30916,0.0,0.4,16239.065753614082,17062.590954336305,4.826495594521247,59.876286869182046,11.0,355,14499,suburban
DHL,30926,0.0,0.4,14477.656159461907,14775.4174568136,2.0152479496569655,53.8021301528445,0.37,429,13519,rural
DHL,30938,0.0,0.4,14661.277092522256,14888.20103197316,1.5241864276521624,153.22446344831192,10.53,355,12030,rural
DHL,30952,0.0,0.4,10572.159709326825,11029.332668750209,4.14506455788307,37.755537878390655,5.68,286,9709,suburban
DHL,30966,0.0,0.4,10200.013799856422,10564.896592403224,3.453728007230788,31.83238567652256,5.52,237,9182,rural
DHL,30974,0.0,0.4,7387.870244792621,7602.589230059956,2.824287604785431,53.82702268136371,1.4,244,6515,rural
DHL,30982,0.0,0.4,8190.078594929487,8026.683955967339,-2.0356431106356707,66.6831619829418,2.77,239,6551,rural
DHL,30989,0.0,0.4,8097.788820607868,8197.588934134921,1.2174325198410925,43.13135688268341,5.72,271,6841,rural
DHL,31275,0.0,0.4,20404.97130820032,20490.51279819747,0.4174687614683437,129.47251256919432,2.93,571,18743,suburban
DHL,31303,0.0,0.4,14320.505248260011,14494.326252546625,1.1992347988998382,112.90680951768702,1.84,468,12605,rural
DHL,31311,0.0,0.4,10362.846479867987,10485.698502104207,1.1716150546534134,139.34872865781722,3.81,380,8577,rural
DHL,31319,0.0,0.4,12132.850075137514,12204.762656945873,0.5892173721824332,101.18549289373648,0.58,411,10967,rural
DHL,31515,0.0,0.4,21088.897809861297,21088.897809861297,0.0,125.1818077488354,5.28,537,19286,rural
DHL,31535,0.0,0.4,22512.716761824166,22512.716761824166,0.0,357.6158854957556,5.5,880,18533,rural
DHL,31832,0.0,0.4,14274.87063604578,14457.781202836444,1.2651358062797309,159.3824695169613,4.65,515,11902,rural
Amazon,30159,0.0,0.4,11968.294396385858,11555.196270293998,-3.5749987834810644,6.211813374113814,13.81,221,9019,urban
Amazon,30161,0.0,0.4,6288.70613320155,6224.7449789257325,-1.027530517191661,1.7979843382791898,12.74,83,4512,urban
Amazon,30163,0.0,0.4,6077.091557182522,5889.0064831046275,-3.193833707222166,2.603733329707664,12.41,93,4469,urban
Amazon,30165,0.0,0.4,4750.233821598029,4750.233821598029,0.0,4.951012974183712,10.52,92,3574,urban
Amazon,30167,0.0,0.4,7627.047692627873,7175.254343343608,-6.296548215094128,5.368928981069905,10.65,139,5730,urban
Amazon,30173,0.0,0.4,5245.9172669286745,5164.654397653723,-1.5734425388050868,4.775461708125837,15.11,87,3759,urban
Amazon,30177,0.0,0.4,4326.954455538222,4343.242376782357,0.37501755212200655,3.576189607493106,13.99,79,2906,urban
Amazon,30179,0.0,0.4,3981.130744429167,4390.652005410074,9.32711725903813,8.305970462175056,12.08,95,2781,suburban
Amazon,30419,0.0,0.4,8519.368501277868,8519.368501277868,0.0,23.77191867081394,6.74,265,6859,suburban
Amazon,30449,0.0,0.4,6864.06601598565,7005.60345798299,2.0203461821130686,5.186686836161483,12.61,159,5275,urban
Amazon,30453,0.0,0.4,5171.422513102145,4970.930164967193,-4.033296414983425,9.157258958740025,9.82,139,3593,suburban
Amazon,30455,0.0,0.4,4365.463468715615,4820.378887430032,9.437337382351563,6.967819653017212,9.84,158,3165,suburban
Amazon,30457,0.0,0.4,4787.842787830647,4934.7989617734975,2.9779566519572445,6.068989648841514,13.37,135,3134,suburban
Amazon,30459,0.0,0.4,4538.274806444537,4858.408897775894,6.589278466822946,7.274391190340525,13.92,124,3087,urban
Amazon,30519,0.0,0.4,8237.994001213152,8140.269152347262,-1.2005112734842505,13.714884737746765,17.38,242,5508,urban
Amazon,30539,0.0,0.4,5546.532033997954,5821.859629336905,4.7292036027723565,19.21423828970633,21.37,157,3516,rural
Amazon,30559,0.0,0.4,7931.50090683261,8252.52270516162,3.8899838243186435,19.484913733542943,20.15,222,5369,suburban
Amazon,30625,0.0,0.4,5062.723507223704,4932.584335545381,-2.638356748216322,8.86389555258122,16.66,114,3180,urban
Amazon,30627,0.0,0.4,2974.0855245702946,3472.360903435115,14.34975777926452,3.390385523567528,17.89,79,2090,suburban
Amazon,30629,0.0,0.4,4079.9773660213455,4629.145185289602,11.863266268109063,14.669809711755615,20.32,122,2757,suburban
Amazon,30655,0.0,0.4,5021.688817078757,5061.237427944449,0.781402007488008,4.462508901721823,16.14,137,3642,suburban
Amazon,30657,0.0,0.4,5177.818580063364,5227.080664344542,0.9424397181625611,12.670949194485749,15.05,138,3559,rural
Amazon,30659,0.0,0.4,4356.409707772855,4975.003626465991,12.434039553304938,11.3882150903338,18.11,130,3002,suburban
Amazon,30823,0.0,0.4,5961.000189214077,5705.037154540299,-4.486614683483224,12.528872220645557,1.29,222,4370,suburban
Amazon,30826,0.0,0.4,5526.596858214607,5673.254342811335,2.5850680356427143,56.38950461206911,3.98,233,3852,rural
Amazon,30827,0.0,0.4,4802.920784305319,4536.061456785562,-5.883062433392705,10.610683695060027,3.78,150,3498,suburban
Amazon,30851,0.0,0.4,4087.5951391968215,4490.007090916008,8.96239011589378,4.12190647126244,11.33,96,3032,suburban
Amazon,30853,0.0,0.4,4543.37889725114,4319.068900643669,-5.193480395138931,8.711379660258004,12.37,128,2911,suburban
Amazon,30855,0.0,0.4,16244.345238115564,16244.345238115564,0.0,59.06346106841505,9.96,271,13592,suburban
Amazon,30880,0.0,0.4,10006.656959610958,11278.054808972109,11.27320154845946,33.96099660372796,23.78,345,6971,suburban
Amazon,30890,0.0,0.4,10080.548522471709,10080.548522471709,0.0,102.53407734275534,12.55,490,6502,rural
Amazon,30900,0.0,0.4,10214.42711749697,12085.38072969665,15.48113091383461,173.55971997363926,17.55,570,6667,rural
Amazon,30916,0.0,0.4,8767.459103742187,9904.82527723206,11.482950396957568,59.876286869182046,19.41,344,6164,suburban
Amazon,30926,0.0,0.4,8782.58704746439,8752.96361616949,-0.3384388716088818,53.8021301528445,4.34,415,6338,rural
Amazon,30938,0.0,0.4,9384.90809448861,9384.90809448861,0.0,153.22446344831192,24.95,346,5072,rural
Amazon,30952,0.0,0.4,7086.3086530301425,7076.623355325187,-0.1368632639981818,37.755537878390655,14.14,275,4476,suburban
Amazon,30966,0.0,0.4,6347.492107562605,6955.194722247112,8.737391819393483,31.83238567652256,17.79,233,4221,rural
Amazon,30974,0.0,0.4,4520.931695467849,5436.138154721389,16.835599707094744,53.82702268136371,18.26,240,2971,rural
Amazon,30982,0.0,0.4,5261.786973887871,6084.06789519755,13.515314678831002,66.6831619829418,24.57,233,3044,rural
Amazon,30989,0.0,0.4,4662.278133857958,5499.955907320829,15.230627073716411,43.13135688268341,11.39,265,3112,rural
Amazon,31275,0.0,0.4,13903.222263381702,14129.512676709497,1.601544359706071,129.47251256919432,30.8,550,8588,suburban
Amazon,31303,0.0,0.4,9551.149196507995,10291.231205914351,7.19138453503049,112.90680951768702,30.88,449,5793,rural
Amazon,31311,0.0,0.4,7930.975590574811,8790.113460938559,9.773911044283773,139.34872865781722,40.99,367,3965,rural
Amazon,31319,0.0,0.4,9015.21276782883,9320.815628099372,3.278713714165132,101.18549289373648,29.57,396,5228,rural
Amazon,31515,0.0,0.4,12450.58174407703,12450.58174407703,0.0,125.1818077488354,12.09,525,8733,rural
Amazon,31535,0.0,0.4,15851.91067139521,15851.91067139521,0.0,357.6158854957556,16.13,834,8625,rural
Amazon,31832,0.0,0.4,8871.657227876614,11355.500473785536,21.87348106446684,159.3824695169613,25.63,491,5466,rural
DPD,30159,0.0,0.4,6887.284742130682,6656.069904499083,-3.4737441305313275,6.211813374113814,13.32,219,4783,urban
DPD,30161,0.0,0.4,3268.5660680804385,3438.6384541878197,4.945922299573391,1.7979843382791898,14.05,84,2359,urban
DPD,30163,0.0,0.4,3215.8008578910894,3176.704105051865,-1.2307332236908484,2.603733329707664,14.01,92,2106,urban
DPD,30165,0.0,0.4,2634.754816439887,3109.5847921201566,15.269883518967315,4.951012974183712,15.88,91,1757,urban
DPD,30167,0.0,0.4,4172.238482351924,4548.61275587726,8.274484853409922,5.368928981069905,16.37,138,2824,urban
DPD,30173,0.0,0.4,2615.8725663906416,3042.0725720869623,14.010185345576202,4.775461708125837,13.13,86,1708,urban
DPD,30177,0.0,0.4,1986.2553082689678,2301.8161532682093,13.70921150897285,3.576189607493106,12.44,75,1250,urban
DPD,30179,0.0,0.4,2029.6730215281877,2402.9493976963904,15.534092250383946,8.305970462175056,14.42,89,1256,suburban
DPD,30419,0.0,0.4,5100.4967598654775,5350.888005691542,4.679433498883415,23.77191867081394,19.64,257,2858,suburban
DPD,30449,0.0,0.4,3793.3236550521583,4115.648431001423,7.831688769170119,5.186686836161483,15.53,161,2554,urban
DPD,30453,0.0,0.4,2881.411100349869,3546.158276962033,18.745558564905576,9.157258958740025,18.23,137,1619,suburban
DPD,30455,0.0,0.4,2339.0860123059083,3189.32194545774,26.65883055057346,6.967819653017212,19.47,151,1318,suburban
DPD,30457,0.0,0.4,2301.6344376141615,3071.8681502213976,25.073788162155445,6.068989648841514,18.69,130,1335,suburban
DPD,30459,0.0,0.4,2471.22275957356,2692.648089162524,8.223329683524755,7.274391190340525,16.25,119,1284,urban
DPD,30519,0.0,0.4,4117.43410510339,4359.743796141659,5.5578883156554175,12.113461405690837,12.99,227,2540,urban
DPD,30539,0.0,0.4,2706.2157176202168,3283.465182476126,17.580495993583032,19.21423828970633,9.52,156,1695,rural
DPD,30559,0.0,0.4,3638.406906303848,3964.267070732265,8.219934696988654,19.484913733542943,7.42,213,2467,suburban
DPD,30625,0.0,0.4,2149.154537602273,2879.61806243138,25.366680892824608,8.86389555258122,10.22,108,1405,urban
DPD,30627,0.0,0.4,1636.7691628269592,1734.323815852828,5.624938787910125,3.390385523567528,8.59,77,971,suburban
DPD,30629,0.0,0.4,1950.2793692134373,2209.7242260325893,11.741051383817593,14.669809711755615,6.08,121,1173,suburban
DPD,30655,0.0,0.4,2292.7679027544423,2902.8311877698657,21.016147531614187,4.462508901721823,10.23,132,1537,suburban
DPD,30657,0.0,0.4,3137.3849507311943,3254.827165454566,3.608247343203242,12.670949194485749,12.26,136,1866,rural
DPD,30659,0.0,0.4,2136.3377936779866,2732.1680399331904,21.80796486696966,11.3882150903338,8.73,122,1368,suburban
DPD,30823,0.0,0.4,3328.1342427495783,4031.85332034608,17.453985095273683,12.528872220645557,25.25,211,1867,suburban
DPD,30826,0.0,0.4,3231.664310831634,4659.6772590054525,30.646177166326094,56.38950461206911,27.87,212,1639,rural
DPD,30827,0.0,0.4,2810.337932929431,3693.9834286058103,23.921208980893727,10.610683695060027,23.76,145,1601,suburban
DPD,30851,0.0,0.4,2009.0408452819797,2392.8715311930196,16.040588928719984,4.12190647126244,15.63,96,1281,suburban
DPD,30853,0.0,0.4,2431.2679244645183,3054.623065805542,20.40694147566247,8.711379660258004,15.68,120,1470,suburban
DPD,30855,0.0,0.4,9676.58897120996,9651.557570967712,-0.25935088775248977,59.06346106841505,19.88,265,6668,suburban
DPD,30880,0.0,0.4,5100.795392863408,5651.747006229777,9.748341756258185,33.96099660372796,12.89,328,3235,suburban
DPD,30890,0.0,0.4,5273.526581116332,6923.102121964851,23.82711552982772,102.53407734275534,32.64,451,2726,rural
DPD,30900,0.0,0.4,5740.883084302847,7912.531093330155,27.44568057189554,173.55971997363926,25.52,515,2839,rural
DPD,30916,0.0,0.4,4552.285215175551,5505.336403799816,17.31140694629422,59.876286869182046,10.68,308,2914,suburban
DPD,30926,0.0,0.4,4751.252287987441,6146.851473398595,22.704293270315944,53.8021301528445,25.6,384,2637,rural
DPD,30938,0.0,0.4,4431.600077182917,5614.10632319326,21.063125240879714,153.22446344831192,17.56,317,2412,rural
DPD,30952,0.0,0.4,3410.426384590171,4651.5791758270425,26.682396328687595,37.755537878390655,21.73,266,1895,suburban
DPD,30966,0.0,0.4,3142.5623668784147,4054.5734078226283,22.49339077656454,31.83238567652256,17.93,217,1807,rural
DPD,30974,0.0,0.4,2589.7696660342135,4049.5746175540357,36.04835296013269,53.82702268136371,28.84,224,1280,rural
DPD,30982,0.0,0.4,2409.492079410624,3635.1428609264503,33.716715639711005,66.6831619829418,20.59,218,1278,rural
DPD,30989,0.0,0.4,2785.9199799368016,4189.963023652114,33.509676237942095,43.13135688268341,25.63,242,1356,rural
DPD,31275,0.0,0.4,5902.390780676223,6310.744546848563,6.470770019937863,129.47251256919432,4.47,516,3643,suburban
DPD,31303,0.0,0.4,4632.069667981272,5298.7418231419815,12.581706703448988,112.90680951768702,10.77,417,2491,rural
DPD,31311,0.0,0.4,3318.5327343665895,4503.622414154428,26.31414383371088,139.34872865781722,17.19,336,1650,rural
DPD,31319,0.0,0.4,3699.0868233266883,4393.641206526262,15.808172551001457,101.18549289373648,7.08,368,2115,rural
DPD,31515,0.0,0.4,6723.156077302118,8672.940895409381,22.4812418488784,125.1818077488354,38.45,488,3812,rural
DPD,31535,0.0,0.4,7456.845821775412,10736.90548199021,30.54939494174257,357.6158854957556,38.17,720,3582,rural
DPD,31832,0.0,0.4,4835.744833608081,6479.205569246742,25.365158090357156,159.3824695169613,30.86,456,2309,rural
FedEx,30159,0.0,0.4,12318.426944519068,12214.299279183924,-0.8525062548008928,10.98727508223965,11.75,273,9864,urban
FedEx,30161,0.0,0.4,4870.08837421392,5224.187237195072,6.778066078107714,1.7979843382791898,9.67,80,3810,urban
FedEx,30163,0.0,0.4,7773.7448845667195,8257.65060106912,5.860089508264593,19.436906373559538,7.51,263,6210,urban
FedEx,30167,0.0,0.4,4784.14921727317,5175.6698343295675,7.564636647791767,5.368928981069905,8.96,132,3775,urban
FedEx,30419,0.0,0.4,2301.143853153191,3306.0595520416546,30.396176568201227,23.77191867081394,5.53,136,1709,suburban
FedEx,30449,0.0,0.4,5187.486685145778,5430.5021475969215,4.475009047895899,12.46107802650201,12.7,204,3703,urban
FedEx,30453,0.0,0.4,2123.2399937493724,3326.3835685835006,36.16971855553243,9.157258958740025,10.07,106,1516,suburban
FedEx,30455,0.0,0.4,1140.298184345877,1959.2973539377524,41.80065715629478,6.967819653017212,11.34,85,612,suburban
FedEx,30457,0.0,0.4,1402.7403546664648,1996.1328134447208,29.727103065564076,6.068989648841514,14.63,82,778,suburban
FedEx,30519,0.0,0.4,3806.803151280816,4147.606607808722,8.216870324352211,13.714884737746765,15.57,154,2372,urban
FedEx,30539,0.0,0.4,3596.423531815599,4110.789837016759,12.512590660057693,19.21423828970633,18.41,81,2429,rural
FedEx,30559,0.0,0.4,4593.256955325816,5375.733073538704,14.55571003077733,34.15472344529856,15.2,165,3144,suburban
FedEx,30625,0.0,0.4,3154.428536514234,3602.9465575642243,12.44864484898747,12.254281076148748,12.66,134,2229,urban
FedEx,30655,0.0,0.4,3061.9822602845243,3651.3066283117864,16.140095259535666,15.85072399205562,11.41,144,2242,suburban
FedEx,30657,0.0,0.4,4167.127981538087,4510.957538899967,7.622096958281861,12.670949194485749,8.22,82,3429,rural
FedEx,30823,0.0,0.4,1361.0462699316674,2013.2163655803622,32.39443642515243,12.528872220645557,8.07,113,878,suburban
FedEx,30827,0.0,0.4,3684.156482205821,4491.66174623818,17.97787343868123,67.00018830712914,7.42,137,2757,suburban
FedEx,30853,0.0,0.4,3795.426098538497,4558.287686101956,16.735705161598165,12.833286131520444,4.82,152,3029,suburban
FedEx,30855,0.0,0.4,11258.206820230704,11164.944696921486,-0.8353120041421513,59.06346106841505,1.5,210,9970,suburban
FedEx,30880,0.0,0.4,5307.176476478983,6033.650689518244,12.040375726445408,33.96099660372796,22.05,184,3498,suburban
FedEx,30890,0.0,0.4,2423.8310931950405,3937.614024274669,38.44416750213287,102.53407734275534,20.22,167,1281,rural
FedEx,30900,0.0,0.4,2641.417188984957,4467.0239843658765,40.86852458751856,173.55971997363926,10.92,207,1597,rural
FedEx,30916,0.0,0.4,4595.431236165101,5459.16940205895,15.821787203893813,59.876286869182046,11.65,204,3245,suburban
FedEx,30926,0.0,0.4,2110.7719295158136,3230.0558047592294,34.65215286975044,53.8021301528445,10.98,152,1266,rural
FedEx,30938,0.0,0.4,4728.144590243602,5737.710883078335,17.595279954104136,153.22446344831192,16.47,151,3131,rural
FedEx,30952,0.0,0.4,1658.4274236931528,2694.734755168253,38.45674716175899,37.755537878390655,17.01,132,979,suburban
FedEx,30966,0.0,0.4,1867.319348083376,2504.2719321468335,25.434641337748733,31.83238567652256,18.53,102,1063,rural
FedEx,30974,0.0,0.4,1576.2258712045232,2454.671117478426,35.78667789827137,53.82702268136371,23.36,94,802,rural
FedEx,30982,0.0,0.4,1536.1335927186844,2716.2138956601093,43.44577961356152,66.6831619829418,25.47,105,618,rural
FedEx,30989,0.0,0.4,1597.21984039104,2473.2391948618315,35.419920414116305,43.13135688268341,16.61,128,876,rural
FedEx,31275,0.0,0.4,3715.203857446184,5422.493872435705,31.485328617303377,129.47251256919432,24.61,246,2133,suburban
FedEx,31303,0.0,0.4,2392.7551954003966,3973.889348501275,39.788076980482415,112.90680951768702,23.03,195,1243,rural
FedEx,31311,0.0,0.4,1728.4503886534142,3062.8021398398528,43.56637125949666,139.34872865781722,33.34,113,675,rural
FedEx,31319,0.0,0.4,1663.5996974590196,2817.067630852216,40.945695472857736,101.18549289373648,25.21,119,751,rural
FedEx,31515,0.0,0.4,4052.2526099894985,5470.280769208987,25.922401775083625,125.1818077488354,19.63,249,2478,rural
FedEx,31535,0.0,0.4,3896.677142140952,6228.495098699879,37.43790305054049,357.6158854957556,17.87,237,2005,rural
FedEx,31832,0.0,0.4,2401.5471371197614,4547.708372184966,47.19214732834929,159.3824695169613,29.81,182,1068,rural
GLS,30159,0.0,0.4,4934.202798501913,4840.335510593373,-1.9392723438923893,6.211813374113814,11.0,208,3332,urban
GLS,30161,0.0,0.4,2858.472488130881,3003.1123197883485,4.816331067752443,1.7979843382791898,12.21,80,1649,urban
GLS,30163,0.0,0.4,4423.246734724068,4530.9209569497225,2.376431265270673,6.17992293720077,13.11,162,2801,urban
GLS,30165,0.0,0.4,2187.4835628038913,2518.402065806431,13.140018724395958,4.951012974183712,14.79,86,1358,urban
GLS,30167,0.0,0.4,3276.4574355892355,3486.1823236641876,6.015889836034698,5.368928981069905,13.23,133,2147,urban
GLS,30173,0.0,0.4,2161.9071614532077,2554.876072428404,15.381133950723495,4.775461708125837,9.02,83,1424,urban
GLS,30179,0.0,0.4,1864.1706180764597,2012.9451781141186,7.390889809380813,8.305970462175056,15.58,89,1034,suburban
GLS,30419,0.0,0.4,4298.412274047816,5101.804856969734,15.747222903368764,23.77191867081394,17.6,248,2617,suburban
GLS,30449,0.0,0.4,3405.3423652077836,3412.5020081467483,0.20980626302555402,5.186686836161483,10.84,150,1981,urban
GLS,30453,0.0,0.4,2274.2557566659584,3168.728615727752,28.228130822631616,9.157258958740025,13.29,125,1373,suburban
GLS,30455,0.0,0.4,2146.9445456019444,2732.89498767275,21.44064974006862,6.967819653017212,13.26,149,1201,suburban
GLS,30457,0.0,0.4,2218.273288853819,2344.3788154149365,5.379059294169483,6.068989648841514,10.08,128,1189,suburban
GLS,30459,0.0,0.4,2238.556248400144,2084.898287419,-7.37004591103409,7.274391190340525,9.13,113,1169,urban
GLS,30519,0.0,0.4,3700.7092660303056,3551.9496596439303,-4.188111337177224,13.714884737746765,6.3,224,2084,urban
GLS,30539,0.0,0.4,2131.860784868078,2580.3663075652257,17.381467173176166,19.21423828970633,5.29,145,1310,rural
GLS,30559,0.0,0.4,3614.475114967944,3658.07773972127,1.1919545689219897,19.484913733542943,8.92,208,2040,suburban
GLS,30625,0.0,0.4,1975.7931148487548,2259.1204653397162,12.541489258225807,8.86389555258122,10.34,105,1185,urban
GLS,30627,0.0,0.4,1323.8997681151482,1778.1322716706136,25.545484483485534,3.390385523567528,11.43,78,774,suburban
GLS,30629,0.0,0.4,1976.394173042195,2143.7517893568083,7.806762757960229,14.669809711755615,12.94,116,1080,suburban
GLS,30655,0.0,0.4,2218.290762423711,2960.5284409044616,25.071121365548915,4.462508901721823,13.05,124,1383,suburban
GLS,30657,0.0,0.4,2340.839635975578,2873.29432340711,18.531157184069993,12.670949194485749,16.66,127,1325,rural
GLS,30659,0.0,0.4,2298.3938349050327,2313.189380462103,0.6396166990060609,11.3882150903338,14.84,124,1138,suburban
GLS,30823,0.0,0.4,3083.9458981601183,4081.0154973189988,24.431899359703486,12.528872220645557,21.76,209,1687,suburban
GLS,30826,0.0,0.4,3079.671609638639,4802.849009920454,35.878233871656825,56.38950461206911,26.25,214,1480,rural
GLS,30827,0.0,0.4,2429.4116734558597,3413.7429042160657,28.834369147850296,10.610683695060027,22.43,133,1331,suburban
GLS,30851,0.0,0.4,1922.4102672666722,2060.2946146334557,6.692457786738149,4.12190647126244,17.37,95,1137,suburban
GLS,30853,0.0,0.4,2264.951199594588,2481.088173620477,8.711378189776115,8.711379660258004,18.94,117,1083,suburban
GLS,30855,0.0,0.4,8145.675889371209,8370.230959567252,2.6827822467595626,58.08159729436245,22.3,262,5111,suburban
GLS,30880,0.0,0.4,3993.50272590602,4450.294123718125,10.264296810801927,33.96099660372796,1.58,305,2630,suburban
GLS,30890,0.0,0.4,4821.084225196707,6293.752660817818,23.39889275899429,102.53407734275534,23.44,436,2471,rural
GLS,30900,0.0,0.4,5256.319933229166,7176.610893793414,26.75762959679176,173.55971997363926,31.36,490,2487,rural
GLS,30916,0.0,0.4,4200.165603254374,5182.054562818042,18.94786995507258,59.876286869182046,19.31,308,2276,suburban
GLS,30926,0.0,0.4,4667.0846739071985,5707.156100114085,18.223987708801165,53.8021301528445,20.06,381,2421,rural
GLS,30938,0.0,0.4,3959.019070940657,5298.987880460923,25.287259373835585,153.22446344831192,28.43,321,1873,rural
GLS,30952,0.0,0.4,3003.23472769452,4052.359581403284,25.88923397921821,37.755537878390655,11.4,259,1710,suburban
GLS,30966,0.0,0.4,3151.279550298136,3510.9395596477075,10.243981795735044,31.83238567652256,6.33,220,1619,rural
GLS,30974,0.0,0.4,2357.3821510637845,3101.933528043918,24.002815348839803,53.82702268136371,16.59,214,1120,rural
GLS,30982,0.0,0.4,2386.647671549595,2386.647671549595,0.0,66.6831619829418,6.34,209,1154,rural
GLS,30989,0.0,0.4,2736.716071847485,3148.477695946504,13.078117867220078,43.13135688268341,16.28,231,1172,rural
GLS,31275,0.0,0.4,5919.048499076259,6805.937726269975,13.031109934644967,129.47251256919432,17.38,507,3227,suburban
GLS,31303,0.0,0.4,4507.271151844184,5596.886925837495,19.46824705289657,112.90680951768702,24.81,407,2208,rural
GLS,31311,0.0,0.4,3330.187331239923,4871.049261225609,31.633059888168503,139.34872865781722,30.96,326,1483,rural
GLS,31319,0.0,0.4,3950.488489279849,4437.068207504176,10.966243822923447,101.18549289373648,11.04,357,1985,rural
GLS,31515,0.0,0.4,6406.936988728772,8050.858133283889,20.419203982229075,125.1818077488354,33.59,472,3284,rural
GLS,31535,0.0,0.4,7421.281286384215,10569.427946070218,29.78540253785925,357.6158854957556,38.52,705,3227,rural
GLS,31832,0.0,0.4,4247.845202768834,5153.98445539914,17.58133460571588,159.3824695169613,16.88,440,2069,rural
Hermes,30159,0.0,0.4,6377.583743226272,6103.311963748475,-4.493818784077811,6.211813374113814,9.13,207,4412,urban
Hermes,30161,0.0,0.4,3348.111779705475,3205.3444612983394,-4.454039811662142,1.7979843382791898,7.9,80,2187,urban
Hermes,30163,0.0,0.4,3284.9348030404863,3151.45637345559,-4.235452240721848,2.603733329707664,6.63,93,2318,urban
Hermes,30165,0.0,0.4,3013.5430548496615,3165.918762514473,4.813001188438267,4.951012974183712,5.34,89,1888,urban
Hermes,30167,0.0,0.4,4379.51237758727,4309.333549458941,-1.6285308928370181,5.368928981069905,7.27,135,2918,urban
Hermes,30173,0.0,0.4,3374.7348884201833,3377.006730770633,0.06727384727276967,4.775461708125837,11.08,82,1982,urban
Hermes,30177,0.0,0.4,2340.6028393117704,2975.551858278056,21.33886583760395,3.576189607493106,7.86,76,1604,urban
Hermes,30179,0.0,0.4,2258.440890605656,2972.7332058248016,24.028133901136993,8.305970462175056,5.02,88,1492,suburban
Hermes,30419,0.0,0.4,5610.616516779757,5546.714589306118,-1.1520680656048188,23.77191867081394,4.3,253,3791,suburban
Hermes,30449,0.0,0.4,4052.355460393177,4264.762288981972,4.9805080376355075,5.186686836161483,9.65,147,2752,urban
Hermes,30453,0.0,0.4,2889.511265913832,3456.6569376644593,16.407346230136085,9.157258958740025,8.55,127,1923,suburban
Hermes,30455,0.0,0.4,2845.6163082431513,3386.0721023475717,15.961142520554159,6.967819653017212,9.92,152,1769,suburban
Hermes,30457,0.0,0.4,3248.169099043745,3390.4448760059295,4.196374876024842,6.068989648841514,13.07,130,1718,suburban
Hermes,30459,0.0,0.4,2883.5648810598,3359.004573372854,14.154184131867792,7.274391190340525,11.99,121,1718,urban
Hermes,30519,0.0,0.4,4762.666978630005,5162.317584328793,7.741689641722229,13.714884737746765,13.8,229,2920,urban
Hermes,30539,0.0,0.4,3055.563327199521,3748.1337976976,18.47774140089424,19.21423828970633,16.65,149,1846,rural
Hermes,30559,0.0,0.4,4617.4695162809985,5370.925287647466,14.028416539312737,19.484913733542943,14.22,216,2928,suburban
Hermes,30625,0.0,0.4,2870.317350044312,3247.4589705680532,11.613437581253581,8.86389555258122,10.86,112,1721,urban
Hermes,30627,0.0,0.4,2149.491680354283,1976.5200916772521,-8.75131952391382,3.390385523567528,11.3,80,1110,suburban
Hermes,30629,0.0,0.4,2417.181106638581,3288.097282907375,26.486934580558383,14.669809711755615,13.03,120,1544,suburban
Hermes,30655,0.0,0.4,3428.471732940182,3426.8003677575816,-0.04877334548945476,4.462508901721823,9.19,134,1982,suburban
Hermes,30657,0.0,0.4,2893.412124156411,3245.628188162223,10.852015190478355,12.670949194485749,6.89,133,1834,rural
Hermes,30659,0.0,0.4,2389.718975736331,3215.6998845024846,25.685882962736276,11.3882150903338,10.33,126,1587,suburban
Hermes,30823,0.0,0.4,3814.848174717647,3936.6042296322357,3.092920898628496,12.528872220645557,8.05,216,2384,suburban
Hermes,30826,0.0,0.4,3735.0777341901035,4191.43021519428,10.887750900631993,56.38950461206911,9.0,221,2156,rural
Hermes,30827,0.0,0.4,2898.6183466993107,3247.3865843141566,10.7399666950495,10.610683695060027,5.18,139,1865,suburban
Hermes,30851,0.0,0.4,2354.053708369962,2857.2114343496014,17.610097731327865,4.12190647126244,3.44,95,1650,suburban
Hermes,30853,0.0,0.4,2271.981027961181,2627.454020793578,13.529180340329315,8.711379660258004,3.75,121,1477,suburban
Hermes,30855,0.0,0.4,8658.56494813409,8658.56494813409,0.0,58.08159729436245,2.52,261,7102,suburban
Hermes,30880,0.0,0.4,6121.079955399516,6718.354835871605,8.89019551755489,33.96099660372796,20.27,312,3668,suburban
Hermes,30890,0.0,0.4,6364.1958918323635,7568.635969962485,15.913568612761434,102.53407734275534,19.74,454,3618,rural
Hermes,30900,0.0,0.4,6757.499507860478,7696.514876914835,12.200526914732137,173.55971997363926,12.32,527,3644,rural
Hermes,30916,0.0,0.4,5142.968769251799,5798.014253899346,11.297755679144947,59.876286869182046,10.8,310,3232,suburban
Hermes,30926,0.0,0.4,5638.615106578857,5981.497888198291,5.732389913502326,53.8021301528445,10.52,393,3537,rural
Hermes,30938,0.0,0.4,5217.273845313993,6007.684029332934,13.156653714804387,153.22446344831192,16.57,334,2656,rural
Hermes,30952,0.0,0.4,4072.219377287513,5277.6182452376,22.839826829797907,37.755537878390655,15.6,274,2488,suburban
Hermes,30966,0.0,0.4,4296.740204578052,4601.173469262583,6.616426585918789,31.83238567652256,16.87,229,2313,rural
Hermes,30974,0.0,0.4,3228.293590314927,4626.2307003590395,30.217626413131953,53.82702268136371,22.19,228,1616,rural
Hermes,30982,0.0,0.4,3202.190174396919,4596.833861562218,30.33922323856478,66.6831619829418,23.78,220,1680,rural
Hermes,30989,0.0,0.4,3148.1168695306656,4185.515150068637,24.78543843094104,43.13135688268341,15.58,242,1681,rural
Hermes,31275,0.0,0.4,7989.609441525208,9418.194923082388,15.168357559217222,129.47251256919432,23.26,528,4698,suburban
Hermes,31303,0.0,0.4,5547.1430392036345,6888.21710469868,19.469102746199074,112.90680951768702,22.27,425,3161,rural
Hermes,31311,0.0,0.4,4486.709817298103,6231.959144058387,28.004826193769617,139.34872865781722,32.49,345,2196,rural
Hermes,31319,0.0,0.4,5464.825926894725,6653.523191455497,17.86568153977889,101.18549289373648,23.57,378,2907,rural
Hermes,31515,0.0,0.4,8385.403574787484,9098.73098096226,7.8398559938447185,125.1818077488354,20.37,503,4758,rural
Hermes,31535,0.0,0.4,10424.425764782036,11828.260970846719,11.86848353722272,357.6158854957556,19.5,777,4780,rural
Hermes,31832,0.0,0.4,5929.433015119303,8226.290929342216,27.920941940313472,159.3824695169613,28.44,458,3015,rural
UPS,30159,0.0,0.4,14621.32850624695,14124.871351764605,-3.5147729286774916,10.98727508223965,10.54,282,11805,urban
UPS,30161,0.0,0.4,5742.716400400017,5917.055804797465,2.9463876993706184,1.7979843382791898,8.59,80,4726,urban
UPS,30163,0.0,0.4,6329.585044728767,6504.720392897118,2.6924346872709757,14.485893399375826,6.02,215,5283,urban
UPS,30165,0.0,0.4,3244.748642325254,3773.2492250252108,14.006511395928946,4.951012974183712,6.57,77,2701,urban
UPS,30167,0.0,0.4,5741.541788965112,6006.644999548211,4.413498893359584,5.368928981069905,8.81,137,4551,urban
UPS,30419,0.0,0.4,2612.812822321735,3598.2785262855646,27.387143512236875,23.77191867081394,7.09,153,2053,suburban
UPS,30449,0.0,0.4,6075.379271819766,6798.755020154903,10.639826647536065,12.46107802650201,12.33,209,4685,urban
UPS,30453,0.0,0.4,2669.75848117859,3375.021836857729,20.89655681563724,9.157258958740025,10.59,118,1821,suburban
UPS,30455,0.0,0.4,1383.5805465603737,1985.0500139571805,30.299965399752445,6.967819653017212,12.14,99,812,suburban
UPS,30457,0.0,0.4,1718.6976715618018,2069.491599260607,16.950729726283388,6.068989648841514,14.87,93,1021,suburban
UPS,30519,0.0,0.4,4221.909953156177,4937.054841641878,14.485253079503382,13.714884737746765,14.32,178,3064,urban
UPS,30539,0.0,0.4,3755.8843499630384,4533.06046911727,17.144622809445394,19.21423828970633,16.42,96,2701,rural
UPS,30559,0.0,0.4,4410.295359199049,5027.435680366569,12.275449362338172,19.484913733542943,13.47,141,3087,suburban
UPS,30625,0.0,0.4,3898.297089751852,4315.013444156701,9.65735935235977,12.254281076148748,10.42,148,2727,urban
UPS,30655,0.0,0.4,1700.655521504648,2121.9137816651596,19.852751030719617,4.462508901721823,8.22,93,1218,suburban
UPS,30657,0.0,0.4,4615.238116874791,4786.350272484361,3.575002786429052,12.670949194485749,5.0,96,3745,rural
UPS,30659,0.0,0.4,3360.6065978042916,3729.581575766453,9.89320036219706,26.058024802089417,10.16,158,2385,suburban
UPS,30823,0.0,0.4,2183.64802533875,2901.0492307771306,24.729025547980925,12.528872220645557,11.23,141,1337,suburban
UPS,30826,0.0,0.4,1758.4957550578827,2179.7117952412614,19.324391467852585,56.38950461206911,11.69,77,1105,rural
UPS,30827,0.0,0.4,2882.2178398283754,3291.825156956803,12.443167470871922,10.610683695060027,8.21,92,2105,suburban
UPS,30853,0.0,0.4,4553.358403639277,4885.572256538386,6.799896418572166,12.833286131520444,2.1,167,3668,suburban
UPS,30855,0.0,0.4,12514.921393182813,12372.313669298126,-1.1526358585505903,59.06346106841505,2.73,226,11475,suburban
UPS,30880,0.0,0.4,5902.163370043994,7164.597554373629,17.620447970018656,33.96099660372796,20.44,221,4190,suburban
UPS,30890,0.0,0.4,3099.4403587650713,4686.02421265492,33.857781818650736,102.53407734275534,22.83,246,1795,rural
UPS,30900,0.0,0.4,3574.6541643500223,5252.628048739307,31.945416062574967,173.55971997363926,10.9,296,2208,rural
UPS,30916,0.0,0.4,5230.829598606507,6109.051569407693,14.375749833232048,59.876286869182046,7.96,236,4019,suburban
UPS,30926,0.0,0.4,2579.14634194841,3963.3498677038015,34.92509044015691,53.8021301528445,13.64,194,1634,rural
UPS,30938,0.0,0.4,5135.309121925769,6063.945568650633,15.314063033905269,153.22446344831192,13.43,195,3590,rural
UPS,30952,0.0,0.4,2295.1196586969822,3731.55368849277,38.49426136425187,37.755537878390655,17.72,163,1329,suburban
UPS,30966,0.0,0.4,2263.40548614557,3533.856164661857,35.950831593561816,31.83238567652256,18.2,136,1386,rural
UPS,30974,0.0,0.4,2098.335992050805,3208.8293030723075,34.60742863318581,53.82702268136371,24.68,134,1072,rural
UPS,30982,0.0,0.4,1824.8285686052752,3007.173952156455,39.31749218242981,66.6831619829418,24.88,141,878,rural
UPS,30989,0.0,0.4,2257.692475360733,3364.1454124269208,32.88956930871736,43.13135688268341,18.29,160,1191,rural
UPS,31275,0.0,0.4,4578.894903403433,6734.00020753597,32.003344783398944,129.47251256919432,21.19,339,2904,suburban
UPS,31303,0.0,0.4,3005.2747428853513,4633.075702530725,35.134348414730624,112.90680951768702,19.35,259,1804,rural
UPS,31311,0.0,0.4,2347.177620485833,3968.942591958489,40.86138647504071,139.34872865781722,29.65,195,1062,rural
UPS,31319,0.0,0.4,2089.8961316874143,3441.882252785476,39.28042918969452,101.18549289373648,22.42,153,1055,rural
UPS,31515,0.0,0.4,5103.657373619738,6718.456041625136,24.03526432264626,125.1818077488354,23.29,321,3281,rural
UPS,31535,0.0,0.4,4927.838781500306,8009.28273019456,38.47340707648362,357.6158854957556,20.99,322,2571,rural
UPS,31832,0.0,0.4,3233.861800949649,5227.687081644636,38.13972124872722,159.3824695169613,30.54,251,1605,rural
DHL,30159,0.4,0.4,21973.50194568585,21973.50194568585,0.0,6.211813374113814,2.18,221,23058,urban
DHL,30161,0.4,0.4,10909.00812046849,10909.00812046849,0.0,1.7979843382791898,1.04,84,11554,urban
DHL,30163,0.4,0.4,9914.04927442146,9914.04927442146,0.0,2.603733329707664,1.7,95,10484,urban
DHL,30165,0.4,0.4,8565.397376626115,8565.397376626115,0.0,4.951012974183712,1.88,94,8599,urban
DHL,30167,0.4,0.4,13540.33589751315,13540.33589751315,0.0,5.368928981069905,1.39,142,13892,urban
DHL,30169,0.4,0.4,5441.748523674446,5441.748523674446,0.0,2.9960433745102675,2.4,76,5294,urban
DHL,30173,0.4,0.4,8900.020227394843,8900.020227394843,0.0,4.775461708125837,3.83,88,8547,urban
DHL,30177,0.4,0.4,6717.193405547422,6717.193405547422,0.0,3.576189607493106,2.83,80,6260,urban
DHL,30179,0.4,0.4,7015.019470078845,7015.019470078845,0.0,8.305970462175056,3.55,96,6322,suburban
DHL,30419,0.4,0.4,15260.397562746597,15260.397562746597,0.0,23.77191867081394,5.16,274,14775,suburban
DHL,30449,0.4,0.4,7432.014762814106,7432.014762814106,0.0,2.190643461651216,1.56,91,7431,urban
DHL,30453,0.4,0.4,8728.871611104647,8728.871611104647,0.0,9.157258958740025,2.98,148,8150,suburban
DHL,30455,0.4,0.4,7560.480077937329,7560.480077937329,0.0,6.967819653017212,3.04,160,6748,suburban
DHL,30457,0.4,0.4,7333.849598031452,7333.849598031452,0.0,6.068989648841514,2.4,139,6736,suburban
DHL,30459,0.4,0.4,6748.368740605874,6748.368740605874,0.0,7.274391190340525,1.24,125,6561,urban
DHL,30519,0.4,0.4,13335.327593044716,13335.327593044716,0.0,13.714884737746765,5.03,248,12645,urban
DHL,30539,0.4,0.4,9296.282509988963,9296.282509988963,0.0,19.21423828970633,3.99,164,8372,rural
DHL,30559,0.4,0.4,12462.482929522981,12462.482929522981,0.0,19.484913733542943,1.93,224,12320,suburban
DHL,30625,0.4,0.4,8084.182917612831,8084.182917612831,0.0,8.86389555258122,4.99,117,7084,urban
DHL,30627,0.4,0.4,5566.459185356654,5566.459185356654,0.0,3.390385523567528,4.61,82,4809,suburban
DHL,30629,0.4,0.4,6830.019894903581,6830.019894903581,0.0,14.669809711755615,4.28,124,5907,suburban
DHL,30655,0.4,0.4,8770.048460462032,8770.048460462032,0.0,4.462508901721823,5.25,139,7945,suburban
DHL,30657,0.4,0.4,9997.913539537092,9997.913539537092,0.0,12.670949194485749,6.56,140,9056,rural
DHL,30659,0.4,0.4,7841.281218861646,7841.281218861646,0.0,11.3882150903338,7.01,131,6829,suburban
DHL,30823,0.4,0.4,10202.29191336214,10202.29191336214,0.0,12.528872220645557,3.26,227,9437,suburban
DHL,30826,0.4,0.4,9289.171862330428,9289.171862330428,0.0,56.38950461206911,1.44,239,8281,rural
DHL,30827,0.4,0.4,8499.259441991915,8499.259441991915,0.0,10.610683695060027,3.25,153,8048,suburban
DHL,30851,0.4,0.4,7091.396611882496,7091.396611882496,0.0,4.12190647126244,5.02,97,6654,suburban
DHL,30853,0.4,0.4,8087.121413003322,8087.121413003322,0.0,8.711379660258004,6.98,132,7164,suburban
DHL,30855,0.4,0.4,33181.974645551454,33181.974645551454,0.0,59.06346106841505,5.9,278,32854,suburban
DHL,30880,0.4,0.4,17626.17972557684,17626.17972557684,0.0,33.96099660372796,5.11,360,16161,suburban
DHL,30890,0.4,0.4,16098.044263724361,16098.044263724361,0.0,102.53407734275534,4.73,504,13989,rural
DHL,30900,0.4,0.4,17593.529073393336,17593.529073393336,0.0,173.55971997363926,4.94,590,14609,rural
DHL,30916,0.4,0.4,17062.590954336305,17062.590954336305,0.0,59.876286869182046,11.0,355,14499,suburban
DHL,30926,0.4,0.4,14775.4174568136,14775.4174568136,0.0,53.8021301528445,0.37,429,13519,rural
DHL,30938,0.4,0.4,14888.20103197316,14888.20103197316,0.0,153.22446344831192,10.53,355,12030,rural
DHL,30952,0.4,0.4,11029.332668750209,11029.332668750209,0.0,37.755537878390655,5.68,286,9709,suburban
DHL,30966,0.4,0.4,10564.896592403224,10564.896592403224,0.0,31.83238567652256,5.52,237,9182,rural
DHL,30974,0.4,0.4,7602.589230059956,7602.589230059956,0.0,53.82702268136371,1.4,244,6515,rural
DHL,30982,0.4,0.4,8026.683955967339,8026.683955967339,0.0,66.6831619829418,2.77,239,6551,rural
DHL,30989,0.4,0.4,8197.588934134921,8197.588934134921,0.0,43.13135688268341,5.72,271,6841,rural
DHL,31275,0.4,0.4,20490.51279819747,20490.51279819747,0.0,129.47251256919432,2.93,571,18743,suburban
DHL,31303,0.4,0.4,14494.326252546625,14494.326252546625,0.0,112.90680951768702,1.84,468,12605,rural
DHL,31311,0.4,0.4,10485.698502104207,10485.698502104207,0.0,139.34872865781722,3.81,380,8577,rural
DHL,31319,0.4,0.4,12204.762656945873,12204.762656945873,0.0,101.18549289373648,0.58,411,10967,rural
DHL,31515,0.4,0.4,21088.897809861297,21088.897809861297,0.0,125.1818077488354,5.28,537,19286,rural
DHL,31535,0.4,0.4,22512.716761824166,22512.716761824166,0.0,357.6158854957556,5.5,880,18533,rural
DHL,31832,0.4,0.4,14457.781202836444,14457.781202836444,0.0,159.3824695169613,4.65,515,11902,rural
Amazon,30159,0.4,0.4,11555.196270293998,11555.196270293998,0.0,6.211813374113814,13.81,221,9019,urban
Amazon,30161,0.4,0.4,6224.7449789257325,6224.7449789257325,0.0,1.7979843382791898,12.74,83,4512,urban
Amazon,30163,0.4,0.4,5889.0064831046275,5889.0064831046275,0.0,2.603733329707664,12.41,93,4469,urban
Amazon,30165,0.4,0.4,4750.233821598029,4750.233821598029,0.0,4.951012974183712,10.52,92,3574,urban
Amazon,30167,0.4,0.4,7175.254343343608,7175.254343343608,0.0,5.368928981069905,10.65,139,5730,urban
Amazon,30173,0.4,0.4,5164.654397653723,5164.654397653723,0.0,4.775461708125837,15.11,87,3759,urban
Amazon,30177,0.4,0.4,4343.242376782357,4343.242376782357,0.0,3.576189607493106,13.99,79,2906,urban
Amazon,30179,0.4,0.4,4390.652005410074,4390.652005410074,0.0,8.305970462175056,12.08,95,2781,suburban
Amazon,30419,0.4,0.4,8519.368501277868,8519.368501277868,0.0,23.77191867081394,6.74,265,6859,suburban
Amazon,30449,0.4,0.4,7005.60345798299,7005.60345798299,0.0,5.186686836161483,12.61,159,5275,urban
Amazon,30453,0.4,0.4,4970.930164967193,4970.930164967193,0.0,9.157258958740025,9.82,139,3593,suburban
Amazon,30455,0.4,0.4,4820.378887430032,4820.378887430032,0.0,6.967819653017212,9.84,158,3165,suburban
Amazon,30457,0.4,0.4,4934.7989617734975,4934.7989617734975,0.0,6.068989648841514,13.37,135,3134,suburban
Amazon,30459,0.4,0.4,4858.408897775894,4858.408897775894,0.0,7.274391190340525,13.92,124,3087,urban
Amazon,30519,0.4,0.4,8140.269152347262,8140.269152347262,0.0,13.714884737746765,17.38,242,5508,urban
Amazon,30539,0.4,0.4,5821.859629336905,5821.859629336905,0.0,19.21423828970633,21.37,157,3516,rural
Amazon,30559,0.4,0.4,8252.52270516162,8252.52270516162,0.0,19.484913733542943,20.15,222,5369,suburban
Amazon,30625,0.4,0.4,4932.584335545381,4932.584335545381,0.0,8.86389555258122,16.66,114,3180,urban
Amazon,30627,0.4,0.4,3472.360903435115,3472.360903435115,0.0,3.390385523567528,17.89,79,2090,suburban
Amazon,30629,0.4,0.4,4629.145185289602,4629.145185289602,0.0,14.669809711755615,20.32,122,2757,suburban
Amazon,30655,0.4,0.4,5061.237427944449,5061.237427944449,0.0,4.462508901721823,16.14,137,3642,suburban
Amazon,30657,0.4,0.4,5227.080664344542,5227.080664344542,0.0,12.670949194485749,15.05,138,3559,rural
Amazon,30659,0.4,0.4,4975.003626465991,4975.003626465991,0.0,11.3882150903338,18.11,130,3002,suburban
Amazon,30823,0.4,0.4,5705.037154540299,5705.037154540299,0.0,12.528872220645557,1.29,222,4370,suburban
Amazon,30826,0.4,0.4,5673.254342811335,5673.254342811335,0.0,56.38950461206911,3.98,233,3852,rural
Amazon,30827,0.4,0.4,4536.061456785562,4536.061456785562,0.0,10.610683695060027,3.78,150,3498,suburban
Amazon,30851,0.4,0.4,4490.007090916008,4490.007090916008,0.0,4.12190647126244,11.33,96,3032,suburban
Amazon,30853,0.4,0.4,4319.068900643669,4319.068900643669,0.0,8.711379660258004,12.37,128,2911,suburban
Amazon,30855,0.4,0.4,16244.345238115564,16244.345238115564,0.0,59.06346106841505,9.96,271,13592,suburban
Amazon,30880,0.4,0.4,11278.054808972109,11278.054808972109,0.0,33.96099660372796,23.78,345,6971,suburban
Amazon,30890,0.4,0.4,10080.548522471709,10080.548522471709,0.0,102.53407734275534,12.55,490,6502,rural
Amazon,30900,0.4,0.4,12085.38072969665,12085.38072969665,0.0,173.55971997363926,17.55,570,6667,rural
Amazon,30916,0.4,0.4,9904.82527723206,9904.82527723206,0.0,59.876286869182046,19.41,344,6164,suburban
Amazon,30926,0.4,0.4,8752.96361616949,8752.96361616949,0.0,53.8021301528445,4.34,415,6338,rural
Amazon,30938,0.4,0.4,9384.90809448861,9384.90809448861,0.0,153.22446344831192,24.95,346,5072,rural
Amazon,30952,0.4,0.4,7076.623355325187,7076.623355325187,0.0,37.755537878390655,14.14,275,4476,suburban
Amazon,30966,0.4,0.4,6955.194722247112,6955.194722247112,0.0,31.83238567652256,17.79,233,4221,rural
Amazon,30974,0.4,0.4,5436.138154721389,5436.138154721389,0.0,53.82702268136371,18.26,240,2971,rural
Amazon,30982,0.4,0.4,6084.06789519755,6084.06789519755,0.0,66.6831619829418,24.57,233,3044,rural
Amazon,30989,0.4,0.4,5499.955907320829,5499.955907320829,0.0,43.13135688268341,11.39,265,3112,rural
Amazon,31275,0.4,0.4,14129.512676709497,14129.512676709497,0.0,129.47251256919432,30.8,550,8588,suburban
Amazon,31303,0.4,0.4,10291.231205914351,10291.231205914351,0.0,112.90680951768702,30.88,449,5793,rural
Amazon,31311,0.4,0.4,8790.113460938559,8790.113460938559,0.0,139.34872865781722,40.99,367,3965,rural
Amazon,31319,0.4,0.4,9320.815628099372,9320.815628099372,0.0,101.18549289373648,29.57,396,5228,rural
Amazon,31515,0.4,0.4,12450.58174407703,12450.58174407703,0.0,125.1818077488354,12.09,525,8733,rural
Amazon,31535,0.4,0.4,15851.91067139521,15851.91067139521,0.0,357.6158854957556,16.13,834,8625,rural
Amazon,31832,0.4,0.4,11355.500473785536,11355.500473785536,0.0,159.3824695169613,25.63,491,5466,rural
DPD,30159,0.4,0.4,6656.069904499083,6656.069904499083,0.0,6.211813374113814,13.32,219,4783,urban
DPD,30161,0.4,0.4,3438.6384541878197,3438.6384541878197,0.0,1.7979843382791898,14.05,84,2359,urban
DPD,30163,0.4,0.4,3176.704105051865,3176.704105051865,0.0,2.603733329707664,14.01,92,2106,urban
DPD,30165,0.4,0.4,3109.5847921201566,3109.5847921201566,0.0,4.951012974183712,15.88,91,1757,urban
DPD,30167,0.4,0.4,4548.61275587726,4548.61275587726,0.0,5.368928981069905,16.37,138,2824,urban
DPD,30173,0.4,0.4,3042.0725720869623,3042.0725720869623,0.0,4.775461708125837,13.13,86,1708,urban
DPD,30177,0.4,0.4,2301.8161532682093,2301.8161532682093,0.0,3.576189607493106,12.44,75,1250,urban
DPD,30179,0.4,0.4,2402.9493976963904,2402.9493976963904,0.0,8.305970462175056,14.42,89,1256,suburban
DPD,30419,0.4,0.4,5350.888005691542,5350.888005691542,0.0,23.77191867081394,19.64,257,2858,suburban
DPD,30449,0.4,0.4,4115.648431001423,4115.648431001423,0.0,5.186686836161483,15.53,161,2554,urban
DPD,30453,0.4,0.4,3546.158276962033,3546.158276962033,0.0,9.157258958740025,18.23,137,1619,suburban
DPD,30455,0.4,0.4,3189.32194545774,3189.32194545774,0.0,6.967819653017212,19.47,151,1318,suburban
DPD,30457,0.4,0.4,3071.8681502213976,3071.8681502213976,0.0,6.068989648841514,18.69,130,1335,suburban
DPD,30459,0.4,0.4,2692.648089162524,2692.648089162524,0.0,7.274391190340525,16.25,119,1284,urban
DPD,30519,0.4,0.4,4359.743796141659,4359.743796141659,0.0,12.113461405690837,12.99,227,2540,urban
DPD,30539,0.4,0.4,3283.465182476126,3283.465182476126,0.0,19.21423828970633,9.52,156,1695,rural
DPD,30559,0.4,0.4,3964.267070732265,3964.267070732265,0.0,19.484913733542943,7.42,213,2467,suburban
DPD,30625,0.4,0.4,2879.61806243138,2879.61806243138,0.0,8.86389555258122,10.22,108,1405,urban
DPD,30627,0.4,0.4,1734.323815852828,1734.323815852828,0.0,3.390385523567528,8.59,77,971,suburban
DPD,30629,0.4,0.4,2209.7242260325893,2209.7242260325893,0.0,14.669809711755615,6.08,121,1173,suburban
DPD,30655,0.4,0.4,2902.8311877698657,2902.8311877698657,0.0,4.462508901721823,10.23,132,1537,suburban
DPD,30657,0.4,0.4,3254.827165454566,3254.827165454566,0.0,12.670949194485749,12.26,136,1866,rural
DPD,30659,0.4,0.4,2732.1680399331904,2732.1680399331904,0.0,11.3882150903338,8.73,122,1368,suburban
DPD,30823,0.4,0.4,4031.85332034608,4031.85332034608,0.0,12.528872220645557,25.25,211,1867,suburban
DPD,30826,0.4,0.4,4659.6772590054525,4659.6772590054525,0.0,56.38950461206911,27.87,212,1639,rural
DPD,30827,0.4,0.4,3693.9834286058103,3693.9834286058103,0.0,10.610683695060027,23.76,145,1601,suburban
DPD,30851,0.4,0.4,2392.8715311930196,2392.8715311930196,0.0,4.12190647126244,15.63,96,1281,suburban
DPD,30853,0.4,0.4,3054.623065805542,3054.623065805542,0.0,8.711379660258004,15.68,120,1470,suburban
DPD,30855,0.4,0.4,9651.557570967712,9651.557570967712,0.0,59.06346106841505,19.88,265,6668,suburban
DPD,30880,0.4,0.4,5651.747006229777,5651.747006229777,0.0,33.96099660372796,12.89,328,3235,suburban
DPD,30890,0.4,0.4,6923.102121964851,6923.102121964851,0.0,102.53407734275534,32.64,451,2726,rural
DPD,30900,0.4,0.4,7912.531093330155,7912.531093330155,0.0,173.55971997363926,25.52,515,2839,rural
DPD,30916,0.4,0.4,5505.336403799816,5505.336403799816,0.0,59.876286869182046,10.68,308,2914,suburban
DPD,30926,0.4,0.4,6146.851473398595,6146.851473398595,0.0,53.8021301528445,25.6,384,2637,rural
DPD,30938,0.4,0.4,5614.10632319326,5614.10632319326,0.0,153.22446344831192,17.56,317,2412,rural
DPD,30952,0.4,0.4,4651.5791758270425,4651.5791758270425,0.0,37.755537878390655,21.73,266,1895,suburban
DPD,30966,0.4,0.4,4054.5734078226283,4054.5734078226283,0.0,31.83238567652256,17.93,217,1807,rural
DPD,30974,0.4,0.4,4049.5746175540357,4049.5746175540357,0.0,53.82702268136371,28.84,224,1280,rural
DPD,30982,0.4,0.4,3635.1428609264503,3635.1428609264503,0.0,66.6831619829418,20.59,218,1278,rural
DPD,30989,0.4,0.4,4189.963023652114,4189.963023652114,0.0,43.13135688268341,25.63,242,1356,rural
DPD,31275,0.4,0.4,6310.744546848563,6310.744546848563,0.0,129.47251256919432,4.47,516,3643,suburban
DPD,31303,0.4,0.4,5298.7418231419815,5298.7418231419815,0.0,112.90680951768702,10.77,417,2491,rural
DPD,31311,0.4,0.4,4503.622414154428,4503.622414154428,0.0,139.34872865781722,17.19,336,1650,rural
DPD,31319,0.4,0.4,4393.641206526262,4393.641206526262,0.0,101.18549289373648,7.08,368,2115,rural
DPD,31515,0.4,0.4,8672.940895409381,8672.940895409381,0.0,125.1818077488354,38.45,488,3812,rural
DPD,31535,0.4,0.4,10736.90548199021,10736.90548199021,0.0,357.6158854957556,38.17,720,3582,rural
DPD,31832,0.4,0.4,6479.205569246742,6479.205569246742,0.0,159.3824695169613,30.86,456,2309,rural
FedEx,30159,0.4,0.4,12214.299279183924,12214.299279183924,0.0,10.98727508223965,11.75,273,9864,urban
FedEx,30161,0.4,0.4,5224.187237195072,5224.187237195072,0.0,1.7979843382791898,9.67,80,3810,urban
FedEx,30163,0.4,0.4,8257.65060106912,8257.65060106912,0.0,19.436906373559538,7.51,263,6210,urban
FedEx,30167,0.4,0.4,5175.6698343295675,5175.6698343295675,0.0,5.368928981069905,8.96,132,3775,urban
FedEx,30419,0.4,0.4,3306.0595520416546,3306.0595520416546,0.0,23.77191867081394,5.53,136,1709,suburban
FedEx,30449,0.4,0.4,5430.5021475969215,5430.5021475969215,0.0,12.46107802650201,12.7,204,3703,urban
FedEx,30453,0.4,0.4,3326.3835685835006,3326.3835685835006,0.0,9.157258958740025,10.07,106,1516,suburban
FedEx,30455,0.4,0.4,1959.2973539377524,1959.2973539377524,0.0,6.967819653017212,11.34,85,612,suburban
FedEx,30457,0.4,0.4,1996.1328134447208,1996.1328134447208,0.0,6.068989648841514,14.63,82,778,suburban
FedEx,30519,0.4,0.4,4147.606607808722,4147.606607808722,0.0,13.714884737746765,15.57,154,2372,urban
FedEx,30539,0.4,0.4,4110.789837016759,4110.789837016759,0.0,19.21423828970633,18.41,81,2429,rural
FedEx,30559,0.4,0.4,5375.733073538704,5375.733073538704,0.0,34.15472344529856,15.2,165,3144,suburban
FedEx,30625,0.4,0.4,3602.9465575642243,3602.9465575642243,0.0,12.254281076148748,12.66,134,2229,urban
FedEx,30655,0.4,0.4,3651.3066283117864,3651.3066283117864,0.0,15.85072399205562,11.41,144,2242,suburban
FedEx,30657,0.4,0.4,4510.957538899967,4510.957538899967,0.0,12.670949194485749,8.22,82,3429,rural
FedEx,30823,0.4,0.4,2013.2163655803622,2013.2163655803622,0.0,12.528872220645557,8.07,113,878,suburban
FedEx,30827,0.4,0.4,4491.66174623818,4491.66174623818,0.0,67.00018830712914,7.42,137,2757,suburban
FedEx,30853,0.4,0.4,4558.287686101956,4558.287686101956,0.0,12.833286131520444,4.82,152,3029,suburban
FedEx,30855,0.4,0.4,11164.944696921486,11164.944696921486,0.0,59.06346106841505,1.5,210,9970,suburban
FedEx,30880,0.4,0.4,6033.650689518244,6033.650689518244,0.0,33.96099660372796,22.05,184,3498,suburban
FedEx,30890,0.4,0.4,3937.614024274669,3937.614024274669,0.0,102.53407734275534,20.22,167,1281,rural
FedEx,30900,0.4,0.4,4467.0239843658765,4467.0239843658765,0.0,173.55971997363926,10.92,207,1597,rural
FedEx,30916,0.4,0.4,5459.16940205895,5459.16940205895,0.0,59.876286869182046,11.65,204,3245,suburban
FedEx,30926,0.4,0.4,3230.0558047592294,3230.0558047592294,0.0,53.8021301528445,10.98,152,1266,rural
FedEx,30938,0.4,0.4,5737.710883078335,5737.710883078335,0.0,153.22446344831192,16.47,151,3131,rural
FedEx,30952,0.4,0.4,2694.734755168253,2694.734755168253,0.0,37.755537878390655,17.01,132,979,suburban
FedEx,30966,0.4,0.4,2504.2719321468335,2504.2719321468335,0.0,31.83238567652256,18.53,102,1063,rural
FedEx,30974,0.4,0.4,2454.671117478426,2454.671117478426,0.0,53.82702268136371,23.36,94,802,rural
FedEx,30982,0.4,0.4,2716.2138956601093,2716.2138956601093,0.0,66.6831619829418,25.47,105,618,rural
FedEx,30989,0.4,0.4,2473.2391948618315,2473.2391948618315,0.0,43.13135688268341,16.61,128,876,rural
FedEx,31275,0.4,0.4,5422.493872435705,5422.493872435705,0.0,129.47251256919432,24.61,246,2133,suburban
FedEx,31303,0.4,0.4,3973.889348501275,3973.889348501275,0.0,112.90680951768702,23.03,195,1243,rural
FedEx,31311,0.4,0.4,3062.8021398398528,3062.8021398398528,0.0,139.34872865781722,33.34,113,675,rural
FedEx,31319,0.4,0.4,2817.067630852216,2817.067630852216,0.0,101.18549289373648,25.21,119,751,rural
FedEx,31515,0.4,0.4,5470.280769208987,5470.280769208987,0.0,125.1818077488354,19.63,249,2478,rural
FedEx,31535,0.4,0.4,6228.495098699879,6228.495098699879,0.0,357.6158854957556,17.87,237,2005,rural
FedEx,31832,0.4,0.4,4547.708372184966,4547.708372184966,0.0,159.3824695169613,29.81,182,1068,rural
GLS,30159,0.4,0.4,4840.335510593373,4840.335510593373,0.0,6.211813374113814,11.0,208,3332,urban
GLS,30161,0.4,0.4,3003.1123197883485,3003.1123197883485,0.0,1.7979843382791898,12.21,80,1649,urban
GLS,30163,0.4,0.4,4530.9209569497225,4530.9209569497225,0.0,6.17992293720077,13.11,162,2801,urban
GLS,30165,0.4,0.4,2518.402065806431,2518.402065806431,0.0,4.951012974183712,14.79,86,1358,urban
GLS,30167,0.4,0.4,3486.1823236641876,3486.1823236641876,0.0,5.368928981069905,13.23,133,2147,urban
GLS,30173,0.4,0.4,2554.876072428404,2554.876072428404,0.0,4.775461708125837,9.02,83,1424,urban
GLS,30179,0.4,0.4,2012.9451781141186,2012.9451781141186,0.0,8.305970462175056,15.58,89,1034,suburban
GLS,30419,0.4,0.4,5101.804856969734,5101.804856969734,0.0,23.77191867081394,17.6,248,2617,suburban
GLS,30449,0.4,0.4,3412.5020081467483,3412.5020081467483,0.0,5.186686836161483,10.84,150,1981,urban
GLS,30453,0.4,0.4,3168.728615727752,3168.728615727752,0.0,9.157258958740025,13.29,125,1373,suburban
GLS,30455,0.4,0.4,2732.89498767275,2732.89498767275,0.0,6.967819653017212,13.26,149,1201,suburban
GLS,30457,0.4,0.4,2344.3788154149365,2344.3788154149365,0.0,6.068989648841514,10.08,128,1189,suburban
GLS,30459,0.4,0.4,2084.898287419,2084.898287419,0.0,7.274391190340525,9.13,113,1169,urban
GLS,30519,0.4,0.4,3551.9496596439303,3551.9496596439303,0.0,13.714884737746765,6.3,224,2084,urban
GLS,30539,0.4,0.4,2580.3663075652257,2580.3663075652257,0.0,19.21423828970633,5.29,145,1310,rural
GLS,30559,0.4,0.4,3658.07773972127,3658.07773972127,0.0,19.484913733542943,8.92,208,2040,suburban
GLS,30625,0.4,0.4,2259.1204653397162,2259.1204653397162,0.0,8.86389555258122,10.34,105,1185,urban
GLS,30627,0.4,0.4,1778.1322716706136,1778.1322716706136,0.0,3.390385523567528,11.43,78,774,suburban
GLS,30629,0.4,0.4,2143.7517893568083,2143.7517893568083,0.0,14.669809711755615,12.94,116,1080,suburban
GLS,30655,0.4,0.4,2960.5284409044616,2960.5284409044616,0.0,4.462508901721823,13.05,124,1383,suburban
GLS,30657,0.4,0.4,2873.29432340711,2873.29432340711,0.0,12.670949194485749,16.66,127,1325,rural
GLS,30659,0.4,0.4,2313.189380462103,2313.189380462103,0.0,11.3882150903338,14.84,124,1138,suburban
GLS,30823,0.4,0.4,4081.0154973189988,4081.0154973189988,0.0,12.528872220645557,21.76,209,1687,suburban
GLS,30826,0.4,0.4,4802.849009920454,4802.849009920454,0.0,56.38950461206911,26.25,214,1480,rural
GLS,30827,0.4,0.4,3413.7429042160657,3413.7429042160657,0.0,10.610683695060027,22.43,133,1331,suburban
GLS,30851,0.4,0.4,2060.2946146334557,2060.2946146334557,0.0,4.12190647126244,17.37,95,1137,suburban
GLS,30853,0.4,0.4,2481.088173620477,2481.088173620477,0.0,8.711379660258004,18.94,117,1083,suburban
GLS,30855,0.4,0.4,8370.230959567252,8370.230959567252,0.0,58.08159729436245,22.3,262,5111,suburban
GLS,30880,0.4,0.4,4450.294123718125,4450.294123718125,0.0,33.96099660372796,1.58,305,2630,suburban
GLS,30890,0.4,0.4,6293.752660817818,6293.752660817818,0.0,102.53407734275534,23.44,436,2471,rural
GLS,30900,0.4,0.4,7176.610893793414,7176.610893793414,0.0,173.55971997363926,31.36,490,2487,rural
GLS,30916,0.4,0.4,5182.054562818042,5182.054562818042,0.0,59.876286869182046,19.31,308,2276,suburban
GLS,30926,0.4,0.4,5707.156100114085,5707.156100114085,0.0,53.8021301528445,20.06,381,2421,rural
GLS,30938,0.4,0.4,5298.987880460923,5298.987880460923,0.0,153.22446344831192,28.43,321,1873,rural
GLS,30952,0.4,0.4,4052.359581403284,4052.359581403284,0.0,37.755537878390655,11.4,259,1710,suburban
GLS,30966,0.4,0.4,3510.9395596477075,3510.9395596477075,0.0,31.83238567652256,6.33,220,1619,rural
GLS,30974,0.4,0.4,3101.933528043918,3101.933528043918,0.0,53.82702268136371,16.59,214,1120,rural
GLS,30982,0.4,0.4,2386.647671549595,2386.647671549595,0.0,66.6831619829418,6.34,209,1154,rural
GLS,30989,0.4,0.4,3148.477695946504,3148.477695946504,0.0,43.13135688268341,16.28,231,1172,rural
GLS,31275,0.4,0.4,6805.937726269975,6805.937726269975,0.0,129.47251256919432,17.38,507,3227,suburban
GLS,31303,0.4,0.4,5596.886925837495,5596.886925837495,0.0,112.90680951768702,24.81,407,2208,rural
GLS,31311,0.4,0.4,4871.049261225609,4871.049261225609,0.0,139.34872865781722,30.96,326,1483,rural
GLS,31319,0.4,0.4,4437.068207504176,4437.068207504176,0.0,101.18549289373648,11.04,357,1985,rural
GLS,31515,0.4,0.4,8050.858133283889,8050.858133283889,0.0,125.1818077488354,33.59,472,3284,rural
GLS,31535,0.4,0.4,10569.427946070218,10569.427946070218,0.0,357.6158854957556,38.52,705,3227,rural
GLS,31832,0.4,0.4,5153.98445539914,5153.98445539914,0.0,159.3824695169613,16.88,440,2069,rural
Hermes,30159,0.4,0.4,6103.311963748475,6103.311963748475,0.0,6.211813374113814,9.13,207,4412,urban
Hermes,30161,0.4,0.4,3205.3444612983394,3205.3444612983394,0.0,1.7979843382791898,7.9,80,2187,urban
Hermes,30163,0.4,0.4,3151.45637345559,3151.45637345559,0.0,2.603733329707664,6.63,93,2318,urban
Hermes,30165,0.4,0.4,3165.918762514473,3165.918762514473,0.0,4.951012974183712,5.34,89,1888,urban
Hermes,30167,0.4,0.4,4309.333549458941,4309.333549458941,0.0,5.368928981069905,7.27,135,2918,urban
Hermes,30173,0.4,0.4,3377.006730770633,3377.006730770633,0.0,4.775461708125837,11.08,82,1982,urban
Hermes,30177,0.4,0.4,2975.551858278056,2975.551858278056,0.0,3.576189607493106,7.86,76,1604,urban
Hermes,30179,0.4,0.4,2972.7332058248016,2972.7332058248016,0.0,8.305970462175056,5.02,88,1492,suburban
Hermes,30419,0.4,0.4,5546.714589306118,5546.714589306118,0.0,23.77191867081394,4.3,253,3791,suburban
Hermes,30449,0.4,0.4,4264.762288981972,4264.762288981972,0.0,5.186686836161483,9.65,147,2752,urban
Hermes,30453,0.4,0.4,3456.6569376644593,3456.6569376644593,0.0,9.157258958740025,8.55,127,1923,suburban
Hermes,30455,0.4,0.4,3386.0721023475717,3386.0721023475717,0.0,6.967819653017212,9.92,152,1769,suburban
Hermes,30457,0.4,0.4,3390.4448760059295,3390.4448760059295,0.0,6.068989648841514,13.07,130,1718,suburban
Hermes,30459,0.4,0.4,3359.004573372854,3359.004573372854,0.0,7.274391190340525,11.99,121,1718,urban
Hermes,30519,0.4,0.4,5162.317584328793,5162.317584328793,0.0,13.714884737746765,13.8,229,2920,urban
Hermes,30539,0.4,0.4,3748.1337976976,3748.1337976976,0.0,19.21423828970633,16.65,149,1846,rural
Hermes,30559,0.4,0.4,5370.925287647466,5370.925287647466,0.0,19.484913733542943,14.22,216,2928,suburban
Hermes,30625,0.4,0.4,3247.4589705680532,3247.4589705680532,0.0,8.86389555258122,10.86,112,1721,urban
Hermes,30627,0.4,0.4,1976.5200916772521,1976.5200916772521,0.0,3.390385523567528,11.3,80,1110,suburban
Hermes,30629,0.4,0.4,3288.097282907375,3288.097282907375,0.0,14.669809711755615,13.03,120,1544,suburban
Hermes,30655,0.4,0.4,3426.8003677575816,3426.8003677575816,0.0,4.462508901721823,9.19,134,1982,suburban
Hermes,30657,0.4,0.4,3245.628188162223,3245.628188162223,0.0,12.670949194485749,6.89,133,1834,rural
Hermes,30659,0.4,0.4,3215.6998845024846,3215.6998845024846,0.0,11.3882150903338,10.33,126,1587,suburban
Hermes,30823,0.4,0.4,3936.6042296322357,3936.6042296322357,0.0,12.528872220645557,8.05,216,2384,suburban
Hermes,30826,0.4,0.4,4191.43021519428,4191.43021519428,0.0,56.38950461206911,9.0,221,2156,rural
Hermes,30827,0.4,0.4,3247.3865843141566,3247.3865843141566,0.0,10.610683695060027,5.18,139,1865,suburban
Hermes,30851,0.4,0.4,2857.2114343496014,2857.2114343496014,0.0,4.12190647126244,3.44,95,1650,suburban
Hermes,30853,0.4,0.4,2627.454020793578,2627.454020793578,0.0,8.711379660258004,3.75,121,1477,suburban
Hermes,30855,0.4,0.4,8658.56494813409,8658.56494813409,0.0,58.08159729436245,2.52,261,7102,suburban
Hermes,30880,0.4,0.4,6718.354835871605,6718.354835871605,0.0,33.96099660372796,20.27,312,3668,suburban
Hermes,30890,0.4,0.4,7568.635969962485,7568.635969962485,0.0,102.53407734275534,19.74,454,3618,rural
Hermes,30900,0.4,0.4,7696.514876914835,7696.514876914835,0.0,173.55971997363926,12.32,527,3644,rural
Hermes,30916,0.4,0.4,5798.014253899346,5798.014253899346,0.0,59.876286869182046,10.8,310,3232,suburban
Hermes,30926,0.4,0.4,5981.497888198291,5981.497888198291,0.0,53.8021301528445,10.52,393,3537,rural
Hermes,30938,0.4,0.4,6007.684029332934,6007.684029332934,0.0,153.22446344831192,16.57,334,2656,rural
Hermes,30952,0.4,0.4,5277.6182452376,5277.6182452376,0.0,37.755537878390655,15.6,274,2488,suburban
Hermes,30966,0.4,0.4,4601.173469262583,4601.173469262583,0.0,31.83238567652256,16.87,229,2313,rural
Hermes,30974,0.4,0.4,4626.2307003590395,4626.2307003590395,0.0,53.82702268136371,22.19,228,1616,rural
Hermes,30982,0.4,0.4,4596.833861562218,4596.833861562218,0.0,66.6831619829418,23.78,220,1680,rural
Hermes,30989,0.4,0.4,4185.515150068637,4185.515150068637,0.0,43.13135688268341,15.58,242,1681,rural
Hermes,31275,0.4,0.4,9418.194923082388,9418.194923082388,0.0,129.47251256919432,23.26,528,4698,suburban
Hermes,31303,0.4,0.4,6888.21710469868,6888.21710469868,0.0,112.90680951768702,22.27,425,3161,rural
Hermes,31311,0.4,0.4,6231.959144058387,6231.959144058387,0.0,139.34872865781722,32.49,345,2196,rural
Hermes,31319,0.4,0.4,6653.523191455497,6653.523191455497,0.0,101.18549289373648,23.57,378,2907,rural
Hermes,31515,0.4,0.4,9098.73098096226,9098.73098096226,0.0,125.1818077488354,20.37,503,4758,rural
Hermes,31535,0.4,0.4,11828.260970846719,11828.260970846719,0.0,357.6158854957556,19.5,777,4780,rural
Hermes,31832,0.4,0.4,8226.290929342216,8226.290929342216,0.0,159.3824695169613,28.44,458,3015,rural
UPS,30159,0.4,0.4,14124.871351764605,14124.871351764605,0.0,10.98727508223965,10.54,282,11805,urban
UPS,30161,0.4,0.4,5917.055804797465,5917.055804797465,0.0,1.7979843382791898,8.59,80,4726,urban
UPS,30163,0.4,0.4,6504.720392897118,6504.720392897118,0.0,14.485893399375826,6.02,215,5283,urban
UPS,30165,0.4,0.4,3773.2492250252108,3773.2492250252108,0.0,4.951012974183712,6.57,77,2701,urban
UPS,30167,0.4,0.4,6006.644999548211,6006.644999548211,0.0,5.368928981069905,8.81,137,4551,urban
UPS,30419,0.4,0.4,3598.2785262855646,3598.2785262855646,0.0,23.77191867081394,7.09,153,2053,suburban
UPS,30449,0.4,0.4,6798.755020154903,6798.755020154903,0.0,12.46107802650201,12.33,209,4685,urban
UPS,30453,0.4,0.4,3375.021836857729,3375.021836857729,0.0,9.157258958740025,10.59,118,1821,suburban
UPS,30455,0.4,0.4,1985.0500139571805,1985.0500139571805,0.0,6.967819653017212,12.14,99,812,suburban
UPS,30457,0.4,0.4,2069.491599260607,2069.491599260607,0.0,6.068989648841514,14.87,93,1021,suburban
UPS,30519,0.4,0.4,4937.054841641878,4937.054841641878,0.0,13.714884737746765,14.32,178,3064,urban
UPS,30539,0.4,0.4,4533.06046911727,4533.06046911727,0.0,19.21423828970633,16.42,96,2701,rural
UPS,30559,0.4,0.4,5027.435680366569,5027.435680366569,0.0,19.484913733542943,13.47,141,3087,suburban
UPS,30625,0.4,0.4,4315.013444156701,4315.013444156701,0.0,12.254281076148748,10.42,148,2727,urban
UPS,30655,0.4,0.4,2121.9137816651596,2121.9137816651596,0.0,4.462508901721823,8.22,93,1218,suburban
UPS,30657,0.4,0.4,4786.350272484361,4786.350272484361,0.0,12.670949194485749,5.0,96,3745,rural
UPS,30659,0.4,0.4,3729.581575766453,3729.581575766453,0.0,26.058024802089417,10.16,158,2385,suburban
UPS,30823,0.4,0.4,2901.0492307771306,2901.0492307771306,0.0,12.528872220645557,11.23,141,1337,suburban
UPS,30826,0.4,0.4,2179.7117952412614,2179.7117952412614,0.0,56.38950461206911,11.69,77,1105,rural
UPS,30827,0.4,0.4,3291.825156956803,3291.825156956803,0.0,10.610683695060027,8.21,92,2105,suburban
UPS,30853,0.4,0.4,4885.572256538386,4885.572256538386,0.0,12.833286131520444,2.1,167,3668,suburban
UPS,30855,0.4,0.4,12372.313669298126,12372.313669298126,0.0,59.06346106841505,2.73,226,11475,suburban
UPS,30880,0.4,0.4,7164.597554373629,7164.597554373629,0.0,33.96099660372796,20.44,221,4190,suburban
UPS,30890,0.4,0.4,4686.02421265492,4686.02421265492,0.0,102.53407734275534,22.83,246,1795,rural
UPS,30900,0.4,0.4,5252.628048739307,5252.628048739307,0.0,173.55971997363926,10.9,296,2208,rural
UPS,30916,0.4,0.4,6109.051569407693,6109.051569407693,0.0,59.876286869182046,7.96,236,4019,suburban
UPS,30926,0.4,0.4,3963.3498677038015,3963.3498677038015,0.0,53.8021301528445,13.64,194,1634,rural
UPS,30938,0.4,0.4,6063.945568650633,6063.945568650633,0.0,153.22446344831192,13.43,195,3590,rural
UPS,30952,0.4,0.4,3731.55368849277,3731.55368849277,0.0,37.755537878390655,17.72,163,1329,suburban
UPS,30966,0.4,0.4,3533.856164661857,3533.856164661857,0.0,31.83238567652256,18.2,136,1386,rural
UPS,30974,0.4,0.4,3208.8293030723075,3208.8293030723075,0.0,53.82702268136371,24.68,134,1072,rural
UPS,30982,0.4,0.4,3007.173952156455,3007.173952156455,0.0,66.6831619829418,24.88,141,878,rural
UPS,30989,0.4,0.4,3364.1454124269208,3364.1454124269208,0.0,43.13135688268341,18.29,160,1191,rural
UPS,31275,0.4,0.4,6734.00020753597,6734.00020753597,0.0,129.47251256919432,21.19,339,2904,suburban
UPS,31303,0.4,0.4,4633.075702530725,4633.075702530725,0.0,112.90680951768702,19.35,259,1804,rural
UPS,31311,0.4,0.4,3968.942591958489,3968.942591958489,0.0,139.34872865781722,29.65,195,1062,rural
UPS,31319,0.4,0.4,3441.882252785476,3441.882252785476,0.0,101.18549289373648,22.42,153,1055,rural
UPS,31515,0.4,0.4,6718.456041625136,6718.456041625136,0.0,125.1818077488354,23.29,321,3281,rural
UPS,31535,0.4,0.4,8009.28273019456,8009.28273019456,0.0,357.6158854957556,20.99,322,2571,rural
UPS,31832,0.4,0.4,5227.687081644636,5227.687081644636,0.0,159.3824695169613,30.54,251,1605,rural
DHL,30159,0.0,0.5,21744.13395209123,21973.50194568585,1.0438390483299955,6.211813374113814,2.18,221,23058,urban
DHL,30161,0.0,0.5,10595.39683154382,10909.00812046849,2.874791965148913,1.7979843382791898,1.04,84,11554,urban
DHL,30163,0.0,0.5,9785.424692994175,9914.04927442146,1.2973970359330502,2.603733329707664,1.7,95,10484,urban
DHL,30165,0.0,0.5,8174.515828826709,8565.397376626115,4.563495779729637,4.951012974183712,1.88,94,8599,urban
DHL,30167,0.0,0.5,13083.213027305921,13540.33589751315,3.3760083477041785,5.368928981069905,1.39,142,13892,urban
DHL,30169,0.0,0.5,5313.050160566754,5441.748523674446,2.3650185698178965,2.9960433745102675,2.4,76,5294,urban
DHL,30173,0.0,0.5,8516.958208845395,8900.020227394843,4.304057842142406,4.775461708125837,3.83,88,8547,urban
DHL,30177,0.0,0.5,6343.160341537884,6717.193405547422,5.568293801108084,3.576189607493106,2.83,80,6260,urban
DHL,30179,0.0,0.5,6526.145925855318,7015.019470078845,6.968954916072852,8.305970462175056,3.55,96,6322,suburban
DHL,30419,0.0,0.5,14988.736034726799,15260.397562746597,1.7801733336421954,23.77191867081394,5.16,274,14775,suburban
DHL,30449,0.0,0.5,7391.898042193978,7432.014762814106,0.5397825744487351,2.190643461651216,1.56,91,7431,urban
DHL,30453,0.0,0.5,8285.729615830343,8728.871611104647,5.076738609725336,9.157258958740025,2.98,148,8150,suburban
DHL,30455,0.0,0.5,6898.233234441169,7560.480077937329,8.759322644453501,6.967819653017212,3.04,160,6748,suburban
DHL,30457,0.0,0.5,6949.725780096115,7333.849598031452,5.237683331254067,6.068989648841514,2.4,139,6736,suburban
DHL,30459,0.0,0.5,6500.811636394846,6748.368740605874,3.6683991898878183,7.274391190340525,1.24,125,6561,urban
DHL,30519,0.0,0.5,13060.994687995919,13335.327593044716,2.057189095166141,13.714884737746765,5.03,248,12645,urban
DHL,30539,0.0,0.5,9207.392544171618,9296.282509988963,0.9561883013111069,19.21423828970633,3.99,164,8372,rural
DHL,30559,0.0,0.5,12788.458118714463,12462.482929522981,-2.6156520416911753,19.484913733542943,1.93,224,12320,suburban
DHL,30625,0.0,0.5,7138.872845250397,8084.182917612831,11.693328589867846,8.86389555258122,4.99,117,7084,urban
DHL,30627,0.0,0.5,5298.522737098198,5566.459185356654,4.813409015255158,3.390385523567528,4.61,82,4809,suburban
DHL,30629,0.0,0.5,6584.904504429821,6830.019894903581,3.588794677694281,14.669809711755615,4.28,124,5907,suburban
DHL,30655,0.0,0.5,8134.970408901814,8770.048460462032,7.241442899926239,4.462508901721823,5.25,139,7945,suburban
DHL,30657,0.0,0.5,9313.900818796279,9997.913539537092,6.841554670740664,12.670949194485749,6.56,140,9056,rural
DHL,30659,0.0,0.5,7618.195766188161,7841.281218861646,2.8450127784840746,11.3882150903338,7.01,131,6829,suburban
DHL,30823,0.0,0.5,9981.431165586691,10202.29191336214,2.164815020497335,12.528872220645557,3.26,227,9437,suburban
DHL,30826,0.0,0.5,8959.561485115595,9289.171862330428,3.548328980234212,56.38950461206911,1.44,239,8281,rural
DHL,30827,0.0,0.5,8680.702646993346,8499.259441991915,-2.1348119355550286,10.610683695060027,3.25,153,8048,suburban
DHL,30851,0.0,0.5,6649.0344984348885,7091.396611882496,6.238011179721293,4.12190647126244,5.02,97,6654,suburban
DHL,30853,0.0,0.5,7513.117182231875,8087.121413003322,7.097757056651867,8.711379660258004,6.98,132,7164,suburban
DHL,30855,0.0,0.5,33604.44790615085,33181.974645551454,-1.273201083155041,59.06346106841505,5.9,278,32854,suburban
DHL,30880,0.0,0.5,17794.780582835832,17626.17972557684,-0.9565365829916098,33.96099660372796,5.11,360,16161,suburban
DHL,30890,0.0,0.5,16212.951867721087,16098.044263724361,-0.7137985342459319,102.53407734275534,4.73,504,13989,rural
DHL,30900,0.0,0.5,17100.02416456304,17593.529073393336,2.8050364811493194,173.55971997363926,4.94,590,14609,rural
DHL,30916,0.0,0.5,16558.556132709295,17062.590954336305,2.9540344896969732,59.876286869182046,11.0,355,14499,suburban
DHL,30926,0.0,0.5,14585.280364034645,14775.4174568136,1.2868475177415386,53.8021301528445,0.37,429,13519,rural
DHL,30938,0.0,0.5,14802.713202978248,14888.20103197316,0.57419851338199,153.22446344831192,10.53,355,12030,rural
DHL,30952,0.0,0.5,10138.061860903921,11029.332668750209,8.080913275664955,37.755537878390655,5.68,286,9709,suburban
DHL,30966,0.0,0.5,10105.230301206075,10564.896592403224,4.350883013163383,31.83238567652256,5.52,237,9182,rural
DHL,30974,0.0,0.5,7192.385730174037,7602.589230059956,5.395576263202688,53.82702268136371,1.4,244,6515,rural
DHL,30982,0.0,0.5,7613.624173925491,8026.683955967339,5.1460825455169905,66.6831619829418,2.77,239,6551,rural
DHL,30989,0.0,0.5,7901.249569079993,8197.588934134921,3.6149576105355186,43.13135688268341,5.72,271,6841,rural
DHL,31275,0.0,0.5,20338.36835255554,20490.51279819747,0.7425116547366953,129.47251256919432,2.93,571,18743,suburban
DHL,31303,0.0,0.5,14259.057208571787,14494.326252546625,1.6231802698211113,112.90680951768702,1.84,468,12605,rural
DHL,31311,0.0,0.5,10485.698502104207,10485.698502104207,0.0,139.34872865781722,3.81,380,8577,rural
DHL,31319,0.0,0.5,12139.915452678342,12204.762656945873,0.5313270408468442,101.18549289373648,0.58,411,10967,rural
DHL,31515,0.0,0.5,20855.22113548431,21088.897809861297,1.108055416095378,125.1818077488354,5.28,537,19286,rural
DHL,31535,0.0,0.5,22493.284083811675,22512.716761824166,0.08631867143392968,357.6158854957556,5.5,880,18533,rural
DHL,31832,0.0,0.5,14113.35052369362,14457.781202836444,2.3823204564421765,159.3824695169613,4.65,515,11902,rural
Amazon,30159,0.0,0.5,11737.370807059575,11555.196270293998,-1.5765594326935795,6.211813374113814,13.81,221,9019,urban
Amazon,30161,0.0,0.5,5866.804709207592,6224.7449789257325,5.750280066572522,1.7979843382791898,12.74,83,4512,urban
Amazon,30163,0.0,0.5,6082.463809957113,5889.0064831046275,-3.2850588194716446,2.603733329707664,12.41,93,4469,urban
Amazon,30165,0.0,0.5,4801.117535980856,4750.233821598029,-1.071183362626748,4.951012974183712,10.52,92,3574,urban
Amazon,30167,0.0,0.5,7673.100086834295,7175.254343343608,-6.938370678839182,5.368928981069905,10.65,139,5730,urban
Amazon,30173,0.0,0.5,5108.151716951051,5164.654397653723,1.0940263636680387,4.775461708125837,15.11,87,3759,urban
Amazon,30177,0.0,0.5,4278.595943326086,4343.242376782357,1.4884371593409265,3.576189607493106,13.99,79,2906,urban
Amazon,30179,0.0,0.5,3770.8648963378027,4390.652005410074,14.116060856305207,8.305970462175056,12.08,95,2781,suburban
Amazon,30419,0.0,0.5,8969.710478305231,8519.368501277868,-5.286095758855997,23.77191867081394,6.74,265,6859,suburban
Amazon,30449,0.0,0.5,6822.97722117392,7005.60345798299,2.6068594647755123,5.186686836161483,12.61,159,5275,urban
Amazon,30453,0.0,0.5,5225.880424851395,4970.930164967193,-5.128824011268009,9.157258958740025,9.82,139,3593,suburban
Amazon,30455,0.0,0.5,4558.469609081509,4820.378887430032,5.433375352122145,6.967819653017212,9.84,158,3165,suburban
Amazon,30457,0.0,0.5,4400.090613061789,4934.7989617734975,10.83546367042969,6.068989648841514,13.37,135,3134,suburban
Amazon,30459,0.0,0.5,4405.9754308420515,4858.408897775894,9.312379349975245,7.274391190340525,13.92,124,3087,urban
Amazon,30519,0.0,0.5,7769.702462912237,8140.269152347262,4.552265809640601,13.714884737746765,17.38,242,5508,urban
Amazon,30539,0.0,0.5,5329.1360170598855,5821.859629336905,8.463337209199238,19.21423828970633,21.37,157,3516,rural
Amazon,30559,0.0,0.5,7820.95620025692,8252.52270516162,5.229510057994421,19.484913733542943,20.15,222,5369,suburban
Amazon,30625,0.0,0.5,4700.510279813516,4932.584335545381,4.704918151312364,8.86389555258122,16.66,114,3180,urban
Amazon,30627,0.0,0.5,3235.7411353409834,3472.360903435115,6.814377153597418,3.390385523567528,17.89,79,2090,suburban
Amazon,30629,0.0,0.5,4252.362222055158,4629.145185289602,8.139363708698887,14.669809711755615,20.32,122,2757,suburban
Amazon,30655,0.0,0.5,4916.74537250316,5061.237427944449,2.8548760554782486,4.462508901721823,16.14,137,3642,suburban
Amazon,30657,0.0,0.5,5042.779265031049,5227.080664344542,3.525895450029439,12.670949194485749,15.05,138,3559,rural
Amazon,30659,0.0,0.5,4482.896844153745,4975.003626465991,9.8915864039644,11.3882150903338,18.11,130,3002,suburban
Amazon,30823,0.0,0.5,5533.117262446256,5705.037154540299,3.0134754154444336,12.528872220645557,1.29,222,4370,suburban
Amazon,30826,0.0,0.5,5640.319797171889,5673.254342811335,0.5805229882065421,56.38950461206911,3.98,233,3852,rural
Amazon,30827,0.0,0.5,4585.433286480287,4536.061456785562,-1.0884294704797124,10.610683695060027,3.78,150,3498,suburban
Amazon,30851,0.0,0.5,4304.0122171486555,4490.007090916008,4.142418263517871,4.12190647126244,11.33,96,3032,suburban
Amazon,30853,0.0,0.5,4339.59725532694,4319.068900643669,-0.47529583703126943,8.711379660258004,12.37,128,2911,suburban
Amazon,30855,0.0,0.5,16244.345238115564,16244.345238115564,0.0,59.06346106841505,9.96,271,13592,suburban
Amazon,30880,0.0,0.5,10000.634908344697,11278.054808972109,11.326597735729901,33.96099660372796,23.78,345,6971,suburban
Amazon,30890,0.0,0.5,9758.54048403629,10080.548522471709,3.1943503641453,102.53407734275534,12.55,490,6502,rural
Amazon,30900,0.0,0.5,10127.914160001434,12085.38072969665,16.196978924174527,173.55971997363926,17.55,570,6667,rural
Amazon,30916,0.0,0.5,8642.379481249136,9904.82527723206,12.745765428945745,59.876286869182046,19.41,344,6164,suburban
Amazon,30926,0.0,0.5,8651.37292850955,8752.96361616949,1.1606433216775864,53.8021301528445,4.34,415,6338,rural
Amazon,30938,0.0,0.5,8446.159855355952,9384.90809448861,10.002743017632188,153.22446344831192,24.95,346,5072,rural
Amazon,30952,0.0,0.5,6525.469445392466,7076.623355325187,7.788374232436372,37.755537878390655,14.14,275,4476,suburban
Amazon,30966,0.0,0.5,6390.880345281892,6955.194722247112,8.11356690216286,31.83238567652256,17.79,233,4221,rural
Amazon,30974,0.0,0.5,4684.860746373986,5436.138154721389,13.820057308420386,53.82702268136371,18.26,240,2971,rural
Amazon,30982,0.0,0.5,4791.627514226256,6084.06789519755,21.243030209960015,66.6831619829418,24.57,233,3044,rural
Amazon,30989,0.0,0.5,4667.219082301764,5499.955907320829,15.140790927262422,43.13135688268341,11.39,265,3112,rural
Amazon,31275,0.0,0.5,13609.758863395618,14129.512676709497,3.6784978024799067,129.47251256919432,30.8,550,8588,suburban
Amazon,31303,0.0,0.5,9355.649117420782,10291.231205914351,9.091060824247073,112.90680951768702,30.88,449,5793,rural
Amazon,31311,0.0,0.5,7381.482717160995,8790.113460938559,16.02517134775594,139.34872865781722,40.99,367,3965,rural
Amazon,31319,0.0,0.5,8584.359925145403,9320.815628099372,7.901193761775337,101.18549289373648,29.57,396,5228,rural
Amazon,31515,0.0,0.5,12450.58174407703,12450.58174407703,0.0,125.1818077488354,12.09,525,8733,rural
Amazon,31535,0.0,0.5,15851.91067139521,15851.91067139521,0.0,357.6158854957556,16.13,834,8625,rural
Amazon,31832,0.0,0.5,10340.312838712329,11355.500473785536,8.940051893060934,159.3824695169613,25.63,491,5466,rural
DPD,30159,0.0,0.5,6830.410047823465,6656.069904499083,-2.6192655099150732,6.211813374113814,13.32,219,4783,urban
DPD,30161,0.0,0.5,3336.722634779454,3438.6384541878197,2.9638422522799774,1.7979843382791898,14.05,84,2359,urban
DPD,30163,0.0,0.5,3142.7706084826555,3176.704105051865,1.068198215730754,2.603733329707664,14.01,92,2106,urban
DPD,30165,0.0,0.5,2546.3583948735964,3109.5847921201566,18.1125917091505,4.951012974183712,15.88,91,1757,urban
DPD,30167,0.0,0.5,4329.644887222179,4548.61275587726,4.81394834880486,5.368928981069905,16.37,138,2824,urban
DPD,30173,0.0,0.5,2981.9777750611643,3042.0725720869623,1.975455732950217,4.775461708125837,13.13,86,1708,urban
DPD,30177,0.0,0.5,2121.7495331218206,2301.8161532682093,7.822806347532273,3.576189607493106,12.44,75,1250,urban
DPD,30179,0.0,0.5,1952.8144034570184,2402.9493976963904,18.73260396872685,8.305970462175056,14.42,89,1256,suburban
DPD,30419,0.0,0.5,4627.121658774286,5350.888005691542,13.526097839226182,23.77191867081394,19.64,257,2858,suburban
DPD,30449,0.0,0.5,3783.805928537526,4115.648431001423,8.062945803734568,5.186686836161483,15.53,161,2554,urban
DPD,30453,0.0,0.5,2972.246488262721,3546.158276962033,16.18404323427374,9.157258958740025,18.23,137,1619,suburban
DPD,30455,0.0,0.5,2205.857681734549,3189.32194545774,30.836155162192068,6.967819653017212,19.47,151,1318,suburban
DPD,30457,0.0,0.5,2146.0909059639193,3071.8681502213976,30.137271490339035,6.068989648841514,18.69,130,1335,suburban
DPD,30459,0.0,0.5,2027.5347271856103,2692.648089162524,24.701087552208843,7.274391190340525,16.25,119,1284,urban
DPD,30519,0.0,0.5,3885.7242112715116,4359.743796141659,10.87264772965905,12.113461405690837,12.99,227,2540,urban
DPD,30539,0.0,0.5,2603.674510414111,3283.465182476126,20.70345303766466,19.21423828970633,9.52,156,1695,rural
DPD,30559,0.0,0.5,3661.134005406227,3964.267070732265,7.646635807260187,19.484913733542943,7.42,213,2467,suburban
DPD,30625,0.0,0.5,2193.3316362114383,2879.61806243138,23.832550405677136,8.86389555258122,10.22,108,1405,urban
DPD,30627,0.0,0.5,1685.0282031975946,1734.323815852828,2.8423534408418947,3.390385523567528,8.59,77,971,suburban
DPD,30629,0.0,0.5,1943.9617816897871,2209.7242260325893,12.026950748508591,14.669809711755615,6.08,121,1173,suburban
DPD,30655,0.0,0.5,2719.548238395027,2902.8311877698657,6.313937584350122,4.462508901721823,10.23,132,1537,suburban
DPD,30657,0.0,0.5,2969.0576094734106,3254.827165454566,8.77986883648383,12.670949194485749,12.26,136,1866,rural
DPD,30659,0.0,0.5,2151.5715637240983,2732.1680399331904,21.25039410911524,11.3882150903338,8.73,122,1368,suburban
DPD,30823,0.0,0.5,3192.6988251732228,4031.85332034608,20.813120629617234,12.528872220645557,25.25,211,1867,suburban
DPD,30826,0.0,0.5,3218.055262961695,4659.6772590054525,30.93823704759014,56.38950461206911,27.87,212,1639,rural
DPD,30827,0.0,0.5,2827.641723188323,3693.9834286058103,23.452777256893746,10.610683695060027,23.76,145,1601,suburban
DPD,30851,0.0,0.5,1951.7432904234145,2392.8715311930196,18.43509921110018,4.12190647126244,15.63,96,1281,suburban
DPD,30853,0.0,0.5,2262.082119619812,3054.623065805542,25.945621738331468,8.711379660258004,15.68,120,1470,suburban
DPD,30855,0.0,0.5,9549.79518042006,9651.557570967712,1.054362363788386,59.06346106841505,19.88,265,6668,suburban
DPD,30880,0.0,0.5,4916.929976860463,5651.747006229777,13.001590986987628,33.96099660372796,12.89,328,3235,suburban
DPD,30890,0.0,0.5,5097.377009599985,6923.102121964851,26.37148896839767,102.53407734275534,32.64,451,2726,rural
DPD,30900,0.0,0.5,5585.641060247176,7912.531093330155,29.407657368252547,173.55971997363926,25.52,515,2839,rural
DPD,30916,0.0,0.5,4466.655114486919,5505.336403799816,18.866808731179315,59.876286869182046,10.68,308,2914,suburban
DPD,30926,0.0,0.5,4610.450951684997,6146.851473398595,24.994918591454468,53.8021301528445,25.6,384,2637,rural
DPD,30938,0.0,0.5,4175.877826640296,5614.10632319326,25.618120031166615,153.22446344831192,17.56,317,2412,rural
DPD,30952,0.0,0.5,3341.088270151225,4651.5791758270425,28.173032343210938,37.755537878390655,21.73,266,1895,suburban
DPD,30966,0.0,0.5,3048.878519784326,4054.5734078226283,24.8039630038016,31.83238567652256,17.93,217,1807,rural
DPD,30974,0.0,0.5,2537.9262700743816,4049.5746175540357,37.32857127578249,53.82702268136371,28.84,224,1280,rural
DPD,30982,0.0,0.5,2458.4022316827713,3635.1428609264503,32.37123475647324,66.6831619829418,20.59,218,1278,rural
DPD,30989,0.0,0.5,2788.836804839294,4189.963023652114,33.440061664113465,43.13135688268341,25.63,242,1356,rural
DPD,31275,0.0,0.5,5524.4041320201,6310.744546848563,12.460342975238039,129.47251256919432,4.47,516,3643,suburban
DPD,31303,0.0,0.5,4301.483428592489,5298.7418231419815,18.820663996007845,112.90680951768702,10.77,417,2491,rural
DPD,31311,0.0,0.5,3204.4750267017375,4503.622414154428,28.84672088338494,139.34872865781722,17.19,336,1650,rural
DPD,31319,0.0,0.5,3934.2998387351086,4393.641206526262,10.454685446523339,101.18549289373648,7.08,368,2115,rural
DPD,31515,0.0,0.5,6641.125897407078,8672.940895409381,23.4270592006196,125.1818077488354,38.45,488,3812,rural
DPD,31535,0.0,0.5,7487.214953934199,10736.90548199021,30.266546851017296,357.6158854957556,38.17,720,3582,rural
DPD,31832,0.0,0.5,4770.873584240748,6479.205569246742,26.366380364816873,159.3824695169613,30.86,456,2309,rural
FedEx,30159,0.0,0.5,12029.407447590194,12214.299279183924,1.5137326126340265,10.98727508223965,11.75,273,9864,urban
FedEx,30161,0.0,0.5,4824.207156818851,5224.187237195072,7.656312115470328,1.7979843382791898,9.67,80,3810,urban
FedEx,30163,0.0,0.5,7634.552317590353,8257.65060106912,7.545708986501485,19.436906373559538,7.51,263,6210,urban
FedEx,30167,0.0,0.5,4670.134960503523,5175.6698343295675,9.767525557231167,5.368928981069905,8.96,132,3775,urban
FedEx,30419,0.0,0.5,2218.405915204242,3306.0595520416546,32.898791437853355,23.77191867081394,5.53,136,1709,suburban
FedEx,30449,0.0,0.5,4874.349524499611,5430.5021475969215,10.241274342252424,12.46107802650201,12.7,204,3703,urban
FedEx,30453,0.0,0.5,2268.865677830585,3326.3835685835006,31.791820424463154,9.157258958740025,10.07,106,1516,suburban
FedEx,30455,0.0,0.5,1051.1174073619447,1959.2973539377524,46.352328540155874,6.967819653017212,11.34,85,612,suburban
FedEx,30457,0.0,0.5,1358.5386940643673,1996.1328134447208,31.94146777638804,6.068989648841514,14.63,82,778,suburban
FedEx,30519,0.0,0.5,3435.3917956850473,4147.606607808722,17.171705985393704,13.714884737746765,15.57,154,2372,urban
FedEx,30539,0.0,0.5,3649.4743685883727,4110.789837016759,11.222064048965517,19.21423828970633,18.41,81,2429,rural
FedEx,30559,0.0,0.5,4423.223582725415,5375.733073538704,17.718690228536158,34.15472344529856,15.2,165,3144,suburban
FedEx,30625,0.0,0.5,3001.3765000693165,3602.9465575642243,16.696613393610807,12.254281076148748,12.66,134,2229,urban
FedEx,30655,0.0,0.5,2974.0751566188783,3651.3066283117864,18.547647202284733,15.85072399205562,11.41,144,2242,suburban
FedEx,30657,0.0,0.5,4610.143632428113,4510.957538899967,-2.1987813601174566,12.670949194485749,8.22,82,3429,rural
FedEx,30823,0.0,0.5,1320.523527172075,2013.2163655803622,34.407272375247175,12.528872220645557,8.07,113,878,suburban
FedEx,30827,0.0,0.5,3557.543779153996,4491.66174623818,20.796712216063884,67.00018830712914,7.42,137,2757,suburban
FedEx,30853,0.0,0.5,3820.031880806876,4558.287686101956,16.195901973146483,12.833286131520444,4.82,152,3029,suburban
FedEx,30855,0.0,0.5,11180.541615327978,11164.944696921486,-0.13969543808661247,59.06346106841505,1.5,210,9970,suburban
FedEx,30880,0.0,0.5,5308.771705203692,6033.650689518244,12.013936862036493,33.96099660372796,22.05,184,3498,suburban
FedEx,30890,0.0,0.5,2352.4432471606806,3937.614024274669,40.25713966228536,102.53407734275534,20.22,167,1281,rural
FedEx,30900,0.0,0.5,2558.0346394997887,4467.0239843658765,42.73514876005488,173.55971997363926,10.92,207,1597,rural
FedEx,30916,0.0,0.5,4371.252285966829,5459.16940205895,19.928253475369505,59.876286869182046,11.65,204,3245,suburban
FedEx,30926,0.0,0.5,2039.1678946558427,3230.0558047592294,36.86895775449788,53.8021301528445,10.98,152,1266,rural
FedEx,30938,0.0,0.5,4484.9763481264,5737.710883078335,21.83335062501148,153.22446344831192,16.47,151,3131,rural
FedEx,30952,0.0,0.5,1843.7431530584042,2694.734755168253,31.579790941491556,37.755537878390655,17.01,132,979,suburban
FedEx,30966,0.0,0.5,1803.5785897351159,2504.2719321468335,27.979922364542706,31.83238567652256,18.53,102,1063,rural
FedEx,30974,0.0,0.5,1538.4686390988816,2454.671117478426,37.32485675395563,53.82702268136371,23.36,94,802,rural
FedEx,30982,0.0,0.5,1578.2087723332472,2716.2138956601093,41.89674182674402,66.6831619829418,25.47,105,618,rural
FedEx,30989,0.0,0.5,1532.4500856153722,2473.2391948618315,38.03874332902996,43.13135688268341,16.61,128,876,rural
FedEx,31275,0.0,0.5,3588.3352570641628,5422.493872435705,33.825001162198916,129.47251256919432,24.61,246,2133,suburban
FedEx,31303,0.0,0.5,2355.2384000726465,3973.889348501275,40.73215951619517,112.90680951768702,23.03,195,1243,rural
FedEx,31311,0.0,0.5,1708.20065047685,3062.8021398398528,44.227521972210454,139.34872865781722,33.34,113,675,rural
FedEx,31319,0.0,0.5,1630.1235974599895,2817.067630852216,42.13402690063048,101.18549289373648,25.21,119,751,rural
FedEx,31515,0.0,0.5,3989.581258554332,5470.280769208987,27.06807151452241,125.1818077488354,19.63,249,2478,rural
FedEx,31535,0.0,0.5,3764.679421241908,6228.495098699879,39.557158485558766,357.6158854957556,17.87,237,2005,rural
FedEx,31832,0.0,0.5,2373.6453777411693,4547.708372184966,47.805681818582805,159.3824695169613,29.81,182,1068,rural
GLS,30159,0.0,0.5,4961.890027726674,4840.335510593373,-2.5112828825041364,6.211813374113814,11.0,208,3332,urban
GLS,30161,0.0,0.5,2921.854074330428,3003.1123197883485,2.7058010758534476,1.7979843382791898,12.21,80,1649,urban
GLS,30163,0.0,0.5,4481.900917760701,4530.9209569497225,1.081900118205155,6.17992293720077,13.11,162,2801,urban
GLS,30165,0.0,0.5,2095.5091898796854,2518.402065806431,16.792111222769694,4.951012974183712,14.79,86,1358,urban
GLS,30167,0.0,0.5,3290.4851983286176,3486.1823236641876,5.613508048824037,5.368928981069905,13.23,133,2147,urban
GLS,30173,0.0,0.5,2139.881431151567,2554.876072428404,16.243239574527987,4.775461708125837,9.02,83,1424,urban
GLS,30179,0.0,0.5,1954.8431859228544,2012.9451781141186,2.8864170183560844,8.305970462175056,15.58,89,1034,suburban
GLS,30419,0.0,0.5,4253.02207794254,5101.804856969734,16.636911893398775,23.77191867081394,17.6,248,2617,suburban
GLS,30449,0.0,0.5,3182.9773863996006,3412.5020081467483,6.725992283644024,5.186686836161483,10.84,150,1981,urban
GLS,30453,0.0,0.5,2152.8725974554286,3168.728615727752,32.05878891711321,9.157258958740025,13.29,125,1373,suburban
GLS,30455,0.0,0.5,2078.8475135360945,2732.89498767275,23.932404175310904,6.967819653017212,13.26,149,1201,suburban
GLS,30457,0.0,0.5,2001.921731649539,2344.3788154149365,14.607583105326148,6.068989648841514,10.08,128,1189,suburban
GLS,30459,0.0,0.5,2046.2187163606986,2084.898287419,1.8552258060600566,7.274391190340525,9.13,113,1169,urban
GLS,30519,0.0,0.5,3158.6773846695783,3551.9496596439303,11.072011505190536,13.714884737746765,6.3,224,2084,urban
GLS,30539,0.0,0.5,2041.547130516531,2580.3663075652257,20.881499478154016,19.21423828970633,5.29,145,1310,rural
GLS,30559,0.0,0.5,3091.037977391825,3658.07773972127,15.50103094235092,19.484913733542943,8.92,208,2040,suburban
GLS,30625,0.0,0.5,1930.8284749056188,2259.1204653397162,14.53184969420081,8.86389555258122,10.34,105,1185,urban
GLS,30627,0.0,0.5,1448.8831268934541,1778.1322716706136,18.51657213711211,3.390385523567528,11.43,78,774,suburban
GLS,30629,0.0,0.5,2089.2798470409743,2143.7517893568083,2.540963118317781,14.669809711755615,12.94,116,1080,suburban
GLS,30655,0.0,0.5,2097.6938731380687,2960.5284409044616,29.144613368510353,4.462508901721823,13.05,124,1383,suburban
GLS,30657,0.0,0.5,2113.28458555971,2873.29432340711,26.450814024029093,12.670949194485749,16.66,127,1325,rural
GLS,30659,0.0,0.5,2022.0385901429586,2313.189380462103,12.586552263221169,11.3882150903338,14.84,124,1138,suburban
GLS,30823,0.0,0.5,3042.5688335699524,4081.0154973189988,25.44579074574082,12.528872220645557,21.76,209,1687,suburban
GLS,30826,0.0,0.5,3097.00492876607,4802.849009920454,35.51733726442165,56.38950461206911,26.25,214,1480,rural
GLS,30827,0.0,0.5,2335.3458182474424,3413.7429042160657,31.58987411256933,10.610683695060027,22.43,133,1331,suburban
GLS,30851,0.0,0.5,2163.703443299411,2060.2946146334557,-5.019128232024847,4.12190647126244,17.37,95,1137,suburban
GLS,30853,0.0,0.5,1982.8167864984164,2481.088173620477,20.082776276143715,8.711379660258004,18.94,117,1083,suburban
GLS,30855,0.0,0.5,8106.434028479561,8370.230959567252,3.1516087472612586,58.08159729436245,22.3,262,5111,suburban
GLS,30880,0.0,0.5,3936.4305392937467,4450.294123718125,11.546733095363507,33.96099660372796,1.58,305,2630,suburban
GLS,30890,0.0,0.5,4866.755888850554,6293.752660817818,22.67322611597257,102.53407734275534,23.44,436,2471,rural
GLS,30900,0.0,0.5,5196.074752589569,7176.610893793414,27.59709520989473,173.55971997363926,31.36,490,2487,rural
GLS,30916,0.0,0.5,4051.1707869943516,5182.054562818042,21.82307735503091,59.876286869182046,19.31,308,2276,suburban
GLS,30926,0.0,0.5,4506.479466871584,5707.156100114085,21.038089937972785,53.8021301528445,20.06,381,2421,rural
GLS,30938,0.0,0.5,3781.0662766467312,5298.987880460923,28.64550057589787,153.22446344831192,28.43,321,1873,rural
GLS,30952,0.0,0.5,2981.1637803911026,4052.359581403284,26.43387832432282,37.755537878390655,11.4,259,1710,suburban
GLS,30966,0.0,0.5,2676.2519800865066,3510.9395596477075,23.77390910269485,31.83238567652256,6.33,220,1619,rural
GLS,30974,0.0,0.5,2271.0544426886768,3101.933528043918,26.78584430786286,53.82702268136371,16.59,214,1120,rural
GLS,30982,0.0,0.5,2094.877625715722,2386.647671549595,12.225099218119347,66.6831619829418,6.34,209,1154,rural
GLS,30989,0.0,0.5,2339.3295224078574,3148.477695946504,25.699663509777483,43.13135688268341,16.28,231,1172,rural
GLS,31275,0.0,0.5,5730.535854212297,6805.937726269975,15.800936113575895,129.47251256919432,17.38,507,3227,suburban
GLS,31303,0.0,0.5,4359.608759141342,5596.886925837495,22.106542138351532,112.90680951768702,24.81,407,2208,rural
GLS,31311,0.0,0.5,3338.844325233127,4871.049261225609,31.45533649575457,139.34872865781722,30.96,326,1483,rural
GLS,31319,0.0,0.5,3505.6381178000806,4437.068207504176,20.992016488022823,101.18549289373648,11.04,357,1985,rural
GLS,31515,0.0,0.5,6239.670490030809,8050.858133283889,22.49682721106787,125.1818077488354,33.59,472,3284,rural
GLS,31535,0.0,0.5,7232.491183445953,10569.427946070218,31.57159289651963,357.6158854957556,38.52,705,3227,rural
GLS,31832,0.0,0.5,3980.6854797798087,5153.98445539914,22.764891624580333,159.3824695169613,16.88,440,2069,rural
Hermes,30159,0.0,0.5,6199.415278013664,6103.311963748475,-1.5746092422607343,6.211813374113814,9.13,207,4412,urban
Hermes,30161,0.0,0.5,3027.0732861085303,3205.3444612983394,5.561685408300847,1.7979843382791898,7.9,80,2187,urban
Hermes,30163,0.0,0.5,3023.042095874679,3151.45637345559,4.074759805102552,2.603733329707664,6.63,93,2318,urban
Hermes,30165,0.0,0.5,2802.9495501395427,3165.918762514473,11.464893435441434,4.951012974183712,5.34,89,1888,urban
Hermes,30167,0.0,0.5,4124.4330470924015,4309.333549458941,4.290698323636487,5.368928981069905,7.27,135,2918,urban
Hermes,30173,0.0,0.5,2922.1121994512396,3377.006730770633,13.470347191626313,4.775461708125837,11.08,82,1982,urban
Hermes,30177,0.0,0.5,2480.1370345639334,2975.551858278056,16.649510655842438,3.576189607493106,7.86,76,1604,urban
Hermes,30179,0.0,0.5,2348.923729960965,2972.7332058248016,20.984374737751054,8.305970462175056,5.02,88,1492,suburban
Hermes,30419,0.0,0.5,5634.639756181156,5546.714589306118,-1.5851756108842394,23.77191867081394,4.3,253,3791,suburban
Hermes,30449,0.0,0.5,4055.029654825053,4264.762288981972,4.917803618240672,5.186686836161483,9.65,147,2752,urban
Hermes,30453,0.0,0.5,2965.1213549153567,3456.6569376644593,14.219970092872906,9.157258958740025,8.55,127,1923,suburban
Hermes,30455,0.0,0.5,2760.1779785264625,3386.0721023475717,18.484370825629355,6.967819653017212,9.92,152,1769,suburban
Hermes,30457,0.0,0.5,2686.3090470061666,3390.4448760059295,20.768242951917895,6.068989648841514,13.07,130,1718,suburban
Hermes,30459,0.0,0.5,2747.4847080801123,3359.004573372854,18.20538948176246,7.274391190340525,11.99,121,1718,urban
Hermes,30519,0.0,0.5,4881.434149862739,5162.317584328793,5.44103360317717,13.714884737746765,13.8,229,2920,urban
Hermes,30539,0.0,0.5,3122.4991645019613,3748.1337976976,16.69189700698393,19.21423828970633,16.65,149,1846,rural
Hermes,30559,0.0,0.5,4660.166190618237,5370.925287647466,13.233457159865841,19.484913733542943,14.22,216,2928,suburban
Hermes,30625,0.0,0.5,2975.598564585537,3247.4589705680532,8.371480854612972,8.86389555258122,10.86,112,1721,urban
Hermes,30627,0.0,0.5,1867.2524200953148,1976.5200916772521,5.528285396239712,3.390385523567528,11.3,80,1110,suburban
Hermes,30629,0.0,0.5,2605.1127390643755,3288.097282907375,20.771421435532957,14.669809711755615,13.03,120,1544,suburban
Hermes,30655,0.0,0.5,3294.653124218756,3426.8003677575816,3.856286604325876,4.462508901721823,9.19,134,1982,suburban
Hermes,30657,0.0,0.5,3221.4092120161154,3245.628188162223,0.7462030381188319,12.670949194485749,6.89,133,1834,rural
Hermes,30659,0.0,0.5,2843.727286500209,3215.6998845024846,11.567391590083817,11.3882150903338,10.33,126,1587,suburban
Hermes,30823,0.0,0.5,3643.369197582084,3936.6042296322357,7.4489335209993,12.528872220645557,8.05,216,2384,suburban
Hermes,30826,0.0,0.5,3424.573915200763,4191.43021519428,18.295814569776198,56.38950461206911,9.0,221,2156,rural
Hermes,30827,0.0,0.5,2864.613742558037,3247.3865843141566,11.787104239606903,10.610683695060027,5.18,139,1865,suburban
Hermes,30851,0.0,0.5,2440.29340630255,2857.2114343496014,14.591780749398973,4.12190647126244,3.44,95,1650,suburban
Hermes,30853,0.0,0.5,2239.9302038080154,2627.454020793578,14.749023728625229,8.711379660258004,3.75,121,1477,suburban
Hermes,30855,0.0,0.5,8658.56494813409,8658.56494813409,0.0,58.08159729436245,2.52,261,7102,suburban
Hermes,30880,0.0,0.5,5849.596066109199,6718.354835871605,12.931123630502592,33.96099660372796,20.27,312,3668,suburban
Hermes,30890,0.0,0.5,6324.113211837926,7568.635969962485,16.443157830072355,102.53407734275534,19.74,454,3618,rural
Hermes,30900,0.0,0.5,6224.424540340609,7696.514876914835,19.126713325659374,173.55971997363926,12.32,527,3644,rural
Hermes,30916,0.0,0.5,5244.416861382039,5798.014253899346,9.548051596199423,59.876286869182046,10.8,310,3232,suburban
Hermes,30926,0.0,0.5,5659.005178578497,5981.497888198291,5.391504195898541,53.8021301528445,10.52,393,3537,rural
Hermes,30938,0.0,0.5,4819.847223766928,6007.684029332934,19.771958707653567,153.22446344831192,16.57,334,2656,rural
Hermes,30952,0.0,0.5,4289.362000951183,5277.6182452376,18.72542117229104,37.755537878390655,15.6,274,2488,suburban
Hermes,30966,0.0,0.5,3995.9309119275817,4601.173469262583,13.154091263418547,31.83238567652256,16.87,229,2313,rural
Hermes,30974,0.0,0.5,3116.182628343033,4626.2307003590395,32.64100235854672,53.82702268136371,22.19,228,1616,rural
Hermes,30982,0.0,0.5,3256.2410431975436,4596.833861562218,29.16339503966929,66.6831619829418,23.78,220,1680,rural
Hermes,30989,0.0,0.5,3107.4954617218095,4185.515150068637,25.755961923328584,43.13135688268341,15.58,242,1681,rural
Hermes,31275,0.0,0.5,7848.227902962864,9418.194923082388,16.669510802667748,129.47251256919432,23.26,528,4698,suburban
Hermes,31303,0.0,0.5,5445.46066097491,6888.21710469868,20.94528122145886,112.90680951768702,22.27,425,3161,rural
Hermes,31311,0.0,0.5,4287.222555164395,6231.959144058387,31.205862296901024,139.34872865781722,32.49,345,2196,rural
Hermes,31319,0.0,0.5,5099.414522453038,6653.523191455497,23.357680198639066,101.18549289373648,23.57,378,2907,rural
Hermes,31515,0.0,0.5,7719.639298512929,9098.73098096226,15.156967332421143,125.1818077488354,20.37,503,4758,rural
Hermes,31535,0.0,0.5,8946.95099572056,11828.260970846719,24.359540106764342,357.6158854957556,19.5,777,4780,rural
Hermes,31832,0.0,0.5,5976.052704863046,8226.290929342216,27.35422614890551,159.3824695169613,28.44,458,3015,rural
UPS,30159,0.0,0.5,14032.728810442577,14124.871351764605,0.6523425171622282,10.98727508223965,10.54,282,11805,urban
UPS,30161,0.0,0.5,5730.540709970228,5917.055804797465,3.1521604828538696,1.7979843382791898,8.59,80,4726,urban
UPS,30163,0.0,0.5,6195.444305771106,6504.720392897118,4.754640760019879,14.485893399375826,6.02,215,5283,urban
UPS,30165,0.0,0.5,3314.489127338512,3773.2492250252108,12.158224128002933,4.951012974183712,6.57,77,2701,urban
UPS,30167,0.0,0.5,5630.901342987972,6006.644999548211,6.2554663474951475,5.368928981069905,8.81,137,4551,urban
UPS,30419,0.0,0.5,2798.1785341197506,3598.2785262855646,22.235632575995783,23.77191867081394,7.09,153,2053,suburban
UPS,30449,0.0,0.5,5866.385860287786,6798.755020154903,13.713821973333488,12.46107802650201,12.33,209,4685,urban
UPS,30453,0.0,0.5,2594.0120196196317,3375.021836857729,23.14088189619675,9.157258958740025,10.59,118,1821,suburban
UPS,30455,0.0,0.5,1358.402244323529,1985.0500139571805,31.568361765577606,6.967819653017212,12.14,99,812,suburban
UPS,30457,0.0,0.5,1698.4521012301964,2069.491599260607,17.92901687366001,6.068989648841514,14.87,93,1021,suburban
UPS,30519,0.0,0.5,4412.0384020621295,4937.054841641878,10.634203111366444,13.714884737746765,14.32,178,3064,urban
UPS,30539,0.0,0.5,3643.7700833976164,4533.06046911727,19.617880497694458,19.21423828970633,16.42,96,2701,rural
UPS,30559,0.0,0.5,4256.041664552546,5027.435680366569,15.343687415564867,19.484913733542943,13.47,141,3087,suburban
UPS,30625,0.0,0.5,3594.7174618441804,4315.013444156701,16.69278651467308,12.254281076148748,10.42,148,2727,urban
UPS,30655,0.0,0.5,1622.8141287612846,2121.9137816651596,23.52120322778664,4.462508901721823,8.22,93,1218,suburban
UPS,30657,0.0,0.5,4315.789382303042,4786.350272484361,9.831309105947946,12.670949194485749,5.0,96,3745,rural
UPS,30659,0.0,0.5,3252.655006800105,3729.581575766453,12.787669589137128,26.058024802089417,10.16,158,2385,suburban
UPS,30823,0.0,0.5,2054.167751121348,2901.0492307771306,29.192247779570454,12.528872220645557,11.23,141,1337,suburban
UPS,30826,0.0,0.5,1990.9521975923346,2179.7117952412614,8.659842005765439,56.38950461206911,11.69,77,1105,rural
UPS,30827,0.0,0.5,2754.008419204403,3291.825156956803,16.337949681677387,10.610683695060027,8.21,92,2105,suburban
UPS,30853,0.0,0.5,4389.983788864812,4885.572256538386,10.143918494099141,12.833286131520444,2.1,167,3668,suburban
UPS,30855,0.0,0.5,12479.88333755422,12372.313669298126,-0.8694385798108863,59.06346106841505,2.73,226,11475,suburban
UPS,30880,0.0,0.5,6009.632720697963,7164.597554373629,16.120442563736425,33.96099660372796,20.44,221,4190,suburban
UPS,30890,0.0,0.5,3060.318281460528,4686.02421265492,34.69264897957772,102.53407734275534,22.83,246,1795,rural
UPS,30900,0.0,0.5,3475.6171536930615,5252.628048739307,33.83089148055608,173.55971997363926,10.9,296,2208,rural
UPS,30916,0.0,0.5,5433.391212779393,6109.051569407693,11.059987773090763,59.876286869182046,7.96,236,4019,suburban
UPS,30926,0.0,0.5,2509.1763297449957,3963.3498677038015,36.690516520089425,53.8021301528445,13.64,194,1634,rural
UPS,30938,0.0,0.5,5115.174900219347,6063.945568650633,15.646094736341913,153.22446344831192,13.43,195,3590,rural
UPS,30952,0.0,0.5,2267.66456189166,3731.55368849277,39.230016470495876,37.755537878390655,17.72,163,1329,suburban
UPS,30966,0.0,0.5,2215.502335569877,3533.856164661857,37.30638055604419,31.83238567652256,18.2,136,1386,rural
UPS,30974,0.0,0.5,2019.6093753411394,3208.8293030723075,37.060865986001325,53.82702268136371,24.68,134,1072,rural
UPS,30982,0.0,0.5,1755.975766215635,3007.173952156455,41.60711039158814,66.6831619829418,24.88,141,878,rural
UPS,30989,0.0,0.5,2027.3597371888038,3364.1454124269208,39.73626319183835,43.13135688268341,18.29,160,1191,rural
UPS,31275,0.0,0.5,4507.0031887540645,6734.00020753597,33.07093778063282,129.47251256919432,21.19,339,2904,suburban
UPS,31303,0.0,0.5,3001.0516428120386,4633.075702530725,35.22549952782394,112.90680951768702,19.35,259,1804,rural
UPS,31311,0.0,0.5,2312.154397092649,3968.942591958489,41.7438185733065,139.34872865781722,29.65,195,1062,rural
UPS,31319,0.0,0.5,2078.6604633704087,3441.882252785476,39.60686883788158,101.18549289373648,22.42,153,1055,rural
UPS,31515,0.0,0.5,4969.029047711779,6718.456041625136,26.039122427452636,125.1818077488354,23.29,321,3281,rural
UPS,31535,0.0,0.5,4883.724943392629,8009.28273019456,39.02419095556145,357.6158854957556,20.99,322,2571,rural
UPS,31832,0.0,0.5,3187.931319584527,5227.687081644636,39.01832168229931,159.3824695169613,30.54,251,1605,rural
DHL,30159,0.4,0.5,21973.50194568585,21973.50194568585,0.0,6.211813374113814,2.18,221,23058,urban
DHL,30161,0.4,0.5,10909.00812046849,10909.00812046849,0.0,1.7979843382791898,1.04,84,11554,urban
DHL,30163,0.4,0.5,9914.04927442146,9914.04927442146,0.0,2.603733329707664,1.7,95,10484,urban
DHL,30165,0.4,0.5,8565.397376626115,8565.397376626115,0.0,4.951012974183712,1.88,94,8599,urban
DHL,30167,0.4,0.5,13540.33589751315,13540.33589751315,0.0,5.368928981069905,1.39,142,13892,urban
DHL,30169,0.4,0.5,5441.748523674446,5441.748523674446,0.0,2.9960433745102675,2.4,76,5294,urban
DHL,30173,0.4,0.5,8900.020227394843,8900.020227394843,0.0,4.775461708125837,3.83,88,8547,urban
DHL,30177,0.4,0.5,6717.193405547422,6717.193405547422,0.0,3.576189607493106,2.83,80,6260,urban
DHL,30179,0.4,0.5,7015.019470078845,7015.019470078845,0.0,8.305970462175056,3.55,96,6322,suburban
DHL,30419,0.4,0.5,15260.397562746597,15260.397562746597,0.0,23.77191867081394,5.16,274,14775,suburban
DHL,30449,0.4,0.5,7432.014762814106,7432.014762814106,0.0,2.190643461651216,1.56,91,7431,urban
DHL,30453,0.4,0.5,8728.871611104647,8728.871611104647,0.0,9.157258958740025,2.98,148,8150,suburban
DHL,30455,0.4,0.5,7560.480077937329,7560.480077937329,0.0,6.967819653017212,3.04,160,6748,suburban
DHL,30457,0.4,0.5,7333.849598031452,7333.849598031452,0.0,6.068989648841514,2.4,139,6736,suburban
DHL,30459,0.4,0.5,6748.368740605874,6748.368740605874,0.0,7.274391190340525,1.24,125,6561,urban
DHL,30519,0.4,0.5,13335.327593044716,13335.327593044716,0.0,13.714884737746765,5.03,248,12645,urban
DHL,30539,0.4,0.5,9296.282509988963,9296.282509988963,0.0,19.21423828970633,3.99,164,8372,rural
DHL,30559,0.4,0.5,12462.482929522981,12462.482929522981,0.0,19.484913733542943,1.93,224,12320,suburban
DHL,30625,0.4,0.5,8084.182917612831,8084.182917612831,0.0,8.86389555258122,4.99,117,7084,urban
DHL,30627,0.4,0.5,5566.459185356654,5566.459185356654,0.0,3.390385523567528,4.61,82,4809,suburban
DHL,30629,0.4,0.5,6830.019894903581,6830.019894903581,0.0,14.669809711755615,4.28,124,5907,suburban
DHL,30655,0.4,0.5,8770.048460462032,8770.048460462032,0.0,4.462508901721823,5.25,139,7945,suburban
DHL,30657,0.4,0.5,9997.913539537092,9997.913539537092,0.0,12.670949194485749,6.56,140,9056,rural
DHL,30659,0.4,0.5,7841.281218861646,7841.281218861646,0.0,11.3882150903338,7.01,131,6829,suburban
DHL,30823,0.4,0.5,10202.29191336214,10202.29191336214,0.0,12.528872220645557,3.26,227,9437,suburban
DHL,30826,0.4,0.5,9289.171862330428,9289.171862330428,0.0,56.38950461206911,1.44,239,8281,rural
DHL,30827,0.4,0.5,8499.259441991915,8499.259441991915,0.0,10.610683695060027,3.25,153,8048,suburban
DHL,30851,0.4,0.5,7091.396611882496,7091.396611882496,0.0,4.12190647126244,5.02,97,6654,suburban
DHL,30853,0.4,0.5,8087.121413003322,8087.121413003322,0.0,8.711379660258004,6.98,132,7164,suburban
DHL,30855,0.4,0.5,33181.974645551454,33181.974645551454,0.0,59.06346106841505,5.9,278,32854,suburban
DHL,30880,0.4,0.5,17626.17972557684,17626.17972557684,0.0,33.96099660372796,5.11,360,16161,suburban
DHL,30890,0.4,0.5,16098.044263724361,16098.044263724361,0.0,102.53407734275534,4.73,504,13989,rural
DHL,30900,0.4,0.5,17593.529073393336,17593.529073393336,0.0,173.55971997363926,4.94,590,14609,rural
DHL,30916,0.4,0.5,17062.590954336305,17062.590954336305,0.0,59.876286869182046,11.0,355,14499,suburban
DHL,30926,0.4,0.5,14775.4174568136,14775.4174568136,0.0,53.8021301528445,0.37,429,13519,rural
DHL,30938,0.4,0.5,14888.20103197316,14888.20103197316,0.0,153.22446344831192,10.53,355,12030,rural
DHL,30952,0.4,0.5,11029.332668750209,11029.332668750209,0.0,37.755537878390655,5.68,286,9709,suburban
DHL,30966,0.4,0.5,10564.896592403224,10564.896592403224,0.0,31.83238567652256,5.52,237,9182,rural
DHL,30974,0.4,0.5,7602.589230059956,7602.589230059956,0.0,53.82702268136371,1.4,244,6515,rural
DHL,30982,0.4,0.5,8026.683955967339,8026.683955967339,0.0,66.6831619829418,2.77,239,6551,rural
DHL,30989,0.4,0.5,8197.588934134921,8197.588934134921,0.0,43.13135688268341,5.72,271,6841,rural
DHL,31275,0.4,0.5,20490.51279819747,20490.51279819747,0.0,129.47251256919432,2.93,571,18743,suburban
DHL,31303,0.4,0.5,14494.326252546625,14494.326252546625,0.0,112.90680951768702,1.84,468,12605,rural
DHL,31311,0.4,0.5,10485.698502104207,10485.698502104207,0.0,139.34872865781722,3.81,380,8577,rural
DHL,31319,0.4,0.5,12204.762656945873,12204.762656945873,0.0,101.18549289373648,0.58,411,10967,rural
DHL,31515,0.4,0.5,21088.897809861297,21088.897809861297,0.0,125.1818077488354,5.28,537,19286,rural
DHL,31535,0.4,0.5,22512.716761824166,22512.716761824166,0.0,357.6158854957556,5.5,880,18533,rural
DHL,31832,0.4,0.5,14457.781202836444,14457.781202836444,0.0,159.3824695169613,4.65,515,11902,rural
Amazon,30159,0.4,0.5,11555.196270293998,11555.196270293998,0.0,6.211813374113814,13.81,221,9019,urban
Amazon,30161,0.4,0.5,6224.7449789257325,6224.7449789257325,0.0,1.7979843382791898,12.74,83,4512,urban
Amazon,30163,0.4,0.5,5889.0064831046275,5889.0064831046275,0.0,2.603733329707664,12.41,93,4469,urban
Amazon,30165,0.4,0.5,4750.233821598029,4750.233821598029,0.0,4.951012974183712,10.52,92,3574,urban
Amazon,30167,0.4,0.5,7175.254343343608,7175.254343343608,0.0,5.368928981069905,10.65,139,5730,urban
Amazon,30173,0.4,0.5,5164.654397653723,5164.654397653723,0.0,4.775461708125837,15.11,87,3759,urban
Amazon,30177,0.4,0.5,4343.242376782357,4343.242376782357,0.0,3.576189607493106,13.99,79,2906,urban
Amazon,30179,0.4,0.5,4390.652005410074,4390.652005410074,0.0,8.305970462175056,12.08,95,2781,suburban
Amazon,30419,0.4,0.5,8519.368501277868,8519.368501277868,0.0,23.77191867081394,6.74,265,6859,suburban
Amazon,30449,0.4,0.5,7005.60345798299,7005.60345798299,0.0,5.186686836161483,12.61,159,5275,urban
Amazon,30453,0.4,0.5,4970.930164967193,4970.930164967193,0.0,9.157258958740025,9.82,139,3593,suburban
Amazon,30455,0.4,0.5,4820.378887430032,4820.378887430032,0.0,6.967819653017212,9.84,158,3165,suburban
Amazon,30457,0.4,0.5,4934.7989617734975,4934.7989617734975,0.0,6.068989648841514,13.37,135,3134,suburban
Amazon,30459,0.4,0.5,4858.408897775894,4858.408897775894,0.0,7.274391190340525,13.92,124,3087,urban
Amazon,30519,0.4,0.5,8140.269152347262,8140.269152347262,0.0,13.714884737746765,17.38,242,5508,urban
Amazon,30539,0.4,0.5,5821.859629336905,5821.859629336905,0.0,19.21423828970633,21.37,157,3516,rural
Amazon,30559,0.4,0.5,8252.52270516162,8252.52270516162,0.0,19.484913733542943,20.15,222,5369,suburban
Amazon,30625,0.4,0.5,4932.584335545381,4932.584335545381,0.0,8.86389555258122,16.66,114,3180,urban
Amazon,30627,0.4,0.5,3472.360903435115,3472.360903435115,0.0,3.390385523567528,17.89,79,2090,suburban
Amazon,30629,0.4,0.5,4629.145185289602,4629.145185289602,0.0,14.669809711755615,20.32,122,2757,suburban
Amazon,30655,0.4,0.5,5061.237427944449,5061.237427944449,0.0,4.462508901721823,16.14,137,3642,suburban
Amazon,30657,0.4,0.5,5227.080664344542,5227.080664344542,0.0,12.670949194485749,15.05,138,3559,rural
Amazon,30659,0.4,0.5,4975.003626465991,4975.003626465991,0.0,11.3882150903338,18.11,130,3002,suburban
Amazon,30823,0.4,0.5,5705.037154540299,5705.037154540299,0.0,12.528872220645557,1.29,222,4370,suburban
Amazon,30826,0.4,0.5,5673.254342811335,5673.254342811335,0.0,56.38950461206911,3.98,233,3852,rural
Amazon,30827,0.4,0.5,4536.061456785562,4536.061456785562,0.0,10.610683695060027,3.78,150,3498,suburban
Amazon,30851,0.4,0.5,4490.007090916008,4490.007090916008,0.0,4.12190647126244,11.33,96,3032,suburban
Amazon,30853,0.4,0.5,4319.068900643669,4319.068900643669,0.0,8.711379660258004,12.37,128,2911,suburban
Amazon,30855,0.4,0.5,16244.345238115564,16244.345238115564,0.0,59.06346106841505,9.96,271,13592,suburban
Amazon,30880,0.4,0.5,11278.054808972109,11278.054808972109,0.0,33.96099660372796,23.78,345,6971,suburban
Amazon,30890,0.4,0.5,10080.548522471709,10080.548522471709,0.0,102.53407734275534,12.55,490,6502,rural
Amazon,30900,0.4,0.5,12085.38072969665,12085.38072969665,0.0,173.55971997363926,17.55,570,6667,rural
Amazon,30916,0.4,0.5,9904.82527723206,9904.82527723206,0.0,59.876286869182046,19.41,344,6164,suburban
Amazon,30926,0.4,0.5,8752.96361616949,8752.96361616949,0.0,53.8021301528445,4.34,415,6338,rural
Amazon,30938,0.4,0.5,9384.90809448861,9384.90809448861,0.0,153.22446344831192,24.95,346,5072,rural
Amazon,30952,0.4,0.5,7076.623355325187,7076.623355325187,0.0,37.755537878390655,14.14,275,4476,suburban
Amazon,30966,0.4,0.5,6955.194722247112,6955.194722247112,0.0,31.83238567652256,17.79,233,4221,rural
Amazon,30974,0.4,0.5,5436.138154721389,5436.138154721389,0.0,53.82702268136371,18.26,240,2971,rural
Amazon,30982,0.4,0.5,6084.06789519755,6084.06789519755,0.0,66.6831619829418,24.57,233,3044,rural
Amazon,30989,0.4,0.5,5499.955907320829,5499.955907320829,0.0,43.13135688268341,11.39,265,3112,rural
Amazon,31275,0.4,0.5,14129.512676709497,14129.512676709497,0.0,129.47251256919432,30.8,550,8588,suburban
Amazon,31303,0.4,0.5,10291.231205914351,10291.231205914351,0.0,112.90680951768702,30.88,449,5793,rural
Amazon,31311,0.4,0.5,8790.113460938559,8790.113460938559,0.0,139.34872865781722,40.99,367,3965,rural
Amazon,31319,0.4,0.5,9320.815628099372,9320.815628099372,0.0,101.18549289373648,29.57,396,5228,rural
Amazon,31515,0.4,0.5,12450.58174407703,12450.58174407703,0.0,125.1818077488354,12.09,525,8733,rural
Amazon,31535,0.4,0.5,15851.91067139521,15851.91067139521,0.0,357.6158854957556,16.13,834,8625,rural
Amazon,31832,0.4,0.5,11355.500473785536,11355.500473785536,0.0,159.3824695169613,25.63,491,5466,rural
DPD,30159,0.4,0.5,6656.069904499083,6656.069904499083,0.0,6.211813374113814,13.32,219,4783,urban
DPD,30161,0.4,0.5,3438.6384541878197,3438.6384541878197,0.0,1.7979843382791898,14.05,84,2359,urban
DPD,30163,0.4,0.5,3176.704105051865,3176.704105051865,0.0,2.603733329707664,14.01,92,2106,urban
DPD,30165,0.4,0.5,3109.5847921201566,3109.5847921201566,0.0,4.951012974183712,15.88,91,1757,urban
DPD,30167,0.4,0.5,4548.61275587726,4548.61275587726,0.0,5.368928981069905,16.37,138,2824,urban
DPD,30173,0.4,0.5,3042.0725720869623,3042.0725720869623,0.0,4.775461708125837,13.13,86,1708,urban
DPD,30177,0.4,0.5,2301.8161532682093,2301.8161532682093,0.0,3.576189607493106,12.44,75,1250,urban
DPD,30179,0.4,0.5,2402.9493976963904,2402.9493976963904,0.0,8.305970462175056,14.42,89,1256,suburban
DPD,30419,0.4,0.5,5350.888005691542,5350.888005691542,0.0,23.77191867081394,19.64,257,2858,suburban
DPD,30449,0.4,0.5,4115.648431001423,4115.648431001423,0.0,5.186686836161483,15.53,161,2554,urban
DPD,30453,0.4,0.5,3546.158276962033,3546.158276962033,0.0,9.157258958740025,18.23,137,1619,suburban
DPD,30455,0.4,0.5,3189.32194545774,3189.32194545774,0.0,6.967819653017212,19.47,151,1318,suburban
DPD,30457,0.4,0.5,3071.8681502213976,3071.8681502213976,0.0,6.068989648841514,18.69,130,1335,suburban
DPD,30459,0.4,0.5,2692.648089162524,2692.648089162524,0.0,7.274391190340525,16.25,119,1284,urban
DPD,30519,0.4,0.5,4359.743796141659,4359.743796141659,0.0,12.113461405690837,12.99,227,2540,urban
DPD,30539,0.4,0.5,3283.465182476126,3283.465182476126,0.0,19.21423828970633,9.52,156,1695,rural
DPD,30559,0.4,0.5,3964.267070732265,3964.267070732265,0.0,19.484913733542943,7.42,213,2467,suburban
DPD,30625,0.4,0.5,2879.61806243138,2879.61806243138,0.0,8.86389555258122,10.22,108,1405,urban
DPD,30627,0.4,0.5,1734.323815852828,1734.323815852828,0.0,3.390385523567528,8.59,77,971,suburban
DPD,30629,0.4,0.5,2209.7242260325893,2209.7242260325893,0.0,14.669809711755615,6.08,121,1173,suburban
DPD,30655,0.4,0.5,2902.8311877698657,2902.8311877698657,0.0,4.462508901721823,10.23,132,1537,suburban
DPD,30657,0.4,0.5,3254.827165454566,3254.827165454566,0.0,12.670949194485749,12.26,136,1866,rural
DPD,30659,0.4,0.5,2732.1680399331904,2732.1680399331904,0.0,11.3882150903338,8.73,122,1368,suburban
DPD,30823,0.4,0.5,4031.85332034608,4031.85332034608,0.0,12.528872220645557,25.25,211,1867,suburban
DPD,30826,0.4,0.5,4659.6772590054525,4659.6772590054525,0.0,56.38950461206911,27.87,212,1639,rural
DPD,30827,0.4,0.5,3693.9834286058103,3693.9834286058103,0.0,10.610683695060027,23.76,145,1601,suburban
DPD,30851,0.4,0.5,2392.8715311930196,2392.8715311930196,0.0,4.12190647126244,15.63,96,1281,suburban
DPD,30853,0.4,0.5,3054.623065805542,3054.623065805542,0.0,8.711379660258004,15.68,120,1470,suburban
DPD,30855,0.4,0.5,9651.557570967712,9651.557570967712,0.0,59.06346106841505,19.88,265,6668,suburban
DPD,30880,0.4,0.5,5651.747006229777,5651.747006229777,0.0,33.96099660372796,12.89,328,3235,suburban
DPD,30890,0.4,0.5,6923.102121964851,6923.102121964851,0.0,102.53407734275534,32.64,451,2726,rural
DPD,30900,0.4,0.5,7912.531093330155,7912.531093330155,0.0,173.55971997363926,25.52,515,2839,rural
DPD,30916,0.4,0.5,5505.336403799816,5505.336403799816,0.0,59.876286869182046,10.68,308,2914,suburban
DPD,30926,0.4,0.5,6146.851473398595,6146.851473398595,0.0,53.8021301528445,25.6,384,2637,rural
DPD,30938,0.4,0.5,5614.10632319326,5614.10632319326,0.0,153.22446344831192,17.56,317,2412,rural
DPD,30952,0.4,0.5,4651.5791758270425,4651.5791758270425,0.0,37.755537878390655,21.73,266,1895,suburban
DPD,30966,0.4,0.5,4054.5734078226283,4054.5734078226283,0.0,31.83238567652256,17.93,217,1807,rural
DPD,30974,0.4,0.5,4049.5746175540357,4049.5746175540357,0.0,53.82702268136371,28.84,224,1280,rural
DPD,30982,0.4,0.5,3635.1428609264503,3635.1428609264503,0.0,66.6831619829418,20.59,218,1278,rural
DPD,30989,0.4,0.5,4189.963023652114,4189.963023652114,0.0,43.13135688268341,25.63,242,1356,rural
DPD,31275,0.4,0.5,6310.744546848563,6310.744546848563,0.0,129.47251256919432,4.47,516,3643,suburban
DPD,31303,0.4,0.5,5298.7418231419815,5298.7418231419815,0.0,112.90680951768702,10.77,417,2491,rural
DPD,31311,0.4,0.5,4503.622414154428,4503.622414154428,0.0,139.34872865781722,17.19,336,1650,rural
DPD,31319,0.4,0.5,4393.641206526262,4393.641206526262,0.0,101.18549289373648,7.08,368,2115,rural
DPD,31515,0.4,0.5,8672.940895409381,8672.940895409381,0.0,125.1818077488354,38.45,488,3812,rural
DPD,31535,0.4,0.5,10736.90548199021,10736.90548199021,0.0,357.6158854957556,38.17,720,3582,rural
DPD,31832,0.4,0.5,6479.205569246742,6479.205569246742,0.0,159.3824695169613,30.86,456,2309,rural
FedEx,30159,0.4,0.5,12214.299279183924,12214.299279183924,0.0,10.98727508223965,11.75,273,9864,urban
FedEx,30161,0.4,0.5,5224.187237195072,5224.187237195072,0.0,1.7979843382791898,9.67,80,3810,urban
FedEx,30163,0.4,0.5,8257.65060106912,8257.65060106912,0.0,19.436906373559538,7.51,263,6210,urban
FedEx,30167,0.4,0.5,5175.6698343295675,5175.6698343295675,0.0,5.368928981069905,8.96,132,3775,urban
FedEx,30419,0.4,0.5,3306.0595520416546,3306.0595520416546,0.0,23.77191867081394,5.53,136,1709,suburban
FedEx,30449,0.4,0.5,5430.5021475969215,5430.5021475969215,0.0,12.46107802650201,12.7,204,3703,urban
FedEx,30453,0.4,0.5,3326.3835685835006,3326.3835685835006,0.0,9.157258958740025,10.07,106,1516,suburban
FedEx,30455,0.4,0.5,1959.2973539377524,1959.2973539377524,0.0,6.967819653017212,11.34,85,612,suburban
FedEx,30457,0.4,0.5,1996.1328134447208,1996.1328134447208,0.0,6.068989648841514,14.63,82,778,suburban
FedEx,30519,0.4,0.5,4147.606607808722,4147.606607808722,0.0,13.714884737746765,15.57,154,2372,urban
FedEx,30539,0.4,0.5,4110.789837016759,4110.789837016759,0.0,19.21423828970633,18.41,81,2429,rural
FedEx,30559,0.4,0.5,5375.733073538704,5375.733073538704,0.0,34.15472344529856,15.2,165,3144,suburban
FedEx,30625,0.4,0.5,3602.9465575642243,3602.9465575642243,0.0,12.254281076148748,12.66,134,2229,urban
FedEx,30655,0.4,0.5,3651.3066283117864,3651.3066283117864,0.0,15.85072399205562,11.41,144,2242,suburban
FedEx,30657,0.4,0.5,4510.957538899967,4510.957538899967,0.0,12.670949194485749,8.22,82,3429,rural
FedEx,30823,0.4,0.5,2013.2163655803622,2013.2163655803622,0.0,12.528872220645557,8.07,113,878,suburban
FedEx,30827,0.4,0.5,4491.66174623818,4491.66174623818,0.0,67.00018830712914,7.42,137,2757,suburban
FedEx,30853,0.4,0.5,4558.287686101956,4558.287686101956,0.0,12.833286131520444,4.82,152,3029,suburban
FedEx,30855,0.4,0.5,11164.944696921486,11164.944696921486,0.0,59.06346106841505,1.5,210,9970,suburban
FedEx,30880,0.4,0.5,6033.650689518244,6033.650689518244,0.0,33.96099660372796,22.05,184,3498,suburban
FedEx,30890,0.4,0.5,3937.614024274669,3937.614024274669,0.0,102.53407734275534,20.22,167,1281,rural
FedEx,30900,0.4,0.5,4467.0239843658765,4467.0239843658765,0.0,173.55971997363926,10.92,207,1597,rural
FedEx,30916,0.4,0.5,5459.16940205895,5459.16940205895,0.0,59.876286869182046,11.65,204,3245,suburban
FedEx,30926,0.4,0.5,3230.0558047592294,3230.0558047592294,0.0,53.8021301528445,10.98,152,1266,rural
FedEx,30938,0.4,0.5,5737.710883078335,5737.710883078335,0.0,153.22446344831192,16.47,151,3131,rural
FedEx,30952,0.4,0.5,2694.734755168253,2694.734755168253,0.0,37.755537878390655,17.01,132,979,suburban
FedEx,30966,0.4,0.5,2504.2719321468335,2504.2719321468335,0.0,31.83238567652256,18.53,102,1063,rural
FedEx,30974,0.4,0.5,2454.671117478426,2454.671117478426,0.0,53.82702268136371,23.36,94,802,rural
FedEx,30982,0.4,0.5,2716.2138956601093,2716.2138956601093,0.0,66.6831619829418,25.47,105,618,rural
FedEx,30989,0.4,0.5,2473.2391948618315,2473.2391948618315,0.0,43.13135688268341,16.61,128,876,rural
FedEx,31275,0.4,0.5,5422.493872435705,5422.493872435705,0.0,129.47251256919432,24.61,246,2133,suburban
FedEx,31303,0.4,0.5,3973.889348501275,3973.889348501275,0.0,112.90680951768702,23.03,195,1243,rural
FedEx,31311,0.4,0.5,3062.8021398398528,3062.8021398398528,0.0,139.34872865781722,33.34,113,675,rural
FedEx,31319,0.4,0.5,2817.067630852216,2817.067630852216,0.0,101.18549289373648,25.21,119,751,rural
FedEx,31515,0.4,0.5,5470.280769208987,5470.280769208987,0.0,125.1818077488354,19.63,249,2478,rural
FedEx,31535,0.4,0.5,6228.495098699879,6228.495098699879,0.0,357.6158854957556,17.87,237,2005,rural
FedEx,31832,0.4,0.5,4547.708372184966,4547.708372184966,0.0,159.3824695169613,29.81,182,1068,rural
GLS,30159,0.4,0.5,4840.335510593373,4840.335510593373,0.0,6.211813374113814,11.0,208,3332,urban
GLS,30161,0.4,0.5,3003.1123197883485,3003.1123197883485,0.0,1.7979843382791898,12.21,80,1649,urban
GLS,30163,0.4,0.5,4530.9209569497225,4530.9209569497225,0.0,6.17992293720077,13.11,162,2801,urban
GLS,30165,0.4,0.5,2518.402065806431,2518.402065806431,0.0,4.951012974183712,14.79,86,1358,urban
GLS,30167,0.4,0.5,3486.1823236641876,3486.1823236641876,0.0,5.368928981069905,13.23,133,2147,urban
GLS,30173,0.4,0.5,2554.876072428404,2554.876072428404,0.0,4.775461708125837,9.02,83,1424,urban
GLS,30179,0.4,0.5,2012.9451781141186,2012.9451781141186,0.0,8.305970462175056,15.58,89,1034,suburban
GLS,30419,0.4,0.5,5101.804856969734,5101.804856969734,0.0,23.77191867081394,17.6,248,2617,suburban
GLS,30449,0.4,0.5,3412.5020081467483,3412.5020081467483,0.0,5.186686836161483,10.84,150,1981,urban
GLS,30453,0.4,0.5,3168.728615727752,3168.728615727752,0.0,9.157258958740025,13.29,125,1373,suburban
GLS,30455,0.4,0.5,2732.89498767275,2732.89498767275,0.0,6.967819653017212,13.26,149,1201,suburban
GLS,30457,0.4,0.5,2344.3788154149365,2344.3788154149365,0.0,6.068989648841514,10.08,128,1189,suburban
GLS,30459,0.4,0.5,2084.898287419,2084.898287419,0.0,7.274391190340525,9.13,113,1169,urban
GLS,30519,0.4,0.5,3551.9496596439303,3551.9496596439303,0.0,13.714884737746765,6.3,224,2084,urban
GLS,30539,0.4,0.5,2580.3663075652257,2580.3663075652257,0.0,19.21423828970633,5.29,145,1310,rural
GLS,30559,0.4,0.5,3658.07773972127,3658.07773972127,0.0,19.484913733542943,8.92,208,2040,suburban
GLS,30625,0.4,0.5,2259.1204653397162,2259.1204653397162,0.0,8.86389555258122,10.34,105,1185,urban
GLS,30627,0.4,0.5,1778.1322716706136,1778.1322716706136,0.0,3.390385523567528,11.43,78,774,suburban
GLS,30629,0.4,0.5,2143.7517893568083,2143.7517893568083,0.0,14.669809711755615,12.94,116,1080,suburban
GLS,30655,0.4,0.5,2960.5284409044616,2960.5284409044616,0.0,4.462508901721823,13.05,124,1383,suburban
GLS,30657,0.4,0.5,2873.29432340711,2873.29432340711,0.0,12.670949194485749,16.66,127,1325,rural
GLS,30659,0.4,0.5,2313.189380462103,2313.189380462103,0.0,11.3882150903338,14.84,124,1138,suburban
GLS,30823,0.4,0.5,4081.0154973189988,4081.0154973189988,0.0,12.528872220645557,21.76,209,1687,suburban
GLS,30826,0.4,0.5,4802.849009920454,4802.849009920454,0.0,56.38950461206911,26.25,214,1480,rural
GLS,30827,0.4,0.5,3413.7429042160657,3413.7429042160657,0.0,10.610683695060027,22.43,133,1331,suburban
GLS,30851,0.4,0.5,2060.2946146334557,2060.2946146334557,0.0,4.12190647126244,17.37,95,1137,suburban
GLS,30853,0.4,0.5,2481.088173620477,2481.088173620477,0.0,8.711379660258004,18.94,117,1083,suburban
GLS,30855,0.4,0.5,8370.230959567252,8370.230959567252,0.0,58.08159729436245,22.3,262,5111,suburban
GLS,30880,0.4,0.5,4450.294123718125,4450.294123718125,0.0,33.96099660372796,1.58,305,2630,suburban
GLS,30890,0.4,0.5,6293.752660817818,6293.752660817818,0.0,102.53407734275534,23.44,436,2471,rural
GLS,30900,0.4,0.5,7176.610893793414,7176.610893793414,0.0,173.55971997363926,31.36,490,2487,rural
GLS,30916,0.4,0.5,5182.054562818042,5182.054562818042,0.0,59.876286869182046,19.31,308,2276,suburban
GLS,30926,0.4,0.5,5707.156100114085,5707.156100114085,0.0,53.8021301528445,20.06,381,2421,rural
GLS,30938,0.4,0.5,5298.987880460923,5298.987880460923,0.0,153.22446344831192,28.43,321,1873,rural
GLS,30952,0.4,0.5,4052.359581403284,4052.359581403284,0.0,37.755537878390655,11.4,259,1710,suburban
GLS,30966,0.4,0.5,3510.9395596477075,3510.9395596477075,0.0,31.83238567652256,6.33,220,1619,rural
GLS,30974,0.4,0.5,3101.933528043918,3101.933528043918,0.0,53.82702268136371,16.59,214,1120,rural
GLS,30982,0.4,0.5,2386.647671549595,2386.647671549595,0.0,66.6831619829418,6.34,209,1154,rural
GLS,30989,0.4,0.5,3148.477695946504,3148.477695946504,0.0,43.13135688268341,16.28,231,1172,rural
GLS,31275,0.4,0.5,6805.937726269975,6805.937726269975,0.0,129.47251256919432,17.38,507,3227,suburban
GLS,31303,0.4,0.5,5596.886925837495,5596.886925837495,0.0,112.90680951768702,24.81,407,2208,rural
GLS,31311,0.4,0.5,4871.049261225609,4871.049261225609,0.0,139.34872865781722,30.96,326,1483,rural
GLS,31319,0.4,0.5,4437.068207504176,4437.068207504176,0.0,101.18549289373648,11.04,357,1985,rural
GLS,31515,0.4,0.5,8050.858133283889,8050.858133283889,0.0,125.1818077488354,33.59,472,3284,rural
GLS,31535,0.4,0.5,10569.427946070218,10569.427946070218,0.0,357.6158854957556,38.52,705,3227,rural
GLS,31832,0.4,0.5,5153.98445539914,5153.98445539914,0.0,159.3824695169613,16.88,440,2069,rural
Hermes,30159,0.4,0.5,6103.311963748475,6103.311963748475,0.0,6.211813374113814,9.13,207,4412,urban
Hermes,30161,0.4,0.5,3205.3444612983394,3205.3444612983394,0.0,1.7979843382791898,7.9,80,2187,urban
Hermes,30163,0.4,0.5,3151.45637345559,3151.45637345559,0.0,2.603733329707664,6.63,93,2318,urban
Hermes,30165,0.4,0.5,3165.918762514473,3165.918762514473,0.0,4.951012974183712,5.34,89,1888,urban
Hermes,30167,0.4,0.5,4309.333549458941,4309.333549458941,0.0,5.368928981069905,7.27,135,2918,urban
Hermes,30173,0.4,0.5,3377.006730770633,3377.006730770633,0.0,4.775461708125837,11.08,82,1982,urban
Hermes,30177,0.4,0.5,2975.551858278056,2975.551858278056,0.0,3.576189607493106,7.86,76,1604,urban
Hermes,30179,0.4,0.5,2972.7332058248016,2972.7332058248016,0.0,8.305970462175056,5.02,88,1492,suburban
Hermes,30419,0.4,0.5,5546.714589306118,5546.714589306118,0.0,23.77191867081394,4.3,253,3791,suburban
Hermes,30449,0.4,0.5,4264.762288981972,4264.762288981972,0.0,5.186686836161483,9.65,147,2752,urban
Hermes,30453,0.4,0.5,3456.6569376644593,3456.6569376644593,0.0,9.157258958740025,8.55,127,1923,suburban
Hermes,30455,0.4,0.5,3386.0721023475717,3386.0721023475717,0.0,6.967819653017212,9.92,152,1769,suburban
Hermes,30457,0.4,0.5,3390.4448760059295,3390.4448760059295,0.0,6.068989648841514,13.07,130,1718,suburban
Hermes,30459,0.4,0.5,3359.004573372854,3359.004573372854,0.0,7.274391190340525,11.99,121,1718,urban
Hermes,30519,0.4,0.5,5162.317584328793,5162.317584328793,0.0,13.714884737746765,13.8,229,2920,urban
Hermes,30539,0.4,0.5,3748.1337976976,3748.1337976976,0.0,19.21423828970633,16.65,149,1846,rural
Hermes,30559,0.4,0.5,5370.925287647466,5370.925287647466,0.0,19.484913733542943,14.22,216,2928,suburban
Hermes,30625,0.4,0.5,3247.4589705680532,3247.4589705680532,0.0,8.86389555258122,10.86,112,1721,urban
Hermes,30627,0.4,0.5,1976.5200916772521,1976.5200916772521,0.0,3.390385523567528,11.3,80,1110,suburban
Hermes,30629,0.4,0.5,3288.097282907375,3288.097282907375,0.0,14.669809711755615,13.03,120,1544,suburban
Hermes,30655,0.4,0.5,3426.8003677575816,3426.8003677575816,0.0,4.462508901721823,9.19,134,1982,suburban
Hermes,30657,0.4,0.5,3245.628188162223,3245.628188162223,0.0,12.670949194485749,6.89,133,1834,rural
Hermes,30659,0.4,0.5,3215.6998845024846,3215.6998845024846,0.0,11.3882150903338,10.33,126,1587,suburban
Hermes,30823,0.4,0.5,3936.6042296322357,3936.6042296322357,0.0,12.528872220645557,8.05,216,2384,suburban
Hermes,30826,0.4,0.5,4191.43021519428,4191.43021519428,0.0,56.38950461206911,9.0,221,2156,rural
Hermes,30827,0.4,0.5,3247.3865843141566,3247.3865843141566,0.0,10.610683695060027,5.18,139,1865,suburban
Hermes,30851,0.4,0.5,2857.2114343496014,2857.2114343496014,0.0,4.12190647126244,3.44,95,1650,suburban
Hermes,30853,0.4,0.5,2627.454020793578,2627.454020793578,0.0,8.711379660258004,3.75,121,1477,suburban
Hermes,30855,0.4,0.5,8658.56494813409,8658.56494813409,0.0,58.08159729436245,2.52,261,7102,suburban
Hermes,30880,0.4,0.5,6718.354835871605,6718.354835871605,0.0,33.96099660372796,20.27,312,3668,suburban
Hermes,30890,0.4,0.5,7568.635969962485,7568.635969962485,0.0,102.53407734275534,19.74,454,3618,rural
Hermes,30900,0.4,0.5,7696.514876914835,7696.514876914835,0.0,173.55971997363926,12.32,527,3644,rural
Hermes,30916,0.4,0.5,5798.014253899346,5798.014253899346,0.0,59.876286869182046,10.8,310,3232,suburban
Hermes,30926,0.4,0.5,5981.497888198291,5981.497888198291,0.0,53.8021301528445,10.52,393,3537,rural
Hermes,30938,0.4,0.5,6007.684029332934,6007.684029332934,0.0,153.22446344831192,16.57,334,2656,rural
Hermes,30952,0.4,0.5,5277.6182452376,5277.6182452376,0.0,37.755537878390655,15.6,274,2488,suburban
Hermes,30966,0.4,0.5,4601.173469262583,4601.173469262583,0.0,31.83238567652256,16.87,229,2313,rural
Hermes,30974,0.4,0.5,4626.2307003590395,4626.2307003590395,0.0,53.82702268136371,22.19,228,1616,rural
Hermes,30982,0.4,0.5,4596.833861562218,4596.833861562218,0.0,66.6831619829418,23.78,220,1680,rural
Hermes,30989,0.4,0.5,4185.515150068637,4185.515150068637,0.0,43.13135688268341,15.58,242,1681,rural
Hermes,31275,0.4,0.5,9418.194923082388,9418.194923082388,0.0,129.47251256919432,23.26,528,4698,suburban
Hermes,31303,0.4,0.5,6888.21710469868,6888.21710469868,0.0,112.90680951768702,22.27,425,3161,rural
Hermes,31311,0.4,0.5,6231.959144058387,6231.959144058387,0.0,139.34872865781722,32.49,345,2196,rural
Hermes,31319,0.4,0.5,6653.523191455497,6653.523191455497,0.0,101.18549289373648,23.57,378,2907,rural
Hermes,31515,0.4,0.5,9098.73098096226,9098.73098096226,0.0,125.1818077488354,20.37,503,4758,rural
Hermes,31535,0.4,0.5,11828.260970846719,11828.260970846719,0.0,357.6158854957556,19.5,777,4780,rural
Hermes,31832,0.4,0.5,8226.290929342216,8226.290929342216,0.0,159.3824695169613,28.44,458,3015,rural
UPS,30159,0.4,0.5,14124.871351764605,14124.871351764605,0.0,10.98727508223965,10.54,282,11805,urban
UPS,30161,0.4,0.5,5917.055804797465,5917.055804797465,0.0,1.7979843382791898,8.59,80,4726,urban
UPS,30163,0.4,0.5,6504.720392897118,6504.720392897118,0.0,14.485893399375826,6.02,215,5283,urban
UPS,30165,0.4,0.5,3773.2492250252108,3773.2492250252108,0.0,4.951012974183712,6.57,77,2701,urban
UPS,30167,0.4,0.5,6006.644999548211,6006.644999548211,0.0,5.368928981069905,8.81,137,4551,urban
UPS,30419,0.4,0.5,3598.2785262855646,3598.2785262855646,0.0,23.77191867081394,7.09,153,2053,suburban
UPS,30449,0.4,0.5,6798.755020154903,6798.755020154903,0.0,12.46107802650201,12.33,209,4685,urban
UPS,30453,0.4,0.5,3375.021836857729,3375.021836857729,0.0,9.157258958740025,10.59,118,1821,suburban
UPS,30455,0.4,0.5,1985.0500139571805,1985.0500139571805,0.0,6.967819653017212,12.14,99,812,suburban
UPS,30457,0.4,0.5,2069.491599260607,2069.491599260607,0.0,6.068989648841514,14.87,93,1021,suburban
UPS,30519,0.4,0.5,4937.054841641878,4937.054841641878,0.0,13.714884737746765,14.32,178,3064,urban
UPS,30539,0.4,0.5,4533.06046911727,4533.06046911727,0.0,19.21423828970633,16.42,96,2701,rural
UPS,30559,0.4,0.5,5027.435680366569,5027.435680366569,0.0,19.484913733542943,13.47,141,3087,suburban
UPS,30625,0.4,0.5,4315.013444156701,4315.013444156701,0.0,12.254281076148748,10.42,148,2727,urban
UPS,30655,0.4,0.5,2121.9137816651596,2121.9137816651596,0.0,4.462508901721823,8.22,93,1218,suburban
UPS,30657,0.4,0.5,4786.350272484361,4786.350272484361,0.0,12.670949194485749,5.0,96,3745,rural
UPS,30659,0.4,0.5,3729.581575766453,3729.581575766453,0.0,26.058024802089417,10.16,158,2385,suburban
UPS,30823,0.4,0.5,2901.0492307771306,2901.0492307771306,0.0,12.528872220645557,11.23,141,1337,suburban
UPS,30826,0.4,0.5,2179.7117952412614,2179.7117952412614,0.0,56.38950461206911,11.69,77,1105,rural
UPS,30827,0.4,0.5,3291.825156956803,3291.825156956803,0.0,10.610683695060027,8.21,92,2105,suburban
UPS,30853,0.4,0.5,4885.572256538386,4885.572256538386,0.0,12.833286131520444,2.1,167,3668,suburban
UPS,30855,0.4,0.5,12372.313669298126,12372.313669298126,0.0,59.06346106841505,2.73,226,11475,suburban
UPS,30880,0.4,0.5,7164.597554373629,7164.597554373629,0.0,33.96099660372796,20.44,221,4190,suburban
UPS,30890,0.4,0.5,4686.02421265492,4686.02421265492,0.0,102.53407734275534,22.83,246,1795,rural
UPS,30900,0.4,0.5,5252.628048739307,5252.628048739307,0.0,173.55971997363926,10.9,296,2208,rural
UPS,30916,0.4,0.5,6109.051569407693,6109.051569407693,0.0,59.876286869182046,7.96,236,4019,suburban
UPS,30926,0.4,0.5,3963.3498677038015,3963.3498677038015,0.0,53.8021301528445,13.64,194,1634,rural
UPS,30938,0.4,0.5,6063.945568650633,6063.945568650633,0.0,153.22446344831192,13.43,195,3590,rural
UPS,30952,0.4,0.5,3731.55368849277,3731.55368849277,0.0,37.755537878390655,17.72,163,1329,suburban
UPS,30966,0.4,0.5,3533.856164661857,3533.856164661857,0.0,31.83238567652256,18.2,136,1386,rural
UPS,30974,0.4,0.5,3208.8293030723075,3208.8293030723075,0.0,53.82702268136371,24.68,134,1072,rural
UPS,30982,0.4,0.5,3007.173952156455,3007.173952156455,0.0,66.6831619829418,24.88,141,878,rural
UPS,30989,0.4,0.5,3364.1454124269208,3364.1454124269208,0.0,43.13135688268341,18.29,160,1191,rural
UPS,31275,0.4,0.5,6734.00020753597,6734.00020753597,0.0,129.47251256919432,21.19,339,2904,suburban
UPS,31303,0.4,0.5,4633.075702530725,4633.075702530725,0.0,112.90680951768702,19.35,259,1804,rural
UPS,31311,0.4,0.5,3968.942591958489,3968.942591958489,0.0,139.34872865781722,29.65,195,1062,rural
UPS,31319,0.4,0.5,3441.882252785476,3441.882252785476,0.0,101.18549289373648,22.42,153,1055,rural
UPS,31515,0.4,0.5,6718.456041625136,6718.456041625136,0.0,125.1818077488354,23.29,321,3281,rural
UPS,31535,0.4,0.5,8009.28273019456,8009.28273019456,0.0,357.6158854957556,20.99,322,2571,rural
UPS,31832,0.4,0.5,5227.687081644636,5227.687081644636,0.0,159.3824695169613,30.54,251,1605,rural
DHL,30159,0.0,0.6,21573.536298787283,21973.50194568585,1.8202180421090945,6.211813374113814,2.18,221,23058,urban
DHL,30161,0.0,0.6,10573.802992440505,10909.00812046849,3.0727369924589376,1.7979843382791898,1.04,84,11554,urban
DHL,30163,0.0,0.6,9966.94216059116,9914.04927442146,-0.5335144571670005,2.603733329707664,1.7,95,10484,urban
DHL,30165,0.0,0.6,8127.460401224465,8565.397376626115,5.1128623243648255,4.951012974183712,1.88,94,8599,urban
DHL,30167,0.0,0.6,13101.59320129781,13540.33589751315,3.240264492226673,5.368928981069905,1.39,142,13892,urban
DHL,30169,0.0,0.6,5133.771034342667,5441.748523674446,5.659531821287151,2.9960433745102675,2.4,76,5294,urban
DHL,30173,0.0,0.6,8655.642798916815,8900.020227394843,2.745807562614506,4.775461708125837,3.83,88,8547,urban
DHL,30177,0.0,0.6,6209.653323140807,6717.193405547422,7.55583547717208,3.576189607493106,2.83,80,6260,urban
DHL,30179,0.0,0.6,6419.563783531301,7015.019470078845,8.488296990298327,8.305970462175056,3.55,96,6322,suburban
DHL,30419,0.0,0.6,15040.322416899062,15260.397562746597,1.4421324539065652,23.77191867081394,5.16,274,14775,suburban
DHL,30449,0.0,0.6,7329.8655098057125,7432.014762814106,1.3744490056652534,2.190643461651216,1.56,91,7431,urban
DHL,30453,0.0,0.6,8204.514113623709,8728.871611104647,6.007162447135364,9.157258958740025,2.98,148,8150,suburban
DHL,30455,0.0,0.6,6855.47381991729,7560.480077937329,9.324887450961725,6.967819653017212,3.04,160,6748,suburban
DHL,30457,0.0,0.6,6685.502912139764,7333.849598031452,8.840468804619569,6.068989648841514,2.4,139,6736,suburban
DHL,30459,0.0,0.6,6672.439831314835,6748.368740605874,1.1251446417586015,7.274391190340525,1.24,125,6561,urban
DHL,30519,0.0,0.6,12911.446823330283,13335.327593044716,3.178630346775401,13.714884737746765,5.03,248,12645,urban
DHL,30539,0.0,0.6,8891.533865567291,9296.282509988963,4.353876336984864,19.21423828970633,3.99,164,8372,rural
DHL,30559,0.0,0.6,12561.633581065307,12462.482929522981,-0.795593078065073,19.484913733542943,1.93,224,12320,suburban
DHL,30625,0.0,0.6,7223.851570318534,8084.182917612831,10.64215587477508,8.86389555258122,4.99,117,7084,urban
DHL,30627,0.0,0.6,5194.715126137364,5566.459185356654,6.678285905647438,3.390385523567528,4.61,82,4809,suburban
DHL,30629,0.0,0.6,6381.932254714704,6830.019894903581,6.560561273375367,14.669809711755615,4.28,124,5907,suburban
DHL,30655,0.0,0.6,7974.858233434332,8770.048460462032,9.06711326183262,4.462508901721823,5.25,139,7945,suburban
DHL,30657,0.0,0.6,9226.981434744379,9997.913539537092,7.710929902964613,12.670949194485749,6.56,140,9056,rural
DHL,30659,0.0,0.6,7538.623178346731,7841.281218861646,3.8598034181823855,11.3882150903338,7.01,131,6829,suburban
DHL,30823,0.0,0.6,10346.182409285351,10202.29191336214,-1.410374229096064,12.528872220645557,3.26,227,9437,suburban
DHL,30826,0.0,0.6,9131.303024049515,9289.171862330428,1.699493136962016,56.38950461206911,1.44,239,8281,rural
DHL,30827,0.0,0.6,8514.034205193486,8499.259441991915,-0.17383588890784685,10.610683695060027,3.25,153,8048,suburban
DHL,30851,0.0,0.6,6795.8403376221795,7091.396611882496,4.167814754079269,4.12190647126244,5.02,97,6654,suburban
DHL,30853,0.0,0.6,7435.311675887195,8087.121413003322,8.059848539779303,8.711379660258004,6.98,132,7164,suburban
DHL,30855,0.0,0.6,33345.70659492492,33181.974645551454,-0.4934364248133113,59.06346106841505,5.9,278,32854,suburban
DHL,30880,0.0,0.6,17345.058550081743,17626.17972557684,1.5949070069174978,33.96099660372796,5.11,360,16161,suburban
DHL,30890,0.0,0.6,15913.666338656987,16098.044263724361,1.1453436333434301,102.53407734275534,4.73,504,13989,rural
DHL,30900,0.0,0.6,17191.629147484076,17593.529073393336,2.284362189261121,173.55971997363926,4.94,590,14609,rural
DHL,30916,0.0,0.6,16442.270932671792,17062.590954336305,3.63555583864515,59.876286869182046,11.0,355,14499,suburban
DHL,30926,0.0,0.6,14393.072387316146,14775.4174568136,2.587710774433234,53.8021301528445,0.37,429,13519,rural
DHL,30938,0.0,0.6,14446.563377493509,14888.20103197316,2.9663600963690118,153.22446344831192,10.53,355,12030,rural
DHL,30952,0.0,0.6,10193.834219526481,11029.332668750209,7.575240264453841,37.755537878390655,5.68,286,9709,suburban
DHL,30966,0.0,0.6,10516.276073748117,10564.896592403224,0.4602081831077071,31.83238567652256,5.52,237,9182,rural
DHL,30974,0.0,0.6,7171.411413523903,7602.589230059956,5.671460123496011,53.82702268136371,1.4,244,6515,rural
DHL,30982,0.0,0.6,7472.351035366091,8026.683955967339,6.906126161715084,66.6831619829418,2.77,239,6551,rural
DHL,30989,0.0,0.6,7886.749560196631,8197.588934134921,3.7918389960241696,43.13135688268341,5.72,271,6841,rural
DHL,31275,0.0,0.6,20223.4486612163,20490.51279819747,1.303355067837367,129.47251256919432,2.93,571,18743,suburban
DHL,31303,0.0,0.6,14120.912259852987,14494.326252546625,2.576276994096435,112.90680951768702,1.84,468,12605,rural
DHL,31311,0.0,0.6,10273.778749959823,10485.698502104207,2.0210361007600697,139.34872865781722,3.81,380,8577,rural
DHL,31319,0.0,0.6,12094.303153404215,12204.762656945873,0.9050524508053003,101.18549289373648,0.58,411,10967,rural
DHL,31515,0.0,0.6,20681.347545463617,21088.897809861297,1.9325346828088223,125.1818077488354,5.28,537,19286,rural
DHL,31535,0.0,0.6,22534.697595050704,22512.716761824166,-0.09763740848822064,357.6158854957556,5.5,880,18533,rural
DHL,31832,0.0,0.6,13935.00349244479,14457.781202836444,3.6158916991294032,159.3824695169613,4.65,515,11902,rural
Amazon,30159,0.0,0.6,11700.357198492118,11555.196270293998,-1.2562393991636345,6.211813374113814,13.81,221,9019,urban
Amazon,30161,0.0,0.6,5980.690161576745,6224.7449789257325,3.920719935921084,1.7979843382791898,12.74,83,4512,urban
Amazon,30163,0.0,0.6,5717.107084616054,5889.0064831046275,2.91898810065412,2.603733329707664,12.41,93,4469,urban
Amazon,30165,0.0,0.6,4863.301132090476,4750.233821598029,-2.380247262321292,4.951012974183712,10.52,92,3574,urban
Amazon,30167,0.0,0.6,7407.24269481557,7175.254343343608,-3.2331725172526444,5.368928981069905,10.65,139,5730,urban
Amazon,30173,0.0,0.6,5025.955621368704,5164.654397653723,2.6855383846793237,4.775461708125837,15.11,87,3759,urban
Amazon,30177,0.0,0.6,4113.01164124404,4343.242376782357,5.300895404066312,3.576189607493106,13.99,79,2906,urban
Amazon,30179,0.0,0.6,4073.9433192715187,4390.652005410074,7.213249552647602,8.305970462175056,12.08,95,2781,suburban
Amazon,30419,0.0,0.6,8519.368501277868,8519.368501277868,0.0,23.77191867081394,6.74,265,6859,suburban
Amazon,30449,0.0,0.6,6934.9054768668975,7005.60345798299,1.009163329613401,5.186686836161483,12.61,159,5275,urban
Amazon,30453,0.0,0.6,5139.507177251147,4970.930164967193,-3.3912569014146783,9.157258958740025,9.82,139,3593,suburban
Amazon,30455,0.0,0.6,4323.020653432985,4820.378887430032,10.317824503256256,6.967819653017212,9.84,158,3165,suburban
Amazon,30457,0.0,0.6,4404.213797203206,4934.7989617734975,10.751910436075933,6.068989648841514,13.37,135,3134,suburban
Amazon,30459,0.0,0.6,4364.2522306431365,4858.408897775894,10.1711625663903,7.274391190340525,13.92,124,3087,urban
Amazon,30519,0.0,0.6,7932.843503016305,8140.269152347262,2.5481423949126554,13.714884737746765,17.38,242,5508,urban
Amazon,30539,0.0,0.6,5124.718664728629,5821.859629336905,11.974540936976839,19.21423828970633,21.37,157,3516,rural
Amazon,30559,0.0,0.6,7749.13599460689,8252.52270516162,6.099791888362604,19.484913733542943,20.15,222,5369,suburban
Amazon,30625,0.0,0.6,4693.454653133736,4932.584335545381,4.8479593281035,8.86389555258122,16.66,114,3180,urban
Amazon,30627,0.0,0.6,3347.2897625407318,3472.360903435115,3.601904996990763,3.390385523567528,17.89,79,2090,suburban
Amazon,30629,0.0,0.6,3983.5841843208673,4629.145185289602,13.945576885775461,14.669809711755615,20.32,122,2757,suburban
Amazon,30655,0.0,0.6,4882.563283123909,5061.237427944449,3.530246256262004,4.462508901721823,16.14,137,3642,suburban
Amazon,30657,0.0,0.6,5222.736429916989,5227.080664344542,0.08311014706901303,12.670949194485749,15.05,138,3559,rural
Amazon,30659,0.0,0.6,4343.533853989958,4975.003626465991,12.692850495962352,11.3882150903338,18.11,130,3002,suburban
Amazon,30823,0.0,0.6,5683.671890963076,5705.037154540299,0.3744982372326705,12.528872220645557,1.29,222,4370,suburban
Amazon,30826,0.0,0.6,5139.856959614738,5673.254342811335,9.40196492111221,56.38950461206911,3.98,233,3852,rural
Amazon,30827,0.0,0.6,4631.714140359857,4536.061456785562,-2.108716658395511,10.610683695060027,3.78,150,3498,suburban
Amazon,30851,0.0,0.6,3959.8357111085743,4490.007090916008,11.807807183201419,4.12190647126244,11.33,96,3032,suburban
Amazon,30853,0.0,0.6,4205.981282905912,4319.068900643669,2.6183332643964854,8.711379660258004,12.37,128,2911,suburban
Amazon,30855,0.0,0.6,16244.345238115564,16244.345238115564,0.0,59.06346106841505,9.96,271,13592,suburban
Amazon,30880,0.0,0.6,9967.688043789347,11278.054808972109,11.618730245399382,33.96099660372796,23.78,345,6971,suburban
Amazon,30890,0.0,0.6,9090.038377366067,10080.548522471709,9.825954836659747,102.53407734275534,12.55,490,6502,rural
Amazon,30900,0.0,0.6,9723.423764079402,12085.38072969665,19.543918544604548,173.55971997363926,17.55,570,6667,rural
Amazon,30916,0.0,0.6,8610.489779585798,9904.82527723206,13.067726703079899,59.876286869182046,19.41,344,6164,suburban
Amazon,30926,0.0,0.6,8499.133914836693,8752.96361616949,2.8999286694610924,53.8021301528445,4.34,415,6338,rural
Amazon,30938,0.0,0.6,8645.128129662651,9384.90809448861,7.882655401392825,153.22446344831192,24.95,346,5072,rural
Amazon,30952,0.0,0.6,6425.919870672055,7076.623355325187,9.19511258379287,37.755537878390655,14.14,275,4476,suburban
Amazon,30966,0.0,0.6,6023.077942299267,6955.194722247112,13.401735209027942,31.83238567652256,17.79,233,4221,rural
Amazon,30974,0.0,0.6,4375.326363940404,5436.138154721389,19.514069741948145,53.82702268136371,18.26,240,2971,rural
Amazon,30982,0.0,0.6,4843.233008476242,6084.06789519755,20.39482313635519,66.6831619829418,24.57,233,3044,rural
Amazon,30989,0.0,0.6,4450.557048687175,5499.955907320829,19.08013221045701,43.13135688268341,11.39,265,3112,rural
Amazon,31275,0.0,0.6,13106.185753749149,14129.512676709497,7.242478536766225,129.47251256919432,30.8,550,8588,suburban
Amazon,31303,0.0,0.6,8605.00133763264,10291.231205914351,16.38511305928719,112.90680951768702,30.88,449,5793,rural
Amazon,31311,0.0,0.6,8013.014783913643,8790.113460938559,8.840598935135262,139.34872865781722,40.99,367,3965,rural
Amazon,31319,0.0,0.6,8048.2526109659075,9320.815628099372,13.652914808196408,101.18549289373648,29.57,396,5228,rural
Amazon,31515,0.0,0.6,12450.58174407703,12450.58174407703,0.0,125.1818077488354,12.09,525,8733,rural
Amazon,31535,0.0,0.6,15108.752416182659,15851.91067139521,4.6881304759910165,357.6158854957556,16.13,834,8625,rural
Amazon,31832,0.0,0.6,9639.599466052177,11355.500473785536,15.110747533273061,159.3824695169613,25.63,491,5466,rural
DPD,30159,0.0,0.6,6288.035065636551,6656.069904499083,5.529311502779803,6.211813374113814,13.32,219,4783,urban
DPD,30161,0.0,0.6,3374.8558971070956,3438.6384541878197,1.8548782586620893,1.7979843382791898,14.05,84,2359,urban
DPD,30163,0.0,0.6,2824.6061417915257,3176.704105051865,11.083750693065912,2.603733329707664,14.01,92,2106,urban
DPD,30165,0.0,0.6,2504.8300362246646,3109.5847921201566,19.448087005955614,4.951012974183712,15.88,91,1757,urban
DPD,30167,0.0,0.6,4069.025645921304,4548.61275587726,10.543590665885576,5.368928981069905,16.37,138,2824,urban
DPD,30173,0.0,0.6,2551.231239411934,3042.0725720869623,16.13509609135639,4.775461708125837,13.13,86,1708,urban
DPD,30177,0.0,0.6,1845.0694583787692,2301.8161532682093,19.842883378889017,3.576189607493106,12.44,75,1250,urban
DPD,30179,0.0,0.6,1899.011288485699,2402.9493976963904,20.97164882846873,8.305970462175056,14.42,89,1256,suburban
DPD,30419,0.0,0.6,4347.8890264814945,5350.888005691542,18.74453320912706,23.77191867081394,19.64,257,2858,suburban
DPD,30449,0.0,0.6,3744.4733400060427,4115.648431001423,9.018629681764768,5.186686836161483,15.53,161,2554,urban
DPD,30453,0.0,0.6,2574.640659389411,3546.158276962033,27.39634110198019,9.157258958740025,18.23,137,1619,suburban
DPD,30455,0.0,0.6,2324.818510306547,3189.32194545774,27.10618275406239,6.967819653017212,19.47,151,1318,suburban
DPD,30457,0.0,0.6,2198.086664634908,3071.8681502213976,28.444628573121335,6.068989648841514,18.69,130,1335,suburban
DPD,30459,0.0,0.6,2046.616938049898,2692.648089162524,23.992409320504876,7.274391190340525,16.25,119,1284,urban
DPD,30519,0.0,0.6,3745.0745928333163,4359.743796141659,14.098745982557976,12.113461405690837,12.99,227,2540,urban
DPD,30539,0.0,0.6,2594.590885933851,3283.465182476126,20.98010054191533,19.21423828970633,9.52,156,1695,rural
DPD,30559,0.0,0.6,3537.317846460906,3964.267070732265,10.769940991702523,19.484913733542943,7.42,213,2467,suburban
DPD,30625,0.0,0.6,2329.0365934551514,2879.61806243138,19.11994775138166,8.86389555258122,10.22,108,1405,urban
DPD,30627,0.0,0.6,1676.8035691327564,1734.323815852828,3.3165805713039136,3.390385523567528,8.59,77,971,suburban
DPD,30629,0.0,0.6,1702.5701261534634,2209.7242260325893,22.95101324882005,14.669809711755615,6.08,121,1173,suburban
DPD,30655,0.0,0.6,2333.583717260294,2902.8311877698657,19.610078357567275,4.462508901721823,10.23,132,1537,suburban
DPD,30657,0.0,0.6,2856.169709663662,3254.827165454566,12.248191241061729,12.670949194485749,12.26,136,1866,rural
DPD,30659,0.0,0.6,2169.493715307556,2732.1680399331904,20.59442597972097,11.3882150903338,8.73,122,1368,suburban
DPD,30823,0.0,0.6,3121.9755161591943,4031.85332034608,22.567234765097684,12.528872220645557,25.25,211,1867,suburban
DPD,30826,0.0,0.6,3037.0727027792987,4659.6772590054525,34.82225197228526,56.38950461206911,27.87,212,1639,rural
DPD,30827,0.0,0.6,2633.0214203814394,3693.9834286058103,28.721352673333488,10.610683695060027,23.76,145,1601,suburban
DPD,30851,0.0,0.6,2149.6081985714036,2392.8715311930196,10.166167696446772,4.12190647126244,15.63,96,1281,suburban
DPD,30853,0.0,0.6,2497.1419359698616,3054.623065805542,18.25040660748974,8.711379660258004,15.68,120,1470,suburban
DPD,30855,0.0,0.6,9155.279082723118,9651.557570967712,5.141952318011555,59.06346106841505,19.88,265,6668,suburban
DPD,30880,0.0,0.6,4763.197272417532,5651.747006229777,15.721682743987287,33.96099660372796,12.89,328,3235,suburban
DPD,30890,0.0,0.6,4909.887162069591,6923.102121964851,29.079665797619175,102.53407734275534,32.64,451,2726,rural
DPD,30900,0.0,0.6,5454.97040573919,7912.531093330155,31.059096749238165,173.55971997363926,25.52,515,2839,rural
DPD,30916,0.0,0.6,4443.3068676122275,5505.336403799816,19.290910823443408,59.876286869182046,10.68,308,2914,suburban
DPD,30926,0.0,0.6,4489.509091838159,6146.851473398595,26.96246019173928,53.8021301528445,25.6,384,2637,rural
DPD,30938,0.0,0.6,4184.520293118299,5614.10632319326,25.464178050369085,153.22446344831192,17.56,317,2412,rural
DPD,30952,0.0,0.6,3284.586144614395,4651.5791758270425,29.387719300071865,37.755537878390655,21.73,266,1895,suburban
DPD,30966,0.0,0.6,3077.6742784318667,4054.5734078226283,24.093758606170415,31.83238567652256,17.93,217,1807,rural
DPD,30974,0.0,0.6,2769.2806055731703,4049.5746175540357,31.615518490042536,53.82702268136371,28.84,224,1280,rural
DPD,30982,0.0,0.6,2673.1462966052572,3635.1428609264503,26.463789763575324,66.6831619829418,20.59,218,1278,rural
DPD,30989,0.0,0.6,2820.5053295547796,4189.963023652114,32.6842429483702,43.13135688268341,25.63,242,1356,rural
DPD,31275,0.0,0.6,5597.14887390832,6310.744546848563,11.307630464880663,129.47251256919432,4.47,516,3643,suburban
DPD,31303,0.0,0.6,4143.496980772315,5298.7418231419815,21.802248173787117,112.90680951768702,10.77,417,2491,rural
DPD,31311,0.0,0.6,3196.9832349190046,4503.622414154428,29.013071236362734,139.34872865781722,17.19,336,1650,rural
DPD,31319,0.0,0.6,3391.1304241464327,4393.641206526262,22.817311092464987,101.18549289373648,7.08,368,2115,rural
DPD,31515,0.0,0.6,6775.77993363068,8672.940895409381,21.874482769539867,125.1818077488354,38.45,488,3812,rural
DPD,31535,0.0,0.6,7452.52695332547,10736.90548199021,30.58961945947896,357.6158854957556,38.17,720,3582,rural
DPD,31832,0.0,0.6,4615.063880524262,6479.205569246742,28.77114591903898,159.3824695169613,30.86,456,2309,rural
FedEx,30159,0.0,0.6,11800.52237252441,12214.299279183924,3.387643426788209,10.98727508223965,11.75,273,9864,urban
FedEx,30161,0.0,0.6,4996.850263015347,5224.187237195072,4.351623781037851,1.7979843382791898,9.67,80,3810,urban
FedEx,30163,0.0,0.6,7282.614778985058,8257.65060106912,11.807666238116477,19.436906373559538,7.51,263,6210,urban
FedEx,30167,0.0,0.6,4610.611075582563,5175.6698343295675,10.91759669442283,5.368928981069905,8.96,132,3775,urban
FedEx,30419,0.0,0.6,2167.5597865252926,3306.0595520416546,34.43675915678174,23.77191867081394,5.53,136,1709,suburban
FedEx,30449,0.0,0.6,4700.364932611149,5430.5021475969215,13.445114192779927,12.46107802650201,12.7,204,3703,urban
FedEx,30453,0.0,0.6,2231.629271050935,3326.3835685835006,32.911246552325686,9.157258958740025,10.07,106,1516,suburban
FedEx,30455,0.0,0.6,1249.8048313234729,1959.2973539377524,36.211579686378755,6.967819653017212,11.34,85,612,suburban
FedEx,30457,0.0,0.6,1332.879082575118,1996.1328134447208,33.22693391954355,6.068989648841514,14.63,82,778,suburban
FedEx,30519,0.0,0.6,3591.101131876979,4147.606607808722,13.417508663526757,13.714884737746765,15.57,154,2372,urban
FedEx,30539,0.0,0.6,3587.980645563782,4110.789837016759,12.717974213743416,19.21423828970633,18.41,81,2429,rural
FedEx,30559,0.0,0.6,4281.8457203364,5375.733073538704,20.34861735577632,34.15472344529856,15.2,165,3144,suburban
FedEx,30625,0.0,0.6,3135.0781280589254,3602.9465575642243,12.985716608064315,12.254281076148748,12.66,134,2229,urban
FedEx,30655,0.0,0.6,2930.3431690584443,3651.3066283117864,19.74535509187531,15.85072399205562,11.41,144,2242,suburban
FedEx,30657,0.0,0.6,4526.853699262427,4510.957538899967,-0.3523899355154592,12.670949194485749,8.22,82,3429,rural
FedEx,30823,0.0,0.6,1297.8141154715634,2013.2163655803622,35.53528882140621,12.528872220645557,8.07,113,878,suburban
FedEx,30827,0.0,0.6,3704.2236647787618,4491.66174623818,17.531108216661842,67.00018830712914,7.42,137,2757,suburban
FedEx,30853,0.0,0.6,3673.50152311236,4558.287686101956,19.410494113552225,12.833286131520444,4.82,152,3029,suburban
FedEx,30855,0.0,0.6,10762.237448785349,11164.944696921486,3.606889770328876,59.06346106841505,1.5,210,9970,suburban
FedEx,30880,0.0,0.6,5553.581361718222,6033.650689518244,7.9565316672045,33.96099660372796,22.05,184,3498,suburban
FedEx,30890,0.0,0.6,2321.4735657039287,3937.614024274669,41.043648478686094,102.53407734275534,20.22,167,1281,rural
FedEx,30900,0.0,0.6,2554.6528653495175,4467.0239843658765,42.81085406546866,173.55971997363926,10.92,207,1597,rural
FedEx,30916,0.0,0.6,4293.064809804986,5459.16940205895,21.360476408996625,59.876286869182046,11.65,204,3245,suburban
FedEx,30926,0.0,0.6,1974.452437485311,3230.0558047592294,38.87249766471177,53.8021301528445,10.98,152,1266,rural
FedEx,30938,0.0,0.6,4437.945836238286,5737.710883078335,22.653024408624677,153.22446344831192,16.47,151,3131,rural
FedEx,30952,0.0,0.6,1775.0522793875973,2694.734755168253,34.12886830575029,37.755537878390655,17.01,132,979,suburban
FedEx,30966,0.0,0.6,1747.7886748166738,2504.2719321468335,30.20771217451814,31.83238567652256,18.53,102,1063,rural
FedEx,30974,0.0,0.6,1511.8249219200998,2454.671117478426,38.410285958261895,53.82702268136371,23.36,94,802,rural
FedEx,30982,0.0,0.6,1552.8123960714913,2716.2138956601093,42.83173359239007,66.6831619829418,25.47,105,618,rural
FedEx,30989,0.0,0.6,1474.2603127617776,2473.2391948618315,40.391519112888,43.13135688268341,16.61,128,876,rural
FedEx,31275,0.0,0.6,3444.1538170931562,5422.493872435705,36.483951884189175,129.47251256919432,24.61,246,2133,suburban
FedEx,31303,0.0,0.6,2311.9701568597866,3973.889348501275,41.8209730038978,112.90680951768702,23.03,195,1243,rural
FedEx,31311,0.0,0.6,1683.8632632908666,3062.8021398398528,45.0221337713016,139.34872865781722,33.34,113,675,rural
FedEx,31319,0.0,0.6,1605.5151972372817,2817.067630852216,43.00757356146316,101.18549289373648,25.21,119,751,rural
FedEx,31515,0.0,0.6,3900.1630446160934,5470.280769208987,28.702689877103616,125.1818077488354,19.63,249,2478,rural
FedEx,31535,0.0,0.6,3742.8270312090567,6228.495098699879,39.90800390947847,357.6158854957556,17.87,237,2005,rural
FedEx,31832,0.0,0.6,2363.8677934626603,4547.708372184966,48.02068206658269,159.3824695169613,29.81,182,1068,rural
GLS,30159,0.0,0.6,4605.4686948294875,4840.335510593373,4.852283798300041,6.211813374113814,11.0,208,3332,urban
GLS,30161,0.0,0.6,2408.1200652933644,3003.1123197883485,19.812520849600375,1.7979843382791898,12.21,80,1649,urban
GLS,30163,0.0,0.6,4007.465313064974,4530.9209569497225,11.552963489284659,6.17992293720077,13.11,162,2801,urban
GLS,30165,0.0,0.6,2085.2524211235436,2518.402065806431,17.199384108040995,4.951012974183712,14.79,86,1358,urban
GLS,30167,0.0,0.6,3135.465404427402,3486.1823236641876,10.060200146622307,5.368928981069905,13.23,133,2147,urban
GLS,30173,0.0,0.6,2353.9825591100152,2554.876072428404,7.863141210111213,4.775461708125837,9.02,83,1424,urban
GLS,30179,0.0,0.6,1688.1208053189762,2012.9451781141186,16.136771946241613,8.305970462175056,15.58,89,1034,suburban
GLS,30419,0.0,0.6,4218.538036887022,5101.804856969734,17.31283035798701,23.77191867081394,17.6,248,2617,suburban
GLS,30449,0.0,0.6,3290.8160744940783,3412.5020081467483,3.56588606723648,5.186686836161483,10.84,150,1981,urban
GLS,30453,0.0,0.6,2491.3166037733617,3168.728615727752,21.378038137823026,9.157258958740025,13.29,125,1373,suburban
GLS,30455,0.0,0.6,2146.235516526047,2732.89498767275,21.466593988899827,6.967819653017212,13.26,149,1201,suburban
GLS,30457,0.0,0.6,1833.132202358037,2344.3788154149365,21.807338033227065,6.068989648841514,10.08,128,1189,suburban
GLS,30459,0.0,0.6,1812.1323832261737,2084.898287419,13.082935788224804,7.274391190340525,9.13,113,1169,urban
GLS,30519,0.0,0.6,3071.1876930568924,3551.9496596439303,13.53515710116321,13.714884737746765,6.3,224,2084,urban
GLS,30539,0.0,0.6,2298.049625839684,2580.3663075652257,10.940953650566358,19.21423828970633,5.29,145,1310,rural
GLS,30559,0.0,0.6,3139.70729750462,3658.07773972127,14.170569329019996,19.484913733542943,8.92,208,2040,suburban
GLS,30625,0.0,0.6,1826.0101815213984,2259.1204653397162,19.171632963503285,8.86389555258122,10.34,105,1185,urban
GLS,30627,0.0,0.6,1504.532838133715,1778.1322716706136,15.386899945291642,3.390385523567528,11.43,78,774,suburban
GLS,30629,0.0,0.6,1798.2076582845639,2143.7517893568083,16.11866321408032,14.669809711755615,12.94,116,1080,suburban
GLS,30655,0.0,0.6,2165.6699346655114,2960.5284409044616,26.84853471619126,4.462508901721823,13.05,124,1383,suburban
GLS,30657,0.0,0.6,2178.31853656762,2873.29432340711,24.18742073089811,12.670949194485749,16.66,127,1325,rural
GLS,30659,0.0,0.6,1819.9253226409728,2313.189380462103,21.323980733587476,11.3882150903338,14.84,124,1138,suburban
GLS,30823,0.0,0.6,2962.524109043854,4081.0154973189988,27.407183065340767,12.528872220645557,21.76,209,1687,suburban
GLS,30826,0.0,0.6,2980.644646998792,4802.849009920454,37.94007180233721,56.38950461206911,26.25,214,1480,rural
GLS,30827,0.0,0.6,2431.0224711739834,3413.7429042160657,28.78718347033093,10.610683695060027,22.43,133,1331,suburban
GLS,30851,0.0,0.6,1831.078007495861,2060.2946146334557,11.125428640620624,4.12190647126244,17.37,95,1137,suburban
GLS,30853,0.0,0.6,1886.7913467804055,2481.088173620477,23.953071606191887,8.711379660258004,18.94,117,1083,suburban
GLS,30855,0.0,0.6,8003.50987638261,8370.230959567252,4.381254053276471,58.08159729436245,22.3,262,5111,suburban
GLS,30880,0.0,0.6,3910.700191002034,4450.294123718125,12.124904954939737,33.96099660372796,1.58,305,2630,suburban
GLS,30890,0.0,0.6,4692.096388519496,6293.752660817818,25.448351065168815,102.53407734275534,23.44,436,2471,rural
GLS,30900,0.0,0.6,5100.928827415088,7176.610893793414,28.92287316529101,173.55971997363926,31.36,490,2487,rural
GLS,30916,0.0,0.6,3979.649813768313,5182.054562818042,23.20324370332086,59.876286869182046,19.31,308,2276,suburban
GLS,30926,0.0,0.6,4293.405669371914,5707.156100114085,24.771539553892886,53.8021301528445,20.06,381,2421,rural
GLS,30938,0.0,0.6,3679.675636549328,5298.987880460923,30.55889691468293,153.22446344831192,28.43,321,1873,rural
GLS,30952,0.0,0.6,3301.266704985837,4052.359581403284,18.534704567291946,37.755537878390655,11.4,259,1710,suburban
GLS,30966,0.0,0.6,2632.539121579534,3510.9395596477075,25.0189564116653,31.83238567652256,6.33,220,1619,rural
GLS,30974,0.0,0.6,2169.4358840423565,3101.933528043918,30.061819041931415,53.82702268136371,16.59,214,1120,rural
GLS,30982,0.0,0.6,1959.9314953425567,2386.647671549595,17.8793116928726,66.6831619829418,6.34,209,1154,rural
GLS,30989,0.0,0.6,2213.1838810651952,3148.477695946504,29.706223299134347,43.13135688268341,16.28,231,1172,rural
GLS,31275,0.0,0.6,5604.513207079364,6805.937726269975,17.652593478093095,129.47251256919432,17.38,507,3227,suburban
GLS,31303,0.0,0.6,4181.376235760919,5596.886925837495,25.291036049736963,112.90680951768702,24.81,407,2208,rural
GLS,31311,0.0,0.6,3295.7947832204954,4871.049261225609,32.33912024960229,139.34872865781722,30.96,326,1483,rural
GLS,31319,0.0,0.6,3465.160083389147,4437.068207504176,21.90428631390639,101.18549289373648,11.04,357,1985,rural
GLS,31515,0.0,0.6,6184.829072046576,8050.858133283889,23.178014446966454,125.1818077488354,33.59,472,3284,rural
GLS,31535,0.0,0.6,7272.860249967698,10569.427946070218,31.189651066481844,357.6158854957556,38.52,705,3227,rural
GLS,31832,0.0,0.6,3980.9224581245467,5153.98445539914,22.76029366067903,159.3824695169613,16.88,440,2069,rural
Hermes,30159,0.0,0.6,6104.645849135564,6103.311963748475,-0.021855107440221795,6.211813374113814,9.13,207,4412,urban
Hermes,30161,0.0,0.6,2960.302565947924,3205.3444612983394,7.644791326145337,1.7979843382791898,7.9,80,2187,urban
Hermes,30163,0.0,0.6,3292.553652190299,3151.45637345559,-4.47720869383304,2.603733329707664,6.63,93,2318,urban
Hermes,30165,0.0,0.6,2643.471263638135,3165.918762514473,16.50223957298872,4.951012974183712,5.34,89,1888,urban
Hermes,30167,0.0,0.6,4192.677345753716,4309.333549458941,2.70705904674917,5.368928981069905,7.27,135,2918,urban
Hermes,30173,0.0,0.6,2955.171775795975,3377.006730770633,12.491386266156342,4.775461708125837,11.08,82,1982,urban
Hermes,30177,0.0,0.6,2505.162324759321,2975.551858278056,15.808480440698757,3.576189607493106,7.86,76,1604,urban
Hermes,30179,0.0,0.6,2132.6971401432984,2972.7332058248016,28.258037553976543,8.305970462175056,5.02,88,1492,suburban
Hermes,30419,0.0,0.6,5217.4481328438,5546.714589306118,5.936242998641631,23.77191867081394,4.3,253,3791,suburban
Hermes,30449,0.0,0.6,3864.9413120853296,4264.762288981972,9.374988564534569,5.186686836161483,9.65,147,2752,urban
Hermes,30453,0.0,0.6,3003.879420737806,3456.6569376644593,13.098711416602976,9.157258958740025,8.55,127,1923,suburban
Hermes,30455,0.0,0.6,2646.005041899012,3386.0721023475717,21.85621091575307,6.967819653017212,9.92,152,1769,suburban
Hermes,30457,0.0,0.6,3005.1397896967783,3390.4448760059295,11.364440372882717,6.068989648841514,13.07,130,1718,suburban
Hermes,30459,0.0,0.6,3009.9721833842796,3359.004573372854,10.390947150098782,7.274391190340525,11.99,121,1718,urban
Hermes,30519,0.0,0.6,4640.289245615291,5162.317584328793,10.112286394355488,13.714884737746765,13.8,229,2920,urban
Hermes,30539,0.0,0.6,2900.2184648644875,3748.1337976976,22.622333635847504,19.21423828970633,16.65,149,1846,rural
Hermes,30559,0.0,0.6,4644.8809666050865,5370.925287647466,13.518049165796457,19.484913733542943,14.22,216,2928,suburban
Hermes,30625,0.0,0.6,2747.6915315492024,3247.4589705680532,15.389492016628322,8.86389555258122,10.86,112,1721,urban
Hermes,30627,0.0,0.6,1881.433390095348,1976.5200916772521,4.81081381273563,3.390385523567528,11.3,80,1110,suburban
Hermes,30629,0.0,0.6,2714.844824261624,3288.097282907375,17.434169652634914,14.669809711755615,13.03,120,1544,suburban
Hermes,30655,0.0,0.6,2805.6917028664693,3426.8003677575816,18.12503204841055,4.462508901721823,9.19,134,1982,suburban
Hermes,30657,0.0,0.6,2976.8623524877808,3245.628188162223,8.280857205231078,12.670949194485749,6.89,133,1834,rural
Hermes,30659,0.0,0.6,2678.6355436620274,3215.6998845024846,16.70132040084794,11.3882150903338,10.33,126,1587,suburban
Hermes,30823,0.0,0.6,3550.488996806072,3936.6042296322357,9.808332519681189,12.528872220645557,8.05,216,2384,suburban
Hermes,30826,0.0,0.6,3376.738416627567,4191.43021519428,19.43708368597879,56.38950461206911,9.0,221,2156,rural
Hermes,30827,0.0,0.6,2962.160193073445,3247.3865843141566,8.78325951762072,10.610683695060027,5.18,139,1865,suburban
Hermes,30851,0.0,0.6,2661.822645601107,2857.2114343496014,6.83844346972423,4.12190647126244,3.44,95,1650,suburban
Hermes,30853,0.0,0.6,2243.9111579011596,2627.454020793578,14.597509979511484,8.711379660258004,3.75,121,1477,suburban
Hermes,30855,0.0,0.6,8989.768219314175,8658.56494813409,-3.8251520103393073,58.08159729436245,2.52,261,7102,suburban
Hermes,30880,0.0,0.6,5692.671987726376,6718.354835871605,15.266875197909407,33.96099660372796,20.27,312,3668,suburban
Hermes,30890,0.0,0.6,6000.546962760887,7568.635969962485,20.7182511277441,102.53407734275534,19.74,454,3618,rural
Hermes,30900,0.0,0.6,6103.076987602116,7696.514876914835,20.703369184565947,173.55971997363926,12.32,527,3644,rural
Hermes,30916,0.0,0.6,4852.080098682931,5798.014253899346,16.31479526943634,59.876286869182046,10.8,310,3232,suburban
Hermes,30926,0.0,0.6,5341.871507950583,5981.497888198291,10.693414796813915,53.8021301528445,10.52,393,3537,rural
Hermes,30938,0.0,0.6,5063.318969517206,6007.684029332934,15.71928642060402,153.22446344831192,16.57,334,2656,rural
Hermes,30952,0.0,0.6,4058.3168872249867,5277.6182452376,23.10325039354414,37.755537878390655,15.6,274,2488,suburban
Hermes,30966,0.0,0.6,3603.268272100424,4601.173469262583,21.688058575241907,31.83238567652256,16.87,229,2313,rural
Hermes,30974,0.0,0.6,3063.930311864296,4626.2307003590395,33.77048162283593,53.82702268136371,22.19,228,1616,rural
Hermes,30982,0.0,0.6,3125.314446130489,4596.833861562218,32.011585794654714,66.6831619829418,23.78,220,1680,rural
Hermes,30989,0.0,0.6,2955.611895565092,4185.515150068637,29.384752184766942,43.13135688268341,15.58,242,1681,rural
Hermes,31275,0.0,0.6,7616.785808195263,9418.194923082388,19.126904142450687,129.47251256919432,23.26,528,4698,suburban
Hermes,31303,0.0,0.6,5354.361062963619,6888.21710469868,22.267823711432776,112.90680951768702,22.27,425,3161,rural
Hermes,31311,0.0,0.6,4311.650891332383,6231.959144058387,30.813877439438052,139.34872865781722,32.49,345,2196,rural
Hermes,31319,0.0,0.6,5045.367700872927,6653.523191455497,24.169983996565527,101.18549289373648,23.57,378,2907,rural
Hermes,31515,0.0,0.6,7654.776118022819,9098.73098096226,15.869848948833653,125.1818077488354,20.37,503,4758,rural
Hermes,31535,0.0,0.6,8750.40990093506,11828.260970846719,26.021163022169382,357.6158854957556,19.5,777,4780,rural
Hermes,31832,0.0,0.6,5814.811710385641,8226.290929342216,29.31429534488151,159.3824695169613,28.44,458,3015,rural
UPS,30159,0.0,0.6,13822.79168752141,14124.871351764605,2.138636570346219,10.98727508223965,10.54,282,11805,urban
UPS,30161,0.0,0.6,5741.205979572264,5917.055804797465,2.971914259835503,1.7979843382791898,8.59,80,4726,urban
UPS,30163,0.0,0.6,6350.07845960219,6504.720392897118,2.377380178612899,14.485893399375826,6.02,215,5283,urban
UPS,30165,0.0,0.6,3080.5485631656243,3773.2492250252108,18.358200599775074,4.951012974183712,6.57,77,2701,urban
UPS,30167,0.0,0.6,5339.912051688541,6006.644999548211,11.099922634179606,5.368928981069905,8.81,137,4551,urban
UPS,30419,0.0,0.6,2676.4373807343236,3598.2785262855646,25.618949139627617,23.77191867081394,7.09,153,2053,suburban
UPS,30449,0.0,0.6,5896.7643383797995,6798.755020154903,13.266997841533529,12.46107802650201,12.33,209,4685,urban
UPS,30453,0.0,0.6,2505.274666169711,3375.021836857729,25.770119801588745,9.157258958740025,10.59,118,1821,suburban
UPS,30455,0.0,0.6,1306.10017735188,1985.0500139571805,34.20316021417615,6.967819653017212,12.14,99,812,suburban
UPS,30457,0.0,0.6,1644.278082869878,2069.491599260607,20.546762139196424,6.068989648841514,14.87,93,1021,suburban
UPS,30519,0.0,0.6,4287.0415667385105,4937.054841641878,13.16601285083553,13.714884737746765,14.32,178,3064,urban
UPS,30539,0.0,0.6,3534.953452417408,4533.06046911727,22.01839184585652,19.21423828970633,16.42,96,2701,rural
UPS,30559,0.0,0.6,4095.7178229286583,5027.435680366569,18.532665889222784,19.484913733542943,13.47,141,3087,suburban
UPS,30625,0.0,0.6,3440.3268900338117,4315.013444156701,20.270772396025116,12.254281076148748,10.42,148,2727,urban
UPS,30655,0.0,0.6,1800.3586640374676,2121.9137816651596,15.154014286827124,4.462508901721823,8.22,93,1218,suburban
UPS,30657,0.0,0.6,4280.156122554706,4786.350272484361,10.575785747224778,12.670949194485749,5.0,96,3745,rural
UPS,30659,0.0,0.6,3452.995364066494,3729.581575766453,7.416011852297908,26.058024802089417,10.16,158,2385,suburban
UPS,30823,0.0,0.6,1960.3227216702885,2901.0492307771306,32.42711289166372,12.528872220645557,11.23,141,1337,suburban
UPS,30826,0.0,0.6,1608.988235663055,2179.7117952412614,26.183441353311377,56.38950461206911,11.69,77,1105,rural
UPS,30827,0.0,0.6,2640.585174414863,3291.825156956803,19.78355324144835,10.610683695060027,8.21,92,2105,suburban
UPS,30853,0.0,0.6,4206.91303627433,4885.572256538386,13.891089613009058,12.833286131520444,2.1,167,3668,suburban
UPS,30855,0.0,0.6,12340.544958796838,12372.313669298126,0.25677259201827624,59.06346106841505,2.73,226,11475,suburban
UPS,30880,0.0,0.6,5763.371337533075,7164.597554373629,19.557640275065758,33.96099660372796,20.44,221,4190,suburban
UPS,30890,0.0,0.6,2982.0793717732136,4686.02421265492,36.36227137452876,102.53407734275534,22.83,246,1795,rural
UPS,30900,0.0,0.6,3335.025395566621,5252.628048739307,36.5074898770518,173.55971997363926,10.9,296,2208,rural
UPS,30916,0.0,0.6,5236.836072952406,6109.051569407693,14.277428935500925,59.876286869182046,7.96,236,4019,suburban
UPS,30926,0.0,0.6,2459.3442328064884,3963.3498677038015,37.947839204230306,53.8021301528445,13.64,194,1634,rural
UPS,30938,0.0,0.6,4926.710610310047,6063.945568650633,18.754042981847654,153.22446344831192,13.43,195,3590,rural
UPS,30952,0.0,0.6,2197.649680732252,3731.55368849277,41.106309484189275,37.755537878390655,17.72,163,1329,suburban
UPS,30966,0.0,0.6,2160.8297337256854,3533.856164661857,38.8534894166399,31.83238567652256,18.2,136,1386,rural
UPS,30974,0.0,0.6,1987.6004578539437,3208.8293030723075,38.05839232548434,53.82702268136371,24.68,134,1072,rural
UPS,30982,0.0,0.6,1751.488866374581,3007.173952156455,41.756316919459145,66.6831619829418,24.88,141,878,rural
UPS,30989,0.0,0.6,2142.686157555843,3364.1454124269208,36.30815868895238,43.13135688268341,18.29,160,1191,rural
UPS,31275,0.0,0.6,4595.8113512751415,6734.00020753597,31.752135289036627,129.47251256919432,21.19,339,2904,suburban
UPS,31303,0.0,0.6,3025.8435987242433,4633.075702530725,34.69039158864948,112.90680951768702,19.35,259,1804,rural
UPS,31311,0.0,0.6,2213.3083566005894,3968.942591958489,44.23430661141349,139.34872865781722,29.65,195,1062,rural
UPS,31319,0.0,0.6,2009.8571744608453,3441.882252785476,41.605870658873044,101.18549289373648,22.42,153,1055,rural
UPS,31515,0.0,0.6,4959.255178415341,6718.456041625136,26.184600335410686,125.1818077488354,23.29,321,3281,rural
UPS,31535,0.0,0.6,4724.148557539477,8009.28273019456,41.01658392293115,357.6158854957556,20.99,322,2571,rural
UPS,31832,0.0,0.6,3120.6186102888246,5227.687081644636,40.3059410107792,159.3824695169613,30.54,251,1605,rural
DHL,30159,0.4,0.6,21973.50194568585,21973.50194568585,0.0,6.211813374113814,2.18,221,23058,urban
DHL,30161,0.4,0.6,10909.00812046849,10909.00812046849,0.0,1.7979843382791898,1.04,84,11554,urban
DHL,30163,0.4,0.6,9914.04927442146,9914.04927442146,0.0,2.603733329707664,1.7,95,10484,urban
DHL,30165,0.4,0.6,8565.397376626115,8565.397376626115,0.0,4.951012974183712,1.88,94,8599,urban
DHL,30167,0.4,0.6,13540.33589751315,13540.33589751315,0.0,5.368928981069905,1.39,142,13892,urban
DHL,30169,0.4,0.6,5441.748523674446,5441.748523674446,0.0,2.9960433745102675,2.4,76,5294,urban
DHL,30173,0.4,0.6,8900.020227394843,8900.020227394843,0.0,4.775461708125837,3.83,88,8547,urban
DHL,30177,0.4,0.6,6717.193405547422,6717.193405547422,0.0,3.576189607493106,2.83,80,6260,urban
DHL,30179,0.4,0.6,7015.019470078845,7015.019470078845,0.0,8.305970462175056,3.55,96,6322,suburban
DHL,30419,0.4,0.6,15260.397562746597,15260.397562746597,0.0,23.77191867081394,5.16,274,14775,suburban
DHL,30449,0.4,0.6,7432.014762814106,7432.014762814106,0.0,2.190643461651216,1.56,91,7431,urban
DHL,30453,0.4,0.6,8728.871611104647,8728.871611104647,0.0,9.157258958740025,2.98,148,8150,suburban
DHL,30455,0.4,0.6,7560.480077937329,7560.480077937329,0.0,6.967819653017212,3.04,160,6748,suburban
DHL,30457,0.4,0.6,7333.849598031452,7333.849598031452,0.0,6.068989648841514,2.4,139,6736,suburban
DHL,30459,0.4,0.6,6748.368740605874,6748.368740605874,0.0,7.274391190340525,1.24,125,6561,urban
DHL,30519,0.4,0.6,13335.327593044716,13335.327593044716,0.0,13.714884737746765,5.03,248,12645,urban
DHL,30539,0.4,0.6,9296.282509988963,9296.282509988963,0.0,19.21423828970633,3.99,164,8372,rural
DHL,30559,0.4,0.6,12462.482929522981,12462.482929522981,0.0,19.484913733542943,1.93,224,12320,suburban
DHL,30625,0.4,0.6,8084.182917612831,8084.182917612831,0.0,8.86389555258122,4.99,117,7084,urban
DHL,30627,0.4,0.6,5566.459185356654,5566.459185356654,0.0,3.390385523567528,4.61,82,4809,suburban
DHL,30629,0.4,0.6,6830.019894903581,6830.019894903581,0.0,14.669809711755615,4.28,124,5907,suburban
DHL,30655,0.4,0.6,8770.048460462032,8770.048460462032,0.0,4.462508901721823,5.25,139,7945,suburban
DHL,30657,0.4,0.6,9997.913539537092,9997.913539537092,0.0,12.670949194485749,6.56,140,9056,rural
DHL,30659,0.4,0.6,7841.281218861646,7841.281218861646,0.0,11.3882150903338,7.01,131,6829,suburban
DHL,30823,0.4,0.6,10202.29191336214,10202.29191336214,0.0,12.528872220645557,3.26,227,9437,suburban
DHL,30826,0.4,0.6,9289.171862330428,9289.171862330428,0.0,56.38950461206911,1.44,239,8281,rural
DHL,30827,0.4,0.6,8499.259441991915,8499.259441991915,0.0,10.610683695060027,3.25,153,8048,suburban
DHL,30851,0.4,0.6,7091.396611882496,7091.396611882496,0.0,4.12190647126244,5.02,97,6654,suburban
DHL,30853,0.4,0.6,8087.121413003322,8087.121413003322,0.0,8.711379660258004,6.98,132,7164,suburban
DHL,30855,0.4,0.6,33181.974645551454,33181.974645551454,0.0,59.06346106841505,5.9,278,32854,suburban
DHL,30880,0.4,0.6,17626.17972557684,17626.17972557684,0.0,33.96099660372796,5.11,360,16161,suburban
DHL,30890,0.4,0.6,16098.044263724361,16098.044263724361,0.0,102.53407734275534,4.73,504,13989,rural
DHL,30900,0.4,0.6,17593.529073393336,17593.529073393336,0.0,173.55971997363926,4.94,590,14609,rural
DHL,30916,0.4,0.6,17062.590954336305,17062.590954336305,0.0,59.876286869182046,11.0,355,14499,suburban
DHL,30926,0.4,0.6,14775.4174568136,14775.4174568136,0.0,53.8021301528445,0.37,429,13519,rural
DHL,30938,0.4,0.6,14888.20103197316,14888.20103197316,0.0,153.22446344831192,10.53,355,12030,rural
DHL,30952,0.4,0.6,11029.332668750209,11029.332668750209,0.0,37.755537878390655,5.68,286,9709,suburban
DHL,30966,0.4,0.6,10564.896592403224,10564.896592403224,0.0,31.83238567652256,5.52,237,9182,rural
DHL,30974,0.4,0.6,7602.589230059956,7602.589230059956,0.0,53.82702268136371,1.4,244,6515,rural
DHL,30982,0.4,0.6,8026.683955967339,8026.683955967339,0.0,66.6831619829418,2.77,239,6551,rural
DHL,30989,0.4,0.6,8197.588934134921,8197.588934134921,0.0,43.13135688268341,5.72,271,6841,rural
DHL,31275,0.4,0.6,20490.51279819747,20490.51279819747,0.0,129.47251256919432,2.93,571,18743,suburban
DHL,31303,0.4,0.6,14494.326252546625,14494.326252546625,0.0,112.90680951768702,1.84,468,12605,rural
DHL,31311,0.4,0.6,10485.698502104207,10485.698502104207,0.0,139.34872865781722,3.81,380,8577,rural
DHL,31319,0.4,0.6,12204.762656945873,12204.762656945873,0.0,101.18549289373648,0.58,411,10967,rural
DHL,31515,0.4,0.6,21088.897809861297,21088.897809861297,0.0,125.1818077488354,5.28,537,19286,rural
DHL,31535,0.4,0.6,22512.716761824166,22512.716761824166,0.0,357.6158854957556,5.5,880,18533,rural
DHL,31832,0.4,0.6,14457.781202836444,14457.781202836444,0.0,159.3824695169613,4.65,515,11902,rural
Amazon,30159,0.4,0.6,11555.196270293998,11555.196270293998,0.0,6.211813374113814,13.81,221,9019,urban
Amazon,30161,0.4,0.6,6224.7449789257325,6224.7449789257325,0.0,1.7979843382791898,12.74,83,4512,urban
Amazon,30163,0.4,0.6,5889.0064831046275,5889.0064831046275,0.0,2.603733329707664,12.41,93,4469,urban
Amazon,30165,0.4,0.6,4750.233821598029,4750.233821598029,0.0,4.951012974183712,10.52,92,3574,urban
Amazon,30167,0.4,0.6,7175.254343343608,7175.254343343608,0.0,5.368928981069905,10.65,139,5730,urban
Amazon,30173,0.4,0.6,5164.654397653723,5164.654397653723,0.0,4.775461708125837,15.11,87,3759,urban
Amazon,30177,0.4,0.6,4343.242376782357,4343.242376782357,0.0,3.576189607493106,13.99,79,2906,urban
Amazon,30179,0.4,0.6,4390.652005410074,4390.652005410074,0.0,8.305970462175056,12.08,95,2781,suburban
Amazon,30419,0.4,0.6,8519.368501277868,8519.368501277868,0.0,23.77191867081394,6.74,265,6859,suburban
Amazon,30449,0.4,0.6,7005.60345798299,7005.60345798299,0.0,5.186686836161483,12.61,159,5275,urban
Amazon,30453,0.4,0.6,4970.930164967193,4970.930164967193,0.0,9.157258958740025,9.82,139,3593,suburban
Amazon,30455,0.4,0.6,4820.378887430032,4820.378887430032,0.0,6.967819653017212,9.84,158,3165,suburban
Amazon,30457,0.4,0.6,4934.7989617734975,4934.7989617734975,0.0,6.068989648841514,13.37,135,3134,suburban
Amazon,30459,0.4,0.6,4858.408897775894,4858.408897775894,0.0,7.274391190340525,13.92,124,3087,urban
Amazon,30519,0.4,0.6,8140.269152347262,8140.269152347262,0.0,13.714884737746765,17.38,242,5508,urban
Amazon,30539,0.4,0.6,5821.859629336905,5821.859629336905,0.0,19.21423828970633,21.37,157,3516,rural
Amazon,30559,0.4,0.6,8252.52270516162,8252.52270516162,0.0,19.484913733542943,20.15,222,5369,suburban
Amazon,30625,0.4,0.6,4932.584335545381,4932.584335545381,0.0,8.86389555258122,16.66,114,3180,urban
Amazon,30627,0.4,0.6,3472.360903435115,3472.360903435115,0.0,3.390385523567528,17.89,79,2090,suburban
Amazon,30629,0.4,0.6,4629.145185289602,4629.145185289602,0.0,14.669809711755615,20.32,122,2757,suburban
Amazon,30655,0.4,0.6,5061.237427944449,5061.237427944449,0.0,4.462508901721823,16.14,137,3642,suburban
Amazon,30657,0.4,0.6,5227.080664344542,5227.080664344542,0.0,12.670949194485749,15.05,138,3559,rural
Amazon,30659,0.4,0.6,4975.003626465991,4975.003626465991,0.0,11.3882150903338,18.11,130,3002,suburban
Amazon,30823,0.4,0.6,5705.037154540299,5705.037154540299,0.0,12.528872220645557,1.29,222,4370,suburban
Amazon,30826,0.4,0.6,5673.254342811335,5673.254342811335,0.0,56.38950461206911,3.98,233,3852,rural
Amazon,30827,0.4,0.6,4536.061456785562,4536.061456785562,0.0,10.610683695060027,3.78,150,3498,suburban
Amazon,30851,0.4,0.6,4490.007090916008,4490.007090916008,0.0,4.12190647126244,11.33,96,3032,suburban
Amazon,30853,0.4,0.6,4319.068900643669,4319.068900643669,0.0,8.711379660258004,12.37,128,2911,suburban
Amazon,30855,0.4,0.6,16244.345238115564,16244.345238115564,0.0,59.06346106841505,9.96,271,13592,suburban
Amazon,30880,0.4,0.6,11278.054808972109,11278.054808972109,0.0,33.96099660372796,23.78,345,6971,suburban
Amazon,30890,0.4,0.6,10080.548522471709,10080.548522471709,0.0,102.53407734275534,12.55,490,6502,rural
Amazon,30900,0.4,0.6,12085.38072969665,12085.38072969665,0.0,173.55971997363926,17.55,570,6667,rural
Amazon,30916,0.4,0.6,9904.82527723206,9904.82527723206,0.0,59.876286869182046,19.41,344,6164,suburban
Amazon,30926,0.4,0.6,8752.96361616949,8752.96361616949,0.0,53.8021301528445,4.34,415,6338,rural
Amazon,30938,0.4,0.6,9384.90809448861,9384.90809448861,0.0,153.22446344831192,24.95,346,5072,rural
Amazon,30952,0.4,0.6,7076.623355325187,7076.623355325187,0.0,37.755537878390655,14.14,275,4476,suburban
Amazon,30966,0.4,0.6,6955.194722247112,6955.194722247112,0.0,31.83238567652256,17.79,233,4221,rural
Amazon,30974,0.4,0.6,5436.138154721389,5436.138154721389,0.0,53.82702268136371,18.26,240,2971,rural
Amazon,30982,0.4,0.6,6084.06789519755,6084.06789519755,0.0,66.6831619829418,24.57,233,3044,rural
Amazon,30989,0.4,0.6,5499.955907320829,5499.955907320829,0.0,43.13135688268341,11.39,265,3112,rural
Amazon,31275,0.4,0.6,14129.512676709497,14129.512676709497,0.0,129.47251256919432,30.8,550,8588,suburban
Amazon,31303,0.4,0.6,10291.231205914351,10291.231205914351,0.0,112.90680951768702,30.88,449,5793,rural
Amazon,31311,0.4,0.6,8790.113460938559,8790.113460938559,0.0,139.34872865781722,40.99,367,3965,rural
Amazon,31319,0.4,0.6,9320.815628099372,9320.815628099372,0.0,101.18549289373648,29.57,396,5228,rural
Amazon,31515,0.4,0.6,12450.58174407703,12450.58174407703,0.0,125.1818077488354,12.09,525,8733,rural
Amazon,31535,0.4,0.6,15851.91067139521,15851.91067139521,0.0,357.6158854957556,16.13,834,8625,rural
Amazon,31832,0.4,0.6,11355.500473785536,11355.500473785536,0.0,159.3824695169613,25.63,491,5466,rural
DPD,30159,0.4,0.6,6656.069904499083,6656.069904499083,0.0,6.211813374113814,13.32,219,4783,urban
DPD,30161,0.4,0.6,3438.6384541878197,3438.6384541878197,0.0,1.7979843382791898,14.05,84,2359,urban
DPD,30163,0.4,0.6,3176.704105051865,3176.704105051865,0.0,2.603733329707664,14.01,92,2106,urban
DPD,30165,0.4,0.6,3109.5847921201566,3109.5847921201566,0.0,4.951012974183712,15.88,91,1757,urban
DPD,30167,0.4,0.6,4548.61275587726,4548.61275587726,0.0,5.368928981069905,16.37,138,2824,urban
DPD,30173,0.4,0.6,3042.0725720869623,3042.0725720869623,0.0,4.775461708125837,13.13,86,1708,urban
DPD,30177,0.4,0.6,2301.8161532682093,2301.8161532682093,0.0,3.576189607493106,12.44,75,1250,urban
DPD,30179,0.4,0.6,2402.9493976963904,2402.9493976963904,0.0,8.305970462175056,14.42,89,1256,suburban
DPD,30419,0.4,0.6,5350.888005691542,5350.888005691542,0.0,23.77191867081394,19.64,257,2858,suburban
DPD,30449,0.4,0.6,4115.648431001423,4115.648431001423,0.0,5.186686836161483,15.53,161,2554,urban
DPD,30453,0.4,0.6,3546.158276962033,3546.158276962033,0.0,9.157258958740025,18.23,137,1619,suburban
DPD,30455,0.4,0.6,3189.32194545774,3189.32194545774,0.0,6.967819653017212,19.47,151,1318,suburban
DPD,30457,0.4,0.6,3071.8681502213976,3071.8681502213976,0.0,6.068989648841514,18.69,130,1335,suburban
DPD,30459,0.4,0.6,2692.648089162524,2692.648089162524,0.0,7.274391190340525,16.25,119,1284,urban
DPD,30519,0.4,0.6,4359.743796141659,4359.743796141659,0.0,12.113461405690837,12.99,227,2540,urban
DPD,30539,0.4,0.6,3283.465182476126,3283.465182476126,0.0,19.21423828970633,9.52,156,1695,rural
DPD,30559,0.4,0.6,3964.267070732265,3964.267070732265,0.0,19.484913733542943,7.42,213,2467,suburban
DPD,30625,0.4,0.6,2879.61806243138,2879.61806243138,0.0,8.86389555258122,10.22,108,1405,urban
DPD,30627,0.4,0.6,1734.323815852828,1734.323815852828,0.0,3.390385523567528,8.59,77,971,suburban
DPD,30629,0.4,0.6,2209.7242260325893,2209.7242260325893,0.0,14.669809711755615,6.08,121,1173,suburban
DPD,30655,0.4,0.6,2902.8311877698657,2902.8311877698657,0.0,4.462508901721823,10.23,132,1537,suburban
DPD,30657,0.4,0.6,3254.827165454566,3254.827165454566,0.0,12.670949194485749,12.26,136,1866,rural
DPD,30659,0.4,0.6,2732.1680399331904,2732.1680399331904,0.0,11.3882150903338,8.73,122,1368,suburban
DPD,30823,0.4,0.6,4031.85332034608,4031.85332034608,0.0,12.528872220645557,25.25,211,1867,suburban
DPD,30826,0.4,0.6,4659.6772590054525,4659.6772590054525,0.0,56.38950461206911,27.87,212,1639,rural
DPD,30827,0.4,0.6,3693.9834286058103,3693.9834286058103,0.0,10.610683695060027,23.76,145,1601,suburban
DPD,30851,0.4,0.6,2392.8715311930196,2392.8715311930196,0.0,4.12190647126244,15.63,96,1281,suburban
DPD,30853,0.4,0.6,3054.623065805542,3054.623065805542,0.0,8.711379660258004,15.68,120,1470,suburban
DPD,30855,0.4,0.6,9651.557570967712,9651.557570967712,0.0,59.06346106841505,19.88,265,6668,suburban
DPD,30880,0.4,0.6,5651.747006229777,5651.747006229777,0.0,33.96099660372796,12.89,328,3235,suburban
DPD,30890,0.4,0.6,6923.102121964851,6923.102121964851,0.0,102.53407734275534,32.64,451,2726,rural
DPD,30900,0.4,0.6,7912.531093330155,7912.531093330155,0.0,173.55971997363926,25.52,515,2839,rural
DPD,30916,0.4,0.6,5505.336403799816,5505.336403799816,0.0,59.876286869182046,10.68,308,2914,suburban
DPD,30926,0.4,0.6,6146.851473398595,6146.851473398595,0.0,53.8021301528445,25.6,384,2637,rural
DPD,30938,0.4,0.6,5614.10632319326,5614.10632319326,0.0,153.22446344831192,17.56,317,2412,rural
DPD,30952,0.4,0.6,4651.5791758270425,4651.5791758270425,0.0,37.755537878390655,21.73,266,1895,suburban
DPD,30966,0.4,0.6,4054.5734078226283,4054.5734078226283,0.0,31.83238567652256,17.93,217,1807,rural
DPD,30974,0.4,0.6,4049.5746175540357,4049.5746175540357,0.0,53.82702268136371,28.84,224,1280,rural
DPD,30982,0.4,0.6,3635.1428609264503,3635.1428609264503,0.0,66.6831619829418,20.59,218,1278,rural
DPD,30989,0.4,0.6,4189.963023652114,4189.963023652114,0.0,43.13135688268341,25.63,242,1356,rural
DPD,31275,0.4,0.6,6310.744546848563,6310.744546848563,0.0,129.47251256919432,4.47,516,3643,suburban
DPD,31303,0.4,0.6,5298.7418231419815,5298.7418231419815,0.0,112.90680951768702,10.77,417,2491,rural
DPD,31311,0.4,0.6,4503.622414154428,4503.622414154428,0.0,139.34872865781722,17.19,336,1650,rural
DPD,31319,0.4,0.6,4393.641206526262,4393.641206526262,0.0,101.18549289373648,7.08,368,2115,rural
DPD,31515,0.4,0.6,8672.940895409381,8672.940895409381,0.0,125.1818077488354,38.45,488,3812,rural
DPD,31535,0.4,0.6,10736.90548199021,10736.90548199021,0.0,357.6158854957556,38.17,720,3582,rural
DPD,31832,0.4,0.6,6479.205569246742,6479.205569246742,0.0,159.3824695169613,30.86,456,2309,rural
FedEx,30159,0.4,0.6,12214.299279183924,12214.299279183924,0.0,10.98727508223965,11.75,273,9864,urban
FedEx,30161,0.4,0.6,5224.187237195072,5224.187237195072,0.0,1.7979843382791898,9.67,80,3810,urban
FedEx,30163,0.4,0.6,8257.65060106912,8257.65060106912,0.0,19.436906373559538,7.51,263,6210,urban
FedEx,30167,0.4,0.6,5175.6698343295675,5175.6698343295675,0.0,5.368928981069905,8.96,132,3775,urban
FedEx,30419,0.4,0.6,3306.0595520416546,3306.0595520416546,0.0,23.77191867081394,5.53,136,1709,suburban
FedEx,30449,0.4,0.6,5430.5021475969215,5430.5021475969215,0.0,12.46107802650201,12.7,204,3703,urban
FedEx,30453,0.4,0.6,3326.3835685835006,3326.3835685835006,0.0,9.157258958740025,10.07,106,1516,suburban
FedEx,30455,0.4,0.6,1959.2973539377524,1959.2973539377524,0.0,6.967819653017212,11.34,85,612,suburban
FedEx,30457,0.4,0.6,1996.1328134447208,1996.1328134447208,0.0,6.068989648841514,14.63,82,778,suburban
FedEx,30519,0.4,0.6,4147.606607808722,4147.606607808722,0.0,13.714884737746765,15.57,154,2372,urban
FedEx,30539,0.4,0.6,4110.789837016759,4110.789837016759,0.0,19.21423828970633,18.41,81,2429,rural
FedEx,30559,0.4,0.6,5375.733073538704,5375.733073538704,0.0,34.15472344529856,15.2,165,3144,suburban
FedEx,30625,0.4,0.6,3602.9465575642243,3602.9465575642243,0.0,12.254281076148748,12.66,134,2229,urban
FedEx,30655,0.4,0.6,3651.3066283117864,3651.3066283117864,0.0,15.85072399205562,11.41,144,2242,suburban
FedEx,30657,0.4,0.6,4510.957538899967,4510.957538899967,0.0,12.670949194485749,8.22,82,3429,rural
FedEx,30823,0.4,0.6,2013.2163655803622,2013.2163655803622,0.0,12.528872220645557,8.07,113,878,suburban
FedEx,30827,0.4,0.6,4491.66174623818,4491.66174623818,0.0,67.00018830712914,7.42,137,2757,suburban
FedEx,30853,0.4,0.6,4558.287686101956,4558.287686101956,0.0,12.833286131520444,4.82,152,3029,suburban
FedEx,30855,0.4,0.6,11164.944696921486,11164.944696921486,0.0,59.06346106841505,1.5,210,9970,suburban
FedEx,30880,0.4,0.6,6033.650689518244,6033.650689518244,0.0,33.96099660372796,22.05,184,3498,suburban
FedEx,30890,0.4,0.6,3937.614024274669,3937.614024274669,0.0,102.53407734275534,20.22,167,1281,rural
FedEx,30900,0.4,0.6,4467.0239843658765,4467.0239843658765,0.0,173.55971997363926,10.92,207,1597,rural
FedEx,30916,0.4,0.6,5459.16940205895,5459.16940205895,0.0,59.876286869182046,11.65,204,3245,suburban
FedEx,30926,0.4,0.6,3230.0558047592294,3230.0558047592294,0.0,53.8021301528445,10.98,152,1266,rural
FedEx,30938,0.4,0.6,5737.710883078335,5737.710883078335,0.0,153.22446344831192,16.47,151,3131,rural
FedEx,30952,0.4,0.6,2694.734755168253,2694.734755168253,0.0,37.755537878390655,17.01,132,979,suburban
FedEx,30966,0.4,0.6,2504.2719321468335,2504.2719321468335,0.0,31.83238567652256,18.53,102,1063,rural
FedEx,30974,0.4,0.6,2454.671117478426,2454.671117478426,0.0,53.82702268136371,23.36,94,802,rural
FedEx,30982,0.4,0.6,2716.2138956601093,2716.2138956601093,0.0,66.6831619829418,25.47,105,618,rural
FedEx,30989,0.4,0.6,2473.2391948618315,2473.2391948618315,0.0,43.13135688268341,16.61,128,876,rural
FedEx,31275,0.4,0.6,5422.493872435705,5422.493872435705,0.0,129.47251256919432,24.61,246,2133,suburban
FedEx,31303,0.4,0.6,3973.889348501275,3973.889348501275,0.0,112.90680951768702,23.03,195,1243,rural
FedEx,31311,0.4,0.6,3062.8021398398528,3062.8021398398528,0.0,139.34872865781722,33.34,113,675,rural
FedEx,31319,0.4,0.6,2817.067630852216,2817.067630852216,0.0,101.18549289373648,25.21,119,751,rural
FedEx,31515,0.4,0.6,5470.280769208987,5470.280769208987,0.0,125.1818077488354,19.63,249,2478,rural
FedEx,31535,0.4,0.6,6228.495098699879,6228.495098699879,0.0,357.6158854957556,17.87,237,2005,rural
FedEx,31832,0.4,0.6,4547.708372184966,4547.708372184966,0.0,159.3824695169613,29.81,182,1068,rural
GLS,30159,0.4,0.6,4840.335510593373,4840.335510593373,0.0,6.211813374113814,11.0,208,3332,urban
GLS,30161,0.4,0.6,3003.1123197883485,3003.1123197883485,0.0,1.7979843382791898,12.21,80,1649,urban
GLS,30163,0.4,0.6,4530.9209569497225,4530.9209569497225,0.0,6.17992293720077,13.11,162,2801,urban
GLS,30165,0.4,0.6,2518.402065806431,2518.402065806431,0.0,4.951012974183712,14.79,86,1358,urban
GLS,30167,0.4,0.6,3486.1823236641876,3486.1823236641876,0.0,5.368928981069905,13.23,133,2147,urban
GLS,30173,0.4,0.6,2554.876072428404,2554.876072428404,0.0,4.775461708125837,9.02,83,1424,urban
GLS,30179,0.4,0.6,2012.9451781141186,2012.9451781141186,0.0,8.305970462175056,15.58,89,1034,suburban
GLS,30419,0.4,0.6,5101.804856969734,5101.804856969734,0.0,23.77191867081394,17.6,248,2617,suburban
GLS,30449,0.4,0.6,3412.5020081467483,3412.5020081467483,0.0,5.186686836161483,10.84,150,1981,urban
GLS,30453,0.4,0.6,3168.728615727752,3168.728615727752,0.0,9.157258958740025,13.29,125,1373,suburban
GLS,30455,0.4,0.6,2732.89498767275,2732.89498767275,0.0,6.967819653017212,13.26,149,1201,suburban
GLS,30457,0.4,0.6,2344.3788154149365,2344.3788154149365,0.0,6.068989648841514,10.08,128,1189,suburban
GLS,30459,0.4,0.6,2084.898287419,2084.898287419,0.0,7.274391190340525,9.13,113,1169,urban
GLS,30519,0.4,0.6,3551.9496596439303,3551.9496596439303,0.0,13.714884737746765,6.3,224,2084,urban
GLS,30539,0.4,0.6,2580.3663075652257,2580.3663075652257,0.0,19.21423828970633,5.29,145,1310,rural
GLS,30559,0.4,0.6,3658.07773972127,3658.07773972127,0.0,19.484913733542943,8.92,208,2040,suburban
GLS,30625,0.4,0.6,2259.1204653397162,2259.1204653397162,0.0,8.86389555258122,10.34,105,1185,urban
GLS,30627,0.4,0.6,1778.1322716706136,1778.1322716706136,0.0,3.390385523567528,11.43,78,774,suburban
GLS,30629,0.4,0.6,2143.7517893568083,2143.7517893568083,0.0,14.669809711755615,12.94,116,1080,suburban
GLS,30655,0.4,0.6,2960.5284409044616,2960.5284409044616,0.0,4.462508901721823,13.05,124,1383,suburban
GLS,30657,0.4,0.6,2873.29432340711,2873.29432340711,0.0,12.670949194485749,16.66,127,1325,rural
GLS,30659,0.4,0.6,2313.189380462103,2313.189380462103,0.0,11.3882150903338,14.84,124,1138,suburban
GLS,30823,0.4,0.6,4081.0154973189988,4081.0154973189988,0.0,12.528872220645557,21.76,209,1687,suburban
GLS,30826,0.4,0.6,4802.849009920454,4802.849009920454,0.0,56.38950461206911,26.25,214,1480,rural
GLS,30827,0.4,0.6,3413.7429042160657,3413.7429042160657,0.0,10.610683695060027,22.43,133,1331,suburban
GLS,30851,0.4,0.6,2060.2946146334557,2060.2946146334557,0.0,4.12190647126244,17.37,95,1137,suburban
GLS,30853,0.4,0.6,2481.088173620477,2481.088173620477,0.0,8.711379660258004,18.94,117,1083,suburban
GLS,30855,0.4,0.6,8370.230959567252,8370.230959567252,0.0,58.08159729436245,22.3,262,5111,suburban
GLS,30880,0.4,0.6,4450.294123718125,4450.294123718125,0.0,33.96099660372796,1.58,305,2630,suburban
GLS,30890,0.4,0.6,6293.752660817818,6293.752660817818,0.0,102.53407734275534,23.44,436,2471,rural
GLS,30900,0.4,0.6,7176.610893793414,7176.610893793414,0.0,173.55971997363926,31.36,490,2487,rural
GLS,30916,0.4,0.6,5182.054562818042,5182.054562818042,0.0,59.876286869182046,19.31,308,2276,suburban
GLS,30926,0.4,0.6,5707.156100114085,5707.156100114085,0.0,53.8021301528445,20.06,381,2421,rural
GLS,30938,0.4,0.6,5298.987880460923,5298.987880460923,0.0,153.22446344831192,28.43,321,1873,rural
GLS,30952,0.4,0.6,4052.359581403284,4052.359581403284,0.0,37.755537878390655,11.4,259,1710,suburban
GLS,30966,0.4,0.6,3510.9395596477075,3510.9395596477075,0.0,31.83238567652256,6.33,220,1619,rural
GLS,30974,0.4,0.6,3101.933528043918,3101.933528043918,0.0,53.82702268136371,16.59,214,1120,rural
GLS,30982,0.4,0.6,2386.647671549595,2386.647671549595,0.0,66.6831619829418,6.34,209,1154,rural
GLS,30989,0.4,0.6,3148.477695946504,3148.477695946504,0.0,43.13135688268341,16.28,231,1172,rural
GLS,31275,0.4,0.6,6805.937726269975,6805.937726269975,0.0,129.47251256919432,17.38,507,3227,suburban
GLS,31303,0.4,0.6,5596.886925837495,5596.886925837495,0.0,112.90680951768702,24.81,407,2208,rural
GLS,31311,0.4,0.6,4871.049261225609,4871.049261225609,0.0,139.34872865781722,30.96,326,1483,rural
GLS,31319,0.4,0.6,4437.068207504176,4437.068207504176,0.0,101.18549289373648,11.04,357,1985,rural
GLS,31515,0.4,0.6,8050.858133283889,8050.858133283889,0.0,125.1818077488354,33.59,472,3284,rural
GLS,31535,0.4,0.6,10569.427946070218,10569.427946070218,0.0,357.6158854957556,38.52,705,3227,rural
GLS,31832,0.4,0.6,5153.98445539914,5153.98445539914,0.0,159.3824695169613,16.88,440,2069,rural
Hermes,30159,0.4,0.6,6103.311963748475,6103.311963748475,0.0,6.211813374113814,9.13,207,4412,urban
Hermes,30161,0.4,0.6,3205.3444612983394,3205.3444612983394,0.0,1.7979843382791898,7.9,80,2187,urban
Hermes,30163,0.4,0.6,3151.45637345559,3151.45637345559,0.0,2.603733329707664,6.63,93,2318,urban
Hermes,30165,0.4,0.6,3165.918762514473,3165.918762514473,0.0,4.951012974183712,5.34,89,1888,urban
Hermes,30167,0.4,0.6,4309.333549458941,4309.333549458941,0.0,5.368928981069905,7.27,135,2918,urban
Hermes,30173,0.4,0.6,3377.006730770633,3377.006730770633,0.0,4.775461708125837,11.08,82,1982,urban
Hermes,30177,0.4,0.6,2975.551858278056,2975.551858278056,0.0,3.576189607493106,7.86,76,1604,urban
Hermes,30179,0.4,0.6,2972.7332058248016,2972.7332058248016,0.0,8.305970462175056,5.02,88,1492,suburban
Hermes,30419,0.4,0.6,5546.714589306118,5546.714589306118,0.0,23.77191867081394,4.3,253,3791,suburban
Hermes,30449,0.4,0.6,4264.762288981972,4264.762288981972,0.0,5.186686836161483,9.65,147,2752,urban
Hermes,30453,0.4,0.6,3456.6569376644593,3456.6569376644593,0.0,9.157258958740025,8.55,127,1923,suburban
Hermes,30455,0.4,0.6,3386.0721023475717,3386.0721023475717,0.0,6.967819653017212,9.92,152,1769,suburban
Hermes,30457,0.4,0.6,3390.4448760059295,3390.4448760059295,0.0,6.068989648841514,13.07,130,1718,suburban
Hermes,30459,0.4,0.6,3359.004573372854,3359.004573372854,0.0,7.274391190340525,11.99,121,1718,urban
Hermes,30519,0.4,0.6,5162.317584328793,5162.317584328793,0.0,13.714884737746765,13.8,229,2920,urban
Hermes,30539,0.4,0.6,3748.1337976976,3748.1337976976,0.0,19.21423828970633,16.65,149,1846,rural
Hermes,30559,0.4,0.6,5370.925287647466,5370.925287647466,0.0,19.484913733542943,14.22,216,2928,suburban
Hermes,30625,0.4,0.6,3247.4589705680532,3247.4589705680532,0.0,8.86389555258122,10.86,112,1721,urban
Hermes,30627,0.4,0.6,1976.5200916772521,1976.5200916772521,0.0,3.390385523567528,11.3,80,1110,suburban
Hermes,30629,0.4,0.6,3288.097282907375,3288.097282907375,0.0,14.669809711755615,13.03,120,1544,suburban
Hermes,30655,0.4,0.6,3426.8003677575816,3426.8003677575816,0.0,4.462508901721823,9.19,134,1982,suburban
Hermes,30657,0.4,0.6,3245.628188162223,3245.628188162223,0.0,12.670949194485749,6.89,133,1834,rural
Hermes,30659,0.4,0.6,3215.6998845024846,3215.6998845024846,0.0,11.3882150903338,10.33,126,1587,suburban
Hermes,30823,0.4,0.6,3936.6042296322357,3936.6042296322357,0.0,12.528872220645557,8.05,216,2384,suburban
Hermes,30826,0.4,0.6,4191.43021519428,4191.43021519428,0.0,56.38950461206911,9.0,221,2156,rural
Hermes,30827,0.4,0.6,3247.3865843141566,3247.3865843141566,0.0,10.610683695060027,5.18,139,1865,suburban
Hermes,30851,0.4,0.6,2857.2114343496014,2857.2114343496014,0.0,4.12190647126244,3.44,95,1650,suburban
Hermes,30853,0.4,0.6,2627.454020793578,2627.454020793578,0.0,8.711379660258004,3.75,121,1477,suburban
Hermes,30855,0.4,0.6,8658.56494813409,8658.56494813409,0.0,58.08159729436245,2.52,261,7102,suburban
Hermes,30880,0.4,0.6,6718.354835871605,6718.354835871605,0.0,33.96099660372796,20.27,312,3668,suburban
Hermes,30890,0.4,0.6,7568.635969962485,7568.635969962485,0.0,102.53407734275534,19.74,454,3618,rural
Hermes,30900,0.4,0.6,7696.514876914835,7696.514876914835,0.0,173.55971997363926,12.32,527,3644,rural
Hermes,30916,0.4,0.6,5798.014253899346,5798.014253899346,0.0,59.876286869182046,10.8,310,3232,suburban
Hermes,30926,0.4,0.6,5981.497888198291,5981.497888198291,0.0,53.8021301528445,10.52,393,3537,rural
Hermes,30938,0.4,0.6,6007.684029332934,6007.684029332934,0.0,153.22446344831192,16.57,334,2656,rural
Hermes,30952,0.4,0.6,5277.6182452376,5277.6182452376,0.0,37.755537878390655,15.6,274,2488,suburban
Hermes,30966,0.4,0.6,4601.173469262583,4601.173469262583,0.0,31.83238567652256,16.87,229,2313,rural
Hermes,30974,0.4,0.6,4626.2307003590395,4626.2307003590395,0.0,53.82702268136371,22.19,228,1616,rural
Hermes,30982,0.4,0.6,4596.833861562218,4596.833861562218,0.0,66.6831619829418,23.78,220,1680,rural
Hermes,30989,0.4,0.6,4185.515150068637,4185.515150068637,0.0,43.13135688268341,15.58,242,1681,rural
Hermes,31275,0.4,0.6,9418.194923082388,9418.194923082388,0.0,129.47251256919432,23.26,528,4698,suburban
Hermes,31303,0.4,0.6,6888.21710469868,6888.21710469868,0.0,112.90680951768702,22.27,425,3161,rural
Hermes,31311,0.4,0.6,6231.959144058387,6231.959144058387,0.0,139.34872865781722,32.49,345,2196,rural
Hermes,31319,0.4,0.6,6653.523191455497,6653.523191455497,0.0,101.18549289373648,23.57,378,2907,rural
Hermes,31515,0.4,0.6,9098.73098096226,9098.73098096226,0.0,125.1818077488354,20.37,503,4758,rural
Hermes,31535,0.4,0.6,11828.260970846719,11828.260970846719,0.0,357.6158854957556,19.5,777,4780,rural
Hermes,31832,0.4,0.6,8226.290929342216,8226.290929342216,0.0,159.3824695169613,28.44,458,3015,rural
UPS,30159,0.4,0.6,14124.871351764605,14124.871351764605,0.0,10.98727508223965,10.54,282,11805,urban
UPS,30161,0.4,0.6,5917.055804797465,5917.055804797465,0.0,1.7979843382791898,8.59,80,4726,urban
UPS,30163,0.4,0.6,6504.720392897118,6504.720392897118,0.0,14.485893399375826,6.02,215,5283,urban
UPS,30165,0.4,0.6,3773.2492250252108,3773.2492250252108,0.0,4.951012974183712,6.57,77,2701,urban
UPS,30167,0.4,0.6,6006.644999548211,6006.644999548211,0.0,5.368928981069905,8.81,137,4551,urban
UPS,30419,0.4,0.6,3598.2785262855646,3598.2785262855646,0.0,23.77191867081394,7.09,153,2053,suburban
UPS,30449,0.4,0.6,6798.755020154903,6798.755020154903,0.0,12.46107802650201,12.33,209,4685,urban
UPS,30453,0.4,0.6,3375.021836857729,3375.021836857729,0.0,9.157258958740025,10.59,118,1821,suburban
UPS,30455,0.4,0.6,1985.0500139571805,1985.0500139571805,0.0,6.967819653017212,12.14,99,812,suburban
UPS,30457,0.4,0.6,2069.491599260607,2069.491599260607,0.0,6.068989648841514,14.87,93,1021,suburban
UPS,30519,0.4,0.6,4937.054841641878,4937.054841641878,0.0,13.714884737746765,14.32,178,3064,urban
UPS,30539,0.4,0.6,4533.06046911727,4533.06046911727,0.0,19.21423828970633,16.42,96,2701,rural
UPS,30559,0.4,0.6,5027.435680366569,5027.435680366569,0.0,19.484913733542943,13.47,141,3087,suburban
UPS,30625,0.4,0.6,4315.013444156701,4315.013444156701,0.0,12.254281076148748,10.42,148,2727,urban
UPS,30655,0.4,0.6,2121.9137816651596,2121.9137816651596,0.0,4.462508901721823,8.22,93,1218,suburban
UPS,30657,0.4,0.6,4786.350272484361,4786.350272484361,0.0,12.670949194485749,5.0,96,3745,rural
UPS,30659,0.4,0.6,3729.581575766453,3729.581575766453,0.0,26.058024802089417,10.16,158,2385,suburban
UPS,30823,0.4,0.6,2901.0492307771306,2901.0492307771306,0.0,12.528872220645557,11.23,141,1337,suburban
UPS,30826,0.4,0.6,2179.7117952412614,2179.7117952412614,0.0,56.38950461206911,11.69,77,1105,rural
UPS,30827,0.4,0.6,3291.825156956803,3291.825156956803,0.0,10.610683695060027,8.21,92,2105,suburban
UPS,30853,0.4,0.6,4885.572256538386,4885.572256538386,0.0,12.833286131520444,2.1,167,3668,suburban
UPS,30855,0.4,0.6,12372.313669298126,12372.313669298126,0.0,59.06346106841505,2.73,226,11475,suburban
UPS,30880,0.4,0.6,7164.597554373629,7164.597554373629,0.0,33.96099660372796,20.44,221,4190,suburban
UPS,30890,0.4,0.6,4686.02421265492,4686.02421265492,0.0,102.53407734275534,22.83,246,1795,rural
UPS,30900,0.4,0.6,5252.628048739307,5252.628048739307,0.0,173.55971997363926,10.9,296,2208,rural
UPS,30916,0.4,0.6,6109.051569407693,6109.051569407693,0.0,59.876286869182046,7.96,236,4019,suburban
UPS,30926,0.4,0.6,3963.3498677038015,3963.3498677038015,0.0,53.8021301528445,13.64,194,1634,rural
UPS,30938,0.4,0.6,6063.945568650633,6063.945568650633,0.0,153.22446344831192,13.43,195,3590,rural
UPS,30952,0.4,0.6,3731.55368849277,3731.55368849277,0.0,37.755537878390655,17.72,163,1329,suburban
UPS,30966,0.4,0.6,3533.856164661857,3533.856164661857,0.0,31.83238567652256,18.2,136,1386,rural
UPS,30974,0.4,0.6,3208.8293030723075,3208.8293030723075,0.0,53.82702268136371,24.68,134,1072,rural
UPS,30982,0.4,0.6,3007.173952156455,3007.173952156455,0.0,66.6831619829418,24.88,141,878,rural
UPS,30989,0.4,0.6,3364.1454124269208,3364.1454124269208,0.0,43.13135688268341,18.29,160,1191,rural
UPS,31275,0.4,0.6,6734.00020753597,6734.00020753597,0.0,129.47251256919432,21.19,339,2904,suburban
UPS,31303,0.4,0.6,4633.075702530725,4633.075702530725,0.0,112.90680951768702,19.35,259,1804,rural
UPS,31311,0.4,0.6,3968.942591958489,3968.942591958489,0.0,139.34872865781722,29.65,195,1062,rural
UPS,31319,0.4,0.6,3441.882252785476,3441.882252785476,0.0,101.18549289373648,22.42,153,1055,rural
UPS,31515,0.4,0.6,6718.456041625136,6718.456041625136,0.0,125.1818077488354,23.29,321,3281,rural
UPS,31535,0.4,0.6,8009.28273019456,8009.28273019456,0.0,357.6158854957556,20.99,322,2571,rural
UPS,31832,0.4,0.6,5227.687081644636,5227.687081644636,0.0,159.3824695169613,30.54,251,1605,rural
DHL,30159,0.0,0.7,21753.56850569823,21973.50194568585,1.0009029991270968,6.211813374113814,2.18,221,23058,urban
DHL,30161,0.0,0.7,10459.975512203044,10909.00812046849,4.1161634798211395,1.7979843382791898,1.04,84,11554,urban
DHL,30163,0.0,0.7,9878.61724130199,9914.04927442146,0.3573921425918878,2.603733329707664,1.7,95,10484,urban
DHL,30165,0.0,0.7,8242.533587594171,8565.397376626115,3.7693965012411286,4.951012974183712,1.88,94,8599,urban
DHL,30167,0.0,0.7,12978.12731924585,13540.33589751315,4.152102152580696,5.368928981069905,1.39,142,13892,urban
DHL,30169,0.0,0.7,5425.266894350656,5441.748523674446,0.3028737776486053,2.9960433745102675,2.4,76,5294,urban
DHL,30173,0.0,0.7,8569.440651749883,8900.020227394843,3.714368812639494,4.775461708125837,3.83,88,8547,urban
DHL,30177,0.0,0.7,6112.942732862199,6717.193405547422,8.995582473272252,3.576189607493106,2.83,80,6260,urban
DHL,30179,0.0,0.7,6275.589742542547,7015.019470078845,10.540665363655606,8.305970462175056,3.55,96,6322,suburban
DHL,30419,0.0,0.7,14623.395115425896,15260.397562746597,4.174219214810891,23.77191867081394,5.16,274,14775,suburban
DHL,30449,0.0,0.7,7286.6348606154415,7432.014762814106,1.9561304281319358,2.190643461651216,1.56,91,7431,urban
DHL,30453,0.0,0.7,8811.998427845932,8728.871611104647,-0.9523203049009638,9.157258958740025,2.98,148,8150,suburban
DHL,30455,0.0,0.7,6829.079176599189,7560.480077937329,9.67400077506299,6.967819653017212,3.04,160,6748,suburban
DHL,30457,0.0,0.7,6680.582711587114,7333.849598031452,8.907557725477314,6.068989648841514,2.4,139,6736,suburban
DHL,30459,0.0,0.7,6425.135358580531,6748.368740605874,4.789800238395438,7.274391190340525,1.24,125,6561,urban
DHL,30519,0.0,0.7,12940.126284409856,13335.327593044716,2.963566555657652,13.714884737746765,5.03,248,12645,urban
DHL,30539,0.0,0.7,8859.431474844901,9296.282509988963,4.699201370813122,19.21423828970633,3.99,164,8372,rural
DHL,30559,0.0,0.7,12481.31247028207,12462.482929522981,-0.15108980181214407,19.484913733542943,1.93,224,12320,suburban
DHL,30625,0.0,0.7,7228.278498888253,8084.182917612831,10.587395503630157,8.86389555258122,4.99,117,7084,urban
DHL,30627,0.0,0.7,5245.705244325659,5566.459185356654,5.762261616411083,3.390385523567528,4.61,82,4809,suburban
DHL,30629,0.0,0.7,6362.526513042162,6830.019894903581,6.8446855068497365,14.669809711755615,4.28,124,5907,suburban
DHL,30655,0.0,0.7,7879.579011146104,8770.048460462032,10.15352940557202,4.462508901721823,5.25,139,7945,suburban
DHL,30657,0.0,0.7,9249.849844575569,9997.913539537092,7.4821980806623305,12.670949194485749,6.56,140,9056,rural
DHL,30659,0.0,0.7,7721.871137238935,7841.281218861646,1.522838912287427,11.3882150903338,7.01,131,6829,suburban
DHL,30823,0.0,0.7,10157.980695693937,10202.29191336214,0.43432611068663163,12.528872220645557,3.26,227,9437,suburban
DHL,30826,0.0,0.7,8951.573695855177,9289.171862330428,3.6343193072386066,56.38950461206911,1.44,239,8281,rural
DHL,30827,0.0,0.7,8343.787764157974,8499.259441991915,1.8292379341405753,10.610683695060027,3.25,153,8048,suburban
DHL,30851,0.0,0.7,6694.510095204646,7091.396611882496,5.596732750962174,4.12190647126244,5.02,97,6654,suburban
DHL,30853,0.0,0.7,7595.374679072893,8087.121413003322,6.080615200604599,8.711379660258004,6.98,132,7164,suburban
DHL,30855,0.0,0.7,33691.59944491065,33181.974645551454,-1.5358483176573696,59.06346106841505,5.9,278,32854,suburban
DHL,30880,0.0,0.7,17244.052299961644,17626.17972557684,2.167953757221149,33.96099660372796,5.11,360,16161,suburban
DHL,30890,0.0,0.7,15898.95188935694,16098.044263724361,1.2367488317575301,102.53407734275534,4.73,504,13989,rural
DHL,30900,0.0,0.7,16558.311204757556,17593.529073393336,5.884083087123995,173.55971997363926,4.94,590,14609,rural
DHL,30916,0.0,0.7,16570.078147284366,17062.590954336305,2.8865065591153427,59.876286869182046,11.0,355,14499,suburban
DHL,30926,0.0,0.7,14066.017603534794,14775.4174568136,4.801216989992189,53.8021301528445,0.37,429,13519,rural
DHL,30938,0.0,0.7,13911.926455515451,14888.20103197316,6.557370997080908,153.22446344831192,10.53,355,12030,rural
DHL,30952,0.0,0.7,10046.550106108674,11029.332668750209,8.910625802647937,37.755537878390655,5.68,286,9709,suburban
DHL,30966,0.0,0.7,10139.950613816782,10564.896592403224,4.0222445612198685,31.83238567652256,5.52,237,9182,rural
DHL,30974,0.0,0.7,7105.70656678057,7602.589230059956,6.535703143275934,53.82702268136371,1.4,244,6515,rural
DHL,30982,0.0,0.7,7404.337849212977,8026.683955967339,7.75346469561302,66.6831619829418,2.77,239,6551,rural
DHL,30989,0.0,0.7,7738.68167854689,8197.588934134921,5.598075962032352,43.13135688268341,5.72,271,6841,rural
DHL,31275,0.0,0.7,20047.45724258311,20490.51279819747,2.162247279889131,129.47251256919432,2.93,571,18743,suburban
DHL,31303,0.0,0.7,14080.274200879247,14494.326252546625,2.8566491774298965,112.90680951768702,1.84,468,12605,rural
DHL,31311,0.0,0.7,10116.264368585567,10485.698502104207,3.523219110720227,139.34872865781722,3.81,380,8577,rural
DHL,31319,0.0,0.7,12002.336895437053,12204.762656945873,1.6585800740141226,101.18549289373648,0.58,411,10967,rural
DHL,31515,0.0,0.7,21116.813594558276,21088.897809861297,-0.13237194730928828,125.1818077488354,5.28,537,19286,rural
DHL,31535,0.0,0.7,22277.58221150549,22512.716761824166,1.0444521325715925,357.6158854957556,5.5,880,18533,rural
DHL,31832,0.0,0.7,13826.174704210413,14457.781202836444,4.368626760668628,159.3824695169613,4.65,515,11902,rural
Amazon,30159,0.0,0.7,11469.75428260272,11555.196270293998,0.7394248067506349,6.211813374113814,13.81,221,9019,urban
Amazon,30161,0.0,0.7,5605.817130377639,6224.7449789257325,9.943023379166744,1.7979843382791898,12.74,83,4512,urban
Amazon,30163,0.0,0.7,5527.743923765472,5889.0064831046275,6.134524734785174,2.603733329707664,12.41,93,4469,urban
Amazon,30165,0.0,0.7,4762.6019860062715,4750.233821598029,-0.2603695917453135,4.951012974183712,10.52,92,3574,urban
Amazon,30167,0.0,0.7,7166.026775446762,7175.254343343608,0.1286026592967489,5.368928981069905,10.65,139,5730,urban
Amazon,30173,0.0,0.7,4849.090182661642,5164.654397653723,6.110074182997426,4.775461708125837,15.11,87,3759,urban
Amazon,30177,0.0,0.7,4041.7317752481013,4343.242376782357,6.942062527894797,3.576189607493106,13.99,79,2906,urban
Amazon,30179,0.0,0.7,3729.5056338242803,4390.652005410074,15.05804538303519,8.305970462175056,12.08,95,2781,suburban
Amazon,30419,0.0,0.7,8518.2098349901,8519.368501277868,0.013600377628850354,23.77191867081394,6.74,265,6859,suburban
Amazon,30449,0.0,0.7,6616.833856590872,7005.60345798299,5.549409179720412,5.186686836161483,12.61,159,5275,urban
Amazon,30453,0.0,0.7,4843.450214810703,4970.930164967193,2.5645089736908755,9.157258958740025,9.82,139,3593,suburban
Amazon,30455,0.0,0.7,4507.207784773665,4820.378887430032,6.496815083831163,6.967819653017212,9.84,158,3165,suburban
Amazon,30457,0.0,0.7,4560.918640993769,4934.7989617734975,7.576404300882824,6.068989648841514,13.37,135,3134,suburban
Amazon,30459,0.0,0.7,4495.335709233069,4858.408897775894,7.473088333693657,7.274391190340525,13.92,124,3087,urban
Amazon,30519,0.0,0.7,7449.994990620816,8140.269152347262,8.479746170646024,13.714884737746765,17.38,242,5508,urban
Amazon,30539,0.0,0.7,5260.539856181179,5821.859629336905,9.641588923360192,19.21423828970633,21.37,157,3516,rural
Amazon,30559,0.0,0.7,7435.421173069497,8252.52270516162,9.901233371718677,19.484913733542943,20.15,222,5369,suburban
Amazon,30625,0.0,0.7,4302.9100884681,4932.584335545381,12.765605294159851,8.86389555258122,16.66,114,3180,urban
Amazon,30627,0.0,0.7,3160.1308329990075,3472.360903435115,8.99186689169396,3.390385523567528,17.89,79,2090,suburban
Amazon,30629,0.0,0.7,4081.2083544842576,4629.145185289602,11.836674134709922,14.669809711755615,20.32,122,2757,suburban
Amazon,30655,0.0,0.7,4985.604451351022,5061.237427944449,1.494357411012513,4.462508901721823,16.14,137,3642,suburban
Amazon,30657,0.0,0.7,4923.154775792952,5227.080664344542,5.814448026883499,12.670949194485749,15.05,138,3559,rural
Amazon,30659,0.0,0.7,4098.366118020712,4975.003626465991,17.62084159661209,11.3882150903338,18.11,130,3002,suburban
Amazon,30823,0.0,0.7,5749.033981039324,5705.037154540299,-0.7711926374399026,12.528872220645557,1.29,222,4370,suburban
Amazon,30826,0.0,0.7,5155.81938789814,5673.254342811335,9.120602103250391,56.38950461206911,3.98,233,3852,rural
Amazon,30827,0.0,0.7,4481.920202278048,4536.061456785562,1.1935740955741,10.610683695060027,3.78,150,3498,suburban
Amazon,30851,0.0,0.7,4262.209114248955,4490.007090916008,5.073443583818021,4.12190647126244,11.33,96,3032,suburban
Amazon,30853,0.0,0.7,4056.1955791508053,4319.068900643669,6.086342393234049,8.711379660258004,12.37,128,2911,suburban
Amazon,30855,0.0,0.7,16191.693531831923,16244.345238115564,0.3241232903626033,59.06346106841505,9.96,271,13592,suburban
Amazon,30880,0.0,0.7,10030.089440191872,11278.054808972109,11.065430962327245,33.96099660372796,23.78,345,6971,suburban
Amazon,30890,0.0,0.7,9297.647628989269,10080.548522471709,7.766451316981266,102.53407734275534,12.55,490,6502,rural
Amazon,30900,0.0,0.7,9815.554055916877,12085.38072969665,18.781590125681934,173.55971997363926,17.55,570,6667,rural
Amazon,30916,0.0,0.7,8803.649891387238,9904.82527723206,11.117564974882107,59.876286869182046,19.41,344,6164,suburban
Amazon,30926,0.0,0.7,8016.266750528837,8752.96361616949,8.416542075871781,53.8021301528445,4.34,415,6338,rural
Amazon,30938,0.0,0.7,7552.333996346013,9384.90809448861,19.52681986538362,153.22446344831192,24.95,346,5072,rural
Amazon,30952,0.0,0.7,6694.623384339938,7076.623355325187,5.398054295171618,37.755537878390655,14.14,275,4476,suburban
Amazon,30966,0.0,0.7,6390.242335083654,6955.194722247112,8.122740048619809,31.83238567652256,17.79,233,4221,rural
Amazon,30974,0.0,0.7,4621.595442722635,5436.138154721389,14.983848622230246,53.82702268136371,18.26,240,2971,rural
Amazon,30982,0.0,0.7,4775.096353778989,6084.06789519755,21.514742503971643,66.6831619829418,24.57,233,3044,rural
Amazon,30989,0.0,0.7,4848.974938042809,5499.955907320829,11.836112511584291,43.13135688268341,11.39,265,3112,rural
Amazon,31275,0.0,0.7,12701.069726285463,14129.512676709497,10.109640601962305,129.47251256919432,30.8,550,8588,suburban
Amazon,31303,0.0,0.7,9201.445218195635,10291.231205914351,10.589461706898767,112.90680951768702,30.88,449,5793,rural
Amazon,31311,0.0,0.7,6615.26512206007,8790.113460938559,24.741982552819866,139.34872865781722,40.99,367,3965,rural
Amazon,31319,0.0,0.7,8176.961239175307,9320.815628099372,12.272041788657399,101.18549289373648,29.57,396,5228,rural
Amazon,31515,0.0,0.7,11849.538856875344,12450.58174407703,4.827428143970964,125.1818077488354,12.09,525,8733,rural
Amazon,31535,0.0,0.7,12969.39261187765,15851.91067139521,18.184041780648347,357.6158854957556,16.13,834,8625,rural
Amazon,31832,0.0,0.7,8622.25040636509,11355.500473785536,24.069833590604162,159.3824695169613,25.63,491,5466,rural
DPD,30159,0.0,0.7,6258.609704615211,6656.069904499083,5.971394615540539,6.211813374113814,13.32,219,4783,urban
DPD,30161,0.0,0.7,3121.329408515479,3438.6384541878197,9.227752492731508,1.7979843382791898,14.05,84,2359,urban
DPD,30163,0.0,0.7,2913.791413252599,3176.704105051865,8.276272611640476,2.603733329707664,14.01,92,2106,urban
DPD,30165,0.0,0.7,2538.68519242701,3109.5847921201566,18.359351420158564,4.951012974183712,15.88,91,1757,urban
DPD,30167,0.0,0.7,4035.7470922538705,4548.61275587726,11.275210512495612,5.368928981069905,16.37,138,2824,urban
DPD,30173,0.0,0.7,2423.8634440270826,3042.0725720869623,20.32197172849719,4.775461708125837,13.13,86,1708,urban
DPD,30177,0.0,0.7,1777.0592605827087,2301.8161532682093,22.797515428868202,3.576189607493106,12.44,75,1250,urban
DPD,30179,0.0,0.7,1779.5746638813105,2402.9493976963904,25.942066629146826,8.305970462175056,14.42,89,1256,suburban
DPD,30419,0.0,0.7,4439.4613223357355,5350.888005691542,17.033185564458755,23.77191867081394,19.64,257,2858,suburban
DPD,30449,0.0,0.7,3447.3667356654487,4115.648431001423,16.237579728678803,5.186686836161483,15.53,161,2554,urban
DPD,30453,0.0,0.7,2481.683355883808,3546.158276962033,30.017693456992358,9.157258958740025,18.23,137,1619,suburban
DPD,30455,0.0,0.7,2107.807838835743,3189.32194545774,33.910471414223295,6.967819653017212,19.47,151,1318,suburban
DPD,30457,0.0,0.7,2047.7526680747726,3071.8681502213976,33.33852340221094,6.068989648841514,18.69,130,1335,suburban
DPD,30459,0.0,0.7,2153.955523718082,2692.648089162524,20.006051574752483,7.274391190340525,16.25,119,1284,urban
DPD,30519,0.0,0.7,3501.541610140452,4359.743796141659,19.684693095055483,12.113461405690837,12.99,227,2540,urban
DPD,30539,0.0,0.7,2486.5741892331475,3283.465182476126,24.269817066920353,19.21423828970633,9.52,156,1695,rural
DPD,30559,0.0,0.7,3303.1769063158467,3964.267070732265,16.676226717850877,19.484913733542943,7.42,213,2467,suburban
DPD,30625,0.0,0.7,2051.14607011454,2879.61806243138,28.770204046342418,8.86389555258122,10.22,108,1405,urban
DPD,30627,0.0,0.7,1412.8752980245802,1734.323815852828,18.53451557834834,3.390385523567528,8.59,77,971,suburban
DPD,30629,0.0,0.7,1791.810352940558,2209.7242260325893,18.912489991675,14.669809711755615,6.08,121,1173,suburban
DPD,30655,0.0,0.7,2177.7449326197348,2902.8311877698657,24.97858842791292,4.462508901721823,10.23,132,1537,suburban
DPD,30657,0.0,0.7,2777.333499830768,3254.827165454566,14.670323226121655,12.670949194485749,12.26,136,1866,rural
DPD,30659,0.0,0.7,2273.255815335616,2732.1680399331904,16.796632487099743,11.3882150903338,8.73,122,1368,suburban
DPD,30823,0.0,0.7,2987.055924492,4031.85332034608,25.913576532699814,12.528872220645557,25.25,211,1867,suburban
DPD,30826,0.0,0.7,2959.5651348951906,4659.6772590054525,36.48561970305061,56.38950461206911,27.87,212,1639,rural
DPD,30827,0.0,0.7,2498.4463991503185,3693.9834286058103,32.364439434064096,10.610683695060027,23.76,145,1601,suburban
DPD,30851,0.0,0.7,2035.5564550134693,2392.8715311930196,14.932480558260593,4.12190647126244,15.63,96,1281,suburban
DPD,30853,0.0,0.7,2219.959869791763,3054.623065805542,27.324588927428522,8.711379660258004,15.68,120,1470,suburban
DPD,30855,0.0,0.7,8964.030936364741,9651.557570967712,7.123478563409081,59.06346106841505,19.88,265,6668,suburban
DPD,30880,0.0,0.7,4881.954964844721,5651.747006229777,13.620426401545114,33.96099660372796,12.89,328,3235,suburban
DPD,30890,0.0,0.7,4981.87496662874,6923.102121964851,28.039845738765003,102.53407734275534,32.64,451,2726,rural
DPD,30900,0.0,0.7,5319.70772669987,7912.531093330155,32.768570967334306,173.55971997363926,25.52,515,2839,rural
DPD,30916,0.0,0.7,4235.913521971374,5505.336403799816,23.058043845463803,59.876286869182046,10.68,308,2914,suburban
DPD,30926,0.0,0.7,4438.776965458636,6146.851473398595,27.787795350707633,53.8021301528445,25.6,384,2637,rural
DPD,30938,0.0,0.7,3926.325470846579,5614.10632319326,30.063214965738037,153.22446344831192,17.56,317,2412,rural
DPD,30952,0.0,0.7,3168.5555363084436,4651.5791758270425,31.882154069857787,37.755537878390655,21.73,266,1895,suburban
DPD,30966,0.0,0.7,2890.373397774566,4054.5734078226283,28.713255204651887,31.83238567652256,17.93,217,1807,rural
DPD,30974,0.0,0.7,2457.3510536317262,4049.5746175540357,39.31829177860713,53.82702268136371,28.84,224,1280,rural
DPD,30982,0.0,0.7,2327.9905644602127,3635.1428609264503,35.95875998483035,66.6831619829418,20.59,218,1278,rural
DPD,30989,0.0,0.7,2614.9337520269355,4189.963023652114,37.59052914630091,43.13135688268341,25.63,242,1356,rural
DPD,31275,0.0,0.7,5123.513925286121,6310.744546848563,18.81284550101647,129.47251256919432,4.47,516,3643,suburban
DPD,31303,0.0,0.7,3935.9303791856064,5298.7418231419815,25.719529077721173,112.90680951768702,10.77,417,2491,rural
DPD,31311,0.0,0.7,3057.106813310705,4503.622414154428,32.11893599910755,139.34872865781722,17.19,336,1650,rural
DPD,31319,0.0,0.7,3333.768665929687,4393.641206526262,24.122874189686975,101.18549289373648,7.08,368,2115,rural
DPD,31515,0.0,0.7,6589.621888414438,8672.940895409381,24.02090631215591,125.1818077488354,38.45,488,3812,rural
DPD,31535,0.0,0.7,7232.155767372169,10736.90548199021,32.64208407624349,357.6158854957556,38.17,720,3582,rural
DPD,31832,0.0,0.7,4566.3419049991,6479.205569246742,29.52312044746602,159.3824695169613,30.86,456,2309,rural
FedEx,30159,0.0,0.7,11737.629350710045,12214.299279183924,3.9025564838274263,10.98727508223965,11.75,273,9864,urban
FedEx,30161,0.0,0.7,4499.6339786808285,5224.187237195072,13.86920540204958,1.7979843382791898,9.67,80,3810,urban
FedEx,30163,0.0,0.7,7312.614328463729,8257.65060106912,11.444372234434768,19.436906373559538,7.51,263,6210,urban
FedEx,30167,0.0,0.7,4572.40842244622,5175.6698343295675,11.655716674235865,5.368928981069905,8.96,132,3775,urban
FedEx,30419,0.0,0.7,2293.2934340281217,3306.0595520416546,30.633632034489516,23.77191867081394,5.53,136,1709,suburban
FedEx,30449,0.0,0.7,4815.081747236325,5430.5021475969215,11.332661025333158,12.46107802650201,12.7,204,3703,urban
FedEx,30453,0.0,0.7,2152.9716676243197,3326.3835685835006,35.27590480068611,9.157258958740025,10.07,106,1516,suburban
FedEx,30455,0.0,0.7,1239.2733769233428,1959.2973539377524,36.74909148258284,6.967819653017212,11.34,85,612,suburban
FedEx,30457,0.0,0.7,1303.1029040735853,1996.1328134447208,34.71862717266672,6.068989648841514,14.63,82,778,suburban
FedEx,30519,0.0,0.7,3505.861994565318,4147.606607808722,15.472649022093563,13.714884737746765,15.57,154,2372,urban
FedEx,30539,0.0,0.7,3450.654276264405,4110.789837016759,16.058606421762995,19.21423828970633,18.41,81,2429,rural
FedEx,30559,0.0,0.7,4214.234702098658,5375.733073538704,21.60632523138769,34.15472344529856,15.2,165,3144,suburban
FedEx,30625,0.0,0.7,3061.4863300889283,3602.9465575642243,15.028261419490795,12.254281076148748,12.66,134,2229,urban
FedEx,30655,0.0,0.7,3003.964389781568,3651.3066283117864,17.729057141101368,15.85072399205562,11.41,144,2242,suburban
FedEx,30657,0.0,0.7,4149.895951888114,4510.957538899967,8.004100767924792,12.670949194485749,8.22,82,3429,rural
FedEx,30823,0.0,0.7,1263.7882241022987,2013.2163655803622,37.225414728934076,12.528872220645557,8.07,113,878,suburban
FedEx,30827,0.0,0.7,3556.4769800361673,4491.66174623818,20.820462871792184,67.00018830712914,7.42,137,2757,suburban
FedEx,30853,0.0,0.7,3585.8413022164405,4558.287686101956,21.33358951543289,12.833286131520444,4.82,152,3029,suburban
FedEx,30855,0.0,0.7,10696.53594740989,11164.944696921486,4.1953521690147815,59.06346106841505,1.5,210,9970,suburban
FedEx,30880,0.0,0.7,5047.747697764352,6033.650689518244,16.34007406936266,33.96099660372796,22.05,184,3498,suburban
FedEx,30890,0.0,0.7,2270.6621638257066,3937.614024274669,42.33405941193092,102.53407734275534,20.22,167,1281,rural
FedEx,30900,0.0,0.7,2708.5827075114103,4467.0239843658765,39.36493923043237,173.55971997363926,10.92,207,1597,rural
FedEx,30916,0.0,0.7,4282.475511557622,5459.16940205895,21.55444910827521,59.876286869182046,11.65,204,3245,suburban
FedEx,30926,0.0,0.7,1937.0730250683275,3230.0558047592294,40.029735021475325,53.8021301528445,10.98,152,1266,rural
FedEx,30938,0.0,0.7,4425.9564460767215,5737.710883078335,22.861982134203412,153.22446344831192,16.47,151,3131,rural
FedEx,30952,0.0,0.7,1778.8651355394823,2694.734755168253,33.98737548740993,37.755537878390655,17.01,132,979,suburban
FedEx,30966,0.0,0.7,1714.023038947917,2504.2719321468335,31.55603363415334,31.83238567652256,18.53,102,1063,rural
FedEx,30974,0.0,0.7,1506.1558890363774,2454.671117478426,38.64123473357262,53.82702268136371,23.36,94,802,rural
FedEx,30982,0.0,0.7,1536.2018187755525,2716.2138956601093,43.44326780633687,66.6831619829418,25.47,105,618,rural
FedEx,30989,0.0,0.7,1458.4624415303238,2473.2391948618315,41.03027137204166,43.13135688268341,16.61,128,876,rural
FedEx,31275,0.0,0.7,3410.783950662146,5422.493872435705,37.099348917658226,129.47251256919432,24.61,246,2133,suburban
FedEx,31303,0.0,0.7,2279.378734367106,3973.889348501275,42.64111215812393,112.90680951768702,23.03,195,1243,rural
FedEx,31311,0.0,0.7,1651.8552893379353,3062.8021398398528,46.067189001496935,139.34872865781722,33.34,113,675,rural
FedEx,31319,0.0,0.7,1559.2862070852573,2817.067630852216,44.64860587626205,101.18549289373648,25.21,119,751,rural
FedEx,31515,0.0,0.7,3836.4113084394867,5470.280769208987,29.868109694957415,125.1818077488354,19.63,249,2478,rural
FedEx,31535,0.0,0.7,3608.5423759388427,6228.495098699879,42.063976630693965,357.6158854957556,17.87,237,2005,rural
FedEx,31832,0.0,0.7,2437.3476845179275,4547.708372184966,46.4049256230805,159.3824695169613,29.81,182,1068,rural
GLS,30159,0.0,0.7,4730.632275281558,4840.335510593373,2.2664386605375464,6.211813374113814,11.0,208,3332,urban
GLS,30161,0.0,0.7,2432.321956038827,3003.1123197883485,19.006627224310723,1.7979843382791898,12.21,80,1649,urban
GLS,30163,0.0,0.7,4224.376418974826,4530.9209569497225,6.7656121324452805,6.17992293720077,13.11,162,2801,urban
GLS,30165,0.0,0.7,2166.6776433187415,2518.402065806431,13.9661743159769,4.951012974183712,14.79,86,1358,urban
GLS,30167,0.0,0.7,3102.008735650542,3486.1823236641876,11.019893750417967,5.368928981069905,13.23,133,2147,urban
GLS,30173,0.0,0.7,2262.051489907874,2554.876072428404,11.46140064015711,4.775461708125837,9.02,83,1424,urban
GLS,30179,0.0,0.7,1622.6094138914473,2012.9451781141186,19.391276447397725,8.305970462175056,15.58,89,1034,suburban
GLS,30419,0.0,0.7,4033.8650395480295,5101.804856969734,20.93258851252922,23.77191867081394,17.6,248,2617,suburban
GLS,30449,0.0,0.7,2797.527910165491,3412.5020081467483,18.02120838355889,5.186686836161483,10.84,150,1981,urban
GLS,30453,0.0,0.7,2304.342127516648,3168.728615727752,27.27865314564287,9.157258958740025,13.29,125,1373,suburban
GLS,30455,0.0,0.7,2015.495112932971,2732.89498767275,26.2505466904418,6.967819653017212,13.26,149,1201,suburban
GLS,30457,0.0,0.7,1878.426996673489,2344.3788154149365,19.875278503528783,6.068989648841514,10.08,128,1189,suburban
GLS,30459,0.0,0.7,1824.785813534452,2084.898287419,12.476027029911101,7.274391190340525,9.13,113,1169,urban
GLS,30519,0.0,0.7,2985.4351772373016,3551.9496596439303,15.949395027839998,13.714884737746765,6.3,224,2084,urban
GLS,30539,0.0,0.7,2222.1042656727604,2580.3663075652257,13.88415438699915,19.21423828970633,5.29,145,1310,rural
GLS,30559,0.0,0.7,3055.6736938006748,3658.07773972127,16.467775940882436,19.484913733542943,8.92,208,2040,suburban
GLS,30625,0.0,0.7,1871.919885809627,2259.1204653397162,17.139439240654387,8.86389555258122,10.34,105,1185,urban
GLS,30627,0.0,0.7,1402.3103241686667,1778.1322716706136,21.13577001495225,3.390385523567528,11.43,78,774,suburban
GLS,30629,0.0,0.7,1706.5826975179452,2143.7517893568083,20.39271029460119,14.669809711755615,12.94,116,1080,suburban
GLS,30655,0.0,0.7,2396.2764812061255,2960.5284409044616,19.059163624381643,4.462508901721823,13.05,124,1383,suburban
GLS,30657,0.0,0.7,2302.669632316128,2873.29432340711,19.85959762083626,12.670949194485749,16.66,127,1325,rural
GLS,30659,0.0,0.7,1952.2126635981006,2313.189380462103,15.605151913324567,11.3882150903338,14.84,124,1138,suburban
GLS,30823,0.0,0.7,2837.4114289488457,4081.0154973189988,30.47290727484696,12.528872220645557,21.76,209,1687,suburban
GLS,30826,0.0,0.7,3032.7855144500168,4802.849009920454,36.854448095584694,56.38950461206911,26.25,214,1480,rural
GLS,30827,0.0,0.7,2630.082481882,3413.7429042160657,22.95604690576503,10.610683695060027,22.43,133,1331,suburban
GLS,30851,0.0,0.7,1866.852272730473,2060.2946146334557,9.389062153006584,4.12190647126244,17.37,95,1137,suburban
GLS,30853,0.0,0.7,1758.2359510269055,2481.088173620477,29.134483420585745,8.711379660258004,18.94,117,1083,suburban
GLS,30855,0.0,0.7,7516.170239378466,8370.230959567252,10.20355022835525,58.08159729436245,22.3,262,5111,suburban
GLS,30880,0.0,0.7,3624.0672550948543,4450.294123718125,18.56566882219856,33.96099660372796,1.58,305,2630,suburban
GLS,30890,0.0,0.7,4578.99791049239,6293.752660817818,27.245346977181832,102.53407734275534,23.44,436,2471,rural
GLS,30900,0.0,0.7,5007.030773894595,7176.610893793414,30.231263085130454,173.55971997363926,31.36,490,2487,rural
GLS,30916,0.0,0.7,3785.2739803276795,5182.054562818042,26.95418517034645,59.876286869182046,19.31,308,2276,suburban
GLS,30926,0.0,0.7,4150.742443872008,5707.156100114085,27.271264863615077,53.8021301528445,20.06,381,2421,rural
GLS,30938,0.0,0.7,3572.6619468482622,5298.987880460923,32.57840879346378,153.22446344831192,28.43,321,1873,rural
GLS,30952,0.0,0.7,2710.1880662512012,4052.359581403284,33.12074084717094,37.755537878390655,11.4,259,1710,suburban
GLS,30966,0.0,0.7,2448.80579643035,3510.9395596477075,30.252123261385155,31.83238567652256,6.33,220,1619,rural
GLS,30974,0.0,0.7,2138.4203901243727,3101.933528043918,31.06169520425338,53.82702268136371,16.59,214,1120,rural
GLS,30982,0.0,0.7,1859.5546972392483,2386.647671549595,22.08507693002367,66.6831619829418,6.34,209,1154,rural
GLS,30989,0.0,0.7,2239.143015201291,3148.477695946504,28.881725346694775,43.13135688268341,16.28,231,1172,rural
GLS,31275,0.0,0.7,5369.787164699735,6805.937726269975,21.101435530726338,129.47251256919432,17.38,507,3227,suburban
GLS,31303,0.0,0.7,4018.8807179109635,5596.886925837495,28.19435569873346,112.90680951768702,24.81,407,2208,rural
GLS,31311,0.0,0.7,3151.2963880392276,4871.049261225609,35.30559394822612,139.34872865781722,30.96,326,1483,rural
GLS,31319,0.0,0.7,3361.4944185423738,4437.068207504176,24.240641312268806,101.18549289373648,11.04,357,1985,rural
GLS,31515,0.0,0.7,5941.081323563937,8050.858133283889,26.205614045013473,125.1818077488354,33.59,472,3284,rural
GLS,31535,0.0,0.7,7089.525432111505,10569.427946070218,32.924227609239374,357.6158854957556,38.52,705,3227,rural
GLS,31832,0.0,0.7,4003.8106474551023,5153.98445539914,22.316206381630707,159.3824695169613,16.88,440,2069,rural
Hermes,30159,0.0,0.7,6068.2749401005385,6103.311963748475,0.574065750793081,6.211813374113814,9.13,207,4412,urban
Hermes,30161,0.0,0.7,3066.069849736417,3205.3444612983394,4.345074710176661,1.7979843382791898,7.9,80,2187,urban
Hermes,30163,0.0,0.7,3064.847843127023,3151.45637345559,2.748206545331294,2.603733329707664,6.63,93,2318,urban
Hermes,30165,0.0,0.7,2919.433952944951,3165.918762514473,7.785569626358824,4.951012974183712,5.34,89,1888,urban
Hermes,30167,0.0,0.7,3848.8495660348035,4309.333549458941,10.685735465567607,5.368928981069905,7.27,135,2918,urban
Hermes,30173,0.0,0.7,2731.108968151915,3377.006730770633,19.126339214352825,4.775461708125837,11.08,82,1982,urban
Hermes,30177,0.0,0.7,2259.2574276405794,2975.551858278056,24.072658274959263,3.576189607493106,7.86,76,1604,urban
Hermes,30179,0.0,0.7,2136.5896817322227,2972.7332058248016,28.127096049326973,8.305970462175056,5.02,88,1492,suburban
Hermes,30419,0.0,0.7,4956.168456322722,5546.714589306118,10.646773391260288,23.77191867081394,4.3,253,3791,suburban
Hermes,30449,0.0,0.7,3877.2821342154853,4264.762288981972,9.085621390142734,5.186686836161483,9.65,147,2752,urban
Hermes,30453,0.0,0.7,2728.9121423900124,3456.6569376644593,21.053428454087733,9.157258958740025,8.55,127,1923,suburban
Hermes,30455,0.0,0.7,2728.750887159187,3386.0721023475717,19.412499064407466,6.967819653017212,9.92,152,1769,suburban
Hermes,30457,0.0,0.7,2885.4022642862974,3390.4448760059295,14.896057307812393,6.068989648841514,13.07,130,1718,suburban
Hermes,30459,0.0,0.7,2480.1680276044945,3359.004573372854,26.163600750501494,7.274391190340525,11.99,121,1718,urban
Hermes,30519,0.0,0.7,4485.064835080841,5162.317584328793,13.119160884326122,13.714884737746765,13.8,229,2920,urban
Hermes,30539,0.0,0.7,2949.318256697696,3748.1337976976,21.312353937060614,19.21423828970633,16.65,149,1846,rural
Hermes,30559,0.0,0.7,4629.351681713494,5370.925287647466,13.807185284060996,19.484913733542943,14.22,216,2928,suburban
Hermes,30625,0.0,0.7,2684.9717211281154,3247.4589705680532,17.320842373615772,8.86389555258122,10.86,112,1721,urban
Hermes,30627,0.0,0.7,1612.7011660659998,1976.5200916772521,18.407044134953356,3.390385523567528,11.3,80,1110,suburban
Hermes,30629,0.0,0.7,2540.3677265121814,3288.097282907375,22.740493728155208,14.669809711755615,13.03,120,1544,suburban
Hermes,30655,0.0,0.7,2861.7137087197766,3426.8003677575816,16.490212396223843,4.462508901721823,9.19,134,1982,suburban
Hermes,30657,0.0,0.7,2661.7872955531666,3245.628188162223,17.988532843610948,12.670949194485749,6.89,133,1834,rural
Hermes,30659,0.0,0.7,2500.9876516126787,3215.6998845024846,22.225713174734963,11.3882150903338,10.33,126,1587,suburban
Hermes,30823,0.0,0.7,3456.4823882070204,3936.6042296322357,12.196345210706362,12.528872220645557,8.05,216,2384,suburban
Hermes,30826,0.0,0.7,3290.650346564192,4191.43021519428,21.49099048254905,56.38950461206911,9.0,221,2156,rural
Hermes,30827,0.0,0.7,2652.1690196428676,3247.3865843141566,18.329125566582277,10.610683695060027,5.18,139,1865,suburban
Hermes,30851,0.0,0.7,2301.90029386681,2857.2114343496014,19.435423427430006,4.12190647126244,3.44,95,1650,suburban
Hermes,30853,0.0,0.7,2368.7285128103586,2627.454020793578,9.847004207711148,8.711379660258004,3.75,121,1477,suburban
Hermes,30855,0.0,0.7,8923.81048066825,8658.56494813409,-3.063389073397433,58.08159729436245,2.52,261,7102,suburban
Hermes,30880,0.0,0.7,5747.06136928644,6718.354835871605,14.457311206593252,33.96099660372796,20.27,312,3668,suburban
Hermes,30890,0.0,0.7,5941.178061454639,7568.635969962485,21.50265800821589,102.53407734275534,19.74,454,3618,rural
Hermes,30900,0.0,0.7,6014.464746790736,7696.514876914835,21.854698613905008,173.55971997363926,12.32,527,3644,rural
Hermes,30916,0.0,0.7,4691.9972953457445,5798.014253899346,19.075788884267926,59.876286869182046,10.8,310,3232,suburban
Hermes,30926,0.0,0.7,5323.041317868415,5981.497888198291,11.008222064727871,53.8021301528445,10.52,393,3537,rural
Hermes,30938,0.0,0.7,4330.947051024772,6007.684029332934,27.909872924763977,153.22446344831192,16.57,334,2656,rural
Hermes,30952,0.0,0.7,3987.9428614177987,5277.6182452376,24.436693294055026,37.755537878390655,15.6,274,2488,suburban
Hermes,30966,0.0,0.7,4069.3331029438327,4601.173469262583,11.558798421133796,31.83238567652256,16.87,229,2313,rural
Hermes,30974,0.0,0.7,2934.505696066367,4626.2307003590395,36.56810725330621,53.82702268136371,22.19,228,1616,rural
Hermes,30982,0.0,0.7,3068.279810644427,4596.833861562218,33.252323163106816,66.6831619829418,23.78,220,1680,rural
Hermes,30989,0.0,0.7,2763.6819121732715,4185.515150068637,33.97032830885941,43.13135688268341,15.58,242,1681,rural
Hermes,31275,0.0,0.7,7447.415085636736,9418.194923082388,20.925239427946085,129.47251256919432,23.26,528,4698,suburban
Hermes,31303,0.0,0.7,5200.54141699505,6888.21710469868,24.50090730375514,112.90680951768702,22.27,425,3161,rural
Hermes,31311,0.0,0.7,4194.15832032361,6231.959144058387,32.69920063063375,139.34872865781722,32.49,345,2196,rural
Hermes,31319,0.0,0.7,5082.493419037583,6653.523191455497,23.611998143110725,101.18549289373648,23.57,378,2907,rural
Hermes,31515,0.0,0.7,7399.110777724566,9098.73098096226,18.67975003100868,125.1818077488354,20.37,503,4758,rural
Hermes,31535,0.0,0.7,8539.01527810515,11828.260970846719,27.808362538234654,357.6158854957556,19.5,777,4780,rural
Hermes,31832,0.0,0.7,5698.085046435855,8226.290929342216,30.73324180510742,159.3824695169613,28.44,458,3015,rural
UPS,30159,0.0,0.7,13479.045350754051,14124.871351764605,4.572261119602133,10.98727508223965,10.54,282,11805,urban
UPS,30161,0.0,0.7,5482.574451523383,5917.055804797465,7.342863877028344,1.7979843382791898,8.59,80,4726,urban
UPS,30163,0.0,0.7,6067.167270636548,6504.720392897118,6.726701469572148,14.485893399375826,6.02,215,5283,urban
UPS,30165,0.0,0.7,3263.2103721611306,3773.2492250252108,13.517232031252119,4.951012974183712,6.57,77,2701,urban
UPS,30167,0.0,0.7,5377.067766275513,6006.644999548211,10.481345798196015,5.368928981069905,8.81,137,4551,urban
UPS,30419,0.0,0.7,2582.282760104611,3598.2785262855646,28.235606520147478,23.77191867081394,7.09,153,2053,suburban
UPS,30449,0.0,0.7,5909.901801018413,6798.755020154903,13.073764483372113,12.46107802650201,12.33,209,4685,urban
UPS,30453,0.0,0.7,2424.2549173886123,3375.021836857729,28.17068941854065,9.157258958740025,10.59,118,1821,suburban
UPS,30455,0.0,0.7,1252.614627910864,1985.0500139571805,36.89757844368932,6.967819653017212,12.14,99,812,suburban
UPS,30457,0.0,0.7,1587.4588748754145,2069.491599260607,23.292325736302306,6.068989648841514,14.87,93,1021,suburban
UPS,30519,0.0,0.7,4057.868858745583,4937.054841641878,17.807903924435863,13.714884737746765,14.32,178,3064,urban
UPS,30539,0.0,0.7,3631.1863221543776,4533.06046911727,19.895480175196425,19.21423828970633,16.42,96,2701,rural
UPS,30559,0.0,0.7,4192.965003323654,5027.435680366569,16.59833621147532,19.484913733542943,13.47,141,3087,suburban
UPS,30625,0.0,0.7,3551.075091907441,4315.013444156701,17.704194022472134,12.254281076148748,10.42,148,2727,urban
UPS,30655,0.0,0.7,1734.3813033445074,2121.9137816651596,18.26334706288294,4.462508901721823,8.22,93,1218,suburban
UPS,30657,0.0,0.7,4306.07285811186,4786.350272484361,10.034313976841739,12.670949194485749,5.0,96,3745,rural
UPS,30659,0.0,0.7,3257.873916026738,3729.581575766453,12.647736754297334,26.058024802089417,10.16,158,2385,suburban
UPS,30823,0.0,0.7,1876.1824309511042,2901.0492307771306,35.327452873024356,12.528872220645557,11.23,141,1337,suburban
UPS,30826,0.0,0.7,1566.2127573812836,2179.7117952412614,28.145878698246555,56.38950461206911,11.69,77,1105,rural
UPS,30827,0.0,0.7,2557.6565003169476,3291.825156956803,22.302784067625662,10.610683695060027,8.21,92,2105,suburban
UPS,30853,0.0,0.7,4032.4162795026746,4885.572256538386,17.46276448770005,12.833286131520444,2.1,167,3668,suburban
UPS,30855,0.0,0.7,12047.267890402838,12372.313669298126,2.6272028626455586,59.06346106841505,2.73,226,11475,suburban
UPS,30880,0.0,0.7,5521.805322936223,7164.597554373629,22.929302294649656,33.96099660372796,20.44,221,4190,suburban
UPS,30890,0.0,0.7,3178.068069323579,4686.02421265492,32.1798623929216,102.53407734275534,22.83,246,1795,rural
UPS,30900,0.0,0.7,3274.127103684651,5252.628048739307,37.66687697465119,173.55971997363926,10.9,296,2208,rural
UPS,30916,0.0,0.7,5020.3303436658525,6109.051569407693,17.821444349787967,59.876286869182046,7.96,236,4019,suburban
UPS,30926,0.0,0.7,2597.2088540380105,3963.3498677038015,34.46935191864037,53.8021301528445,13.64,194,1634,rural
UPS,30938,0.0,0.7,4739.47592400748,6063.945568650633,21.841713941008834,153.22446344831192,13.43,195,3590,rural
UPS,30952,0.0,0.7,2157.2182512019303,3731.55368849277,42.18981069857625,37.755537878390655,17.72,163,1329,suburban
UPS,30966,0.0,0.7,2322.892850309681,3533.856164661857,34.26747603543307,31.83238567652256,18.2,136,1386,rural
UPS,30974,0.0,0.7,1924.7617206890027,3208.8293030723075,40.01669958429601,53.82702268136371,24.68,134,1072,rural
UPS,30982,0.0,0.7,1759.7451986638832,3007.173952156455,41.48176239016823,66.6831619829418,24.88,141,878,rural
UPS,30989,0.0,0.7,2065.1008702302893,3364.1454124269208,38.61439928839136,43.13135688268341,18.29,160,1191,rural
UPS,31275,0.0,0.7,4643.688439721463,6734.00020753597,31.04115983654492,129.47251256919432,21.19,339,2904,suburban
UPS,31303,0.0,0.7,2931.7758758494806,4633.075702530725,36.72074310704536,112.90680951768702,19.35,259,1804,rural
UPS,31311,0.0,0.7,2224.605933108245,3968.942591958489,43.94965707955718,139.34872865781722,29.65,195,1062,rural
UPS,31319,0.0,0.7,1947.8703704513255,3441.882252785476,43.40682721278637,101.18549289373648,22.42,153,1055,rural
UPS,31515,0.0,0.7,4846.4032670855995,6718.456041625136,27.864330181532353,125.1818077488354,23.29,321,3281,rural
UPS,31535,0.0,0.7,4620.645814930692,8009.28273019456,42.30886871415953,357.6158854957556,20.99,322,2571,rural
UPS,31832,0.0,0.7,3095.1007190931273,5227.687081644636,40.79407067112737,159.3824695169613,30.54,251,1605,rural
DHL,30159,0.4,0.7,21973.50194568585,21973.50194568585,0.0,6.211813374113814,2.18,221,23058,urban
DHL,30161,0.4,0.7,10909.00812046849,10909.00812046849,0.0,1.7979843382791898,1.04,84,11554,urban
DHL,30163,0.4,0.7,9914.04927442146,9914.04927442146,0.0,2.603733329707664,1.7,95,10484,urban
DHL,30165,0.4,0.7,8565.397376626115,8565.397376626115,0.0,4.951012974183712,1.88,94,8599,urban
DHL,30167,0.4,0.7,13540.33589751315,13540.33589751315,0.0,5.368928981069905,1.39,142,13892,urban
DHL,30169,0.4,0.7,5441.748523674446,5441.748523674446,0.0,2.9960433745102675,2.4,76,5294,urban
DHL,30173,0.4,0.7,8900.020227394843,8900.020227394843,0.0,4.775461708125837,3.83,88,8547,urban
DHL,30177,0.4,0.7,6717.193405547422,6717.193405547422,0.0,3.576189607493106,2.83,80,6260,urban
DHL,30179,0.4,0.7,7015.019470078845,7015.019470078845,0.0,8.305970462175056,3.55,96,6322,suburban
DHL,30419,0.4,0.7,15260.397562746597,15260.397562746597,0.0,23.77191867081394,5.16,274,14775,suburban
DHL,30449,0.4,0.7,7432.014762814106,7432.014762814106,0.0,2.190643461651216,1.56,91,7431,urban
DHL,30453,0.4,0.7,8728.871611104647,8728.871611104647,0.0,9.157258958740025,2.98,148,8150,suburban
DHL,30455,0.4,0.7,7560.480077937329,7560.480077937329,0.0,6.967819653017212,3.04,160,6748,suburban
DHL,30457,0.4,0.7,7333.849598031452,7333.849598031452,0.0,6.068989648841514,2.4,139,6736,suburban
DHL,30459,0.4,0.7,6748.368740605874,6748.368740605874,0.0,7.274391190340525,1.24,125,6561,urban
DHL,30519,0.4,0.7,13335.327593044716,13335.327593044716,0.0,13.714884737746765,5.03,248,12645,urban
DHL,30539,0.4,0.7,9296.282509988963,9296.282509988963,0.0,19.21423828970633,3.99,164,8372,rural
DHL,30559,0.4,0.7,12462.482929522981,12462.482929522981,0.0,19.484913733542943,1.93,224,12320,suburban
DHL,30625,0.4,0.7,8084.182917612831,8084.182917612831,0.0,8.86389555258122,4.99,117,7084,urban
DHL,30627,0.4,0.7,5566.459185356654,5566.459185356654,0.0,3.390385523567528,4.61,82,4809,suburban
DHL,30629,0.4,0.7,6830.019894903581,6830.019894903581,0.0,14.669809711755615,4.28,124,5907,suburban
DHL,30655,0.4,0.7,8770.048460462032,8770.048460462032,0.0,4.462508901721823,5.25,139,7945,suburban
DHL,30657,0.4,0.7,9997.913539537092,9997.913539537092,0.0,12.670949194485749,6.56,140,9056,rural
DHL,30659,0.4,0.7,7841.281218861646,7841.281218861646,0.0,11.3882150903338,7.01,131,6829,suburban
DHL,30823,0.4,0.7,10202.29191336214,10202.29191336214,0.0,12.528872220645557,3.26,227,9437,suburban
DHL,30826,0.4,0.7,9289.171862330428,9289.171862330428,0.0,56.38950461206911,1.44,239,8281,rural
DHL,30827,0.4,0.7,8499.259441991915,8499.259441991915,0.0,10.610683695060027,3.25,153,8048,suburban
DHL,30851,0.4,0.7,7091.396611882496,7091.396611882496,0.0,4.12190647126244,5.02,97,6654,suburban
DHL,30853,0.4,0.7,8087.121413003322,8087.121413003322,0.0,8.711379660258004,6.98,132,7164,suburban
DHL,30855,0.4,0.7,33181.974645551454,33181.974645551454,0.0,59.06346106841505,5.9,278,32854,suburban
DHL,30880,0.4,0.7,17626.17972557684,17626.17972557684,0.0,33.96099660372796,5.11,360,16161,suburban
DHL,30890,0.4,0.7,16098.044263724361,16098.044263724361,0.0,102.53407734275534,4.73,504,13989,rural
DHL,30900,0.4,0.7,17593.529073393336,17593.529073393336,0.0,173.55971997363926,4.94,590,14609,rural
DHL,30916,0.4,0.7,17062.590954336305,17062.590954336305,0.0,59.876286869182046,11.0,355,14499,suburban
DHL,30926,0.4,0.7,14775.4174568136,14775.4174568136,0.0,53.8021301528445,0.37,429,13519,rural
DHL,30938,0.4,0.7,14888.20103197316,14888.20103197316,0.0,153.22446344831192,10.53,355,12030,rural
DHL,30952,0.4,0.7,11029.332668750209,11029.332668750209,0.0,37.755537878390655,5.68,286,9709,suburban
DHL,30966,0.4,0.7,10564.896592403224,10564.896592403224,0.0,31.83238567652256,5.52,237,9182,rural
DHL,30974,0.4,0.7,7602.589230059956,7602.589230059956,0.0,53.82702268136371,1.4,244,6515,rural
DHL,30982,0.4,0.7,8026.683955967339,8026.683955967339,0.0,66.6831619829418,2.77,239,6551,rural
DHL,30989,0.4,0.7,8197.588934134921,8197.588934134921,0.0,43.13135688268341,5.72,271,6841,rural
DHL,31275,0.4,0.7,20490.51279819747,20490.51279819747,0.0,129.47251256919432,2.93,571,18743,suburban
DHL,31303,0.4,0.7,14494.326252546625,14494.326252546625,0.0,112.90680951768702,1.84,468,12605,rural
DHL,31311,0.4,0.7,10485.698502104207,10485.698502104207,0.0,139.34872865781722,3.81,380,8577,rural
DHL,31319,0.4,0.7,12204.762656945873,12204.762656945873,0.0,101.18549289373648,0.58,411,10967,rural
DHL,31515,0.4,0.7,21088.897809861297,21088.897809861297,0.0,125.1818077488354,5.28,537,19286,rural
DHL,31535,0.4,0.7,22512.716761824166,22512.716761824166,0.0,357.6158854957556,5.5,880,18533,rural
DHL,31832,0.4,0.7,14457.781202836444,14457.781202836444,0.0,159.3824695169613,4.65,515,11902,rural
Amazon,30159,0.4,0.7,11555.196270293998,11555.196270293998,0.0,6.211813374113814,13.81,221,9019,urban
Amazon,30161,0.4,0.7,6224.7449789257325,6224.7449789257325,0.0,1.7979843382791898,12.74,83,4512,urban
Amazon,30163,0.4,0.7,5889.0064831046275,5889.0064831046275,0.0,2.603733329707664,12.41,93,4469,urban
Amazon,30165,0.4,0.7,4750.233821598029,4750.233821598029,0.0,4.951012974183712,10.52,92,3574,urban
Amazon,30167,0.4,0.7,7175.254343343608,7175.254343343608,0.0,5.368928981069905,10.65,139,5730,urban
Amazon,30173,0.4,0.7,5164.654397653723,5164.654397653723,0.0,4.775461708125837,15.11,87,3759,urban
Amazon,30177,0.4,0.7,4343.242376782357,4343.242376782357,0.0,3.576189607493106,13.99,79,2906,urban
Amazon,30179,0.4,0.7,4390.652005410074,4390.652005410074,0.0,8.305970462175056,12.08,95,2781,suburban
Amazon,30419,0.4,0.7,8519.368501277868,8519.368501277868,0.0,23.77191867081394,6.74,265,6859,suburban
Amazon,30449,0.4,0.7,7005.60345798299,7005.60345798299,0.0,5.186686836161483,12.61,159,5275,urban
Amazon,30453,0.4,0.7,4970.930164967193,4970.930164967193,0.0,9.157258958740025,9.82,139,3593,suburban
Amazon,30455,0.4,0.7,4820.378887430032,4820.378887430032,0.0,6.967819653017212,9.84,158,3165,suburban
Amazon,30457,0.4,0.7,4934.7989617734975,4934.7989617734975,0.0,6.068989648841514,13.37,135,3134,suburban
Amazon,30459,0.4,0.7,4858.408897775894,4858.408897775894,0.0,7.274391190340525,13.92,124,3087,urban
Amazon,30519,0.4,0.7,8140.269152347262,8140.269152347262,0.0,13.714884737746765,17.38,242,5508,urban
Amazon,30539,0.4,0.7,5821.859629336905,5821.859629336905,0.0,19.21423828970633,21.37,157,3516,rural
Amazon,30559,0.4,0.7,8252.52270516162,8252.52270516162,0.0,19.484913733542943,20.15,222,5369,suburban
Amazon,30625,0.4,0.7,4932.584335545381,4932.584335545381,0.0,8.86389555258122,16.66,114,3180,urban
Amazon,30627,0.4,0.7,3472.360903435115,3472.360903435115,0.0,3.390385523567528,17.89,79,2090,suburban
Amazon,30629,0.4,0.7,4629.145185289602,4629.145185289602,0.0,14.669809711755615,20.32,122,2757,suburban
Amazon,30655,0.4,0.7,5061.237427944449,5061.237427944449,0.0,4.462508901721823,16.14,137,3642,suburban
Amazon,30657,0.4,0.7,5227.080664344542,5227.080664344542,0.0,12.670949194485749,15.05,138,3559,rural
Amazon,30659,0.4,0.7,4975.003626465991,4975.003626465991,0.0,11.3882150903338,18.11,130,3002,suburban
Amazon,30823,0.4,0.7,5705.037154540299,5705.037154540299,0.0,12.528872220645557,1.29,222,4370,suburban
Amazon,30826,0.4,0.7,5673.254342811335,5673.254342811335,0.0,56.38950461206911,3.98,233,3852,rural
Amazon,30827,0.4,0.7,4536.061456785562,4536.061456785562,0.0,10.610683695060027,3.78,150,3498,suburban
Amazon,30851,0.4,0.7,4490.007090916008,4490.007090916008,0.0,4.12190647126244,11.33,96,3032,suburban
Amazon,30853,0.4,0.7,4319.068900643669,4319.068900643669,0.0,8.711379660258004,12.37,128,2911,suburban
Amazon,30855,0.4,0.7,16244.345238115564,16244.345238115564,0.0,59.06346106841505,9.96,271,13592,suburban
Amazon,30880,0.4,0.7,11278.054808972109,11278.054808972109,0.0,33.96099660372796,23.78,345,6971,suburban
Amazon,30890,0.4,0.7,10080.548522471709,10080.548522471709,0.0,102.53407734275534,12.55,490,6502,rural
Amazon,30900,0.4,0.7,12085.38072969665,12085.38072969665,0.0,173.55971997363926,17.55,570,6667,rural
Amazon,30916,0.4,0.7,9904.82527723206,9904.82527723206,0.0,59.876286869182046,19.41,344,6164,suburban
Amazon,30926,0.4,0.7,8752.96361616949,8752.96361616949,0.0,53.8021301528445,4.34,415,6338,rural
Amazon,30938,0.4,0.7,9384.90809448861,9384.90809448861,0.0,153.22446344831192,24.95,346,5072,rural
Amazon,30952,0.4,0.7,7076.623355325187,7076.623355325187,0.0,37.755537878390655,14.14,275,4476,suburban
Amazon,30966,0.4,0.7,6955.194722247112,6955.194722247112,0.0,31.83238567652256,17.79,233,4221,rural
Amazon,30974,0.4,0.7,5436.138154721389,5436.138154721389,0.0,53.82702268136371,18.26,240,2971,rural
Amazon,30982,0.4,0.7,6084.06789519755,6084.06789519755,0.0,66.6831619829418,24.57,233,3044,rural
Amazon,30989,0.4,0.7,5499.955907320829,5499.955907320829,0.0,43.13135688268341,11.39,265,3112,rural
Amazon,31275,0.4,0.7,14129.512676709497,14129.512676709497,0.0,129.47251256919432,30.8,550,8588,suburban
Amazon,31303,0.4,0.7,10291.231205914351,10291.231205914351,0.0,112.90680951768702,30.88,449,5793,rural
Amazon,31311,0.4,0.7,8790.113460938559,8790.113460938559,0.0,139.34872865781722,40.99,367,3965,rural
Amazon,31319,0.4,0.7,9320.815628099372,9320.815628099372,0.0,101.18549289373648,29.57,396,5228,rural
Amazon,31515,0.4,0.7,12450.58174407703,12450.58174407703,0.0,125.1818077488354,12.09,525,8733,rural
Amazon,31535,0.4,0.7,15851.91067139521,15851.91067139521,0.0,357.6158854957556,16.13,834,8625,rural
Amazon,31832,0.4,0.7,11355.500473785536,11355.500473785536,0.0,159.3824695169613,25.63,491,5466,rural
DPD,30159,0.4,0.7,6656.069904499083,6656.069904499083,0.0,6.211813374113814,13.32,219,4783,urban
DPD,30161,0.4,0.7,3438.6384541878197,3438.6384541878197,0.0,1.7979843382791898,14.05,84,2359,urban
DPD,30163,0.4,0.7,3176.704105051865,3176.704105051865,0.0,2.603733329707664,14.01,92,2106,urban
DPD,30165,0.4,0.7,3109.5847921201566,3109.5847921201566,0.0,4.951012974183712,15.88,91,1757,urban
DPD,30167,0.4,0.7,4548.61275587726,4548.61275587726,0.0,5.368928981069905,16.37,138,2824,urban
DPD,30173,0.4,0.7,3042.0725720869623,3042.0725720869623,0.0,4.775461708125837,13.13,86,1708,urban
DPD,30177,0.4,0.7,2301.8161532682093,2301.8161532682093,0.0,3.576189607493106,12.44,75,1250,urban
DPD,30179,0.4,0.7,2402.9493976963904,2402.9493976963904,0.0,8.305970462175056,14.42,89,1256,suburban
DPD,30419,0.4,0.7,5350.888005691542,5350.888005691542,0.0,23.77191867081394,19.64,257,2858,suburban
DPD,30449,0.4,0.7,4115.648431001423,4115.648431001423,0.0,5.186686836161483,15.53,161,2554,urban
DPD,30453,0.4,0.7,3546.158276962033,3546.158276962033,0.0,9.157258958740025,18.23,137,1619,suburban
DPD,30455,0.4,0.7,3189.32194545774,3189.32194545774,0.0,6.967819653017212,19.47,151,1318,suburban
DPD,30457,0.4,0.7,3071.8681502213976,3071.8681502213976,0.0,6.068989648841514,18.69,130,1335,suburban
DPD,30459,0.4,0.7,2692.648089162524,2692.648089162524,0.0,7.274391190340525,16.25,119,1284,urban
DPD,30519,0.4,0.7,4359.743796141659,4359.743796141659,0.0,12.113461405690837,12.99,227,2540,urban
DPD,30539,0.4,0.7,3283.465182476126,3283.465182476126,0.0,19.21423828970633,9.52,156,1695,rural
DPD,30559,0.4,0.7,3964.267070732265,3964.267070732265,0.0,19.484913733542943,7.42,213,2467,suburban
DPD,30625,0.4,0.7,2879.61806243138,2879.61806243138,0.0,8.86389555258122,10.22,108,1405,urban
DPD,30627,0.4,0.7,1734.323815852828,1734.323815852828,0.0,3.390385523567528,8.59,77,971,suburban
DPD,30629,0.4,0.7,2209.7242260325893,2209.7242260325893,0.0,14.669809711755615,6.08,121,1173,suburban
DPD,30655,0.4,0.7,2902.8311877698657,2902.8311877698657,0.0,4.462508901721823,10.23,132,1537,suburban
DPD,30657,0.4,0.7,3254.827165454566,3254.827165454566,0.0,12.670949194485749,12.26,136,1866,rural
DPD,30659,0.4,0.7,2732.1680399331904,2732.1680399331904,0.0,11.3882150903338,8.73,122,1368,suburban
DPD,30823,0.4,0.7,4031.85332034608,4031.85332034608,0.0,12.528872220645557,25.25,211,1867,suburban
DPD,30826,0.4,0.7,4659.6772590054525,4659.6772590054525,0.0,56.38950461206911,27.87,212,1639,rural
DPD,30827,0.4,0.7,3693.9834286058103,3693.9834286058103,0.0,10.610683695060027,23.76,145,1601,suburban
DPD,30851,0.4,0.7,2392.8715311930196,2392.8715311930196,0.0,4.12190647126244,15.63,96,1281,suburban
DPD,30853,0.4,0.7,3054.623065805542,3054.623065805542,0.0,8.711379660258004,15.68,120,1470,suburban
DPD,30855,0.4,0.7,9651.557570967712,9651.557570967712,0.0,59.06346106841505,19.88,265,6668,suburban
DPD,30880,0.4,0.7,5651.747006229777,5651.747006229777,0.0,33.96099660372796,12.89,328,3235,suburban
DPD,30890,0.4,0.7,6923.102121964851,6923.102121964851,0.0,102.53407734275534,32.64,451,2726,rural
DPD,30900,0.4,0.7,7912.531093330155,7912.531093330155,0.0,173.55971997363926,25.52,515,2839,rural
DPD,30916,0.4,0.7,5505.336403799816,5505.336403799816,0.0,59.876286869182046,10.68,308,2914,suburban
DPD,30926,0.4,0.7,6146.851473398595,6146.851473398595,0.0,53.8021301528445,25.6,384,2637,rural
DPD,30938,0.4,0.7,5614.10632319326,5614.10632319326,0.0,153.22446344831192,17.56,317,2412,rural
DPD,30952,0.4,0.7,4651.5791758270425,4651.5791758270425,0.0,37.755537878390655,21.73,266,1895,suburban
DPD,30966,0.4,0.7,4054.5734078226283,4054.5734078226283,0.0,31.83238567652256,17.93,217,1807,rural
DPD,30974,0.4,0.7,4049.5746175540357,4049.5746175540357,0.0,53.82702268136371,28.84,224,1280,rural
DPD,30982,0.4,0.7,3635.1428609264503,3635.1428609264503,0.0,66.6831619829418,20.59,218,1278,rural
DPD,30989,0.4,0.7,4189.963023652114,4189.963023652114,0.0,43.13135688268341,25.63,242,1356,rural
DPD,31275,0.4,0.7,6310.744546848563,6310.744546848563,0.0,129.47251256919432,4.47,516,3643,suburban
DPD,31303,0.4,0.7,5298.7418231419815,5298.7418231419815,0.0,112.90680951768702,10.77,417,2491,rural
DPD,31311,0.4,0.7,4503.622414154428,4503.622414154428,0.0,139.34872865781722,17.19,336,1650,rural
DPD,31319,0.4,0.7,4393.641206526262,4393.641206526262,0.0,101.18549289373648,7.08,368,2115,rural
DPD,31515,0.4,0.7,8672.940895409381,8672.940895409381,0.0,125.1818077488354,38.45,488,3812,rural
DPD,31535,0.4,0.7,10736.90548199021,10736.90548199021,0.0,357.6158854957556,38.17,720,3582,rural
DPD,31832,0.4,0.7,6479.205569246742,6479.205569246742,0.0,159.3824695169613,30.86,456,2309,rural
FedEx,30159,0.4,0.7,12214.299279183924,12214.299279183924,0.0,10.98727508223965,11.75,273,9864,urban
FedEx,30161,0.4,0.7,5224.187237195072,5224.187237195072,0.0,1.7979843382791898,9.67,80,3810,urban
FedEx,30163,0.4,0.7,8257.65060106912,8257.65060106912,0.0,19.436906373559538,7.51,263,6210,urban
FedEx,30167,0.4,0.7,5175.6698343295675,5175.6698343295675,0.0,5.368928981069905,8.96,132,3775,urban
FedEx,30419,0.4,0.7,3306.0595520416546,3306.0595520416546,0.0,23.77191867081394,5.53,136,1709,suburban
FedEx,30449,0.4,0.7,5430.5021475969215,5430.5021475969215,0.0,12.46107802650201,12.7,204,3703,urban
FedEx,30453,0.4,0.7,3326.3835685835006,3326.3835685835006,0.0,9.157258958740025,10.07,106,1516,suburban
FedEx,30455,0.4,0.7,1959.2973539377524,1959.2973539377524,0.0,6.967819653017212,11.34,85,612,suburban
FedEx,30457,0.4,0.7,1996.1328134447208,1996.1328134447208,0.0,6.068989648841514,14.63,82,778,suburban
FedEx,30519,0.4,0.7,4147.606607808722,4147.606607808722,0.0,13.714884737746765,15.57,154,2372,urban
FedEx,30539,0.4,0.7,4110.789837016759,4110.789837016759,0.0,19.21423828970633,18.41,81,2429,rural
FedEx,30559,0.4,0.7,5375.733073538704,5375.733073538704,0.0,34.15472344529856,15.2,165,3144,suburban
FedEx,30625,0.4,0.7,3602.9465575642243,3602.9465575642243,0.0,12.254281076148748,12.66,134,2229,urban
FedEx,30655,0.4,0.7,3651.3066283117864,3651.3066283117864,0.0,15.85072399205562,11.41,144,2242,suburban
FedEx,30657,0.4,0.7,4510.957538899967,4510.957538899967,0.0,12.670949194485749,8.22,82,3429,rural
FedEx,30823,0.4,0.7,2013.2163655803622,2013.2163655803622,0.0,12.528872220645557,8.07,113,878,suburban
FedEx,30827,0.4,0.7,4491.66174623818,4491.66174623818,0.0,67.00018830712914,7.42,137,2757,suburban
FedEx,30853,0.4,0.7,4558.287686101956,4558.287686101956,0.0,12.833286131520444,4.82,152,3029,suburban
FedEx,30855,0.4,0.7,11164.944696921486,11164.944696921486,0.0,59.06346106841505,1.5,210,9970,suburban
FedEx,30880,0.4,0.7,6033.650689518244,6033.650689518244,0.0,33.96099660372796,22.05,184,3498,suburban
FedEx,30890,0.4,0.7,3937.614024274669,3937.614024274669,0.0,102.53407734275534,20.22,167,1281,rural
FedEx,30900,0.4,0.7,4467.0239843658765,4467.0239843658765,0.0,173.55971997363926,10.92,207,1597,rural
FedEx,30916,0.4,0.7,5459.16940205895,5459.16940205895,0.0,59.876286869182046,11.65,204,3245,suburban
FedEx,30926,0.4,0.7,3230.0558047592294,3230.0558047592294,0.0,53.8021301528445,10.98,152,1266,rural
FedEx,30938,0.4,0.7,5737.710883078335,5737.710883078335,0.0,153.22446344831192,16.47,151,3131,rural
FedEx,30952,0.4,0.7,2694.734755168253,2694.734755168253,0.0,37.755537878390655,17.01,132,979,suburban
FedEx,30966,0.4,0.7,2504.2719321468335,2504.2719321468335,0.0,31.83238567652256,18.53,102,1063,rural
FedEx,30974,0.4,0.7,2454.671117478426,2454.671117478426,0.0,53.82702268136371,23.36,94,802,rural
FedEx,30982,0.4,0.7,2716.2138956601093,2716.2138956601093,0.0,66.6831619829418,25.47,105,618,rural
FedEx,30989,0.4,0.7,2473.2391948618315,2473.2391948618315,0.0,43.13135688268341,16.61,128,876,rural
FedEx,31275,0.4,0.7,5422.493872435705,5422.493872435705,0.0,129.47251256919432,24.61,246,2133,suburban
FedEx,31303,0.4,0.7,3973.889348501275,3973.889348501275,0.0,112.90680951768702,23.03,195,1243,rural
FedEx,31311,0.4,0.7,3062.8021398398528,3062.8021398398528,0.0,139.34872865781722,33.34,113,675,rural
FedEx,31319,0.4,0.7,2817.067630852216,2817.067630852216,0.0,101.18549289373648,25.21,119,751,rural
FedEx,31515,0.4,0.7,5470.280769208987,5470.280769208987,0.0,125.1818077488354,19.63,249,2478,rural
FedEx,31535,0.4,0.7,6228.495098699879,6228.495098699879,0.0,357.6158854957556,17.87,237,2005,rural
FedEx,31832,0.4,0.7,4547.708372184966,4547.708372184966,0.0,159.3824695169613,29.81,182,1068,rural
GLS,30159,0.4,0.7,4840.335510593373,4840.335510593373,0.0,6.211813374113814,11.0,208,3332,urban
GLS,30161,0.4,0.7,3003.1123197883485,3003.1123197883485,0.0,1.7979843382791898,12.21,80,1649,urban
GLS,30163,0.4,0.7,4530.9209569497225,4530.9209569497225,0.0,6.17992293720077,13.11,162,2801,urban
GLS,30165,0.4,0.7,2518.402065806431,2518.402065806431,0.0,4.951012974183712,14.79,86,1358,urban
GLS,30167,0.4,0.7,3486.1823236641876,3486.1823236641876,0.0,5.368928981069905,13.23,133,2147,urban
GLS,30173,0.4,0.7,2554.876072428404,2554.876072428404,0.0,4.775461708125837,9.02,83,1424,urban
GLS,30179,0.4,0.7,2012.9451781141186,2012.9451781141186,0.0,8.305970462175056,15.58,89,1034,suburban
GLS,30419,0.4,0.7,5101.804856969734,5101.804856969734,0.0,23.77191867081394,17.6,248,2617,suburban
GLS,30449,0.4,0.7,3412.5020081467483,3412.5020081467483,0.0,5.186686836161483,10.84,150,1981,urban
GLS,30453,0.4,0.7,3168.728615727752,3168.728615727752,0.0,9.157258958740025,13.29,125,1373,suburban
GLS,30455,0.4,0.7,2732.89498767275,2732.89498767275,0.0,6.967819653017212,13.26,149,1201,suburban
GLS,30457,0.4,0.7,2344.3788154149365,2344.3788154149365,0.0,6.068989648841514,10.08,128,1189,suburban
GLS,30459,0.4,0.7,2084.898287419,2084.898287419,0.0,7.274391190340525,9.13,113,1169,urban
GLS,30519,0.4,0.7,3551.9496596439303,3551.9496596439303,0.0,13.714884737746765,6.3,224,2084,urban
GLS,30539,0.4,0.7,2580.3663075652257,2580.3663075652257,0.0,19.21423828970633,5.29,145,1310,rural
GLS,30559,0.4,0.7,3658.07773972127,3658.07773972127,0.0,19.484913733542943,8.92,208,2040,suburban
GLS,30625,0.4,0.7,2259.1204653397162,2259.1204653397162,0.0,8.86389555258122,10.34,105,1185,urban
GLS,30627,0.4,0.7,1778.1322716706136,1778.1322716706136,0.0,3.390385523567528,11.43,78,774,suburban
GLS,30629,0.4,0.7,2143.7517893568083,2143.7517893568083,0.0,14.669809711755615,12.94,116,1080,suburban
GLS,30655,0.4,0.7,2960.5284409044616,2960.5284409044616,0.0,4.462508901721823,13.05,124,1383,suburban
GLS,30657,0.4,0.7,2873.29432340711,2873.29432340711,0.0,12.670949194485749,16.66,127,1325,rural
GLS,30659,0.4,0.7,2313.189380462103,2313.189380462103,0.0,11.3882150903338,14.84,124,1138,suburban
GLS,30823,0.4,0.7,4081.0154973189988,4081.0154973189988,0.0,12.528872220645557,21.76,209,1687,suburban
GLS,30826,0.4,0.7,4802.849009920454,4802.849009920454,0.0,56.38950461206911,26.25,214,1480,rural
GLS,30827,0.4,0.7,3413.7429042160657,3413.7429042160657,0.0,10.610683695060027,22.43,133,1331,suburban
GLS,30851,0.4,0.7,2060.2946146334557,2060.2946146334557,0.0,4.12190647126244,17.37,95,1137,suburban
GLS,30853,0.4,0.7,2481.088173620477,2481.088173620477,0.0,8.711379660258004,18.94,117,1083,suburban
GLS,30855,0.4,0.7,8370.230959567252,8370.230959567252,0.0,58.08159729436245,22.3,262,5111,suburban
GLS,30880,0.4,0.7,4450.294123718125,4450.294123718125,0.0,33.96099660372796,1.58,305,2630,suburban
GLS,30890,0.4,0.7,6293.752660817818,6293.752660817818,0.0,102.53407734275534,23.44,436,2471,rural
GLS,30900,0.4,0.7,7176.610893793414,7176.610893793414,0.0,173.55971997363926,31.36,490,2487,rural
GLS,30916,0.4,0.7,5182.054562818042,5182.054562818042,0.0,59.876286869182046,19.31,308,2276,suburban
GLS,30926,0.4,0.7,5707.156100114085,5707.156100114085,0.0,53.8021301528445,20.06,381,2421,rural
GLS,30938,0.4,0.7,5298.987880460923,5298.987880460923,0.0,153.22446344831192,28.43,321,1873,rural
GLS,30952,0.4,0.7,4052.359581403284,4052.359581403284,0.0,37.755537878390655,11.4,259,1710,suburban
GLS,30966,0.4,0.7,3510.9395596477075,3510.9395596477075,0.0,31.83238567652256,6.33,220,1619,rural
GLS,30974,0.4,0.7,3101.933528043918,3101.933528043918,0.0,53.82702268136371,16.59,214,1120,rural
GLS,30982,0.4,0.7,2386.647671549595,2386.647671549595,0.0,66.6831619829418,6.34,209,1154,rural
GLS,30989,0.4,0.7,3148.477695946504,3148.477695946504,0.0,43.13135688268341,16.28,231,1172,rural
GLS,31275,0.4,0.7,6805.937726269975,6805.937726269975,0.0,129.47251256919432,17.38,507,3227,suburban
GLS,31303,0.4,0.7,5596.886925837495,5596.886925837495,0.0,112.90680951768702,24.81,407,2208,rural
GLS,31311,0.4,0.7,4871.049261225609,4871.049261225609,0.0,139.34872865781722,30.96,326,1483,rural
GLS,31319,0.4,0.7,4437.068207504176,4437.068207504176,0.0,101.18549289373648,11.04,357,1985,rural
GLS,31515,0.4,0.7,8050.858133283889,8050.858133283889,0.0,125.1818077488354,33.59,472,3284,rural
GLS,31535,0.4,0.7,10569.427946070218,10569.427946070218,0.0,357.6158854957556,38.52,705,3227,rural
GLS,31832,0.4,0.7,5153.98445539914,5153.98445539914,0.0,159.3824695169613,16.88,440,2069,rural
Hermes,30159,0.4,0.7,6103.311963748475,6103.311963748475,0.0,6.211813374113814,9.13,207,4412,urban
Hermes,30161,0.4,0.7,3205.3444612983394,3205.3444612983394,0.0,1.7979843382791898,7.9,80,2187,urban
Hermes,30163,0.4,0.7,3151.45637345559,3151.45637345559,0.0,2.603733329707664,6.63,93,2318,urban
Hermes,30165,0.4,0.7,3165.918762514473,3165.918762514473,0.0,4.951012974183712,5.34,89,1888,urban
Hermes,30167,0.4,0.7,4309.333549458941,4309.333549458941,0.0,5.368928981069905,7.27,135,2918,urban
Hermes,30173,0.4,0.7,3377.006730770633,3377.006730770633,0.0,4.775461708125837,11.08,82,1982,urban
Hermes,30177,0.4,0.7,2975.551858278056,2975.551858278056,0.0,3.576189607493106,7.86,76,1604,urban
Hermes,30179,0.4,0.7,2972.7332058248016,2972.7332058248016,0.0,8.305970462175056,5.02,88,1492,suburban
Hermes,30419,0.4,0.7,5546.714589306118,5546.714589306118,0.0,23.77191867081394,4.3,253,3791,suburban
Hermes,30449,0.4,0.7,4264.762288981972,4264.762288981972,0.0,5.186686836161483,9.65,147,2752,urban
Hermes,30453,0.4,0.7,3456.6569376644593,3456.6569376644593,0.0,9.157258958740025,8.55,127,1923,suburban
Hermes,30455,0.4,0.7,3386.0721023475717,3386.0721023475717,0.0,6.967819653017212,9.92,152,1769,suburban
Hermes,30457,0.4,0.7,3390.4448760059295,3390.4448760059295,0.0,6.068989648841514,13.07,130,1718,suburban
Hermes,30459,0.4,0.7,3359.004573372854,3359.004573372854,0.0,7.274391190340525,11.99,121,1718,urban
Hermes,30519,0.4,0.7,5162.317584328793,5162.317584328793,0.0,13.714884737746765,13.8,229,2920,urban
Hermes,30539,0.4,0.7,3748.1337976976,3748.1337976976,0.0,19.21423828970633,16.65,149,1846,rural
Hermes,30559,0.4,0.7,5370.925287647466,5370.925287647466,0.0,19.484913733542943,14.22,216,2928,suburban
Hermes,30625,0.4,0.7,3247.4589705680532,3247.4589705680532,0.0,8.86389555258122,10.86,112,1721,urban
Hermes,30627,0.4,0.7,1976.5200916772521,1976.5200916772521,0.0,3.390385523567528,11.3,80,1110,suburban
Hermes,30629,0.4,0.7,3288.097282907375,3288.097282907375,0.0,14.669809711755615,13.03,120,1544,suburban
Hermes,30655,0.4,0.7,3426.8003677575816,3426.8003677575816,0.0,4.462508901721823,9.19,134,1982,suburban
Hermes,30657,0.4,0.7,3245.628188162223,3245.628188162223,0.0,12.670949194485749,6.89,133,1834,rural
Hermes,30659,0.4,0.7,3215.6998845024846,3215.6998845024846,0.0,11.3882150903338,10.33,126,1587,suburban
Hermes,30823,0.4,0.7,3936.6042296322357,3936.6042296322357,0.0,12.528872220645557,8.05,216,2384,suburban
Hermes,30826,0.4,0.7,4191.43021519428,4191.43021519428,0.0,56.38950461206911,9.0,221,2156,rural
Hermes,30827,0.4,0.7,3247.3865843141566,3247.3865843141566,0.0,10.610683695060027,5.18,139,1865,suburban
Hermes,30851,0.4,0.7,2857.2114343496014,2857.2114343496014,0.0,4.12190647126244,3.44,95,1650,suburban
Hermes,30853,0.4,0.7,2627.454020793578,2627.454020793578,0.0,8.711379660258004,3.75,121,1477,suburban
Hermes,30855,0.4,0.7,8658.56494813409,8658.56494813409,0.0,58.08159729436245,2.52,261,7102,suburban
Hermes,30880,0.4,0.7,6718.354835871605,6718.354835871605,0.0,33.96099660372796,20.27,312,3668,suburban
Hermes,30890,0.4,0.7,7568.635969962485,7568.635969962485,0.0,102.53407734275534,19.74,454,3618,rural
Hermes,30900,0.4,0.7,7696.514876914835,7696.514876914835,0.0,173.55971997363926,12.32,527,3644,rural
Hermes,30916,0.4,0.7,5798.014253899346,5798.014253899346,0.0,59.876286869182046,10.8,310,3232,suburban
Hermes,30926,0.4,0.7,5981.497888198291,5981.497888198291,0.0,53.8021301528445,10.52,393,3537,rural
Hermes,30938,0.4,0.7,6007.684029332934,6007.684029332934,0.0,153.22446344831192,16.57,334,2656,rural
Hermes,30952,0.4,0.7,5277.6182452376,5277.6182452376,0.0,37.755537878390655,15.6,274,2488,suburban
Hermes,30966,0.4,0.7,4601.173469262583,4601.173469262583,0.0,31.83238567652256,16.87,229,2313,rural
Hermes,30974,0.4,0.7,4626.2307003590395,4626.2307003590395,0.0,53.82702268136371,22.19,228,1616,rural
Hermes,30982,0.4,0.7,4596.833861562218,4596.833861562218,0.0,66.6831619829418,23.78,220,1680,rural
Hermes,30989,0.4,0.7,4185.515150068637,4185.515150068637,0.0,43.13135688268341,15.58,242,1681,rural
Hermes,31275,0.4,0.7,9418.194923082388,9418.194923082388,0.0,129.47251256919432,23.26,528,4698,suburban
Hermes,31303,0.4,0.7,6888.21710469868,6888.21710469868,0.0,112.90680951768702,22.27,425,3161,rural
Hermes,31311,0.4,0.7,6231.959144058387,6231.959144058387,0.0,139.34872865781722,32.49,345,2196,rural
Hermes,31319,0.4,0.7,6653.523191455497,6653.523191455497,0.0,101.18549289373648,23.57,378,2907,rural
Hermes,31515,0.4,0.7,9098.73098096226,9098.73098096226,0.0,125.1818077488354,20.37,503,4758,rural
Hermes,31535,0.4,0.7,11828.260970846719,11828.260970846719,0.0,357.6158854957556,19.5,777,4780,rural
Hermes,31832,0.4,0.7,8226.290929342216,8226.290929342216,0.0,159.3824695169613,28.44,458,3015,rural
UPS,30159,0.4,0.7,14124.871351764605,14124.871351764605,0.0,10.98727508223965,10.54,282,11805,urban
UPS,30161,0.4,0.7,5917.055804797465,5917.055804797465,0.0,1.7979843382791898,8.59,80,4726,urban
UPS,30163,0.4,0.7,6504.720392897118,6504.720392897118,0.0,14.485893399375826,6.02,215,5283,urban
UPS,30165,0.4,0.7,3773.2492250252108,3773.2492250252108,0.0,4.951012974183712,6.57,77,2701,urban
UPS,30167,0.4,0.7,6006.644999548211,6006.644999548211,0.0,5.368928981069905,8.81,137,4551,urban
UPS,30419,0.4,0.7,3598.2785262855646,3598.2785262855646,0.0,23.77191867081394,7.09,153,2053,suburban
UPS,30449,0.4,0.7,6798.755020154903,6798.755020154903,0.0,12.46107802650201,12.33,209,4685,urban
UPS,30453,0.4,0.7,3375.021836857729,3375.021836857729,0.0,9.157258958740025,10.59,118,1821,suburban
UPS,30455,0.4,0.7,1985.0500139571805,1985.0500139571805,0.0,6.967819653017212,12.14,99,812,suburban
UPS,30457,0.4,0.7,2069.491599260607,2069.491599260607,0.0,6.068989648841514,14.87,93,1021,suburban
UPS,30519,0.4,0.7,4937.054841641878,4937.054841641878,0.0,13.714884737746765,14.32,178,3064,urban
UPS,30539,0.4,0.7,4533.06046911727,4533.06046911727,0.0,19.21423828970633,16.42,96,2701,rural
UPS,30559,0.4,0.7,5027.435680366569,5027.435680366569,0.0,19.484913733542943,13.47,141,3087,suburban
UPS,30625,0.4,0.7,4315.013444156701,4315.013444156701,0.0,12.254281076148748,10.42,148,2727,urban
UPS,30655,0.4,0.7,2121.9137816651596,2121.9137816651596,0.0,4.462508901721823,8.22,93,1218,suburban
UPS,30657,0.4,0.7,4786.350272484361,4786.350272484361,0.0,12.670949194485749,5.0,96,3745,rural
UPS,30659,0.4,0.7,3729.581575766453,3729.581575766453,0.0,26.058024802089417,10.16,158,2385,suburban
UPS,30823,0.4,0.7,2901.0492307771306,2901.0492307771306,0.0,12.528872220645557,11.23,141,1337,suburban
UPS,30826,0.4,0.7,2179.7117952412614,2179.7117952412614,0.0,56.38950461206911,11.69,77,1105,rural
UPS,30827,0.4,0.7,3291.825156956803,3291.825156956803,0.0,10.610683695060027,8.21,92,2105,suburban
UPS,30853,0.4,0.7,4885.572256538386,4885.572256538386,0.0,12.833286131520444,2.1,167,3668,suburban
UPS,30855,0.4,0.7,12372.313669298126,12372.313669298126,0.0,59.06346106841505,2.73,226,11475,suburban
UPS,30880,0.4,0.7,7164.597554373629,7164.597554373629,0.0,33.96099660372796,20.44,221,4190,suburban
UPS,30890,0.4,0.7,4686.02421265492,4686.02421265492,0.0,102.53407734275534,22.83,246,1795,rural
UPS,30900,0.4,0.7,5252.628048739307,5252.628048739307,0.0,173.55971997363926,10.9,296,2208,rural
UPS,30916,0.4,0.7,6109.051569407693,6109.051569407693,0.0,59.876286869182046,7.96,236,4019,suburban
UPS,30926,0.4,0.7,3963.3498677038015,3963.3498677038015,0.0,53.8021301528445,13.64,194,1634,rural
UPS,30938,0.4,0.7,6063.945568650633,6063.945568650633,0.0,153.22446344831192,13.43,195,3590,rural
UPS,30952,0.4,0.7,3731.55368849277,3731.55368849277,0.0,37.755537878390655,17.72,163,1329,suburban
UPS,30966,0.4,0.7,3533.856164661857,3533.856164661857,0.0,31.83238567652256,18.2,136,1386,rural
UPS,30974,0.4,0.7,3208.8293030723075,3208.8293030723075,0.0,53.82702268136371,24.68,134,1072,rural
UPS,30982,0.4,0.7,3007.173952156455,3007.173952156455,0.0,66.6831619829418,24.88,141,878,rural
UPS,30989,0.4,0.7,3364.1454124269208,3364.1454124269208,0.0,43.13135688268341,18.29,160,1191,rural
UPS,31275,0.4,0.7,6734.00020753597,6734.00020753597,0.0,129.47251256919432,21.19,339,2904,suburban
UPS,31303,0.4,0.7,4633.075702530725,4633.075702530725,0.0,112.90680951768702,19.35,259,1804,rural
UPS,31311,0.4,0.7,3968.942591958489,3968.942591958489,0.0,139.34872865781722,29.65,195,1062,rural
UPS,31319,0.4,0.7,3441.882252785476,3441.882252785476,0.0,101.18549289373648,22.42,153,1055,rural
UPS,31515,0.4,0.7,6718.456041625136,6718.456041625136,0.0,125.1818077488354,23.29,321,3281,rural
UPS,31535,0.4,0.7,8009.28273019456,8009.28273019456,0.0,357.6158854957556,20.99,322,2571,rural
UPS,31832,0.4,0.7,5227.687081644636,5227.687081644636,0.0,159.3824695169613,30.54,251,1605,rural
DHL,30159,0.0,0.8,21699.469707555585,21973.50194568585,1.2471031645643846,6.211813374113814,2.18,221,23058,urban
DHL,30161,0.0,0.8,10521.29590415335,10909.00812046849,3.5540556211309284,1.7979843382791898,1.04,84,11554,urban
DHL,30163,0.0,0.8,9487.798875410885,9914.04927442146,4.299458144819944,2.603733329707664,1.7,95,10484,urban
DHL,30165,0.0,0.8,7981.765142871346,8565.397376626115,6.8138372114226415,4.951012974183712,1.88,94,8599,urban
DHL,30167,0.0,0.8,12911.423050483469,13540.33589751315,4.644735934100345,5.368928981069905,1.39,142,13892,urban
DHL,30169,0.0,0.8,5265.58755006695,5441.748523674446,3.2372126870821742,2.9960433745102675,2.4,76,5294,urban
DHL,30173,0.0,0.8,8937.21893939991,8900.020227394843,-0.41796210631709657,4.775461708125837,3.83,88,8547,urban
DHL,30177,0.0,0.8,6186.174376130088,6717.193405547422,7.905370552212925,3.576189607493106,2.83,80,6260,urban
DHL,30179,0.0,0.8,6296.304956831428,7015.019470078845,10.245367333803552,8.305970462175056,3.55,96,6322,suburban
DHL,30419,0.0,0.8,14340.440668346044,15260.397562746597,6.028394021963982,23.77191867081394,5.16,274,14775,suburban
DHL,30449,0.0,0.8,7116.6527206181745,7432.014762814106,4.243291385450916,2.190643461651216,1.56,91,7431,urban
DHL,30453,0.0,0.8,8211.246435835003,8728.871611104647,5.9300353852282,9.157258958740025,2.98,148,8150,suburban
DHL,30455,0.0,0.8,6738.707586513034,7560.480077937329,10.869316272948813,6.967819653017212,3.04,160,6748,suburban
DHL,30457,0.0,0.8,6787.412000666565,7333.849598031452,7.450897241082788,6.068989648841514,2.4,139,6736,suburban
DHL,30459,0.0,0.8,6526.800066834001,6748.368740605874,3.283292337578766,7.274391190340525,1.24,125,6561,urban
DHL,30519,0.0,0.8,12918.523766848972,13335.327593044716,3.125561207908654,13.714884737746765,5.03,248,12645,urban
DHL,30539,0.0,0.8,8807.14984642019,9296.282509988963,5.261594223746902,19.21423828970633,3.99,164,8372,rural
DHL,30559,0.0,0.8,12290.58212400235,12462.482929522981,1.379346366953942,19.484913733542943,1.93,224,12320,suburban
DHL,30625,0.0,0.8,7172.591017944113,8084.182917612831,11.27624039385171,8.86389555258122,4.99,117,7084,urban
DHL,30627,0.0,0.8,5432.189333063242,5566.459185356654,2.4121231796081064,3.390385523567528,4.61,82,4809,suburban
DHL,30629,0.0,0.8,6245.536326845334,6830.019894903581,8.557567577429413,14.669809711755615,4.28,124,5907,suburban
DHL,30655,0.0,0.8,8213.659284998494,8770.048460462032,6.344197275213534,4.462508901721823,5.25,139,7945,suburban
DHL,30657,0.0,0.8,9267.43761713208,9997.913539537092,7.306283651247034,12.670949194485749,6.56,140,9056,rural
DHL,30659,0.0,0.8,7396.285403241358,7841.281218861646,5.675039616611153,11.3882150903338,7.01,131,6829,suburban
DHL,30823,0.0,0.8,9865.442306741359,10202.29191336214,3.3017052391884842,12.528872220645557,3.26,227,9437,suburban
DHL,30826,0.0,0.8,8671.112713823426,9289.171862330428,6.653544122844399,56.38950461206911,1.44,239,8281,rural
DHL,30827,0.0,0.8,8403.593283209528,8499.259441991915,1.1255822867311687,10.610683695060027,3.25,153,8048,suburban
DHL,30851,0.0,0.8,6705.018262966559,7091.396611882496,5.448550829444696,4.12190647126244,5.02,97,6654,suburban
DHL,30853,0.0,0.8,7520.646478607159,8087.121413003322,7.004654752497288,8.711379660258004,6.98,132,7164,suburban
DHL,30855,0.0,0.8,33227.86499090664,33181.974645551454,-0.1382990188057878,59.06346106841505,5.9,278,32854,suburban
DHL,30880,0.0,0.8,17113.266514000938,17626.17972557684,2.9099511043316357,33.96099660372796,5.11,360,16161,suburban
DHL,30890,0.0,0.8,15560.624649356574,16098.044263724361,3.338415558831695,102.53407734275534,4.73,504,13989,rural
DHL,30900,0.0,0.8,16305.16004013121,17593.529073393336,7.322971007621914,173.55971997363926,4.94,590,14609,rural
DHL,30916,0.0,0.8,16582.839560056305,17062.590954336305,2.8117147950386463,59.876286869182046,11.0,355,14499,suburban
DHL,30926,0.0,0.8,13847.746407437535,14775.4174568136,6.278476070727026,53.8021301528445,0.37,429,13519,rural
DHL,30938,0.0,0.8,13752.550866485364,14888.20103197316,7.627853513321924,153.22446344831192,10.53,355,12030,rural
DHL,30952,0.0,0.8,10207.00692782253,11029.332668750209,7.455806852735555,37.755537878390655,5.68,286,9709,suburban
DHL,30966,0.0,0.8,9951.78705450152,10564.896592403224,5.803270600325286,31.83238567652256,5.52,237,9182,rural
DHL,30974,0.0,0.8,6945.781645754936,7602.589230059956,8.639261762401444,53.82702268136371,1.4,244,6515,rural
DHL,30982,0.0,0.8,7038.200693600941,8026.683955967339,12.314964283993294,66.6831619829418,2.77,239,6551,rural
DHL,30989,0.0,0.8,7728.526362375818,8197.588934134921,5.721957706441184,43.13135688268341,5.72,271,6841,rural
DHL,31275,0.0,0.8,19925.26170869472,20490.51279819747,2.7585990407837557,129.47251256919432,2.93,571,18743,suburban
DHL,31303,0.0,0.8,13568.260514581882,14494.326252546625,6.389160295063979,112.90680951768702,1.84,468,12605,rural
DHL,31311,0.0,0.8,9833.545240243582,10485.698502104207,6.21945463842733,139.34872865781722,3.81,380,8577,rural
DHL,31319,0.0,0.8,11680.398199999772,12204.762656945873,4.296392086311316,101.18549289373648,0.58,411,10967,rural
DHL,31515,0.0,0.8,20441.68876899485,21088.897809861297,3.068956219057637,125.1818077488354,5.28,537,19286,rural
DHL,31535,0.0,0.8,21980.479589082664,22512.716761824166,2.364162345985891,357.6158854957556,5.5,880,18533,rural
DHL,31832,0.0,0.8,13516.83447025575,14457.781202836444,6.508237463132255,159.3824695169613,4.65,515,11902,rural
Amazon,30159,0.0,0.8,11286.64922744922,11555.196270293998,2.3240370527946577,6.211813374113814,13.81,221,9019,urban
Amazon,30161,0.0,0.8,5570.4559988878045,6224.7449789257325,10.511096956631391,1.7979843382791898,12.74,83,4512,urban
Amazon,30163,0.0,0.8,5511.786386086194,5889.0064831046275,6.405496378729851,2.603733329707664,12.41,93,4469,urban
Amazon,30165,0.0,0.8,4476.359840589403,4750.233821598029,5.765484211817013,4.951012974183712,10.52,92,3574,urban
Amazon,30167,0.0,0.8,7149.044084715117,7175.254343343608,0.3652868229375847,5.368928981069905,10.65,139,5730,urban
Amazon,30173,0.0,0.8,4812.191576085264,5164.654397653723,6.824519017740682,4.775461708125837,15.11,87,3759,urban
Amazon,30177,0.0,0.8,3712.69009288894,4343.242376782357,14.518008188171951,3.576189607493106,13.99,79,2906,urban
Amazon,30179,0.0,0.8,3621.071111716578,4390.652005410074,17.52771325865119,8.305970462175056,12.08,95,2781,suburban
Amazon,30419,0.0,0.8,8405.086238226408,8519.368501277868,1.3414405426214202,23.77191867081394,6.74,265,6859,suburban
Amazon,30449,0.0,0.8,6553.530708958532,7005.60345798299,6.453016527924006,5.186686836161483,12.61,159,5275,urban
Amazon,30453,0.0,0.8,4719.938654681808,4970.930164967193,5.049186006559843,9.157258958740025,9.82,139,3593,suburban
Amazon,30455,0.0,0.8,4079.177530763925,4820.378887430032,15.37641280852252,6.967819653017212,9.84,158,3165,suburban
Amazon,30457,0.0,0.8,4196.95985948158,4934.7989617734975,14.951756049384201,6.068989648841514,13.37,135,3134,suburban
Amazon,30459,0.0,0.8,4048.022409324783,4858.408897775894,16.680079950085993,7.274391190340525,13.92,124,3087,urban
Amazon,30519,0.0,0.8,7691.239232276894,8140.269152347262,5.516155690514113,13.714884737746765,17.38,242,5508,urban
Amazon,30539,0.0,0.8,4912.492721821737,5821.859629336905,15.619870031437738,19.21423828970633,21.37,157,3516,rural
Amazon,30559,0.0,0.8,7291.586993467514,8252.52270516162,11.644145021171282,19.484913733542943,20.15,222,5369,suburban
Amazon,30625,0.0,0.8,4402.935052466612,4932.584335545381,10.737764365466377,8.86389555258122,16.66,114,3180,urban
Amazon,30627,0.0,0.8,2935.5507115482087,3472.360903435115,15.459516070344359,3.390385523567528,17.89,79,2090,suburban
Amazon,30629,0.0,0.8,4066.346561580059,4629.145185289602,12.1577224559297,14.669809711755615,20.32,122,2757,suburban
Amazon,30655,0.0,0.8,4657.949006645551,5061.237427944449,7.96817827735634,4.462508901721823,16.14,137,3642,suburban
Amazon,30657,0.0,0.8,4555.739558072059,5227.080664344542,12.843519153088629,12.670949194485749,15.05,138,3559,rural
Amazon,30659,0.0,0.8,3921.6030030308634,4975.003626465991,21.17386644365954,11.3882150903338,18.11,130,3002,suburban
Amazon,30823,0.0,0.8,5212.985065829783,5705.037154540299,8.624870888332794,12.528872220645557,1.29,222,4370,suburban
Amazon,30826,0.0,0.8,4820.6326005452365,5673.254342811335,15.02879459910815,56.38950461206911,3.98,233,3852,rural
Amazon,30827,0.0,0.8,4226.578463814908,4536.061456785562,6.822724866474056,10.610683695060027,3.78,150,3498,suburban
Amazon,30851,0.0,0.8,4242.747269894457,4490.007090916008,5.506891548607944,4.12190647126244,11.33,96,3032,suburban
Amazon,30853,0.0,0.8,3912.8735599329016,4319.068900643669,9.404696939431368,8.711379660258004,12.37,128,2911,suburban
Amazon,30855,0.0,0.8,16074.413191525033,16244.345238115564,1.0460996986927142,59.06346106841505,9.96,271,13592,suburban
Amazon,30880,0.0,0.8,9613.479742827316,11278.054808972109,14.759416356272379,33.96099660372796,23.78,345,6971,suburban
Amazon,30890,0.0,0.8,8691.69235253256,10080.548522471709,13.777585285593236,102.53407734275534,12.55,490,6502,rural
Amazon,30900,0.0,0.8,9516.793771494464,12085.38072969665,21.253670162749263,173.55971997363926,17.55,570,6667,rural
Amazon,30916,0.0,0.8,8351.462107649391,9904.82527723206,15.682893197049522,59.876286869182046,19.41,344,6164,suburban
Amazon,30926,0.0,0.8,7899.008791967835,8752.96361616949,9.7561792970798,53.8021301528445,4.34,415,6338,rural
Amazon,30938,0.0,0.8,7494.239001712607,9384.90809448861,20.145845582508358,153.22446344831192,24.95,346,5072,rural
Amazon,30952,0.0,0.8,6148.779282963229,7076.623355325187,13.111395446300692,37.755537878390655,14.14,275,4476,suburban
Amazon,30966,0.0,0.8,5834.9722319568355,6955.194722247112,16.10627070881418,31.83238567652256,17.79,233,4221,rural
Amazon,30974,0.0,0.8,4205.061047426903,5436.138154721389,22.646170355793323,53.82702268136371,18.26,240,2971,rural
Amazon,30982,0.0,0.8,4699.299078593581,6084.06789519755,22.760574675654656,66.6831619829418,24.57,233,3044,rural
Amazon,30989,0.0,0.8,4344.9718379312335,5499.955907320829,20.99987870543163,43.13135688268341,11.39,265,3112,rural
Amazon,31275,0.0,0.8,12148.470528561946,14129.512676709497,14.020597832882228,129.47251256919432,30.8,550,8588,suburban
Amazon,31303,0.0,0.8,8546.916659259245,10291.231205914351,16.9495224794158,112.90680951768702,30.88,449,5793,rural
Amazon,31311,0.0,0.8,6543.4252514486625,8790.113460938559,25.559262909104792,139.34872865781722,40.99,367,3965,rural
Amazon,31319,0.0,0.8,7803.375732181794,9320.815628099372,16.28011921341912,101.18549289373648,29.57,396,5228,rural
Amazon,31515,0.0,0.8,11135.507222106316,12450.58174407703,10.562354024913883,125.1818077488354,12.09,525,8733,rural
Amazon,31535,0.0,0.8,12362.706538305722,15851.91067139521,22.01125280995786,357.6158854957556,16.13,834,8625,rural
Amazon,31832,0.0,0.8,8567.724543985032,11355.500473785536,24.55000496223091,159.3824695169613,25.63,491,5466,rural
DPD,30159,0.0,0.8,6032.333911045436,6656.069904499083,9.37093513744561,6.211813374113814,13.32,219,4783,urban
DPD,30161,0.0,0.8,3025.9770532028338,3438.6384541878197,12.000720822580732,1.7979843382791898,14.05,84,2359,urban
DPD,30163,0.0,0.8,2835.325657098415,3176.704105051865,10.74630927729659,2.603733329707664,14.01,92,2106,urban
DPD,30165,0.0,0.8,2307.8121198939402,3109.5847921201566,25.783914117986054,4.951012974183712,15.88,91,1757,urban
DPD,30167,0.0,0.8,3721.1488390824748,4548.61275587726,18.191566554563682,5.368928981069905,16.37,138,2824,urban
DPD,30173,0.0,0.8,2288.3561232395964,3042.0725720869623,24.776412494666143,4.775461708125837,13.13,86,1708,urban
DPD,30177,0.0,0.8,1877.529433906886,2301.8161532682093,18.43269362580953,3.576189607493106,12.44,75,1250,urban
DPD,30179,0.0,0.8,1952.4911802650356,2402.9493976963904,18.746055071454716,8.305970462175056,14.42,89,1256,suburban
DPD,30419,0.0,0.8,4157.739285274518,5350.888005691542,22.29814414257813,23.77191867081394,19.64,257,2858,suburban
DPD,30449,0.0,0.8,3646.1421079351253,4115.648431001423,11.40783356347221,5.186686836161483,15.53,161,2554,urban
DPD,30453,0.0,0.8,2490.1985485026735,3546.158276962033,29.77756901939505,9.157258958740025,18.23,137,1619,suburban
DPD,30455,0.0,0.8,2201.9440718625638,3189.32194545774,30.958864939972855,6.967819653017212,19.47,151,1318,suburban
DPD,30457,0.0,0.8,2128.1751126284084,3071.8681502213976,30.720492919755515,6.068989648841514,18.69,130,1335,suburban
DPD,30459,0.0,0.8,2041.0420030481728,2692.648089162524,24.199452157783295,7.274391190340525,16.25,119,1284,urban
DPD,30519,0.0,0.8,3682.4599727897853,4359.743796141659,15.534945515634769,12.113461405690837,12.99,227,2540,urban
DPD,30539,0.0,0.8,2327.403870812034,3283.465182476126,29.11744935705721,19.21423828970633,9.52,156,1695,rural
DPD,30559,0.0,0.8,3473.6686752179908,3964.267070732265,12.375513222514867,19.484913733542943,7.42,213,2467,suburban
DPD,30625,0.0,0.8,1976.8263097446088,2879.61806243138,31.35109355177843,8.86389555258122,10.22,108,1405,urban
DPD,30627,0.0,0.8,1283.7565431210855,1734.323815852828,25.97942025665966,3.390385523567528,8.59,77,971,suburban
DPD,30629,0.0,0.8,1659.3980622282131,2209.7242260325893,24.904744099785233,14.669809711755615,6.08,121,1173,suburban
DPD,30655,0.0,0.8,2218.8001704870635,2902.8311877698657,23.564271328100105,4.462508901721823,10.23,132,1537,suburban
DPD,30657,0.0,0.8,2574.0732785425835,3254.827165454566,20.915208467510414,12.670949194485749,12.26,136,1866,rural
DPD,30659,0.0,0.8,1964.9819654684347,2732.1680399331904,28.079754365456804,11.3882150903338,8.73,122,1368,suburban
DPD,30823,0.0,0.8,2976.4544506771385,4031.85332034608,26.176519476615034,12.528872220645557,25.25,211,1867,suburban
DPD,30826,0.0,0.8,2934.299882991069,4659.6772590054525,37.02783004294686,56.38950461206911,27.87,212,1639,rural
DPD,30827,0.0,0.8,2581.625721587405,3693.9834286058103,30.112688064716984,10.610683695060027,23.76,145,1601,suburban
DPD,30851,0.0,0.8,1919.186357142526,2392.8715311930196,19.795679286398094,4.12190647126244,15.63,96,1281,suburban
DPD,30853,0.0,0.8,2070.859004296458,3054.623065805542,32.20574323953955,8.711379660258004,15.68,120,1470,suburban
DPD,30855,0.0,0.8,8724.006471935785,9651.557570967712,9.610377311761985,59.06346106841505,19.88,265,6668,suburban
DPD,30880,0.0,0.8,4563.023244398628,5651.747006229777,19.26349075128587,33.96099660372796,12.89,328,3235,suburban
DPD,30890,0.0,0.8,4825.721314523649,6923.102121964851,30.295390281574274,102.53407734275534,32.64,451,2726,rural
DPD,30900,0.0,0.8,5066.3394857052135,7912.531093330155,35.970684652653446,173.55971997363926,25.52,515,2839,rural
DPD,30916,0.0,0.8,4236.38097926716,5505.336403799816,23.04955286032686,59.876286869182046,10.68,308,2914,suburban
DPD,30926,0.0,0.8,4400.993644680397,6146.851473398595,28.402472977810753,53.8021301528445,25.6,384,2637,rural
DPD,30938,0.0,0.8,3894.02826555442,5614.10632319326,30.6385016352963,153.22446344831192,17.56,317,2412,rural
DPD,30952,0.0,0.8,3201.519943386187,4651.5791758270425,31.173482759928245,37.755537878390655,21.73,266,1895,suburban
DPD,30966,0.0,0.8,2929.794577445429,4054.5734078226283,27.74099066025355,31.83238567652256,17.93,217,1807,rural
DPD,30974,0.0,0.8,2486.037228043519,4049.5746175540357,38.60991677330547,53.82702268136371,28.84,224,1280,rural
DPD,30982,0.0,0.8,2309.149291838963,3635.1428609264503,36.477068985111224,66.6831619829418,20.59,218,1278,rural
DPD,30989,0.0,0.8,2556.8074253553236,4189.963023652114,38.97780455526017,43.13135688268341,25.63,242,1356,rural
DPD,31275,0.0,0.8,5228.814190596964,6310.744546848563,17.144258466172417,129.47251256919432,4.47,516,3643,suburban
DPD,31303,0.0,0.8,4014.6310334281497,5298.7418231419815,24.23425848199556,112.90680951768702,10.77,417,2491,rural
DPD,31311,0.0,0.8,3013.1619760291273,4503.622414154428,33.094702465307364,139.34872865781722,17.19,336,1650,rural
DPD,31319,0.0,0.8,3268.2204159722532,4393.641206526262,25.614763191912946,101.18549289373648,7.08,368,2115,rural
DPD,31515,0.0,0.8,6353.3114199442425,8672.940895409381,26.745593028230218,125.1818077488354,38.45,488,3812,rural
DPD,31535,0.0,0.8,7103.35133456598,10736.90548199021,33.84172612415238,357.6158854957556,38.17,720,3582,rural
DPD,31832,0.0,0.8,4422.439572734226,6479.205569246742,31.744107738684246,159.3824695169613,30.86,456,2309,rural
FedEx,30159,0.0,0.8,11700.650263023232,12214.299279183924,4.205308912285069,10.98727508223965,11.75,273,9864,urban
FedEx,30161,0.0,0.8,4371.759508016989,5224.187237195072,16.316944444658958,1.7979843382791898,9.67,80,3810,urban
FedEx,30163,0.0,0.8,7098.239169253076,8257.65060106912,14.040451550056304,19.436906373559538,7.51,263,6210,urban
FedEx,30167,0.0,0.8,4439.413883615103,5175.6698343295675,14.225326852013842,5.368928981069905,8.96,132,3775,urban
FedEx,30419,0.0,0.8,2254.572710957259,3306.0595520416546,31.804836680423698,23.77191867081394,5.53,136,1709,suburban
FedEx,30449,0.0,0.8,4704.931339384584,5430.5021475969215,13.361026079943885,12.46107802650201,12.7,204,3703,urban
FedEx,30453,0.0,0.8,2085.905699091827,3326.3835685835006,37.292087455203365,9.157258958740025,10.07,106,1516,suburban
FedEx,30455,0.0,0.8,1212.2916699227076,1959.2973539377524,38.12620287133698,6.967819653017212,11.34,85,612,suburban
FedEx,30457,0.0,0.8,1271.3818139687412,1996.1328134447208,36.30775440364005,6.068989648841514,14.63,82,778,suburban
FedEx,30519,0.0,0.8,3430.4648106631457,4147.606607808722,17.29049702533046,13.714884737746765,15.57,154,2372,urban
FedEx,30539,0.0,0.8,3387.8719933412754,4110.789837016759,17.585862385027983,19.21423828970633,18.41,81,2429,rural
FedEx,30559,0.0,0.8,4322.83398890703,5375.733073538704,19.58614890710297,34.15472344529856,15.2,165,3144,suburban
FedEx,30625,0.0,0.8,3222.6781904972277,3602.9465575642243,10.554371567589321,12.254281076148748,12.66,134,2229,urban
FedEx,30655,0.0,0.8,2953.9819060810346,3651.3066283117864,19.097950219348355,15.85072399205562,11.41,144,2242,suburban
FedEx,30657,0.0,0.8,4072.955264435198,4510.957538899967,9.709740574760092,12.670949194485749,8.22,82,3429,rural
FedEx,30823,0.0,0.8,1225.7863924620563,2013.2163655803622,39.11303258710142,12.528872220645557,8.07,113,878,suburban
FedEx,30827,0.0,0.8,3698.282636203829,4491.66174623818,17.663376159142334,67.00018830712914,7.42,137,2757,suburban
FedEx,30853,0.0,0.8,3489.0073064544163,4558.287686101956,23.457939763383834,12.833286131520444,4.82,152,3029,suburban
FedEx,30855,0.0,0.8,10646.533238038463,11164.944696921486,4.643206688036397,59.06346106841505,1.5,210,9970,suburban
FedEx,30880,0.0,0.8,4909.302252710698,6033.650689518244,18.634629259542358,33.96099660372796,22.05,184,3498,suburban
FedEx,30890,0.0,0.8,2219.8629128323205,3937.614024274669,43.62416176021133,102.53407734275534,20.22,167,1281,rural
FedEx,30900,0.0,0.8,2473.339238029057,4467.0239843658765,44.63116279013747,173.55971997363926,10.92,207,1597,rural
FedEx,30916,0.0,0.8,4419.828702876313,5459.16940205895,19.038440147884856,59.876286869182046,11.65,204,3245,suburban
FedEx,30926,0.0,0.8,1910.9544406637228,3230.0558047592294,40.83834595525923,53.8021301528445,10.98,152,1266,rural
FedEx,30938,0.0,0.8,4580.186390993006,5737.710883078335,20.173977317314854,153.22446344831192,16.47,151,3131,rural
FedEx,30952,0.0,0.8,1699.4820812505443,2694.734755168253,36.933233299080946,37.755537878390655,17.01,132,979,suburban
FedEx,30966,0.0,0.8,1678.5070578746145,2504.2719321468335,32.97424946836012,31.83238567652256,18.53,102,1063,rural
FedEx,30974,0.0,0.8,1477.2211241952757,2454.671117478426,39.819998138375496,53.82702268136371,23.36,94,802,rural
FedEx,30982,0.0,0.8,1500.2202856693132,2716.2138956601093,44.76796219670611,66.6831619829418,25.47,105,618,rural
FedEx,30989,0.0,0.8,1428.49275218676,2473.2391948618315,42.24203000039536,43.13135688268341,16.61,128,876,rural
FedEx,31275,0.0,0.8,3511.3394931299767,5422.493872435705,35.244933867435904,129.47251256919432,24.61,246,2133,suburban
FedEx,31303,0.0,0.8,2254.974018887925,3973.889348501275,43.25523885715709,112.90680951768702,23.03,195,1243,rural
FedEx,31311,0.0,0.8,1617.4061040541767,3062.8021398398528,47.1919493911955,139.34872865781722,33.34,113,675,rural
FedEx,31319,0.0,0.8,1590.8141249897249,2817.067630852216,43.52943083200053,101.18549289373648,25.21,119,751,rural
FedEx,31515,0.0,0.8,3772.6010319198767,5470.280769208987,31.034599665248958,125.1818077488354,19.63,249,2478,rural
FedEx,31535,0.0,0.8,3581.50157780698,6228.495098699879,42.49812320548227,357.6158854957556,17.87,237,2005,rural
FedEx,31832,0.0,0.8,2413.5377954538694,4547.708372184966,46.928483580527505,159.3824695169613,29.81,182,1068,rural
GLS,30159,0.0,0.8,4430.556508490297,4840.335510593373,8.465921447103188,6.211813374113814,11.0,208,3332,urban
GLS,30161,0.0,0.8,2263.6232335047184,3003.1123197883485,24.624090195059612,1.7979843382791898,12.21,80,1649,urban
GLS,30163,0.0,0.8,3793.228897207647,4530.9209569497225,16.281282916899517,6.17992293720077,13.11,162,2801,urban
GLS,30165,0.0,0.8,2057.7114222868245,2518.402065806431,18.29297433378996,4.951012974183712,14.79,86,1358,urban
GLS,30167,0.0,0.8,2972.764987866035,3486.1823236641876,14.727208393923588,5.368928981069905,13.23,133,2147,urban
GLS,30173,0.0,0.8,1928.3937750388357,2554.876072428404,24.52104445105622,4.775461708125837,9.02,83,1424,urban
GLS,30179,0.0,0.8,1741.1340739868695,2012.9451781141186,13.503154834147178,8.305970462175056,15.58,89,1034,suburban
GLS,30419,0.0,0.8,4094.0240072167594,5101.804856969734,19.753418211914042,23.77191867081394,17.6,248,2617,suburban
GLS,30449,0.0,0.8,2855.446945068344,3412.5020081467483,16.323948286287692,5.186686836161483,10.84,150,1981,urban
GLS,30453,0.0,0.8,2140.8604882150385,3168.728615727752,32.43787184585533,9.157258958740025,13.29,125,1373,suburban
GLS,30455,0.0,0.8,1864.0550114346222,2732.89498767275,31.791926881830374,6.967819653017212,13.26,149,1201,suburban
GLS,30457,0.0,0.8,1761.4330632258966,2344.3788154149365,24.865680766095096,6.068989648841514,10.08,128,1189,suburban
GLS,30459,0.0,0.8,1730.138027269134,2084.898287419,17.01571066035272,7.274391190340525,9.13,113,1169,urban
GLS,30519,0.0,0.8,3012.4613735034727,3551.9496596439303,15.188511601668909,13.714884737746765,6.3,224,2084,urban
GLS,30539,0.0,0.8,2065.8990496396627,2580.3663075652257,19.93776063565961,19.21423828970633,5.29,145,1310,rural
GLS,30559,0.0,0.8,2869.6833506089815,3658.07773972127,21.55214965913657,19.484913733542943,8.92,208,2040,suburban
GLS,30625,0.0,0.8,1735.3130799638436,2259.1204653397162,23.186341472813176,8.86389555258122,10.34,105,1185,urban
GLS,30627,0.0,0.8,1305.3996828013546,1778.1322716706136,26.585906819244173,3.390385523567528,11.43,78,774,suburban
GLS,30629,0.0,0.8,1745.1684284399298,2143.7517893568083,18.592794319554404,14.669809711755615,12.94,116,1080,suburban
GLS,30655,0.0,0.8,2061.205672935469,2960.5284409044616,30.377102801763435,4.462508901721823,13.05,124,1383,suburban
GLS,30657,0.0,0.8,2145.8472991226477,2873.29432340711,25.317525544054476,12.670949194485749,16.66,127,1325,rural
GLS,30659,0.0,0.8,1812.865968211993,2313.189380462103,21.629159137422683,11.3882150903338,14.84,124,1138,suburban
GLS,30823,0.0,0.8,2833.4394299853757,4081.0154973189988,30.570235965857307,12.528872220645557,21.76,209,1687,suburban
GLS,30826,0.0,0.8,2988.5212461435995,4802.849009920454,37.77607332708766,56.38950461206911,26.25,214,1480,rural
GLS,30827,0.0,0.8,2318.8113021502786,3413.7429042160657,32.07422564580117,10.610683695060027,22.43,133,1331,suburban
GLS,30851,0.0,0.8,2033.8864377336274,2060.2946146334557,1.2817670207096339,4.12190647126244,17.37,95,1137,suburban
GLS,30853,0.0,0.8,1830.957767939641,2481.088173620477,26.203438176570188,8.711379660258004,18.94,117,1083,suburban
GLS,30855,0.0,0.8,7527.11393386326,8370.230959567252,10.07280479805998,58.08159729436245,22.3,262,5111,suburban
GLS,30880,0.0,0.8,3565.3641720427117,4450.294123718125,19.88475204277225,33.96099660372796,1.58,305,2630,suburban
GLS,30890,0.0,0.8,4480.55331612182,6293.752660817818,28.80951067531129,102.53407734275534,23.44,436,2471,rural
GLS,30900,0.0,0.8,5071.530697796614,7176.610893793414,29.332511225003824,173.55971997363926,31.36,490,2487,rural
GLS,30916,0.0,0.8,3757.866095315346,5182.054562818042,27.483085140041656,59.876286869182046,19.31,308,2276,suburban
GLS,30926,0.0,0.8,4133.721499812475,5707.156100114085,27.569503491768135,53.8021301528445,20.06,381,2421,rural
GLS,30938,0.0,0.8,3532.879712795909,5298.987880460923,33.32916035111582,153.22446344831192,28.43,321,1873,rural
GLS,30952,0.0,0.8,2740.9151763121326,4052.359581403284,32.362488539011,37.755537878390655,11.4,259,1710,suburban
GLS,30966,0.0,0.8,2434.9916020056735,3510.9395596477075,30.645584732025295,31.83238567652256,6.33,220,1619,rural
GLS,30974,0.0,0.8,2087.492873420141,3101.933528043918,32.7034943029061,53.82702268136371,16.59,214,1120,rural
GLS,30982,0.0,0.8,1868.6195849666688,2386.647671549595,21.705260175524053,66.6831619829418,6.34,209,1154,rural
GLS,30989,0.0,0.8,2095.48750961788,3148.477695946504,33.444422607290264,43.13135688268341,16.28,231,1172,rural
GLS,31275,0.0,0.8,5256.39958497493,6805.937726269975,22.76744518707603,129.47251256919432,17.38,507,3227,suburban
GLS,31303,0.0,0.8,4019.4136189836713,5596.886925837495,28.184834315154173,112.90680951768702,24.81,407,2208,rural
GLS,31311,0.0,0.8,3115.4161491241202,4871.049261225609,36.04219579704584,139.34872865781722,30.96,326,1483,rural
GLS,31319,0.0,0.8,3370.8943297500373,4437.068207504176,24.02879171320774,101.18549289373648,11.04,357,1985,rural
GLS,31515,0.0,0.8,5966.803303262713,8050.858133283889,25.886120405044387,125.1818077488354,33.59,472,3284,rural
GLS,31535,0.0,0.8,7062.449199223907,10569.427946070218,33.180402617250714,357.6158854957556,38.52,705,3227,rural
GLS,31832,0.0,0.8,3946.896287054794,5153.98445539914,23.42048523409575,159.3824695169613,16.88,440,2069,rural
Hermes,30159,0.0,0.8,5707.10984690831,6103.311963748475,6.491592092841827,6.211813374113814,9.13,207,4412,urban
Hermes,30161,0.0,0.8,3041.651074899418,3205.3444612983394,5.106889084008675,1.7979843382791898,7.9,80,2187,urban
Hermes,30163,0.0,0.8,2899.5330409181734,3151.45637345559,7.993870220109735,2.603733329707664,6.63,93,2318,urban
Hermes,30165,0.0,0.8,2697.1833869387756,3165.918762514473,14.805666561179008,4.951012974183712,5.34,89,1888,urban
Hermes,30167,0.0,0.8,3695.9306787063947,4309.333549458941,14.234286200230711,5.368928981069905,7.27,135,2918,urban
Hermes,30173,0.0,0.8,2717.0510151175267,3377.006730770633,19.542623638849086,4.775461708125837,11.08,82,1982,urban
Hermes,30177,0.0,0.8,2265.367795640067,2975.551858278056,23.867305846552128,3.576189607493106,7.86,76,1604,urban
Hermes,30179,0.0,0.8,2180.3910193883553,2972.7332058248016,26.653659497055557,8.305970462175056,5.02,88,1492,suburban
Hermes,30419,0.0,0.8,5151.4209850776115,5546.714589306118,7.126626002906647,23.77191867081394,4.3,253,3791,suburban
Hermes,30449,0.0,0.8,3660.1478220429854,4264.762288981972,14.176979300839589,5.186686836161483,9.65,147,2752,urban
Hermes,30453,0.0,0.8,2729.146631687745,3456.6569376644593,21.04664475232151,9.157258958740025,8.55,127,1923,suburban
Hermes,30455,0.0,0.8,2506.15409996128,3386.0721023475717,25.986392958857632,6.967819653017212,9.92,152,1769,suburban
Hermes,30457,0.0,0.8,2508.713375411492,3390.4448760059295,26.00636591482207,6.068989648841514,13.07,130,1718,suburban
Hermes,30459,0.0,0.8,2479.2211161383607,3359.004573372854,26.191790990956658,7.274391190340525,11.99,121,1718,urban
Hermes,30519,0.0,0.8,4118.973551717982,5162.317584328793,20.210768042982895,13.714884737746765,13.8,229,2920,urban
Hermes,30539,0.0,0.8,2943.697394722865,3748.1337976976,21.46231822004016,19.21423828970633,16.65,149,1846,rural
Hermes,30559,0.0,0.8,4164.989887477833,5370.925287647466,22.453028772214555,19.484913733542943,14.22,216,2928,suburban
Hermes,30625,0.0,0.8,2462.6990038347762,3247.4589705680532,24.165354323044916,8.86389555258122,10.86,112,1721,urban
Hermes,30627,0.0,0.8,1711.3869861658202,1976.5200916772521,13.414136624659506,3.390385523567528,11.3,80,1110,suburban
Hermes,30629,0.0,0.8,2429.8934067937025,3288.097282907375,26.100318885785466,14.669809711755615,13.03,120,1544,suburban
Hermes,30655,0.0,0.8,2693.0538095359757,3426.8003677575816,21.412001852379646,4.462508901721823,9.19,134,1982,suburban
Hermes,30657,0.0,0.8,2856.6948172901407,3245.628188162223,11.983300252648739,12.670949194485749,6.89,133,1834,rural
Hermes,30659,0.0,0.8,2364.519417866021,3215.6998845024846,26.46952443350147,11.3882150903338,10.33,126,1587,suburban
Hermes,30823,0.0,0.8,3385.374161308975,3936.6042296322357,14.002679369542756,12.528872220645557,8.05,216,2384,suburban
Hermes,30826,0.0,0.8,3548.879723038628,4191.43021519428,15.330101162757133,56.38950461206911,9.0,221,2156,rural
Hermes,30827,0.0,0.8,2837.5476251443324,3247.3865843141566,12.620578071901521,10.610683695060027,5.18,139,1865,suburban
Hermes,30851,0.0,0.8,2149.345430062879,2857.2114343496014,24.774715506759712,4.12190647126244,3.44,95,1650,suburban
Hermes,30853,0.0,0.8,2005.3845471678962,2627.454020793578,23.67575107699872,8.711379660258004,3.75,121,1477,suburban
Hermes,30855,0.0,0.8,8505.028517512583,8658.56494813409,1.7732318408559593,58.08159729436245,2.52,261,7102,suburban
Hermes,30880,0.0,0.8,6039.745457310511,6718.354835871605,10.100826692537375,33.96099660372796,20.27,312,3668,suburban
Hermes,30890,0.0,0.8,5731.472951529991,7568.635969962485,24.27337007254162,102.53407734275534,19.74,454,3618,rural
Hermes,30900,0.0,0.8,5945.522188870319,7696.514876914835,22.750461943450507,173.55971997363926,12.32,527,3644,rural
Hermes,30916,0.0,0.8,4711.468270913059,5798.014253899346,18.739967433773565,59.876286869182046,10.8,310,3232,suburban
Hermes,30926,0.0,0.8,4894.411497031221,5981.497888198291,18.17414987827597,53.8021301528445,10.52,393,3537,rural
Hermes,30938,0.0,0.8,4381.140592106912,6007.684029332934,27.074383893765237,153.22446344831192,16.57,334,2656,rural
Hermes,30952,0.0,0.8,3909.0056139125463,5277.6182452376,25.932391615480295,37.755537878390655,15.6,274,2488,suburban
Hermes,30966,0.0,0.8,3836.7936631853845,4601.173469262583,16.612714369139045,31.83238567652256,16.87,229,2313,rural
Hermes,30974,0.0,0.8,2936.2008399143656,4626.2307003590395,36.531465244772846,53.82702268136371,22.19,228,1616,rural
Hermes,30982,0.0,0.8,3396.341268467715,4596.833861562218,26.11564022647796,66.6831619829418,23.78,220,1680,rural
Hermes,30989,0.0,0.8,2792.697988840444,4185.515150068637,33.27707847874718,43.13135688268341,15.58,242,1681,rural
Hermes,31275,0.0,0.8,7281.192580969524,9418.194923082388,22.690147736010818,129.47251256919432,23.26,528,4698,suburban
Hermes,31303,0.0,0.8,5226.752707189794,6888.21710469868,24.120383725645727,112.90680951768702,22.27,425,3161,rural
Hermes,31311,0.0,0.8,4113.039174449636,6231.959144058387,34.00086426479465,139.34872865781722,32.49,345,2196,rural
Hermes,31319,0.0,0.8,4762.085134434831,6653.523191455497,28.427616506239346,101.18549289373648,23.57,378,2907,rural
Hermes,31515,0.0,0.8,7052.263553810668,9098.73098096226,22.49178958509182,125.1818077488354,20.37,503,4758,rural
Hermes,31535,0.0,0.8,8418.596038789556,11828.260970846719,28.826426306124056,357.6158854957556,19.5,777,4780,rural
Hermes,31832,0.0,0.8,5368.218849851315,8226.290929342216,34.743143708867535,159.3824695169613,28.44,458,3015,rural
UPS,30159,0.0,0.8,13463.246799544426,14124.871351764605,4.6841102884630725,10.98727508223965,10.54,282,11805,urban
UPS,30161,0.0,0.8,5304.537326274961,5917.055804797465,10.351744156711899,1.7979843382791898,8.59,80,4726,urban
UPS,30163,0.0,0.8,5833.808461579067,6504.720392897118,10.31423167782367,14.485893399375826,6.02,215,5283,urban
UPS,30165,0.0,0.8,3147.0570279955264,3773.2492250252108,16.595569486282756,4.951012974183712,6.57,77,2701,urban
UPS,30167,0.0,0.8,5437.037182280694,6006.644999548211,9.482961242263526,5.368928981069905,8.81,137,4551,urban
UPS,30419,0.0,0.8,2503.620165095833,3598.2785262855646,30.42172397698538,23.77191867081394,7.09,153,2053,suburban
UPS,30449,0.0,0.8,5686.251914558427,6798.755020154903,16.363335673935318,12.46107802650201,12.33,209,4685,urban
UPS,30453,0.0,0.8,2575.027445958509,3375.021836857729,23.703384142961415,9.157258958740025,10.59,118,1821,suburban
UPS,30455,0.0,0.8,1233.5902614067327,1985.0500139571805,37.8559606693445,6.967819653017212,12.14,99,812,suburban
UPS,30457,0.0,0.8,1538.9322818535538,2069.491599260607,25.63718149890595,6.068989648841514,14.87,93,1021,suburban
UPS,30519,0.0,0.8,3940.02132200652,4937.054841641878,20.194904687422554,13.714884737746765,14.32,178,3064,urban
UPS,30539,0.0,0.8,3746.929454462345,4533.06046911727,17.342169159459942,19.21423828970633,16.42,96,2701,rural
UPS,30559,0.0,0.8,3868.3223123551784,5027.435680366569,23.055757282744093,19.484913733542943,13.47,141,3087,suburban
UPS,30625,0.0,0.8,3437.541715621414,4315.013444156701,20.335318531244443,12.254281076148748,10.42,148,2727,urban
UPS,30655,0.0,0.8,1663.4350411596358,2121.9137816651596,21.606850592474835,4.462508901721823,8.22,93,1218,suburban
UPS,30657,0.0,0.8,4173.858629942107,4786.350272484361,12.796632249489333,12.670949194485749,5.0,96,3745,rural
UPS,30659,0.0,0.8,3151.9330896826714,3729.581575766453,15.488292033539212,26.058024802089417,10.16,158,2385,suburban
UPS,30823,0.0,0.8,1825.2039252201607,2901.0492307771306,37.084696603675816,12.528872220645557,11.23,141,1337,suburban
UPS,30826,0.0,0.8,1750.9242693078952,2179.7117952412614,19.671753250567047,56.38950461206911,11.69,77,1105,rural
UPS,30827,0.0,0.8,2466.394160419584,3291.825156956803,25.07517736149468,10.610683695060027,8.21,92,2105,suburban
UPS,30853,0.0,0.8,4300.770601181734,4885.572256538386,11.96997249552515,12.833286131520444,2.1,167,3668,suburban
UPS,30855,0.0,0.8,11962.982160436266,12372.313669298126,3.308447553165545,59.06346106841505,2.73,226,11475,suburban
UPS,30880,0.0,0.8,5615.521731074945,7164.597554373629,21.621253832367046,33.96099660372796,20.44,221,4190,suburban
UPS,30890,0.0,0.8,3094.724899256985,4686.02421265492,33.958409969383546,102.53407734275534,22.83,246,1795,rural
UPS,30900,0.0,0.8,3382.1472883912274,5252.628048739307,35.61037909008267,173.55971997363926,10.9,296,2208,rural
UPS,30916,0.0,0.8,4844.699928208159,6109.051569407693,20.696365496913298,59.876286869182046,7.96,236,4019,suburban
UPS,30926,0.0,0.8,2528.1962219811603,3963.3498677038015,36.21062216629664,53.8021301528445,13.64,194,1634,rural
UPS,30938,0.0,0.8,4595.021746136425,6063.945568650633,24.223895249130305,153.22446344831192,13.43,195,3590,rural
UPS,30952,0.0,0.8,2092.4191682001447,3731.55368849277,43.92632820337891,37.755537878390655,17.72,163,1329,suburban
UPS,30966,0.0,0.8,2262.3945405091054,3533.856164661857,35.97943902944373,31.83238567652256,18.2,136,1386,rural
UPS,30974,0.0,0.8,2092.7460306758303,3208.8293030723075,34.781634265427535,53.82702268136371,24.68,134,1072,rural
UPS,30982,0.0,0.8,1875.6099623368066,3007.173952156455,37.62881721585144,66.6831619829418,24.88,141,878,rural
UPS,30989,0.0,0.8,2024.1890462371769,3364.1454124269208,39.83051271327445,43.13135688268341,18.29,160,1191,rural
UPS,31275,0.0,0.8,4477.179558697274,6734.00020753597,33.51381911620829,129.47251256919432,21.19,339,2904,suburban
UPS,31303,0.0,0.8,3051.2018820771245,4633.075702530725,34.14306007539513,112.90680951768702,19.35,259,1804,rural
UPS,31311,0.0,0.8,2191.415288001568,3968.942591958489,44.78591621754332,139.34872865781722,29.65,195,1062,rural
UPS,31319,0.0,0.8,1947.3685235923613,3441.882252785476,43.42140780625548,101.18549289373648,22.42,153,1055,rural
UPS,31515,0.0,0.8,4902.941298795624,6718.456041625136,27.0227970769063,125.1818077488354,23.29,321,3281,rural
UPS,31535,0.0,0.8,4519.560936655423,8009.28273019456,43.57096522992097,357.6158854957556,20.99,322,2571,rural
UPS,31832,0.0,0.8,3051.0183558251933,5227.687081644636,41.637318604285326,159.3824695169613,30.54,251,1605,rural
DHL,30159,0.4,0.8,21973.50194568585,21973.50194568585,0.0,6.211813374113814,2.18,221,23058,urban
DHL,30161,0.4,0.8,10909.00812046849,10909.00812046849,0.0,1.7979843382791898,1.04,84,11554,urban
DHL,30163,0.4,0.8,9914.04927442146,9914.04927442146,0.0,2.603733329707664,1.7,95,10484,urban
DHL,30165,0.4,0.8,8565.397376626115,8565.397376626115,0.0,4.951012974183712,1.88,94,8599,urban
DHL,30167,0.4,0.8,13540.33589751315,13540.33589751315,0.0,5.368928981069905,1.39,142,13892,urban
DHL,30169,0.4,0.8,5441.748523674446,5441.748523674446,0.0,2.9960433745102675,2.4,76,5294,urban
DHL,30173,0.4,0.8,8900.020227394843,8900.020227394843,0.0,4.775461708125837,3.83,88,8547,urban
DHL,30177,0.4,0.8,6717.193405547422,6717.193405547422,0.0,3.576189607493106,2.83,80,6260,urban
DHL,30179,0.4,0.8,7015.019470078845,7015.019470078845,0.0,8.305970462175056,3.55,96,6322,suburban
DHL,30419,0.4,0.8,15260.397562746597,15260.397562746597,0.0,23.77191867081394,5.16,274,14775,suburban
DHL,30449,0.4,0.8,7432.014762814106,7432.014762814106,0.0,2.190643461651216,1.56,91,7431,urban
DHL,30453,0.4,0.8,8728.871611104647,8728.871611104647,0.0,9.157258958740025,2.98,148,8150,suburban
DHL,30455,0.4,0.8,7560.480077937329,7560.480077937329,0.0,6.967819653017212,3.04,160,6748,suburban
DHL,30457,0.4,0.8,7333.849598031452,7333.849598031452,0.0,6.068989648841514,2.4,139,6736,suburban
DHL,30459,0.4,0.8,6748.368740605874,6748.368740605874,0.0,7.274391190340525,1.24,125,6561,urban
DHL,30519,0.4,0.8,13335.327593044716,13335.327593044716,0.0,13.714884737746765,5.03,248,12645,urban
DHL,30539,0.4,0.8,9296.282509988963,9296.282509988963,0.0,19.21423828970633,3.99,164,8372,rural
DHL,30559,0.4,0.8,12462.482929522981,12462.482929522981,0.0,19.484913733542943,1.93,224,12320,suburban
DHL,30625,0.4,0.8,8084.182917612831,8084.182917612831,0.0,8.86389555258122,4.99,117,7084,urban
DHL,30627,0.4,0.8,5566.459185356654,5566.459185356654,0.0,3.390385523567528,4.61,82,4809,suburban
DHL,30629,0.4,0.8,6830.019894903581,6830.019894903581,0.0,14.669809711755615,4.28,124,5907,suburban
DHL,30655,0.4,0.8,8770.048460462032,8770.048460462032,0.0,4.462508901721823,5.25,139,7945,suburban
DHL,30657,0.4,0.8,9997.913539537092,9997.913539537092,0.0,12.670949194485749,6.56,140,9056,rural
DHL,30659,0.4,0.8,7841.281218861646,7841.281218861646,0.0,11.3882150903338,7.01,131,6829,suburban
DHL,30823,0.4,0.8,10202.29191336214,10202.29191336214,0.0,12.528872220645557,3.26,227,9437,suburban
DHL,30826,0.4,0.8,9289.171862330428,9289.171862330428,0.0,56.38950461206911,1.44,239,8281,rural
DHL,30827,0.4,0.8,8499.259441991915,8499.259441991915,0.0,10.610683695060027,3.25,153,8048,suburban
DHL,30851,0.4,0.8,7091.396611882496,7091.396611882496,0.0,4.12190647126244,5.02,97,6654,suburban
DHL,30853,0.4,0.8,8087.121413003322,8087.121413003322,0.0,8.711379660258004,6.98,132,7164,suburban
DHL,30855,0.4,0.8,33181.974645551454,33181.974645551454,0.0,59.06346106841505,5.9,278,32854,suburban
DHL,30880,0.4,0.8,17626.17972557684,17626.17972557684,0.0,33.96099660372796,5.11,360,16161,suburban
DHL,30890,0.4,0.8,16098.044263724361,16098.044263724361,0.0,102.53407734275534,4.73,504,13989,rural
DHL,30900,0.4,0.8,17593.529073393336,17593.529073393336,0.0,173.55971997363926,4.94,590,14609,rural
DHL,30916,0.4,0.8,17062.590954336305,17062.590954336305,0.0,59.876286869182046,11.0,355,14499,suburban
DHL,30926,0.4,0.8,14775.4174568136,14775.4174568136,0.0,53.8021301528445,0.37,429,13519,rural
DHL,30938,0.4,0.8,14888.20103197316,14888.20103197316,0.0,153.22446344831192,10.53,355,12030,rural
DHL,30952,0.4,0.8,11029.332668750209,11029.332668750209,0.0,37.755537878390655,5.68,286,9709,suburban
DHL,30966,0.4,0.8,10564.896592403224,10564.896592403224,0.0,31.83238567652256,5.52,237,9182,rural
DHL,30974,0.4,0.8,7602.589230059956,7602.589230059956,0.0,53.82702268136371,1.4,244,6515,rural
DHL,30982,0.4,0.8,8026.683955967339,8026.683955967339,0.0,66.6831619829418,2.77,239,6551,rural
DHL,30989,0.4,0.8,8197.588934134921,8197.588934134921,0.0,43.13135688268341,5.72,271,6841,rural
DHL,31275,0.4,0.8,20490.51279819747,20490.51279819747,0.0,129.47251256919432,2.93,571,18743,suburban
DHL,31303,0.4,0.8,14494.326252546625,14494.326252546625,0.0,112.90680951768702,1.84,468,12605,rural
DHL,31311,0.4,0.8,10485.698502104207,10485.698502104207,0.0,139.34872865781722,3.81,380,8577,rural
DHL,31319,0.4,0.8,12204.762656945873,12204.762656945873,0.0,101.18549289373648,0.58,411,10967,rural
DHL,31515,0.4,0.8,21088.897809861297,21088.897809861297,0.0,125.1818077488354,5.28,537,19286,rural
DHL,31535,0.4,0.8,22512.716761824166,22512.716761824166,0.0,357.6158854957556,5.5,880,18533,rural
DHL,31832,0.4,0.8,14457.781202836444,14457.781202836444,0.0,159.3824695169613,4.65,515,11902,rural
Amazon,30159,0.4,0.8,11555.196270293998,11555.196270293998,0.0,6.211813374113814,13.81,221,9019,urban
Amazon,30161,0.4,0.8,6224.7449789257325,6224.7449789257325,0.0,1.7979843382791898,12.74,83,4512,urban
Amazon,30163,0.4,0.8,5889.0064831046275,5889.0064831046275,0.0,2.603733329707664,12.41,93,4469,urban
Amazon,30165,0.4,0.8,4750.233821598029,4750.233821598029,0.0,4.951012974183712,10.52,92,3574,urban
Amazon,30167,0.4,0.8,7175.254343343608,7175.254343343608,0.0,5.368928981069905,10.65,139,5730,urban
Amazon,30173,0.4,0.8,5164.654397653723,5164.654397653723,0.0,4.775461708125837,15.11,87,3759,urban
Amazon,30177,0.4,0.8,4343.242376782357,4343.242376782357,0.0,3.576189607493106,13.99,79,2906,urban
Amazon,30179,0.4,0.8,4390.652005410074,4390.652005410074,0.0,8.305970462175056,12.08,95,2781,suburban
Amazon,30419,0.4,0.8,8519.368501277868,8519.368501277868,0.0,23.77191867081394,6.74,265,6859,suburban
Amazon,30449,0.4,0.8,7005.60345798299,7005.60345798299,0.0,5.186686836161483,12.61,159,5275,urban
Amazon,30453,0.4,0.8,4970.930164967193,4970.930164967193,0.0,9.157258958740025,9.82,139,3593,suburban
Amazon,30455,0.4,0.8,4820.378887430032,4820.378887430032,0.0,6.967819653017212,9.84,158,3165,suburban
Amazon,30457,0.4,0.8,4934.7989617734975,4934.7989617734975,0.0,6.068989648841514,13.37,135,3134,suburban
Amazon,30459,0.4,0.8,4858.408897775894,4858.408897775894,0.0,7.274391190340525,13.92,124,3087,urban
Amazon,30519,0.4,0.8,8140.269152347262,8140.269152347262,0.0,13.714884737746765,17.38,242,5508,urban
Amazon,30539,0.4,0.8,5821.859629336905,5821.859629336905,0.0,19.21423828970633,21.37,157,3516,rural
Amazon,30559,0.4,0.8,8252.52270516162,8252.52270516162,0.0,19.484913733542943,20.15,222,5369,suburban
Amazon,30625,0.4,0.8,4932.584335545381,4932.584335545381,0.0,8.86389555258122,16.66,114,3180,urban
Amazon,30627,0.4,0.8,3472.360903435115,3472.360903435115,0.0,3.390385523567528,17.89,79,2090,suburban
Amazon,30629,0.4,0.8,4629.145185289602,4629.145185289602,0.0,14.669809711755615,20.32,122,2757,suburban
Amazon,30655,0.4,0.8,5061.237427944449,5061.237427944449,0.0,4.462508901721823,16.14,137,3642,suburban
Amazon,30657,0.4,0.8,5227.080664344542,5227.080664344542,0.0,12.670949194485749,15.05,138,3559,rural
Amazon,30659,0.4,0.8,4975.003626465991,4975.003626465991,0.0,11.3882150903338,18.11,130,3002,suburban
Amazon,30823,0.4,0.8,5705.037154540299,5705.037154540299,0.0,12.528872220645557,1.29,222,4370,suburban
Amazon,30826,0.4,0.8,5673.254342811335,5673.254342811335,0.0,56.38950461206911,3.98,233,3852,rural
Amazon,30827,0.4,0.8,4536.061456785562,4536.061456785562,0.0,10.610683695060027,3.78,150,3498,suburban
Amazon,30851,0.4,0.8,4490.007090916008,4490.007090916008,0.0,4.12190647126244,11.33,96,3032,suburban
Amazon,30853,0.4,0.8,4319.068900643669,4319.068900643669,0.0,8.711379660258004,12.37,128,2911,suburban
Amazon,30855,0.4,0.8,16244.345238115564,16244.345238115564,0.0,59.06346106841505,9.96,271,13592,suburban
Amazon,30880,0.4,0.8,11278.054808972109,11278.054808972109,0.0,33.96099660372796,23.78,345,6971,suburban
Amazon,30890,0.4,0.8,10080.548522471709,10080.548522471709,0.0,102.53407734275534,12.55,490,6502,rural
Amazon,30900,0.4,0.8,12085.38072969665,12085.38072969665,0.0,173.55971997363926,17.55,570,6667,rural
Amazon,30916,0.4,0.8,9904.82527723206,9904.82527723206,0.0,59.876286869182046,19.41,344,6164,suburban
Amazon,30926,0.4,0.8,8752.96361616949,8752.96361616949,0.0,53.8021301528445,4.34,415,6338,rural
Amazon,30938,0.4,0.8,9384.90809448861,9384.90809448861,0.0,153.22446344831192,24.95,346,5072,rural
Amazon,30952,0.4,0.8,7076.623355325187,7076.623355325187,0.0,37.755537878390655,14.14,275,4476,suburban
Amazon,30966,0.4,0.8,6955.194722247112,6955.194722247112,0.0,31.83238567652256,17.79,233,4221,rural
Amazon,30974,0.4,0.8,5436.138154721389,5436.138154721389,0.0,53.82702268136371,18.26,240,2971,rural
Amazon,30982,0.4,0.8,6084.06789519755,6084.06789519755,0.0,66.6831619829418,24.57,233,3044,rural
Amazon,30989,0.4,0.8,5499.955907320829,5499.955907320829,0.0,43.13135688268341,11.39,265,3112,rural
Amazon,31275,0.4,0.8,14129.512676709497,14129.512676709497,0.0,129.47251256919432,30.8,550,8588,suburban
Amazon,31303,0.4,0.8,10291.231205914351,10291.231205914351,0.0,112.90680951768702,30.88,449,5793,rural
Amazon,31311,0.4,0.8,8790.113460938559,8790.113460938559,0.0,139.34872865781722,40.99,367,3965,rural
Amazon,31319,0.4,0.8,9320.815628099372,9320.815628099372,0.0,101.18549289373648,29.57,396,5228,rural
Amazon,31515,0.4,0.8,12450.58174407703,12450.58174407703,0.0,125.1818077488354,12.09,525,8733,rural
Amazon,31535,0.4,0.8,15851.91067139521,15851.91067139521,0.0,357.6158854957556,16.13,834,8625,rural
Amazon,31832,0.4,0.8,11355.500473785536,11355.500473785536,0.0,159.3824695169613,25.63,491,5466,rural
DPD,30159,0.4,0.8,6656.069904499083,6656.069904499083,0.0,6.211813374113814,13.32,219,4783,urban
DPD,30161,0.4,0.8,3438.6384541878197,3438.6384541878197,0.0,1.7979843382791898,14.05,84,2359,urban
DPD,30163,0.4,0.8,3176.704105051865,3176.704105051865,0.0,2.603733329707664,14.01,92,2106,urban
DPD,30165,0.4,0.8,3109.5847921201566,3109.5847921201566,0.0,4.951012974183712,15.88,91,1757,urban
DPD,30167,0.4,0.8,4548.61275587726,4548.61275587726,0.0,5.368928981069905,16.37,138,2824,urban
DPD,30173,0.4,0.8,3042.0725720869623,3042.0725720869623,0.0,4.775461708125837,13.13,86,1708,urban
DPD,30177,0.4,0.8,2301.8161532682093,2301.8161532682093,0.0,3.576189607493106,12.44,75,1250,urban
DPD,30179,0.4,0.8,2402.9493976963904,2402.9493976963904,0.0,8.305970462175056,14.42,89,1256,suburban
DPD,30419,0.4,0.8,5350.888005691542,5350.888005691542,0.0,23.77191867081394,19.64,257,2858,suburban
DPD,30449,0.4,0.8,4115.648431001423,4115.648431001423,0.0,5.186686836161483,15.53,161,2554,urban
DPD,30453,0.4,0.8,3546.158276962033,3546.158276962033,0.0,9.157258958740025,18.23,137,1619,suburban
DPD,30455,0.4,0.8,3189.32194545774,3189.32194545774,0.0,6.967819653017212,19.47,151,1318,suburban
DPD,30457,0.4,0.8,3071.8681502213976,3071.8681502213976,0.0,6.068989648841514,18.69,130,1335,suburban
DPD,30459,0.4,0.8,2692.648089162524,2692.648089162524,0.0,7.274391190340525,16.25,119,1284,urban
DPD,30519,0.4,0.8,4359.743796141659,4359.743796141659,0.0,12.113461405690837,12.99,227,2540,urban
DPD,30539,0.4,0.8,3283.465182476126,3283.465182476126,0.0,19.21423828970633,9.52,156,1695,rural
DPD,30559,0.4,0.8,3964.267070732265,3964.267070732265,0.0,19.484913733542943,7.42,213,2467,suburban
DPD,30625,0.4,0.8,2879.61806243138,2879.61806243138,0.0,8.86389555258122,10.22,108,1405,urban
DPD,30627,0.4,0.8,1734.323815852828,1734.323815852828,0.0,3.390385523567528,8.59,77,971,suburban
DPD,30629,0.4,0.8,2209.7242260325893,2209.7242260325893,0.0,14.669809711755615,6.08,121,1173,suburban
DPD,30655,0.4,0.8,2902.8311877698657,2902.8311877698657,0.0,4.462508901721823,10.23,132,1537,suburban
DPD,30657,0.4,0.8,3254.827165454566,3254.827165454566,0.0,12.670949194485749,12.26,136,1866,rural
DPD,30659,0.4,0.8,2732.1680399331904,2732.1680399331904,0.0,11.3882150903338,8.73,122,1368,suburban
DPD,30823,0.4,0.8,4031.85332034608,4031.85332034608,0.0,12.528872220645557,25.25,211,1867,suburban
DPD,30826,0.4,0.8,4659.6772590054525,4659.6772590054525,0.0,56.38950461206911,27.87,212,1639,rural
DPD,30827,0.4,0.8,3693.9834286058103,3693.9834286058103,0.0,10.610683695060027,23.76,145,1601,suburban
DPD,30851,0.4,0.8,2392.8715311930196,2392.8715311930196,0.0,4.12190647126244,15.63,96,1281,suburban
DPD,30853,0.4,0.8,3054.623065805542,3054.623065805542,0.0,8.711379660258004,15.68,120,1470,suburban
DPD,30855,0.4,0.8,9651.557570967712,9651.557570967712,0.0,59.06346106841505,19.88,265,6668,suburban
DPD,30880,0.4,0.8,5651.747006229777,5651.747006229777,0.0,33.96099660372796,12.89,328,3235,suburban
DPD,30890,0.4,0.8,6923.102121964851,6923.102121964851,0.0,102.53407734275534,32.64,451,2726,rural
DPD,30900,0.4,0.8,7912.531093330155,7912.531093330155,0.0,173.55971997363926,25.52,515,2839,rural
DPD,30916,0.4,0.8,5505.336403799816,5505.336403799816,0.0,59.876286869182046,10.68,308,2914,suburban
DPD,30926,0.4,0.8,6146.851473398595,6146.851473398595,0.0,53.8021301528445,25.6,384,2637,rural
DPD,30938,0.4,0.8,5614.10632319326,5614.10632319326,0.0,153.22446344831192,17.56,317,2412,rural
DPD,30952,0.4,0.8,4651.5791758270425,4651.5791758270425,0.0,37.755537878390655,21.73,266,1895,suburban
DPD,30966,0.4,0.8,4054.5734078226283,4054.5734078226283,0.0,31.83238567652256,17.93,217,1807,rural
DPD,30974,0.4,0.8,4049.5746175540357,4049.5746175540357,0.0,53.82702268136371,28.84,224,1280,rural
DPD,30982,0.4,0.8,3635.1428609264503,3635.1428609264503,0.0,66.6831619829418,20.59,218,1278,rural
DPD,30989,0.4,0.8,4189.963023652114,4189.963023652114,0.0,43.13135688268341,25.63,242,1356,rural
DPD,31275,0.4,0.8,6310.744546848563,6310.744546848563,0.0,129.47251256919432,4.47,516,3643,suburban
DPD,31303,0.4,0.8,5298.7418231419815,5298.7418231419815,0.0,112.90680951768702,10.77,417,2491,rural
DPD,31311,0.4,0.8,4503.622414154428,4503.622414154428,0.0,139.34872865781722,17.19,336,1650,rural
DPD,31319,0.4,0.8,4393.641206526262,4393.641206526262,0.0,101.18549289373648,7.08,368,2115,rural
DPD,31515,0.4,0.8,8672.940895409381,8672.940895409381,0.0,125.1818077488354,38.45,488,3812,rural
DPD,31535,0.4,0.8,10736.90548199021,10736.90548199021,0.0,357.6158854957556,38.17,720,3582,rural
DPD,31832,0.4,0.8,6479.205569246742,6479.205569246742,0.0,159.3824695169613,30.86,456,2309,rural
FedEx,30159,0.4,0.8,12214.299279183924,12214.299279183924,0.0,10.98727508223965,11.75,273,9864,urban
FedEx,30161,0.4,0.8,5224.187237195072,5224.187237195072,0.0,1.7979843382791898,9.67,80,3810,urban
FedEx,30163,0.4,0.8,8257.65060106912,8257.65060106912,0.0,19.436906373559538,7.51,263,6210,urban
FedEx,30167,0.4,0.8,5175.6698343295675,5175.6698343295675,0.0,5.368928981069905,8.96,132,3775,urban
FedEx,30419,0.4,0.8,3306.0595520416546,3306.0595520416546,0.0,23.77191867081394,5.53,136,1709,suburban
FedEx,30449,0.4,0.8,5430.5021475969215,5430.5021475969215,0.0,12.46107802650201,12.7,204,3703,urban
FedEx,30453,0.4,0.8,3326.3835685835006,3326.3835685835006,0.0,9.157258958740025,10.07,106,1516,suburban
FedEx,30455,0.4,0.8,1959.2973539377524,1959.2973539377524,0.0,6.967819653017212,11.34,85,612,suburban
FedEx,30457,0.4,0.8,1996.1328134447208,1996.1328134447208,0.0,6.068989648841514,14.63,82,778,suburban
FedEx,30519,0.4,0.8,4147.606607808722,4147.606607808722,0.0,13.714884737746765,15.57,154,2372,urban
FedEx,30539,0.4,0.8,4110.789837016759,4110.789837016759,0.0,19.21423828970633,18.41,81,2429,rural
FedEx,30559,0.4,0.8,5375.733073538704,5375.733073538704,0.0,34.15472344529856,15.2,165,3144,suburban
FedEx,30625,0.4,0.8,3602.9465575642243,3602.9465575642243,0.0,12.254281076148748,12.66,134,2229,urban
FedEx,30655,0.4,0.8,3651.3066283117864,3651.3066283117864,0.0,15.85072399205562,11.41,144,2242,suburban
FedEx,30657,0.4,0.8,4510.957538899967,4510.957538899967,0.0,12.670949194485749,8.22,82,3429,rural
FedEx,30823,0.4,0.8,2013.2163655803622,2013.2163655803622,0.0,12.528872220645557,8.07,113,878,suburban
FedEx,30827,0.4,0.8,4491.66174623818,4491.66174623818,0.0,67.00018830712914,7.42,137,2757,suburban
FedEx,30853,0.4,0.8,4558.287686101956,4558.287686101956,0.0,12.833286131520444,4.82,152,3029,suburban
FedEx,30855,0.4,0.8,11164.944696921486,11164.944696921486,0.0,59.06346106841505,1.5,210,9970,suburban
FedEx,30880,0.4,0.8,6033.650689518244,6033.650689518244,0.0,33.96099660372796,22.05,184,3498,suburban
FedEx,30890,0.4,0.8,3937.614024274669,3937.614024274669,0.0,102.53407734275534,20.22,167,1281,rural
FedEx,30900,0.4,0.8,4467.0239843658765,4467.0239843658765,0.0,173.55971997363926,10.92,207,1597,rural
FedEx,30916,0.4,0.8,5459.16940205895,5459.16940205895,0.0,59.876286869182046,11.65,204,3245,suburban
FedEx,30926,0.4,0.8,3230.0558047592294,3230.0558047592294,0.0,53.8021301528445,10.98,152,1266,rural
FedEx,30938,0.4,0.8,5737.710883078335,5737.710883078335,0.0,153.22446344831192,16.47,151,3131,rural
FedEx,30952,0.4,0.8,2694.734755168253,2694.734755168253,0.0,37.755537878390655,17.01,132,979,suburban
FedEx,30966,0.4,0.8,2504.2719321468335,2504.2719321468335,0.0,31.83238567652256,18.53,102,1063,rural
FedEx,30974,0.4,0.8,2454.671117478426,2454.671117478426,0.0,53.82702268136371,23.36,94,802,rural
FedEx,30982,0.4,0.8,2716.2138956601093,2716.2138956601093,0.0,66.6831619829418,25.47,105,618,rural
FedEx,30989,0.4,0.8,2473.2391948618315,2473.2391948618315,0.0,43.13135688268341,16.61,128,876,rural
FedEx,31275,0.4,0.8,5422.493872435705,5422.493872435705,0.0,129.47251256919432,24.61,246,2133,suburban
FedEx,31303,0.4,0.8,3973.889348501275,3973.889348501275,0.0,112.90680951768702,23.03,195,1243,rural
FedEx,31311,0.4,0.8,3062.8021398398528,3062.8021398398528,0.0,139.34872865781722,33.34,113,675,rural
FedEx,31319,0.4,0.8,2817.067630852216,2817.067630852216,0.0,101.18549289373648,25.21,119,751,rural
FedEx,31515,0.4,0.8,5470.280769208987,5470.280769208987,0.0,125.1818077488354,19.63,249,2478,rural
FedEx,31535,0.4,0.8,6228.495098699879,6228.495098699879,0.0,357.6158854957556,17.87,237,2005,rural
FedEx,31832,0.4,0.8,4547.708372184966,4547.708372184966,0.0,159.3824695169613,29.81,182,1068,rural
GLS,30159,0.4,0.8,4840.335510593373,4840.335510593373,0.0,6.211813374113814,11.0,208,3332,urban
GLS,30161,0.4,0.8,3003.1123197883485,3003.1123197883485,0.0,1.7979843382791898,12.21,80,1649,urban
GLS,30163,0.4,0.8,4530.9209569497225,4530.9209569497225,0.0,6.17992293720077,13.11,162,2801,urban
GLS,30165,0.4,0.8,2518.402065806431,2518.402065806431,0.0,4.951012974183712,14.79,86,1358,urban
GLS,30167,0.4,0.8,3486.1823236641876,3486.1823236641876,0.0,5.368928981069905,13.23,133,2147,urban
GLS,30173,0.4,0.8,2554.876072428404,2554.876072428404,0.0,4.775461708125837,9.02,83,1424,urban
GLS,30179,0.4,0.8,2012.9451781141186,2012.9451781141186,0.0,8.305970462175056,15.58,89,1034,suburban
GLS,30419,0.4,0.8,5101.804856969734,5101.804856969734,0.0,23.77191867081394,17.6,248,2617,suburban
GLS,30449,0.4,0.8,3412.5020081467483,3412.5020081467483,0.0,5.186686836161483,10.84,150,1981,urban
GLS,30453,0.4,0.8,3168.728615727752,3168.728615727752,0.0,9.157258958740025,13.29,125,1373,suburban
GLS,30455,0.4,0.8,2732.89498767275,2732.89498767275,0.0,6.967819653017212,13.26,149,1201,suburban
GLS,30457,0.4,0.8,2344.3788154149365,2344.3788154149365,0.0,6.068989648841514,10.08,128,1189,suburban
GLS,30459,0.4,0.8,2084.898287419,2084.898287419,0.0,7.274391190340525,9.13,113,1169,urban
GLS,30519,0.4,0.8,3551.9496596439303,3551.9496596439303,0.0,13.714884737746765,6.3,224,2084,urban
GLS,30539,0.4,0.8,2580.3663075652257,2580.3663075652257,0.0,19.21423828970633,5.29,145,1310,rural
GLS,30559,0.4,0.8,3658.07773972127,3658.07773972127,0.0,19.484913733542943,8.92,208,2040,suburban
GLS,30625,0.4,0.8,2259.1204653397162,2259.1204653397162,0.0,8.86389555258122,10.34,105,1185,urban
GLS,30627,0.4,0.8,1778.1322716706136,1778.1322716706136,0.0,3.390385523567528,11.43,78,774,suburban
GLS,30629,0.4,0.8,2143.7517893568083,2143.7517893568083,0.0,14.669809711755615,12.94,116,1080,suburban
GLS,30655,0.4,0.8,2960.5284409044616,2960.5284409044616,0.0,4.462508901721823,13.05,124,1383,suburban
GLS,30657,0.4,0.8,2873.29432340711,2873.29432340711,0.0,12.670949194485749,16.66,127,1325,rural
GLS,30659,0.4,0.8,2313.189380462103,2313.189380462103,0.0,11.3882150903338,14.84,124,1138,suburban
GLS,30823,0.4,0.8,4081.0154973189988,4081.0154973189988,0.0,12.528872220645557,21.76,209,1687,suburban
GLS,30826,0.4,0.8,4802.849009920454,4802.849009920454,0.0,56.38950461206911,26.25,214,1480,rural
GLS,30827,0.4,0.8,3413.7429042160657,3413.7429042160657,0.0,10.610683695060027,22.43,133,1331,suburban
GLS,30851,0.4,0.8,2060.2946146334557,2060.2946146334557,0.0,4.12190647126244,17.37,95,1137,suburban
GLS,30853,0.4,0.8,2481.088173620477,2481.088173620477,0.0,8.711379660258004,18.94,117,1083,suburban
GLS,30855,0.4,0.8,8370.230959567252,8370.230959567252,0.0,58.08159729436245,22.3,262,5111,suburban
GLS,30880,0.4,0.8,4450.294123718125,4450.294123718125,0.0,33.96099660372796,1.58,305,2630,suburban
GLS,30890,0.4,0.8,6293.752660817818,6293.752660817818,0.0,102.53407734275534,23.44,436,2471,rural
GLS,30900,0.4,0.8,7176.610893793414,7176.610893793414,0.0,173.55971997363926,31.36,490,2487,rural
GLS,30916,0.4,0.8,5182.054562818042,5182.054562818042,0.0,59.876286869182046,19.31,308,2276,suburban
GLS,30926,0.4,0.8,5707.156100114085,5707.156100114085,0.0,53.8021301528445,20.06,381,2421,rural
GLS,30938,0.4,0.8,5298.987880460923,5298.987880460923,0.0,153.22446344831192,28.43,321,1873,rural
GLS,30952,0.4,0.8,4052.359581403284,4052.359581403284,0.0,37.755537878390655,11.4,259,1710,suburban
GLS,30966,0.4,0.8,3510.9395596477075,3510.9395596477075,0.0,31.83238567652256,6.33,220,1619,rural
GLS,30974,0.4,0.8,3101.933528043918,3101.933528043918,0.0,53.82702268136371,16.59,214,1120,rural
GLS,30982,0.4,0.8,2386.647671549595,2386.647671549595,0.0,66.6831619829418,6.34,209,1154,rural
GLS,30989,0.4,0.8,3148.477695946504,3148.477695946504,0.0,43.13135688268341,16.28,231,1172,rural
GLS,31275,0.4,0.8,6805.937726269975,6805.937726269975,0.0,129.47251256919432,17.38,507,3227,suburban
GLS,31303,0.4,0.8,5596.886925837495,5596.886925837495,0.0,112.90680951768702,24.81,407,2208,rural
GLS,31311,0.4,0.8,4871.049261225609,4871.049261225609,0.0,139.34872865781722,30.96,326,1483,rural
GLS,31319,0.4,0.8,4437.068207504176,4437.068207504176,0.0,101.18549289373648,11.04,357,1985,rural
GLS,31515,0.4,0.8,8050.858133283889,8050.858133283889,0.0,125.1818077488354,33.59,472,3284,rural
GLS,31535,0.4,0.8,10569.427946070218,10569.427946070218,0.0,357.6158854957556,38.52,705,3227,rural
GLS,31832,0.4,0.8,5153.98445539914,5153.98445539914,0.0,159.3824695169613,16.88,440,2069,rural
Hermes,30159,0.4,0.8,6103.311963748475,6103.311963748475,0.0,6.211813374113814,9.13,207,4412,urban
Hermes,30161,0.4,0.8,3205.3444612983394,3205.3444612983394,0.0,1.7979843382791898,7.9,80,2187,urban
Hermes,30163,0.4,0.8,3151.45637345559,3151.45637345559,0.0,2.603733329707664,6.63,93,2318,urban
Hermes,30165,0.4,0.8,3165.918762514473,3165.918762514473,0.0,4.951012974183712,5.34,89,1888,urban
Hermes,30167,0.4,0.8,4309.333549458941,4309.333549458941,0.0,5.368928981069905,7.27,135,2918,urban
Hermes,30173,0.4,0.8,3377.006730770633,3377.006730770633,0.0,4.775461708125837,11.08,82,1982,urban
Hermes,30177,0.4,0.8,2975.551858278056,2975.551858278056,0.0,3.576189607493106,7.86,76,1604,urban
Hermes,30179,0.4,0.8,2972.7332058248016,2972.7332058248016,0.0,8.305970462175056,5.02,88,1492,suburban
Hermes,30419,0.4,0.8,5546.714589306118,5546.714589306118,0.0,23.77191867081394,4.3,253,3791,suburban
Hermes,30449,0.4,0.8,4264.762288981972,4264.762288981972,0.0,5.186686836161483,9.65,147,2752,urban
Hermes,30453,0.4,0.8,3456.6569376644593,3456.6569376644593,0.0,9.157258958740025,8.55,127,1923,suburban
Hermes,30455,0.4,0.8,3386.0721023475717,3386.0721023475717,0.0,6.967819653017212,9.92,152,1769,suburban
Hermes,30457,0.4,0.8,3390.4448760059295,3390.4448760059295,0.0,6.068989648841514,13.07,130,1718,suburban
Hermes,30459,0.4,0.8,3359.004573372854,3359.004573372854,0.0,7.274391190340525,11.99,121,1718,urban
Hermes,30519,0.4,0.8,5162.317584328793,5162.317584328793,0.0,13.714884737746765,13.8,229,2920,urban
Hermes,30539,0.4,0.8,3748.1337976976,3748.1337976976,0.0,19.21423828970633,16.65,149,1846,rural
Hermes,30559,0.4,0.8,5370.925287647466,5370.925287647466,0.0,19.484913733542943,14.22,216,2928,suburban
Hermes,30625,0.4,0.8,3247.4589705680532,3247.4589705680532,0.0,8.86389555258122,10.86,112,1721,urban
Hermes,30627,0.4,0.8,1976.5200916772521,1976.5200916772521,0.0,3.390385523567528,11.3,80,1110,suburban
Hermes,30629,0.4,0.8,3288.097282907375,3288.097282907375,0.0,14.669809711755615,13.03,120,1544,suburban
Hermes,30655,0.4,0.8,3426.8003677575816,3426.8003677575816,0.0,4.462508901721823,9.19,134,1982,suburban
Hermes,30657,0.4,0.8,3245.628188162223,3245.628188162223,0.0,12.670949194485749,6.89,133,1834,rural
Hermes,30659,0.4,0.8,3215.6998845024846,3215.6998845024846,0.0,11.3882150903338,10.33,126,1587,suburban
Hermes,30823,0.4,0.8,3936.6042296322357,3936.6042296322357,0.0,12.528872220645557,8.05,216,2384,suburban
Hermes,30826,0.4,0.8,4191.43021519428,4191.43021519428,0.0,56.38950461206911,9.0,221,2156,rural
Hermes,30827,0.4,0.8,3247.3865843141566,3247.3865843141566,0.0,10.610683695060027,5.18,139,1865,suburban
Hermes,30851,0.4,0.8,2857.2114343496014,2857.2114343496014,0.0,4.12190647126244,3.44,95,1650,suburban
Hermes,30853,0.4,0.8,2627.454020793578,2627.454020793578,0.0,8.711379660258004,3.75,121,1477,suburban
Hermes,30855,0.4,0.8,8658.56494813409,8658.56494813409,0.0,58.08159729436245,2.52,261,7102,suburban
Hermes,30880,0.4,0.8,6718.354835871605,6718.354835871605,0.0,33.96099660372796,20.27,312,3668,suburban
Hermes,30890,0.4,0.8,7568.635969962485,7568.635969962485,0.0,102.53407734275534,19.74,454,3618,rural
Hermes,30900,0.4,0.8,7696.514876914835,7696.514876914835,0.0,173.55971997363926,12.32,527,3644,rural
Hermes,30916,0.4,0.8,5798.014253899346,5798.014253899346,0.0,59.876286869182046,10.8,310,3232,suburban
Hermes,30926,0.4,0.8,5981.497888198291,5981.497888198291,0.0,53.8021301528445,10.52,393,3537,rural
Hermes,30938,0.4,0.8,6007.684029332934,6007.684029332934,0.0,153.22446344831192,16.57,334,2656,rural
Hermes,30952,0.4,0.8,5277.6182452376,5277.6182452376,0.0,37.755537878390655,15.6,274,2488,suburban
Hermes,30966,0.4,0.8,4601.173469262583,4601.173469262583,0.0,31.83238567652256,16.87,229,2313,rural
Hermes,30974,0.4,0.8,4626.2307003590395,4626.2307003590395,0.0,53.82702268136371,22.19,228,1616,rural
Hermes,30982,0.4,0.8,4596.833861562218,4596.833861562218,0.0,66.6831619829418,23.78,220,1680,rural
Hermes,30989,0.4,0.8,4185.515150068637,4185.515150068637,0.0,43.13135688268341,15.58,242,1681,rural
Hermes,31275,0.4,0.8,9418.194923082388,9418.194923082388,0.0,129.47251256919432,23.26,528,4698,suburban
Hermes,31303,0.4,0.8,6888.21710469868,6888.21710469868,0.0,112.90680951768702,22.27,425,3161,rural
Hermes,31311,0.4,0.8,6231.959144058387,6231.959144058387,0.0,139.34872865781722,32.49,345,2196,rural
Hermes,31319,0.4,0.8,6653.523191455497,6653.523191455497,0.0,101.18549289373648,23.57,378,2907,rural
Hermes,31515,0.4,0.8,9098.73098096226,9098.73098096226,0.0,125.1818077488354,20.37,503,4758,rural
Hermes,31535,0.4,0.8,11828.260970846719,11828.260970846719,0.0,357.6158854957556,19.5,777,4780,rural
Hermes,31832,0.4,0.8,8226.290929342216,8226.290929342216,0.0,159.3824695169613,28.44,458,3015,rural
UPS,30159,0.4,0.8,14124.871351764605,14124.871351764605,0.0,10.98727508223965,10.54,282,11805,urban
UPS,30161,0.4,0.8,5917.055804797465,5917.055804797465,0.0,1.7979843382791898,8.59,80,4726,urban
UPS,30163,0.4,0.8,6504.720392897118,6504.720392897118,0.0,14.485893399375826,6.02,215,5283,urban
UPS,30165,0.4,0.8,3773.2492250252108,3773.2492250252108,0.0,4.951012974183712,6.57,77,2701,urban
UPS,30167,0.4,0.8,6006.644999548211,6006.644999548211,0.0,5.368928981069905,8.81,137,4551,urban
UPS,30419,0.4,0.8,3598.2785262855646,3598.2785262855646,0.0,23.77191867081394,7.09,153,2053,suburban
UPS,30449,0.4,0.8,6798.755020154903,6798.755020154903,0.0,12.46107802650201,12.33,209,4685,urban
UPS,30453,0.4,0.8,3375.021836857729,3375.021836857729,0.0,9.157258958740025,10.59,118,1821,suburban
UPS,30455,0.4,0.8,1985.0500139571805,1985.0500139571805,0.0,6.967819653017212,12.14,99,812,suburban
UPS,30457,0.4,0.8,2069.491599260607,2069.491599260607,0.0,6.068989648841514,14.87,93,1021,suburban
UPS,30519,0.4,0.8,4937.054841641878,4937.054841641878,0.0,13.714884737746765,14.32,178,3064,urban
UPS,30539,0.4,0.8,4533.06046911727,4533.06046911727,0.0,19.21423828970633,16.42,96,2701,rural
UPS,30559,0.4,0.8,5027.435680366569,5027.435680366569,0.0,19.484913733542943,13.47,141,3087,suburban
UPS,30625,0.4,0.8,4315.013444156701,4315.013444156701,0.0,12.254281076148748,10.42,148,2727,urban
UPS,30655,0.4,0.8,2121.9137816651596,2121.9137816651596,0.0,4.462508901721823,8.22,93,1218,suburban
UPS,30657,0.4,0.8,4786.350272484361,4786.350272484361,0.0,12.670949194485749,5.0,96,3745,rural
UPS,30659,0.4,0.8,3729.581575766453,3729.581575766453,0.0,26.058024802089417,10.16,158,2385,suburban
UPS,30823,0.4,0.8,2901.0492307771306,2901.0492307771306,0.0,12.528872220645557,11.23,141,1337,suburban
UPS,30826,0.4,0.8,2179.7117952412614,2179.7117952412614,0.0,56.38950461206911,11.69,77,1105,rural
UPS,30827,0.4,0.8,3291.825156956803,3291.825156956803,0.0,10.610683695060027,8.21,92,2105,suburban
UPS,30853,0.4,0.8,4885.572256538386,4885.572256538386,0.0,12.833286131520444,2.1,167,3668,suburban
UPS,30855,0.4,0.8,12372.313669298126,12372.313669298126,0.0,59.06346106841505,2.73,226,11475,suburban
UPS,30880,0.4,0.8,7164.597554373629,7164.597554373629,0.0,33.96099660372796,20.44,221,4190,suburban
UPS,30890,0.4,0.8,4686.02421265492,4686.02421265492,0.0,102.53407734275534,22.83,246,1795,rural
UPS,30900,0.4,0.8,5252.628048739307,5252.628048739307,0.0,173.55971997363926,10.9,296,2208,rural
UPS,30916,0.4,0.8,6109.051569407693,6109.051569407693,0.0,59.876286869182046,7.96,236,4019,suburban
UPS,30926,0.4,0.8,3963.3498677038015,3963.3498677038015,0.0,53.8021301528445,13.64,194,1634,rural
UPS,30938,0.4,0.8,6063.945568650633,6063.945568650633,0.0,153.22446344831192,13.43,195,3590,rural
UPS,30952,0.4,0.8,3731.55368849277,3731.55368849277,0.0,37.755537878390655,17.72,163,1329,suburban
UPS,30966,0.4,0.8,3533.856164661857,3533.856164661857,0.0,31.83238567652256,18.2,136,1386,rural
UPS,30974,0.4,0.8,3208.8293030723075,3208.8293030723075,0.0,53.82702268136371,24.68,134,1072,rural
UPS,30982,0.4,0.8,3007.173952156455,3007.173952156455,0.0,66.6831619829418,24.88,141,878,rural
UPS,30989,0.4,0.8,3364.1454124269208,3364.1454124269208,0.0,43.13135688268341,18.29,160,1191,rural
UPS,31275,0.4,0.8,6734.00020753597,6734.00020753597,0.0,129.47251256919432,21.19,339,2904,suburban
UPS,31303,0.4,0.8,4633.075702530725,4633.075702530725,0.0,112.90680951768702,19.35,259,1804,rural
UPS,31311,0.4,0.8,3968.942591958489,3968.942591958489,0.0,139.34872865781722,29.65,195,1062,rural
UPS,31319,0.4,0.8,3441.882252785476,3441.882252785476,0.0,101.18549289373648,22.42,153,1055,rural
UPS,31515,0.4,0.8,6718.456041625136,6718.456041625136,0.0,125.1818077488354,23.29,321,3281,rural
UPS,31535,0.4,0.8,8009.28273019456,8009.28273019456,0.0,357.6158854957556,20.99,322,2571,rural
UPS,31832,0.4,0.8,5227.687081644636,5227.687081644636,0.0,159.3824695169613,30.54,251,1605,rural
DHL,30159,0.0,0.9,21580.369641238998,21973.50194568585,1.7891199382720018,6.211813374113814,2.18,221,23058,urban
DHL,30161,0.0,0.9,10395.23946509349,10909.00812046849,4.709581748417811,1.7979843382791898,1.04,84,11554,urban
DHL,30163,0.0,0.9,9501.15125247271,9914.04927442146,4.164776778082396,2.603733329707664,1.7,95,10484,urban
DHL,30165,0.0,0.9,7951.967333633197,8565.397376626115,7.161723105420549,4.951012974183712,1.88,94,8599,urban
DHL,30167,0.0,0.9,12715.88981698048,13540.33589751315,6.0888155712894125,5.368928981069905,1.39,142,13892,urban
DHL,30169,0.0,0.9,5166.045398656391,5441.748523674446,5.066443695782758,2.9960433745102675,2.4,76,5294,urban
DHL,30173,0.0,0.9,8356.48586414748,8900.020227394843,6.107113797048786,4.775461708125837,3.83,88,8547,urban
DHL,30177,0.0,0.9,6222.599781781399,6717.193405547422,7.363099346783157,3.576189607493106,2.83,80,6260,urban
DHL,30179,0.0,0.9,6284.666202753977,7015.019470078845,10.411279262160901,8.305970462175056,3.55,96,6322,suburban
DHL,30419,0.0,0.9,14364.056867914087,15260.397562746597,5.873639209902634,23.77191867081394,5.16,274,14775,suburban
DHL,30449,0.0,0.9,7093.057908286692,7432.014762814106,4.56076670115587,2.190643461651216,1.56,91,7431,urban
DHL,30453,0.0,0.9,7947.283653449955,8728.871611104647,8.9540549165642,9.157258958740025,2.98,148,8150,suburban
DHL,30455,0.0,0.9,6713.166352145417,7560.480077937329,11.207141835668706,6.967819653017212,3.04,160,6748,suburban
DHL,30457,0.0,0.9,6608.65511862987,7333.849598031452,9.888319493165472,6.068989648841514,2.4,139,6736,suburban
DHL,30459,0.0,0.9,6147.03100722485,6748.368740605874,8.910860631587767,7.274391190340525,1.24,125,6561,urban
DHL,30519,0.0,0.9,12652.241777198551,13335.327593044716,5.12237746752049,13.714884737746765,5.03,248,12645,urban
DHL,30539,0.0,0.9,8886.238326013143,9296.282509988963,4.41084039276155,19.21423828970633,3.99,164,8372,rural
DHL,30559,0.0,0.9,12135.69650218707,12462.482929522981,2.622161484063273,19.484913733542943,1.93,224,12320,suburban
DHL,30625,0.0,0.9,7394.997199854819,8084.182917612831,8.525112862754485,8.86389555258122,4.99,117,7084,urban
DHL,30627,0.0,0.9,5256.87419907291,5566.459185356654,5.561614232224147,3.390385523567528,4.61,82,4809,suburban
DHL,30629,0.0,0.9,5979.062000392608,6830.019894903581,12.459083686504933,14.669809711755615,4.28,124,5907,suburban
DHL,30655,0.0,0.9,8099.8990916510975,8770.048460462032,7.641341685079233,4.462508901721823,5.25,139,7945,suburban
DHL,30657,0.0,0.9,9127.741416573275,9997.913539537092,8.703537188261246,12.670949194485749,6.56,140,9056,rural
DHL,30659,0.0,0.9,7276.558463059716,7841.281218861646,7.201919431782778,11.3882150903338,7.01,131,6829,suburban
DHL,30823,0.0,0.9,9498.402625124618,10202.29191336214,6.899325114542396,12.528872220645557,3.26,227,9437,suburban
DHL,30826,0.0,0.9,8269.030978174149,9289.171862330428,10.98204338637729,56.38950461206911,1.44,239,8281,rural
DHL,30827,0.0,0.9,8072.590667670687,8499.259441991915,5.020070010019983,10.610683695060027,3.25,153,8048,suburban
DHL,30851,0.0,0.9,6732.505499659844,7091.396611882496,5.060936961575189,4.12190647126244,5.02,97,6654,suburban
DHL,30853,0.0,0.9,7525.839191061445,8087.121413003322,6.940445101261732,8.711379660258004,6.98,132,7164,suburban
DHL,30855,0.0,0.9,33399.93731414827,33181.974645551454,-0.6568706983990147,59.06346106841505,5.9,278,32854,suburban
DHL,30880,0.0,0.9,16791.103205184034,17626.17972557684,4.737705693429702,33.96099660372796,5.11,360,16161,suburban
DHL,30890,0.0,0.9,15052.38634198344,16098.044263724361,6.495558743724088,102.53407734275534,4.73,504,13989,rural
DHL,30900,0.0,0.9,15686.037679669227,17593.529073393336,10.842005522409968,173.55971997363926,4.94,590,14609,rural
DHL,30916,0.0,0.9,16722.971051675515,17062.590954336305,1.9904357056305024,59.876286869182046,11.0,355,14499,suburban
DHL,30926,0.0,0.9,13800.153864551485,14775.4174568136,6.600582319333241,53.8021301528445,0.37,429,13519,rural
DHL,30938,0.0,0.9,13169.262959561363,14888.20103197316,11.545639857497157,153.22446344831192,10.53,355,12030,rural
DHL,30952,0.0,0.9,9941.971273533203,11029.332668750209,9.858814017804216,37.755537878390655,5.68,286,9709,suburban
DHL,30966,0.0,0.9,9732.15497001589,10564.896592403224,7.882155921773272,31.83238567652256,5.52,237,9182,rural
DHL,30974,0.0,0.9,6740.524827008552,7602.589230059956,11.339089578098982,53.82702268136371,1.4,244,6515,rural
DHL,30982,0.0,0.9,6800.073437281439,8026.683955967339,15.28165959211577,66.6831619829418,2.77,239,6551,rural
DHL,30989,0.0,0.9,7456.551462309907,8197.588934134921,9.039700304309228,43.13135688268341,5.72,271,6841,rural
DHL,31275,0.0,0.9,18965.135849744434,20490.51279819747,7.444308317101858,129.47251256919432,2.93,571,18743,suburban
DHL,31303,0.0,0.9,13165.974648118088,14494.326252546625,9.164631603315456,112.90680951768702,1.84,468,12605,rural
DHL,31311,0.0,0.9,9358.729419473917,10485.698502104207,10.747677728900339,139.34872865781722,3.81,380,8577,rural
DHL,31319,0.0,0.9,11165.075345125966,12204.762656945873,8.518701600708384,101.18549289373648,0.58,411,10967,rural
DHL,31515,0.0,0.9,19660.25237724707,21088.897809861297,6.774395919099116,125.1818077488354,5.28,537,19286,rural
DHL,31535,0.0,0.9,21367.0141942404,22512.716761824166,5.0891350862041875,357.6158854957556,5.5,880,18533,rural
DHL,31832,0.0,0.9,13070.15153889342,14457.781202836444,9.59780511597995,159.3824695169613,4.65,515,11902,rural
Amazon,30159,0.0,0.9,10920.33825542523,11555.196270293998,5.494134413803567,6.211813374113814,13.81,221,9019,urban
Amazon,30161,0.0,0.9,5792.480758725494,6224.7449789257325,6.944288025673289,1.7979843382791898,12.74,83,4512,urban
Amazon,30163,0.0,0.9,5379.715447498239,5889.0064831046275,8.64816564674412,2.603733329707664,12.41,93,4469,urban
Amazon,30165,0.0,0.9,4440.0453519210505,4750.233821598029,6.529962130845757,4.951012974183712,10.52,92,3574,urban
Amazon,30167,0.0,0.9,7007.999571562262,7175.254343343608,2.3309943282568932,5.368928981069905,10.65,139,5730,urban
Amazon,30173,0.0,0.9,4883.38411383532,5164.654397653723,5.446062062665469,4.775461708125837,15.11,87,3759,urban
Amazon,30177,0.0,0.9,3836.9796959018868,4343.242376782357,11.65633038549253,3.576189607493106,13.99,79,2906,urban
Amazon,30179,0.0,0.9,3513.4794082110056,4390.652005410074,19.978185383816196,8.305970462175056,12.08,95,2781,suburban
Amazon,30419,0.0,0.9,8325.07655106076,8519.368501277868,2.280590987324531,23.77191867081394,6.74,265,6859,suburban
Amazon,30449,0.0,0.9,6318.790256405175,7005.60345798299,9.80376930691362,5.186686836161483,12.61,159,5275,urban
Amazon,30453,0.0,0.9,4410.873677586587,4970.930164967193,11.26663358354185,9.157258958740025,9.82,139,3593,suburban
Amazon,30455,0.0,0.9,3928.0656791235197,4820.378887430032,18.511267042376534,6.967819653017212,9.84,158,3165,suburban
Amazon,30457,0.0,0.9,4043.527079131494,4934.7989617734975,18.060956272911532,6.068989648841514,13.37,135,3134,suburban
Amazon,30459,0.0,0.9,4177.2521837919285,4858.408897775894,14.02016026884416,7.274391190340525,13.92,124,3087,urban
Amazon,30519,0.0,0.9,7378.81011162152,8140.269152347262,9.35422436868901,13.714884737746765,17.38,242,5508,urban
Amazon,30539,0.0,0.9,4941.769068608987,5821.859629336905,15.117000696702773,19.21423828970633,21.37,157,3516,rural
Amazon,30559,0.0,0.9,7075.512235483044,8252.52270516162,14.262432370436304,19.484913733542943,20.15,222,5369,suburban
Amazon,30625,0.0,0.9,4015.125201216957,4932.584335545381,18.59996853408048,8.86389555258122,16.66,114,3180,urban
Amazon,30627,0.0,0.9,2776.114982670574,3472.360903435115,20.05108167402078,3.390385523567528,17.89,79,2090,suburban
Amazon,30629,0.0,0.9,3753.1284546915513,4629.145185289602,18.92394158173819,14.669809711755615,20.32,122,2757,suburban
Amazon,30655,0.0,0.9,4697.5862987852925,5061.237427944449,7.185024104013406,4.462508901721823,16.14,137,3642,suburban
Amazon,30657,0.0,0.9,4540.5271001574465,5227.080664344542,13.134550780329063,12.670949194485749,15.05,138,3559,rural
Amazon,30659,0.0,0.9,3975.986511087943,4975.003626465991,20.080731400143776,11.3882150903338,18.11,130,3002,suburban
Amazon,30823,0.0,0.9,5055.62418571122,5705.037154540299,11.383150560417466,12.528872220645557,1.29,222,4370,suburban
Amazon,30826,0.0,0.9,4631.074328382389,5673.254342811335,18.370056257913205,56.38950461206911,3.98,233,3852,rural
Amazon,30827,0.0,0.9,4312.768496183389,4536.061456785562,4.922617621684673,10.610683695060027,3.78,150,3498,suburban
Amazon,30851,0.0,0.9,3755.544578443048,4490.007090916008,16.35771386550576,4.12190647126244,11.33,96,3032,suburban
Amazon,30853,0.0,0.9,3851.8240227386946,4319.068900643669,10.818185323122325,8.711379660258004,12.37,128,2911,suburban
Amazon,30855,0.0,0.9,15524.403399578665,16244.345238115564,4.431953568972635,59.06346106841505,9.96,271,13592,suburban
Amazon,30880,0.0,0.9,9285.833550671134,11278.054808972109,17.66458216461308,33.96099660372796,23.78,345,6971,suburban
Amazon,30890,0.0,0.9,8546.075486734335,10080.548522471709,15.222118442431022,102.53407734275534,12.55,490,6502,rural
Amazon,30900,0.0,0.9,9052.416069783723,12085.38072969665,25.096144902247158,173.55971997363926,17.55,570,6667,rural
Amazon,30916,0.0,0.9,8050.691363723598,9904.82527723206,18.719501471373817,59.876286869182046,19.41,344,6164,suburban
Amazon,30926,0.0,0.9,7427.048808064093,8752.96361616949,15.148181418874112,53.8021301528445,4.34,415,6338,rural
Amazon,30938,0.0,0.9,7367.7329874670695,9384.90809448861,21.49381844459562,153.22446344831192,24.95,346,5072,rural
Amazon,30952,0.0,0.9,6083.7803958057075,7076.623355325187,14.029896882562799,37.755537878390655,14.14,275,4476,suburban
Amazon,30966,0.0,0.9,5530.611862856103,6955.194722247112,20.48228577748215,31.83238567652256,17.79,233,4221,rural
Amazon,30974,0.0,0.9,4303.912711264633,5436.138154721389,20.827753291615604,53.82702268136371,18.26,240,2971,rural
Amazon,30982,0.0,0.9,4614.243858532825,6084.06789519755,24.158573868396974,66.6831619829418,24.57,233,3044,rural
Amazon,30989,0.0,0.9,4212.398793703649,5499.955907320829,23.410317015511904,43.13135688268341,11.39,265,3112,rural
Amazon,31275,0.0,0.9,11866.075209572075,14129.512676709497,16.019218206077124,129.47251256919432,30.8,550,8588,suburban
Amazon,31303,0.0,0.9,8379.39133056285,10291.231205914351,18.57736782993244,112.90680951768702,30.88,449,5793,rural
Amazon,31311,0.0,0.9,6500.956840874899,8790.113460938559,26.042401275435147,139.34872865781722,40.99,367,3965,rural
Amazon,31319,0.0,0.9,7580.469771911782,9320.815628099372,18.67160477824479,101.18549289373648,29.57,396,5228,rural
Amazon,31515,0.0,0.9,10656.984852742165,12450.58174407703,14.40572760536359,125.1818077488354,12.09,525,8733,rural
Amazon,31535,0.0,0.9,12010.448712592442,15851.91067139521,24.23343178267267,357.6158854957556,16.13,834,8625,rural
Amazon,31832,0.0,0.9,8254.124164979285,11355.500473785536,27.311665531306687,159.3824695169613,25.63,491,5466,rural
DPD,30159,0.0,0.9,5740.133418902986,6656.069904499083,13.7609204641463,6.211813374113814,13.32,219,4783,urban
DPD,30161,0.0,0.9,3122.2001093118924,3438.6384541878197,9.202431401025775,1.7979843382791898,14.05,84,2359,urban
DPD,30163,0.0,0.9,2624.202014191834,3176.704105051865,17.39230575430035,2.603733329707664,14.01,92,2106,urban
DPD,30165,0.0,0.9,2349.1256453264914,3109.5847921201566,24.455327564011338,4.951012974183712,15.88,91,1757,urban
DPD,30167,0.0,0.9,3827.570009776382,4548.61275587726,15.851926396003236,5.368928981069905,16.37,138,2824,urban
DPD,30173,0.0,0.9,2545.5596197597124,3042.0725720869623,16.321535419078632,4.775461708125837,13.13,86,1708,urban
DPD,30177,0.0,0.9,1712.9828339163107,2301.8161532682093,25.581248898433955,3.576189607493106,12.44,75,1250,urban
DPD,30179,0.0,0.9,1774.239485864888,2402.9493976963904,26.164092861639993,8.305970462175056,14.42,89,1256,suburban
DPD,30419,0.0,0.9,4144.0615082322665,5350.888005691542,22.55376109863669,23.77191867081394,19.64,257,2858,suburban
DPD,30449,0.0,0.9,3342.3364051021276,4115.648431001423,18.789555008495526,5.186686836161483,15.53,161,2554,urban
DPD,30453,0.0,0.9,2321.7820723221603,3546.158276962033,34.52683464791049,9.157258958740025,18.23,137,1619,suburban
DPD,30455,0.0,0.9,2044.8517303099293,3189.32194545774,35.88443671476237,6.967819653017212,19.47,151,1318,suburban
DPD,30457,0.0,0.9,1960.3831460173992,3071.8681502213976,36.18270543688181,6.068989648841514,18.69,130,1335,suburban
DPD,30459,0.0,0.9,1863.9128609062598,2692.648089162524,30.77770287145172,7.274391190340525,16.25,119,1284,urban
DPD,30519,0.0,0.9,3373.2911397933963,4359.743796141659,22.626390505361027,12.113461405690837,12.99,227,2540,urban
DPD,30539,0.0,0.9,2342.6734510000088,3283.465182476126,28.65240467592373,19.21423828970633,9.52,156,1695,rural
DPD,30559,0.0,0.9,3168.5153667766044,3964.267070732265,20.073110357034352,19.484913733542943,7.42,213,2467,suburban
DPD,30625,0.0,0.9,2008.3325125970923,2879.61806243138,30.256983077076047,8.86389555258122,10.22,108,1405,urban
DPD,30627,0.0,0.9,1411.2367558237404,1734.323815852828,18.62899287179622,3.390385523567528,8.59,77,971,suburban
DPD,30629,0.0,0.9,1715.876552588901,2209.7242260325893,22.348837362857648,14.669809711755615,6.08,121,1173,suburban
DPD,30655,0.0,0.9,2049.9320482879093,2902.8311877698657,29.381630701618796,4.462508901721823,10.23,132,1537,suburban
DPD,30657,0.0,0.9,2612.730389367474,3254.827165454566,19.727522951204616,12.670949194485749,12.26,136,1866,rural
DPD,30659,0.0,0.9,1770.0416180062277,2732.1680399331904,35.2147601415647,11.3882150903338,8.73,122,1368,suburban
DPD,30823,0.0,0.9,2977.0554286657202,4031.85332034608,26.161613726310353,12.528872220645557,25.25,211,1867,suburban
DPD,30826,0.0,0.9,2781.2491266769007,4659.6772590054525,40.31240851924319,56.38950461206911,27.87,212,1639,rural
DPD,30827,0.0,0.9,2402.1428280434807,3693.9834286058103,34.97147795949638,10.610683695060027,23.76,145,1601,suburban
DPD,30851,0.0,0.9,1768.4315039909102,2392.8715311930196,26.095844221556717,4.12190647126244,15.63,96,1281,suburban
DPD,30853,0.0,0.9,2132.9675738210476,3054.623065805542,30.172478637440076,8.711379660258004,15.68,120,1470,suburban
DPD,30855,0.0,0.9,8382.664860920762,9651.557570967712,13.147025241437012,59.06346106841505,19.88,265,6668,suburban
DPD,30880,0.0,0.9,4359.50993895919,5651.747006229777,22.86438274477232,33.96099660372796,12.89,328,3235,suburban
DPD,30890,0.0,0.9,4730.906202711177,6923.102121964851,31.66493691171358,102.53407734275534,32.64,451,2726,rural
DPD,30900,0.0,0.9,5115.9829044699345,7912.531093330155,35.34328214163433,173.55971997363926,25.52,515,2839,rural
DPD,30916,0.0,0.9,4038.359145000536,5505.336403799816,26.646459929074698,59.876286869182046,10.68,308,2914,suburban
DPD,30926,0.0,0.9,4129.686028531363,6146.851473398595,32.81623858322936,53.8021301528445,25.6,384,2637,rural
DPD,30938,0.0,0.9,3828.186272411158,5614.10632319326,31.81129725676953,153.22446344831192,17.56,317,2412,rural
DPD,30952,0.0,0.9,3167.6195998752046,4651.5791758270425,31.902274901899155,37.755537878390655,21.73,266,1895,suburban
DPD,30966,0.0,0.9,2734.665181631585,4054.5734078226283,32.55356589782045,31.83238567652256,17.93,217,1807,rural
DPD,30974,0.0,0.9,2415.1320168774155,4049.5746175540357,40.36084663291949,53.82702268136371,28.84,224,1280,rural
DPD,30982,0.0,0.9,2201.7192682689893,3635.1428609264503,39.43238677261063,66.6831619829418,20.59,218,1278,rural
DPD,30989,0.0,0.9,2424.4174886711726,4189.963023652114,42.137496799244595,43.13135688268341,25.63,242,1356,rural
DPD,31275,0.0,0.9,4687.947593749218,6310.744546848563,25.714825581234017,129.47251256919432,4.47,516,3643,suburban
DPD,31303,0.0,0.9,3694.047773097161,5298.7418231419815,30.284435505734624,112.90680951768702,10.77,417,2491,rural
DPD,31311,0.0,0.9,2836.627570435166,4503.622414154428,37.014533866783914,139.34872865781722,17.19,336,1650,rural
DPD,31319,0.0,0.9,3035.539831524488,4393.641206526262,30.910611749190323,101.18549289373648,7.08,368,2115,rural
DPD,31515,0.0,0.9,6177.898355635455,8672.940895409381,28.768125712635275,125.1818077488354,38.45,488,3812,rural
DPD,31535,0.0,0.9,6810.35465715733,10736.90548199021,36.570600639254664,357.6158854957556,38.17,720,3582,rural
DPD,31832,0.0,0.9,4445.261410793343,6479.205569246742,31.39187569703643,159.3824695169613,30.86,456,2309,rural
FedEx,30159,0.0,0.9,11707.117023894363,12214.299279183924,4.152364730033432,10.98727508223965,11.75,273,9864,urban
FedEx,30161,0.0,0.9,4459.019170734906,5224.187237195072,14.646643233082015,1.7979843382791898,9.67,80,3810,urban
FedEx,30163,0.0,0.9,7046.173900298248,8257.65060106912,14.67096101903393,19.436906373559538,7.51,263,6210,urban
FedEx,30167,0.0,0.9,4532.9456200128025,5175.6698343295675,12.418184213638515,5.368928981069905,8.96,132,3775,urban
FedEx,30419,0.0,0.9,2190.166221391905,3306.0595520416546,33.75297126637149,23.77191867081394,5.53,136,1709,suburban
FedEx,30449,0.0,0.9,4762.2384090921305,5430.5021475969215,12.305744852720624,12.46107802650201,12.7,204,3703,urban
FedEx,30453,0.0,0.9,2039.679307254828,3326.3835685835006,38.68177661413232,9.157258958740025,10.07,106,1516,suburban
FedEx,30455,0.0,0.9,1184.7532930860436,1959.2973539377524,39.53172596773263,6.967819653017212,11.34,85,612,suburban
FedEx,30457,0.0,0.9,1255.8528724382263,1996.1328134447208,37.08570572160454,6.068989648841514,14.63,82,778,suburban
FedEx,30519,0.0,0.9,3338.5527062435326,4147.606607808722,19.50652455905484,13.714884737746765,15.57,154,2372,urban
FedEx,30539,0.0,0.9,3288.825428301648,4110.789837016759,19.99529144772865,19.21423828970633,18.41,81,2429,rural
FedEx,30559,0.0,0.9,4188.377908726714,5375.733073538704,22.087316251928137,34.15472344529856,15.2,165,3144,suburban
FedEx,30625,0.0,0.9,3103.9888491938414,3602.9465575642243,13.848601426597453,12.254281076148748,12.66,134,2229,urban
FedEx,30655,0.0,0.9,3088.8067586458073,3651.3066283117864,15.405440488191916,15.85072399205562,11.41,144,2242,suburban
FedEx,30657,0.0,0.9,3902.5698827221117,4510.957538899967,13.486885011252307,12.670949194485749,8.22,82,3429,rural
FedEx,30823,0.0,0.9,1410.5682569280043,2013.2163655803622,29.934592175770877,12.528872220645557,8.07,113,878,suburban
FedEx,30827,0.0,0.9,3575.579064557547,4491.66174623818,20.395184086332037,67.00018830712914,7.42,137,2757,suburban
FedEx,30853,0.0,0.9,3590.423717411743,4558.287686101956,21.233060204628877,12.833286131520444,4.82,152,3029,suburban
FedEx,30855,0.0,0.9,10167.214286875003,11164.944696921486,8.936277224208617,59.06346106841505,1.5,210,9970,suburban
FedEx,30880,0.0,0.9,5011.749138592024,6033.650689518244,16.936703888103498,33.96099660372796,22.05,184,3498,suburban
FedEx,30890,0.0,0.9,2178.5499100627903,3937.614024274669,44.673350495187464,102.53407734275534,20.22,167,1281,rural
FedEx,30900,0.0,0.9,2593.2872178051866,4467.0239843658765,41.94597506345556,173.55971997363926,10.92,207,1597,rural
FedEx,30916,0.0,0.9,4275.375015142576,5459.16940205895,21.684514616269304,59.876286869182046,11.65,204,3245,suburban
FedEx,30926,0.0,0.9,1866.8123328126264,3230.0558047592294,42.20495107044196,53.8021301528445,10.98,152,1266,rural
FedEx,30938,0.0,0.9,4444.995070836527,5737.710883078335,22.53016644763834,153.22446344831192,16.47,151,3131,rural
FedEx,30952,0.0,0.9,1679.137718174784,2694.734755168253,37.688200482279285,37.755537878390655,17.01,132,979,suburban
FedEx,30966,0.0,0.9,1652.6828973449956,2504.2719321468335,34.00545379557872,31.83238567652256,18.53,102,1063,rural
FedEx,30974,0.0,0.9,1442.622771580647,2454.671117478426,41.22948849202296,53.82702268136371,23.36,94,802,rural
FedEx,30982,0.0,0.9,1485.3557117358414,2716.2138956601093,45.315215634928414,66.6831619829418,25.47,105,618,rural
FedEx,30989,0.0,0.9,1414.0639013663458,2473.2391948618315,42.82542892316798,43.13135688268341,16.61,128,876,rural
FedEx,31275,0.0,0.9,3489.561784402262,5422.493872435705,35.64655181740571,129.47251256919432,24.61,246,2133,suburban
FedEx,31303,0.0,0.9,2220.7030105219364,3973.889348501275,44.11764355342558,112.90680951768702,23.03,195,1243,rural
FedEx,31311,0.0,0.9,1598.7876550212854,3062.8021398398528,47.79983877427738,139.34872865781722,33.34,113,675,rural
FedEx,31319,0.0,0.9,1577.6238696634755,2817.067630852216,43.99765726653092,101.18549289373648,25.21,119,751,rural
FedEx,31515,0.0,0.9,3673.2435762963787,5470.280769208987,32.85091330280043,125.1818077488354,19.63,249,2478,rural
FedEx,31535,0.0,0.9,3508.3074460710386,6228.495098699879,43.67327274924959,357.6158854957556,17.87,237,2005,rural
FedEx,31832,0.0,0.9,2359.9409574199963,4547.708372184966,48.107029644775736,159.3824695169613,29.81,182,1068,rural
GLS,30159,0.0,0.9,4401.816987493066,4840.335510593373,9.059672044232927,6.211813374113814,11.0,208,3332,urban
GLS,30161,0.0,0.9,2077.1986777413836,3003.1123197883485,30.831801925817444,1.7979843382791898,12.21,80,1649,urban
GLS,30163,0.0,0.9,3888.051678727321,4530.9209569497225,14.18849025022917,6.17992293720077,13.11,162,2801,urban
GLS,30165,0.0,0.9,1947.6881937692774,2518.402065806431,22.661745707169366,4.951012974183712,14.79,86,1358,urban
GLS,30167,0.0,0.9,2799.6569095280665,3486.1823236641876,19.692757016062817,5.368928981069905,13.23,133,2147,urban
GLS,30173,0.0,0.9,2013.0338291096243,2554.876072428404,21.208161490344214,4.775461708125837,9.02,83,1424,urban
GLS,30179,0.0,0.9,1600.5909655662153,2012.9451781141186,20.48511887115715,8.305970462175056,15.58,89,1034,suburban
GLS,30419,0.0,0.9,3723.1753209936774,5101.804856969734,27.022388637477345,23.77191867081394,17.6,248,2617,suburban
GLS,30449,0.0,0.9,2687.0812183644425,3412.5020081467483,21.25773957203516,5.186686836161483,10.84,150,1981,urban
GLS,30453,0.0,0.9,1959.017605926929,3168.728615727752,38.176541966910996,9.157258958740025,13.29,125,1373,suburban
GLS,30455,0.0,0.9,1916.3412269802507,2732.89498767275,29.878709733660557,6.967819653017212,13.26,149,1201,suburban
GLS,30457,0.0,0.9,1816.0621407311867,2344.3788154149365,22.53546531003958,6.068989648841514,10.08,128,1189,suburban
GLS,30459,0.0,0.9,1783.032575206503,2084.898287419,14.478678122288246,7.274391190340525,9.13,113,1169,urban
GLS,30519,0.0,0.9,2671.000290647749,3551.9496596439303,24.801854007257898,13.714884737746765,6.3,224,2084,urban
GLS,30539,0.0,0.9,1806.8891340959167,2580.3663075652257,29.975479496906946,19.21423828970633,5.29,145,1310,rural
GLS,30559,0.0,0.9,2798.542532608584,3658.07773972127,23.496909258636446,19.484913733542943,8.92,208,2040,suburban
GLS,30625,0.0,0.9,1783.0651263448094,2259.1204653397162,21.072596450642124,8.86389555258122,10.34,105,1185,urban
GLS,30627,0.0,0.9,1206.5185483402645,1778.1322716706136,32.146861762612254,3.390385523567528,11.43,78,774,suburban
GLS,30629,0.0,0.9,1600.9432271266744,2143.7517893568083,25.320494887749724,14.669809711755615,12.94,116,1080,suburban
GLS,30655,0.0,0.9,1865.1855792548313,2960.5284409044616,36.998221213338375,4.462508901721823,13.05,124,1383,suburban
GLS,30657,0.0,0.9,1962.794929492234,2873.29432340711,31.688344159439236,12.670949194485749,16.66,127,1325,rural
GLS,30659,0.0,0.9,1891.949281425313,2313.189380462103,18.210359367664026,11.3882150903338,14.84,124,1138,suburban
GLS,30823,0.0,0.9,2672.860119910393,4081.0154973189988,34.50502401506893,12.528872220645557,21.76,209,1687,suburban
GLS,30826,0.0,0.9,2845.058994342029,4802.849009920454,40.76309731025356,56.38950461206911,26.25,214,1480,rural
GLS,30827,0.0,0.9,2190.595615207812,3413.7429042160657,35.83009392703924,10.610683695060027,22.43,133,1331,suburban
GLS,30851,0.0,0.9,1848.4734968339749,2060.2946146334557,10.28110816263846,4.12190647126244,17.37,95,1137,suburban
GLS,30853,0.0,0.9,1923.6272040635652,2481.088173620477,22.468406221268967,8.711379660258004,18.94,117,1083,suburban
GLS,30855,0.0,0.9,7099.789282225771,8370.230959567252,15.178095843213915,58.08159729436245,22.3,262,5111,suburban
GLS,30880,0.0,0.9,3180.749817709992,4450.294123718125,28.527200016781276,33.96099660372796,1.58,305,2630,suburban
GLS,30890,0.0,0.9,4351.709233833412,6293.752660817818,30.856684900802154,102.53407734275534,23.44,436,2471,rural
GLS,30900,0.0,0.9,4745.667757304633,7176.610893793414,33.87313555749757,173.55971997363926,31.36,490,2487,rural
GLS,30916,0.0,0.9,3583.6932860532515,5182.054562818042,30.84416146895197,59.876286869182046,19.31,308,2276,suburban
GLS,30926,0.0,0.9,4036.0272249355994,5707.156100114085,29.281289066985227,53.8021301528445,20.06,381,2421,rural
GLS,30938,0.0,0.9,3461.1110200971048,5298.987880460923,34.68354526985546,153.22446344831192,28.43,321,1873,rural
GLS,30952,0.0,0.9,2669.3160804453973,4052.359581403284,34.129338060344466,37.755537878390655,11.4,259,1710,suburban
GLS,30966,0.0,0.9,2214.9798112223207,3510.9395596477075,36.91204950721012,31.83238567652256,6.33,220,1619,rural
GLS,30974,0.0,0.9,2090.2554657394558,3101.933528043918,32.61443397023493,53.82702268136371,16.59,214,1120,rural
GLS,30982,0.0,0.9,1919.7384387924099,2386.647671549595,19.563391711438996,66.6831619829418,6.34,209,1154,rural
GLS,30989,0.0,0.9,2067.684742446578,3148.477695946504,34.327476891177874,43.13135688268341,16.28,231,1172,rural
GLS,31275,0.0,0.9,5034.511199062452,6805.937726269975,26.027662879871247,129.47251256919432,17.38,507,3227,suburban
GLS,31303,0.0,0.9,3897.834349849902,5596.886925837495,30.357100268438135,112.90680951768702,24.81,407,2208,rural
GLS,31311,0.0,0.9,3007.046734930758,4871.049261225609,38.26696110697612,139.34872865781722,30.96,326,1483,rural
GLS,31319,0.0,0.9,3074.755907116027,4437.068207504176,30.702983066254042,101.18549289373648,11.04,357,1985,rural
GLS,31515,0.0,0.9,5759.805229886251,8050.858133283889,28.457250959695315,125.1818077488354,33.59,472,3284,rural
GLS,31535,0.0,0.9,6620.814211575072,10569.427946070218,37.35882163767687,357.6158854957556,38.52,705,3227,rural
GLS,31832,0.0,0.9,3673.0788002580757,5153.98445539914,28.733219278333625,159.3824695169613,16.88,440,2069,rural
Hermes,30159,0.0,0.9,5617.73399600999,6103.311963748475,7.955974897279503,6.211813374113814,9.13,207,4412,urban
Hermes,30161,0.0,0.9,2609.764929413888,3205.3444612983394,18.580827710579644,1.7979843382791898,7.9,80,2187,urban
Hermes,30163,0.0,0.9,2997.7691024231403,3151.45637345559,4.876706284971689,2.603733329707664,6.63,93,2318,urban
Hermes,30165,0.0,0.9,2520.254474515722,3165.918762514473,20.39421527942,4.951012974183712,5.34,89,1888,urban
Hermes,30167,0.0,0.9,3762.2311693145966,4309.333549458941,12.69575385300671,5.368928981069905,7.27,135,2918,urban
Hermes,30173,0.0,0.9,2652.106582071653,3377.006730770633,21.465759665026127,4.775461708125837,11.08,82,1982,urban
Hermes,30177,0.0,0.9,2058.8532144738397,2975.551858278056,30.80768500988947,3.576189607493106,7.86,76,1604,urban
Hermes,30179,0.0,0.9,2017.6094712961785,2972.7332058248016,32.1294804611845,8.305970462175056,5.02,88,1492,suburban
Hermes,30419,0.0,0.9,4580.641446988404,5546.714589306118,17.41703357479887,23.77191867081394,4.3,253,3791,suburban
Hermes,30449,0.0,0.9,3608.028374385575,4264.762288981972,15.39907432339363,5.186686836161483,9.65,147,2752,urban
Hermes,30453,0.0,0.9,2693.6129941797963,3456.6569376644593,22.074621729752124,9.157258958740025,8.55,127,1923,suburban
Hermes,30455,0.0,0.9,2508.902396708312,3386.0721023475717,25.905228215049398,6.967819653017212,9.92,152,1769,suburban
Hermes,30457,0.0,0.9,2547.7930377344983,3390.4448760059295,24.85372477915366,6.068989648841514,13.07,130,1718,suburban
Hermes,30459,0.0,0.9,2518.1291177355392,3359.004573372854,25.033471591643956,7.274391190340525,11.99,121,1718,urban
Hermes,30519,0.0,0.9,4252.763257998265,5162.317584328793,17.619108306928947,13.714884737746765,13.8,229,2920,urban
Hermes,30539,0.0,0.9,2724.261231163454,3748.1337976976,27.316862785503808,19.21423828970633,16.65,149,1846,rural
Hermes,30559,0.0,0.9,4247.209663732125,5370.925287647466,20.92219801492608,19.484913733542943,14.22,216,2928,suburban
Hermes,30625,0.0,0.9,2464.4187762789534,3247.4589705680532,24.112396842757605,8.86389555258122,10.86,112,1721,urban
Hermes,30627,0.0,0.9,1797.56082477197,1976.5200916772521,9.054259941947741,3.390385523567528,11.3,80,1110,suburban
Hermes,30629,0.0,0.9,2217.8750274418444,3288.097282907375,32.54837565265792,14.669809711755615,13.03,120,1544,suburban
Hermes,30655,0.0,0.9,2724.8800006638944,3426.8003677575816,20.483258193210933,4.462508901721823,9.19,134,1982,suburban
Hermes,30657,0.0,0.9,2403.028325374618,3245.628188162223,25.961071753715316,12.670949194485749,6.89,133,1834,rural
Hermes,30659,0.0,0.9,2165.4637196154777,3215.6998845024846,32.65964494847422,11.3882150903338,10.33,126,1587,suburban
Hermes,30823,0.0,0.9,3083.441440669278,3936.6042296322357,21.672556833143002,12.528872220645557,8.05,216,2384,suburban
Hermes,30826,0.0,0.9,2956.5079601962534,4191.43021519428,29.463027930688952,56.38950461206911,9.0,221,2156,rural
Hermes,30827,0.0,0.9,2383.760988622838,3247.3865843141566,26.594480615978625,10.610683695060027,5.18,139,1865,suburban
Hermes,30851,0.0,0.9,2171.946474199914,2857.2114343496014,23.983697947984624,4.12190647126244,3.44,95,1650,suburban
Hermes,30853,0.0,0.9,2255.1213187142635,2627.454020793578,14.170855098992662,8.711379660258004,3.75,121,1477,suburban
Hermes,30855,0.0,0.9,7943.088631743137,8658.56494813409,8.263220529923231,58.08159729436245,2.52,261,7102,suburban
Hermes,30880,0.0,0.9,5251.341779384857,6718.354835871605,21.835897214804163,33.96099660372796,20.27,312,3668,suburban
Hermes,30890,0.0,0.9,5463.064485649738,7568.635969962485,27.81969555239666,102.53407734275534,19.74,454,3618,rural
Hermes,30900,0.0,0.9,5387.6147093260715,7696.514876914835,29.999294544523657,173.55971997363926,12.32,527,3644,rural
Hermes,30916,0.0,0.9,4309.967056574636,5798.014253899346,25.664773009551524,59.876286869182046,10.8,310,3232,suburban
Hermes,30926,0.0,0.9,4836.432040452462,5981.497888198291,19.14346321186678,53.8021301528445,10.52,393,3537,rural
Hermes,30938,0.0,0.9,4035.874284234686,6007.684029332934,32.82146223853901,153.22446344831192,16.57,334,2656,rural
Hermes,30952,0.0,0.9,4070.194902903869,5277.6182452376,22.878186451308437,37.755537878390655,15.6,274,2488,suburban
Hermes,30966,0.0,0.9,3462.5313010503323,4601.173469262583,24.746777660498374,31.83238567652256,16.87,229,2313,rural
Hermes,30974,0.0,0.9,2808.2810111158005,4626.2307003590395,39.29656359554548,53.82702268136371,22.19,228,1616,rural
Hermes,30982,0.0,0.9,2902.857252167282,4596.833861562218,36.850942635965616,66.6831619829418,23.78,220,1680,rural
Hermes,30989,0.0,0.9,3157.8845860329366,4185.515150068637,24.552068913640145,43.13135688268341,15.58,242,1681,rural
Hermes,31275,0.0,0.9,7134.194647148642,9418.194923082388,24.250934436874434,129.47251256919432,23.26,528,4698,suburban
Hermes,31303,0.0,0.9,4892.247731975846,6888.21710469868,28.976574669246656,112.90680951768702,22.27,425,3161,rural
Hermes,31311,0.0,0.9,3969.1656924793215,6231.959144058387,36.309503950077016,139.34872865781722,32.49,345,2196,rural
Hermes,31319,0.0,0.9,4787.853496462913,6653.523191455497,28.04032752735408,101.18549289373648,23.57,378,2907,rural
Hermes,31515,0.0,0.9,6921.5840248111235,9098.73098096226,23.9280286526384,125.1818077488354,20.37,503,4758,rural
Hermes,31535,0.0,0.9,8030.491285503948,11828.260970846719,32.107591257101845,357.6158854957556,19.5,777,4780,rural
Hermes,31832,0.0,0.9,5463.562319334405,8226.290929342216,33.58413449922469,159.3824695169613,28.44,458,3015,rural
UPS,30159,0.0,0.9,13243.903164278814,14124.871351764605,6.236999725846935,10.98727508223965,10.54,282,11805,urban
UPS,30161,0.0,0.9,5322.001970826364,5917.055804797465,10.056586478171104,1.7979843382791898,8.59,80,4726,urban
UPS,30163,0.0,0.9,5857.819682302922,6504.720392897118,9.945096353420265,14.485893399375826,6.02,215,5283,urban
UPS,30165,0.0,0.9,3259.977382447791,3773.2492250252108,13.602913880516077,4.951012974183712,6.57,77,2701,urban
UPS,30167,0.0,0.9,5230.719554175213,6006.644999548211,12.91778431106482,5.368928981069905,8.81,137,4551,urban
UPS,30419,0.0,0.9,2447.767934591375,3598.2785262855646,31.973917063108516,23.77191867081394,7.09,153,2053,suburban
UPS,30449,0.0,0.9,5734.848550347207,6798.755020154903,15.648548398254485,12.46107802650201,12.33,209,4685,urban
UPS,30453,0.0,0.9,2509.1075733526413,3375.021836857729,25.656552916151973,9.157258958740025,10.59,118,1821,suburban
UPS,30455,0.0,0.9,1204.4497982165562,1985.0500139571805,39.323957091867136,6.967819653017212,12.14,99,812,suburban
UPS,30457,0.0,0.9,1514.5094446194228,2069.491599260607,26.817318554927674,6.068989648841514,14.87,93,1021,suburban
UPS,30519,0.0,0.9,4268.347640826144,4937.054841641878,13.54465814670487,13.714884737746765,14.32,178,3064,urban
UPS,30539,0.0,0.9,3649.2290803888845,4533.06046911727,19.49745419788092,19.21423828970633,16.42,96,2701,rural
UPS,30559,0.0,0.9,3947.8588992128675,5027.435680366569,21.473706473654683,19.484913733542943,13.47,141,3087,suburban
UPS,30625,0.0,0.9,3545.181280377879,4315.013444156701,17.840782508367663,12.254281076148748,10.42,148,2727,urban
UPS,30655,0.0,0.9,1617.3452248923713,2121.9137816651596,23.778937727471238,4.462508901721823,8.22,93,1218,suburban
UPS,30657,0.0,0.9,4194.832726989735,4786.350272484361,12.358425769528935,12.670949194485749,5.0,96,3745,rural
UPS,30659,0.0,0.9,3061.667290683671,3729.581575766453,17.90855814557485,26.058024802089417,10.16,158,2385,suburban
UPS,30823,0.0,0.9,1778.8653504102692,2901.0492307771306,38.68200058315631,12.528872220645557,11.23,141,1337,suburban
UPS,30826,0.0,0.9,1716.566718808198,2179.7117952412614,21.247996062791422,56.38950461206911,11.69,77,1105,rural
UPS,30827,0.0,0.9,2384.6558889898306,3291.825156956803,27.558245797162083,10.610683695060027,8.21,92,2105,suburban
UPS,30853,0.0,0.9,4126.6908416930655,4885.572256538386,15.533112089985067,12.833286131520444,2.1,167,3668,suburban
UPS,30855,0.0,0.9,11604.273043292924,12372.313669298126,6.207736455236289,59.06346106841505,2.73,226,11475,suburban
UPS,30880,0.0,0.9,5687.712968998923,7164.597554373629,20.613643322828942,33.96099660372796,20.44,221,4190,suburban
UPS,30890,0.0,0.9,3067.500867431967,4686.02421265492,34.53937222202188,102.53407734275534,22.83,246,1795,rural
UPS,30900,0.0,0.9,3497.228263144489,5252.628048739307,33.41945725656578,173.55971997363926,10.9,296,2208,rural
UPS,30916,0.0,0.9,4909.2021937604795,6109.051569407693,19.64051804138798,59.876286869182046,7.96,236,4019,suburban
UPS,30926,0.0,0.9,2462.622568845494,3963.3498677038015,37.865122912496396,53.8021301528445,13.64,194,1634,rural
UPS,30938,0.0,0.9,4708.300170743969,6063.945568650633,22.355830581908176,153.22446344831192,13.43,195,3590,rural
UPS,30952,0.0,0.9,2259.954600960421,3731.55368849277,39.4366317727228,37.755537878390655,17.72,163,1329,suburban
UPS,30966,0.0,0.9,2205.4802667949803,3533.856164661857,37.589982047104186,31.83238567652256,18.2,136,1386,rural
UPS,30974,0.0,0.9,2037.5285836200524,3208.8293030723075,36.50243153572514,53.82702268136371,24.68,134,1072,rural
UPS,30982,0.0,0.9,1731.8969590002998,3007.173952156455,42.407822541880215,66.6831619829418,24.88,141,878,rural
UPS,30989,0.0,0.9,1998.6292550516093,3364.1454124269208,40.59028341436101,43.13135688268341,18.29,160,1191,rural
UPS,31275,0.0,0.9,4377.685009206487,6734.00020753597,34.9913146081069,129.47251256919432,21.19,339,2904,suburban
UPS,31303,0.0,0.9,2957.128907831254,4633.075702530725,36.173524939038195,112.90680951768702,19.35,259,1804,rural
UPS,31311,0.0,0.9,2190.1153912627074,3968.942591958489,44.81866793185368,139.34872865781722,29.65,195,1062,rural
UPS,31319,0.0,0.9,1915.2280650989976,3441.882252785476,44.35521251347208,101.18549289373648,22.42,153,1055,rural
UPS,31515,0.0,0.9,4796.134492118448,6718.456041625136,28.61254933569075,125.1818077488354,23.29,321,3281,rural
UPS,31535,0.0,0.9,4429.116585716499,8009.28273019456,44.70020930814478,357.6158854957556,20.99,322,2571,rural
UPS,31832,0.0,0.9,3116.4719011261814,5227.687081644636,40.385263072292844,159.3824695169613,30.54,251,1605,rural
DHL,30159,0.4,0.9,21973.50194568585,21973.50194568585,0.0,6.211813374113814,2.18,221,23058,urban
DHL,30161,0.4,0.9,10909.00812046849,10909.00812046849,0.0,1.7979843382791898,1.04,84,11554,urban
DHL,30163,0.4,0.9,9914.04927442146,9914.04927442146,0.0,2.603733329707664,1.7,95,10484,urban
DHL,30165,0.4,0.9,8565.397376626115,8565.397376626115,0.0,4.951012974183712,1.88,94,8599,urban
DHL,30167,0.4,0.9,13540.33589751315,13540.33589751315,0.0,5.368928981069905,1.39,142,13892,urban
DHL,30169,0.4,0.9,5441.748523674446,5441.748523674446,0.0,2.9960433745102675,2.4,76,5294,urban
DHL,30173,0.4,0.9,8900.020227394843,8900.020227394843,0.0,4.775461708125837,3.83,88,8547,urban
DHL,30177,0.4,0.9,6717.193405547422,6717.193405547422,0.0,3.576189607493106,2.83,80,6260,urban
DHL,30179,0.4,0.9,7015.019470078845,7015.019470078845,0.0,8.305970462175056,3.55,96,6322,suburban
DHL,30419,0.4,0.9,15260.397562746597,15260.397562746597,0.0,23.77191867081394,5.16,274,14775,suburban
DHL,30449,0.4,0.9,7432.014762814106,7432.014762814106,0.0,2.190643461651216,1.56,91,7431,urban
DHL,30453,0.4,0.9,8728.871611104647,8728.871611104647,0.0,9.157258958740025,2.98,148,8150,suburban
DHL,30455,0.4,0.9,7560.480077937329,7560.480077937329,0.0,6.967819653017212,3.04,160,6748,suburban
DHL,30457,0.4,0.9,7333.849598031452,7333.849598031452,0.0,6.068989648841514,2.4,139,6736,suburban
DHL,30459,0.4,0.9,6748.368740605874,6748.368740605874,0.0,7.274391190340525,1.24,125,6561,urban
DHL,30519,0.4,0.9,13335.327593044716,13335.327593044716,0.0,13.714884737746765,5.03,248,12645,urban
DHL,30539,0.4,0.9,9296.282509988963,9296.282509988963,0.0,19.21423828970633,3.99,164,8372,rural
DHL,30559,0.4,0.9,12462.482929522981,12462.482929522981,0.0,19.484913733542943,1.93,224,12320,suburban
DHL,30625,0.4,0.9,8084.182917612831,8084.182917612831,0.0,8.86389555258122,4.99,117,7084,urban
DHL,30627,0.4,0.9,5566.459185356654,5566.459185356654,0.0,3.390385523567528,4.61,82,4809,suburban
DHL,30629,0.4,0.9,6830.019894903581,6830.019894903581,0.0,14.669809711755615,4.28,124,5907,suburban
DHL,30655,0.4,0.9,8770.048460462032,8770.048460462032,0.0,4.462508901721823,5.25,139,7945,suburban
DHL,30657,0.4,0.9,9997.913539537092,9997.913539537092,0.0,12.670949194485749,6.56,140,9056,rural
DHL,30659,0.4,0.9,7841.281218861646,7841.281218861646,0.0,11.3882150903338,7.01,131,6829,suburban
DHL,30823,0.4,0.9,10202.29191336214,10202.29191336214,0.0,12.528872220645557,3.26,227,9437,suburban
DHL,30826,0.4,0.9,9289.171862330428,9289.171862330428,0.0,56.38950461206911,1.44,239,8281,rural
DHL,30827,0.4,0.9,8499.259441991915,8499.259441991915,0.0,10.610683695060027,3.25,153,8048,suburban
DHL,30851,0.4,0.9,7091.396611882496,7091.396611882496,0.0,4.12190647126244,5.02,97,6654,suburban
DHL,30853,0.4,0.9,8087.121413003322,8087.121413003322,0.0,8.711379660258004,6.98,132,7164,suburban
DHL,30855,0.4,0.9,33181.974645551454,33181.974645551454,0.0,59.06346106841505,5.9,278,32854,suburban
DHL,30880,0.4,0.9,17626.17972557684,17626.17972557684,0.0,33.96099660372796,5.11,360,16161,suburban
DHL,30890,0.4,0.9,16098.044263724361,16098.044263724361,0.0,102.53407734275534,4.73,504,13989,rural
DHL,30900,0.4,0.9,17593.529073393336,17593.529073393336,0.0,173.55971997363926,4.94,590,14609,rural
DHL,30916,0.4,0.9,17062.590954336305,17062.590954336305,0.0,59.876286869182046,11.0,355,14499,suburban
DHL,30926,0.4,0.9,14775.4174568136,14775.4174568136,0.0,53.8021301528445,0.37,429,13519,rural
DHL,30938,0.4,0.9,14888.20103197316,14888.20103197316,0.0,153.22446344831192,10.53,355,12030,rural
DHL,30952,0.4,0.9,11029.332668750209,11029.332668750209,0.0,37.755537878390655,5.68,286,9709,suburban
DHL,30966,0.4,0.9,10564.896592403224,10564.896592403224,0.0,31.83238567652256,5.52,237,9182,rural
DHL,30974,0.4,0.9,7602.589230059956,7602.589230059956,0.0,53.82702268136371,1.4,244,6515,rural
DHL,30982,0.4,0.9,8026.683955967339,8026.683955967339,0.0,66.6831619829418,2.77,239,6551,rural
DHL,30989,0.4,0.9,8197.588934134921,8197.588934134921,0.0,43.13135688268341,5.72,271,6841,rural
DHL,31275,0.4,0.9,20490.51279819747,20490.51279819747,0.0,129.47251256919432,2.93,571,18743,suburban
DHL,31303,0.4,0.9,14494.326252546625,14494.326252546625,0.0,112.90680951768702,1.84,468,12605,rural
DHL,31311,0.4,0.9,10485.698502104207,10485.698502104207,0.0,139.34872865781722,3.81,380,8577,rural
DHL,31319,0.4,0.9,12204.762656945873,12204.762656945873,0.0,101.18549289373648,0.58,411,10967,rural
DHL,31515,0.4,0.9,21088.897809861297,21088.897809861297,0.0,125.1818077488354,5.28,537,19286,rural
DHL,31535,0.4,0.9,22512.716761824166,22512.716761824166,0.0,357.6158854957556,5.5,880,18533,rural
DHL,31832,0.4,0.9,14457.781202836444,14457.781202836444,0.0,159.3824695169613,4.65,515,11902,rural
Amazon,30159,0.4,0.9,11555.196270293998,11555.196270293998,0.0,6.211813374113814,13.81,221,9019,urban
Amazon,30161,0.4,0.9,6224.7449789257325,6224.7449789257325,0.0,1.7979843382791898,12.74,83,4512,urban
Amazon,30163,0.4,0.9,5889.0064831046275,5889.0064831046275,0.0,2.603733329707664,12.41,93,4469,urban
Amazon,30165,0.4,0.9,4750.233821598029,4750.233821598029,0.0,4.951012974183712,10.52,92,3574,urban
Amazon,30167,0.4,0.9,7175.254343343608,7175.254343343608,0.0,5.368928981069905,10.65,139,5730,urban
Amazon,30173,0.4,0.9,5164.654397653723,5164.654397653723,0.0,4.775461708125837,15.11,87,3759,urban
Amazon,30177,0.4,0.9,4343.242376782357,4343.242376782357,0.0,3.576189607493106,13.99,79,2906,urban
Amazon,30179,0.4,0.9,4390.652005410074,4390.652005410074,0.0,8.305970462175056,12.08,95,2781,suburban
Amazon,30419,0.4,0.9,8519.368501277868,8519.368501277868,0.0,23.77191867081394,6.74,265,6859,suburban
Amazon,30449,0.4,0.9,7005.60345798299,7005.60345798299,0.0,5.186686836161483,12.61,159,5275,urban
Amazon,30453,0.4,0.9,4970.930164967193,4970.930164967193,0.0,9.157258958740025,9.82,139,3593,suburban
Amazon,30455,0.4,0.9,4820.378887430032,4820.378887430032,0.0,6.967819653017212,9.84,158,3165,suburban
Amazon,30457,0.4,0.9,4934.7989617734975,4934.7989617734975,0.0,6.068989648841514,13.37,135,3134,suburban
Amazon,30459,0.4,0.9,4858.408897775894,4858.408897775894,0.0,7.274391190340525,13.92,124,3087,urban
Amazon,30519,0.4,0.9,8140.269152347262,8140.269152347262,0.0,13.714884737746765,17.38,242,5508,urban
Amazon,30539,0.4,0.9,5821.859629336905,5821.859629336905,0.0,19.21423828970633,21.37,157,3516,rural
Amazon,30559,0.4,0.9,8252.52270516162,8252.52270516162,0.0,19.484913733542943,20.15,222,5369,suburban
Amazon,30625,0.4,0.9,4932.584335545381,4932.584335545381,0.0,8.86389555258122,16.66,114,3180,urban
Amazon,30627,0.4,0.9,3472.360903435115,3472.360903435115,0.0,3.390385523567528,17.89,79,2090,suburban
Amazon,30629,0.4,0.9,4629.145185289602,4629.145185289602,0.0,14.669809711755615,20.32,122,2757,suburban
Amazon,30655,0.4,0.9,5061.237427944449,5061.237427944449,0.0,4.462508901721823,16.14,137,3642,suburban
Amazon,30657,0.4,0.9,5227.080664344542,5227.080664344542,0.0,12.670949194485749,15.05,138,3559,rural
Amazon,30659,0.4,0.9,4975.003626465991,4975.003626465991,0.0,11.3882150903338,18.11,130,3002,suburban
Amazon,30823,0.4,0.9,5705.037154540299,5705.037154540299,0.0,12.528872220645557,1.29,222,4370,suburban
Amazon,30826,0.4,0.9,5673.254342811335,5673.254342811335,0.0,56.38950461206911,3.98,233,3852,rural
Amazon,30827,0.4,0.9,4536.061456785562,4536.061456785562,0.0,10.610683695060027,3.78,150,3498,suburban
Amazon,30851,0.4,0.9,4490.007090916008,4490.007090916008,0.0,4.12190647126244,11.33,96,3032,suburban
Amazon,30853,0.4,0.9,4319.068900643669,4319.068900643669,0.0,8.711379660258004,12.37,128,2911,suburban
Amazon,30855,0.4,0.9,16244.345238115564,16244.345238115564,0.0,59.06346106841505,9.96,271,13592,suburban
Amazon,30880,0.4,0.9,11278.054808972109,11278.054808972109,0.0,33.96099660372796,23.78,345,6971,suburban
Amazon,30890,0.4,0.9,10080.548522471709,10080.548522471709,0.0,102.53407734275534,12.55,490,6502,rural
Amazon,30900,0.4,0.9,12085.38072969665,12085.38072969665,0.0,173.55971997363926,17.55,570,6667,rural
Amazon,30916,0.4,0.9,9904.82527723206,9904.82527723206,0.0,59.876286869182046,19.41,344,6164,suburban
Amazon,30926,0.4,0.9,8752.96361616949,8752.96361616949,0.0,53.8021301528445,4.34,415,6338,rural
Amazon,30938,0.4,0.9,9384.90809448861,9384.90809448861,0.0,153.22446344831192,24.95,346,5072,rural
Amazon,30952,0.4,0.9,7076.623355325187,7076.623355325187,0.0,37.755537878390655,14.14,275,4476,suburban
Amazon,30966,0.4,0.9,6955.194722247112,6955.194722247112,0.0,31.83238567652256,17.79,233,4221,rural
Amazon,30974,0.4,0.9,5436.138154721389,5436.138154721389,0.0,53.82702268136371,18.26,240,2971,rural
Amazon,30982,0.4,0.9,6084.06789519755,6084.06789519755,0.0,66.6831619829418,24.57,233,3044,rural
Amazon,30989,0.4,0.9,5499.955907320829,5499.955907320829,0.0,43.13135688268341,11.39,265,3112,rural
Amazon,31275,0.4,0.9,14129.512676709497,14129.512676709497,0.0,129.47251256919432,30.8,550,8588,suburban
Amazon,31303,0.4,0.9,10291.231205914351,10291.231205914351,0.0,112.90680951768702,30.88,449,5793,rural
Amazon,31311,0.4,0.9,8790.113460938559,8790.113460938559,0.0,139.34872865781722,40.99,367,3965,rural
Amazon,31319,0.4,0.9,9320.815628099372,9320.815628099372,0.0,101.18549289373648,29.57,396,5228,rural
Amazon,31515,0.4,0.9,12450.58174407703,12450.58174407703,0.0,125.1818077488354,12.09,525,8733,rural
Amazon,31535,0.4,0.9,15851.91067139521,15851.91067139521,0.0,357.6158854957556,16.13,834,8625,rural
Amazon,31832,0.4,0.9,11355.500473785536,11355.500473785536,0.0,159.3824695169613,25.63,491,5466,rural
DPD,30159,0.4,0.9,6656.069904499083,6656.069904499083,0.0,6.211813374113814,13.32,219,4783,urban
DPD,30161,0.4,0.9,3438.6384541878197,3438.6384541878197,0.0,1.7979843382791898,14.05,84,2359,urban
DPD,30163,0.4,0.9,3176.704105051865,3176.704105051865,0.0,2.603733329707664,14.01,92,2106,urban
DPD,30165,0.4,0.9,3109.5847921201566,3109.5847921201566,0.0,4.951012974183712,15.88,91,1757,urban
DPD,30167,0.4,0.9,4548.61275587726,4548.61275587726,0.0,5.368928981069905,16.37,138,2824,urban
DPD,30173,0.4,0.9,3042.0725720869623,3042.0725720869623,0.0,4.775461708125837,13.13,86,1708,urban
DPD,30177,0.4,0.9,2301.8161532682093,2301.8161532682093,0.0,3.576189607493106,12.44,75,1250,urban
DPD,30179,0.4,0.9,2402.9493976963904,2402.9493976963904,0.0,8.305970462175056,14.42,89,1256,suburban
DPD,30419,0.4,0.9,5350.888005691542,5350.888005691542,0.0,23.77191867081394,19.64,257,2858,suburban
DPD,30449,0.4,0.9,4115.648431001423,4115.648431001423,0.0,5.186686836161483,15.53,161,2554,urban
DPD,30453,0.4,0.9,3546.158276962033,3546.158276962033,0.0,9.157258958740025,18.23,137,1619,suburban
DPD,30455,0.4,0.9,3189.32194545774,3189.32194545774,0.0,6.967819653017212,19.47,151,1318,suburban
DPD,30457,0.4,0.9,3071.8681502213976,3071.8681502213976,0.0,6.068989648841514,18.69,130,1335,suburban
DPD,30459,0.4,0.9,2692.648089162524,2692.648089162524,0.0,7.274391190340525,16.25,119,1284,urban
DPD,30519,0.4,0.9,4359.743796141659,4359.743796141659,0.0,12.113461405690837,12.99,227,2540,urban
DPD,30539,0.4,0.9,3283.465182476126,3283.465182476126,0.0,19.21423828970633,9.52,156,1695,rural
DPD,30559,0.4,0.9,3964.267070732265,3964.267070732265,0.0,19.484913733542943,7.42,213,2467,suburban
DPD,30625,0.4,0.9,2879.61806243138,2879.61806243138,0.0,8.86389555258122,10.22,108,1405,urban
DPD,30627,0.4,0.9,1734.323815852828,1734.323815852828,0.0,3.390385523567528,8.59,77,971,suburban
DPD,30629,0.4,0.9,2209.7242260325893,2209.7242260325893,0.0,14.669809711755615,6.08,121,1173,suburban
DPD,30655,0.4,0.9,2902.8311877698657,2902.8311877698657,0.0,4.462508901721823,10.23,132,1537,suburban
DPD,30657,0.4,0.9,3254.827165454566,3254.827165454566,0.0,12.670949194485749,12.26,136,1866,rural
DPD,30659,0.4,0.9,2732.1680399331904,2732.1680399331904,0.0,11.3882150903338,8.73,122,1368,suburban
DPD,30823,0.4,0.9,4031.85332034608,4031.85332034608,0.0,12.528872220645557,25.25,211,1867,suburban
DPD,30826,0.4,0.9,4659.6772590054525,4659.6772590054525,0.0,56.38950461206911,27.87,212,1639,rural
DPD,30827,0.4,0.9,3693.9834286058103,3693.9834286058103,0.0,10.610683695060027,23.76,145,1601,suburban
DPD,30851,0.4,0.9,2392.8715311930196,2392.8715311930196,0.0,4.12190647126244,15.63,96,1281,suburban
DPD,30853,0.4,0.9,3054.623065805542,3054.623065805542,0.0,8.711379660258004,15.68,120,1470,suburban
DPD,30855,0.4,0.9,9651.557570967712,9651.557570967712,0.0,59.06346106841505,19.88,265,6668,suburban
DPD,30880,0.4,0.9,5651.747006229777,5651.747006229777,0.0,33.96099660372796,12.89,328,3235,suburban
DPD,30890,0.4,0.9,6923.102121964851,6923.102121964851,0.0,102.53407734275534,32.64,451,2726,rural
DPD,30900,0.4,0.9,7912.531093330155,7912.531093330155,0.0,173.55971997363926,25.52,515,2839,rural
DPD,30916,0.4,0.9,5505.336403799816,5505.336403799816,0.0,59.876286869182046,10.68,308,2914,suburban
DPD,30926,0.4,0.9,6146.851473398595,6146.851473398595,0.0,53.8021301528445,25.6,384,2637,rural
DPD,30938,0.4,0.9,5614.10632319326,5614.10632319326,0.0,153.22446344831192,17.56,317,2412,rural
DPD,30952,0.4,0.9,4651.5791758270425,4651.5791758270425,0.0,37.755537878390655,21.73,266,1895,suburban
DPD,30966,0.4,0.9,4054.5734078226283,4054.5734078226283,0.0,31.83238567652256,17.93,217,1807,rural
DPD,30974,0.4,0.9,4049.5746175540357,4049.5746175540357,0.0,53.82702268136371,28.84,224,1280,rural
DPD,30982,0.4,0.9,3635.1428609264503,3635.1428609264503,0.0,66.6831619829418,20.59,218,1278,rural
DPD,30989,0.4,0.9,4189.963023652114,4189.963023652114,0.0,43.13135688268341,25.63,242,1356,rural
DPD,31275,0.4,0.9,6310.744546848563,6310.744546848563,0.0,129.47251256919432,4.47,516,3643,suburban
DPD,31303,0.4,0.9,5298.7418231419815,5298.7418231419815,0.0,112.90680951768702,10.77,417,2491,rural
DPD,31311,0.4,0.9,4503.622414154428,4503.622414154428,0.0,139.34872865781722,17.19,336,1650,rural
DPD,31319,0.4,0.9,4393.641206526262,4393.641206526262,0.0,101.18549289373648,7.08,368,2115,rural
DPD,31515,0.4,0.9,8672.940895409381,8672.940895409381,0.0,125.1818077488354,38.45,488,3812,rural
DPD,31535,0.4,0.9,10736.90548199021,10736.90548199021,0.0,357.6158854957556,38.17,720,3582,rural
DPD,31832,0.4,0.9,6479.205569246742,6479.205569246742,0.0,159.3824695169613,30.86,456,2309,rural
FedEx,30159,0.4,0.9,12214.299279183924,12214.299279183924,0.0,10.98727508223965,11.75,273,9864,urban
FedEx,30161,0.4,0.9,5224.187237195072,5224.187237195072,0.0,1.7979843382791898,9.67,80,3810,urban
FedEx,30163,0.4,0.9,8257.65060106912,8257.65060106912,0.0,19.436906373559538,7.51,263,6210,urban
FedEx,30167,0.4,0.9,5175.6698343295675,5175.6698343295675,0.0,5.368928981069905,8.96,132,3775,urban
FedEx,30419,0.4,0.9,3306.0595520416546,3306.0595520416546,0.0,23.77191867081394,5.53,136,1709,suburban
FedEx,30449,0.4,0.9,5430.5021475969215,5430.5021475969215,0.0,12.46107802650201,12.7,204,3703,urban
FedEx,30453,0.4,0.9,3326.3835685835006,3326.3835685835006,0.0,9.157258958740025,10.07,106,1516,suburban
FedEx,30455,0.4,0.9,1959.2973539377524,1959.2973539377524,0.0,6.967819653017212,11.34,85,612,suburban
FedEx,30457,0.4,0.9,1996.1328134447208,1996.1328134447208,0.0,6.068989648841514,14.63,82,778,suburban
FedEx,30519,0.4,0.9,4147.606607808722,4147.606607808722,0.0,13.714884737746765,15.57,154,2372,urban
FedEx,30539,0.4,0.9,4110.789837016759,4110.789837016759,0.0,19.21423828970633,18.41,81,2429,rural
FedEx,30559,0.4,0.9,5375.733073538704,5375.733073538704,0.0,34.15472344529856,15.2,165,3144,suburban
FedEx,30625,0.4,0.9,3602.9465575642243,3602.9465575642243,0.0,12.254281076148748,12.66,134,2229,urban
FedEx,30655,0.4,0.9,3651.3066283117864,3651.3066283117864,0.0,15.85072399205562,11.41,144,2242,suburban
FedEx,30657,0.4,0.9,4510.957538899967,4510.957538899967,0.0,12.670949194485749,8.22,82,3429,rural
FedEx,30823,0.4,0.9,2013.2163655803622,2013.2163655803622,0.0,12.528872220645557,8.07,113,878,suburban
FedEx,30827,0.4,0.9,4491.66174623818,4491.66174623818,0.0,67.00018830712914,7.42,137,2757,suburban
FedEx,30853,0.4,0.9,4558.287686101956,4558.287686101956,0.0,12.833286131520444,4.82,152,3029,suburban
FedEx,30855,0.4,0.9,11164.944696921486,11164.944696921486,0.0,59.06346106841505,1.5,210,9970,suburban
FedEx,30880,0.4,0.9,6033.650689518244,6033.650689518244,0.0,33.96099660372796,22.05,184,3498,suburban
FedEx,30890,0.4,0.9,3937.614024274669,3937.614024274669,0.0,102.53407734275534,20.22,167,1281,rural
FedEx,30900,0.4,0.9,4467.0239843658765,4467.0239843658765,0.0,173.55971997363926,10.92,207,1597,rural
FedEx,30916,0.4,0.9,5459.16940205895,5459.16940205895,0.0,59.876286869182046,11.65,204,3245,suburban
FedEx,30926,0.4,0.9,3230.0558047592294,3230.0558047592294,0.0,53.8021301528445,10.98,152,1266,rural
FedEx,30938,0.4,0.9,5737.710883078335,5737.710883078335,0.0,153.22446344831192,16.47,151,3131,rural
FedEx,30952,0.4,0.9,2694.734755168253,2694.734755168253,0.0,37.755537878390655,17.01,132,979,suburban
FedEx,30966,0.4,0.9,2504.2719321468335,2504.2719321468335,0.0,31.83238567652256,18.53,102,1063,rural
FedEx,30974,0.4,0.9,2454.671117478426,2454.671117478426,0.0,53.82702268136371,23.36,94,802,rural
FedEx,30982,0.4,0.9,2716.2138956601093,2716.2138956601093,0.0,66.6831619829418,25.47,105,618,rural
FedEx,30989,0.4,0.9,2473.2391948618315,2473.2391948618315,0.0,43.13135688268341,16.61,128,876,rural
FedEx,31275,0.4,0.9,5422.493872435705,5422.493872435705,0.0,129.47251256919432,24.61,246,2133,suburban
FedEx,31303,0.4,0.9,3973.889348501275,3973.889348501275,0.0,112.90680951768702,23.03,195,1243,rural
FedEx,31311,0.4,0.9,3062.8021398398528,3062.8021398398528,0.0,139.34872865781722,33.34,113,675,rural
FedEx,31319,0.4,0.9,2817.067630852216,2817.067630852216,0.0,101.18549289373648,25.21,119,751,rural
FedEx,31515,0.4,0.9,5470.280769208987,5470.280769208987,0.0,125.1818077488354,19.63,249,2478,rural
FedEx,31535,0.4,0.9,6228.495098699879,6228.495098699879,0.0,357.6158854957556,17.87,237,2005,rural
FedEx,31832,0.4,0.9,4547.708372184966,4547.708372184966,0.0,159.3824695169613,29.81,182,1068,rural
GLS,30159,0.4,0.9,4840.335510593373,4840.335510593373,0.0,6.211813374113814,11.0,208,3332,urban
GLS,30161,0.4,0.9,3003.1123197883485,3003.1123197883485,0.0,1.7979843382791898,12.21,80,1649,urban
GLS,30163,0.4,0.9,4530.9209569497225,4530.9209569497225,0.0,6.17992293720077,13.11,162,2801,urban
GLS,30165,0.4,0.9,2518.402065806431,2518.402065806431,0.0,4.951012974183712,14.79,86,1358,urban
GLS,30167,0.4,0.9,3486.1823236641876,3486.1823236641876,0.0,5.368928981069905,13.23,133,2147,urban
GLS,30173,0.4,0.9,2554.876072428404,2554.876072428404,0.0,4.775461708125837,9.02,83,1424,urban
GLS,30179,0.4,0.9,2012.9451781141186,2012.9451781141186,0.0,8.305970462175056,15.58,89,1034,suburban
GLS,30419,0.4,0.9,5101.804856969734,5101.804856969734,0.0,23.77191867081394,17.6,248,2617,suburban
GLS,30449,0.4,0.9,3412.5020081467483,3412.5020081467483,0.0,5.186686836161483,10.84,150,1981,urban
GLS,30453,0.4,0.9,3168.728615727752,3168.728615727752,0.0,9.157258958740025,13.29,125,1373,suburban
GLS,30455,0.4,0.9,2732.89498767275,2732.89498767275,0.0,6.967819653017212,13.26,149,1201,suburban
GLS,30457,0.4,0.9,2344.3788154149365,2344.3788154149365,0.0,6.068989648841514,10.08,128,1189,suburban
GLS,30459,0.4,0.9,2084.898287419,2084.898287419,0.0,7.274391190340525,9.13,113,1169,urban
GLS,30519,0.4,0.9,3551.9496596439303,3551.9496596439303,0.0,13.714884737746765,6.3,224,2084,urban
GLS,30539,0.4,0.9,2580.3663075652257,2580.3663075652257,0.0,19.21423828970633,5.29,145,1310,rural
GLS,30559,0.4,0.9,3658.07773972127,3658.07773972127,0.0,19.484913733542943,8.92,208,2040,suburban
GLS,30625,0.4,0.9,2259.1204653397162,2259.1204653397162,0.0,8.86389555258122,10.34,105,1185,urban
GLS,30627,0.4,0.9,1778.1322716706136,1778.1322716706136,0.0,3.390385523567528,11.43,78,774,suburban
GLS,30629,0.4,0.9,2143.7517893568083,2143.7517893568083,0.0,14.669809711755615,12.94,116,1080,suburban
GLS,30655,0.4,0.9,2960.5284409044616,2960.5284409044616,0.0,4.462508901721823,13.05,124,1383,suburban
GLS,30657,0.4,0.9,2873.29432340711,2873.29432340711,0.0,12.670949194485749,16.66,127,1325,rural
GLS,30659,0.4,0.9,2313.189380462103,2313.189380462103,0.0,11.3882150903338,14.84,124,1138,suburban
GLS,30823,0.4,0.9,4081.0154973189988,4081.0154973189988,0.0,12.528872220645557,21.76,209,1687,suburban
GLS,30826,0.4,0.9,4802.849009920454,4802.849009920454,0.0,56.38950461206911,26.25,214,1480,rural
GLS,30827,0.4,0.9,3413.7429042160657,3413.7429042160657,0.0,10.610683695060027,22.43,133,1331,suburban
GLS,30851,0.4,0.9,2060.2946146334557,2060.2946146334557,0.0,4.12190647126244,17.37,95,1137,suburban
GLS,30853,0.4,0.9,2481.088173620477,2481.088173620477,0.0,8.711379660258004,18.94,117,1083,suburban
GLS,30855,0.4,0.9,8370.230959567252,8370.230959567252,0.0,58.08159729436245,22.3,262,5111,suburban
GLS,30880,0.4,0.9,4450.294123718125,4450.294123718125,0.0,33.96099660372796,1.58,305,2630,suburban
GLS,30890,0.4,0.9,6293.752660817818,6293.752660817818,0.0,102.53407734275534,23.44,436,2471,rural
GLS,30900,0.4,0.9,7176.610893793414,7176.610893793414,0.0,173.55971997363926,31.36,490,2487,rural
GLS,30916,0.4,0.9,5182.054562818042,5182.054562818042,0.0,59.876286869182046,19.31,308,2276,suburban
GLS,30926,0.4,0.9,5707.156100114085,5707.156100114085,0.0,53.8021301528445,20.06,381,2421,rural
GLS,30938,0.4,0.9,5298.987880460923,5298.987880460923,0.0,153.22446344831192,28.43,321,1873,rural
GLS,30952,0.4,0.9,4052.359581403284,4052.359581403284,0.0,37.755537878390655,11.4,259,1710,suburban
GLS,30966,0.4,0.9,3510.9395596477075,3510.9395596477075,0.0,31.83238567652256,6.33,220,1619,rural
GLS,30974,0.4,0.9,3101.933528043918,3101.933528043918,0.0,53.82702268136371,16.59,214,1120,rural
GLS,30982,0.4,0.9,2386.647671549595,2386.647671549595,0.0,66.6831619829418,6.34,209,1154,rural
GLS,30989,0.4,0.9,3148.477695946504,3148.477695946504,0.0,43.13135688268341,16.28,231,1172,rural
GLS,31275,0.4,0.9,6805.937726269975,6805.937726269975,0.0,129.47251256919432,17.38,507,3227,suburban
GLS,31303,0.4,0.9,5596.886925837495,5596.886925837495,0.0,112.90680951768702,24.81,407,2208,rural
GLS,31311,0.4,0.9,4871.049261225609,4871.049261225609,0.0,139.34872865781722,30.96,326,1483,rural
GLS,31319,0.4,0.9,4437.068207504176,4437.068207504176,0.0,101.18549289373648,11.04,357,1985,rural
GLS,31515,0.4,0.9,8050.858133283889,8050.858133283889,0.0,125.1818077488354,33.59,472,3284,rural
GLS,31535,0.4,0.9,10569.427946070218,10569.427946070218,0.0,357.6158854957556,38.52,705,3227,rural
GLS,31832,0.4,0.9,5153.98445539914,5153.98445539914,0.0,159.3824695169613,16.88,440,2069,rural
Hermes,30159,0.4,0.9,6103.311963748475,6103.311963748475,0.0,6.211813374113814,9.13,207,4412,urban
Hermes,30161,0.4,0.9,3205.3444612983394,3205.3444612983394,0.0,1.7979843382791898,7.9,80,2187,urban
Hermes,30163,0.4,0.9,3151.45637345559,3151.45637345559,0.0,2.603733329707664,6.63,93,2318,urban
Hermes,30165,0.4,0.9,3165.918762514473,3165.918762514473,0.0,4.951012974183712,5.34,89,1888,urban
Hermes,30167,0.4,0.9,4309.333549458941,4309.333549458941,0.0,5.368928981069905,7.27,135,2918,urban
Hermes,30173,0.4,0.9,3377.006730770633,3377.006730770633,0.0,4.775461708125837,11.08,82,1982,urban
Hermes,30177,0.4,0.9,2975.551858278056,2975.551858278056,0.0,3.576189607493106,7.86,76,1604,urban
Hermes,30179,0.4,0.9,2972.7332058248016,2972.7332058248016,0.0,8.305970462175056,5.02,88,1492,suburban
Hermes,30419,0.4,0.9,5546.714589306118,5546.714589306118,0.0,23.77191867081394,4.3,253,3791,suburban
Hermes,30449,0.4,0.9,4264.762288981972,4264.762288981972,0.0,5.186686836161483,9.65,147,2752,urban
Hermes,30453,0.4,0.9,3456.6569376644593,3456.6569376644593,0.0,9.157258958740025,8.55,127,1923,suburban
Hermes,30455,0.4,0.9,3386.0721023475717,3386.0721023475717,0.0,6.967819653017212,9.92,152,1769,suburban
Hermes,30457,0.4,0.9,3390.4448760059295,3390.4448760059295,0.0,6.068989648841514,13.07,130,1718,suburban
Hermes,30459,0.4,0.9,3359.004573372854,3359.004573372854,0.0,7.274391190340525,11.99,121,1718,urban
Hermes,30519,0.4,0.9,5162.317584328793,5162.317584328793,0.0,13.714884737746765,13.8,229,2920,urban
Hermes,30539,0.4,0.9,3748.1337976976,3748.1337976976,0.0,19.21423828970633,16.65,149,1846,rural
Hermes,30559,0.4,0.9,5370.925287647466,5370.925287647466,0.0,19.484913733542943,14.22,216,2928,suburban
Hermes,30625,0.4,0.9,3247.4589705680532,3247.4589705680532,0.0,8.86389555258122,10.86,112,1721,urban
Hermes,30627,0.4,0.9,1976.5200916772521,1976.5200916772521,0.0,3.390385523567528,11.3,80,1110,suburban
Hermes,30629,0.4,0.9,3288.097282907375,3288.097282907375,0.0,14.669809711755615,13.03,120,1544,suburban
Hermes,30655,0.4,0.9,3426.8003677575816,3426.8003677575816,0.0,4.462508901721823,9.19,134,1982,suburban
Hermes,30657,0.4,0.9,3245.628188162223,3245.628188162223,0.0,12.670949194485749,6.89,133,1834,rural
Hermes,30659,0.4,0.9,3215.6998845024846,3215.6998845024846,0.0,11.3882150903338,10.33,126,1587,suburban
Hermes,30823,0.4,0.9,3936.6042296322357,3936.6042296322357,0.0,12.528872220645557,8.05,216,2384,suburban
Hermes,30826,0.4,0.9,4191.43021519428,4191.43021519428,0.0,56.38950461206911,9.0,221,2156,rural
Hermes,30827,0.4,0.9,3247.3865843141566,3247.3865843141566,0.0,10.610683695060027,5.18,139,1865,suburban
Hermes,30851,0.4,0.9,2857.2114343496014,2857.2114343496014,0.0,4.12190647126244,3.44,95,1650,suburban
Hermes,30853,0.4,0.9,2627.454020793578,2627.454020793578,0.0,8.711379660258004,3.75,121,1477,suburban
Hermes,30855,0.4,0.9,8658.56494813409,8658.56494813409,0.0,58.08159729436245,2.52,261,7102,suburban
Hermes,30880,0.4,0.9,6718.354835871605,6718.354835871605,0.0,33.96099660372796,20.27,312,3668,suburban
Hermes,30890,0.4,0.9,7568.635969962485,7568.635969962485,0.0,102.53407734275534,19.74,454,3618,rural
Hermes,30900,0.4,0.9,7696.514876914835,7696.514876914835,0.0,173.55971997363926,12.32,527,3644,rural
Hermes,30916,0.4,0.9,5798.014253899346,5798.014253899346,0.0,59.876286869182046,10.8,310,3232,suburban
Hermes,30926,0.4,0.9,5981.497888198291,5981.497888198291,0.0,53.8021301528445,10.52,393,3537,rural
Hermes,30938,0.4,0.9,6007.684029332934,6007.684029332934,0.0,153.22446344831192,16.57,334,2656,rural
Hermes,30952,0.4,0.9,5277.6182452376,5277.6182452376,0.0,37.755537878390655,15.6,274,2488,suburban
Hermes,30966,0.4,0.9,4601.173469262583,4601.173469262583,0.0,31.83238567652256,16.87,229,2313,rural
Hermes,30974,0.4,0.9,4626.2307003590395,4626.2307003590395,0.0,53.82702268136371,22.19,228,1616,rural
Hermes,30982,0.4,0.9,4596.833861562218,4596.833861562218,0.0,66.6831619829418,23.78,220,1680,rural
Hermes,30989,0.4,0.9,4185.515150068637,4185.515150068637,0.0,43.13135688268341,15.58,242,1681,rural
Hermes,31275,0.4,0.9,9418.194923082388,9418.194923082388,0.0,129.47251256919432,23.26,528,4698,suburban
Hermes,31303,0.4,0.9,6888.21710469868,6888.21710469868,0.0,112.90680951768702,22.27,425,3161,rural
Hermes,31311,0.4,0.9,6231.959144058387,6231.959144058387,0.0,139.34872865781722,32.49,345,2196,rural
Hermes,31319,0.4,0.9,6653.523191455497,6653.523191455497,0.0,101.18549289373648,23.57,378,2907,rural
Hermes,31515,0.4,0.9,9098.73098096226,9098.73098096226,0.0,125.1818077488354,20.37,503,4758,rural
Hermes,31535,0.4,0.9,11828.260970846719,11828.260970846719,0.0,357.6158854957556,19.5,777,4780,rural
Hermes,31832,0.4,0.9,8226.290929342216,8226.290929342216,0.0,159.3824695169613,28.44,458,3015,rural
UPS,30159,0.4,0.9,14124.871351764605,14124.871351764605,0.0,10.98727508223965,10.54,282,11805,urban
UPS,30161,0.4,0.9,5917.055804797465,5917.055804797465,0.0,1.7979843382791898,8.59,80,4726,urban
UPS,30163,0.4,0.9,6504.720392897118,6504.720392897118,0.0,14.485893399375826,6.02,215,5283,urban
UPS,30165,0.4,0.9,3773.2492250252108,3773.2492250252108,0.0,4.951012974183712,6.57,77,2701,urban
UPS,30167,0.4,0.9,6006.644999548211,6006.644999548211,0.0,5.368928981069905,8.81,137,4551,urban
UPS,30419,0.4,0.9,3598.2785262855646,3598.2785262855646,0.0,23.77191867081394,7.09,153,2053,suburban
UPS,30449,0.4,0.9,6798.755020154903,6798.755020154903,0.0,12.46107802650201,12.33,209,4685,urban
UPS,30453,0.4,0.9,3375.021836857729,3375.021836857729,0.0,9.157258958740025,10.59,118,1821,suburban
UPS,30455,0.4,0.9,1985.0500139571805,1985.0500139571805,0.0,6.967819653017212,12.14,99,812,suburban
UPS,30457,0.4,0.9,2069.491599260607,2069.491599260607,0.0,6.068989648841514,14.87,93,1021,suburban
UPS,30519,0.4,0.9,4937.054841641878,4937.054841641878,0.0,13.714884737746765,14.32,178,3064,urban
UPS,30539,0.4,0.9,4533.06046911727,4533.06046911727,0.0,19.21423828970633,16.42,96,2701,rural
UPS,30559,0.4,0.9,5027.435680366569,5027.435680366569,0.0,19.484913733542943,13.47,141,3087,suburban
UPS,30625,0.4,0.9,4315.013444156701,4315.013444156701,0.0,12.254281076148748,10.42,148,2727,urban
UPS,30655,0.4,0.9,2121.9137816651596,2121.9137816651596,0.0,4.462508901721823,8.22,93,1218,suburban
UPS,30657,0.4,0.9,4786.350272484361,4786.350272484361,0.0,12.670949194485749,5.0,96,3745,rural
UPS,30659,0.4,0.9,3729.581575766453,3729.581575766453,0.0,26.058024802089417,10.16,158,2385,suburban
UPS,30823,0.4,0.9,2901.0492307771306,2901.0492307771306,0.0,12.528872220645557,11.23,141,1337,suburban
UPS,30826,0.4,0.9,2179.7117952412614,2179.7117952412614,0.0,56.38950461206911,11.69,77,1105,rural
UPS,30827,0.4,0.9,3291.825156956803,3291.825156956803,0.0,10.610683695060027,8.21,92,2105,suburban
UPS,30853,0.4,0.9,4885.572256538386,4885.572256538386,0.0,12.833286131520444,2.1,167,3668,suburban
UPS,30855,0.4,0.9,12372.313669298126,12372.313669298126,0.0,59.06346106841505,2.73,226,11475,suburban
UPS,30880,0.4,0.9,7164.597554373629,7164.597554373629,0.0,33.96099660372796,20.44,221,4190,suburban
UPS,30890,0.4,0.9,4686.02421265492,4686.02421265492,0.0,102.53407734275534,22.83,246,1795,rural
UPS,30900,0.4,0.9,5252.628048739307,5252.628048739307,0.0,173.55971997363926,10.9,296,2208,rural
UPS,30916,0.4,0.9,6109.051569407693,6109.051569407693,0.0,59.876286869182046,7.96,236,4019,suburban
UPS,30926,0.4,0.9,3963.3498677038015,3963.3498677038015,0.0,53.8021301528445,13.64,194,1634,rural
UPS,30938,0.4,0.9,6063.945568650633,6063.945568650633,0.0,153.22446344831192,13.43,195,3590,rural
UPS,30952,0.4,0.9,3731.55368849277,3731.55368849277,0.0,37.755537878390655,17.72,163,1329,suburban
UPS,30966,0.4,0.9,3533.856164661857,3533.856164661857,0.0,31.83238567652256,18.2,136,1386,rural
UPS,30974,0.4,0.9,3208.8293030723075,3208.8293030723075,0.0,53.82702268136371,24.68,134,1072,rural
UPS,30982,0.4,0.9,3007.173952156455,3007.173952156455,0.0,66.6831619829418,24.88,141,878,rural
UPS,30989,0.4,0.9,3364.1454124269208,3364.1454124269208,0.0,43.13135688268341,18.29,160,1191,rural
UPS,31275,0.4,0.9,6734.00020753597,6734.00020753597,0.0,129.47251256919432,21.19,339,2904,suburban
UPS,31303,0.4,0.9,4633.075702530725,4633.075702530725,0.0,112.90680951768702,19.35,259,1804,rural
UPS,31311,0.4,0.9,3968.942591958489,3968.942591958489,0.0,139.34872865781722,29.65,195,1062,rural
UPS,31319,0.4,0.9,3441.882252785476,3441.882252785476,0.0,101.18549289373648,22.42,153,1055,rural
UPS,31515,0.4,0.9,6718.456041625136,6718.456041625136,0.0,125.1818077488354,23.29,321,3281,rural
UPS,31535,0.4,0.9,8009.28273019456,8009.28273019456,0.0,357.6158854957556,20.99,322,2571,rural
UPS,31832,0.4,0.9,5227.687081644636,5227.687081644636,0.0,159.3824695169613,30.54,251,1605,rural
DHL,30159,0.0,1.0,21219.76515244271,21973.50194568585,3.4302078708538537,6.211813374113814,2.18,221,23058,urban
DHL,30161,0.0,1.0,10082.299763706973,10909.00812046849,7.578217447747341,1.7979843382791898,1.04,84,11554,urban
DHL,30163,0.0,1.0,9138.580072571252,9914.04927442146,7.821922005682802,2.603733329707664,1.7,95,10484,urban
DHL,30165,0.0,1.0,7765.422037879876,8565.397376626115,9.339617341388857,4.951012974183712,1.88,94,8599,urban
DHL,30167,0.0,1.0,12370.417447059594,13540.33589751315,8.640246883893235,5.368928981069905,1.39,142,13892,urban
DHL,30169,0.0,1.0,5093.273144801688,5441.748523674446,6.40373911724711,2.9960433745102675,2.4,76,5294,urban
DHL,30173,0.0,1.0,8267.082520187516,8900.020227394843,7.111643468619363,4.775461708125837,3.83,88,8547,urban
DHL,30177,0.0,1.0,6013.307987859069,6717.193405547422,10.478861857796838,3.576189607493106,2.83,80,6260,urban
DHL,30179,0.0,1.0,6303.153526236528,7015.019470078845,10.147740100774323,8.305970462175056,3.55,96,6322,suburban
DHL,30419,0.0,1.0,14151.009631915433,15260.397562746597,7.269718408512383,23.77191867081394,5.16,274,14775,suburban
DHL,30449,0.0,1.0,6765.32169651122,7432.014762814106,8.970556270133743,2.190643461651216,1.56,91,7431,urban
DHL,30453,0.0,1.0,7765.344194982683,8728.871611104647,11.038396015542137,9.157258958740025,2.98,148,8150,suburban
DHL,30455,0.0,1.0,6616.491861653896,7560.480077937329,12.48582373807371,6.967819653017212,3.04,160,6748,suburban
DHL,30457,0.0,1.0,6368.53606694466,7333.849598031452,13.162439700780077,6.068989648841514,2.4,139,6736,suburban
DHL,30459,0.0,1.0,6225.764419347635,6748.368740605874,7.744157756431655,7.274391190340525,1.24,125,6561,urban
DHL,30519,0.0,1.0,12535.64724925477,13335.327593044716,5.996705654288051,13.714884737746765,5.03,248,12645,urban
DHL,30539,0.0,1.0,8173.706885689637,9296.282509988963,12.075532591582776,19.21423828970633,3.99,164,8372,rural
DHL,30559,0.0,1.0,11376.998701928744,12462.482929522981,8.710015762772128,19.484913733542943,1.93,224,12320,suburban
DHL,30625,0.0,1.0,7169.032546306435,8084.182917612831,11.320258096988116,8.86389555258122,4.99,117,7084,urban
DHL,30627,0.0,1.0,4927.894314362973,5566.459185356654,11.47165279992558,3.390385523567528,4.61,82,4809,suburban
DHL,30629,0.0,1.0,5742.433969903492,6830.019894903581,15.923612840595435,14.669809711755615,4.28,124,5907,suburban
DHL,30655,0.0,1.0,7769.84814522664,8770.048460462032,11.404729628856568,4.462508901721823,5.25,139,7945,suburban
DHL,30657,0.0,1.0,8985.350201778692,9997.913539537092,10.12774649184736,12.670949194485749,6.56,140,9056,rural
DHL,30659,0.0,1.0,6944.092537335523,7841.281218861646,11.441863344576896,11.3882150903338,7.01,131,6829,suburban
DHL,30823,0.0,1.0,8952.366160633695,10202.29191336214,12.251421184012509,12.528872220645557,3.26,227,9437,suburban
DHL,30826,0.0,1.0,7857.388152868347,9289.171862330428,15.41346990540964,56.38950461206911,1.44,239,8281,rural
DHL,30827,0.0,1.0,7720.699197744125,8499.259441991915,9.1603303742111,10.610683695060027,3.25,153,8048,suburban
DHL,30851,0.0,1.0,6648.268686787074,7091.396611882496,6.248810345100521,4.12190647126244,5.02,97,6654,suburban
DHL,30853,0.0,1.0,7306.847290597061,8087.121413003322,9.648354248171104,8.711379660258004,6.98,132,7164,suburban
DHL,30855,0.0,1.0,33595.38524736149,33181.974645551454,-1.245889089561641,59.06346106841505,5.9,278,32854,suburban
DHL,30880,0.0,1.0,16064.174855807874,17626.17972557684,8.861845811672879,33.96099660372796,5.11,360,16161,suburban
DHL,30890,0.0,1.0,14052.350651663917,16098.044263724361,12.707715164321227,102.53407734275534,4.73,504,13989,rural
DHL,30900,0.0,1.0,14567.95588687994,17593.529073393336,17.197079527887137,173.55971997363926,4.94,590,14609,rural
DHL,30916,0.0,1.0,15381.13725419508,17062.590954336305,9.854621168855356,59.876286869182046,11.0,355,14499,suburban
DHL,30926,0.0,1.0,12717.621146110252,14775.4174568136,13.927161900623032,53.8021301528445,0.37,429,13519,rural
DHL,30938,0.0,1.0,12665.382333928348,14888.20103197316,14.930069074639688,153.22446344831192,10.53,355,12030,rural
DHL,30952,0.0,1.0,9648.240438863279,11029.332668750209,12.521992684108863,37.755537878390655,5.68,286,9709,suburban
DHL,30966,0.0,1.0,9292.080809941846,10564.896592403224,12.047593379916336,31.83238567652256,5.52,237,9182,rural
DHL,30974,0.0,1.0,6166.301203354506,7602.589230059956,18.892090355565923,53.82702268136371,1.4,244,6515,rural
DHL,30982,0.0,1.0,6449.928162394485,8026.683955967339,19.643925215227068,66.6831619829418,2.77,239,6551,rural
DHL,30989,0.0,1.0,6991.988363789438,8197.588934134921,14.70677024710691,43.13135688268341,5.72,271,6841,rural
DHL,31275,0.0,1.0,18130.900694968936,20490.51279819747,11.51563226585577,129.47251256919432,2.93,571,18743,suburban
DHL,31303,0.0,1.0,12033.304316293856,14494.326252546625,16.979208921976436,112.90680951768702,1.84,468,12605,rural
DHL,31311,0.0,1.0,8703.10538956106,10485.698502104207,17.000232384952007,139.34872865781722,3.81,380,8577,rural
DHL,31319,0.0,1.0,10374.744845261244,12204.762656945873,14.99429249976561,101.18549289373648,0.58,411,10967,rural
DHL,31515,0.0,1.0,19095.414770154952,21088.897809861297,9.452760678531908,125.1818077488354,5.28,537,19286,rural
DHL,31535,0.0,1.0,19408.951833515803,22512.716761824166,13.786718685021427,357.6158854957556,5.5,880,18533,rural
DHL,31832,0.0,1.0,12045.055138163923,14457.781202836444,16.68807980161695,159.3824695169613,4.65,515,11902,rural
Amazon,30159,0.0,1.0,10142.180210778371,11555.196270293998,12.228403797417068,6.211813374113814,13.81,221,9019,urban
Amazon,30161,0.0,1.0,4975.785966175933,6224.7449789257325,20.06442058234079,1.7979843382791898,12.74,83,4512,urban
Amazon,30163,0.0,1.0,5160.222708776892,5889.0064831046275,12.375326405542133,2.603733329707664,12.41,93,4469,urban
Amazon,30165,0.0,1.0,4005.100975040061,4750.233821598029,15.686235131627638,4.951012974183712,10.52,92,3574,urban
Amazon,30167,0.0,1.0,6160.337811330775,7175.254343343608,14.144676738244929,5.368928981069905,10.65,139,5730,urban
Amazon,30173,0.0,1.0,4338.583296649909,5164.654397653723,15.994702402141254,4.775461708125837,15.11,87,3759,urban
Amazon,30177,0.0,1.0,3367.604449001139,4343.242376782357,22.463354405378777,3.576189607493106,13.99,79,2906,urban
Amazon,30179,0.0,1.0,3309.9919536387647,4390.652005410074,24.612746590705466,8.305970462175056,12.08,95,2781,suburban
Amazon,30419,0.0,1.0,7140.744320505191,8519.368501277868,16.182234405823493,23.77191867081394,6.74,265,6859,suburban
Amazon,30449,0.0,1.0,6013.968910633106,7005.60345798299,14.154876925269038,5.186686836161483,12.61,159,5275,urban
Amazon,30453,0.0,1.0,4069.917049206985,4970.930164967193,18.12564421262906,9.157258958740025,9.82,139,3593,suburban
Amazon,30455,0.0,1.0,3885.0017954449995,4820.378887430032,19.40463838691579,6.967819653017212,9.84,158,3165,suburban
Amazon,30457,0.0,1.0,3725.8361033314477,4934.7989617734975,24.49872563820848,6.068989648841514,13.37,135,3134,suburban
Amazon,30459,0.0,1.0,4078.2504722779713,4858.408897775894,16.057899652189985,7.274391190340525,13.92,124,3087,urban
Amazon,30519,0.0,1.0,6515.185640228703,8140.269152347262,19.963510809098533,13.714884737746765,17.38,242,5508,urban
Amazon,30539,0.0,1.0,4642.879725836764,5821.859629336905,20.250916005586063,19.21423828970633,21.37,157,3516,rural
Amazon,30559,0.0,1.0,6730.5109806380015,8252.52270516162,18.442987422157127,19.484913733542943,20.15,222,5369,suburban
Amazon,30625,0.0,1.0,3971.5195323995436,4932.584335545381,19.484001443628134,8.86389555258122,16.66,114,3180,urban
Amazon,30627,0.0,1.0,2698.5605173077993,3472.360903435115,22.28456107087876,3.390385523567528,17.89,79,2090,suburban
Amazon,30629,0.0,1.0,3577.364628315998,4629.145185289602,22.720837538557433,14.669809711755615,20.32,122,2757,suburban
Amazon,30655,0.0,1.0,4388.540470273754,5061.237427944449,13.291155912910838,4.462508901721823,16.14,137,3642,suburban
Amazon,30657,0.0,1.0,4199.146657681542,5227.080664344542,19.66554703612747,12.670949194485749,15.05,138,3559,rural
Amazon,30659,0.0,1.0,3675.490390967245,4975.003626465991,26.12085001477395,11.3882150903338,18.11,130,3002,suburban
Amazon,30823,0.0,1.0,4587.040303449443,5705.037154540299,19.596662051554013,12.528872220645557,1.29,222,4370,suburban
Amazon,30826,0.0,1.0,4248.288940998476,5673.254342811335,25.11724868493607,56.38950461206911,3.98,233,3852,rural
Amazon,30827,0.0,1.0,3742.848227778134,4536.061456785562,17.486827208234764,10.610683695060027,3.78,150,3498,suburban
Amazon,30851,0.0,1.0,3514.198037356147,4490.007090916008,21.732906737142496,4.12190647126244,11.33,96,3032,suburban
Amazon,30853,0.0,1.0,3391.0355725973577,4319.068900643669,21.48688408068708,8.711379660258004,12.37,128,2911,suburban
Amazon,30855,0.0,1.0,14417.739056334161,16244.345238115564,11.244566370674471,59.06346106841505,9.96,271,13592,suburban
Amazon,30880,0.0,1.0,8879.961982611236,11278.054808972109,21.26335495774592,33.96099660372796,23.78,345,6971,suburban
Amazon,30890,0.0,1.0,8003.0153786931205,10080.548522471709,20.60932635905001,102.53407734275534,12.55,490,6502,rural
Amazon,30900,0.0,1.0,8776.033918779165,12085.38072969665,27.383057968423238,173.55971997363926,17.55,570,6667,rural
Amazon,30916,0.0,1.0,7532.1989122659525,9904.82527723206,23.95424753650118,59.876286869182046,19.41,344,6164,suburban
Amazon,30926,0.0,1.0,6840.7610807458905,8752.96361616949,21.846343927343167,53.8021301528445,4.34,415,6338,rural
Amazon,30938,0.0,1.0,7050.620124482526,9384.90809448861,24.87278454412271,153.22446344831192,24.95,346,5072,rural
Amazon,30952,0.0,1.0,5584.807508419896,7076.623355325187,21.080899349867096,37.755537878390655,14.14,275,4476,suburban
Amazon,30966,0.0,1.0,5341.197222390596,6955.194722247112,23.20564073776297,31.83238567652256,17.79,233,4221,rural
Amazon,30974,0.0,1.0,4058.022014983153,5436.138154721389,25.351013909411332,53.82702268136371,18.26,240,2971,rural
Amazon,30982,0.0,1.0,4359.225177580984,6084.06789519755,28.350155641393616,66.6831619829418,24.57,233,3044,rural
Amazon,30989,0.0,1.0,4150.154850009822,5499.955907320829,24.5420341554798,43.13135688268341,11.39,265,3112,rural
Amazon,31275,0.0,1.0,11253.881344379886,14129.512676709497,20.351949838083815,129.47251256919432,30.8,550,8588,suburban
Amazon,31303,0.0,1.0,7930.177882115221,10291.231205914351,22.94237955165401,112.90680951768702,30.88,449,5793,rural
Amazon,31311,0.0,1.0,6106.02147023928,8790.113460938559,30.53535091016547,139.34872865781722,40.99,367,3965,rural
Amazon,31319,0.0,1.0,7305.266143202712,9320.815628099372,21.624175021984158,101.18549289373648,29.57,396,5228,rural
Amazon,31515,0.0,1.0,9864.379730033932,12450.58174407703,20.771736350981364,125.1818077488354,12.09,525,8733,rural
Amazon,31535,0.0,1.0,11616.602818069894,15851.91067139521,26.717964421588203,357.6158854957556,16.13,834,8625,rural
Amazon,31832,0.0,1.0,7670.33285613773,11355.500473785536,32.452709822478624,159.3824695169613,25.63,491,5466,rural
DPD,30159,0.0,1.0,5309.1781797571275,6656.069904499083,20.23554055271478,6.211813374113814,13.32,219,4783,urban
DPD,30161,0.0,1.0,2781.8371083986513,3438.6384541878197,19.10062236956807,1.7979843382791898,14.05,84,2359,urban
DPD,30163,0.0,1.0,2504.9414586442817,3176.704105051865,21.14652873521614,2.603733329707664,14.01,92,2106,urban
DPD,30165,0.0,1.0,2306.3684512508557,3109.5847921201566,25.830340529857597,4.951012974183712,15.88,91,1757,urban
DPD,30167,0.0,1.0,3406.0398440282806,4548.61275587726,25.119151116407114,5.368928981069905,16.37,138,2824,urban
DPD,30173,0.0,1.0,2038.2723815456588,3042.0725720869623,32.99724667162241,4.775461708125837,13.13,86,1708,urban
DPD,30177,0.0,1.0,1503.1007664193403,2301.8161532682093,34.699356232895546,3.576189607493106,12.44,75,1250,urban
DPD,30179,0.0,1.0,1565.15081475521,2402.9493976963904,34.86542761759127,8.305970462175056,14.42,89,1256,suburban
DPD,30419,0.0,1.0,3707.168316675195,5350.888005691542,30.718633753275782,23.77191867081394,19.64,257,2858,suburban
DPD,30449,0.0,1.0,3166.371752138422,4115.648431001423,23.06505754263423,5.186686836161483,15.53,161,2554,urban
DPD,30453,0.0,1.0,2273.688851340792,3546.158276962033,35.88304092030985,9.157258958740025,18.23,137,1619,suburban
DPD,30455,0.0,1.0,2043.8371252312095,3189.32194545774,35.91624927856343,6.967819653017212,19.47,151,1318,suburban
DPD,30457,0.0,1.0,1966.0312669421849,3071.8681502213976,35.99883944236058,6.068989648841514,18.69,130,1335,suburban
DPD,30459,0.0,1.0,1671.4411204527632,2692.648089162524,37.925749481336034,7.274391190340525,16.25,119,1284,urban
DPD,30519,0.0,1.0,3215.0667446779044,4359.743796141659,26.255603654434587,12.113461405690837,12.99,227,2540,urban
DPD,30539,0.0,1.0,2086.6706891647164,3283.465182476126,36.44913001358166,19.21423828970633,9.52,156,1695,rural
DPD,30559,0.0,1.0,2828.718537306865,3964.267070732265,28.644602221909473,19.484913733542943,7.42,213,2467,suburban
DPD,30625,0.0,1.0,1778.0893879798664,2879.61806243138,38.25259637111207,8.86389555258122,10.22,108,1405,urban
DPD,30627,0.0,1.0,1260.9287814107624,1734.323815852828,27.295654370592874,3.390385523567528,8.59,77,971,suburban
DPD,30629,0.0,1.0,1509.5217010894767,2209.7242260325893,31.68732625972423,14.669809711755615,6.08,121,1173,suburban
DPD,30655,0.0,1.0,1789.3642438617135,2902.8311877698657,38.3579640662324,4.462508901721823,10.23,132,1537,suburban
DPD,30657,0.0,1.0,2322.559781066068,3254.827165454566,28.64260794807206,12.670949194485749,12.26,136,1866,rural
DPD,30659,0.0,1.0,1774.045885813053,2732.1680399331904,35.06820005637597,11.3882150903338,8.73,122,1368,suburban
DPD,30823,0.0,1.0,2727.458325625983,4031.85332034608,32.35224327575817,12.528872220645557,25.25,211,1867,suburban
DPD,30826,0.0,1.0,2684.8316369368363,4659.6772590054525,42.381596670712796,56.38950461206911,27.87,212,1639,rural
DPD,30827,0.0,1.0,2361.9686094133604,3693.9834286058103,36.059036130954745,10.610683695060027,23.76,145,1601,suburban
DPD,30851,0.0,1.0,1569.8520617162244,2392.8715311930196,34.39463668433802,4.12190647126244,15.63,96,1281,suburban
DPD,30853,0.0,1.0,1917.983371360631,3054.623065805542,37.21047310775691,8.711379660258004,15.68,120,1470,suburban
DPD,30855,0.0,1.0,7896.255782607839,9651.557570967712,18.18672038635395,59.06346106841505,19.88,265,6668,suburban
DPD,30880,0.0,1.0,4057.154339356924,5651.747006229777,28.21415511195342,33.96099660372796,12.89,328,3235,suburban
DPD,30890,0.0,1.0,4567.34308749565,6923.102121964851,34.027506643230204,102.53407734275534,32.64,451,2726,rural
DPD,30900,0.0,1.0,4686.114110287839,7912.531093330155,40.77604176193399,173.55971997363926,25.52,515,2839,rural
DPD,30916,0.0,1.0,3621.918222950756,5505.336403799816,34.210773742166126,59.876286869182046,10.68,308,2914,suburban
DPD,30926,0.0,1.0,4107.813863340222,6146.851473398595,33.172065713359245,53.8021301528445,25.6,384,2637,rural
DPD,30938,0.0,1.0,3508.824855100265,5614.10632319326,37.499850321600746,153.22446344831192,17.56,317,2412,rural
DPD,30952,0.0,1.0,2915.8857982064415,4651.5791758270425,37.31406715896646,37.755537878390655,21.73,266,1895,suburban
DPD,30966,0.0,1.0,2650.102844451615,4054.5734078226283,34.63916970059834,31.83238567652256,17.93,217,1807,rural
DPD,30974,0.0,1.0,2249.9609214550082,4049.5746175540357,44.4395736850505,53.82702268136371,28.84,224,1280,rural
DPD,30982,0.0,1.0,2056.220671598636,3635.1428609264503,43.43494189181361,66.6831619829418,20.59,218,1278,rural
DPD,30989,0.0,1.0,2356.9352163491994,4189.963023652114,43.74806643771251,43.13135688268341,25.63,242,1356,rural
DPD,31275,0.0,1.0,4305.9755938978715,6310.744546848563,31.767550374889215,129.47251256919432,4.47,516,3643,suburban
DPD,31303,0.0,1.0,3350.832817654117,5298.7418231419815,36.76172703830317,112.90680951768702,10.77,417,2491,rural
DPD,31311,0.0,1.0,2710.379584662348,4503.622414154428,39.81778809555837,139.34872865781722,17.19,336,1650,rural
DPD,31319,0.0,1.0,2881.6081307276404,4393.641206526262,34.41412269970215,101.18549289373648,7.08,368,2115,rural
DPD,31515,0.0,1.0,5787.176331052458,8672.940895409381,33.273195322758035,125.1818077488354,38.45,488,3812,rural
DPD,31535,0.0,1.0,6410.180848166072,10736.90548199021,40.29768764456078,357.6158854957556,38.17,720,3582,rural
DPD,31832,0.0,1.0,4162.781843553397,6479.205569246742,35.75166277619197,159.3824695169613,30.86,456,2309,rural
FedEx,30159,0.0,1.0,11019.575594742828,12214.299279183924,9.781352635408156,10.98727508223965,11.75,273,9864,urban
FedEx,30161,0.0,1.0,4183.818837397484,5224.187237195072,19.914454680919413,1.7979843382791898,9.67,80,3810,urban
FedEx,30163,0.0,1.0,6864.113162074792,8257.65060106912,16.87571327871278,19.436906373559538,7.51,263,6210,urban
FedEx,30167,0.0,1.0,4280.449006803872,5175.6698343295675,17.296714361256356,5.368928981069905,8.96,132,3775,urban
FedEx,30419,0.0,1.0,2670.3763673248127,3306.0595520416546,19.227820149950904,23.77191867081394,5.53,136,1709,suburban
FedEx,30449,0.0,1.0,4493.4763511338115,5430.5021475969215,17.254864669886153,12.46107802650201,12.7,204,3703,urban
FedEx,30453,0.0,1.0,1938.9199687400487,3326.3835685835006,41.710872220135634,9.157258958740025,10.07,106,1516,suburban
FedEx,30455,0.0,1.0,1144.694690873357,1959.2973539377524,41.576265155833795,6.967819653017212,11.34,85,612,suburban
FedEx,30457,0.0,1.0,1200.6316476323373,1996.1328134447208,39.852116074360275,6.068989648841514,14.63,82,778,suburban
FedEx,30519,0.0,1.0,3177.913462675813,4147.606607808722,23.379583379659547,13.714884737746765,15.57,154,2372,urban
FedEx,30539,0.0,1.0,3142.440482606742,4110.789837016759,23.55628462662439,19.21423828970633,18.41,81,2429,rural
FedEx,30559,0.0,1.0,3983.544860132231,5375.733073538704,25.897643993138825,34.15472344529856,15.2,165,3144,suburban
FedEx,30625,0.0,1.0,2948.2368907968785,3602.9465575642243,18.17150646858229,12.254281076148748,12.66,134,2229,urban
FedEx,30655,0.0,1.0,2929.8075058653917,3651.3066283117864,19.760025544060817,15.85072399205562,11.41,144,2242,suburban
FedEx,30657,0.0,1.0,3657.7504403844187,4510.957538899967,18.91410174354268,12.670949194485749,8.22,82,3429,rural
FedEx,30823,0.0,1.0,1364.1439589104325,2013.2163655803622,32.24056876185872,12.528872220645557,8.07,113,878,suburban
FedEx,30827,0.0,1.0,3374.4865997238126,4491.66174623818,24.872201194803125,67.00018830712914,7.42,137,2757,suburban
FedEx,30853,0.0,1.0,3352.5171386872616,4558.287686101956,26.45226958998315,12.833286131520444,4.82,152,3029,suburban
FedEx,30855,0.0,1.0,9784.625262615653,11164.944696921486,12.362976009065491,59.06346106841505,1.5,210,9970,suburban
FedEx,30880,0.0,1.0,4762.954348435625,6033.650689518244,21.06015754757054,33.96099660372796,22.05,184,3498,suburban
FedEx,30890,0.0,1.0,2111.4015564974293,3937.614024274669,46.378656123199846,102.53407734275534,20.22,167,1281,rural
FedEx,30900,0.0,1.0,2510.6935132500853,4467.0239843658765,43.79493994128409,173.55971997363926,10.92,207,1597,rural
FedEx,30916,0.0,1.0,4065.304257838012,5459.16940205895,25.532549762885832,59.876286869182046,11.65,204,3245,suburban
FedEx,30926,0.0,1.0,1790.1253814979436,3230.0558047592294,44.579119070935654,53.8021301528445,10.98,152,1266,rural
FedEx,30938,0.0,1.0,4249.787249310324,5737.710883078335,25.93235637153133,153.22446344831192,16.47,151,3131,rural
FedEx,30952,0.0,1.0,1617.7551671992153,2694.734755168253,39.96607034898295,37.755537878390655,17.01,132,979,suburban
FedEx,30966,0.0,1.0,1603.1482511970237,2504.2719321468335,35.98345967873005,31.83238567652256,18.53,102,1063,rural
FedEx,30974,0.0,1.0,1384.0623784932827,2454.671117478426,43.61516014760184,53.82702268136371,23.36,94,802,rural
FedEx,30982,0.0,1.0,1442.4618220252787,2716.2138956601093,46.89439501322028,66.6831619829418,25.47,105,618,rural
FedEx,30989,0.0,1.0,1558.8645255346007,2473.2391948618315,36.970733410130705,43.13135688268341,16.61,128,876,rural
FedEx,31275,0.0,1.0,3405.286250064215,5422.493872435705,37.200735857455015,129.47251256919432,24.61,246,2133,suburban
FedEx,31303,0.0,1.0,2156.734963165275,3973.889348501275,45.727352373848234,112.90680951768702,23.03,195,1243,rural
FedEx,31311,0.0,1.0,1562.5585909912852,3062.8021398398528,48.982711920366235,139.34872865781722,33.34,113,675,rural
FedEx,31319,0.0,1.0,1528.6845212588846,2817.067630852216,45.73490162192419,101.18549289373648,25.21,119,751,rural
FedEx,31515,0.0,1.0,3512.054960291922,5470.280769208987,35.79753748545211,125.1818077488354,19.63,249,2478,rural
FedEx,31535,0.0,1.0,3387.085755203538,6228.495098699879,45.61951640757412,357.6158854957556,17.87,237,2005,rural
FedEx,31832,0.0,1.0,2298.9033746944547,4547.708372184966,49.449190964944464,159.3824695169613,29.81,182,1068,rural
GLS,30159,0.0,1.0,3818.285954285292,4840.335510593373,21.115262652170756,6.211813374113814,11.0,208,3332,urban
GLS,30161,0.0,1.0,2016.790094028513,3003.1123197883485,32.843334538661175,1.7979843382791898,12.21,80,1649,urban
GLS,30163,0.0,1.0,3391.602784489612,4530.9209569497225,25.14539942950395,6.17992293720077,13.11,162,2801,urban
GLS,30165,0.0,1.0,1860.3213396526521,2518.402065806431,26.130884146295013,4.951012974183712,14.79,86,1358,urban
GLS,30167,0.0,1.0,2856.479691865794,3486.1823236641876,18.062814085309753,5.368928981069905,13.23,133,2147,urban
GLS,30173,0.0,1.0,1748.7868789896988,2554.876072428404,31.551009543586943,4.775461708125837,9.02,83,1424,urban
GLS,30179,0.0,1.0,1426.7235631951817,2012.9451781141186,29.122582238834458,8.305970462175056,15.58,89,1034,suburban
GLS,30419,0.0,1.0,3452.3229555086045,5101.804856969734,32.33134052957202,23.77191867081394,17.6,248,2617,suburban
GLS,30449,0.0,1.0,2345.8386938521717,3412.5020081467483,31.25751462557694,5.186686836161483,10.84,150,1981,urban
GLS,30453,0.0,1.0,1919.4575931108157,3168.728615727752,39.42499261111448,9.157258958740025,13.29,125,1373,suburban
GLS,30455,0.0,1.0,1700.4108933354232,2732.89498767275,37.77986710043911,6.967819653017212,13.26,149,1201,suburban
GLS,30457,0.0,1.0,1602.8520701787538,2344.3788154149365,31.629988309075316,6.068989648841514,10.08,128,1189,suburban
GLS,30459,0.0,1.0,1560.4676593764339,2084.898287419,25.153775184485625,7.274391190340525,9.13,113,1169,urban
GLS,30519,0.0,1.0,2519.1590779219346,3551.9496596439303,29.076723509238278,13.714884737746765,6.3,224,2084,urban
GLS,30539,0.0,1.0,1763.5047080312102,2580.3663075652257,31.656807684207728,19.21423828970633,5.29,145,1310,rural
GLS,30559,0.0,1.0,2453.3207899532595,3658.07773972127,32.93415382308982,19.484913733542943,8.92,208,2040,suburban
GLS,30625,0.0,1.0,1572.5048596951349,2259.1204653397162,30.39304969251966,8.86389555258122,10.34,105,1185,urban
GLS,30627,0.0,1.0,1057.467850006122,1778.1322716706136,40.52929206371153,3.390385523567528,11.43,78,774,suburban
GLS,30629,0.0,1.0,1611.570599358031,2143.7517893568083,24.824757821354318,14.669809711755615,12.94,116,1080,suburban
GLS,30655,0.0,1.0,1842.5998734552766,2960.5284409044616,37.76111561717172,4.462508901721823,13.05,124,1383,suburban
GLS,30657,0.0,1.0,1974.6375089464925,2873.29432340711,31.276183826340613,12.670949194485749,16.66,127,1325,rural
GLS,30659,0.0,1.0,1672.6325656562844,2313.189380462103,27.691499027972167,11.3882150903338,14.84,124,1138,suburban
GLS,30823,0.0,1.0,2577.185119036057,4081.0154973189988,36.84941601596159,12.528872220645557,21.76,209,1687,suburban
GLS,30826,0.0,1.0,2749.4030597431165,4802.849009920454,42.754747149782816,56.38950461206911,26.25,214,1480,rural
GLS,30827,0.0,1.0,2153.0446048333206,3413.7429042160657,36.93008919405583,10.610683695060027,22.43,133,1331,suburban
GLS,30851,0.0,1.0,1642.6146859998541,2060.2946146334557,20.27282533609449,4.12190647126244,17.37,95,1137,suburban
GLS,30853,0.0,1.0,1727.791634489436,2481.088173620477,30.361538422546605,8.711379660258004,18.94,117,1083,suburban
GLS,30855,0.0,1.0,6650.2663993757,8370.230959567252,20.548591412828547,58.08159729436245,22.3,262,5111,suburban
GLS,30880,0.0,1.0,3076.230543706553,4450.294123718125,30.875792516463417,33.96099660372796,1.58,305,2630,suburban
GLS,30890,0.0,1.0,3968.150963422516,6293.752660817818,36.95095474395574,102.53407734275534,23.44,436,2471,rural
GLS,30900,0.0,1.0,4318.570763791769,7176.610893793414,39.82437075519001,173.55971997363926,31.36,490,2487,rural
GLS,30916,0.0,1.0,3430.8070842894294,5182.054562818042,33.794462356572915,59.876286869182046,19.31,308,2276,suburban
GLS,30926,0.0,1.0,3633.996391781223,5707.156100114085,36.32561773264656,53.8021301528445,20.06,381,2421,rural
GLS,30938,0.0,1.0,3228.2492327909804,5298.987880460923,39.07800309008866,153.22446344831192,28.43,321,1873,rural
GLS,30952,0.0,1.0,2358.867244391019,4052.359581403284,41.790278058834765,37.755537878390655,11.4,259,1710,suburban
GLS,30966,0.0,1.0,2115.823614245919,3510.9395596477075,39.736256398038826,31.83238567652256,6.33,220,1619,rural
GLS,30974,0.0,1.0,1854.5565695936316,3101.933528043918,40.212884872387434,53.82702268136371,16.59,214,1120,rural
GLS,30982,0.0,1.0,1658.081970677351,2386.647671549595,30.526738804274505,66.6831619829418,6.34,209,1154,rural
GLS,30989,0.0,1.0,1875.4852639181365,3148.477695946504,40.4319977768074,43.13135688268341,16.28,231,1172,rural
GLS,31275,0.0,1.0,4623.103052735172,6805.937726269975,32.07250435321152,129.47251256919432,17.38,507,3227,suburban
GLS,31303,0.0,1.0,3694.8187741294078,5596.886925837495,33.98439484148538,112.90680951768702,24.81,407,2208,rural
GLS,31311,0.0,1.0,2893.5867095479753,4871.049261225609,40.59623390423448,139.34872865781722,30.96,326,1483,rural
GLS,31319,0.0,1.0,2740.31127042353,4437.068207504176,38.24049705188241,101.18549289373648,11.04,357,1985,rural
GLS,31515,0.0,1.0,5412.616432454142,8050.858133283889,32.76969556726777,125.1818077488354,33.59,472,3284,rural
GLS,31535,0.0,1.0,6433.886855580884,10569.427946070218,39.127388081839904,357.6158854957556,38.52,705,3227,rural
GLS,31832,0.0,1.0,3489.7333103375468,5153.98445539914,32.29057362247532,159.3824695169613,16.88,440,2069,rural
Hermes,30159,0.0,1.0,5087.072062702289,6103.311963748475,16.65063013462679,6.211813374113814,9.13,207,4412,urban
Hermes,30161,0.0,1.0,2704.1835377883244,3205.3444612983394,15.635165878771652,1.7979843382791898,7.9,80,2187,urban
Hermes,30163,0.0,1.0,2647.1843127794064,3151.45637345559,16.001238821632374,2.603733329707664,6.63,93,2318,urban
Hermes,30165,0.0,1.0,2189.8081360236715,3165.918762514473,30.831827968811922,4.951012974183712,5.34,89,1888,urban
Hermes,30167,0.0,1.0,3266.375344897304,4309.333549458941,24.202308607385145,5.368928981069905,7.27,135,2918,urban
Hermes,30173,0.0,1.0,2352.051945809825,3377.006730770633,30.350984367949813,4.775461708125837,11.08,82,1982,urban
Hermes,30177,0.0,1.0,2018.2218748423097,2975.551858278056,32.17319102580691,3.576189607493106,7.86,76,1604,urban
Hermes,30179,0.0,1.0,1749.9901367360142,2972.7332058248016,41.13194775410498,8.305970462175056,5.02,88,1492,suburban
Hermes,30419,0.0,1.0,4177.856377041049,5546.714589306118,24.67872089370133,23.77191867081394,4.3,253,3791,suburban
Hermes,30449,0.0,1.0,3366.922276099258,4264.762288981972,21.05252185338177,5.186686836161483,9.65,147,2752,urban
Hermes,30453,0.0,1.0,2372.0505796845937,3456.6569376644593,31.37732142758418,9.157258958740025,8.55,127,1923,suburban
Hermes,30455,0.0,1.0,2441.2808815431695,3386.0721023475717,27.902277100046874,6.967819653017212,9.92,152,1769,suburban
Hermes,30457,0.0,1.0,2826.2000405843755,3390.4448760059295,16.642206437706648,6.068989648841514,13.07,130,1718,suburban
Hermes,30459,0.0,1.0,2412.3257994887367,3359.004573372854,28.183313038289054,7.274391190340525,11.99,121,1718,urban
Hermes,30519,0.0,1.0,3727.0326244419475,5162.317584328793,27.803112389751625,13.714884737746765,13.8,229,2920,urban
Hermes,30539,0.0,1.0,2652.5583144537286,3748.1337976976,29.229892591263965,19.21423828970633,16.65,149,1846,rural
Hermes,30559,0.0,1.0,3754.016501039262,5370.925287647466,30.104845999755668,19.484913733542943,14.22,216,2928,suburban
Hermes,30625,0.0,1.0,2399.123926089953,3247.4589705680532,26.12304118902255,8.86389555258122,10.86,112,1721,urban
Hermes,30627,0.0,1.0,1602.0384974192561,1976.5200916772521,18.9465108821745,3.390385523567528,11.3,80,1110,suburban
Hermes,30629,0.0,1.0,2192.0664239536327,3288.097282907375,33.33328562543681,14.669809711755615,13.03,120,1544,suburban
Hermes,30655,0.0,1.0,2365.3307440883063,3426.8003677575816,30.975531392389698,4.462508901721823,9.19,134,1982,suburban
Hermes,30657,0.0,1.0,2293.5246477015585,3245.628188162223,29.33495413717662,12.670949194485749,6.89,133,1834,rural
Hermes,30659,0.0,1.0,2107.4225659258927,3215.6998845024846,34.46457562528595,11.3882150903338,10.33,126,1587,suburban
Hermes,30823,0.0,1.0,2895.1333571463438,3936.6042296322357,26.45607258779956,12.528872220645557,8.05,216,2384,suburban
Hermes,30826,0.0,1.0,2816.4126729115933,4191.43021519428,32.80544997023056,56.38950461206911,9.0,221,2156,rural
Hermes,30827,0.0,1.0,2283.0386434168686,3247.3865843141566,29.69612381708342,10.610683695060027,5.18,139,1865,suburban
Hermes,30851,0.0,1.0,1865.590815780894,2857.2114343496014,34.705888638389624,4.12190647126244,3.44,95,1650,suburban
Hermes,30853,0.0,1.0,1744.9153160869123,2627.454020793578,33.58912078850041,8.711379660258004,3.75,121,1477,suburban
Hermes,30855,0.0,1.0,7321.037782672454,8658.56494813409,15.447446239343288,58.08159729436245,2.52,261,7102,suburban
Hermes,30880,0.0,1.0,5101.909531418525,6718.354835871605,24.06013591039168,33.96099660372796,20.27,312,3668,suburban
Hermes,30890,0.0,1.0,5289.810161026564,7568.635969962485,30.10880451880442,102.53407734275534,19.74,454,3618,rural
Hermes,30900,0.0,1.0,5006.597224101248,7696.514876914835,34.94981424490986,173.55971997363926,12.32,527,3644,rural
Hermes,30916,0.0,1.0,4149.186937123307,5798.014253899346,28.43779343362516,59.876286869182046,10.8,310,3232,suburban
Hermes,30926,0.0,1.0,4454.725886592175,5981.497888198291,25.52491081905239,53.8021301528445,10.52,393,3537,rural
Hermes,30938,0.0,1.0,4043.757438920047,6007.684029332934,32.69024437410288,153.22446344831192,16.57,334,2656,rural
Hermes,30952,0.0,1.0,3409.684208480883,5277.6182452376,35.393504227826575,37.755537878390655,15.6,274,2488,suburban
Hermes,30966,0.0,1.0,3277.6828447354064,4601.173469262583,28.764197511103376,31.83238567652256,16.87,229,2313,rural
Hermes,30974,0.0,1.0,2726.0926607073316,4626.2307003590395,41.073136268458015,53.82702268136371,22.19,228,1616,rural
Hermes,30982,0.0,1.0,2821.6334465094787,4596.833861562218,38.61789371803495,66.6831619829418,23.78,220,1680,rural
Hermes,30989,0.0,1.0,2513.734967809738,4185.515150068637,39.94204111843876,43.13135688268341,15.58,242,1681,rural
Hermes,31275,0.0,1.0,6516.5659774568885,9418.194923082388,30.808758677462734,129.47251256919432,23.26,528,4698,suburban
Hermes,31303,0.0,1.0,4772.53086427083,6888.21710469868,30.71456965235127,112.90680951768702,22.27,425,3161,rural
Hermes,31311,0.0,1.0,3994.922323488293,6231.959144058387,35.89620485081177,139.34872865781722,32.49,345,2196,rural
Hermes,31319,0.0,1.0,4352.254233289955,6653.523191455497,34.58722382031897,101.18549289373648,23.57,378,2907,rural
Hermes,31515,0.0,1.0,6563.092858656582,9098.73098096226,27.86804146216789,125.1818077488354,20.37,503,4758,rural
Hermes,31535,0.0,1.0,7680.152803711235,11828.260970846719,35.069467754891306,357.6158854957556,19.5,777,4780,rural
Hermes,31832,0.0,1.0,5136.231294737025,8226.290929342216,37.56321848019392,159.3824695169613,28.44,458,3015,rural
UPS,30159,0.0,1.0,12618.90853409572,14124.871351764605,10.661780770702352,10.98727508223965,10.54,282,11805,urban
UPS,30161,0.0,1.0,5166.4306076993325,5917.055804797465,12.685788707443587,1.7979843382791898,8.59,80,4726,urban
UPS,30163,0.0,1.0,5708.728077475442,6504.720392897118,12.237148829500281,14.485893399375826,6.02,215,5283,urban
UPS,30165,0.0,1.0,3073.7685097189296,3773.2492250252108,18.537888000271373,4.951012974183712,6.57,77,2701,urban
UPS,30167,0.0,1.0,5135.6836946508265,6006.644999548211,14.49996304031441,5.368928981069905,8.81,137,4551,urban
UPS,30419,0.0,1.0,2517.0145627938614,3598.2785262855646,30.049479371678093,23.77191867081394,7.09,153,2053,suburban
UPS,30449,0.0,1.0,5796.116456617054,6798.755020154903,14.747384786854772,12.46107802650201,12.33,209,4685,urban
UPS,30453,0.0,1.0,2371.711267381871,3375.021836857729,29.727528234601802,9.157258958740025,10.59,118,1821,suburban
UPS,30455,0.0,1.0,1143.3134433483906,1985.0500139571805,42.40379661421201,6.967819653017212,12.14,99,812,suburban
UPS,30457,0.0,1.0,1439.0137310286118,2069.491599260607,30.465350449224047,6.068989648841514,14.87,93,1021,suburban
UPS,30519,0.0,1.0,3837.788103323379,4937.054841641878,22.265637583092442,13.714884737746765,14.32,178,3064,urban
UPS,30539,0.0,1.0,3478.109013860415,4533.06046911727,23.2723887634856,19.21423828970633,16.42,96,2701,rural
UPS,30559,0.0,1.0,3762.3204633300647,5027.435680366569,25.164224814990764,19.484913733542943,13.47,141,3087,suburban
UPS,30625,0.0,1.0,3359.090316255599,4315.013444156701,22.153421774284208,12.254281076148748,10.42,148,2727,urban
UPS,30655,0.0,1.0,1526.4747918806788,2121.9137816651596,28.061413000353554,4.462508901721823,8.22,93,1218,suburban
UPS,30657,0.0,1.0,3947.9965420783747,4786.350272484361,17.51551145818749,12.670949194485749,5.0,96,3745,rural
UPS,30659,0.0,1.0,2897.5568625098203,3729.581575766453,22.308795138383488,26.058024802089417,10.16,158,2385,suburban
UPS,30823,0.0,1.0,1883.8743151157125,2901.0492307771306,35.06231141720191,12.528872220645557,11.23,141,1337,suburban
UPS,30826,0.0,1.0,1633.6359028832808,2179.7117952412614,25.052664923416547,56.38950461206911,11.69,77,1105,rural
UPS,30827,0.0,1.0,2448.1918660812457,3291.825156956803,25.628131831141108,10.610683695060027,8.21,92,2105,suburban
UPS,30853,0.0,1.0,3841.2690495617917,4885.572256538386,21.375248428247026,12.833286131520444,2.1,167,3668,suburban
UPS,30855,0.0,1.0,11183.42505845597,12372.313669298126,9.609266646644926,59.06346106841505,2.73,226,11475,suburban
UPS,30880,0.0,1.0,5376.607860328531,7164.597554373629,24.955898506171067,33.96099660372796,20.44,221,4190,suburban
UPS,30890,0.0,1.0,2907.3258246059504,4686.02421265492,37.95751595233922,102.53407734275534,22.83,246,1795,rural
UPS,30900,0.0,1.0,3349.3147045892156,5252.628048739307,36.23544874088142,173.55971997363926,10.9,296,2208,rural
UPS,30916,0.0,1.0,4597.168322235965,6109.051569407693,24.748248234517906,59.876286869182046,7.96,236,4019,suburban
UPS,30926,0.0,1.0,2351.422564542951,3963.3498677038015,40.67083040778162,53.8021301528445,13.64,194,1634,rural
UPS,30938,0.0,1.0,4619.148164742872,6063.945568650633,23.826028574152613,153.22446344831192,13.43,195,3590,rural
UPS,30952,0.0,1.0,2167.0991211827873,3731.55368849277,41.92501831433891,37.755537878390655,17.72,163,1329,suburban
UPS,30966,0.0,1.0,2105.216924697074,3533.856164661857,40.427203977654955,31.83238567652256,18.2,136,1386,rural
UPS,30974,0.0,1.0,1820.4715592973985,3208.8293030723075,43.26679959091685,53.82702268136371,24.68,134,1072,rural
UPS,30982,0.0,1.0,1685.4843353726524,3007.173952156455,43.95121924476681,66.6831619829418,24.88,141,878,rural
UPS,30989,0.0,1.0,1928.225996751538,3364.1454124269208,42.683036540905626,43.13135688268341,18.29,160,1191,rural
UPS,31275,0.0,1.0,4165.095112360039,6734.00020753597,38.14827763594495,129.47251256919432,21.19,339,2904,suburban
UPS,31303,0.0,1.0,2868.7100089188043,4633.075702530725,38.08195261407387,112.90680951768702,19.35,259,1804,rural
UPS,31311,0.0,1.0,2155.196628599516,3968.942591958489,45.69846807645494,139.34872865781722,29.65,195,1062,rural
UPS,31319,0.0,1.0,1953.1513629067244,3441.882252785476,43.253393943791615,101.18549289373648,22.42,153,1055,rural
UPS,31515,0.0,1.0,4563.674062003578,6718.456041625136,32.072576887774574,125.1818077488354,23.29,321,3281,rural
UPS,31535,0.0,1.0,4395.842121678152,8009.28273019456,45.11565804630587,357.6158854957556,20.99,322,2571,rural
UPS,31832,0.0,1.0,3001.6840502998552,5227.687081644636,42.581030512723,159.3824695169613,30.54,251,1605,rural
DHL,30159,0.4,1.0,21973.50194568585,21973.50194568585,0.0,6.211813374113814,2.18,221,23058,urban
DHL,30161,0.4,1.0,10909.00812046849,10909.00812046849,0.0,1.7979843382791898,1.04,84,11554,urban
DHL,30163,0.4,1.0,9914.04927442146,9914.04927442146,0.0,2.603733329707664,1.7,95,10484,urban
DHL,30165,0.4,1.0,8565.397376626115,8565.397376626115,0.0,4.951012974183712,1.88,94,8599,urban
DHL,30167,0.4,1.0,13540.33589751315,13540.33589751315,0.0,5.368928981069905,1.39,142,13892,urban
DHL,30169,0.4,1.0,5441.748523674446,5441.748523674446,0.0,2.9960433745102675,2.4,76,5294,urban
DHL,30173,0.4,1.0,8900.020227394843,8900.020227394843,0.0,4.775461708125837,3.83,88,8547,urban
DHL,30177,0.4,1.0,6717.193405547422,6717.193405547422,0.0,3.576189607493106,2.83,80,6260,urban
DHL,30179,0.4,1.0,7015.019470078845,7015.019470078845,0.0,8.305970462175056,3.55,96,6322,suburban
DHL,30419,0.4,1.0,15260.397562746597,15260.397562746597,0.0,23.77191867081394,5.16,274,14775,suburban
DHL,30449,0.4,1.0,7432.014762814106,7432.014762814106,0.0,2.190643461651216,1.56,91,7431,urban
DHL,30453,0.4,1.0,8728.871611104647,8728.871611104647,0.0,9.157258958740025,2.98,148,8150,suburban
DHL,30455,0.4,1.0,7560.480077937329,7560.480077937329,0.0,6.967819653017212,3.04,160,6748,suburban
DHL,30457,0.4,1.0,7333.849598031452,7333.849598031452,0.0,6.068989648841514,2.4,139,6736,suburban
DHL,30459,0.4,1.0,6748.368740605874,6748.368740605874,0.0,7.274391190340525,1.24,125,6561,urban
DHL,30519,0.4,1.0,13335.327593044716,13335.327593044716,0.0,13.714884737746765,5.03,248,12645,urban
DHL,30539,0.4,1.0,9296.282509988963,9296.282509988963,0.0,19.21423828970633,3.99,164,8372,rural
DHL,30559,0.4,1.0,12462.482929522981,12462.482929522981,0.0,19.484913733542943,1.93,224,12320,suburban
DHL,30625,0.4,1.0,8084.182917612831,8084.182917612831,0.0,8.86389555258122,4.99,117,7084,urban
DHL,30627,0.4,1.0,5566.459185356654,5566.459185356654,0.0,3.390385523567528,4.61,82,4809,suburban
DHL,30629,0.4,1.0,6830.019894903581,6830.019894903581,0.0,14.669809711755615,4.28,124,5907,suburban
DHL,30655,0.4,1.0,8770.048460462032,8770.048460462032,0.0,4.462508901721823,5.25,139,7945,suburban
DHL,30657,0.4,1.0,9997.913539537092,9997.913539537092,0.0,12.670949194485749,6.56,140,9056,rural
DHL,30659,0.4,1.0,7841.281218861646,7841.281218861646,0.0,11.3882150903338,7.01,131,6829,suburban
DHL,30823,0.4,1.0,10202.29191336214,10202.29191336214,0.0,12.528872220645557,3.26,227,9437,suburban
DHL,30826,0.4,1.0,9289.171862330428,9289.171862330428,0.0,56.38950461206911,1.44,239,8281,rural
DHL,30827,0.4,1.0,8499.259441991915,8499.259441991915,0.0,10.610683695060027,3.25,153,8048,suburban
DHL,30851,0.4,1.0,7091.396611882496,7091.396611882496,0.0,4.12190647126244,5.02,97,6654,suburban
DHL,30853,0.4,1.0,8087.121413003322,8087.121413003322,0.0,8.711379660258004,6.98,132,7164,suburban
DHL,30855,0.4,1.0,33181.974645551454,33181.974645551454,0.0,59.06346106841505,5.9,278,32854,suburban
DHL,30880,0.4,1.0,17626.17972557684,17626.17972557684,0.0,33.96099660372796,5.11,360,16161,suburban
DHL,30890,0.4,1.0,16098.044263724361,16098.044263724361,0.0,102.53407734275534,4.73,504,13989,rural
DHL,30900,0.4,1.0,17593.529073393336,17593.529073393336,0.0,173.55971997363926,4.94,590,14609,rural
DHL,30916,0.4,1.0,17062.590954336305,17062.590954336305,0.0,59.876286869182046,11.0,355,14499,suburban
DHL,30926,0.4,1.0,14775.4174568136,14775.4174568136,0.0,53.8021301528445,0.37,429,13519,rural
DHL,30938,0.4,1.0,14888.20103197316,14888.20103197316,0.0,153.22446344831192,10.53,355,12030,rural
DHL,30952,0.4,1.0,11029.332668750209,11029.332668750209,0.0,37.755537878390655,5.68,286,9709,suburban
DHL,30966,0.4,1.0,10564.896592403224,10564.896592403224,0.0,31.83238567652256,5.52,237,9182,rural
DHL,30974,0.4,1.0,7602.589230059956,7602.589230059956,0.0,53.82702268136371,1.4,244,6515,rural
DHL,30982,0.4,1.0,8026.683955967339,8026.683955967339,0.0,66.6831619829418,2.77,239,6551,rural
DHL,30989,0.4,1.0,8197.588934134921,8197.588934134921,0.0,43.13135688268341,5.72,271,6841,rural
DHL,31275,0.4,1.0,20490.51279819747,20490.51279819747,0.0,129.47251256919432,2.93,571,18743,suburban
DHL,31303,0.4,1.0,14494.326252546625,14494.326252546625,0.0,112.90680951768702,1.84,468,12605,rural
DHL,31311,0.4,1.0,10485.698502104207,10485.698502104207,0.0,139.34872865781722,3.81,380,8577,rural
DHL,31319,0.4,1.0,12204.762656945873,12204.762656945873,0.0,101.18549289373648,0.58,411,10967,rural
DHL,31515,0.4,1.0,21088.897809861297,21088.897809861297,0.0,125.1818077488354,5.28,537,19286,rural
DHL,31535,0.4,1.0,22512.716761824166,22512.716761824166,0.0,357.6158854957556,5.5,880,18533,rural
DHL,31832,0.4,1.0,14457.781202836444,14457.781202836444,0.0,159.3824695169613,4.65,515,11902,rural
Amazon,30159,0.4,1.0,11555.196270293998,11555.196270293998,0.0,6.211813374113814,13.81,221,9019,urban
Amazon,30161,0.4,1.0,6224.7449789257325,6224.7449789257325,0.0,1.7979843382791898,12.74,83,4512,urban
Amazon,30163,0.4,1.0,5889.0064831046275,5889.0064831046275,0.0,2.603733329707664,12.41,93,4469,urban
Amazon,30165,0.4,1.0,4750.233821598029,4750.233821598029,0.0,4.951012974183712,10.52,92,3574,urban
Amazon,30167,0.4,1.0,7175.254343343608,7175.254343343608,0.0,5.368928981069905,10.65,139,5730,urban
Amazon,30173,0.4,1.0,5164.654397653723,5164.654397653723,0.0,4.775461708125837,15.11,87,3759,urban
Amazon,30177,0.4,1.0,4343.242376782357,4343.242376782357,0.0,3.576189607493106,13.99,79,2906,urban
Amazon,30179,0.4,1.0,4390.652005410074,4390.652005410074,0.0,8.305970462175056,12.08,95,2781,suburban
Amazon,30419,0.4,1.0,8519.368501277868,8519.368501277868,0.0,23.77191867081394,6.74,265,6859,suburban
Amazon,30449,0.4,1.0,7005.60345798299,7005.60345798299,0.0,5.186686836161483,12.61,159,5275,urban
Amazon,30453,0.4,1.0,4970.930164967193,4970.930164967193,0.0,9.157258958740025,9.82,139,3593,suburban
Amazon,30455,0.4,1.0,4820.378887430032,4820.378887430032,0.0,6.967819653017212,9.84,158,3165,suburban
Amazon,30457,0.4,1.0,4934.7989617734975,4934.7989617734975,0.0,6.068989648841514,13.37,135,3134,suburban
Amazon,30459,0.4,1.0,4858.408897775894,4858.408897775894,0.0,7.274391190340525,13.92,124,3087,urban
Amazon,30519,0.4,1.0,8140.269152347262,8140.269152347262,0.0,13.714884737746765,17.38,242,5508,urban
Amazon,30539,0.4,1.0,5821.859629336905,5821.859629336905,0.0,19.21423828970633,21.37,157,3516,rural
Amazon,30559,0.4,1.0,8252.52270516162,8252.52270516162,0.0,19.484913733542943,20.15,222,5369,suburban
Amazon,30625,0.4,1.0,4932.584335545381,4932.584335545381,0.0,8.86389555258122,16.66,114,3180,urban
Amazon,30627,0.4,1.0,3472.360903435115,3472.360903435115,0.0,3.390385523567528,17.89,79,2090,suburban
Amazon,30629,0.4,1.0,4629.145185289602,4629.145185289602,0.0,14.669809711755615,20.32,122,2757,suburban
Amazon,30655,0.4,1.0,5061.237427944449,5061.237427944449,0.0,4.462508901721823,16.14,137,3642,suburban
Amazon,30657,0.4,1.0,5227.080664344542,5227.080664344542,0.0,12.670949194485749,15.05,138,3559,rural
Amazon,30659,0.4,1.0,4975.003626465991,4975.003626465991,0.0,11.3882150903338,18.11,130,3002,suburban
Amazon,30823,0.4,1.0,5705.037154540299,5705.037154540299,0.0,12.528872220645557,1.29,222,4370,suburban
Amazon,30826,0.4,1.0,5673.254342811335,5673.254342811335,0.0,56.38950461206911,3.98,233,3852,rural
Amazon,30827,0.4,1.0,4536.061456785562,4536.061456785562,0.0,10.610683695060027,3.78,150,3498,suburban
Amazon,30851,0.4,1.0,4490.007090916008,4490.007090916008,0.0,4.12190647126244,11.33,96,3032,suburban
Amazon,30853,0.4,1.0,4319.068900643669,4319.068900643669,0.0,8.711379660258004,12.37,128,2911,suburban
Amazon,30855,0.4,1.0,16244.345238115564,16244.345238115564,0.0,59.06346106841505,9.96,271,13592,suburban
Amazon,30880,0.4,1.0,11278.054808972109,11278.054808972109,0.0,33.96099660372796,23.78,345,6971,suburban
Amazon,30890,0.4,1.0,10080.548522471709,10080.548522471709,0.0,102.53407734275534,12.55,490,6502,rural
Amazon,30900,0.4,1.0,12085.38072969665,12085.38072969665,0.0,173.55971997363926,17.55,570,6667,rural
Amazon,30916,0.4,1.0,9904.82527723206,9904.82527723206,0.0,59.876286869182046,19.41,344,6164,suburban
Amazon,30926,0.4,1.0,8752.96361616949,8752.96361616949,0.0,53.8021301528445,4.34,415,6338,rural
Amazon,30938,0.4,1.0,9384.90809448861,9384.90809448861,0.0,153.22446344831192,24.95,346,5072,rural
Amazon,30952,0.4,1.0,7076.623355325187,7076.623355325187,0.0,37.755537878390655,14.14,275,4476,suburban
Amazon,30966,0.4,1.0,6955.194722247112,6955.194722247112,0.0,31.83238567652256,17.79,233,4221,rural
Amazon,30974,0.4,1.0,5436.138154721389,5436.138154721389,0.0,53.82702268136371,18.26,240,2971,rural
Amazon,30982,0.4,1.0,6084.06789519755,6084.06789519755,0.0,66.6831619829418,24.57,233,3044,rural
Amazon,30989,0.4,1.0,5499.955907320829,5499.955907320829,0.0,43.13135688268341,11.39,265,3112,rural
Amazon,31275,0.4,1.0,14129.512676709497,14129.512676709497,0.0,129.47251256919432,30.8,550,8588,suburban
Amazon,31303,0.4,1.0,10291.231205914351,10291.231205914351,0.0,112.90680951768702,30.88,449,5793,rural
Amazon,31311,0.4,1.0,8790.113460938559,8790.113460938559,0.0,139.34872865781722,40.99,367,3965,rural
Amazon,31319,0.4,1.0,9320.815628099372,9320.815628099372,0.0,101.18549289373648,29.57,396,5228,rural
Amazon,31515,0.4,1.0,12450.58174407703,12450.58174407703,0.0,125.1818077488354,12.09,525,8733,rural
Amazon,31535,0.4,1.0,15851.91067139521,15851.91067139521,0.0,357.6158854957556,16.13,834,8625,rural
Amazon,31832,0.4,1.0,11355.500473785536,11355.500473785536,0.0,159.3824695169613,25.63,491,5466,rural
DPD,30159,0.4,1.0,6656.069904499083,6656.069904499083,0.0,6.211813374113814,13.32,219,4783,urban
DPD,30161,0.4,1.0,3438.6384541878197,3438.6384541878197,0.0,1.7979843382791898,14.05,84,2359,urban
DPD,30163,0.4,1.0,3176.704105051865,3176.704105051865,0.0,2.603733329707664,14.01,92,2106,urban
DPD,30165,0.4,1.0,3109.5847921201566,3109.5847921201566,0.0,4.951012974183712,15.88,91,1757,urban
DPD,30167,0.4,1.0,4548.61275587726,4548.61275587726,0.0,5.368928981069905,16.37,138,2824,urban
DPD,30173,0.4,1.0,3042.0725720869623,3042.0725720869623,0.0,4.775461708125837,13.13,86,1708,urban
DPD,30177,0.4,1.0,2301.8161532682093,2301.8161532682093,0.0,3.576189607493106,12.44,75,1250,urban
DPD,30179,0.4,1.0,2402.9493976963904,2402.9493976963904,0.0,8.305970462175056,14.42,89,1256,suburban
DPD,30419,0.4,1.0,5350.888005691542,5350.888005691542,0.0,23.77191867081394,19.64,257,2858,suburban
DPD,30449,0.4,1.0,4115.648431001423,4115.648431001423,0.0,5.186686836161483,15.53,161,2554,urban
DPD,30453,0.4,1.0,3546.158276962033,3546.158276962033,0.0,9.157258958740025,18.23,137,1619,suburban
DPD,30455,0.4,1.0,3189.32194545774,3189.32194545774,0.0,6.967819653017212,19.47,151,1318,suburban
DPD,30457,0.4,1.0,3071.8681502213976,3071.8681502213976,0.0,6.068989648841514,18.69,130,1335,suburban
DPD,30459,0.4,1.0,2692.648089162524,2692.648089162524,0.0,7.274391190340525,16.25,119,1284,urban
DPD,30519,0.4,1.0,4359.743796141659,4359.743796141659,0.0,12.113461405690837,12.99,227,2540,urban
DPD,30539,0.4,1.0,3283.465182476126,3283.465182476126,0.0,19.21423828970633,9.52,156,1695,rural
DPD,30559,0.4,1.0,3964.267070732265,3964.267070732265,0.0,19.484913733542943,7.42,213,2467,suburban
DPD,30625,0.4,1.0,2879.61806243138,2879.61806243138,0.0,8.86389555258122,10.22,108,1405,urban
DPD,30627,0.4,1.0,1734.323815852828,1734.323815852828,0.0,3.390385523567528,8.59,77,971,suburban
DPD,30629,0.4,1.0,2209.7242260325893,2209.7242260325893,0.0,14.669809711755615,6.08,121,1173,suburban
DPD,30655,0.4,1.0,2902.8311877698657,2902.8311877698657,0.0,4.462508901721823,10.23,132,1537,suburban
DPD,30657,0.4,1.0,3254.827165454566,3254.827165454566,0.0,12.670949194485749,12.26,136,1866,rural
DPD,30659,0.4,1.0,2732.1680399331904,2732.1680399331904,0.0,11.3882150903338,8.73,122,1368,suburban
DPD,30823,0.4,1.0,4031.85332034608,4031.85332034608,0.0,12.528872220645557,25.25,211,1867,suburban
DPD,30826,0.4,1.0,4659.6772590054525,4659.6772590054525,0.0,56.38950461206911,27.87,212,1639,rural
DPD,30827,0.4,1.0,3693.9834286058103,3693.9834286058103,0.0,10.610683695060027,23.76,145,1601,suburban
DPD,30851,0.4,1.0,2392.8715311930196,2392.8715311930196,0.0,4.12190647126244,15.63,96,1281,suburban
DPD,30853,0.4,1.0,3054.623065805542,3054.623065805542,0.0,8.711379660258004,15.68,120,1470,suburban
DPD,30855,0.4,1.0,9651.557570967712,9651.557570967712,0.0,59.06346106841505,19.88,265,6668,suburban
DPD,30880,0.4,1.0,5651.747006229777,5651.747006229777,0.0,33.96099660372796,12.89,328,3235,suburban
DPD,30890,0.4,1.0,6923.102121964851,6923.102121964851,0.0,102.53407734275534,32.64,451,2726,rural
DPD,30900,0.4,1.0,7912.531093330155,7912.531093330155,0.0,173.55971997363926,25.52,515,2839,rural
DPD,30916,0.4,1.0,5505.336403799816,5505.336403799816,0.0,59.876286869182046,10.68,308,2914,suburban
DPD,30926,0.4,1.0,6146.851473398595,6146.851473398595,0.0,53.8021301528445,25.6,384,2637,rural
DPD,30938,0.4,1.0,5614.10632319326,5614.10632319326,0.0,153.22446344831192,17.56,317,2412,rural
DPD,30952,0.4,1.0,4651.5791758270425,4651.5791758270425,0.0,37.755537878390655,21.73,266,1895,suburban
DPD,30966,0.4,1.0,4054.5734078226283,4054.5734078226283,0.0,31.83238567652256,17.93,217,1807,rural
DPD,30974,0.4,1.0,4049.5746175540357,4049.5746175540357,0.0,53.82702268136371,28.84,224,1280,rural
DPD,30982,0.4,1.0,3635.1428609264503,3635.1428609264503,0.0,66.6831619829418,20.59,218,1278,rural
DPD,30989,0.4,1.0,4189.963023652114,4189.963023652114,0.0,43.13135688268341,25.63,242,1356,rural
DPD,31275,0.4,1.0,6310.744546848563,6310.744546848563,0.0,129.47251256919432,4.47,516,3643,suburban
DPD,31303,0.4,1.0,5298.7418231419815,5298.7418231419815,0.0,112.90680951768702,10.77,417,2491,rural
DPD,31311,0.4,1.0,4503.622414154428,4503.622414154428,0.0,139.34872865781722,17.19,336,1650,rural
DPD,31319,0.4,1.0,4393.641206526262,4393.641206526262,0.0,101.18549289373648,7.08,368,2115,rural
DPD,31515,0.4,1.0,8672.940895409381,8672.940895409381,0.0,125.1818077488354,38.45,488,3812,rural
DPD,31535,0.4,1.0,10736.90548199021,10736.90548199021,0.0,357.6158854957556,38.17,720,3582,rural
DPD,31832,0.4,1.0,6479.205569246742,6479.205569246742,0.0,159.3824695169613,30.86,456,2309,rural
FedEx,30159,0.4,1.0,12214.299279183924,12214.299279183924,0.0,10.98727508223965,11.75,273,9864,urban
FedEx,30161,0.4,1.0,5224.187237195072,5224.187237195072,0.0,1.7979843382791898,9.67,80,3810,urban
FedEx,30163,0.4,1.0,8257.65060106912,8257.65060106912,0.0,19.436906373559538,7.51,263,6210,urban
FedEx,30167,0.4,1.0,5175.6698343295675,5175.6698343295675,0.0,5.368928981069905,8.96,132,3775,urban
FedEx,30419,0.4,1.0,3306.0595520416546,3306.0595520416546,0.0,23.77191867081394,5.53,136,1709,suburban
FedEx,30449,0.4,1.0,5430.5021475969215,5430.5021475969215,0.0,12.46107802650201,12.7,204,3703,urban
FedEx,30453,0.4,1.0,3326.3835685835006,3326.3835685835006,0.0,9.157258958740025,10.07,106,1516,suburban
FedEx,30455,0.4,1.0,1959.2973539377524,1959.2973539377524,0.0,6.967819653017212,11.34,85,612,suburban
FedEx,30457,0.4,1.0,1996.1328134447208,1996.1328134447208,0.0,6.068989648841514,14.63,82,778,suburban
FedEx,30519,0.4,1.0,4147.606607808722,4147.606607808722,0.0,13.714884737746765,15.57,154,2372,urban
FedEx,30539,0.4,1.0,4110.789837016759,4110.789837016759,0.0,19.21423828970633,18.41,81,2429,rural
FedEx,30559,0.4,1.0,5375.733073538704,5375.733073538704,0.0,34.15472344529856,15.2,165,3144,suburban
FedEx,30625,0.4,1.0,3602.9465575642243,3602.9465575642243,0.0,12.254281076148748,12.66,134,2229,urban
FedEx,30655,0.4,1.0,3651.3066283117864,3651.3066283117864,0.0,15.85072399205562,11.41,144,2242,suburban
FedEx,30657,0.4,1.0,4510.957538899967,4510.957538899967,0.0,12.670949194485749,8.22,82,3429,rural
FedEx,30823,0.4,1.0,2013.2163655803622,2013.2163655803622,0.0,12.528872220645557,8.07,113,878,suburban
FedEx,30827,0.4,1.0,4491.66174623818,4491.66174623818,0.0,67.00018830712914,7.42,137,2757,suburban
FedEx,30853,0.4,1.0,4558.287686101956,4558.287686101956,0.0,12.833286131520444,4.82,152,3029,suburban
FedEx,30855,0.4,1.0,11164.944696921486,11164.944696921486,0.0,59.06346106841505,1.5,210,9970,suburban
FedEx,30880,0.4,1.0,6033.650689518244,6033.650689518244,0.0,33.96099660372796,22.05,184,3498,suburban
FedEx,30890,0.4,1.0,3937.614024274669,3937.614024274669,0.0,102.53407734275534,20.22,167,1281,rural
FedEx,30900,0.4,1.0,4467.0239843658765,4467.0239843658765,0.0,173.55971997363926,10.92,207,1597,rural
FedEx,30916,0.4,1.0,5459.16940205895,5459.16940205895,0.0,59.876286869182046,11.65,204,3245,suburban
FedEx,30926,0.4,1.0,3230.0558047592294,3230.0558047592294,0.0,53.8021301528445,10.98,152,1266,rural
FedEx,30938,0.4,1.0,5737.710883078335,5737.710883078335,0.0,153.22446344831192,16.47,151,3131,rural
FedEx,30952,0.4,1.0,2694.734755168253,2694.734755168253,0.0,37.755537878390655,17.01,132,979,suburban
FedEx,30966,0.4,1.0,2504.2719321468335,2504.2719321468335,0.0,31.83238567652256,18.53,102,1063,rural
FedEx,30974,0.4,1.0,2454.671117478426,2454.671117478426,0.0,53.82702268136371,23.36,94,802,rural
FedEx,30982,0.4,1.0,2716.2138956601093,2716.2138956601093,0.0,66.6831619829418,25.47,105,618,rural
FedEx,30989,0.4,1.0,2473.2391948618315,2473.2391948618315,0.0,43.13135688268341,16.61,128,876,rural
FedEx,31275,0.4,1.0,5422.493872435705,5422.493872435705,0.0,129.47251256919432,24.61,246,2133,suburban
FedEx,31303,0.4,1.0,3973.889348501275,3973.889348501275,0.0,112.90680951768702,23.03,195,1243,rural
FedEx,31311,0.4,1.0,3062.8021398398528,3062.8021398398528,0.0,139.34872865781722,33.34,113,675,rural
FedEx,31319,0.4,1.0,2817.067630852216,2817.067630852216,0.0,101.18549289373648,25.21,119,751,rural
FedEx,31515,0.4,1.0,5470.280769208987,5470.280769208987,0.0,125.1818077488354,19.63,249,2478,rural
FedEx,31535,0.4,1.0,6228.495098699879,6228.495098699879,0.0,357.6158854957556,17.87,237,2005,rural
FedEx,31832,0.4,1.0,4547.708372184966,4547.708372184966,0.0,159.3824695169613,29.81,182,1068,rural
GLS,30159,0.4,1.0,4840.335510593373,4840.335510593373,0.0,6.211813374113814,11.0,208,3332,urban
GLS,30161,0.4,1.0,3003.1123197883485,3003.1123197883485,0.0,1.7979843382791898,12.21,80,1649,urban
GLS,30163,0.4,1.0,4530.9209569497225,4530.9209569497225,0.0,6.17992293720077,13.11,162,2801,urban
GLS,30165,0.4,1.0,2518.402065806431,2518.402065806431,0.0,4.951012974183712,14.79,86,1358,urban
GLS,30167,0.4,1.0,3486.1823236641876,3486.1823236641876,0.0,5.368928981069905,13.23,133,2147,urban
GLS,30173,0.4,1.0,2554.876072428404,2554.876072428404,0.0,4.775461708125837,9.02,83,1424,urban
GLS,30179,0.4,1.0,2012.9451781141186,2012.9451781141186,0.0,8.305970462175056,15.58,89,1034,suburban
GLS,30419,0.4,1.0,5101.804856969734,5101.804856969734,0.0,23.77191867081394,17.6,248,2617,suburban
GLS,30449,0.4,1.0,3412.5020081467483,3412.5020081467483,0.0,5.186686836161483,10.84,150,1981,urban
GLS,30453,0.4,1.0,3168.728615727752,3168.728615727752,0.0,9.157258958740025,13.29,125,1373,suburban
GLS,30455,0.4,1.0,2732.89498767275,2732.89498767275,0.0,6.967819653017212,13.26,149,1201,suburban
GLS,30457,0.4,1.0,2344.3788154149365,2344.3788154149365,0.0,6.068989648841514,10.08,128,1189,suburban
GLS,30459,0.4,1.0,2084.898287419,2084.898287419,0.0,7.274391190340525,9.13,113,1169,urban
GLS,30519,0.4,1.0,3551.9496596439303,3551.9496596439303,0.0,13.714884737746765,6.3,224,2084,urban
GLS,30539,0.4,1.0,2580.3663075652257,2580.3663075652257,0.0,19.21423828970633,5.29,145,1310,rural
GLS,30559,0.4,1.0,3658.07773972127,3658.07773972127,0.0,19.484913733542943,8.92,208,2040,suburban
GLS,30625,0.4,1.0,2259.1204653397162,2259.1204653397162,0.0,8.86389555258122,10.34,105,1185,urban
GLS,30627,0.4,1.0,1778.1322716706136,1778.1322716706136,0.0,3.390385523567528,11.43,78,774,suburban
GLS,30629,0.4,1.0,2143.7517893568083,2143.7517893568083,0.0,14.669809711755615,12.94,116,1080,suburban
GLS,30655,0.4,1.0,2960.5284409044616,2960.5284409044616,0.0,4.462508901721823,13.05,124,1383,suburban
GLS,30657,0.4,1.0,2873.29432340711,2873.29432340711,0.0,12.670949194485749,16.66,127,1325,rural
GLS,30659,0.4,1.0,2313.189380462103,2313.189380462103,0.0,11.3882150903338,14.84,124,1138,suburban
GLS,30823,0.4,1.0,4081.0154973189988,4081.0154973189988,0.0,12.528872220645557,21.76,209,1687,suburban
GLS,30826,0.4,1.0,4802.849009920454,4802.849009920454,0.0,56.38950461206911,26.25,214,1480,rural
GLS,30827,0.4,1.0,3413.7429042160657,3413.7429042160657,0.0,10.610683695060027,22.43,133,1331,suburban
GLS,30851,0.4,1.0,2060.2946146334557,2060.2946146334557,0.0,4.12190647126244,17.37,95,1137,suburban
GLS,30853,0.4,1.0,2481.088173620477,2481.088173620477,0.0,8.711379660258004,18.94,117,1083,suburban
GLS,30855,0.4,1.0,8370.230959567252,8370.230959567252,0.0,58.08159729436245,22.3,262,5111,suburban
GLS,30880,0.4,1.0,4450.294123718125,4450.294123718125,0.0,33.96099660372796,1.58,305,2630,suburban
GLS,30890,0.4,1.0,6293.752660817818,6293.752660817818,0.0,102.53407734275534,23.44,436,2471,rural
GLS,30900,0.4,1.0,7176.610893793414,7176.610893793414,0.0,173.55971997363926,31.36,490,2487,rural
GLS,30916,0.4,1.0,5182.054562818042,5182.054562818042,0.0,59.876286869182046,19.31,308,2276,suburban
GLS,30926,0.4,1.0,5707.156100114085,5707.156100114085,0.0,53.8021301528445,20.06,381,2421,rural
GLS,30938,0.4,1.0,5298.987880460923,5298.987880460923,0.0,153.22446344831192,28.43,321,1873,rural
GLS,30952,0.4,1.0,4052.359581403284,4052.359581403284,0.0,37.755537878390655,11.4,259,1710,suburban
GLS,30966,0.4,1.0,3510.9395596477075,3510.9395596477075,0.0,31.83238567652256,6.33,220,1619,rural
GLS,30974,0.4,1.0,3101.933528043918,3101.933528043918,0.0,53.82702268136371,16.59,214,1120,rural
GLS,30982,0.4,1.0,2386.647671549595,2386.647671549595,0.0,66.6831619829418,6.34,209,1154,rural
GLS,30989,0.4,1.0,3148.477695946504,3148.477695946504,0.0,43.13135688268341,16.28,231,1172,rural
GLS,31275,0.4,1.0,6805.937726269975,6805.937726269975,0.0,129.47251256919432,17.38,507,3227,suburban
GLS,31303,0.4,1.0,5596.886925837495,5596.886925837495,0.0,112.90680951768702,24.81,407,2208,rural
GLS,31311,0.4,1.0,4871.049261225609,4871.049261225609,0.0,139.34872865781722,30.96,326,1483,rural
GLS,31319,0.4,1.0,4437.068207504176,4437.068207504176,0.0,101.18549289373648,11.04,357,1985,rural
GLS,31515,0.4,1.0,8050.858133283889,8050.858133283889,0.0,125.1818077488354,33.59,472,3284,rural
GLS,31535,0.4,1.0,10569.427946070218,10569.427946070218,0.0,357.6158854957556,38.52,705,3227,rural
GLS,31832,0.4,1.0,5153.98445539914,5153.98445539914,0.0,159.3824695169613,16.88,440,2069,rural
Hermes,30159,0.4,1.0,6103.311963748475,6103.311963748475,0.0,6.211813374113814,9.13,207,4412,urban
Hermes,30161,0.4,1.0,3205.3444612983394,3205.3444612983394,0.0,1.7979843382791898,7.9,80,2187,urban
Hermes,30163,0.4,1.0,3151.45637345559,3151.45637345559,0.0,2.603733329707664,6.63,93,2318,urban
Hermes,30165,0.4,1.0,3165.918762514473,3165.918762514473,0.0,4.951012974183712,5.34,89,1888,urban
Hermes,30167,0.4,1.0,4309.333549458941,4309.333549458941,0.0,5.368928981069905,7.27,135,2918,urban
Hermes,30173,0.4,1.0,3377.006730770633,3377.006730770633,0.0,4.775461708125837,11.08,82,1982,urban
Hermes,30177,0.4,1.0,2975.551858278056,2975.551858278056,0.0,3.576189607493106,7.86,76,1604,urban
Hermes,30179,0.4,1.0,2972.7332058248016,2972.7332058248016,0.0,8.305970462175056,5.02,88,1492,suburban
Hermes,30419,0.4,1.0,5546.714589306118,5546.714589306118,0.0,23.77191867081394,4.3,253,3791,suburban
Hermes,30449,0.4,1.0,4264.762288981972,4264.762288981972,0.0,5.186686836161483,9.65,147,2752,urban
Hermes,30453,0.4,1.0,3456.6569376644593,3456.6569376644593,0.0,9.157258958740025,8.55,127,1923,suburban
Hermes,30455,0.4,1.0,3386.0721023475717,3386.0721023475717,0.0,6.967819653017212,9.92,152,1769,suburban
Hermes,30457,0.4,1.0,3390.4448760059295,3390.4448760059295,0.0,6.068989648841514,13.07,130,1718,suburban
Hermes,30459,0.4,1.0,3359.004573372854,3359.004573372854,0.0,7.274391190340525,11.99,121,1718,urban
Hermes,30519,0.4,1.0,5162.317584328793,5162.317584328793,0.0,13.714884737746765,13.8,229,2920,urban
Hermes,30539,0.4,1.0,3748.1337976976,3748.1337976976,0.0,19.21423828970633,16.65,149,1846,rural
Hermes,30559,0.4,1.0,5370.925287647466,5370.925287647466,0.0,19.484913733542943,14.22,216,2928,suburban
Hermes,30625,0.4,1.0,3247.4589705680532,3247.4589705680532,0.0,8.86389555258122,10.86,112,1721,urban
Hermes,30627,0.4,1.0,1976.5200916772521,1976.5200916772521,0.0,3.390385523567528,11.3,80,1110,suburban
Hermes,30629,0.4,1.0,3288.097282907375,3288.097282907375,0.0,14.669809711755615,13.03,120,1544,suburban
Hermes,30655,0.4,1.0,3426.8003677575816,3426.8003677575816,0.0,4.462508901721823,9.19,134,1982,suburban
Hermes,30657,0.4,1.0,3245.628188162223,3245.628188162223,0.0,12.670949194485749,6.89,133,1834,rural
Hermes,30659,0.4,1.0,3215.6998845024846,3215.6998845024846,0.0,11.3882150903338,10.33,126,1587,suburban
Hermes,30823,0.4,1.0,3936.6042296322357,3936.6042296322357,0.0,12.528872220645557,8.05,216,2384,suburban
Hermes,30826,0.4,1.0,4191.43021519428,4191.43021519428,0.0,56.38950461206911,9.0,221,2156,rural
Hermes,30827,0.4,1.0,3247.3865843141566,3247.3865843141566,0.0,10.610683695060027,5.18,139,1865,suburban
Hermes,30851,0.4,1.0,2857.2114343496014,2857.2114343496014,0.0,4.12190647126244,3.44,95,1650,suburban
Hermes,30853,0.4,1.0,2627.454020793578,2627.454020793578,0.0,8.711379660258004,3.75,121,1477,suburban
Hermes,30855,0.4,1.0,8658.56494813409,8658.56494813409,0.0,58.08159729436245,2.52,261,7102,suburban
Hermes,30880,0.4,1.0,6718.354835871605,6718.354835871605,0.0,33.96099660372796,20.27,312,3668,suburban
Hermes,30890,0.4,1.0,7568.635969962485,7568.635969962485,0.0,102.53407734275534,19.74,454,3618,rural
Hermes,30900,0.4,1.0,7696.514876914835,7696.514876914835,0.0,173.55971997363926,12.32,527,3644,rural
Hermes,30916,0.4,1.0,5798.014253899346,5798.014253899346,0.0,59.876286869182046,10.8,310,3232,suburban
Hermes,30926,0.4,1.0,5981.497888198291,5981.497888198291,0.0,53.8021301528445,10.52,393,3537,rural
Hermes,30938,0.4,1.0,6007.684029332934,6007.684029332934,0.0,153.22446344831192,16.57,334,2656,rural
Hermes,30952,0.4,1.0,5277.6182452376,5277.6182452376,0.0,37.755537878390655,15.6,274,2488,suburban
Hermes,30966,0.4,1.0,4601.173469262583,4601.173469262583,0.0,31.83238567652256,16.87,229,2313,rural
Hermes,30974,0.4,1.0,4626.2307003590395,4626.2307003590395,0.0,53.82702268136371,22.19,228,1616,rural
Hermes,30982,0.4,1.0,4596.833861562218,4596.833861562218,0.0,66.6831619829418,23.78,220,1680,rural
Hermes,30989,0.4,1.0,4185.515150068637,4185.515150068637,0.0,43.13135688268341,15.58,242,1681,rural
Hermes,31275,0.4,1.0,9418.194923082388,9418.194923082388,0.0,129.47251256919432,23.26,528,4698,suburban
Hermes,31303,0.4,1.0,6888.21710469868,6888.21710469868,0.0,112.90680951768702,22.27,425,3161,rural
Hermes,31311,0.4,1.0,6231.959144058387,6231.959144058387,0.0,139.34872865781722,32.49,345,2196,rural
Hermes,31319,0.4,1.0,6653.523191455497,6653.523191455497,0.0,101.18549289373648,23.57,378,2907,rural
Hermes,31515,0.4,1.0,9098.73098096226,9098.73098096226,0.0,125.1818077488354,20.37,503,4758,rural
Hermes,31535,0.4,1.0,11828.260970846719,11828.260970846719,0.0,357.6158854957556,19.5,777,4780,rural
Hermes,31832,0.4,1.0,8226.290929342216,8226.290929342216,0.0,159.3824695169613,28.44,458,3015,rural
UPS,30159,0.4,1.0,14124.871351764605,14124.871351764605,0.0,10.98727508223965,10.54,282,11805,urban
UPS,30161,0.4,1.0,5917.055804797465,5917.055804797465,0.0,1.7979843382791898,8.59,80,4726,urban
UPS,30163,0.4,1.0,6504.720392897118,6504.720392897118,0.0,14.485893399375826,6.02,215,5283,urban
UPS,30165,0.4,1.0,3773.2492250252108,3773.2492250252108,0.0,4.951012974183712,6.57,77,2701,urban
UPS,30167,0.4,1.0,6006.644999548211,6006.644999548211,0.0,5.368928981069905,8.81,137,4551,urban
UPS,30419,0.4,1.0,3598.2785262855646,3598.2785262855646,0.0,23.77191867081394,7.09,153,2053,suburban
UPS,30449,0.4,1.0,6798.755020154903,6798.755020154903,0.0,12.46107802650201,12.33,209,4685,urban
UPS,30453,0.4,1.0,3375.021836857729,3375.021836857729,0.0,9.157258958740025,10.59,118,1821,suburban
UPS,30455,0.4,1.0,1985.0500139571805,1985.0500139571805,0.0,6.967819653017212,12.14,99,812,suburban
UPS,30457,0.4,1.0,2069.491599260607,2069.491599260607,0.0,6.068989648841514,14.87,93,1021,suburban
UPS,30519,0.4,1.0,4937.054841641878,4937.054841641878,0.0,13.714884737746765,14.32,178,3064,urban
UPS,30539,0.4,1.0,4533.06046911727,4533.06046911727,0.0,19.21423828970633,16.42,96,2701,rural
UPS,30559,0.4,1.0,5027.435680366569,5027.435680366569,0.0,19.484913733542943,13.47,141,3087,suburban
UPS,30625,0.4,1.0,4315.013444156701,4315.013444156701,0.0,12.254281076148748,10.42,148,2727,urban
UPS,30655,0.4,1.0,2121.9137816651596,2121.9137816651596,0.0,4.462508901721823,8.22,93,1218,suburban
UPS,30657,0.4,1.0,4786.350272484361,4786.350272484361,0.0,12.670949194485749,5.0,96,3745,rural
UPS,30659,0.4,1.0,3729.581575766453,3729.581575766453,0.0,26.058024802089417,10.16,158,2385,suburban
UPS,30823,0.4,1.0,2901.0492307771306,2901.0492307771306,0.0,12.528872220645557,11.23,141,1337,suburban
UPS,30826,0.4,1.0,2179.7117952412614,2179.7117952412614,0.0,56.38950461206911,11.69,77,1105,rural
UPS,30827,0.4,1.0,3291.825156956803,3291.825156956803,0.0,10.610683695060027,8.21,92,2105,suburban
UPS,30853,0.4,1.0,4885.572256538386,4885.572256538386,0.0,12.833286131520444,2.1,167,3668,suburban
UPS,30855,0.4,1.0,12372.313669298126,12372.313669298126,0.0,59.06346106841505,2.73,226,11475,suburban
UPS,30880,0.4,1.0,7164.597554373629,7164.597554373629,0.0,33.96099660372796,20.44,221,4190,suburban
UPS,30890,0.4,1.0,4686.02421265492,4686.02421265492,0.0,102.53407734275534,22.83,246,1795,rural
UPS,30900,0.4,1.0,5252.628048739307,5252.628048739307,0.0,173.55971997363926,10.9,296,2208,rural
UPS,30916,0.4,1.0,6109.051569407693,6109.051569407693,0.0,59.876286869182046,7.96,236,4019,suburban
UPS,30926,0.4,1.0,3963.3498677038015,3963.3498677038015,0.0,53.8021301528445,13.64,194,1634,rural
UPS,30938,0.4,1.0,6063.945568650633,6063.945568650633,0.0,153.22446344831192,13.43,195,3590,rural
UPS,30952,0.4,1.0,3731.55368849277,3731.55368849277,0.0,37.755537878390655,17.72,163,1329,suburban
UPS,30966,0.4,1.0,3533.856164661857,3533.856164661857,0.0,31.83238567652256,18.2,136,1386,rural
UPS,30974,0.4,1.0,3208.8293030723075,3208.8293030723075,0.0,53.82702268136371,24.68,134,1072,rural
UPS,30982,0.4,1.0,3007.173952156455,3007.173952156455,0.0,66.6831619829418,24.88,141,878,rural
UPS,30989,0.4,1.0,3364.1454124269208,3364.1454124269208,0.0,43.13135688268341,18.29,160,1191,rural
UPS,31275,0.4,1.0,6734.00020753597,6734.00020753597,0.0,129.47251256919432,21.19,339,2904,suburban
UPS,31303,0.4,1.0,4633.075702530725,4633.075702530725,0.0,112.90680951768702,19.35,259,1804,rural
UPS,31311,0.4,1.0,3968.942591958489,3968.942591958489,0.0,139.34872865781722,29.65,195,1062,rural
UPS,31319,0.4,1.0,3441.882252785476,3441.882252785476,0.0,101.18549289373648,22.42,153,1055,rural
UPS,31515,0.4,1.0,6718.456041625136,6718.456041625136,0.0,125.1818077488354,23.29,321,3281,rural
UPS,31535,0.4,1.0,8009.28273019456,8009.28273019456,0.0,357.6158854957556,20.99,322,2571,rural
UPS,31832,0.4,1.0,5227.687081644636,5227.687081644636,0.0,159.3824695169613,30.54,251,1605,rural
