penalty_eur_per_day,provider,plz,schedule_size,base_cost_eur,wait_days_avg,weekly_parcels,penalty_cost_eur,combined_cost_eur
0.0,Amazon,30159,3,10976.753143868193,0.45215655837676016,9019,0.0,10976.753143868193
0.0,Amazon,30161,2,5968.951868259646,0.9230939716312057,4512,0.0,5968.951868259646
0.0,Amazon,30163,2,5760.431640561828,0.9827701946744238,4469,0.0,5760.431640561828
0.0,Amazon,30165,5,4671.090587079447,0.17935086737548964,3574,0.0,4671.090587079447
0.0,Amazon,30167,2,6920.986102951083,0.9738219895287958,5730,0.0,6920.986102951083
0.0,Amazon,30173,5,5014.938001856896,0.17930300611864858,3759,0.0,5014.938001856896
0.0,Amazon,30177,3,4191.568316680418,0.5602202339986235,2906,0.0,4191.568316680418
0.0,Amazon,30179,4,4035.4999544436064,0.33872707659115425,2781,0.0,4035.4999544436064
0.0,Amazon,30419,3,8147.733441928311,0.6613208922583467,6859,0.0,8147.733441928311
0.0,Amazon,30449,3,6722.114460015092,0.6481516587677725,5275,0.0,6722.114460015092
0.0,Amazon,30453,6,4953.369950665476,0.0,3593,0.0,4953.369950665476
0.0,Amazon,30455,4,4571.708636039579,0.2821484992101106,3165,0.0,4571.708636039579
0.0,Amazon,30457,4,4722.911977089586,0.27345245692405873,3134,0.0,4722.911977089586
0.0,Amazon,30459,3,4590.592946303043,0.49109167476514415,3087,0.0,4590.592946303043
0.0,Amazon,30519,3,7611.753809220482,0.6579520697167756,5508,0.0,7611.753809220482
0.0,Amazon,30539,6,5232.56483537078,0.0,3516,0.0,5232.56483537078
0.0,Amazon,30559,4,7576.275486576162,0.5222574036133358,5369,0.0,7576.275486576162
0.0,Amazon,30625,5,4766.217988678431,0.10251572327044026,3180,0.0,4766.217988678431
0.0,Amazon,30627,4,3424.9373526387744,0.3990430622009569,2090,0.0,3424.9373526387744
0.0,Amazon,30629,4,4340.577242827008,0.5255712731229597,2757,0.0,4340.577242827008
0.0,Amazon,30655,6,5134.034576870573,0.0,3642,0.0,5134.034576870573
0.0,Amazon,30657,4,5110.020297739442,0.47541444225906154,3559,0.0,5110.020297739442
0.0,Amazon,30659,3,4715.11995759199,0.6249167221852099,3002,0.0,4715.11995759199
0.0,Amazon,30823,3,5214.27948866386,0.6297482837528604,4370,0.0,5214.27948866386
0.0,Amazon,30826,3,5190.440686014619,0.6754932502596054,3852,0.0,5190.440686014619
0.0,Amazon,30827,5,4382.684897666632,0.1538021726700972,3498,0.0,4382.684897666632
0.0,Amazon,30851,3,4318.027982765958,0.4492084432717678,3032,0.0,4318.027982765958
0.0,Amazon,30853,5,4285.259797816084,0.17588457574716593,2911,0.0,4285.259797816084
0.0,Amazon,30855,2,14485.559683004662,0.9156856974690994,13592,0.0,14485.559683004662
0.0,Amazon,30880,2,10021.778287176328,0.9058958542533353,6971,0.0,10021.778287176328
0.0,Amazon,30890,2,9000.330765277007,0.9152568440479852,6502,0.0,9000.330765277007
0.0,Amazon,30900,2,10072.201423521949,0.9298035098245088,6667,0.0,10072.201423521949
0.0,Amazon,30916,2,8822.506844712309,0.9795587280986372,6164,0.0,8822.506844712309
0.0,Amazon,30926,2,7911.164831056404,0.9165351846008204,6338,0.0,7911.164831056404
0.0,Amazon,30938,2,7982.155394577955,0.926064668769716,5072,0.0,7982.155394577955
0.0,Amazon,30952,2,6552.6608833137625,0.9159964253798034,4476,0.0,6552.6608833137625
0.0,Amazon,30966,2,6385.754233854614,0.9282160625444208,4221,0.0,6385.754233854614
0.0,Amazon,30974,3,5113.627706330487,0.6782228205991249,2971,0.0,5113.627706330487
0.0,Amazon,30982,4,5342.562210249235,0.29533508541392905,3044,0.0,5342.562210249235
0.0,Amazon,30989,3,4958.651736748132,0.6365681233933161,3112,0.0,4958.651736748132
0.0,Amazon,31275,2,12317.568905032529,0.9601769911504425,8588,0.0,12317.568905032529
0.0,Amazon,31303,2,8829.870976432165,0.9390643880545486,5793,0.0,8829.870976432165
0.0,Amazon,31311,2,7322.66637827066,1.023203026481715,3965,0.0,7322.66637827066
0.0,Amazon,31319,2,8066.44297364128,0.9351568477429227,5228,0.0,8066.44297364128
0.0,Amazon,31515,2,10971.04745689562,0.9738921332875301,8733,0.0,10971.04745689562
0.0,Amazon,31535,2,12244.46753652652,0.936463768115942,8625,0.0,12244.46753652652
0.0,Amazon,31832,2,9289.218750508839,0.9286498353457738,5466,0.0,9289.218750508839
0.0,DHL,30159,2,19786.57510893332,0.9270968861132796,23058,0.0,19786.57510893332
0.0,DHL,30161,3,10716.54371827875,0.6340661242859615,11554,0.0,10716.54371827875
0.0,DHL,30163,4,9848.199796456198,0.40461655856543305,10484,0.0,9848.199796456198
0.0,DHL,30165,2,8379.20000257737,0.9897662518897546,8599,0.0,8379.20000257737
0.0,DHL,30167,3,12451.21074077504,0.6320904117477685,13892,0.0,12451.21074077504
0.0,DHL,30169,5,5414.29850263043,0.17680392897619948,5294,0.0,5414.29850263043
0.0,DHL,30173,3,8663.177447540042,0.6578916578916579,8547,0.0,8663.177447540042
0.0,DHL,30177,3,6490.4480063925,0.6611821086261981,6260,0.0,6490.4480063925
0.0,DHL,30179,3,6811.8526338631145,0.45333755140778237,6322,0.0,6811.8526338631145
0.0,DHL,30419,2,14274.677669982646,0.915668358714044,14775,0.0,14274.677669982646
0.0,DHL,30449,4,7408.292387641335,0.32835419189880233,7431,0.0,7408.292387641335
0.0,DHL,30453,2,8381.916590103867,0.9296932515337424,8150,0.0,8381.916590103867
0.0,DHL,30455,2,7233.545039781516,0.9220509780675756,6748,0.0,7233.545039781516
0.0,DHL,30457,2,7085.695084796705,0.9380938242280285,6736,0.0,7085.695084796705
0.0,DHL,30459,4,6544.98177761358,0.3362292333485749,6561,0.0,6544.98177761358
0.0,DHL,30519,3,12733.204462468568,0.6293396599446421,12645,0.0,12733.204462468568
0.0,DHL,30539,3,8852.53388244602,0.630315336837076,8372,0.0,8852.53388244602
0.0,DHL,30559,2,12098.380237073276,0.9831168831168832,12320,0.0,12098.380237073276
0.0,DHL,30625,2,7708.731635333178,0.9808018068887634,7084,0.0,7708.731635333178
0.0,DHL,30627,3,5439.423730788187,0.6494073611977542,4809,0.0,5439.423730788187
0.0,DHL,30629,4,6462.977515370818,0.3341797866937532,5907,0.0,6462.977515370818
0.0,DHL,30655,3,8347.18804348115,0.6615481434864695,7945,0.0,8347.18804348115
0.0,DHL,30657,2,9679.664426450036,0.9162985865724381,9056,0.0,9679.664426450036
0.0,DHL,30659,4,7642.423401498499,0.5210133255235027,6829,0.0,7642.423401498499
0.0,DHL,30823,2,9630.344786530162,0.9758397795909717,9437,0.0,9630.344786530162
0.0,DHL,30826,2,8540.963736054777,0.903876343436783,8281,0.0,8540.963736054777
0.0,DHL,30827,2,8229.298026860728,0.9137673956262425,8048,0.0,8229.298026860728
0.0,DHL,30851,4,7037.366384719253,0.3295761947700631,6654,0.0,7037.366384719253
0.0,DHL,30853,4,7821.976308337273,0.45058626465661644,7164,0.0,7821.976308337273
0.0,DHL,30855,2,25180.861501529704,0.9299628660132708,32854,0.0,25180.861501529704
0.0,DHL,30880,2,15613.584565633237,0.9306354804776932,16161,0.0,15613.584565633237
0.0,DHL,30890,2,14071.887955473552,0.9701193795124741,13989,0.0,14071.887955473552
0.0,DHL,30900,2,15299.826173157213,0.9260729687179137,14609,0.0,15299.826173157213
0.0,DHL,30916,2,15534.632942104688,0.9222015311400786,14499,0.0,15534.632942104688
0.0,DHL,30926,2,13153.628708813181,0.9166358458465863,13519,0.0,13153.628708813181
0.0,DHL,30938,2,13147.428642582652,0.9177888611803824,12030,0.0,13147.428642582652
0.0,DHL,30952,2,10372.98772604301,0.9856833865485631,9709,0.0,10372.98772604301
0.0,DHL,30966,2,10014.377243027006,0.9287736876497495,9182,0.0,10014.377243027006
0.0,DHL,30974,2,7032.425999007415,0.9229470452801228,6515,0.0,7032.425999007415
0.0,DHL,30982,2,7497.227505882252,0.9771027324072661,6551,0.0,7497.227505882252
0.0,DHL,30989,3,7752.187063291045,0.6671539248647859,6841,0.0,7752.187063291045
0.0,DHL,31275,2,18258.768341917606,0.959878354585712,18743,0.0,18258.768341917606
0.0,DHL,31303,2,12804.226300000164,0.9645378817929393,12605,0.0,12804.226300000164
0.0,DHL,31311,2,9499.438873761736,0.9187361548326921,8577,0.0,9499.438873761736
0.0,DHL,31319,2,11281.19337284846,0.9327983951855566,10967,0.0,11281.19337284846
0.0,DHL,31515,2,18671.599575666187,0.9718448615576065,19286,0.0,18671.599575666187
0.0,DHL,31535,2,19066.52297681913,0.9163114444504398,18533,0.0,19066.52297681913
0.0,DHL,31832,2,12575.013067559023,0.9805074777348345,11902,0.0,12575.013067559023
0.0,DPD,30159,3,6500.614645094402,0.6636002508885637,4783,0.0,6500.614645094402
0.0,DPD,30161,4,3469.101832021823,0.3192030521407376,2359,0.0,3469.101832021823
0.0,DPD,30163,4,3236.2669573024905,0.3741690408357075,2106,0.0,3236.2669573024905
0.0,DPD,30165,3,3001.7561699907433,0.7046101309049516,1757,0.0,3001.7561699907433
0.0,DPD,30167,3,4432.773719123075,0.6327903682719547,2824,0.0,4432.773719123075
0.0,DPD,30173,3,2904.603104207399,0.6680327868852459,1708,0.0,2904.603104207399
0.0,DPD,30177,4,2132.007218864732,0.5512,1250,0.0,2132.007218864732
0.0,DPD,30179,4,2326.6945447247954,0.5414012738853503,1256,0.0,2326.6945447247954
0.0,DPD,30419,3,4921.732187023243,0.6385584324702589,2858,0.0,4921.732187023243
0.0,DPD,30449,4,4083.9941201785264,0.33672670321064996,2554,0.0,4083.9941201785264
0.0,DPD,30453,3,3377.8241519705934,0.6275478690549722,1619,0.0,3377.8241519705934
0.0,DPD,30455,4,2909.8066199118553,0.334597875569044,1318,0.0,2909.8066199118553
0.0,DPD,30457,4,2856.602010148979,0.31760299625468164,1335,0.0,2856.602010148979
0.0,DPD,30459,4,2475.8078898758968,0.5015576323987538,1284,0.0,2475.8078898758968
0.0,DPD,30519,3,4094.257193531561,0.6523622047244094,2540,0.0,4094.257193531561
0.0,DPD,30539,3,3060.480563230546,0.6613569321533923,1695,0.0,3060.480563230546
0.0,DPD,30559,4,3731.3301433476427,0.33360356708552896,2467,0.0,3731.3301433476427
0.0,DPD,30625,3,2684.1408315302183,0.7067615658362989,1405,0.0,2684.1408315302183
0.0,DPD,30627,6,1702.8075328692416,0.0,971,0.0,1702.8075328692416
0.0,DPD,30629,5,1981.6673410646054,0.16965046888320545,1173,0.0,1981.6673410646054
0.0,DPD,30655,3,2747.026529859529,0.631099544567339,1537,0.0,2747.026529859529
0.0,DPD,30657,4,3236.827287178435,0.33815648445873525,1866,0.0,3236.827287178435
0.0,DPD,30659,4,2481.727320539071,0.5292397660818714,1368,0.0,2481.727320539071
0.0,DPD,30823,4,3674.7572762541818,0.3326191751472951,1867,0.0,3674.7572762541818
0.0,DPD,30826,3,3777.101743258057,0.6058572300183038,1639,0.0,3777.101743258057
0.0,DPD,30827,2,3268.7452878258887,0.9119300437226733,1601,0.0,3268.7452878258887
0.0,DPD,30851,4,2356.2410275243597,0.5456674473067916,1281,0.0,2356.2410275243597
0.0,DPD,30853,3,2858.814614001705,0.673469387755102,1470,0.0,2858.814614001705
0.0,DPD,30855,2,9015.291369277431,0.9722555488902219,6668,0.0,9015.291369277431
0.0,DPD,30880,3,5196.857344758825,0.4550231839258114,3235,0.0,5196.857344758825
0.0,DPD,30890,2,5793.58639378743,0.9075568598679383,2726,0.0,5793.58639378743
0.0,DPD,30900,2,6120.29360166033,0.9225079253258189,2839,0.0,6120.29360166033
0.0,DPD,30916,3,4855.4748416067505,0.5607412491420728,2914,0.0,4855.4748416067505
0.0,DPD,30926,2,5197.516624399751,0.9233978005309064,2637,0.0,5197.516624399751
0.0,DPD,30938,3,4782.009980255639,0.5613598673300166,2412,0.0,4782.009980255639
0.0,DPD,30952,3,4027.5454106430866,0.5567282321899736,1895,0.0,4027.5454106430866
0.0,DPD,30966,3,3789.060932176845,0.4504703929164361,1807,0.0,3789.060932176845
0.0,DPD,30974,3,3379.1766137167624,0.6375,1280,0.0,3379.1766137167624
0.0,DPD,30982,3,3265.49802241405,0.6658841940532081,1278,0.0,3265.49802241405
0.0,DPD,30989,2,3405.09609992402,0.9070796460176991,1356,0.0,3405.09609992402
0.0,DPD,31275,2,5571.695539608355,0.9588251441119956,3643,0.0,5571.695539608355
0.0,DPD,31303,2,4500.770405064703,0.9678843837816138,2491,0.0,4500.770405064703
0.0,DPD,31311,2,4059.4629772902085,0.8878787878787879,1650,0.0,4059.4629772902085
0.0,DPD,31319,2,3960.52370058195,0.9768321513002364,2115,0.0,3960.52370058195
0.0,DPD,31515,2,7170.994265424222,0.9693074501573977,3812,0.0,7170.994265424222
0.0,DPD,31535,2,8000.282794704612,0.9335566722501396,3582,0.0,8000.282794704612
0.0,DPD,31832,3,5678.16438185735,0.49155478562148114,2309,0.0,5678.16438185735
0.0,FedEx,30159,2,11427.614727419164,0.970904298459043,9864,0.0,11427.614727419164
0.0,FedEx,30161,4,4873.712252906669,0.5278215223097112,3810,0.0,4873.712252906669
0.0,FedEx,30163,2,7394.770406628852,0.9809983896940419,6210,0.0,7394.770406628852
0.0,FedEx,30167,4,4906.546085334359,0.5475496688741722,3775,0.0,4906.546085334359
0.0,FedEx,30419,3,3011.4371555416806,0.6968987712112347,1709,0.0,3011.4371555416806
0.0,FedEx,30449,6,5070.480072832069,0.0,3703,0.0,5070.480072832069
0.0,FedEx,30453,2,3064.816163063924,0.9307387862796834,1516,0.0,3064.816163063924
0.0,FedEx,30455,4,1868.2392924617652,0.3349673202614379,612,0.0,1868.2392924617652
0.0,FedEx,30457,5,1985.518844528548,0.10282776349614396,778,0.0,1985.518844528548
0.0,FedEx,30519,4,4003.1653013077,0.30185497470489037,2372,0.0,4003.1653013077
0.0,FedEx,30539,4,3974.425873012377,0.33100041169205435,2429,0.0,3974.425873012377
0.0,FedEx,30559,3,5061.966182289847,0.4580152671755725,3144,0.0,5061.966182289847
0.0,FedEx,30625,5,3641.0591341287036,0.10542844324809332,2229,0.0,3641.0591341287036
0.0,FedEx,30655,5,3381.913651790382,0.10526315789473684,2242,0.0,3381.913651790382
0.0,FedEx,30657,6,4470.593996761694,0.0,3429,0.0,4470.593996761694
0.0,FedEx,30823,5,1945.1214699930524,0.13439635535307518,878,0.0,1945.1214699930524
0.0,FedEx,30827,4,3963.7691142037675,0.3409503083061299,2757,0.0,3963.7691142037675
0.0,FedEx,30853,3,4257.862647875421,0.5463849455265765,3029,0.0,4257.862647875421
0.0,FedEx,30855,2,10630.50406852527,0.9771313941825477,9970,0.0,10630.50406852527
0.0,FedEx,30880,6,5741.552839090982,0.0,3498,0.0,5741.552839090982
0.0,FedEx,30890,2,3357.287710501643,0.9695550351288056,1281,0.0,3357.287710501643
0.0,FedEx,30900,2,3701.9499762825653,0.9198497182216656,1597,0.0,3701.9499762825653
0.0,FedEx,30916,4,5106.3954509255755,0.30261941448382124,3245,0.0,5106.3954509255755
0.0,FedEx,30926,2,2993.911256814815,0.9146919431279621,1266,0.0,2993.911256814815
0.0,FedEx,30938,4,5307.377677110037,0.28169913765570104,3131,0.0,5307.377677110037
0.0,FedEx,30952,4,2712.47274254841,0.3585291113381001,979,0.0,2712.47274254841
0.0,FedEx,30966,6,2488.5376856129433,0.0,1063,0.0,2488.5376856129433
0.0,FedEx,30974,5,2336.1064675816524,0.11596009975062344,802,0.0,2336.1064675816524
0.0,FedEx,30982,5,2370.6404615718925,0.10355987055016182,618,0.0,2370.6404615718925
0.0,FedEx,30989,6,2431.4853535221046,0.0,876,0.0,2431.4853535221046
0.0,FedEx,31275,4,4598.235094882853,0.4017815283638069,2133,0.0,4598.235094882853
0.0,FedEx,31303,2,3399.829813991711,0.9662107803700724,1243,0.0,3399.829813991711
0.0,FedEx,31311,4,2786.424356332287,0.36444444444444446,675,0.0,2786.424356332287
0.0,FedEx,31319,2,2722.6772629564425,0.9241011984021305,751,0.0,2722.6772629564425
0.0,FedEx,31515,4,4672.2386512310095,0.3228410008071025,2478,0.0,4672.2386512310095
0.0,FedEx,31535,2,4708.827192407938,0.9760598503740648,2005,0.0,4708.827192407938
0.0,FedEx,31832,3,3629.5153612866643,0.44569288389513106,1068,0.0,3629.5153612866643
0.0,GLS,30159,5,4591.687653122265,0.1437575030012005,3332,0.0,4591.687653122265
0.0,GLS,30161,3,2867.2752935896756,0.7089144936325046,1649,0.0,2867.2752935896756
0.0,GLS,30163,3,4398.3633070623255,0.5619421635130311,2801,0.0,4398.3633070623255
0.0,GLS,30165,5,2343.1723963628815,0.18483063328424154,1358,0.0,2343.1723963628815
0.0,GLS,30167,4,3407.9715542022172,0.400093153237075,2147,0.0,3407.9715542022172
0.0,GLS,30173,4,2388.423417742376,0.29775280898876405,1424,0.0,2388.423417742376
0.0,GLS,30179,6,2030.2594095239801,0.0,1034,0.0,2030.2594095239801
0.0,GLS,30419,3,4645.414724953769,0.4871990829193733,2617,0.0,4645.414724953769
0.0,GLS,30449,3,3218.414836597238,0.6335184250378597,1981,0.0,3218.414836597238
0.0,GLS,30453,3,2909.939772158523,0.57319737800437,1373,0.0,2909.939772158523
0.0,GLS,30455,4,2530.9740100198246,0.5720233139050791,1201,0.0,2530.9740100198246
0.0,GLS,30457,5,2372.991010389012,0.2043734230445753,1189,0.0,2372.991010389012
0.0,GLS,30459,6,1876.236727895414,0.0,1169,0.0,1876.236727895414
0.0,GLS,30519,3,3310.791338155308,0.6521113243761996,2084,0.0,3310.791338155308
0.0,GLS,30539,4,2390.3689021890423,0.5450381679389313,1310,0.0,2390.3689021890423
0.0,GLS,30559,3,3448.701002967173,0.653921568627451,2040,0.0,3448.701002967173
0.0,GLS,30625,5,2155.839376448783,0.19071729957805908,1185,0.0,2155.839376448783
0.0,GLS,30627,5,1750.9749966977688,0.14082687338501293,774,0.0,1750.9749966977688
0.0,GLS,30629,6,2094.2697610443015,0.0,1080,0.0,2094.2697610443015
0.0,GLS,30655,3,2790.418109743314,0.5784526391901663,1383,0.0,2790.418109743314
0.0,GLS,30657,5,2755.6441019207437,0.18566037735849056,1325,0.0,2755.6441019207437
0.0,GLS,30659,6,2165.5626302364476,0.0,1138,0.0,2165.5626302364476
0.0,GLS,30823,3,3592.3265106522676,0.6289270895080024,1687,0.0,3592.3265106522676
0.0,GLS,30826,2,3722.7623983349945,0.9364864864864865,1480,0.0,3722.7623983349945
0.0,GLS,30827,5,2962.5236698673675,0.18181818181818182,1331,0.0,2962.5236698673675
0.0,GLS,30851,6,2097.4205946859483,0.0,1137,0.0,2097.4205946859483
0.0,GLS,30853,6,2190.0844891648285,0.0,1083,0.0,2190.0844891648285
0.0,GLS,30855,4,7532.102407616757,0.5515554685971434,5111,0.0,7532.102407616757
0.0,GLS,30880,3,4003.604527343443,0.6596958174904943,2630,0.0,4003.604527343443
0.0,GLS,30890,2,5190.296936689365,0.971266693646297,2471,0.0,5190.296936689365
0.0,GLS,30900,2,5820.420700227488,0.9384800965018094,2487,0.0,5820.420700227488
0.0,GLS,30916,5,4532.7930810644,0.11291739894551846,2276,0.0,4532.7930810644
0.0,GLS,30926,3,4789.234853800005,0.6687319289549772,2421,0.0,4789.234853800005
0.0,GLS,30938,2,4379.771012724125,0.9300587293112653,1873,0.0,4379.771012724125
0.0,GLS,30952,3,3509.9359156884534,0.6292397660818714,1710,0.0,3509.9359156884534
0.0,GLS,30966,2,3046.614064218707,0.932674490426189,1619,0.0,3046.614064218707
0.0,GLS,30974,4,2869.055043091789,0.3964285714285714,1120,0.0,2869.055043091789
0.0,GLS,30982,5,2672.3930166718214,0.17157712305025996,1154,0.0,2672.3930166718214
0.0,GLS,30989,6,2798.376100761728,0.0,1172,0.0,2798.376100761728
0.0,GLS,31275,2,5757.747502835418,0.9265571738456772,3227,0.0,5757.747502835418
0.0,GLS,31303,2,4749.913251603552,0.9198369565217391,2208,0.0,4749.913251603552
0.0,GLS,31311,2,4196.944226928347,0.8867161159811193,1483,0.0,4196.944226928347
0.0,GLS,31319,3,3896.777543455683,0.6518891687657431,1985,0.0,3896.777543455683
0.0,GLS,31515,2,6756.063593264094,0.9238733252131547,3284,0.0,6756.063593264094
0.0,GLS,31535,2,7718.071234383441,0.9711806631546328,3227,0.0,7718.071234383441
0.0,GLS,31832,2,4696.456768827997,0.9821169647172547,2069,0.0,4696.456768827997
0.0,Hermes,30159,4,5617.098364216317,0.3714868540344515,4412,0.0,5617.098364216317
0.0,Hermes,30161,4,3104.068878811071,0.3996342021033379,2187,0.0,3104.068878811071
0.0,Hermes,30163,5,3104.0163205737454,0.15012942191544434,2318,0.0,3104.0163205737454
0.0,Hermes,30165,3,2964.8931615184897,0.5715042372881356,1888,0.0,2964.8931615184897
0.0,Hermes,30167,3,3969.3442032294274,0.567854694996573,2918,0.0,3969.3442032294274
0.0,Hermes,30173,3,3216.598516948733,0.6548940464177598,1982,0.0,3216.598516948733
0.0,Hermes,30177,2,2747.8378076974464,0.912718204488778,1604,0.0,2747.8378076974464
0.0,Hermes,30179,2,2767.0604358730666,0.9249329758713136,1492,0.0,2767.0604358730666
0.0,Hermes,30419,4,4983.990632300674,0.5267739382748615,3791,0.0,4983.990632300674
0.0,Hermes,30449,4,3984.3406586594624,0.3481104651162791,2752,0.0,3984.3406586594624
0.0,Hermes,30453,3,3282.802283265416,0.5522620904836193,1923,0.0,3282.802283265416
0.0,Hermes,30455,3,3133.764204928581,0.7077444884115319,1769,0.0,3133.764204928581
0.0,Hermes,30457,3,3169.3595409067657,0.7264260768335273,1718,0.0,3169.3595409067657
0.0,Hermes,30459,3,3124.520631145985,0.6920838183934808,1718,0.0,3124.520631145985
0.0,Hermes,30519,3,4770.450569928821,0.5821917808219178,2920,0.0,4770.450569928821
0.0,Hermes,30539,4,3462.0981808239067,0.33965330444203684,1846,0.0,3462.0981808239067
0.0,Hermes,30559,2,4947.141846348782,0.9477459016393442,2928,0.0,4947.141846348782
0.0,Hermes,30625,3,3026.707336831866,0.704822777454968,1721,0.0,3026.707336831866
0.0,Hermes,30627,6,1800.235438802243,0.0,1110,0.0,1800.235438802243
0.0,Hermes,30629,2,2984.551443459905,0.930699481865285,1544,0.0,2984.551443459905
0.0,Hermes,30655,3,3226.4654068952577,0.5580221997981837,1982,0.0,3226.4654068952577
0.0,Hermes,30657,4,3046.4680466734335,0.3391494002181025,1834,0.0,3046.4680466734335
0.0,Hermes,30659,2,2983.967933705115,0.9338374291115312,1587,0.0,2983.967933705115
0.0,Hermes,30823,4,3766.9128772578065,0.3213087248322148,2384,0.0,3766.9128772578065
0.0,Hermes,30826,4,3885.139913860317,0.40166975881261596,2156,0.0,3885.139913860317
0.0,Hermes,30827,4,2994.780521407527,0.33351206434316355,1865,0.0,2994.780521407527
0.0,Hermes,30851,3,2671.0931035454755,0.6636363636363637,1650,0.0,2671.0931035454755
0.0,Hermes,30853,4,2442.7132990804093,0.5389302640487474,1477,0.0,2442.7132990804093
0.0,Hermes,30855,2,8114.640918506408,0.9317093776401014,7102,0.0,8114.640918506408
0.0,Hermes,30880,2,6124.816259079186,0.9351145038167938,3668,0.0,6124.816259079186
0.0,Hermes,30890,2,6306.91347044461,0.9693200663349917,3618,0.0,6306.91347044461
0.0,Hermes,30900,2,6258.358891825454,0.9270032930845225,3644,0.0,6258.358891825454
0.0,Hermes,30916,3,5374.534785061489,0.6599628712871287,3232,0.0,5374.534785061489
0.0,Hermes,30926,2,5512.018230308807,0.9785128640090472,3537,0.0,5512.018230308807
0.0,Hermes,30938,2,5174.174849996787,0.9126506024096386,2656,0.0,5174.174849996787
0.0,Hermes,30952,3,4480.051090139417,0.45860128617363344,2488,0.0,4480.051090139417
0.0,Hermes,30966,5,4225.261001498014,0.11413748378728923,2313,0.0,4225.261001498014
0.0,Hermes,30974,2,3668.0712082719056,0.9300742574257426,1616,0.0,3668.0712082719056
0.0,Hermes,30982,3,3834.6729468853955,0.49107142857142855,1680,0.0,3834.6729468853955
0.0,Hermes,30989,3,3587.094887678275,0.4824509220701963,1681,0.0,3587.094887678275
0.0,Hermes,31275,2,7659.228610296808,0.9312473392933163,4698,0.0,7659.228610296808
0.0,Hermes,31303,2,5881.547325974481,0.9376779500158178,3161,0.0,5881.547325974481
0.0,Hermes,31311,2,5156.849880339789,0.8816029143897997,2196,0.0,5156.849880339789
0.0,Hermes,31319,2,5479.449655809794,0.9735122119023047,2907,0.0,5479.449655809794
0.0,Hermes,31515,2,7389.113551464888,0.9270701975620008,4758,0.0,7389.113551464888
0.0,Hermes,31535,2,8654.027533481281,0.9763598326359832,4780,0.0,8654.027533481281
0.0,Hermes,31832,2,6350.449521833253,0.912106135986733,3015,0.0,6350.449521833253
0.0,UPS,30159,2,12694.099836799554,0.9297755188479457,11805,0.0,12694.099836799554
0.0,UPS,30161,2,5773.6119413898505,0.9614896318239526,4726,0.0,5773.6119413898505
0.0,UPS,30163,4,6162.402904482618,0.5474162407722885,5283,0.0,6162.402904482618
0.0,UPS,30165,4,3642.1619515893717,0.3398741206960385,2701,0.0,3642.1619515893717
0.0,UPS,30167,4,5681.797625387025,0.4025488903537684,4551,0.0,5681.797625387025
0.0,UPS,30419,4,3223.4038208695533,0.4062347783731125,2053,0.0,3223.4038208695533
0.0,UPS,30449,2,6149.7004899226695,0.9562433297758804,4685,0.0,6149.7004899226695
0.0,UPS,30453,4,3195.209192706123,0.3393739703459638,1821,0.0,3195.209192706123
0.0,UPS,30455,5,1944.7505189134954,0.1416256157635468,812,0.0,1944.7505189134954
0.0,UPS,30457,6,2082.9256820867663,0.0,1021,0.0,2082.9256820867663
0.0,UPS,30519,4,4796.906189390594,0.2757832898172324,3064,0.0,4796.906189390594
0.0,UPS,30539,4,4347.631508695031,0.3361717882265827,2701,0.0,4347.631508695031
0.0,UPS,30559,3,4790.249560759164,0.4564301911240687,3087,0.0,4790.249560759164
0.0,UPS,30625,4,4070.7988148266895,0.3270993766043271,2727,0.0,4070.7988148266895
0.0,UPS,30655,5,2057.6339647175387,0.19129720853858784,1218,0.0,2057.6339647175387
0.0,UPS,30657,4,4666.061851476268,0.546328437917223,3745,0.0,4666.061851476268
0.0,UPS,30659,5,3520.7694460107637,0.10733752620545073,2385,0.0,3520.7694460107637
0.0,UPS,30823,2,2773.2227632589093,0.9222139117427075,1337,0.0,2773.2227632589093
0.0,UPS,30826,6,2042.7216152816727,0.0,1105,0.0,2042.7216152816727
0.0,UPS,30827,4,3226.3483201722884,0.3790973871733967,2105,0.0,3226.3483201722884
0.0,UPS,30853,4,4441.88128371549,0.556434023991276,3668,0.0,4441.88128371549
0.0,UPS,30855,3,11883.48403597505,0.6666666666666666,11475,0.0,11883.48403597505
0.0,UPS,30880,2,6577.109863473913,0.9229116945107398,4190,0.0,6577.109863473913
0.0,UPS,30890,3,4065.4524963784256,0.6707520891364902,1795,0.0,4065.4524963784256
0.0,UPS,30900,3,4447.945536470173,0.6693840579710145,2208,0.0,4447.945536470173
0.0,UPS,30916,2,5681.26047338146,0.9166459318238368,4019,0.0,5681.26047338146
0.0,UPS,30926,3,3509.769340665086,0.6554467564259486,1634,0.0,3509.769340665086
0.0,UPS,30938,2,5648.595031960875,0.9222841225626741,3590,0.0,5648.595031960875
0.0,UPS,30952,3,3166.9834371911365,0.6967644845748683,1329,0.0,3166.9834371911365
0.0,UPS,30966,4,3159.8685935552508,0.3246753246753247,1386,0.0,3159.8685935552508
0.0,UPS,30974,3,2836.099752975596,0.5783582089552238,1072,0.0,2836.099752975596
0.0,UPS,30982,2,2773.938072463111,0.9054669703872438,878,0.0,2773.938072463111
0.0,UPS,30989,4,2984.284309543028,0.29135180520570947,1191,0.0,2984.284309543028
0.0,UPS,31275,2,5407.861795887663,0.9290633608815427,2904,0.0,5407.861795887663
0.0,UPS,31303,3,4041.642229314646,0.655210643015521,1804,0.0,4041.642229314646
0.0,UPS,31311,2,3379.042672652408,0.876647834274953,1062,0.0,3379.042672652408
0.0,UPS,31319,3,2971.539780759282,0.6075829383886255,1055,0.0,2971.539780759282
0.0,UPS,31515,2,5860.033431506744,0.9137458092045109,3281,0.0,5860.033431506744
0.0,UPS,31535,2,5424.313851059647,0.9618825359782186,2571,0.0,5424.313851059647
0.0,UPS,31832,2,4251.337264191236,0.9077881619937694,1605,0.0,4251.337264191236
0.25,Amazon,30159,6,11687.758591886499,0.0,9019,0.0,11687.758591886499
0.25,Amazon,30161,6,6198.076199381901,0.0,4512,0.0,6198.076199381901
0.25,Amazon,30163,6,5887.274416922319,0.0,4469,0.0,5887.274416922319
0.25,Amazon,30165,6,4696.3632925800775,0.0,3574,0.0,4696.3632925800775
0.25,Amazon,30167,6,7124.980941103149,0.0,5730,0.0,7124.980941103149
0.25,Amazon,30173,5,5014.938001856896,0.17930300611864858,3759,168.5,5183.438001856896
0.25,Amazon,30177,6,4295.3755099319715,0.0,2906,0.0,4295.3755099319715
0.25,Amazon,30179,5,4082.3187234518277,0.15569938870909744,2781,108.25,4190.568723451828
0.25,Amazon,30419,6,8685.332684443236,0.0,6859,0.0,8685.332684443236
0.25,Amazon,30449,6,6930.958642387422,0.0,5275,0.0,6930.958642387422
0.25,Amazon,30453,6,4953.369950665476,0.0,3593,0.0,4953.369950665476
0.25,Amazon,30455,5,4628.832207073609,0.10205371248025276,3165,80.75,4709.582207073609
0.25,Amazon,30457,5,4764.305655314619,0.10370134014039566,3134,81.25,4845.555655314619
0.25,Amazon,30459,6,4721.113690320388,0.0,3087,0.0,4721.113690320388
0.25,Amazon,30519,5,7742.948953362085,0.15940450254175745,5508,219.5,7962.448953362085
0.25,Amazon,30539,6,5232.56483537078,0.0,3516,0.0,5232.56483537078
0.25,Amazon,30559,6,7936.80103693811,0.0,5369,0.0,7936.80103693811
0.25,Amazon,30625,6,4833.5787808117675,0.0,3180,0.0,4833.5787808117675
0.25,Amazon,30627,5,3499.6917451721242,0.14114832535885166,2090,73.75,3573.4417451721242
0.25,Amazon,30629,6,4483.669440977608,0.0,2757,0.0,4483.669440977608
0.25,Amazon,30655,6,5134.034576870573,0.0,3642,0.0,5134.034576870573
0.25,Amazon,30657,6,5211.641795669652,0.0,3559,0.0,5211.641795669652
0.25,Amazon,30659,6,4808.930135185106,0.0,3002,0.0,4808.930135185106
0.25,Amazon,30823,6,5492.8333908221575,0.0,4370,0.0,5492.8333908221575
0.25,Amazon,30826,6,5309.400426435489,0.0,3852,0.0,5309.400426435489
0.25,Amazon,30827,6,4406.282253025094,0.0,3498,0.0,4406.282253025094
0.25,Amazon,30851,6,4461.2266132019995,0.0,3032,0.0,4461.2266132019995
0.25,Amazon,30853,6,4295.473522234693,0.0,2911,0.0,4295.473522234693
0.25,Amazon,30855,5,15784.21849648363,0.18805179517363155,13592,639.0,16423.21849648363
0.25,Amazon,30880,5,10593.160015417352,0.11275283316597332,6971,196.5,10789.660015417352
0.25,Amazon,30890,4,9321.982544894385,0.2997539218701938,6502,487.25,9809.232544894385
0.25,Amazon,30900,3,10273.05888437881,0.44352782360881954,6667,739.25,11012.30888437881
0.25,Amazon,30916,4,9102.29637124723,0.33322517845554833,6164,513.5,9615.79637124723
0.25,Amazon,30926,4,8157.471410490188,0.343010413379615,6338,543.5,8700.971410490187
0.25,Amazon,30938,4,8249.578127333903,0.28962933753943215,5072,367.24999999999994,8616.828127333903
0.25,Amazon,30952,6,6792.522249966714,0.0,4476,0.0,6792.522249966714
0.25,Amazon,30966,6,6753.487289755222,0.0,4221,0.0,6753.487289755222
0.25,Amazon,30974,6,5185.498167842292,0.0,2971,0.0,5185.498167842292
0.25,Amazon,30982,5,5395.83322329835,0.11202365308804205,3044,85.25,5481.08322329835
0.25,Amazon,30989,5,5120.434738049539,0.11246786632390746,3112,87.5,5207.934738049539
0.25,Amazon,31275,4,13234.52469081192,0.27654867256637167,8588,593.75,13828.27469081192
0.25,Amazon,31303,3,8884.999979311626,0.5717244950802693,5793,828.0000000000001,9712.999979311626
0.25,Amazon,31311,3,7768.090669519706,0.4708701134930643,3965,466.75,8234.840669519706
0.25,Amazon,31319,4,8328.593857788195,0.3379877582249426,5228,441.74999999999994,8770.343857788195
0.25,Amazon,31515,5,11806.944644858862,0.11771441658078553,8733,257.0,12063.944644858862
0.25,Amazon,31535,3,13065.22846062885,0.48846376811594205,8625,1053.25,14118.47846062885
0.25,Amazon,31832,4,9836.005844817386,0.2720453713867545,5466,371.75,10207.755844817386
0.25,DHL,30159,6,21425.132453693925,0.0,23058,0.0,21425.132453693925
0.25,DHL,30161,6,10896.842490106472,0.0,11554,0.0,10896.842490106472
0.25,DHL,30163,6,9949.803363797471,0.0,10484,0.0,9949.803363797471
0.25,DHL,30165,6,8802.876567972335,0.0,8599,0.0,8802.876567972335
0.25,DHL,30167,6,13153.912834635783,0.0,13892,0.0,13153.912834635783
0.25,DHL,30169,6,5443.510365830029,0.0,5294,0.0,5443.510365830029
0.25,DHL,30173,6,9027.275959686367,0.0,8547,0.0,9027.275959686367
0.25,DHL,30177,6,6801.611388745387,0.0,6260,0.0,6801.611388745387
0.25,DHL,30179,6,7025.737693154014,0.0,6322,0.0,7025.737693154014
0.25,DHL,30419,6,15488.762582133773,0.0,14775,0.0,15488.762582133773
0.25,DHL,30449,6,7469.2241491514915,0.0,7431,0.0,7469.2241491514915
0.25,DHL,30453,6,8951.952033907073,0.0,8150,0.0,8951.952033907073
0.25,DHL,30455,6,7533.4371442876145,0.0,6748,0.0,7533.4371442876145
0.25,DHL,30457,6,7270.894456096109,0.0,6736,0.0,7270.894456096109
0.25,DHL,30459,6,6651.002162382179,0.0,6561,0.0,6651.002162382179
0.25,DHL,30519,6,13272.168787294228,0.0,12645,0.0,13272.168787294228
0.25,DHL,30539,6,9349.501232628127,0.0,8372,0.0,9349.501232628127
0.25,DHL,30559,6,12373.65925832722,0.0,12320,0.0,12373.65925832722
0.25,DHL,30625,6,8096.802842174482,0.0,7084,0.0,8096.802842174482
0.25,DHL,30627,6,5606.363090833329,0.0,4809,0.0,5606.363090833329
0.25,DHL,30629,6,6766.974846046077,0.0,5907,0.0,6766.974846046077
0.25,DHL,30655,6,8869.786833512764,0.0,7945,0.0,8869.786833512764
0.25,DHL,30657,6,9992.167827012736,0.0,9056,0.0,9992.167827012736
0.25,DHL,30659,6,7898.329610710899,0.0,6829,0.0,7898.329610710899
0.25,DHL,30823,6,10208.877886178407,0.0,9437,0.0,10208.877886178407
0.25,DHL,30826,6,9412.56972551855,0.0,8281,0.0,9412.56972551855
0.25,DHL,30827,6,8625.617953447312,0.0,8048,0.0,8625.617953447312
0.25,DHL,30851,6,7140.564548697186,0.0,6654,0.0,7140.564548697186
0.25,DHL,30853,6,7954.150022203881,0.0,7164,0.0,7954.150022203881
0.25,DHL,30855,4,27859.783725723388,0.48298532903147257,32854,3967.0,31826.783725723388
0.25,DHL,30880,6,18007.36898635567,0.0,16161,0.0,18007.36898635567
0.25,DHL,30890,6,15947.754646399117,0.0,13989,0.0,15947.754646399117
0.25,DHL,30900,3,15731.589757424526,0.4964063248682319,14609,1813.0,17544.589757424525
0.25,DHL,30916,5,17004.807702487706,0.16883923029174425,14499,612.0,17616.807702487706
0.25,DHL,30926,6,14434.82758928225,0.0,13519,0.0,14434.82758928225
0.25,DHL,30938,6,14554.779241554967,0.0,12030,0.0,14554.779241554967
0.25,DHL,30952,5,10853.064823082157,0.18076011947677412,9709,438.75,11291.814823082157
0.25,DHL,30966,6,10624.352717702506,0.0,9182,0.0,10624.352717702506
0.25,DHL,30974,6,7703.025014293544,0.0,6515,0.0,7703.025014293544
0.25,DHL,30982,5,7895.650484957402,0.16516562356892078,6551,270.5,8166.150484957402
0.25,DHL,30989,5,8350.794065713026,0.17278175705306242,6841,295.5,8646.294065713026
0.25,DHL,31275,6,20741.197757085225,0.0,18743,0.0,20741.197757085225
0.25,DHL,31303,6,13739.115623819012,0.0,12605,0.0,13739.115623819012
0.25,DHL,31311,5,10353.723837012923,0.10551474874664801,8577,226.25,10579.973837012923
0.25,DHL,31319,6,12210.553941257438,0.0,10967,0.0,12210.553941257438
0.25,DHL,31515,6,20814.204304395767,0.0,19286,0.0,20814.204304395767
0.25,DHL,31535,4,19942.106326583602,0.28371013867155886,18533,1314.5,21256.606326583602
0.25,DHL,31832,5,13813.624585232392,0.18316249369853807,11902,545.0,14358.624585232392
0.25,DPD,30159,6,6745.43642982665,0.0,4783,0.0,6745.43642982665
0.25,DPD,30161,6,3572.3066172774998,0.0,2359,0.0,3572.3066172774998
0.25,DPD,30163,5,3270.379327143475,0.1063627730294397,2106,56.0,3326.379327143475
0.25,DPD,30165,4,3050.4109064757604,0.34035287421741606,1757,149.5,3199.9109064757604
0.25,DPD,30167,6,4575.293145375498,0.0,2824,0.0,4575.293145375498
0.25,DPD,30173,6,3028.2905288174024,0.0,1708,0.0,3028.2905288174024
0.25,DPD,30177,6,2209.9404705919,0.0,1250,0.0,2209.9404705919
0.25,DPD,30179,5,2367.83424851606,0.18152866242038215,1256,56.99999999999999,2424.83424851606
0.25,DPD,30419,5,5114.246880209659,0.11091672498250525,2858,79.25,5193.496880209659
0.25,DPD,30449,6,4228.42693330016,0.0,2554,0.0,4228.42693330016
0.25,DPD,30453,4,3456.729722712078,0.3057442865966646,1619,123.74999999999999,3580.479722712078
0.25,DPD,30455,4,2909.8066199118553,0.334597875569044,1318,110.25,3020.0566199118553
0.25,DPD,30457,4,2856.602010148979,0.31760299625468164,1335,106.0,2962.602010148979
0.25,DPD,30459,5,2514.7220281418518,0.1822429906542056,1284,58.5,2573.2220281418518
0.25,DPD,30519,5,4191.915231884102,0.18779527559055118,2540,119.25,4311.165231884102
0.25,DPD,30539,3,3099.3824487416123,0.49144542772861355,1695,208.25,3307.6324487416123
0.25,DPD,30559,4,3737.1641293623316,0.28415079043372515,2467,175.25,3912.4141293623316
0.25,DPD,30625,5,2795.475424909817,0.15373665480427046,1405,54.0,2849.475424909817
0.25,DPD,30627,6,1702.8075328692416,0.0,971,0.0,1702.8075328692416
0.25,DPD,30629,6,2022.2450338148715,0.0,1173,0.0,2022.2450338148715
0.25,DPD,30655,4,2831.1990472825314,0.27911515940143133,1537,107.24999999999999,2938.4490472825314
0.25,DPD,30657,4,3236.827287178435,0.33815648445873525,1866,157.75,3394.577287178435
0.25,DPD,30659,6,2618.465789423123,0.0,1368,0.0,2618.465789423123
0.25,DPD,30823,4,3674.7572762541818,0.3326191751472951,1867,155.25,3830.0072762541818
0.25,DPD,30826,3,3820.8829209289725,0.48139109212934716,1639,197.25,4018.1329209289725
0.25,DPD,30827,4,3427.2707508541075,0.26983135540287323,1601,108.00000000000001,3535.2707508541075
0.25,DPD,30851,5,2383.88172104397,0.18110850897736144,1281,58.0,2441.88172104397
0.25,DPD,30853,4,2900.5606023547452,0.34829931972789113,1470,127.99999999999999,3028.5606023547452
0.25,DPD,30855,4,9216.901746043488,0.33128374325134974,6668,552.25,9769.151746043488
0.25,DPD,30880,3,5196.857344758825,0.4550231839258114,3235,368.0,5564.857344758825
0.25,DPD,30890,3,5893.130303348307,0.45341159207630227,2726,309.0,6202.130303348307
0.25,DPD,30900,3,6359.991375523033,0.44452271926734765,2839,315.5,6675.491375523033
0.25,DPD,30916,4,4986.928505785493,0.334248455730954,2914,243.5,5230.428505785493
0.25,DPD,30926,3,5447.282246278592,0.45847554038680316,2637,302.25,5749.532246278592
0.25,DPD,30938,4,4898.577430857689,0.2906301824212272,2412,175.25,5073.827430857689
0.25,DPD,30952,3,4064.5800299615885,0.46174142480211083,1895,218.75,4283.3300299615885
0.25,DPD,30966,4,3798.4749463700873,0.32484781405644714,1807,146.75,3945.2249463700873
0.25,DPD,30974,3,3379.1766137167624,0.6375,1280,204.0,3583.1766137167624
0.25,DPD,30982,4,3306.8520720177435,0.34507042253521125,1278,110.25,3417.1020720177435
0.25,DPD,30989,3,3504.6814230122964,0.46238938053097345,1356,156.75,3661.4314230122964
0.25,DPD,31275,3,5844.926683915835,0.5717814987647544,3643,520.75,6365.676683915835
0.25,DPD,31303,4,4789.914942501034,0.28061019670814935,2491,174.75,4964.664942501034
0.25,DPD,31311,3,4180.259307252564,0.546060606060606,1650,225.24999999999997,4405.509307252564
0.25,DPD,31319,4,3973.935085551071,0.4037825059101655,2115,213.50000000000003,4187.435085551071
0.25,DPD,31515,3,7407.524373387611,0.6298530954879329,3812,600.25,8007.774373387611
0.25,DPD,31535,2,8000.282794704612,0.9335566722501396,3582,836.0,8836.282794704612
0.25,DPD,31832,3,5678.16438185735,0.49155478562148114,2309,283.75,5961.91438185735
0.25,FedEx,30159,6,12718.231786828019,0.0,9864,0.0,12718.231786828019
0.25,FedEx,30161,6,5117.62082484508,0.0,3810,0.0,5117.62082484508
0.25,FedEx,30163,6,7975.018302233126,0.0,6210,0.0,7975.018302233126
0.25,FedEx,30167,6,5034.453120713282,0.0,3775,0.0,5034.453120713282
0.25,FedEx,30419,5,3131.4949819039834,0.1053247513165594,1709,45.0,3176.4949819039834
0.25,FedEx,30449,6,5070.480072832069,0.0,3703,0.0,5070.480072832069
0.25,FedEx,30453,5,3247.236486950457,0.11345646437994723,1516,43.0,3290.236486950457
0.25,FedEx,30455,4,1871.681796193453,0.28104575163398693,612,43.0,1914.681796193453
0.25,FedEx,30457,5,1985.518844528548,0.10282776349614396,778,20.0,2005.518844528548
0.25,FedEx,30519,5,4091.6091735285604,0.13870151770657674,2372,82.25,4173.859173528561
0.25,FedEx,30539,6,4152.305372826759,0.0,2429,0.0,4152.305372826759
0.25,FedEx,30559,6,5277.723812006553,0.0,3144,0.0,5277.723812006553
0.25,FedEx,30625,5,3641.0591341287036,0.10542844324809332,2229,58.75,3699.8091341287036
0.25,FedEx,30655,6,3433.7185775447538,0.0,2242,0.0,3433.7185775447538
0.25,FedEx,30657,6,4470.593996761694,0.0,3429,0.0,4470.593996761694
0.25,FedEx,30823,6,1961.9849632795315,0.0,878,0.0,1961.9849632795315
0.25,FedEx,30827,6,4096.161855811475,0.0,2757,0.0,4096.161855811475
0.25,FedEx,30853,6,4453.819539562914,0.0,3029,0.0,4453.819539562914
0.25,FedEx,30855,5,10999.801444916186,0.10972918756268807,9970,273.5,11273.301444916186
0.25,FedEx,30880,6,5741.552839090982,0.0,3498,0.0,5741.552839090982
0.25,FedEx,30890,3,3371.6659529151843,0.6424668227946917,1281,205.75000000000003,3577.4159529151843
0.25,FedEx,30900,3,3838.7286975108327,0.445835942391985,1597,178.0,4016.7286975108327
0.25,FedEx,30916,6,5240.3696223713005,0.0,3245,0.0,5240.3696223713005
0.25,FedEx,30926,3,3017.606113406068,0.45734597156398105,1266,144.75,3162.356113406068
0.25,FedEx,30938,5,5415.35271858315,0.11082721175343341,3131,86.75,5502.10271858315
0.25,FedEx,30952,6,2775.4512231381723,0.0,979,0.0,2775.4512231381723
0.25,FedEx,30966,6,2488.5376856129433,0.0,1063,0.0,2488.5376856129433
0.25,FedEx,30974,5,2336.1064675816524,0.11596009975062344,802,23.25,2359.3564675816524
0.25,FedEx,30982,6,2379.2604748942445,0.0,618,0.0,2379.2604748942445
0.25,FedEx,30989,6,2431.4853535221046,0.0,876,0.0,2431.4853535221046
0.25,FedEx,31275,4,4598.235094882853,0.4017815283638069,2133,214.25000000000003,4812.485094882853
0.25,FedEx,31303,3,3408.7475854791055,0.6387771520514883,1243,198.5,3607.2475854791055
0.25,FedEx,31311,6,2818.577694291381,0.0,675,0.0,2818.577694291381
0.25,FedEx,31319,5,2826.5065549841106,0.10119840213049268,751,19.0,2845.5065549841106
0.25,FedEx,31515,4,4672.2386512310095,0.3228410008071025,2478,200.0,4872.2386512310095
0.25,FedEx,31535,2,4708.827192407938,0.9760598503740648,2005,489.25,5198.077192407938
0.25,FedEx,31832,3,3629.5153612866643,0.44569288389513106,1068,119.0,3748.5153612866643
0.25,GLS,30159,6,4642.731630176733,0.0,3332,0.0,4642.731630176733
0.25,GLS,30161,6,2986.081313787293,0.0,1649,0.0,2986.081313787293
0.25,GLS,30163,5,4482.514404535268,0.1085326669046769,2801,76.0,4558.514404535268
0.25,GLS,30165,6,2405.2247120162715,0.0,1358,0.0,2405.2247120162715
0.25,GLS,30167,5,3481.665821617201,0.10759198882161156,2147,57.75,3539.415821617201
0.25,GLS,30173,6,2467.3206708480106,0.0,1424,0.0,2467.3206708480106
0.25,GLS,30179,6,2030.2594095239801,0.0,1034,0.0,2030.2594095239801
0.25,GLS,30419,4,4707.03439410367,0.3297669086740543,2617,215.75,4922.78439410367
0.25,GLS,30449,4,3345.1885449861898,0.2847046945986875,1981,141.0,3486.1885449861898
0.25,GLS,30453,3,2909.939772158523,0.57319737800437,1373,196.75,3106.689772158523
0.25,GLS,30455,5,2614.239625687849,0.19400499583680267,1201,58.25,2672.489625687849
0.25,GLS,30457,5,2372.991010389012,0.2043734230445753,1189,60.75000000000001,2433.741010389012
0.25,GLS,30459,6,1876.236727895414,0.0,1169,0.0,1876.236727895414
0.25,GLS,30519,5,3468.09920395033,0.11612284069097889,2084,60.5,3528.59920395033
0.25,GLS,30539,6,2447.219634346096,0.0,1310,0.0,2447.219634346096
0.25,GLS,30559,5,3619.8724968785673,0.11078431372549019,2040,56.5,3676.3724968785673
0.25,GLS,30625,5,2156.6925990796108,0.16455696202531644,1185,48.75,2205.4425990796108
0.25,GLS,30627,5,1751.9846385534595,0.1111111111111111,774,21.5,1773.4846385534595
0.25,GLS,30629,6,2094.2697610443015,0.0,1080,0.0,2094.2697610443015
0.25,GLS,30655,4,2866.0920854201395,0.34562545191612437,1383,119.5,2985.5920854201395
0.25,GLS,30657,5,2755.6441019207437,0.18566037735849056,1325,61.5,2817.1441019207437
0.25,GLS,30659,6,2165.5626302364476,0.0,1138,0.0,2165.5626302364476
0.25,GLS,30823,3,3593.509397380681,0.47717842323651455,1687,201.25,3794.759397380681
0.25,GLS,30826,3,3846.0648912082497,0.5655405405405406,1480,209.25000000000003,4055.3148912082497
0.25,GLS,30827,5,2962.5236698673675,0.18181818181818182,1331,60.5,3023.0236698673675
0.25,GLS,30851,6,2097.4205946859483,0.0,1137,0.0,2097.4205946859483
0.25,GLS,30853,6,2190.0844891648285,0.0,1083,0.0,2190.0844891648285
0.25,GLS,30855,5,7706.677732313997,0.18783017022109177,5111,240.00000000000003,7946.677732313997
0.25,GLS,30880,4,4099.950782197533,0.3300380228136882,2630,217.0,4316.950782197533
0.25,GLS,30890,3,5328.33965652892,0.45042492917847027,2471,278.25,5606.58965652892
0.25,GLS,30900,3,6029.9936224150215,0.44149577804583834,2487,274.5,6304.4936224150215
0.25,GLS,30916,5,4532.7930810644,0.11291739894551846,2276,64.25,4597.0430810644
0.25,GLS,30926,4,4867.598247502747,0.32589838909541513,2421,197.25,5064.848247502747
0.25,GLS,30938,2,4379.771012724125,0.9300587293112653,1873,435.5,4815.271012724125
0.25,GLS,30952,3,3523.6363572140176,0.4801169590643275,1710,205.25,3728.8863572140176
0.25,GLS,30966,3,3148.980724841992,0.4891908585546634,1619,198.0,3346.980724841992
0.25,GLS,30974,6,2912.392838204481,0.0,1120,0.0,2912.392838204481
0.25,GLS,30982,5,2672.3930166718214,0.17157712305025996,1154,49.5,2721.8930166718214
0.25,GLS,30989,6,2798.376100761728,0.0,1172,0.0,2798.376100761728
0.25,GLS,31275,4,6265.233847177403,0.2835450883173226,3227,228.75000000000003,6493.983847177403
0.25,GLS,31303,3,4857.939587026124,0.5919384057971014,2208,326.75,5184.689587026124
0.25,GLS,31311,2,4196.944226928347,0.8867161159811193,1483,328.75,4525.694226928347
0.25,GLS,31319,4,3965.246309895879,0.40201511335012596,1985,199.5,4164.74630989588
0.25,GLS,31515,4,7159.141913669824,0.2862362971985384,3284,235.0,7394.141913669824
0.25,GLS,31535,2,7759.878744411333,0.914161760148745,3227,737.5,8497.378744411333
0.25,GLS,31832,4,4704.113824888479,0.39681005316578055,2069,205.25,4909.363824888479
0.25,Hermes,30159,6,5733.224620250021,0.0,4412,0.0,5733.224620250021
0.25,Hermes,30161,6,3199.481172195214,0.0,2187,0.0,3199.481172195214
0.25,Hermes,30163,6,3149.747408424128,0.0,2318,0.0,3149.747408424128
0.25,Hermes,30165,6,3068.6506500487,0.0,1888,0.0,3068.6506500487
0.25,Hermes,30167,6,4191.407588044548,0.0,2918,0.0,4191.407588044548
0.25,Hermes,30173,6,3381.0704854709033,0.0,1982,0.0,3381.0704854709033
0.25,Hermes,30177,6,2890.100281124943,0.0,1604,0.0,2890.100281124943
0.25,Hermes,30179,6,2910.160615852085,0.0,1492,0.0,2910.160615852085
0.25,Hermes,30419,6,5349.858727332469,0.0,3791,0.0,5349.858727332469
0.25,Hermes,30449,4,3984.5398675081883,0.32449127906976744,2752,223.25,4207.789867508189
0.25,Hermes,30453,5,3435.2423634423303,0.11388455538221529,1923,54.75,3489.9923634423303
0.25,Hermes,30455,3,3181.9187950603637,0.4788015828151498,1769,211.75,3393.6687950603637
0.25,Hermes,30457,4,3284.7003654275686,0.31664726426076834,1718,136.0,3420.7003654275686
0.25,Hermes,30459,4,3224.342595769506,0.3370197904540163,1718,144.75,3369.092595769506
0.25,Hermes,30519,5,4913.197684503319,0.15924657534246575,2920,116.25,5029.447684503319
0.25,Hermes,30539,4,3462.0981808239067,0.33965330444203684,1846,156.75,3618.8481808239067
0.25,Hermes,30559,3,4949.6935100333985,0.4566256830601093,2928,334.25,5283.9435100333985
0.25,Hermes,30625,3,3065.4079878155503,0.43811737361998837,1721,188.5,3253.9079878155503
0.25,Hermes,30627,6,1800.235438802243,0.0,1110,0.0,1800.235438802243
0.25,Hermes,30629,3,3074.000445262499,0.46243523316062174,1544,178.5,3252.500445262499
0.25,Hermes,30655,5,3362.309298837462,0.11352169525731584,1982,56.25,3418.559298837462
0.25,Hermes,30657,6,3111.094528158594,0.0,1834,0.0,3111.094528158594
0.25,Hermes,30659,3,3086.6578525633695,0.4562066792690611,1587,181.0,3267.6578525633695
0.25,Hermes,30823,4,3774.2994635241953,0.2860738255033557,2384,170.5,3944.7994635241953
0.25,Hermes,30826,5,4003.5336413900554,0.12059369202226346,2156,65.0,4068.5336413900554
0.25,Hermes,30827,6,3094.2868268624684,0.0,1865,0.0,3094.2868268624684
0.25,Hermes,30851,6,2771.6415924617286,0.0,1650,0.0,2771.6415924617286
0.25,Hermes,30853,6,2517.942276990752,0.0,1477,0.0,2517.942276990752
0.25,Hermes,30855,6,8779.652974651703,0.0,7102,0.0,8779.652974651703
0.25,Hermes,30880,6,6557.610295895224,0.0,3668,0.0,6557.610295895224
0.25,Hermes,30890,2,6310.71171564086,0.917910447761194,3618,830.25,7140.96171564086
0.25,Hermes,30900,3,6430.081515330296,0.568331503841932,3644,517.75,6947.831515330296
0.25,Hermes,30916,4,5413.645432460124,0.2905321782178218,3232,234.75,5648.395432460124
0.25,Hermes,30926,6,6011.173799751178,0.0,3537,0.0,6011.173799751178
0.25,Hermes,30938,4,5396.698941410892,0.3392319277108434,2656,225.25,5621.948941410892
0.25,Hermes,30952,3,4480.051090139417,0.45860128617363344,2488,285.25,4765.301090139417
0.25,Hermes,30966,5,4225.261001498014,0.11413748378728923,2313,66.0,4291.261001498014
0.25,Hermes,30974,3,3801.68235493819,0.47029702970297027,1616,190.0,3991.68235493819
0.25,Hermes,30982,3,3834.6729468853955,0.49107142857142855,1680,206.25,4040.9229468853955
0.25,Hermes,30989,3,3587.094887678275,0.4824509220701963,1681,202.75,3789.844887678275
0.25,Hermes,31275,3,7936.927717858659,0.5672626649638144,4698,666.25,8603.17771785866
0.25,Hermes,31303,3,6039.734257567637,0.5485605820942739,3161,433.5,6473.234257567637
0.25,Hermes,31311,3,5312.430308446614,0.5537340619307832,2196,304.0,5616.430308446614
0.25,Hermes,31319,3,5784.325289723655,0.44238046095631234,2907,321.5,6105.825289723655
0.25,Hermes,31515,4,8060.5914975898795,0.30706179066834804,4758,365.25,8425.84149758988
0.25,Hermes,31535,3,9210.541299164335,0.452510460251046,4780,540.75,9751.291299164335
0.25,Hermes,31832,2,6350.449521833253,0.912106135986733,3015,687.5,7037.949521833253
0.25,UPS,30159,5,13987.481624235177,0.11029224904701397,11805,325.5,14312.981624235177
0.25,UPS,30161,6,5890.635111592997,0.0,4726,0.0,5890.635111592997
0.25,UPS,30163,6,6349.944745490952,0.0,5283,0.0,6349.944745490952
0.25,UPS,30165,6,3734.612092283068,0.0,2701,0.0,3734.612092283068
0.25,UPS,30167,6,5814.4595762356885,0.0,4551,0.0,5814.4595762356885
0.25,UPS,30419,5,3321.6821367348684,0.10910862152946907,2053,56.0,3377.6821367348684
0.25,UPS,30449,6,6674.182899507537,0.0,4685,0.0,6674.182899507537
0.25,UPS,30453,5,3272.2068414615296,0.16749038989566173,1821,76.25,3348.4568414615296
0.25,UPS,30455,5,1948.5846098372904,0.09236453201970443,812,18.75,1967.3346098372904
0.25,UPS,30457,6,2082.9256820867663,0.0,1021,0.0,2082.9256820867663
0.25,UPS,30519,5,4850.654951346568,0.15469973890339425,3064,118.5,4969.154951346568
0.25,UPS,30539,6,4485.850061676111,0.0,2701,0.0,4485.850061676111
0.25,UPS,30559,5,4823.105758307208,0.10592808551992225,3087,81.75,4904.855758307208
0.25,UPS,30625,4,4070.7988148266895,0.3270993766043271,2727,223.0,4293.7988148266895
0.25,UPS,30655,6,2094.0257327831955,0.0,1218,0.0,2094.0257327831955
0.25,UPS,30657,6,4716.19795217861,0.0,3745,0.0,4716.19795217861
0.25,UPS,30659,5,3520.7694460107637,0.10733752620545073,2385,64.0,3584.7694460107637
0.25,UPS,30823,4,2835.111126945175,0.34779356768885566,1337,116.25,2951.361126945175
0.25,UPS,30826,6,2042.7216152816727,0.0,1105,0.0,2042.7216152816727
0.25,UPS,30827,6,3318.772929682461,0.0,2105,0.0,3318.772929682461
0.25,UPS,30853,6,4528.522142755246,0.0,3668,0.0,4528.522142755246
0.25,UPS,30855,6,12308.304707064348,0.0,11475,0.0,12308.304707064348
0.25,UPS,30880,6,6984.527492927398,0.0,4190,0.0,6984.527492927398
0.25,UPS,30890,3,4085.718953567879,0.45069637883008357,1795,202.25,4287.968953567879
0.25,UPS,30900,4,4558.294904190638,0.30480072463768115,2208,168.25,4726.544904190638
0.25,UPS,30916,6,5894.597782277826,0.0,4019,0.0,5894.597782277826
0.25,UPS,30926,3,3528.88881010675,0.48225214198286415,1634,197.0,3725.88881010675
0.25,UPS,30938,6,5900.509623828604,0.0,3590,0.0,5900.509623828604
0.25,UPS,30952,4,3269.7490770827258,0.3370955605718585,1329,112.0,3381.7490770827258
0.25,UPS,30966,4,3159.8685935552508,0.3246753246753247,1386,112.5,3272.3685935552508
0.25,UPS,30974,6,2944.0941408457325,0.0,1072,0.0,2944.0941408457325
0.25,UPS,30982,4,2865.1131731050095,0.3724373576309795,878,81.75,2946.8631731050095
0.25,UPS,30989,5,2990.270545648429,0.18052057094878254,1191,53.75,3044.020545648429
0.25,UPS,31275,3,5594.498564312445,0.5633608815426997,2904,409.0,6003.498564312445
0.25,UPS,31303,3,4084.521643592849,0.4445676274944568,1804,200.5,4285.021643592849
0.25,UPS,31311,2,3379.042672652408,0.876647834274953,1062,232.75,3611.792672652408
0.25,UPS,31319,3,2971.539780759282,0.6075829383886255,1055,160.24999999999997,3131.789780759282
0.25,UPS,31515,4,6050.2335717463975,0.33556842426089606,3281,275.25,6325.4835717463975
0.25,UPS,31535,2,5424.313851059647,0.9618825359782186,2571,618.25,6042.563851059647
0.25,UPS,31832,2,4251.337264191236,0.9077881619937694,1605,364.25,4615.587264191236
0.5,Amazon,30159,6,11687.758591886499,0.0,9019,0.0,11687.758591886499
0.5,Amazon,30161,6,6198.076199381901,0.0,4512,0.0,6198.076199381901
0.5,Amazon,30163,6,5887.274416922319,0.0,4469,0.0,5887.274416922319
0.5,Amazon,30165,6,4696.3632925800775,0.0,3574,0.0,4696.3632925800775
0.5,Amazon,30167,6,7124.980941103149,0.0,5730,0.0,7124.980941103149
0.5,Amazon,30173,6,5184.403263125373,0.0,3759,0.0,5184.403263125373
0.5,Amazon,30177,6,4295.3755099319715,0.0,2906,0.0,4295.3755099319715
0.5,Amazon,30179,5,4082.3187234518277,0.15569938870909744,2781,216.5,4298.818723451828
0.5,Amazon,30419,6,8685.332684443236,0.0,6859,0.0,8685.332684443236
0.5,Amazon,30449,6,6930.958642387422,0.0,5275,0.0,6930.958642387422
0.5,Amazon,30453,6,4953.369950665476,0.0,3593,0.0,4953.369950665476
0.5,Amazon,30455,6,4733.969914501729,0.0,3165,0.0,4733.969914501729
0.5,Amazon,30457,6,4861.272760888753,0.0,3134,0.0,4861.272760888753
0.5,Amazon,30459,6,4721.113690320388,0.0,3087,0.0,4721.113690320388
0.5,Amazon,30519,6,7989.408733574742,0.0,5508,0.0,7989.408733574742
0.5,Amazon,30539,6,5232.56483537078,0.0,3516,0.0,5232.56483537078
0.5,Amazon,30559,6,7936.80103693811,0.0,5369,0.0,7936.80103693811
0.5,Amazon,30625,6,4833.5787808117675,0.0,3180,0.0,4833.5787808117675
0.5,Amazon,30627,6,3579.2895236259706,0.0,2090,0.0,3579.2895236259706
0.5,Amazon,30629,6,4483.669440977608,0.0,2757,0.0,4483.669440977608
0.5,Amazon,30655,6,5134.034576870573,0.0,3642,0.0,5134.034576870573
0.5,Amazon,30657,6,5211.641795669652,0.0,3559,0.0,5211.641795669652
0.5,Amazon,30659,6,4808.930135185106,0.0,3002,0.0,4808.930135185106
0.5,Amazon,30823,6,5492.8333908221575,0.0,4370,0.0,5492.8333908221575
0.5,Amazon,30826,6,5309.400426435489,0.0,3852,0.0,5309.400426435489
0.5,Amazon,30827,6,4406.282253025094,0.0,3498,0.0,4406.282253025094
0.5,Amazon,30851,6,4461.2266132019995,0.0,3032,0.0,4461.2266132019995
0.5,Amazon,30853,6,4295.473522234693,0.0,2911,0.0,4295.473522234693
0.5,Amazon,30855,6,16425.713131956443,0.0,13592,0.0,16425.713131956443
0.5,Amazon,30880,6,10836.49486333059,0.0,6971,0.0,10836.49486333059
0.5,Amazon,30890,6,9949.99293278101,0.0,6502,0.0,9949.99293278101
0.5,Amazon,30900,5,11081.084764325018,0.16334183290835458,6667,544.5,11625.584764325018
0.5,Amazon,30916,5,9369.187418719126,0.17748215444516546,6164,547.0,9916.187418719126
0.5,Amazon,30926,6,8780.42111083368,0.0,6338,0.0,8780.42111083368
0.5,Amazon,30938,5,8419.497467113692,0.17764195583596215,5072,450.5,8869.997467113692
0.5,Amazon,30952,6,6792.522249966714,0.0,4476,0.0,6792.522249966714
0.5,Amazon,30966,6,6753.487289755222,0.0,4221,0.0,6753.487289755222
0.5,Amazon,30974,6,5185.498167842292,0.0,2971,0.0,5185.498167842292
0.5,Amazon,30982,6,5545.048582884666,0.0,3044,0.0,5545.048582884666
0.5,Amazon,30989,6,5239.8327189564525,0.0,3112,0.0,5239.8327189564525
0.5,Amazon,31275,6,14011.694458512184,0.0,8588,0.0,14011.694458512184
0.5,Amazon,31303,4,9325.717489260694,0.27015363369583983,5793,782.5000000000001,10108.217489260694
0.5,Amazon,31311,4,7992.976851285296,0.269609079445145,3965,534.5,8527.476851285297
0.5,Amazon,31319,6,9006.598190484336,0.0,5228,0.0,9006.598190484336
0.5,Amazon,31515,6,12109.355310297444,0.0,8733,0.0,12109.355310297444
0.5,Amazon,31535,6,14649.713985934406,0.0,8625,0.0,14649.713985934406
0.5,Amazon,31832,5,10142.975138162083,0.1128796194657885,5466,308.5,10451.475138162083
0.5,DHL,30159,6,21425.132453693925,0.0,23058,0.0,21425.132453693925
0.5,DHL,30161,6,10896.842490106472,0.0,11554,0.0,10896.842490106472
0.5,DHL,30163,6,9949.803363797471,0.0,10484,0.0,9949.803363797471
0.5,DHL,30165,6,8802.876567972335,0.0,8599,0.0,8802.876567972335
0.5,DHL,30167,6,13153.912834635783,0.0,13892,0.0,13153.912834635783
0.5,DHL,30169,6,5443.510365830029,0.0,5294,0.0,5443.510365830029
0.5,DHL,30173,6,9027.275959686367,0.0,8547,0.0,9027.275959686367
0.5,DHL,30177,6,6801.611388745387,0.0,6260,0.0,6801.611388745387
0.5,DHL,30179,6,7025.737693154014,0.0,6322,0.0,7025.737693154014
0.5,DHL,30419,6,15488.762582133773,0.0,14775,0.0,15488.762582133773
0.5,DHL,30449,6,7469.2241491514915,0.0,7431,0.0,7469.2241491514915
0.5,DHL,30453,6,8951.952033907073,0.0,8150,0.0,8951.952033907073
0.5,DHL,30455,6,7533.4371442876145,0.0,6748,0.0,7533.4371442876145
0.5,DHL,30457,6,7270.894456096109,0.0,6736,0.0,7270.894456096109
0.5,DHL,30459,6,6651.002162382179,0.0,6561,0.0,6651.002162382179
0.5,DHL,30519,6,13272.168787294228,0.0,12645,0.0,13272.168787294228
0.5,DHL,30539,6,9349.501232628127,0.0,8372,0.0,9349.501232628127
0.5,DHL,30559,6,12373.65925832722,0.0,12320,0.0,12373.65925832722
0.5,DHL,30625,6,8096.802842174482,0.0,7084,0.0,8096.802842174482
0.5,DHL,30627,6,5606.363090833329,0.0,4809,0.0,5606.363090833329
0.5,DHL,30629,6,6766.974846046077,0.0,5907,0.0,6766.974846046077
0.5,DHL,30655,6,8869.786833512764,0.0,7945,0.0,8869.786833512764
0.5,DHL,30657,6,9992.167827012736,0.0,9056,0.0,9992.167827012736
0.5,DHL,30659,6,7898.329610710899,0.0,6829,0.0,7898.329610710899
0.5,DHL,30823,6,10208.877886178407,0.0,9437,0.0,10208.877886178407
0.5,DHL,30826,6,9412.56972551855,0.0,8281,0.0,9412.56972551855
0.5,DHL,30827,6,8625.617953447312,0.0,8048,0.0,8625.617953447312
0.5,DHL,30851,6,7140.564548697186,0.0,6654,0.0,7140.564548697186
0.5,DHL,30853,6,7954.150022203881,0.0,7164,0.0,7954.150022203881
0.5,DHL,30855,6,32552.34432866005,0.0,32854,0.0,32552.34432866005
0.5,DHL,30880,6,18007.36898635567,0.0,16161,0.0,18007.36898635567
0.5,DHL,30890,6,15947.754646399117,0.0,13989,0.0,15947.754646399117
0.5,DHL,30900,6,18229.388928763692,0.0,14609,0.0,18229.388928763692
0.5,DHL,30916,6,17734.269551035948,0.0,14499,0.0,17734.269551035948
0.5,DHL,30926,6,14434.82758928225,0.0,13519,0.0,14434.82758928225
0.5,DHL,30938,6,14554.779241554967,0.0,12030,0.0,14554.779241554967
0.5,DHL,30952,6,11365.430112451975,0.0,9709,0.0,11365.430112451975
0.5,DHL,30966,6,10624.352717702506,0.0,9182,0.0,10624.352717702506
0.5,DHL,30974,6,7703.025014293544,0.0,6515,0.0,7703.025014293544
0.5,DHL,30982,6,8234.46117714012,0.0,6551,0.0,8234.46117714012
0.5,DHL,30989,6,8649.900505408892,0.0,6841,0.0,8649.900505408892
0.5,DHL,31275,6,20741.197757085225,0.0,18743,0.0,20741.197757085225
0.5,DHL,31303,6,13739.115623819012,0.0,12605,0.0,13739.115623819012
0.5,DHL,31311,6,10648.959166588764,0.0,8577,0.0,10648.959166588764
0.5,DHL,31319,6,12210.553941257438,0.0,10967,0.0,12210.553941257438
0.5,DHL,31515,6,20814.204304395767,0.0,19286,0.0,20814.204304395767
0.5,DHL,31535,6,21637.256139647427,0.0,18533,0.0,21637.256139647427
0.5,DHL,31832,6,14443.460212265947,0.0,11902,0.0,14443.460212265947
0.5,DPD,30159,6,6745.43642982665,0.0,4783,0.0,6745.43642982665
0.5,DPD,30161,6,3572.3066172774998,0.0,2359,0.0,3572.3066172774998
0.5,DPD,30163,6,3334.016654677259,0.0,2106,0.0,3334.016654677259
0.5,DPD,30165,6,3220.920457383544,0.0,1757,0.0,3220.920457383544
0.5,DPD,30167,6,4575.293145375498,0.0,2824,0.0,4575.293145375498
0.5,DPD,30173,6,3028.2905288174024,0.0,1708,0.0,3028.2905288174024
0.5,DPD,30177,6,2209.9404705919,0.0,1250,0.0,2209.9404705919
0.5,DPD,30179,6,2456.3548464568607,0.0,1256,0.0,2456.3548464568607
0.5,DPD,30419,6,5265.1161318874765,0.0,2858,0.0,5265.1161318874765
0.5,DPD,30449,6,4228.42693330016,0.0,2554,0.0,4228.42693330016
0.5,DPD,30453,6,3642.2344276936155,0.0,1619,0.0,3642.2344276936155
0.5,DPD,30455,6,3096.4884420991384,0.0,1318,0.0,3096.4884420991384
0.5,DPD,30457,6,3033.5474025044095,0.0,1335,0.0,3033.5474025044095
0.5,DPD,30459,6,2600.91439635438,0.0,1284,0.0,2600.91439635438
0.5,DPD,30519,6,4320.607386569162,0.0,2540,0.0,4320.607386569162
0.5,DPD,30539,6,3413.7063659864443,0.0,1695,0.0,3413.7063659864443
0.5,DPD,30559,6,3962.3984605122114,0.0,2467,0.0,3962.3984605122114
0.5,DPD,30625,6,2850.320934681696,0.0,1405,0.0,2850.320934681696
0.5,DPD,30627,6,1702.8075328692416,0.0,971,0.0,1702.8075328692416
0.5,DPD,30629,6,2022.2450338148715,0.0,1173,0.0,2022.2450338148715
0.5,DPD,30655,6,2962.2877870695056,0.0,1537,0.0,2962.2877870695056
0.5,DPD,30657,6,3491.1799180397643,0.0,1866,0.0,3491.1799180397643
0.5,DPD,30659,6,2618.465789423123,0.0,1368,0.0,2618.465789423123
0.5,DPD,30823,6,3865.0840833133775,0.0,1867,0.0,3865.0840833133775
0.5,DPD,30826,4,3971.897959376589,0.29591214154972545,1639,242.5,4214.397959376589
0.5,DPD,30827,5,3502.8073175931236,0.11118051217988757,1601,89.0,3591.8073175931236
0.5,DPD,30851,6,2478.115916251141,0.0,1281,0.0,2478.115916251141
0.5,DPD,30853,6,3139.9824024159293,0.0,1470,0.0,3139.9824024159293
0.5,DPD,30855,6,9902.157549572998,0.0,6668,0.0,9902.157549572998
0.5,DPD,30880,6,5724.1369426636065,0.0,3235,0.0,5724.1369426636065
0.5,DPD,30890,3,5893.130303348307,0.45341159207630227,2726,618.0,6511.130303348307
0.5,DPD,30900,3,6359.991375523033,0.44452271926734765,2839,631.0,6990.991375523033
0.5,DPD,30916,5,5262.096231901395,0.11324639670555937,2914,165.0,5427.096231901395
0.5,DPD,30926,3,5447.282246278592,0.45847554038680316,2637,604.5,6051.782246278592
0.5,DPD,30938,4,4910.090253562652,0.2732172470978441,2412,329.5,5239.590253562652
0.5,DPD,30952,4,4178.563765243679,0.3403693931398417,1895,322.5,4501.063765243679
0.5,DPD,30966,5,3950.809930511007,0.15329275041505258,1807,138.5,4089.309930511007
0.5,DPD,30974,4,3534.0896534209605,0.32734375,1280,209.5,3743.5896534209605
0.5,DPD,30982,4,3306.8520720177435,0.34507042253521125,1278,220.5,3527.3520720177435
0.5,DPD,30989,3,3504.6814230122964,0.46238938053097345,1356,313.5,3818.1814230122964
0.5,DPD,31275,5,6506.749258567709,0.1130936041723854,3643,206.0,6712.749258567709
0.5,DPD,31303,4,4789.914942501034,0.28061019670814935,2491,349.5,5139.414942501034
0.5,DPD,31311,3,4215.016030971705,0.4672727272727273,1650,385.5,4600.516030971705
0.5,DPD,31319,5,4174.592449957461,0.10874704491725769,2115,115.0,4289.592449957461
0.5,DPD,31515,5,8132.756266100092,0.11778593913955929,3812,224.5,8357.256266100092
0.5,DPD,31535,3,8640.556668258863,0.5385259631490787,3582,964.5,9605.056668258863
0.5,DPD,31832,3,5678.16438185735,0.49155478562148114,2309,567.5,6245.66438185735
0.5,FedEx,30159,6,12718.231786828019,0.0,9864,0.0,12718.231786828019
0.5,FedEx,30161,6,5117.62082484508,0.0,3810,0.0,5117.62082484508
0.5,FedEx,30163,6,7975.018302233126,0.0,6210,0.0,7975.018302233126
0.5,FedEx,30167,6,5034.453120713282,0.0,3775,0.0,5034.453120713282
0.5,FedEx,30419,6,3180.1259661691156,0.0,1709,0.0,3180.1259661691156
0.5,FedEx,30449,6,5070.480072832069,0.0,3703,0.0,5070.480072832069
0.5,FedEx,30453,6,3293.4750889307907,0.0,1516,0.0,3293.4750889307907
0.5,FedEx,30455,5,1911.1258703021913,0.0915032679738562,612,27.999999999999996,1939.1258703021913
0.5,FedEx,30457,5,1985.518844528548,0.10282776349614396,778,40.0,2025.518844528548
0.5,FedEx,30519,6,4212.967113206203,0.0,2372,0.0,4212.967113206203
0.5,FedEx,30539,6,4152.305372826759,0.0,2429,0.0,4152.305372826759
0.5,FedEx,30559,6,5277.723812006553,0.0,3144,0.0,5277.723812006553
0.5,FedEx,30625,5,3641.0591341287036,0.10542844324809332,2229,117.5,3758.5591341287036
0.5,FedEx,30655,6,3433.7185775447538,0.0,2242,0.0,3433.7185775447538
0.5,FedEx,30657,6,4470.593996761694,0.0,3429,0.0,4470.593996761694
0.5,FedEx,30823,6,1961.9849632795315,0.0,878,0.0,1961.9849632795315
0.5,FedEx,30827,6,4096.161855811475,0.0,2757,0.0,4096.161855811475
0.5,FedEx,30853,6,4453.819539562914,0.0,3029,0.0,4453.819539562914
0.5,FedEx,30855,6,11312.376813579114,0.0,9970,0.0,11312.376813579114
0.5,FedEx,30880,6,5741.552839090982,0.0,3498,0.0,5741.552839090982
0.5,FedEx,30890,4,3479.56503912817,0.3372365339578454,1281,216.0,3695.56503912817
0.5,FedEx,30900,3,3838.7286975108327,0.445835942391985,1597,356.0,4194.728697510833
0.5,FedEx,30916,6,5240.3696223713005,0.0,3245,0.0,5240.3696223713005
0.5,FedEx,30926,4,3073.5677478701887,0.34360189573459715,1266,217.5,3291.0677478701887
0.5,FedEx,30938,6,5545.461756733482,0.0,3131,0.0,5545.461756733482
0.5,FedEx,30952,6,2775.4512231381723,0.0,979,0.0,2775.4512231381723
0.5,FedEx,30966,6,2488.5376856129433,0.0,1063,0.0,2488.5376856129433
0.5,FedEx,30974,5,2336.1064675816524,0.11596009975062344,802,46.5,2382.6064675816524
0.5,FedEx,30982,6,2379.2604748942445,0.0,618,0.0,2379.2604748942445
0.5,FedEx,30989,6,2431.4853535221046,0.0,876,0.0,2431.4853535221046
0.5,FedEx,31275,5,4841.028192202198,0.10642287857477731,2133,113.5,4954.528192202198
0.5,FedEx,31303,4,3589.173304063068,0.3274336283185841,1243,203.5,3792.673304063068
0.5,FedEx,31311,6,2818.577694291381,0.0,675,0.0,2818.577694291381
0.5,FedEx,31319,5,2826.5065549841106,0.10119840213049268,751,38.0,2864.5065549841106
0.5,FedEx,31515,6,5042.452261301043,0.0,2478,0.0,5042.452261301043
0.5,FedEx,31535,3,5181.881968154604,0.4952618453865337,2005,496.5,5678.381968154604
0.5,FedEx,31832,3,3629.5153612866643,0.44569288389513106,1068,238.0,3867.5153612866643
0.5,GLS,30159,6,4642.731630176733,0.0,3332,0.0,4642.731630176733
0.5,GLS,30161,6,2986.081313787293,0.0,1649,0.0,2986.081313787293
0.5,GLS,30163,6,4573.00549257944,0.0,2801,0.0,4573.00549257944
0.5,GLS,30165,6,2405.2247120162715,0.0,1358,0.0,2405.2247120162715
0.5,GLS,30167,5,3481.665821617201,0.10759198882161156,2147,115.5,3597.165821617201
0.5,GLS,30173,6,2467.3206708480106,0.0,1424,0.0,2467.3206708480106
0.5,GLS,30179,6,2030.2594095239801,0.0,1034,0.0,2030.2594095239801
0.5,GLS,30419,6,4965.41823609136,0.0,2617,0.0,4965.41823609136
0.5,GLS,30449,5,3479.464758738467,0.11458859162039374,1981,113.5,3592.964758738467
0.5,GLS,30453,5,3098.9442988628116,0.16605972323379461,1373,114.0,3212.9442988628116
0.5,GLS,30455,6,2710.1642671316163,0.0,1201,0.0,2710.1642671316163
0.5,GLS,30457,6,2439.5045011125458,0.0,1189,0.0,2439.5045011125458
0.5,GLS,30459,6,1876.236727895414,0.0,1169,0.0,1876.236727895414
0.5,GLS,30519,6,3552.9135868219814,0.0,2084,0.0,3552.9135868219814
0.5,GLS,30539,6,2447.219634346096,0.0,1310,0.0,2447.219634346096
0.5,GLS,30559,5,3619.8724968785673,0.11078431372549019,2040,113.0,3732.8724968785673
0.5,GLS,30625,6,2210.8683733501316,0.0,1185,0.0,2210.8683733501316
0.5,GLS,30627,6,1794.681684046207,0.0,774,0.0,1794.681684046207
0.5,GLS,30629,6,2094.2697610443015,0.0,1080,0.0,2094.2697610443015
0.5,GLS,30655,6,3084.925174317692,0.0,1383,0.0,3084.925174317692
0.5,GLS,30657,6,2844.2755580556222,0.0,1325,0.0,2844.2755580556222
0.5,GLS,30659,6,2165.5626302364476,0.0,1138,0.0,2165.5626302364476
0.5,GLS,30823,5,3776.697245937015,0.13692946058091288,1687,115.50000000000001,3892.197245937015
0.5,GLS,30826,4,4027.3332462345397,0.2743243243243243,1480,202.99999999999997,4230.33324623454
0.5,GLS,30827,6,3074.664687517894,0.0,1331,0.0,3074.664687517894
0.5,GLS,30851,6,2097.4205946859483,0.0,1137,0.0,2097.4205946859483
0.5,GLS,30853,6,2190.0844891648285,0.0,1083,0.0,2190.0844891648285
0.5,GLS,30855,6,7965.715090235543,0.0,5111,0.0,7965.715090235543
0.5,GLS,30880,6,4410.166219280911,0.0,2630,0.0,4410.166219280911
0.5,GLS,30890,3,5328.33965652892,0.45042492917847027,2471,556.5,5884.83965652892
0.5,GLS,30900,3,6029.9936224150215,0.44149577804583834,2487,549.0,6578.9936224150215
0.5,GLS,30916,5,4532.7930810644,0.11291739894551846,2276,128.5,4661.2930810644
0.5,GLS,30926,5,4966.934148263746,0.17926476662536142,2421,217.0,5183.934148263746
0.5,GLS,30938,3,4721.579593071185,0.44954618259476775,1873,421.0,5142.579593071185
0.5,GLS,30952,5,3794.1584910951083,0.14269005847953217,1710,122.00000000000001,3916.1584910951083
0.5,GLS,30966,5,3360.9117635681146,0.11117974058060531,1619,90.0,3450.9117635681146
0.5,GLS,30974,6,2912.392838204481,0.0,1120,0.0,2912.392838204481
0.5,GLS,30982,6,2738.200143049824,0.0,1154,0.0,2738.200143049824
0.5,GLS,30989,6,2798.376100761728,0.0,1172,0.0,2798.376100761728
0.5,GLS,31275,5,6535.819464591148,0.11124883792996591,3227,179.5,6715.319464591148
0.5,GLS,31303,3,4881.438040094433,0.5629528985507246,2208,621.5,5502.938040094433
0.5,GLS,31311,4,4461.766893212959,0.3749157113958193,1483,278.0,4739.766893212959
0.5,GLS,31319,6,4180.379543747179,0.0,1985,0.0,4180.379543747179
0.5,GLS,31515,4,7159.141913669824,0.2862362971985384,3284,470.0,7629.141913669824
0.5,GLS,31535,3,8184.087073719815,0.624109079640533,3227,1007.0,9191.087073719815
0.5,GLS,31832,5,4874.6512451815115,0.11358144030932818,2069,117.5,4992.1512451815115
0.5,Hermes,30159,6,5733.224620250021,0.0,4412,0.0,5733.224620250021
0.5,Hermes,30161,6,3199.481172195214,0.0,2187,0.0,3199.481172195214
0.5,Hermes,30163,6,3149.747408424128,0.0,2318,0.0,3149.747408424128
0.5,Hermes,30165,6,3068.6506500487,0.0,1888,0.0,3068.6506500487
0.5,Hermes,30167,6,4191.407588044548,0.0,2918,0.0,4191.407588044548
0.5,Hermes,30173,6,3381.0704854709033,0.0,1982,0.0,3381.0704854709033
0.5,Hermes,30177,6,2890.100281124943,0.0,1604,0.0,2890.100281124943
0.5,Hermes,30179,6,2910.160615852085,0.0,1492,0.0,2910.160615852085
0.5,Hermes,30419,6,5349.858727332469,0.0,3791,0.0,5349.858727332469
0.5,Hermes,30449,6,4242.570999862953,0.0,2752,0.0,4242.570999862953
0.5,Hermes,30453,6,3492.5973865174465,0.0,1923,0.0,3492.5973865174465
0.5,Hermes,30455,6,3483.007050591635,0.0,1769,0.0,3483.007050591635
0.5,Hermes,30457,5,3418.8223246015195,0.1490104772991851,1718,128.0,3546.8223246015195
0.5,Hermes,30459,6,3465.6139132677736,0.0,1718,0.0,3465.6139132677736
0.5,Hermes,30519,6,5059.54869015822,0.0,2920,0.0,5059.54869015822
0.5,Hermes,30539,6,3645.27178816927,0.0,1846,0.0,3645.27178816927
0.5,Hermes,30559,6,5354.545180144074,0.0,2928,0.0,5354.545180144074
0.5,Hermes,30625,6,3273.024738869934,0.0,1721,0.0,3273.024738869934
0.5,Hermes,30627,6,1800.235438802243,0.0,1110,0.0,1800.235438802243
0.5,Hermes,30629,6,3350.386872776183,0.0,1544,0.0,3350.386872776183
0.5,Hermes,30655,6,3431.0171455734962,0.0,1982,0.0,3431.0171455734962
0.5,Hermes,30657,6,3111.094528158594,0.0,1834,0.0,3111.094528158594
0.5,Hermes,30659,6,3309.038695730729,0.0,1587,0.0,3309.038695730729
0.5,Hermes,30823,6,3990.3024874652046,0.0,2384,0.0,3990.3024874652046
0.5,Hermes,30826,6,4128.411311124519,0.0,2156,0.0,4128.411311124519
0.5,Hermes,30827,6,3094.2868268624684,0.0,1865,0.0,3094.2868268624684
0.5,Hermes,30851,6,2771.6415924617286,0.0,1650,0.0,2771.6415924617286
0.5,Hermes,30853,6,2517.942276990752,0.0,1477,0.0,2517.942276990752
0.5,Hermes,30855,6,8779.652974651703,0.0,7102,0.0,8779.652974651703
0.5,Hermes,30880,6,6557.610295895224,0.0,3668,0.0,6557.610295895224
0.5,Hermes,30890,4,7127.770063551737,0.27059148700939745,3618,489.5,7617.270063551737
0.5,Hermes,30900,6,7214.925875920487,0.0,3644,0.0,7214.925875920487
0.5,Hermes,30916,5,5635.52705506308,0.1150990099009901,3232,186.0,5821.52705506308
0.5,Hermes,30926,6,6011.173799751178,0.0,3537,0.0,6011.173799751178
0.5,Hermes,30938,5,5593.879400187274,0.17582831325301204,2656,233.5,5827.379400187274
0.5,Hermes,30952,5,4804.838453502226,0.10731511254019292,2488,133.5,4938.338453502226
0.5,Hermes,30966,5,4225.261001498014,0.11413748378728923,2313,132.0,4357.261001498014
0.5,Hermes,30974,3,3801.68235493819,0.47029702970297027,1616,380.0,4181.68235493819
0.5,Hermes,30982,3,3834.6729468853955,0.49107142857142855,1680,412.5,4247.1729468853955
0.5,Hermes,30989,3,3587.094887678275,0.4824509220701963,1681,405.5,3992.594887678275
0.5,Hermes,31275,5,8626.584363617527,0.1641123882503193,4698,385.5,9012.084363617527
0.5,Hermes,31303,4,6331.543091907545,0.2818728250553622,3161,445.49999999999994,6777.043091907545
0.5,Hermes,31311,3,5312.430308446614,0.5537340619307832,2196,608.0,5920.430308446614
0.5,Hermes,31319,3,5784.325289723655,0.44238046095631234,2907,643.0,6427.325289723655
0.5,Hermes,31515,5,8448.52245417679,0.11790668348045397,4758,280.5,8729.02245417679
0.5,Hermes,31535,4,9595.891268004292,0.2828451882845188,4780,676.0,10271.891268004292
0.5,Hermes,31832,3,6755.038915056223,0.44908789386401327,3015,677.0,7432.038915056223
0.5,UPS,30159,6,14317.480235229965,0.0,11805,0.0,14317.480235229965
0.5,UPS,30161,6,5890.635111592997,0.0,4726,0.0,5890.635111592997
0.5,UPS,30163,6,6349.944745490952,0.0,5283,0.0,6349.944745490952
0.5,UPS,30165,6,3734.612092283068,0.0,2701,0.0,3734.612092283068
0.5,UPS,30167,6,5814.4595762356885,0.0,4551,0.0,5814.4595762356885
0.5,UPS,30419,6,3394.8772470909635,0.0,2053,0.0,3394.8772470909635
0.5,UPS,30449,6,6674.182899507537,0.0,4685,0.0,6674.182899507537
0.5,UPS,30453,6,3351.1237228460413,0.0,1821,0.0,3351.1237228460413
0.5,UPS,30455,5,1948.5846098372904,0.09236453201970443,812,37.5,1986.0846098372904
0.5,UPS,30457,6,2082.9256820867663,0.0,1021,0.0,2082.9256820867663
0.5,UPS,30519,6,4973.9315352734,0.0,3064,0.0,4973.9315352734
0.5,UPS,30539,6,4485.850061676111,0.0,2701,0.0,4485.850061676111
0.5,UPS,30559,6,4939.1329806155645,0.0,3087,0.0,4939.1329806155645
0.5,UPS,30625,6,4339.667231631438,0.0,2727,0.0,4339.667231631438
0.5,UPS,30655,6,2094.0257327831955,0.0,1218,0.0,2094.0257327831955
0.5,UPS,30657,6,4716.19795217861,0.0,3745,0.0,4716.19795217861
0.5,UPS,30659,6,3619.59971665554,0.0,2385,0.0,3619.59971665554
0.5,UPS,30823,5,2921.990082939453,0.17277486910994763,1337,115.49999999999999,3037.490082939453
0.5,UPS,30826,6,2042.7216152816727,0.0,1105,0.0,2042.7216152816727
0.5,UPS,30827,6,3318.772929682461,0.0,2105,0.0,3318.772929682461
0.5,UPS,30853,6,4528.522142755246,0.0,3668,0.0,4528.522142755246
0.5,UPS,30855,6,12308.304707064348,0.0,11475,0.0,12308.304707064348
0.5,UPS,30880,6,6984.527492927398,0.0,4190,0.0,6984.527492927398
0.5,UPS,30890,3,4085.718953567879,0.45069637883008357,1795,404.5,4490.218953567879
0.5,UPS,30900,5,4672.5853222613,0.10914855072463768,2208,120.5,4793.0853222613
0.5,UPS,30916,6,5894.597782277826,0.0,4019,0.0,5894.597782277826
0.5,UPS,30926,5,3808.218248837974,0.11260709914320685,1634,92.0,3900.218248837974
0.5,UPS,30938,6,5900.509623828604,0.0,3590,0.0,5900.509623828604
0.5,UPS,30952,4,3269.7490770827258,0.3370955605718585,1329,224.0,3493.7490770827258
0.5,UPS,30966,4,3159.8685935552508,0.3246753246753247,1386,225.0,3384.8685935552508
0.5,UPS,30974,6,2944.0941408457325,0.0,1072,0.0,2944.0941408457325
0.5,UPS,30982,6,3021.3027147961793,0.0,878,0.0,3021.3027147961793
0.5,UPS,30989,6,3076.746244653496,0.0,1191,0.0,3076.746244653496
0.5,UPS,31275,4,5978.395567394926,0.27169421487603307,2904,394.5,6372.895567394926
0.5,UPS,31303,4,4141.80596608783,0.3287139689578714,1804,296.5,4438.30596608783
0.5,UPS,31311,3,3502.1676855081164,0.53954802259887,1062,286.5,3788.6676855081164
0.5,UPS,31319,3,2982.661379438264,0.5687203791469194,1055,300.0,3282.661379438264
0.5,UPS,31515,4,6050.2335717463975,0.33556842426089606,3281,550.5,6600.7335717463975
0.5,UPS,31535,3,5891.561971265705,0.5624270711785297,2571,723.0,6614.561971265705
0.5,UPS,31832,4,4632.921821045864,0.4062305295950156,1605,326.0,4958.921821045864
1.0,Amazon,30159,6,11687.758591886499,0.0,9019,0.0,11687.758591886499
1.0,Amazon,30161,6,6198.076199381901,0.0,4512,0.0,6198.076199381901
1.0,Amazon,30163,6,5887.274416922319,0.0,4469,0.0,5887.274416922319
1.0,Amazon,30165,6,4696.3632925800775,0.0,3574,0.0,4696.3632925800775
1.0,Amazon,30167,6,7124.980941103149,0.0,5730,0.0,7124.980941103149
1.0,Amazon,30173,6,5184.403263125373,0.0,3759,0.0,5184.403263125373
1.0,Amazon,30177,6,4295.3755099319715,0.0,2906,0.0,4295.3755099319715
1.0,Amazon,30179,6,4357.442561887894,0.0,2781,0.0,4357.442561887894
1.0,Amazon,30419,6,8685.332684443236,0.0,6859,0.0,8685.332684443236
1.0,Amazon,30449,6,6930.958642387422,0.0,5275,0.0,6930.958642387422
1.0,Amazon,30453,6,4953.369950665476,0.0,3593,0.0,4953.369950665476
1.0,Amazon,30455,6,4733.969914501729,0.0,3165,0.0,4733.969914501729
1.0,Amazon,30457,6,4861.272760888753,0.0,3134,0.0,4861.272760888753
1.0,Amazon,30459,6,4721.113690320388,0.0,3087,0.0,4721.113690320388
1.0,Amazon,30519,6,7989.408733574742,0.0,5508,0.0,7989.408733574742
1.0,Amazon,30539,6,5232.56483537078,0.0,3516,0.0,5232.56483537078
1.0,Amazon,30559,6,7936.80103693811,0.0,5369,0.0,7936.80103693811
1.0,Amazon,30625,6,4833.5787808117675,0.0,3180,0.0,4833.5787808117675
1.0,Amazon,30627,6,3579.2895236259706,0.0,2090,0.0,3579.2895236259706
1.0,Amazon,30629,6,4483.669440977608,0.0,2757,0.0,4483.669440977608
1.0,Amazon,30655,6,5134.034576870573,0.0,3642,0.0,5134.034576870573
1.0,Amazon,30657,6,5211.641795669652,0.0,3559,0.0,5211.641795669652
1.0,Amazon,30659,6,4808.930135185106,0.0,3002,0.0,4808.930135185106
1.0,Amazon,30823,6,5492.8333908221575,0.0,4370,0.0,5492.8333908221575
1.0,Amazon,30826,6,5309.400426435489,0.0,3852,0.0,5309.400426435489
1.0,Amazon,30827,6,4406.282253025094,0.0,3498,0.0,4406.282253025094
1.0,Amazon,30851,6,4461.2266132019995,0.0,3032,0.0,4461.2266132019995
1.0,Amazon,30853,6,4295.473522234693,0.0,2911,0.0,4295.473522234693
1.0,Amazon,30855,6,16425.713131956443,0.0,13592,0.0,16425.713131956443
1.0,Amazon,30880,6,10836.49486333059,0.0,6971,0.0,10836.49486333059
1.0,Amazon,30890,6,9949.99293278101,0.0,6502,0.0,9949.99293278101
1.0,Amazon,30900,6,11733.296749095527,0.0,6667,0.0,11733.296749095527
1.0,Amazon,30916,6,9943.63733060065,0.0,6164,0.0,9943.63733060065
1.0,Amazon,30926,6,8780.42111083368,0.0,6338,0.0,8780.42111083368
1.0,Amazon,30938,6,8932.3523870359,0.0,5072,0.0,8932.3523870359
1.0,Amazon,30952,6,6792.522249966714,0.0,4476,0.0,6792.522249966714
1.0,Amazon,30966,6,6753.487289755222,0.0,4221,0.0,6753.487289755222
1.0,Amazon,30974,6,5185.498167842292,0.0,2971,0.0,5185.498167842292
1.0,Amazon,30982,6,5545.048582884666,0.0,3044,0.0,5545.048582884666
1.0,Amazon,30989,6,5239.8327189564525,0.0,3112,0.0,5239.8327189564525
1.0,Amazon,31275,6,14011.694458512184,0.0,8588,0.0,14011.694458512184
1.0,Amazon,31303,6,10292.592352807045,0.0,5793,0.0,10292.592352807045
1.0,Amazon,31311,6,8647.386430120578,0.0,3965,0.0,8647.386430120578
1.0,Amazon,31319,6,9006.598190484336,0.0,5228,0.0,9006.598190484336
1.0,Amazon,31515,6,12109.355310297444,0.0,8733,0.0,12109.355310297444
1.0,Amazon,31535,6,14649.713985934406,0.0,8625,0.0,14649.713985934406
1.0,Amazon,31832,6,10630.27600706838,0.0,5466,0.0,10630.27600706838
1.0,DHL,30159,6,21425.132453693925,0.0,23058,0.0,21425.132453693925
1.0,DHL,30161,6,10896.842490106472,0.0,11554,0.0,10896.842490106472
1.0,DHL,30163,6,9949.803363797471,0.0,10484,0.0,9949.803363797471
1.0,DHL,30165,6,8802.876567972335,0.0,8599,0.0,8802.876567972335
1.0,DHL,30167,6,13153.912834635783,0.0,13892,0.0,13153.912834635783
1.0,DHL,30169,6,5443.510365830029,0.0,5294,0.0,5443.510365830029
1.0,DHL,30173,6,9027.275959686367,0.0,8547,0.0,9027.275959686367
1.0,DHL,30177,6,6801.611388745387,0.0,6260,0.0,6801.611388745387
1.0,DHL,30179,6,7025.737693154014,0.0,6322,0.0,7025.737693154014
1.0,DHL,30419,6,15488.762582133773,0.0,14775,0.0,15488.762582133773
1.0,DHL,30449,6,7469.2241491514915,0.0,7431,0.0,7469.2241491514915
1.0,DHL,30453,6,8951.952033907073,0.0,8150,0.0,8951.952033907073
1.0,DHL,30455,6,7533.4371442876145,0.0,6748,0.0,7533.4371442876145
1.0,DHL,30457,6,7270.894456096109,0.0,6736,0.0,7270.894456096109
1.0,DHL,30459,6,6651.002162382179,0.0,6561,0.0,6651.002162382179
1.0,DHL,30519,6,13272.168787294228,0.0,12645,0.0,13272.168787294228
1.0,DHL,30539,6,9349.501232628127,0.0,8372,0.0,9349.501232628127
1.0,DHL,30559,6,12373.65925832722,0.0,12320,0.0,12373.65925832722
1.0,DHL,30625,6,8096.802842174482,0.0,7084,0.0,8096.802842174482
1.0,DHL,30627,6,5606.363090833329,0.0,4809,0.0,5606.363090833329
1.0,DHL,30629,6,6766.974846046077,0.0,5907,0.0,6766.974846046077
1.0,DHL,30655,6,8869.786833512764,0.0,7945,0.0,8869.786833512764
1.0,DHL,30657,6,9992.167827012736,0.0,9056,0.0,9992.167827012736
1.0,DHL,30659,6,7898.329610710899,0.0,6829,0.0,7898.329610710899
1.0,DHL,30823,6,10208.877886178407,0.0,9437,0.0,10208.877886178407
1.0,DHL,30826,6,9412.56972551855,0.0,8281,0.0,9412.56972551855
1.0,DHL,30827,6,8625.617953447312,0.0,8048,0.0,8625.617953447312
1.0,DHL,30851,6,7140.564548697186,0.0,6654,0.0,7140.564548697186
1.0,DHL,30853,6,7954.150022203881,0.0,7164,0.0,7954.150022203881
1.0,DHL,30855,6,32552.34432866005,0.0,32854,0.0,32552.34432866005
1.0,DHL,30880,6,18007.36898635567,0.0,16161,0.0,18007.36898635567
1.0,DHL,30890,6,15947.754646399117,0.0,13989,0.0,15947.754646399117
1.0,DHL,30900,6,18229.388928763692,0.0,14609,0.0,18229.388928763692
1.0,DHL,30916,6,17734.269551035948,0.0,14499,0.0,17734.269551035948
1.0,DHL,30926,6,14434.82758928225,0.0,13519,0.0,14434.82758928225
1.0,DHL,30938,6,14554.779241554967,0.0,12030,0.0,14554.779241554967
1.0,DHL,30952,6,11365.430112451975,0.0,9709,0.0,11365.430112451975
1.0,DHL,30966,6,10624.352717702506,0.0,9182,0.0,10624.352717702506
1.0,DHL,30974,6,7703.025014293544,0.0,6515,0.0,7703.025014293544
1.0,DHL,30982,6,8234.46117714012,0.0,6551,0.0,8234.46117714012
1.0,DHL,30989,6,8649.900505408892,0.0,6841,0.0,8649.900505408892
1.0,DHL,31275,6,20741.197757085225,0.0,18743,0.0,20741.197757085225
1.0,DHL,31303,6,13739.115623819012,0.0,12605,0.0,13739.115623819012
1.0,DHL,31311,6,10648.959166588764,0.0,8577,0.0,10648.959166588764
1.0,DHL,31319,6,12210.553941257438,0.0,10967,0.0,12210.553941257438
1.0,DHL,31515,6,20814.204304395767,0.0,19286,0.0,20814.204304395767
1.0,DHL,31535,6,21637.256139647427,0.0,18533,0.0,21637.256139647427
1.0,DHL,31832,6,14443.460212265947,0.0,11902,0.0,14443.460212265947
1.0,DPD,30159,6,6745.43642982665,0.0,4783,0.0,6745.43642982665
1.0,DPD,30161,6,3572.3066172774998,0.0,2359,0.0,3572.3066172774998
1.0,DPD,30163,6,3334.016654677259,0.0,2106,0.0,3334.016654677259
1.0,DPD,30165,6,3220.920457383544,0.0,1757,0.0,3220.920457383544
1.0,DPD,30167,6,4575.293145375498,0.0,2824,0.0,4575.293145375498
1.0,DPD,30173,6,3028.2905288174024,0.0,1708,0.0,3028.2905288174024
1.0,DPD,30177,6,2209.9404705919,0.0,1250,0.0,2209.9404705919
1.0,DPD,30179,6,2456.3548464568607,0.0,1256,0.0,2456.3548464568607
1.0,DPD,30419,6,5265.1161318874765,0.0,2858,0.0,5265.1161318874765
1.0,DPD,30449,6,4228.42693330016,0.0,2554,0.0,4228.42693330016
1.0,DPD,30453,6,3642.2344276936155,0.0,1619,0.0,3642.2344276936155
1.0,DPD,30455,6,3096.4884420991384,0.0,1318,0.0,3096.4884420991384
1.0,DPD,30457,6,3033.5474025044095,0.0,1335,0.0,3033.5474025044095
1.0,DPD,30459,6,2600.91439635438,0.0,1284,0.0,2600.91439635438
1.0,DPD,30519,6,4320.607386569162,0.0,2540,0.0,4320.607386569162
1.0,DPD,30539,6,3413.7063659864443,0.0,1695,0.0,3413.7063659864443
1.0,DPD,30559,6,3962.3984605122114,0.0,2467,0.0,3962.3984605122114
1.0,DPD,30625,6,2850.320934681696,0.0,1405,0.0,2850.320934681696
1.0,DPD,30627,6,1702.8075328692416,0.0,971,0.0,1702.8075328692416
1.0,DPD,30629,6,2022.2450338148715,0.0,1173,0.0,2022.2450338148715
1.0,DPD,30655,6,2962.2877870695056,0.0,1537,0.0,2962.2877870695056
1.0,DPD,30657,6,3491.1799180397643,0.0,1866,0.0,3491.1799180397643
1.0,DPD,30659,6,2618.465789423123,0.0,1368,0.0,2618.465789423123
1.0,DPD,30823,6,3865.0840833133775,0.0,1867,0.0,3865.0840833133775
1.0,DPD,30826,5,4141.5871518356425,0.14338010982306285,1639,235.0,4376.5871518356425
1.0,DPD,30827,6,3608.8593533036596,0.0,1601,0.0,3608.8593533036596
1.0,DPD,30851,6,2478.115916251141,0.0,1281,0.0,2478.115916251141
1.0,DPD,30853,6,3139.9824024159293,0.0,1470,0.0,3139.9824024159293
1.0,DPD,30855,6,9902.157549572998,0.0,6668,0.0,9902.157549572998
1.0,DPD,30880,6,5724.1369426636065,0.0,3235,0.0,5724.1369426636065
1.0,DPD,30890,4,6135.927729338186,0.33492296404988997,2726,913.0000000000001,7048.927729338186
1.0,DPD,30900,4,6752.7911246692875,0.2733356815780204,2839,775.9999999999999,7528.7911246692875
1.0,DPD,30916,6,5461.8560724360295,0.0,2914,0.0,5461.8560724360295
1.0,DPD,30926,5,6062.211327484218,0.16571861964353432,2637,437.0,6499.211327484218
1.0,DPD,30938,6,5375.687534132779,0.0,2412,0.0,5375.687534132779
1.0,DPD,30952,6,4561.479157316165,0.0,1895,0.0,4561.479157316165
1.0,DPD,30966,6,4113.820061245529,0.0,1807,0.0,4113.820061245529
1.0,DPD,30974,6,3896.9038698685263,0.0,1280,0.0,3896.9038698685263
1.0,DPD,30982,4,3306.8520720177435,0.34507042253521125,1278,441.0,3747.8520720177435
1.0,DPD,30989,6,3946.0731716166256,0.0,1356,0.0,3946.0731716166256
1.0,DPD,31275,6,6769.754123240408,0.0,3643,0.0,6769.754123240408
1.0,DPD,31303,5,5102.009448563028,0.10598153352067442,2491,264.0,5366.009448563028
1.0,DPD,31311,4,4482.752710825375,0.2684848484848485,1650,443.0,4925.752710825375
1.0,DPD,31319,6,4322.920564726374,0.0,2115,0.0,4322.920564726374
1.0,DPD,31515,6,8514.010022868573,0.0,3812,0.0,8514.010022868573
1.0,DPD,31535,5,9991.844522624617,0.10608598548297041,3582,380.0,10371.844522624617
1.0,DPD,31832,4,6033.7051603021355,0.29449978345604155,2309,680.0,6713.7051603021355
1.0,FedEx,30159,6,12718.231786828019,0.0,9864,0.0,12718.231786828019
1.0,FedEx,30161,6,5117.62082484508,0.0,3810,0.0,5117.62082484508
1.0,FedEx,30163,6,7975.018302233126,0.0,6210,0.0,7975.018302233126
1.0,FedEx,30167,6,5034.453120713282,0.0,3775,0.0,5034.453120713282
1.0,FedEx,30419,6,3180.1259661691156,0.0,1709,0.0,3180.1259661691156
1.0,FedEx,30449,6,5070.480072832069,0.0,3703,0.0,5070.480072832069
1.0,FedEx,30453,6,3293.4750889307907,0.0,1516,0.0,3293.4750889307907
1.0,FedEx,30455,6,1946.7438791667537,0.0,612,0.0,1946.7438791667537
1.0,FedEx,30457,6,2044.72202905335,0.0,778,0.0,2044.72202905335
1.0,FedEx,30519,6,4212.967113206203,0.0,2372,0.0,4212.967113206203
1.0,FedEx,30539,6,4152.305372826759,0.0,2429,0.0,4152.305372826759
1.0,FedEx,30559,6,5277.723812006553,0.0,3144,0.0,5277.723812006553
1.0,FedEx,30625,6,3793.496546922467,0.0,2229,0.0,3793.496546922467
1.0,FedEx,30655,6,3433.7185775447538,0.0,2242,0.0,3433.7185775447538
1.0,FedEx,30657,6,4470.593996761694,0.0,3429,0.0,4470.593996761694
1.0,FedEx,30823,6,1961.9849632795315,0.0,878,0.0,1961.9849632795315
1.0,FedEx,30827,6,4096.161855811475,0.0,2757,0.0,4096.161855811475
1.0,FedEx,30853,6,4453.819539562914,0.0,3029,0.0,4453.819539562914
1.0,FedEx,30855,6,11312.376813579114,0.0,9970,0.0,11312.376813579114
1.0,FedEx,30880,6,5741.552839090982,0.0,3498,0.0,5741.552839090982
1.0,FedEx,30890,4,3530.857487572934,0.29586260733801717,1281,379.0,3909.857487572934
1.0,FedEx,30900,5,4241.308357869038,0.11458985597996243,1597,183.0,4424.308357869038
1.0,FedEx,30916,6,5240.3696223713005,0.0,3245,0.0,5240.3696223713005
1.0,FedEx,30926,6,3401.7660373946965,0.0,1266,0.0,3401.7660373946965
1.0,FedEx,30938,6,5545.461756733482,0.0,3131,0.0,5545.461756733482
1.0,FedEx,30952,6,2775.4512231381723,0.0,979,0.0,2775.4512231381723
1.0,FedEx,30966,6,2488.5376856129433,0.0,1063,0.0,2488.5376856129433
1.0,FedEx,30974,6,2391.637007376545,0.0,802,0.0,2391.637007376545
1.0,FedEx,30982,6,2379.2604748942445,0.0,618,0.0,2379.2604748942445
1.0,FedEx,30989,6,2431.4853535221046,0.0,876,0.0,2431.4853535221046
1.0,FedEx,31275,5,4841.028192202198,0.10642287857477731,2133,227.0,5068.028192202198
1.0,FedEx,31303,4,3589.173304063068,0.3274336283185841,1243,407.0,3996.173304063068
1.0,FedEx,31311,6,2818.577694291381,0.0,675,0.0,2818.577694291381
1.0,FedEx,31319,6,2899.0915841222704,0.0,751,0.0,2899.0915841222704
1.0,FedEx,31515,6,5042.452261301043,0.0,2478,0.0,5042.452261301043
1.0,FedEx,31535,5,5720.950729977154,0.15211970074812967,2005,305.0,6025.950729977154
1.0,FedEx,31832,3,3629.5153612866643,0.44569288389513106,1068,476.0,4105.515361286664
1.0,GLS,30159,6,4642.731630176733,0.0,3332,0.0,4642.731630176733
1.0,GLS,30161,6,2986.081313787293,0.0,1649,0.0,2986.081313787293
1.0,GLS,30163,6,4573.00549257944,0.0,2801,0.0,4573.00549257944
1.0,GLS,30165,6,2405.2247120162715,0.0,1358,0.0,2405.2247120162715
1.0,GLS,30167,6,3599.9610348639785,0.0,2147,0.0,3599.9610348639785
1.0,GLS,30173,6,2467.3206708480106,0.0,1424,0.0,2467.3206708480106
1.0,GLS,30179,6,2030.2594095239801,0.0,1034,0.0,2030.2594095239801
1.0,GLS,30419,6,4965.41823609136,0.0,2617,0.0,4965.41823609136
1.0,GLS,30449,6,3622.3194063359115,0.0,1981,0.0,3622.3194063359115
1.0,GLS,30453,6,3220.8486215837556,0.0,1373,0.0,3220.8486215837556
1.0,GLS,30455,6,2710.1642671316163,0.0,1201,0.0,2710.1642671316163
1.0,GLS,30457,6,2439.5045011125458,0.0,1189,0.0,2439.5045011125458
1.0,GLS,30459,6,1876.236727895414,0.0,1169,0.0,1876.236727895414
1.0,GLS,30519,6,3552.9135868219814,0.0,2084,0.0,3552.9135868219814
1.0,GLS,30539,6,2447.219634346096,0.0,1310,0.0,2447.219634346096
1.0,GLS,30559,6,3755.0680366461006,0.0,2040,0.0,3755.0680366461006
1.0,GLS,30625,6,2210.8683733501316,0.0,1185,0.0,2210.8683733501316
1.0,GLS,30627,6,1794.681684046207,0.0,774,0.0,1794.681684046207
1.0,GLS,30629,6,2094.2697610443015,0.0,1080,0.0,2094.2697610443015
1.0,GLS,30655,6,3084.925174317692,0.0,1383,0.0,3084.925174317692
1.0,GLS,30657,6,2844.2755580556222,0.0,1325,0.0,2844.2755580556222
1.0,GLS,30659,6,2165.5626302364476,0.0,1138,0.0,2165.5626302364476
1.0,GLS,30823,6,3924.3738476586004,0.0,1687,0.0,3924.3738476586004
1.0,GLS,30826,5,4172.453021345799,0.11351351351351352,1480,168.0,4340.453021345799
1.0,GLS,30827,6,3074.664687517894,0.0,1331,0.0,3074.664687517894
1.0,GLS,30851,6,2097.4205946859483,0.0,1137,0.0,2097.4205946859483
1.0,GLS,30853,6,2190.0844891648285,0.0,1083,0.0,2190.0844891648285
1.0,GLS,30855,6,7965.715090235543,0.0,5111,0.0,7965.715090235543
1.0,GLS,30880,6,4410.166219280911,0.0,2630,0.0,4410.166219280911
1.0,GLS,30890,3,5328.33965652892,0.45042492917847027,2471,1113.0,6441.33965652892
1.0,GLS,30900,4,6370.705931744124,0.27181342983514273,2487,676.0,7046.705931744124
1.0,GLS,30916,6,4763.202136413941,0.0,2276,0.0,4763.202136413941
1.0,GLS,30926,6,5231.578416246413,0.0,2421,0.0,5231.578416246413
1.0,GLS,30938,4,4929.84096729903,0.33048585157501337,1873,619.0,5548.84096729903
1.0,GLS,30952,5,3794.1584910951083,0.14269005847953217,1710,244.00000000000003,4038.1584910951083
1.0,GLS,30966,6,3507.0096481155524,0.0,1619,0.0,3507.0096481155524
1.0,GLS,30974,6,2912.392838204481,0.0,1120,0.0,2912.392838204481
1.0,GLS,30982,6,2738.200143049824,0.0,1154,0.0,2738.200143049824
1.0,GLS,30989,6,2798.376100761728,0.0,1172,0.0,2798.376100761728
1.0,GLS,31275,5,6535.819464591148,0.11124883792996591,3227,359.0,6894.819464591148
1.0,GLS,31303,5,5559.281905433663,0.11005434782608696,2208,243.0,5802.281905433663
1.0,GLS,31311,5,4772.6965446274135,0.10384356035064059,1483,154.0,4926.6965446274135
1.0,GLS,31319,6,4180.379543747179,0.0,1985,0.0,4180.379543747179
1.0,GLS,31515,5,7583.691383736115,0.11327649208282582,3284,372.0,7955.691383736115
1.0,GLS,31535,4,8903.738940837,0.30089866749302757,3227,971.0,9874.738940837
1.0,GLS,31832,6,5063.723709467103,0.0,2069,0.0,5063.723709467103
1.0,Hermes,30159,6,5733.224620250021,0.0,4412,0.0,5733.224620250021
1.0,Hermes,30161,6,3199.481172195214,0.0,2187,0.0,3199.481172195214
1.0,Hermes,30163,6,3149.747408424128,0.0,2318,0.0,3149.747408424128
1.0,Hermes,30165,6,3068.6506500487,0.0,1888,0.0,3068.6506500487
1.0,Hermes,30167,6,4191.407588044548,0.0,2918,0.0,4191.407588044548
1.0,Hermes,30173,6,3381.0704854709033,0.0,1982,0.0,3381.0704854709033
1.0,Hermes,30177,6,2890.100281124943,0.0,1604,0.0,2890.100281124943
1.0,Hermes,30179,6,2910.160615852085,0.0,1492,0.0,2910.160615852085
1.0,Hermes,30419,6,5349.858727332469,0.0,3791,0.0,5349.858727332469
1.0,Hermes,30449,6,4242.570999862953,0.0,2752,0.0,4242.570999862953
1.0,Hermes,30453,6,3492.5973865174465,0.0,1923,0.0,3492.5973865174465
1.0,Hermes,30455,6,3483.007050591635,0.0,1769,0.0,3483.007050591635
1.0,Hermes,30457,6,3569.233546071827,0.0,1718,0.0,3569.233546071827
1.0,Hermes,30459,6,3465.6139132677736,0.0,1718,0.0,3465.6139132677736
1.0,Hermes,30519,6,5059.54869015822,0.0,2920,0.0,5059.54869015822
1.0,Hermes,30539,6,3645.27178816927,0.0,1846,0.0,3645.27178816927
1.0,Hermes,30559,6,5354.545180144074,0.0,2928,0.0,5354.545180144074
1.0,Hermes,30625,6,3273.024738869934,0.0,1721,0.0,3273.024738869934
1.0,Hermes,30627,6,1800.235438802243,0.0,1110,0.0,1800.235438802243
1.0,Hermes,30629,6,3350.386872776183,0.0,1544,0.0,3350.386872776183
1.0,Hermes,30655,6,3431.0171455734962,0.0,1982,0.0,3431.0171455734962
1.0,Hermes,30657,6,3111.094528158594,0.0,1834,0.0,3111.094528158594
1.0,Hermes,30659,6,3309.038695730729,0.0,1587,0.0,3309.038695730729
1.0,Hermes,30823,6,3990.3024874652046,0.0,2384,0.0,3990.3024874652046
1.0,Hermes,30826,6,4128.411311124519,0.0,2156,0.0,4128.411311124519
1.0,Hermes,30827,6,3094.2868268624684,0.0,1865,0.0,3094.2868268624684
1.0,Hermes,30851,6,2771.6415924617286,0.0,1650,0.0,2771.6415924617286
1.0,Hermes,30853,6,2517.942276990752,0.0,1477,0.0,2517.942276990752
1.0,Hermes,30855,6,8779.652974651703,0.0,7102,0.0,8779.652974651703
1.0,Hermes,30880,6,6557.610295895224,0.0,3668,0.0,6557.610295895224
1.0,Hermes,30890,6,7809.555367111947,0.0,3618,0.0,7809.555367111947
1.0,Hermes,30900,6,7214.925875920487,0.0,3644,0.0,7214.925875920487
1.0,Hermes,30916,6,5828.192709584215,0.0,3232,0.0,5828.192709584215
1.0,Hermes,30926,6,6011.173799751178,0.0,3537,0.0,6011.173799751178
1.0,Hermes,30938,6,5828.804691204429,0.0,2656,0.0,5828.804691204429
1.0,Hermes,30952,6,4970.456535421607,0.0,2488,0.0,4970.456535421607
1.0,Hermes,30966,6,4366.584680259732,0.0,2313,0.0,4366.584680259732
1.0,Hermes,30974,5,4180.209104789262,0.12004950495049505,1616,194.0,4374.209104789262
1.0,Hermes,30982,6,4427.074150417707,0.0,1680,0.0,4427.074150417707
1.0,Hermes,30989,6,4157.952995024617,0.0,1681,0.0,4157.952995024617
1.0,Hermes,31275,6,9028.68038608271,0.0,4698,0.0,9028.68038608271
1.0,Hermes,31303,5,6766.20608010822,0.10914267636823789,3161,345.0,7111.20608010822
1.0,Hermes,31311,4,5828.625124684469,0.2795992714025501,2196,614.0,6442.625124684469
1.0,Hermes,31319,5,6691.638286380327,0.108703130374957,2907,316.0,7007.638286380327
1.0,Hermes,31515,6,8767.215399032415,0.0,4758,0.0,8767.215399032415
1.0,Hermes,31535,5,10162.219088773729,0.10711297071129706,4780,511.99999999999994,10674.219088773729
1.0,Hermes,31832,4,7253.997214921877,0.2736318407960199,3015,824.9999999999999,8078.997214921877
1.0,UPS,30159,6,14317.480235229965,0.0,11805,0.0,14317.480235229965
1.0,UPS,30161,6,5890.635111592997,0.0,4726,0.0,5890.635111592997
1.0,UPS,30163,6,6349.944745490952,0.0,5283,0.0,6349.944745490952
1.0,UPS,30165,6,3734.612092283068,0.0,2701,0.0,3734.612092283068
1.0,UPS,30167,6,5814.4595762356885,0.0,4551,0.0,5814.4595762356885
1.0,UPS,30419,6,3394.8772470909635,0.0,2053,0.0,3394.8772470909635
1.0,UPS,30449,6,6674.182899507537,0.0,4685,0.0,6674.182899507537
1.0,UPS,30453,6,3351.1237228460413,0.0,1821,0.0,3351.1237228460413
1.0,UPS,30455,6,1996.1301130016752,0.0,812,0.0,1996.1301130016752
1.0,UPS,30457,6,2082.9256820867663,0.0,1021,0.0,2082.9256820867663
1.0,UPS,30519,6,4973.9315352734,0.0,3064,0.0,4973.9315352734
1.0,UPS,30539,6,4485.850061676111,0.0,2701,0.0,4485.850061676111
1.0,UPS,30559,6,4939.1329806155645,0.0,3087,0.0,4939.1329806155645
1.0,UPS,30625,6,4339.667231631438,0.0,2727,0.0,4339.667231631438
1.0,UPS,30655,6,2094.0257327831955,0.0,1218,0.0,2094.0257327831955
1.0,UPS,30657,6,4716.19795217861,0.0,3745,0.0,4716.19795217861
1.0,UPS,30659,6,3619.59971665554,0.0,2385,0.0,3619.59971665554
1.0,UPS,30823,6,3052.1704739423803,0.0,1337,0.0,3052.1704739423803
1.0,UPS,30826,6,2042.7216152816727,0.0,1105,0.0,2042.7216152816727
1.0,UPS,30827,6,3318.772929682461,0.0,2105,0.0,3318.772929682461
1.0,UPS,30853,6,4528.522142755246,0.0,3668,0.0,4528.522142755246
1.0,UPS,30855,6,12308.304707064348,0.0,11475,0.0,12308.304707064348
1.0,UPS,30880,6,6984.527492927398,0.0,4190,0.0,6984.527492927398
1.0,UPS,30890,6,4599.930410969343,0.0,1795,0.0,4599.930410969343
1.0,UPS,30900,5,4672.5853222613,0.10914855072463768,2208,241.0,4913.5853222613
1.0,UPS,30916,6,5894.597782277826,0.0,4019,0.0,5894.597782277826
1.0,UPS,30926,6,3979.540646149894,0.0,1634,0.0,3979.540646149894
1.0,UPS,30938,6,5900.509623828604,0.0,3590,0.0,5900.509623828604
1.0,UPS,30952,6,3623.86551862089,0.0,1329,0.0,3623.86551862089
1.0,UPS,30966,6,3458.283671063921,0.0,1386,0.0,3458.283671063921
1.0,UPS,30974,6,2944.0941408457325,0.0,1072,0.0,2944.0941408457325
1.0,UPS,30982,6,3021.3027147961793,0.0,878,0.0,3021.3027147961793
1.0,UPS,30989,6,3076.746244653496,0.0,1191,0.0,3076.746244653496
1.0,UPS,31275,6,6655.257075966285,0.0,2904,0.0,6655.257075966285
1.0,UPS,31303,6,4510.316706152553,0.0,1804,0.0,4510.316706152553
1.0,UPS,31311,3,3560.2954502470807,0.4632768361581921,1062,492.0,4052.2954502470807
1.0,UPS,31319,4,3178.4827678527727,0.31469194312796206,1055,332.0,3510.4827678527727
1.0,UPS,31515,6,6735.40640345356,0.0,3281,0.0,6735.40640345356
1.0,UPS,31535,4,6368.544672599457,0.3018280824581875,2571,776.0,7144.544672599457
1.0,UPS,31832,6,5105.054625543156,0.0,1605,0.0,5105.054625543156
2.0,Amazon,30159,6,11687.758591886499,0.0,9019,0.0,11687.758591886499
2.0,Amazon,30161,6,6198.076199381901,0.0,4512,0.0,6198.076199381901
2.0,Amazon,30163,6,5887.274416922319,0.0,4469,0.0,5887.274416922319
2.0,Amazon,30165,6,4696.3632925800775,0.0,3574,0.0,4696.3632925800775
2.0,Amazon,30167,6,7124.980941103149,0.0,5730,0.0,7124.980941103149
2.0,Amazon,30173,6,5184.403263125373,0.0,3759,0.0,5184.403263125373
2.0,Amazon,30177,6,4295.3755099319715,0.0,2906,0.0,4295.3755099319715
2.0,Amazon,30179,6,4357.442561887894,0.0,2781,0.0,4357.442561887894
2.0,Amazon,30419,6,8685.332684443236,0.0,6859,0.0,8685.332684443236
2.0,Amazon,30449,6,6930.958642387422,0.0,5275,0.0,6930.958642387422
2.0,Amazon,30453,6,4953.369950665476,0.0,3593,0.0,4953.369950665476
2.0,Amazon,30455,6,4733.969914501729,0.0,3165,0.0,4733.969914501729
2.0,Amazon,30457,6,4861.272760888753,0.0,3134,0.0,4861.272760888753
2.0,Amazon,30459,6,4721.113690320388,0.0,3087,0.0,4721.113690320388
2.0,Amazon,30519,6,7989.408733574742,0.0,5508,0.0,7989.408733574742
2.0,Amazon,30539,6,5232.56483537078,0.0,3516,0.0,5232.56483537078
2.0,Amazon,30559,6,7936.80103693811,0.0,5369,0.0,7936.80103693811
2.0,Amazon,30625,6,4833.5787808117675,0.0,3180,0.0,4833.5787808117675
2.0,Amazon,30627,6,3579.2895236259706,0.0,2090,0.0,3579.2895236259706
2.0,Amazon,30629,6,4483.669440977608,0.0,2757,0.0,4483.669440977608
2.0,Amazon,30655,6,5134.034576870573,0.0,3642,0.0,5134.034576870573
2.0,Amazon,30657,6,5211.641795669652,0.0,3559,0.0,5211.641795669652
2.0,Amazon,30659,6,4808.930135185106,0.0,3002,0.0,4808.930135185106
2.0,Amazon,30823,6,5492.8333908221575,0.0,4370,0.0,5492.8333908221575
2.0,Amazon,30826,6,5309.400426435489,0.0,3852,0.0,5309.400426435489
2.0,Amazon,30827,6,4406.282253025094,0.0,3498,0.0,4406.282253025094
2.0,Amazon,30851,6,4461.2266132019995,0.0,3032,0.0,4461.2266132019995
2.0,Amazon,30853,6,4295.473522234693,0.0,2911,0.0,4295.473522234693
2.0,Amazon,30855,6,16425.713131956443,0.0,13592,0.0,16425.713131956443
2.0,Amazon,30880,6,10836.49486333059,0.0,6971,0.0,10836.49486333059
2.0,Amazon,30890,6,9949.99293278101,0.0,6502,0.0,9949.99293278101
2.0,Amazon,30900,6,11733.296749095527,0.0,6667,0.0,11733.296749095527
2.0,Amazon,30916,6,9943.63733060065,0.0,6164,0.0,9943.63733060065
2.0,Amazon,30926,6,8780.42111083368,0.0,6338,0.0,8780.42111083368
2.0,Amazon,30938,6,8932.3523870359,0.0,5072,0.0,8932.3523870359
2.0,Amazon,30952,6,6792.522249966714,0.0,4476,0.0,6792.522249966714
2.0,Amazon,30966,6,6753.487289755222,0.0,4221,0.0,6753.487289755222
2.0,Amazon,30974,6,5185.498167842292,0.0,2971,0.0,5185.498167842292
2.0,Amazon,30982,6,5545.048582884666,0.0,3044,0.0,5545.048582884666
2.0,Amazon,30989,6,5239.8327189564525,0.0,3112,0.0,5239.8327189564525
2.0,Amazon,31275,6,14011.694458512184,0.0,8588,0.0,14011.694458512184
2.0,Amazon,31303,6,10292.592352807045,0.0,5793,0.0,10292.592352807045
2.0,Amazon,31311,6,8647.386430120578,0.0,3965,0.0,8647.386430120578
2.0,Amazon,31319,6,9006.598190484336,0.0,5228,0.0,9006.598190484336
2.0,Amazon,31515,6,12109.355310297444,0.0,8733,0.0,12109.355310297444
2.0,Amazon,31535,6,14649.713985934406,0.0,8625,0.0,14649.713985934406
2.0,Amazon,31832,6,10630.27600706838,0.0,5466,0.0,10630.27600706838
2.0,DHL,30159,6,21425.132453693925,0.0,23058,0.0,21425.132453693925
2.0,DHL,30161,6,10896.842490106472,0.0,11554,0.0,10896.842490106472
2.0,DHL,30163,6,9949.803363797471,0.0,10484,0.0,9949.803363797471
2.0,DHL,30165,6,8802.876567972335,0.0,8599,0.0,8802.876567972335
2.0,DHL,30167,6,13153.912834635783,0.0,13892,0.0,13153.912834635783
2.0,DHL,30169,6,5443.510365830029,0.0,5294,0.0,5443.510365830029
2.0,DHL,30173,6,9027.275959686367,0.0,8547,0.0,9027.275959686367
2.0,DHL,30177,6,6801.611388745387,0.0,6260,0.0,6801.611388745387
2.0,DHL,30179,6,7025.737693154014,0.0,6322,0.0,7025.737693154014
2.0,DHL,30419,6,15488.762582133773,0.0,14775,0.0,15488.762582133773
2.0,DHL,30449,6,7469.2241491514915,0.0,7431,0.0,7469.2241491514915
2.0,DHL,30453,6,8951.952033907073,0.0,8150,0.0,8951.952033907073
2.0,DHL,30455,6,7533.4371442876145,0.0,6748,0.0,7533.4371442876145
2.0,DHL,30457,6,7270.894456096109,0.0,6736,0.0,7270.894456096109
2.0,DHL,30459,6,6651.002162382179,0.0,6561,0.0,6651.002162382179
2.0,DHL,30519,6,13272.168787294228,0.0,12645,0.0,13272.168787294228
2.0,DHL,30539,6,9349.501232628127,0.0,8372,0.0,9349.501232628127
2.0,DHL,30559,6,12373.65925832722,0.0,12320,0.0,12373.65925832722
2.0,DHL,30625,6,8096.802842174482,0.0,7084,0.0,8096.802842174482
2.0,DHL,30627,6,5606.363090833329,0.0,4809,0.0,5606.363090833329
2.0,DHL,30629,6,6766.974846046077,0.0,5907,0.0,6766.974846046077
2.0,DHL,30655,6,8869.786833512764,0.0,7945,0.0,8869.786833512764
2.0,DHL,30657,6,9992.167827012736,0.0,9056,0.0,9992.167827012736
2.0,DHL,30659,6,7898.329610710899,0.0,6829,0.0,7898.329610710899
2.0,DHL,30823,6,10208.877886178407,0.0,9437,0.0,10208.877886178407
2.0,DHL,30826,6,9412.56972551855,0.0,8281,0.0,9412.56972551855
2.0,DHL,30827,6,8625.617953447312,0.0,8048,0.0,8625.617953447312
2.0,DHL,30851,6,7140.564548697186,0.0,6654,0.0,7140.564548697186
2.0,DHL,30853,6,7954.150022203881,0.0,7164,0.0,7954.150022203881
2.0,DHL,30855,6,32552.34432866005,0.0,32854,0.0,32552.34432866005
2.0,DHL,30880,6,18007.36898635567,0.0,16161,0.0,18007.36898635567
2.0,DHL,30890,6,15947.754646399117,0.0,13989,0.0,15947.754646399117
2.0,DHL,30900,6,18229.388928763692,0.0,14609,0.0,18229.388928763692
2.0,DHL,30916,6,17734.269551035948,0.0,14499,0.0,17734.269551035948
2.0,DHL,30926,6,14434.82758928225,0.0,13519,0.0,14434.82758928225
2.0,DHL,30938,6,14554.779241554967,0.0,12030,0.0,14554.779241554967
2.0,DHL,30952,6,11365.430112451975,0.0,9709,0.0,11365.430112451975
2.0,DHL,30966,6,10624.352717702506,0.0,9182,0.0,10624.352717702506
2.0,DHL,30974,6,7703.025014293544,0.0,6515,0.0,7703.025014293544
2.0,DHL,30982,6,8234.46117714012,0.0,6551,0.0,8234.46117714012
2.0,DHL,30989,6,8649.900505408892,0.0,6841,0.0,8649.900505408892
2.0,DHL,31275,6,20741.197757085225,0.0,18743,0.0,20741.197757085225
2.0,DHL,31303,6,13739.115623819012,0.0,12605,0.0,13739.115623819012
2.0,DHL,31311,6,10648.959166588764,0.0,8577,0.0,10648.959166588764
2.0,DHL,31319,6,12210.553941257438,0.0,10967,0.0,12210.553941257438
2.0,DHL,31515,6,20814.204304395767,0.0,19286,0.0,20814.204304395767
2.0,DHL,31535,6,21637.256139647427,0.0,18533,0.0,21637.256139647427
2.0,DHL,31832,6,14443.460212265947,0.0,11902,0.0,14443.460212265947
2.0,DPD,30159,6,6745.43642982665,0.0,4783,0.0,6745.43642982665
2.0,DPD,30161,6,3572.3066172774998,0.0,2359,0.0,3572.3066172774998
2.0,DPD,30163,6,3334.016654677259,0.0,2106,0.0,3334.016654677259
2.0,DPD,30165,6,3220.920457383544,0.0,1757,0.0,3220.920457383544
2.0,DPD,30167,6,4575.293145375498,0.0,2824,0.0,4575.293145375498
2.0,DPD,30173,6,3028.2905288174024,0.0,1708,0.0,3028.2905288174024
2.0,DPD,30177,6,2209.9404705919,0.0,1250,0.0,2209.9404705919
2.0,DPD,30179,6,2456.3548464568607,0.0,1256,0.0,2456.3548464568607
2.0,DPD,30419,6,5265.1161318874765,0.0,2858,0.0,5265.1161318874765
2.0,DPD,30449,6,4228.42693330016,0.0,2554,0.0,4228.42693330016
2.0,DPD,30453,6,3642.2344276936155,0.0,1619,0.0,3642.2344276936155
2.0,DPD,30455,6,3096.4884420991384,0.0,1318,0.0,3096.4884420991384
2.0,DPD,30457,6,3033.5474025044095,0.0,1335,0.0,3033.5474025044095
2.0,DPD,30459,6,2600.91439635438,0.0,1284,0.0,2600.91439635438
2.0,DPD,30519,6,4320.607386569162,0.0,2540,0.0,4320.607386569162
2.0,DPD,30539,6,3413.7063659864443,0.0,1695,0.0,3413.7063659864443
2.0,DPD,30559,6,3962.3984605122114,0.0,2467,0.0,3962.3984605122114
2.0,DPD,30625,6,2850.320934681696,0.0,1405,0.0,2850.320934681696
2.0,DPD,30627,6,1702.8075328692416,0.0,971,0.0,1702.8075328692416
2.0,DPD,30629,6,2022.2450338148715,0.0,1173,0.0,2022.2450338148715
2.0,DPD,30655,6,2962.2877870695056,0.0,1537,0.0,2962.2877870695056
2.0,DPD,30657,6,3491.1799180397643,0.0,1866,0.0,3491.1799180397643
2.0,DPD,30659,6,2618.465789423123,0.0,1368,0.0,2618.465789423123
2.0,DPD,30823,6,3865.0840833133775,0.0,1867,0.0,3865.0840833133775
2.0,DPD,30826,6,4450.281781439314,0.0,1639,0.0,4450.281781439314
2.0,DPD,30827,6,3608.8593533036596,0.0,1601,0.0,3608.8593533036596
2.0,DPD,30851,6,2478.115916251141,0.0,1281,0.0,2478.115916251141
2.0,DPD,30853,6,3139.9824024159293,0.0,1470,0.0,3139.9824024159293
2.0,DPD,30855,6,9902.157549572998,0.0,6668,0.0,9902.157549572998
2.0,DPD,30880,6,5724.1369426636065,0.0,3235,0.0,5724.1369426636065
2.0,DPD,30890,6,7366.859287260241,0.0,2726,0.0,7366.859287260241
2.0,DPD,30900,6,7907.913020603282,0.0,2839,0.0,7907.913020603282
2.0,DPD,30916,6,5461.8560724360295,0.0,2914,0.0,5461.8560724360295
2.0,DPD,30926,6,6554.51545291052,0.0,2637,0.0,6554.51545291052
2.0,DPD,30938,6,5375.687534132779,0.0,2412,0.0,5375.687534132779
2.0,DPD,30952,6,4561.479157316165,0.0,1895,0.0,4561.479157316165
2.0,DPD,30966,6,4113.820061245529,0.0,1807,0.0,4113.820061245529
2.0,DPD,30974,6,3896.9038698685263,0.0,1280,0.0,3896.9038698685263
2.0,DPD,30982,6,3830.721528900909,0.0,1278,0.0,3830.721528900909
2.0,DPD,30989,6,3946.0731716166256,0.0,1356,0.0,3946.0731716166256
2.0,DPD,31275,6,6769.754123240408,0.0,3643,0.0,6769.754123240408
2.0,DPD,31303,6,5382.263541335347,0.0,2491,0.0,5382.263541335347
2.0,DPD,31311,6,5057.5443785598,0.0,1650,0.0,5057.5443785598
2.0,DPD,31319,6,4322.920564726374,0.0,2115,0.0,4322.920564726374
2.0,DPD,31515,6,8514.010022868573,0.0,3812,0.0,8514.010022868573
2.0,DPD,31535,6,10445.230487214772,0.0,3582,0.0,10445.230487214772
2.0,DPD,31832,6,6946.620478408022,0.0,2309,0.0,6946.620478408022
2.0,FedEx,30159,6,12718.231786828019,0.0,9864,0.0,12718.231786828019
2.0,FedEx,30161,6,5117.62082484508,0.0,3810,0.0,5117.62082484508
2.0,FedEx,30163,6,7975.018302233126,0.0,6210,0.0,7975.018302233126
2.0,FedEx,30167,6,5034.453120713282,0.0,3775,0.0,5034.453120713282
2.0,FedEx,30419,6,3180.1259661691156,0.0,1709,0.0,3180.1259661691156
2.0,FedEx,30449,6,5070.480072832069,0.0,3703,0.0,5070.480072832069
2.0,FedEx,30453,6,3293.4750889307907,0.0,1516,0.0,3293.4750889307907
2.0,FedEx,30455,6,1946.7438791667537,0.0,612,0.0,1946.7438791667537
2.0,FedEx,30457,6,2044.72202905335,0.0,778,0.0,2044.72202905335
2.0,FedEx,30519,6,4212.967113206203,0.0,2372,0.0,4212.967113206203
2.0,FedEx,30539,6,4152.305372826759,0.0,2429,0.0,4152.305372826759
2.0,FedEx,30559,6,5277.723812006553,0.0,3144,0.0,5277.723812006553
2.0,FedEx,30625,6,3793.496546922467,0.0,2229,0.0,3793.496546922467
2.0,FedEx,30655,6,3433.7185775447538,0.0,2242,0.0,3433.7185775447538
2.0,FedEx,30657,6,4470.593996761694,0.0,3429,0.0,4470.593996761694
2.0,FedEx,30823,6,1961.9849632795315,0.0,878,0.0,1961.9849632795315
2.0,FedEx,30827,6,4096.161855811475,0.0,2757,0.0,4096.161855811475
2.0,FedEx,30853,6,4453.819539562914,0.0,3029,0.0,4453.819539562914
2.0,FedEx,30855,6,11312.376813579114,0.0,9970,0.0,11312.376813579114
2.0,FedEx,30880,6,5741.552839090982,0.0,3498,0.0,5741.552839090982
2.0,FedEx,30890,6,3997.7414623067557,0.0,1281,0.0,3997.7414623067557
2.0,FedEx,30900,5,4241.308357869038,0.11458985597996243,1597,366.0,4607.308357869038
2.0,FedEx,30916,6,5240.3696223713005,0.0,3245,0.0,5240.3696223713005
2.0,FedEx,30926,6,3401.7660373946965,0.0,1266,0.0,3401.7660373946965
2.0,FedEx,30938,6,5545.461756733482,0.0,3131,0.0,5545.461756733482
2.0,FedEx,30952,6,2775.4512231381723,0.0,979,0.0,2775.4512231381723
2.0,FedEx,30966,6,2488.5376856129433,0.0,1063,0.0,2488.5376856129433
2.0,FedEx,30974,6,2391.637007376545,0.0,802,0.0,2391.637007376545
2.0,FedEx,30982,6,2379.2604748942445,0.0,618,0.0,2379.2604748942445
2.0,FedEx,30989,6,2431.4853535221046,0.0,876,0.0,2431.4853535221046
2.0,FedEx,31275,6,5124.1511973038305,0.0,2133,0.0,5124.1511973038305
2.0,FedEx,31303,6,4123.924879749779,0.0,1243,0.0,4123.924879749779
2.0,FedEx,31311,6,2818.577694291381,0.0,675,0.0,2818.577694291381
2.0,FedEx,31319,6,2899.0915841222704,0.0,751,0.0,2899.0915841222704
2.0,FedEx,31515,6,5042.452261301043,0.0,2478,0.0,5042.452261301043
2.0,FedEx,31535,6,6096.402065541078,0.0,2005,0.0,6096.402065541078
2.0,FedEx,31832,4,3854.453595517064,0.2949438202247191,1068,630.0,4484.453595517064
2.0,GLS,30159,6,4642.731630176733,0.0,3332,0.0,4642.731630176733
2.0,GLS,30161,6,2986.081313787293,0.0,1649,0.0,2986.081313787293
2.0,GLS,30163,6,4573.00549257944,0.0,2801,0.0,4573.00549257944
2.0,GLS,30165,6,2405.2247120162715,0.0,1358,0.0,2405.2247120162715
2.0,GLS,30167,6,3599.9610348639785,0.0,2147,0.0,3599.9610348639785
2.0,GLS,30173,6,2467.3206708480106,0.0,1424,0.0,2467.3206708480106
2.0,GLS,30179,6,2030.2594095239801,0.0,1034,0.0,2030.2594095239801
2.0,GLS,30419,6,4965.41823609136,0.0,2617,0.0,4965.41823609136
2.0,GLS,30449,6,3622.3194063359115,0.0,1981,0.0,3622.3194063359115
2.0,GLS,30453,6,3220.8486215837556,0.0,1373,0.0,3220.8486215837556
2.0,GLS,30455,6,2710.1642671316163,0.0,1201,0.0,2710.1642671316163
2.0,GLS,30457,6,2439.5045011125458,0.0,1189,0.0,2439.5045011125458
2.0,GLS,30459,6,1876.236727895414,0.0,1169,0.0,1876.236727895414
2.0,GLS,30519,6,3552.9135868219814,0.0,2084,0.0,3552.9135868219814
2.0,GLS,30539,6,2447.219634346096,0.0,1310,0.0,2447.219634346096
2.0,GLS,30559,6,3755.0680366461006,0.0,2040,0.0,3755.0680366461006
2.0,GLS,30625,6,2210.8683733501316,0.0,1185,0.0,2210.8683733501316
2.0,GLS,30627,6,1794.681684046207,0.0,774,0.0,1794.681684046207
2.0,GLS,30629,6,2094.2697610443015,0.0,1080,0.0,2094.2697610443015
2.0,GLS,30655,6,3084.925174317692,0.0,1383,0.0,3084.925174317692
2.0,GLS,30657,6,2844.2755580556222,0.0,1325,0.0,2844.2755580556222
2.0,GLS,30659,6,2165.5626302364476,0.0,1138,0.0,2165.5626302364476
2.0,GLS,30823,6,3924.3738476586004,0.0,1687,0.0,3924.3738476586004
2.0,GLS,30826,6,4450.709602332494,0.0,1480,0.0,4450.709602332494
2.0,GLS,30827,6,3074.664687517894,0.0,1331,0.0,3074.664687517894
2.0,GLS,30851,6,2097.4205946859483,0.0,1137,0.0,2097.4205946859483
2.0,GLS,30853,6,2190.0844891648285,0.0,1083,0.0,2190.0844891648285
2.0,GLS,30855,6,7965.715090235543,0.0,5111,0.0,7965.715090235543
2.0,GLS,30880,6,4410.166219280911,0.0,2630,0.0,4410.166219280911
2.0,GLS,30890,5,6428.597975569329,0.10683933630109267,2471,528.0,6956.597975569329
2.0,GLS,30900,6,7362.540240615051,0.0,2487,0.0,7362.540240615051
2.0,GLS,30916,6,4763.202136413941,0.0,2276,0.0,4763.202136413941
2.0,GLS,30926,6,5231.578416246413,0.0,2421,0.0,5231.578416246413
2.0,GLS,30938,6,5971.2996390760245,0.0,1873,0.0,5971.2996390760245
2.0,GLS,30952,6,4042.14874679477,0.0,1710,0.0,4042.14874679477
2.0,GLS,30966,6,3507.0096481155524,0.0,1619,0.0,3507.0096481155524
2.0,GLS,30974,6,2912.392838204481,0.0,1120,0.0,2912.392838204481
2.0,GLS,30982,6,2738.200143049824,0.0,1154,0.0,2738.200143049824
2.0,GLS,30989,6,2798.376100761728,0.0,1172,0.0,2798.376100761728
2.0,GLS,31275,6,6976.065105573762,0.0,3227,0.0,6976.065105573762
2.0,GLS,31303,6,5973.506921190097,0.0,2208,0.0,5973.506921190097
2.0,GLS,31311,6,4948.797517087573,0.0,1483,0.0,4948.797517087573
2.0,GLS,31319,6,4180.379543747179,0.0,1985,0.0,4180.379543747179
2.0,GLS,31515,6,8256.921895152971,0.0,3284,0.0,8256.921895152971
2.0,GLS,31535,5,9710.407548842559,0.10536101642392315,3227,680.0,10390.407548842559
2.0,GLS,31832,6,5063.723709467103,0.0,2069,0.0,5063.723709467103
2.0,Hermes,30159,6,5733.224620250021,0.0,4412,0.0,5733.224620250021
2.0,Hermes,30161,6,3199.481172195214,0.0,2187,0.0,3199.481172195214
2.0,Hermes,30163,6,3149.747408424128,0.0,2318,0.0,3149.747408424128
2.0,Hermes,30165,6,3068.6506500487,0.0,1888,0.0,3068.6506500487
2.0,Hermes,30167,6,4191.407588044548,0.0,2918,0.0,4191.407588044548
2.0,Hermes,30173,6,3381.0704854709033,0.0,1982,0.0,3381.0704854709033
2.0,Hermes,30177,6,2890.100281124943,0.0,1604,0.0,2890.100281124943
2.0,Hermes,30179,6,2910.160615852085,0.0,1492,0.0,2910.160615852085
2.0,Hermes,30419,6,5349.858727332469,0.0,3791,0.0,5349.858727332469
2.0,Hermes,30449,6,4242.570999862953,0.0,2752,0.0,4242.570999862953
2.0,Hermes,30453,6,3492.5973865174465,0.0,1923,0.0,3492.5973865174465
2.0,Hermes,30455,6,3483.007050591635,0.0,1769,0.0,3483.007050591635
2.0,Hermes,30457,6,3569.233546071827,0.0,1718,0.0,3569.233546071827
2.0,Hermes,30459,6,3465.6139132677736,0.0,1718,0.0,3465.6139132677736
2.0,Hermes,30519,6,5059.54869015822,0.0,2920,0.0,5059.54869015822
2.0,Hermes,30539,6,3645.27178816927,0.0,1846,0.0,3645.27178816927
2.0,Hermes,30559,6,5354.545180144074,0.0,2928,0.0,5354.545180144074
2.0,Hermes,30625,6,3273.024738869934,0.0,1721,0.0,3273.024738869934
2.0,Hermes,30627,6,1800.235438802243,0.0,1110,0.0,1800.235438802243
2.0,Hermes,30629,6,3350.386872776183,0.0,1544,0.0,3350.386872776183
2.0,Hermes,30655,6,3431.0171455734962,0.0,1982,0.0,3431.0171455734962
2.0,Hermes,30657,6,3111.094528158594,0.0,1834,0.0,3111.094528158594
2.0,Hermes,30659,6,3309.038695730729,0.0,1587,0.0,3309.038695730729
2.0,Hermes,30823,6,3990.3024874652046,0.0,2384,0.0,3990.3024874652046
2.0,Hermes,30826,6,4128.411311124519,0.0,2156,0.0,4128.411311124519
2.0,Hermes,30827,6,3094.2868268624684,0.0,1865,0.0,3094.2868268624684
2.0,Hermes,30851,6,2771.6415924617286,0.0,1650,0.0,2771.6415924617286
2.0,Hermes,30853,6,2517.942276990752,0.0,1477,0.0,2517.942276990752
2.0,Hermes,30855,6,8779.652974651703,0.0,7102,0.0,8779.652974651703
2.0,Hermes,30880,6,6557.610295895224,0.0,3668,0.0,6557.610295895224
2.0,Hermes,30890,6,7809.555367111947,0.0,3618,0.0,7809.555367111947
2.0,Hermes,30900,6,7214.925875920487,0.0,3644,0.0,7214.925875920487
2.0,Hermes,30916,6,5828.192709584215,0.0,3232,0.0,5828.192709584215
2.0,Hermes,30926,6,6011.173799751178,0.0,3537,0.0,6011.173799751178
2.0,Hermes,30938,6,5828.804691204429,0.0,2656,0.0,5828.804691204429
2.0,Hermes,30952,6,4970.456535421607,0.0,2488,0.0,4970.456535421607
2.0,Hermes,30966,6,4366.584680259732,0.0,2313,0.0,4366.584680259732
2.0,Hermes,30974,6,4410.144825608362,0.0,1616,0.0,4410.144825608362
2.0,Hermes,30982,6,4427.074150417707,0.0,1680,0.0,4427.074150417707
2.0,Hermes,30989,6,4157.952995024617,0.0,1681,0.0,4157.952995024617
2.0,Hermes,31275,6,9028.68038608271,0.0,4698,0.0,9028.68038608271
2.0,Hermes,31303,6,7250.99937144573,0.0,3161,0.0,7250.99937144573
2.0,Hermes,31311,5,6344.384104142702,0.10336976320582877,2196,454.0,6798.384104142702
2.0,Hermes,31319,6,7188.758708235467,0.0,2907,0.0,7188.758708235467
2.0,Hermes,31515,6,8767.215399032415,0.0,4758,0.0,8767.215399032415
2.0,Hermes,31535,6,10757.266852596395,0.0,4780,0.0,10757.266852596395
2.0,Hermes,31832,6,8382.154012315681,0.0,3015,0.0,8382.154012315681
2.0,UPS,30159,6,14317.480235229965,0.0,11805,0.0,14317.480235229965
2.0,UPS,30161,6,5890.635111592997,0.0,4726,0.0,5890.635111592997
2.0,UPS,30163,6,6349.944745490952,0.0,5283,0.0,6349.944745490952
2.0,UPS,30165,6,3734.612092283068,0.0,2701,0.0,3734.612092283068
2.0,UPS,30167,6,5814.4595762356885,0.0,4551,0.0,5814.4595762356885
2.0,UPS,30419,6,3394.8772470909635,0.0,2053,0.0,3394.8772470909635
2.0,UPS,30449,6,6674.182899507537,0.0,4685,0.0,6674.182899507537
2.0,UPS,30453,6,3351.1237228460413,0.0,1821,0.0,3351.1237228460413
2.0,UPS,30455,6,1996.1301130016752,0.0,812,0.0,1996.1301130016752
2.0,UPS,30457,6,2082.9256820867663,0.0,1021,0.0,2082.9256820867663
2.0,UPS,30519,6,4973.9315352734,0.0,3064,0.0,4973.9315352734
2.0,UPS,30539,6,4485.850061676111,0.0,2701,0.0,4485.850061676111
2.0,UPS,30559,6,4939.1329806155645,0.0,3087,0.0,4939.1329806155645
2.0,UPS,30625,6,4339.667231631438,0.0,2727,0.0,4339.667231631438
2.0,UPS,30655,6,2094.0257327831955,0.0,1218,0.0,2094.0257327831955
2.0,UPS,30657,6,4716.19795217861,0.0,3745,0.0,4716.19795217861
2.0,UPS,30659,6,3619.59971665554,0.0,2385,0.0,3619.59971665554
2.0,UPS,30823,6,3052.1704739423803,0.0,1337,0.0,3052.1704739423803
2.0,UPS,30826,6,2042.7216152816727,0.0,1105,0.0,2042.7216152816727
2.0,UPS,30827,6,3318.772929682461,0.0,2105,0.0,3318.772929682461
2.0,UPS,30853,6,4528.522142755246,0.0,3668,0.0,4528.522142755246
2.0,UPS,30855,6,12308.304707064348,0.0,11475,0.0,12308.304707064348
2.0,UPS,30880,6,6984.527492927398,0.0,4190,0.0,6984.527492927398
2.0,UPS,30890,6,4599.930410969343,0.0,1795,0.0,4599.930410969343
2.0,UPS,30900,6,5015.522672116011,0.0,2208,0.0,5015.522672116011
2.0,UPS,30916,6,5894.597782277826,0.0,4019,0.0,5894.597782277826
2.0,UPS,30926,6,3979.540646149894,0.0,1634,0.0,3979.540646149894
2.0,UPS,30938,6,5900.509623828604,0.0,3590,0.0,5900.509623828604
2.0,UPS,30952,6,3623.86551862089,0.0,1329,0.0,3623.86551862089
2.0,UPS,30966,6,3458.283671063921,0.0,1386,0.0,3458.283671063921
2.0,UPS,30974,6,2944.0941408457325,0.0,1072,0.0,2944.0941408457325
2.0,UPS,30982,6,3021.3027147961793,0.0,878,0.0,3021.3027147961793
2.0,UPS,30989,6,3076.746244653496,0.0,1191,0.0,3076.746244653496
2.0,UPS,31275,6,6655.257075966285,0.0,2904,0.0,6655.257075966285
2.0,UPS,31303,6,4510.316706152553,0.0,1804,0.0,4510.316706152553
2.0,UPS,31311,5,4086.6406638361004,0.09981167608286252,1062,212.0,4298.6406638361
2.0,UPS,31319,6,3620.0013358882434,0.0,1055,0.0,3620.0013358882434
2.0,UPS,31515,6,6735.40640345356,0.0,3281,0.0,6735.40640345356
2.0,UPS,31535,6,7613.836771350983,0.0,2571,0.0,7613.836771350983
2.0,UPS,31832,6,5105.054625543156,0.0,1605,0.0,5105.054625543156
4.0,Amazon,30159,6,11687.758591886499,0.0,9019,0.0,11687.758591886499
4.0,Amazon,30161,6,6198.076199381901,0.0,4512,0.0,6198.076199381901
4.0,Amazon,30163,6,5887.274416922319,0.0,4469,0.0,5887.274416922319
4.0,Amazon,30165,6,4696.3632925800775,0.0,3574,0.0,4696.3632925800775
4.0,Amazon,30167,6,7124.980941103149,0.0,5730,0.0,7124.980941103149
4.0,Amazon,30173,6,5184.403263125373,0.0,3759,0.0,5184.403263125373
4.0,Amazon,30177,6,4295.3755099319715,0.0,2906,0.0,4295.3755099319715
4.0,Amazon,30179,6,4357.442561887894,0.0,2781,0.0,4357.442561887894
4.0,Amazon,30419,6,8685.332684443236,0.0,6859,0.0,8685.332684443236
4.0,Amazon,30449,6,6930.958642387422,0.0,5275,0.0,6930.958642387422
4.0,Amazon,30453,6,4953.369950665476,0.0,3593,0.0,4953.369950665476
4.0,Amazon,30455,6,4733.969914501729,0.0,3165,0.0,4733.969914501729
4.0,Amazon,30457,6,4861.272760888753,0.0,3134,0.0,4861.272760888753
4.0,Amazon,30459,6,4721.113690320388,0.0,3087,0.0,4721.113690320388
4.0,Amazon,30519,6,7989.408733574742,0.0,5508,0.0,7989.408733574742
4.0,Amazon,30539,6,5232.56483537078,0.0,3516,0.0,5232.56483537078
4.0,Amazon,30559,6,7936.80103693811,0.0,5369,0.0,7936.80103693811
4.0,Amazon,30625,6,4833.5787808117675,0.0,3180,0.0,4833.5787808117675
4.0,Amazon,30627,6,3579.2895236259706,0.0,2090,0.0,3579.2895236259706
4.0,Amazon,30629,6,4483.669440977608,0.0,2757,0.0,4483.669440977608
4.0,Amazon,30655,6,5134.034576870573,0.0,3642,0.0,5134.034576870573
4.0,Amazon,30657,6,5211.641795669652,0.0,3559,0.0,5211.641795669652
4.0,Amazon,30659,6,4808.930135185106,0.0,3002,0.0,4808.930135185106
4.0,Amazon,30823,6,5492.8333908221575,0.0,4370,0.0,5492.8333908221575
4.0,Amazon,30826,6,5309.400426435489,0.0,3852,0.0,5309.400426435489
4.0,Amazon,30827,6,4406.282253025094,0.0,3498,0.0,4406.282253025094
4.0,Amazon,30851,6,4461.2266132019995,0.0,3032,0.0,4461.2266132019995
4.0,Amazon,30853,6,4295.473522234693,0.0,2911,0.0,4295.473522234693
4.0,Amazon,30855,6,16425.713131956443,0.0,13592,0.0,16425.713131956443
4.0,Amazon,30880,6,10836.49486333059,0.0,6971,0.0,10836.49486333059
4.0,Amazon,30890,6,9949.99293278101,0.0,6502,0.0,9949.99293278101
4.0,Amazon,30900,6,11733.296749095527,0.0,6667,0.0,11733.296749095527
4.0,Amazon,30916,6,9943.63733060065,0.0,6164,0.0,9943.63733060065
4.0,Amazon,30926,6,8780.42111083368,0.0,6338,0.0,8780.42111083368
4.0,Amazon,30938,6,8932.3523870359,0.0,5072,0.0,8932.3523870359
4.0,Amazon,30952,6,6792.522249966714,0.0,4476,0.0,6792.522249966714
4.0,Amazon,30966,6,6753.487289755222,0.0,4221,0.0,6753.487289755222
4.0,Amazon,30974,6,5185.498167842292,0.0,2971,0.0,5185.498167842292
4.0,Amazon,30982,6,5545.048582884666,0.0,3044,0.0,5545.048582884666
4.0,Amazon,30989,6,5239.8327189564525,0.0,3112,0.0,5239.8327189564525
4.0,Amazon,31275,6,14011.694458512184,0.0,8588,0.0,14011.694458512184
4.0,Amazon,31303,6,10292.592352807045,0.0,5793,0.0,10292.592352807045
4.0,Amazon,31311,6,8647.386430120578,0.0,3965,0.0,8647.386430120578
4.0,Amazon,31319,6,9006.598190484336,0.0,5228,0.0,9006.598190484336
4.0,Amazon,31515,6,12109.355310297444,0.0,8733,0.0,12109.355310297444
4.0,Amazon,31535,6,14649.713985934406,0.0,8625,0.0,14649.713985934406
4.0,Amazon,31832,6,10630.27600706838,0.0,5466,0.0,10630.27600706838
4.0,DHL,30159,6,21425.132453693925,0.0,23058,0.0,21425.132453693925
4.0,DHL,30161,6,10896.842490106472,0.0,11554,0.0,10896.842490106472
4.0,DHL,30163,6,9949.803363797471,0.0,10484,0.0,9949.803363797471
4.0,DHL,30165,6,8802.876567972335,0.0,8599,0.0,8802.876567972335
4.0,DHL,30167,6,13153.912834635783,0.0,13892,0.0,13153.912834635783
4.0,DHL,30169,6,5443.510365830029,0.0,5294,0.0,5443.510365830029
4.0,DHL,30173,6,9027.275959686367,0.0,8547,0.0,9027.275959686367
4.0,DHL,30177,6,6801.611388745387,0.0,6260,0.0,6801.611388745387
4.0,DHL,30179,6,7025.737693154014,0.0,6322,0.0,7025.737693154014
4.0,DHL,30419,6,15488.762582133773,0.0,14775,0.0,15488.762582133773
4.0,DHL,30449,6,7469.2241491514915,0.0,7431,0.0,7469.2241491514915
4.0,DHL,30453,6,8951.952033907073,0.0,8150,0.0,8951.952033907073
4.0,DHL,30455,6,7533.4371442876145,0.0,6748,0.0,7533.4371442876145
4.0,DHL,30457,6,7270.894456096109,0.0,6736,0.0,7270.894456096109
4.0,DHL,30459,6,6651.002162382179,0.0,6561,0.0,6651.002162382179
4.0,DHL,30519,6,13272.168787294228,0.0,12645,0.0,13272.168787294228
4.0,DHL,30539,6,9349.501232628127,0.0,8372,0.0,9349.501232628127
4.0,DHL,30559,6,12373.65925832722,0.0,12320,0.0,12373.65925832722
4.0,DHL,30625,6,8096.802842174482,0.0,7084,0.0,8096.802842174482
4.0,DHL,30627,6,5606.363090833329,0.0,4809,0.0,5606.363090833329
4.0,DHL,30629,6,6766.974846046077,0.0,5907,0.0,6766.974846046077
4.0,DHL,30655,6,8869.786833512764,0.0,7945,0.0,8869.786833512764
4.0,DHL,30657,6,9992.167827012736,0.0,9056,0.0,9992.167827012736
4.0,DHL,30659,6,7898.329610710899,0.0,6829,0.0,7898.329610710899
4.0,DHL,30823,6,10208.877886178407,0.0,9437,0.0,10208.877886178407
4.0,DHL,30826,6,9412.56972551855,0.0,8281,0.0,9412.56972551855
4.0,DHL,30827,6,8625.617953447312,0.0,8048,0.0,8625.617953447312
4.0,DHL,30851,6,7140.564548697186,0.0,6654,0.0,7140.564548697186
4.0,DHL,30853,6,7954.150022203881,0.0,7164,0.0,7954.150022203881
4.0,DHL,30855,6,32552.34432866005,0.0,32854,0.0,32552.34432866005
4.0,DHL,30880,6,18007.36898635567,0.0,16161,0.0,18007.36898635567
4.0,DHL,30890,6,15947.754646399117,0.0,13989,0.0,15947.754646399117
4.0,DHL,30900,6,18229.388928763692,0.0,14609,0.0,18229.388928763692
4.0,DHL,30916,6,17734.269551035948,0.0,14499,0.0,17734.269551035948
4.0,DHL,30926,6,14434.82758928225,0.0,13519,0.0,14434.82758928225
4.0,DHL,30938,6,14554.779241554967,0.0,12030,0.0,14554.779241554967
4.0,DHL,30952,6,11365.430112451975,0.0,9709,0.0,11365.430112451975
4.0,DHL,30966,6,10624.352717702506,0.0,9182,0.0,10624.352717702506
4.0,DHL,30974,6,7703.025014293544,0.0,6515,0.0,7703.025014293544
4.0,DHL,30982,6,8234.46117714012,0.0,6551,0.0,8234.46117714012
4.0,DHL,30989,6,8649.900505408892,0.0,6841,0.0,8649.900505408892
4.0,DHL,31275,6,20741.197757085225,0.0,18743,0.0,20741.197757085225
4.0,DHL,31303,6,13739.115623819012,0.0,12605,0.0,13739.115623819012
4.0,DHL,31311,6,10648.959166588764,0.0,8577,0.0,10648.959166588764
4.0,DHL,31319,6,12210.553941257438,0.0,10967,0.0,12210.553941257438
4.0,DHL,31515,6,20814.204304395767,0.0,19286,0.0,20814.204304395767
4.0,DHL,31535,6,21637.256139647427,0.0,18533,0.0,21637.256139647427
4.0,DHL,31832,6,14443.460212265947,0.0,11902,0.0,14443.460212265947
4.0,DPD,30159,6,6745.43642982665,0.0,4783,0.0,6745.43642982665
4.0,DPD,30161,6,3572.3066172774998,0.0,2359,0.0,3572.3066172774998
4.0,DPD,30163,6,3334.016654677259,0.0,2106,0.0,3334.016654677259
4.0,DPD,30165,6,3220.920457383544,0.0,1757,0.0,3220.920457383544
4.0,DPD,30167,6,4575.293145375498,0.0,2824,0.0,4575.293145375498
4.0,DPD,30173,6,3028.2905288174024,0.0,1708,0.0,3028.2905288174024
4.0,DPD,30177,6,2209.9404705919,0.0,1250,0.0,2209.9404705919
4.0,DPD,30179,6,2456.3548464568607,0.0,1256,0.0,2456.3548464568607
4.0,DPD,30419,6,5265.1161318874765,0.0,2858,0.0,5265.1161318874765
4.0,DPD,30449,6,4228.42693330016,0.0,2554,0.0,4228.42693330016
4.0,DPD,30453,6,3642.2344276936155,0.0,1619,0.0,3642.2344276936155
4.0,DPD,30455,6,3096.4884420991384,0.0,1318,0.0,3096.4884420991384
4.0,DPD,30457,6,3033.5474025044095,0.0,1335,0.0,3033.5474025044095
4.0,DPD,30459,6,2600.91439635438,0.0,1284,0.0,2600.91439635438
4.0,DPD,30519,6,4320.607386569162,0.0,2540,0.0,4320.607386569162
4.0,DPD,30539,6,3413.7063659864443,0.0,1695,0.0,3413.7063659864443
4.0,DPD,30559,6,3962.3984605122114,0.0,2467,0.0,3962.3984605122114
4.0,DPD,30625,6,2850.320934681696,0.0,1405,0.0,2850.320934681696
4.0,DPD,30627,6,1702.8075328692416,0.0,971,0.0,1702.8075328692416
4.0,DPD,30629,6,2022.2450338148715,0.0,1173,0.0,2022.2450338148715
4.0,DPD,30655,6,2962.2877870695056,0.0,1537,0.0,2962.2877870695056
4.0,DPD,30657,6,3491.1799180397643,0.0,1866,0.0,3491.1799180397643
4.0,DPD,30659,6,2618.465789423123,0.0,1368,0.0,2618.465789423123
4.0,DPD,30823,6,3865.0840833133775,0.0,1867,0.0,3865.0840833133775
4.0,DPD,30826,6,4450.281781439314,0.0,1639,0.0,4450.281781439314
4.0,DPD,30827,6,3608.8593533036596,0.0,1601,0.0,3608.8593533036596
4.0,DPD,30851,6,2478.115916251141,0.0,1281,0.0,2478.115916251141
4.0,DPD,30853,6,3139.9824024159293,0.0,1470,0.0,3139.9824024159293
4.0,DPD,30855,6,9902.157549572998,0.0,6668,0.0,9902.157549572998
4.0,DPD,30880,6,5724.1369426636065,0.0,3235,0.0,5724.1369426636065
4.0,DPD,30890,6,7366.859287260241,0.0,2726,0.0,7366.859287260241
4.0,DPD,30900,6,7907.913020603282,0.0,2839,0.0,7907.913020603282
4.0,DPD,30916,6,5461.8560724360295,0.0,2914,0.0,5461.8560724360295
4.0,DPD,30926,6,6554.51545291052,0.0,2637,0.0,6554.51545291052
4.0,DPD,30938,6,5375.687534132779,0.0,2412,0.0,5375.687534132779
4.0,DPD,30952,6,4561.479157316165,0.0,1895,0.0,4561.479157316165
4.0,DPD,30966,6,4113.820061245529,0.0,1807,0.0,4113.820061245529
4.0,DPD,30974,6,3896.9038698685263,0.0,1280,0.0,3896.9038698685263
4.0,DPD,30982,6,3830.721528900909,0.0,1278,0.0,3830.721528900909
4.0,DPD,30989,6,3946.0731716166256,0.0,1356,0.0,3946.0731716166256
4.0,DPD,31275,6,6769.754123240408,0.0,3643,0.0,6769.754123240408
4.0,DPD,31303,6,5382.263541335347,0.0,2491,0.0,5382.263541335347
4.0,DPD,31311,6,5057.5443785598,0.0,1650,0.0,5057.5443785598
4.0,DPD,31319,6,4322.920564726374,0.0,2115,0.0,4322.920564726374
4.0,DPD,31515,6,8514.010022868573,0.0,3812,0.0,8514.010022868573
4.0,DPD,31535,6,10445.230487214772,0.0,3582,0.0,10445.230487214772
4.0,DPD,31832,6,6946.620478408022,0.0,2309,0.0,6946.620478408022
4.0,FedEx,30159,6,12718.231786828019,0.0,9864,0.0,12718.231786828019
4.0,FedEx,30161,6,5117.62082484508,0.0,3810,0.0,5117.62082484508
4.0,FedEx,30163,6,7975.018302233126,0.0,6210,0.0,7975.018302233126
4.0,FedEx,30167,6,5034.453120713282,0.0,3775,0.0,5034.453120713282
4.0,FedEx,30419,6,3180.1259661691156,0.0,1709,0.0,3180.1259661691156
4.0,FedEx,30449,6,5070.480072832069,0.0,3703,0.0,5070.480072832069
4.0,FedEx,30453,6,3293.4750889307907,0.0,1516,0.0,3293.4750889307907
4.0,FedEx,30455,6,1946.7438791667537,0.0,612,0.0,1946.7438791667537
4.0,FedEx,30457,6,2044.72202905335,0.0,778,0.0,2044.72202905335
4.0,FedEx,30519,6,4212.967113206203,0.0,2372,0.0,4212.967113206203
4.0,FedEx,30539,6,4152.305372826759,0.0,2429,0.0,4152.305372826759
4.0,FedEx,30559,6,5277.723812006553,0.0,3144,0.0,5277.723812006553
4.0,FedEx,30625,6,3793.496546922467,0.0,2229,0.0,3793.496546922467
4.0,FedEx,30655,6,3433.7185775447538,0.0,2242,0.0,3433.7185775447538
4.0,FedEx,30657,6,4470.593996761694,0.0,3429,0.0,4470.593996761694
4.0,FedEx,30823,6,1961.9849632795315,0.0,878,0.0,1961.9849632795315
4.0,FedEx,30827,6,4096.161855811475,0.0,2757,0.0,4096.161855811475
4.0,FedEx,30853,6,4453.819539562914,0.0,3029,0.0,4453.819539562914
4.0,FedEx,30855,6,11312.376813579114,0.0,9970,0.0,11312.376813579114
4.0,FedEx,30880,6,5741.552839090982,0.0,3498,0.0,5741.552839090982
4.0,FedEx,30890,6,3997.7414623067557,0.0,1281,0.0,3997.7414623067557
4.0,FedEx,30900,6,4635.623792045639,0.0,1597,0.0,4635.623792045639
4.0,FedEx,30916,6,5240.3696223713005,0.0,3245,0.0,5240.3696223713005
4.0,FedEx,30926,6,3401.7660373946965,0.0,1266,0.0,3401.7660373946965
4.0,FedEx,30938,6,5545.461756733482,0.0,3131,0.0,5545.461756733482
4.0,FedEx,30952,6,2775.4512231381723,0.0,979,0.0,2775.4512231381723
4.0,FedEx,30966,6,2488.5376856129433,0.0,1063,0.0,2488.5376856129433
4.0,FedEx,30974,6,2391.637007376545,0.0,802,0.0,2391.637007376545
4.0,FedEx,30982,6,2379.2604748942445,0.0,618,0.0,2379.2604748942445
4.0,FedEx,30989,6,2431.4853535221046,0.0,876,0.0,2431.4853535221046
4.0,FedEx,31275,6,5124.1511973038305,0.0,2133,0.0,5124.1511973038305
4.0,FedEx,31303,6,4123.924879749779,0.0,1243,0.0,4123.924879749779
4.0,FedEx,31311,6,2818.577694291381,0.0,675,0.0,2818.577694291381
4.0,FedEx,31319,6,2899.0915841222704,0.0,751,0.0,2899.0915841222704
4.0,FedEx,31515,6,5042.452261301043,0.0,2478,0.0,5042.452261301043
4.0,FedEx,31535,6,6096.402065541078,0.0,2005,0.0,6096.402065541078
4.0,FedEx,31832,6,4579.1852282655655,0.0,1068,0.0,4579.1852282655655
4.0,GLS,30159,6,4642.731630176733,0.0,3332,0.0,4642.731630176733
4.0,GLS,30161,6,2986.081313787293,0.0,1649,0.0,2986.081313787293
4.0,GLS,30163,6,4573.00549257944,0.0,2801,0.0,4573.00549257944
4.0,GLS,30165,6,2405.2247120162715,0.0,1358,0.0,2405.2247120162715
4.0,GLS,30167,6,3599.9610348639785,0.0,2147,0.0,3599.9610348639785
4.0,GLS,30173,6,2467.3206708480106,0.0,1424,0.0,2467.3206708480106
4.0,GLS,30179,6,2030.2594095239801,0.0,1034,0.0,2030.2594095239801
4.0,GLS,30419,6,4965.41823609136,0.0,2617,0.0,4965.41823609136
4.0,GLS,30449,6,3622.3194063359115,0.0,1981,0.0,3622.3194063359115
4.0,GLS,30453,6,3220.8486215837556,0.0,1373,0.0,3220.8486215837556
4.0,GLS,30455,6,2710.1642671316163,0.0,1201,0.0,2710.1642671316163
4.0,GLS,30457,6,2439.5045011125458,0.0,1189,0.0,2439.5045011125458
4.0,GLS,30459,6,1876.236727895414,0.0,1169,0.0,1876.236727895414
4.0,GLS,30519,6,3552.9135868219814,0.0,2084,0.0,3552.9135868219814
4.0,GLS,30539,6,2447.219634346096,0.0,1310,0.0,2447.219634346096
4.0,GLS,30559,6,3755.0680366461006,0.0,2040,0.0,3755.0680366461006
4.0,GLS,30625,6,2210.8683733501316,0.0,1185,0.0,2210.8683733501316
4.0,GLS,30627,6,1794.681684046207,0.0,774,0.0,1794.681684046207
4.0,GLS,30629,6,2094.2697610443015,0.0,1080,0.0,2094.2697610443015
4.0,GLS,30655,6,3084.925174317692,0.0,1383,0.0,3084.925174317692
4.0,GLS,30657,6,2844.2755580556222,0.0,1325,0.0,2844.2755580556222
4.0,GLS,30659,6,2165.5626302364476,0.0,1138,0.0,2165.5626302364476
4.0,GLS,30823,6,3924.3738476586004,0.0,1687,0.0,3924.3738476586004
4.0,GLS,30826,6,4450.709602332494,0.0,1480,0.0,4450.709602332494
4.0,GLS,30827,6,3074.664687517894,0.0,1331,0.0,3074.664687517894
4.0,GLS,30851,6,2097.4205946859483,0.0,1137,0.0,2097.4205946859483
4.0,GLS,30853,6,2190.0844891648285,0.0,1083,0.0,2190.0844891648285
4.0,GLS,30855,6,7965.715090235543,0.0,5111,0.0,7965.715090235543
4.0,GLS,30880,6,4410.166219280911,0.0,2630,0.0,4410.166219280911
4.0,GLS,30890,6,6973.735884763185,0.0,2471,0.0,6973.735884763185
4.0,GLS,30900,6,7362.540240615051,0.0,2487,0.0,7362.540240615051
4.0,GLS,30916,6,4763.202136413941,0.0,2276,0.0,4763.202136413941
4.0,GLS,30926,6,5231.578416246413,0.0,2421,0.0,5231.578416246413
4.0,GLS,30938,6,5971.2996390760245,0.0,1873,0.0,5971.2996390760245
4.0,GLS,30952,6,4042.14874679477,0.0,1710,0.0,4042.14874679477
4.0,GLS,30966,6,3507.0096481155524,0.0,1619,0.0,3507.0096481155524
4.0,GLS,30974,6,2912.392838204481,0.0,1120,0.0,2912.392838204481
4.0,GLS,30982,6,2738.200143049824,0.0,1154,0.0,2738.200143049824
4.0,GLS,30989,6,2798.376100761728,0.0,1172,0.0,2798.376100761728
4.0,GLS,31275,6,6976.065105573762,0.0,3227,0.0,6976.065105573762
4.0,GLS,31303,6,5973.506921190097,0.0,2208,0.0,5973.506921190097
4.0,GLS,31311,6,4948.797517087573,0.0,1483,0.0,4948.797517087573
4.0,GLS,31319,6,4180.379543747179,0.0,1985,0.0,4180.379543747179
4.0,GLS,31515,6,8256.921895152971,0.0,3284,0.0,8256.921895152971
4.0,GLS,31535,6,10499.401507100236,0.0,3227,0.0,10499.401507100236
4.0,GLS,31832,6,5063.723709467103,0.0,2069,0.0,5063.723709467103
4.0,Hermes,30159,6,5733.224620250021,0.0,4412,0.0,5733.224620250021
4.0,Hermes,30161,6,3199.481172195214,0.0,2187,0.0,3199.481172195214
4.0,Hermes,30163,6,3149.747408424128,0.0,2318,0.0,3149.747408424128
4.0,Hermes,30165,6,3068.6506500487,0.0,1888,0.0,3068.6506500487
4.0,Hermes,30167,6,4191.407588044548,0.0,2918,0.0,4191.407588044548
4.0,Hermes,30173,6,3381.0704854709033,0.0,1982,0.0,3381.0704854709033
4.0,Hermes,30177,6,2890.100281124943,0.0,1604,0.0,2890.100281124943
4.0,Hermes,30179,6,2910.160615852085,0.0,1492,0.0,2910.160615852085
4.0,Hermes,30419,6,5349.858727332469,0.0,3791,0.0,5349.858727332469
4.0,Hermes,30449,6,4242.570999862953,0.0,2752,0.0,4242.570999862953
4.0,Hermes,30453,6,3492.5973865174465,0.0,1923,0.0,3492.5973865174465
4.0,Hermes,30455,6,3483.007050591635,0.0,1769,0.0,3483.007050591635
4.0,Hermes,30457,6,3569.233546071827,0.0,1718,0.0,3569.233546071827
4.0,Hermes,30459,6,3465.6139132677736,0.0,1718,0.0,3465.6139132677736
4.0,Hermes,30519,6,5059.54869015822,0.0,2920,0.0,5059.54869015822
4.0,Hermes,30539,6,3645.27178816927,0.0,1846,0.0,3645.27178816927
4.0,Hermes,30559,6,5354.545180144074,0.0,2928,0.0,5354.545180144074
4.0,Hermes,30625,6,3273.024738869934,0.0,1721,0.0,3273.024738869934
4.0,Hermes,30627,6,1800.235438802243,0.0,1110,0.0,1800.235438802243
4.0,Hermes,30629,6,3350.386872776183,0.0,1544,0.0,3350.386872776183
4.0,Hermes,30655,6,3431.0171455734962,0.0,1982,0.0,3431.0171455734962
4.0,Hermes,30657,6,3111.094528158594,0.0,1834,0.0,3111.094528158594
4.0,Hermes,30659,6,3309.038695730729,0.0,1587,0.0,3309.038695730729
4.0,Hermes,30823,6,3990.3024874652046,0.0,2384,0.0,3990.3024874652046
4.0,Hermes,30826,6,4128.411311124519,0.0,2156,0.0,4128.411311124519
4.0,Hermes,30827,6,3094.2868268624684,0.0,1865,0.0,3094.2868268624684
4.0,Hermes,30851,6,2771.6415924617286,0.0,1650,0.0,2771.6415924617286
4.0,Hermes,30853,6,2517.942276990752,0.0,1477,0.0,2517.942276990752
4.0,Hermes,30855,6,8779.652974651703,0.0,7102,0.0,8779.652974651703
4.0,Hermes,30880,6,6557.610295895224,0.0,3668,0.0,6557.610295895224
4.0,Hermes,30890,6,7809.555367111947,0.0,3618,0.0,7809.555367111947
4.0,Hermes,30900,6,7214.925875920487,0.0,3644,0.0,7214.925875920487
4.0,Hermes,30916,6,5828.192709584215,0.0,3232,0.0,5828.192709584215
4.0,Hermes,30926,6,6011.173799751178,0.0,3537,0.0,6011.173799751178
4.0,Hermes,30938,6,5828.804691204429,0.0,2656,0.0,5828.804691204429
4.0,Hermes,30952,6,4970.456535421607,0.0,2488,0.0,4970.456535421607
4.0,Hermes,30966,6,4366.584680259732,0.0,2313,0.0,4366.584680259732
4.0,Hermes,30974,6,4410.144825608362,0.0,1616,0.0,4410.144825608362
4.0,Hermes,30982,6,4427.074150417707,0.0,1680,0.0,4427.074150417707
4.0,Hermes,30989,6,4157.952995024617,0.0,1681,0.0,4157.952995024617
4.0,Hermes,31275,6,9028.68038608271,0.0,4698,0.0,9028.68038608271
4.0,Hermes,31303,6,7250.99937144573,0.0,3161,0.0,7250.99937144573
4.0,Hermes,31311,6,6890.503183739214,0.0,2196,0.0,6890.503183739214
4.0,Hermes,31319,6,7188.758708235467,0.0,2907,0.0,7188.758708235467
4.0,Hermes,31515,6,8767.215399032415,0.0,4758,0.0,8767.215399032415
4.0,Hermes,31535,6,10757.266852596395,0.0,4780,0.0,10757.266852596395
4.0,Hermes,31832,6,8382.154012315681,0.0,3015,0.0,8382.154012315681
4.0,UPS,30159,6,14317.480235229965,0.0,11805,0.0,14317.480235229965
4.0,UPS,30161,6,5890.635111592997,0.0,4726,0.0,5890.635111592997
4.0,UPS,30163,6,6349.944745490952,0.0,5283,0.0,6349.944745490952
4.0,UPS,30165,6,3734.612092283068,0.0,2701,0.0,3734.612092283068
4.0,UPS,30167,6,5814.4595762356885,0.0,4551,0.0,5814.4595762356885
4.0,UPS,30419,6,3394.8772470909635,0.0,2053,0.0,3394.8772470909635
4.0,UPS,30449,6,6674.182899507537,0.0,4685,0.0,6674.182899507537
4.0,UPS,30453,6,3351.1237228460413,0.0,1821,0.0,3351.1237228460413
4.0,UPS,30455,6,1996.1301130016752,0.0,812,0.0,1996.1301130016752
4.0,UPS,30457,6,2082.9256820867663,0.0,1021,0.0,2082.9256820867663
4.0,UPS,30519,6,4973.9315352734,0.0,3064,0.0,4973.9315352734
4.0,UPS,30539,6,4485.850061676111,0.0,2701,0.0,4485.850061676111
4.0,UPS,30559,6,4939.1329806155645,0.0,3087,0.0,4939.1329806155645
4.0,UPS,30625,6,4339.667231631438,0.0,2727,0.0,4339.667231631438
4.0,UPS,30655,6,2094.0257327831955,0.0,1218,0.0,2094.0257327831955
4.0,UPS,30657,6,4716.19795217861,0.0,3745,0.0,4716.19795217861
4.0,UPS,30659,6,3619.59971665554,0.0,2385,0.0,3619.59971665554
4.0,UPS,30823,6,3052.1704739423803,0.0,1337,0.0,3052.1704739423803
4.0,UPS,30826,6,2042.7216152816727,0.0,1105,0.0,2042.7216152816727
4.0,UPS,30827,6,3318.772929682461,0.0,2105,0.0,3318.772929682461
4.0,UPS,30853,6,4528.522142755246,0.0,3668,0.0,4528.522142755246
4.0,UPS,30855,6,12308.304707064348,0.0,11475,0.0,12308.304707064348
4.0,UPS,30880,6,6984.527492927398,0.0,4190,0.0,6984.527492927398
4.0,UPS,30890,6,4599.930410969343,0.0,1795,0.0,4599.930410969343
4.0,UPS,30900,6,5015.522672116011,0.0,2208,0.0,5015.522672116011
4.0,UPS,30916,6,5894.597782277826,0.0,4019,0.0,5894.597782277826
4.0,UPS,30926,6,3979.540646149894,0.0,1634,0.0,3979.540646149894
4.0,UPS,30938,6,5900.509623828604,0.0,3590,0.0,5900.509623828604
4.0,UPS,30952,6,3623.86551862089,0.0,1329,0.0,3623.86551862089
4.0,UPS,30966,6,3458.283671063921,0.0,1386,0.0,3458.283671063921
4.0,UPS,30974,6,2944.0941408457325,0.0,1072,0.0,2944.0941408457325
4.0,UPS,30982,6,3021.3027147961793,0.0,878,0.0,3021.3027147961793
4.0,UPS,30989,6,3076.746244653496,0.0,1191,0.0,3076.746244653496
4.0,UPS,31275,6,6655.257075966285,0.0,2904,0.0,6655.257075966285
4.0,UPS,31303,6,4510.316706152553,0.0,1804,0.0,4510.316706152553
4.0,UPS,31311,6,4373.121879073002,0.0,1062,0.0,4373.121879073002
4.0,UPS,31319,6,3620.0013358882434,0.0,1055,0.0,3620.0013358882434
4.0,UPS,31515,6,6735.40640345356,0.0,3281,0.0,6735.40640345356
4.0,UPS,31535,6,7613.836771350983,0.0,2571,0.0,7613.836771350983
4.0,UPS,31832,6,5105.054625543156,0.0,1605,0.0,5105.054625543156
